patch_id,community,community_short,n_cells,area_ha,veg_p05_temporal_mean,veg_p05_within_sd,mean_share_cells_wet,n_years_ge30_valid,meets_support_rule,meets_bare_33_cells,meets_500_cells,size_matched,veg_p05_spatial_mean_over_years,mean_share_cells_wet_armB,n_years_fitted,within_patch_slope,within_patch_r,within_patch_resid_ac1,within_patch_fitted,descriptive_offset_pp,offset_note,residual_vs_registered_115part_line,residual_vs_registered_64paddock_line,n_components,n_components_note,metric_note,descriptive_offset_note,registered_lines_note,unit_construction,selection_rule,support_level,period_label,land_use_label,pixel_constant_ha
U0001,Aeolian Chenopod Shrublands,aeolian,36,2.2446514223705667,51.51393,4.745965,3.968254,35,1,1,0,0,70.06484718322754,3.9682539682539684,35.0,0.2455129672547437,0.3849416891813721,0.436256426761832,1.0,,,15.195929884984793,15.23795286576722,1,"1 by construction: a patch is defined as a single 8-connected component, unlike a real part which may be several","veg_p05_spatial_mean_over_years and veg_p05_temporal_mean are DIFFERENT METRICS and are never co-plotted, differenced or captioned with one word. Arm B uses the first, Arm A the second.",offset is against Arm A's zoned DISPLAY SMOOTHER on the temporal metric: not a residual and not a test. NA where the patch is outside the zoned water range.,"115-part: 52.697196 + 0.547274 x mean water; 64-paddock: 52.652934 + 0.547838 x mean water. Both APPLIED, neither refitted.","8-connected component within one vegetation community, outside every management zone","meets_support_rule = >=25 water years with >=30 valid cells; meets_500_cells = the PARTSCATTER floor used by Arm A; meets_bare_33_cells = v1's threshold, for contrast; size_matched = inside this community's real-part IQR",pixel,1988-2022 (35 water years),unzoned standard-grazing country,0.06235142839918241
U0002,Aeolian Chenopod Shrublands,aeolian,18,1.1223257111852831,31.105556,3.7873573,2.5396826,0,0,0,0,0,,,,,,,,,,,,1,"1 by construction: a patch is defined as a single 8-connected component, unlike a real part which may be several","veg_p05_spatial_mean_over_years and veg_p05_temporal_mean are DIFFERENT METRICS and are never co-plotted, differenced or captioned with one word. Arm B uses the first, Arm A the second.",offset is against Arm A's zoned DISPLAY SMOOTHER on the temporal metric: not a residual and not a test. NA where the patch is outside the zoned water range.,"115-part: 52.697196 + 0.547274 x mean water; 64-paddock: 52.652934 + 0.547838 x mean water. Both APPLIED, neither refitted.","8-connected component within one vegetation community, outside every management zone","meets_support_rule = >=25 water years with >=30 valid cells; meets_500_cells = the PARTSCATTER floor used by Arm A; meets_bare_33_cells = v1's threshold, for contrast; size_matched = inside this community's real-part IQR",pixel,1988-2022 (35 water years),unzoned standard-grazing country,0.06235142839918241
U0003,Aeolian Chenopod Shrublands,aeolian,1,0.0623514283991824,41.32436,,8.571428,0,0,0,0,0,,,,,,,,,,,,1,"1 by construction: a patch is defined as a single 8-connected component, unlike a real part which may be several","veg_p05_spatial_mean_over_years and veg_p05_temporal_mean are DIFFERENT METRICS and are never co-plotted, differenced or captioned with one word. Arm B uses the first, Arm A the second.",offset is against Arm A's zoned DISPLAY SMOOTHER on the temporal metric: not a residual and not a test. NA where the patch is outside the zoned water range.,"115-part: 52.697196 + 0.547274 x mean water; 64-paddock: 52.652934 + 0.547838 x mean water. Both APPLIED, neither refitted.","8-connected component within one vegetation community, outside every management zone","meets_support_rule = >=25 water years with >=30 valid cells; meets_500_cells = the PARTSCATTER floor used by Arm A; meets_bare_33_cells = v1's threshold, for contrast; size_matched = inside this community's real-part IQR",pixel,1988-2022 (35 water years),unzoned standard-grazing country,0.06235142839918241
U0004,Aeolian Chenopod Shrublands,aeolian,2,0.1247028567983648,33.234093,0.57021654,2.857143,0,0,0,0,0,,,,,,,,,,,,1,"1 by construction: a patch is defined as a single 8-connected component, unlike a real part which may be several","veg_p05_spatial_mean_over_years and veg_p05_temporal_mean are DIFFERENT METRICS and are never co-plotted, differenced or captioned with one word. Arm B uses the first, Arm A the second.",offset is against Arm A's zoned DISPLAY SMOOTHER on the temporal metric: not a residual and not a test. NA where the patch is outside the zoned water range.,"115-part: 52.697196 + 0.547274 x mean water; 64-paddock: 52.652934 + 0.547838 x mean water. Both APPLIED, neither refitted.","8-connected component within one vegetation community, outside every management zone","meets_support_rule = >=25 water years with >=30 valid cells; meets_500_cells = the PARTSCATTER floor used by Arm A; meets_bare_33_cells = v1's threshold, for contrast; size_matched = inside this community's real-part IQR",pixel,1988-2022 (35 water years),unzoned standard-grazing country,0.06235142839918241
U0005,Aeolian Chenopod Shrublands,aeolian,2,0.1247028567983648,31.67749,1.198744,2.857143,0,0,0,0,0,,,,,,,,,,,,1,"1 by construction: a patch is defined as a single 8-connected component, unlike a real part which may be several","veg_p05_spatial_mean_over_years and veg_p05_temporal_mean are DIFFERENT METRICS and are never co-plotted, differenced or captioned with one word. Arm B uses the first, Arm A the second.",offset is against Arm A's zoned DISPLAY SMOOTHER on the temporal metric: not a residual and not a test. NA where the patch is outside the zoned water range.,"115-part: 52.697196 + 0.547274 x mean water; 64-paddock: 52.652934 + 0.547838 x mean water. Both APPLIED, neither refitted.","8-connected component within one vegetation community, outside every management zone","meets_support_rule = >=25 water years with >=30 valid cells; meets_500_cells = the PARTSCATTER floor used by Arm A; meets_bare_33_cells = v1's threshold, for contrast; size_matched = inside this community's real-part IQR",pixel,1988-2022 (35 water years),unzoned standard-grazing country,0.06235142839918241
U0006,Aeolian Chenopod Shrublands,aeolian,2,0.1247028567983648,33.32166,0.8826966,2.857143,0,0,0,0,0,,,,,,,,,,,,1,"1 by construction: a patch is defined as a single 8-connected component, unlike a real part which may be several","veg_p05_spatial_mean_over_years and veg_p05_temporal_mean are DIFFERENT METRICS and are never co-plotted, differenced or captioned with one word. Arm B uses the first, Arm A the second.",offset is against Arm A's zoned DISPLAY SMOOTHER on the temporal metric: not a residual and not a test. NA where the patch is outside the zoned water range.,"115-part: 52.697196 + 0.547274 x mean water; 64-paddock: 52.652934 + 0.547838 x mean water. Both APPLIED, neither refitted.","8-connected component within one vegetation community, outside every management zone","meets_support_rule = >=25 water years with >=30 valid cells; meets_500_cells = the PARTSCATTER floor used by Arm A; meets_bare_33_cells = v1's threshold, for contrast; size_matched = inside this community's real-part IQR",pixel,1988-2022 (35 water years),unzoned standard-grazing country,0.06235142839918241
U0007,Aeolian Chenopod Shrublands,aeolian,1,0.0623514283991824,33.572517,,2.857143,0,0,0,0,0,,,,,,,,,,,,1,"1 by construction: a patch is defined as a single 8-connected component, unlike a real part which may be several","veg_p05_spatial_mean_over_years and veg_p05_temporal_mean are DIFFERENT METRICS and are never co-plotted, differenced or captioned with one word. Arm B uses the first, Arm A the second.",offset is against Arm A's zoned DISPLAY SMOOTHER on the temporal metric: not a residual and not a test. NA where the patch is outside the zoned water range.,"115-part: 52.697196 + 0.547274 x mean water; 64-paddock: 52.652934 + 0.547838 x mean water. Both APPLIED, neither refitted.","8-connected component within one vegetation community, outside every management zone","meets_support_rule = >=25 water years with >=30 valid cells; meets_500_cells = the PARTSCATTER floor used by Arm A; meets_bare_33_cells = v1's threshold, for contrast; size_matched = inside this community's real-part IQR",pixel,1988-2022 (35 water years),unzoned standard-grazing country,0.06235142839918241
U0008,Aeolian Chenopod Shrublands,aeolian,46,2.8681657063623907,40.555492,9.163,2.795031,35,1,1,0,0,64.4363257271903,2.795031055900621,35.0,0.7529387496422971,0.4614184782917775,0.2015310023986044,1.0,,,10.209482512193553,10.252167503587806,1,"1 by construction: a patch is defined as a single 8-connected component, unlike a real part which may be several","veg_p05_spatial_mean_over_years and veg_p05_temporal_mean are DIFFERENT METRICS and are never co-plotted, differenced or captioned with one word. Arm B uses the first, Arm A the second.",offset is against Arm A's zoned DISPLAY SMOOTHER on the temporal metric: not a residual and not a test. NA where the patch is outside the zoned water range.,"115-part: 52.697196 + 0.547274 x mean water; 64-paddock: 52.652934 + 0.547838 x mean water. Both APPLIED, neither refitted.","8-connected component within one vegetation community, outside every management zone","meets_support_rule = >=25 water years with >=30 valid cells; meets_500_cells = the PARTSCATTER floor used by Arm A; meets_bare_33_cells = v1's threshold, for contrast; size_matched = inside this community's real-part IQR",pixel,1988-2022 (35 water years),unzoned standard-grazing country,0.06235142839918241
U0009,Aeolian Chenopod Shrublands,aeolian,2,0.1247028567983648,55.45913,0.33361423,20.0,0,0,0,0,0,,,,,,,,,,,,1,"1 by construction: a patch is defined as a single 8-connected component, unlike a real part which may be several","veg_p05_spatial_mean_over_years and veg_p05_temporal_mean are DIFFERENT METRICS and are never co-plotted, differenced or captioned with one word. Arm B uses the first, Arm A the second.",offset is against Arm A's zoned DISPLAY SMOOTHER on the temporal metric: not a residual and not a test. NA where the patch is outside the zoned water range.,"115-part: 52.697196 + 0.547274 x mean water; 64-paddock: 52.652934 + 0.547838 x mean water. Both APPLIED, neither refitted.","8-connected component within one vegetation community, outside every management zone","meets_support_rule = >=25 water years with >=30 valid cells; meets_500_cells = the PARTSCATTER floor used by Arm A; meets_bare_33_cells = v1's threshold, for contrast; size_matched = inside this community's real-part IQR",pixel,1988-2022 (35 water years),unzoned standard-grazing country,0.06235142839918241
U0010,Aeolian Chenopod Shrublands,aeolian,4,0.2494057135967296,44.324097,2.2626357,10.0,0,0,0,0,0,,,,,,,,,,,,1,"1 by construction: a patch is defined as a single 8-connected component, unlike a real part which may be several","veg_p05_spatial_mean_over_years and veg_p05_temporal_mean are DIFFERENT METRICS and are never co-plotted, differenced or captioned with one word. Arm B uses the first, Arm A the second.",offset is against Arm A's zoned DISPLAY SMOOTHER on the temporal metric: not a residual and not a test. NA where the patch is outside the zoned water range.,"115-part: 52.697196 + 0.547274 x mean water; 64-paddock: 52.652934 + 0.547838 x mean water. Both APPLIED, neither refitted.","8-connected component within one vegetation community, outside every management zone","meets_support_rule = >=25 water years with >=30 valid cells; meets_500_cells = the PARTSCATTER floor used by Arm A; meets_bare_33_cells = v1's threshold, for contrast; size_matched = inside this community's real-part IQR",pixel,1988-2022 (35 water years),unzoned standard-grazing country,0.06235142839918241
U0011,Aeolian Chenopod Shrublands,aeolian,4,0.2494057135967296,36.088818,1.0454566,3.5714288,0,0,0,0,0,,,,,,,,,,,,1,"1 by construction: a patch is defined as a single 8-connected component, unlike a real part which may be several","veg_p05_spatial_mean_over_years and veg_p05_temporal_mean are DIFFERENT METRICS and are never co-plotted, differenced or captioned with one word. Arm B uses the first, Arm A the second.",offset is against Arm A's zoned DISPLAY SMOOTHER on the temporal metric: not a residual and not a test. NA where the patch is outside the zoned water range.,"115-part: 52.697196 + 0.547274 x mean water; 64-paddock: 52.652934 + 0.547838 x mean water. Both APPLIED, neither refitted.","8-connected component within one vegetation community, outside every management zone","meets_support_rule = >=25 water years with >=30 valid cells; meets_500_cells = the PARTSCATTER floor used by Arm A; meets_bare_33_cells = v1's threshold, for contrast; size_matched = inside this community's real-part IQR",pixel,1988-2022 (35 water years),unzoned standard-grazing country,0.06235142839918241
U0012,Aeolian Chenopod Shrublands,aeolian,2,0.1247028567983648,65.596695,1.7133929,12.857143,0,0,0,0,0,,,,,,,,,,,,1,"1 by construction: a patch is defined as a single 8-connected component, unlike a real part which may be several","veg_p05_spatial_mean_over_years and veg_p05_temporal_mean are DIFFERENT METRICS and are never co-plotted, differenced or captioned with one word. Arm B uses the first, Arm A the second.",offset is against Arm A's zoned DISPLAY SMOOTHER on the temporal metric: not a residual and not a test. NA where the patch is outside the zoned water range.,"115-part: 52.697196 + 0.547274 x mean water; 64-paddock: 52.652934 + 0.547838 x mean water. Both APPLIED, neither refitted.","8-connected component within one vegetation community, outside every management zone","meets_support_rule = >=25 water years with >=30 valid cells; meets_500_cells = the PARTSCATTER floor used by Arm A; meets_bare_33_cells = v1's threshold, for contrast; size_matched = inside this community's real-part IQR",pixel,1988-2022 (35 water years),unzoned standard-grazing country,0.06235142839918241
U0013,Aeolian Chenopod Shrublands,aeolian,3,0.1870542851975472,44.226322,5.600967,3.8095238,0,0,0,0,0,,,,,,,,,,,,1,"1 by construction: a patch is defined as a single 8-connected component, unlike a real part which may be several","veg_p05_spatial_mean_over_years and veg_p05_temporal_mean are DIFFERENT METRICS and are never co-plotted, differenced or captioned with one word. Arm B uses the first, Arm A the second.",offset is against Arm A's zoned DISPLAY SMOOTHER on the temporal metric: not a residual and not a test. NA where the patch is outside the zoned water range.,"115-part: 52.697196 + 0.547274 x mean water; 64-paddock: 52.652934 + 0.547838 x mean water. Both APPLIED, neither refitted.","8-connected component within one vegetation community, outside every management zone","meets_support_rule = >=25 water years with >=30 valid cells; meets_500_cells = the PARTSCATTER floor used by Arm A; meets_bare_33_cells = v1's threshold, for contrast; size_matched = inside this community's real-part IQR",pixel,1988-2022 (35 water years),unzoned standard-grazing country,0.06235142839918241
U0014,Aeolian Chenopod Shrublands,aeolian,2,0.1247028567983648,46.3981,3.5773976,5.714286,0,0,0,0,0,,,,,,,,,,,,1,"1 by construction: a patch is defined as a single 8-connected component, unlike a real part which may be several","veg_p05_spatial_mean_over_years and veg_p05_temporal_mean are DIFFERENT METRICS and are never co-plotted, differenced or captioned with one word. Arm B uses the first, Arm A the second.",offset is against Arm A's zoned DISPLAY SMOOTHER on the temporal metric: not a residual and not a test. NA where the patch is outside the zoned water range.,"115-part: 52.697196 + 0.547274 x mean water; 64-paddock: 52.652934 + 0.547838 x mean water. Both APPLIED, neither refitted.","8-connected component within one vegetation community, outside every management zone","meets_support_rule = >=25 water years with >=30 valid cells; meets_500_cells = the PARTSCATTER floor used by Arm A; meets_bare_33_cells = v1's threshold, for contrast; size_matched = inside this community's real-part IQR",pixel,1988-2022 (35 water years),unzoned standard-grazing country,0.06235142839918241
U0015,Aeolian Chenopod Shrublands,aeolian,4,0.2494057135967296,47.950546,5.153996,4.285714,0,0,0,0,0,,,,,,,,,,,,1,"1 by construction: a patch is defined as a single 8-connected component, unlike a real part which may be several","veg_p05_spatial_mean_over_years and veg_p05_temporal_mean are DIFFERENT METRICS and are never co-plotted, differenced or captioned with one word. Arm B uses the first, Arm A the second.",offset is against Arm A's zoned DISPLAY SMOOTHER on the temporal metric: not a residual and not a test. NA where the patch is outside the zoned water range.,"115-part: 52.697196 + 0.547274 x mean water; 64-paddock: 52.652934 + 0.547838 x mean water. Both APPLIED, neither refitted.","8-connected component within one vegetation community, outside every management zone","meets_support_rule = >=25 water years with >=30 valid cells; meets_500_cells = the PARTSCATTER floor used by Arm A; meets_bare_33_cells = v1's threshold, for contrast; size_matched = inside this community's real-part IQR",pixel,1988-2022 (35 water years),unzoned standard-grazing country,0.06235142839918241
U0016,Aeolian Chenopod Shrublands,aeolian,1,0.0623514283991824,43.344383,,2.857143,0,0,0,0,0,,,,,,,,,,,,1,"1 by construction: a patch is defined as a single 8-connected component, unlike a real part which may be several","veg_p05_spatial_mean_over_years and veg_p05_temporal_mean are DIFFERENT METRICS and are never co-plotted, differenced or captioned with one word. Arm B uses the first, Arm A the second.",offset is against Arm A's zoned DISPLAY SMOOTHER on the temporal metric: not a residual and not a test. NA where the patch is outside the zoned water range.,"115-part: 52.697196 + 0.547274 x mean water; 64-paddock: 52.652934 + 0.547838 x mean water. Both APPLIED, neither refitted.","8-connected component within one vegetation community, outside every management zone","meets_support_rule = >=25 water years with >=30 valid cells; meets_500_cells = the PARTSCATTER floor used by Arm A; meets_bare_33_cells = v1's threshold, for contrast; size_matched = inside this community's real-part IQR",pixel,1988-2022 (35 water years),unzoned standard-grazing country,0.06235142839918241
U0017,Aeolian Chenopod Shrublands,aeolian,2,0.1247028567983648,41.79212,1.2760069,2.857143,0,0,0,0,0,,,,,,,,,,,,1,"1 by construction: a patch is defined as a single 8-connected component, unlike a real part which may be several","veg_p05_spatial_mean_over_years and veg_p05_temporal_mean are DIFFERENT METRICS and are never co-plotted, differenced or captioned with one word. Arm B uses the first, Arm A the second.",offset is against Arm A's zoned DISPLAY SMOOTHER on the temporal metric: not a residual and not a test. NA where the patch is outside the zoned water range.,"115-part: 52.697196 + 0.547274 x mean water; 64-paddock: 52.652934 + 0.547838 x mean water. Both APPLIED, neither refitted.","8-connected component within one vegetation community, outside every management zone","meets_support_rule = >=25 water years with >=30 valid cells; meets_500_cells = the PARTSCATTER floor used by Arm A; meets_bare_33_cells = v1's threshold, for contrast; size_matched = inside this community's real-part IQR",pixel,1988-2022 (35 water years),unzoned standard-grazing country,0.06235142839918241
U0018,Aeolian Chenopod Shrublands,aeolian,22,1.371731424782013,39.065464,8.095235,3.5064936,0,0,0,0,0,,,,,,,,,,,,1,"1 by construction: a patch is defined as a single 8-connected component, unlike a real part which may be several","veg_p05_spatial_mean_over_years and veg_p05_temporal_mean are DIFFERENT METRICS and are never co-plotted, differenced or captioned with one word. Arm B uses the first, Arm A the second.",offset is against Arm A's zoned DISPLAY SMOOTHER on the temporal metric: not a residual and not a test. NA where the patch is outside the zoned water range.,"115-part: 52.697196 + 0.547274 x mean water; 64-paddock: 52.652934 + 0.547838 x mean water. Both APPLIED, neither refitted.","8-connected component within one vegetation community, outside every management zone","meets_support_rule = >=25 water years with >=30 valid cells; meets_500_cells = the PARTSCATTER floor used by Arm A; meets_bare_33_cells = v1's threshold, for contrast; size_matched = inside this community's real-part IQR",pixel,1988-2022 (35 water years),unzoned standard-grazing country,0.06235142839918241
U0019,Aeolian Chenopod Shrublands,aeolian,75,4.676357129938681,50.40201,4.902434,6.8952384,35,1,1,0,0,68.68017227717809,6.895238095238095,35.0,0.0959574637522111,0.1735866030626991,0.4136822205259932,1.0,,,12.209393448427711,12.249764829559041,1,"1 by construction: a patch is defined as a single 8-connected component, unlike a real part which may be several","veg_p05_spatial_mean_over_years and veg_p05_temporal_mean are DIFFERENT METRICS and are never co-plotted, differenced or captioned with one word. Arm B uses the first, Arm A the second.",offset is against Arm A's zoned DISPLAY SMOOTHER on the temporal metric: not a residual and not a test. NA where the patch is outside the zoned water range.,"115-part: 52.697196 + 0.547274 x mean water; 64-paddock: 52.652934 + 0.547838 x mean water. Both APPLIED, neither refitted.","8-connected component within one vegetation community, outside every management zone","meets_support_rule = >=25 water years with >=30 valid cells; meets_500_cells = the PARTSCATTER floor used by Arm A; meets_bare_33_cells = v1's threshold, for contrast; size_matched = inside this community's real-part IQR",pixel,1988-2022 (35 water years),unzoned standard-grazing country,0.06235142839918241
U0020,Aeolian Chenopod Shrublands,aeolian,15,0.9352714259877362,42.105675,5.5734663,3.2380953,0,0,0,0,0,,,,,,,,,,,,1,"1 by construction: a patch is defined as a single 8-connected component, unlike a real part which may be several","veg_p05_spatial_mean_over_years and veg_p05_temporal_mean are DIFFERENT METRICS and are never co-plotted, differenced or captioned with one word. Arm B uses the first, Arm A the second.",offset is against Arm A's zoned DISPLAY SMOOTHER on the temporal metric: not a residual and not a test. NA where the patch is outside the zoned water range.,"115-part: 52.697196 + 0.547274 x mean water; 64-paddock: 52.652934 + 0.547838 x mean water. Both APPLIED, neither refitted.","8-connected component within one vegetation community, outside every management zone","meets_support_rule = >=25 water years with >=30 valid cells; meets_500_cells = the PARTSCATTER floor used by Arm A; meets_bare_33_cells = v1's threshold, for contrast; size_matched = inside this community's real-part IQR",pixel,1988-2022 (35 water years),unzoned standard-grazing country,0.06235142839918241
U0021,Aeolian Chenopod Shrublands,aeolian,7966,496.6914786278871,49.810383,12.425604,15.739752,35,1,1,1,0,62.933041736057824,15.739751084968256,35.0,0.1348495460444203,0.2309843089517035,0.4826351335723814,1.0,,"outside the zoned water range for this community - no comparison, not extrapolated",1.6218932641274293,1.657273981170981,1,"1 by construction: a patch is defined as a single 8-connected component, unlike a real part which may be several","veg_p05_spatial_mean_over_years and veg_p05_temporal_mean are DIFFERENT METRICS and are never co-plotted, differenced or captioned with one word. Arm B uses the first, Arm A the second.",offset is against Arm A's zoned DISPLAY SMOOTHER on the temporal metric: not a residual and not a test. NA where the patch is outside the zoned water range.,"115-part: 52.697196 + 0.547274 x mean water; 64-paddock: 52.652934 + 0.547838 x mean water. Both APPLIED, neither refitted.","8-connected component within one vegetation community, outside every management zone","meets_support_rule = >=25 water years with >=30 valid cells; meets_500_cells = the PARTSCATTER floor used by Arm A; meets_bare_33_cells = v1's threshold, for contrast; size_matched = inside this community's real-part IQR",pixel,1988-2022 (35 water years),unzoned standard-grazing country,0.06235142839918241
U0022,Aeolian Chenopod Shrublands,aeolian,1,0.0623514283991824,63.150333,,2.857143,0,0,0,0,0,,,,,,,,,,,,1,"1 by construction: a patch is defined as a single 8-connected component, unlike a real part which may be several","veg_p05_spatial_mean_over_years and veg_p05_temporal_mean are DIFFERENT METRICS and are never co-plotted, differenced or captioned with one word. Arm B uses the first, Arm A the second.",offset is against Arm A's zoned DISPLAY SMOOTHER on the temporal metric: not a residual and not a test. NA where the patch is outside the zoned water range.,"115-part: 52.697196 + 0.547274 x mean water; 64-paddock: 52.652934 + 0.547838 x mean water. Both APPLIED, neither refitted.","8-connected component within one vegetation community, outside every management zone","meets_support_rule = >=25 water years with >=30 valid cells; meets_500_cells = the PARTSCATTER floor used by Arm A; meets_bare_33_cells = v1's threshold, for contrast; size_matched = inside this community's real-part IQR",pixel,1988-2022 (35 water years),unzoned standard-grazing country,0.06235142839918241
U0023,Aeolian Chenopod Shrublands,aeolian,97,6.048088554720694,32.762684,7.7274857,0.3240059,35,1,1,0,0,45.67321202959333,0.32400589101620025,35.0,5.821299295082219,0.5019716931279762,0.4349388626830456,1.0,,,-7.2013040183192985,-7.157224709729206,1,"1 by construction: a patch is defined as a single 8-connected component, unlike a real part which may be several","veg_p05_spatial_mean_over_years and veg_p05_temporal_mean are DIFFERENT METRICS and are never co-plotted, differenced or captioned with one word. Arm B uses the first, Arm A the second.",offset is against Arm A's zoned DISPLAY SMOOTHER on the temporal metric: not a residual and not a test. NA where the patch is outside the zoned water range.,"115-part: 52.697196 + 0.547274 x mean water; 64-paddock: 52.652934 + 0.547838 x mean water. Both APPLIED, neither refitted.","8-connected component within one vegetation community, outside every management zone","meets_support_rule = >=25 water years with >=30 valid cells; meets_500_cells = the PARTSCATTER floor used by Arm A; meets_bare_33_cells = v1's threshold, for contrast; size_matched = inside this community's real-part IQR",pixel,1988-2022 (35 water years),unzoned standard-grazing country,0.06235142839918241
U0024,Aeolian Chenopod Shrublands,aeolian,18,1.1223257111852831,61.613388,5.7068295,3.0158732,0,0,0,0,0,,,,,,,,,,,,1,"1 by construction: a patch is defined as a single 8-connected component, unlike a real part which may be several","veg_p05_spatial_mean_over_years and veg_p05_temporal_mean are DIFFERENT METRICS and are never co-plotted, differenced or captioned with one word. Arm B uses the first, Arm A the second.",offset is against Arm A's zoned DISPLAY SMOOTHER on the temporal metric: not a residual and not a test. NA where the patch is outside the zoned water range.,"115-part: 52.697196 + 0.547274 x mean water; 64-paddock: 52.652934 + 0.547838 x mean water. Both APPLIED, neither refitted.","8-connected component within one vegetation community, outside every management zone","meets_support_rule = >=25 water years with >=30 valid cells; meets_500_cells = the PARTSCATTER floor used by Arm A; meets_bare_33_cells = v1's threshold, for contrast; size_matched = inside this community's real-part IQR",pixel,1988-2022 (35 water years),unzoned standard-grazing country,0.06235142839918241
U0025,Aeolian Chenopod Shrublands,aeolian,3679,229.3909050805921,41.038937,12.7409525,13.527744,35,1,1,1,1,59.7633781514849,13.527744340465187,35.0,0.1810317179627704,0.2698401644229853,0.4483207529958873,1.0,,"outside the zoned water range for this community - no comparison, not extrapolated",-0.3371971312790052,-0.3005682525068707,1,"1 by construction: a patch is defined as a single 8-connected component, unlike a real part which may be several","veg_p05_spatial_mean_over_years and veg_p05_temporal_mean are DIFFERENT METRICS and are never co-plotted, differenced or captioned with one word. Arm B uses the first, Arm A the second.",offset is against Arm A's zoned DISPLAY SMOOTHER on the temporal metric: not a residual and not a test. NA where the patch is outside the zoned water range.,"115-part: 52.697196 + 0.547274 x mean water; 64-paddock: 52.652934 + 0.547838 x mean water. Both APPLIED, neither refitted.","8-connected component within one vegetation community, outside every management zone","meets_support_rule = >=25 water years with >=30 valid cells; meets_500_cells = the PARTSCATTER floor used by Arm A; meets_bare_33_cells = v1's threshold, for contrast; size_matched = inside this community's real-part IQR",pixel,1988-2022 (35 water years),unzoned standard-grazing country,0.06235142839918241
U0026,Aeolian Chenopod Shrublands,aeolian,30,1.8705428519754723,74.24422,5.1360793,41.809525,35,1,0,0,0,82.8948625074114,41.80952380952381,35.0,0.0249052307876318,0.1630635222058906,0.8005045771330621,1.0,,,7.316412190024494,7.337082602649502,1,"1 by construction: a patch is defined as a single 8-connected component, unlike a real part which may be several","veg_p05_spatial_mean_over_years and veg_p05_temporal_mean are DIFFERENT METRICS and are never co-plotted, differenced or captioned with one word. Arm B uses the first, Arm A the second.",offset is against Arm A's zoned DISPLAY SMOOTHER on the temporal metric: not a residual and not a test. NA where the patch is outside the zoned water range.,"115-part: 52.697196 + 0.547274 x mean water; 64-paddock: 52.652934 + 0.547838 x mean water. Both APPLIED, neither refitted.","8-connected component within one vegetation community, outside every management zone","meets_support_rule = >=25 water years with >=30 valid cells; meets_500_cells = the PARTSCATTER floor used by Arm A; meets_bare_33_cells = v1's threshold, for contrast; size_matched = inside this community's real-part IQR",pixel,1988-2022 (35 water years),unzoned standard-grazing country,0.06235142839918241
U0027,Aeolian Chenopod Shrublands,aeolian,37,2.307002850769749,62.925953,8.416581,13.127414,35,1,1,0,0,75.31065418788366,13.127413127413128,35.0,0.1424248461708405,0.3171142021557046,0.3299987506253153,1.0,,,15.429169662646444,15.4660244349879,1,"1 by construction: a patch is defined as a single 8-connected component, unlike a real part which may be several","veg_p05_spatial_mean_over_years and veg_p05_temporal_mean are DIFFERENT METRICS and are never co-plotted, differenced or captioned with one word. Arm B uses the first, Arm A the second.",offset is against Arm A's zoned DISPLAY SMOOTHER on the temporal metric: not a residual and not a test. NA where the patch is outside the zoned water range.,"115-part: 52.697196 + 0.547274 x mean water; 64-paddock: 52.652934 + 0.547838 x mean water. Both APPLIED, neither refitted.","8-connected component within one vegetation community, outside every management zone","meets_support_rule = >=25 water years with >=30 valid cells; meets_500_cells = the PARTSCATTER floor used by Arm A; meets_bare_33_cells = v1's threshold, for contrast; size_matched = inside this community's real-part IQR",pixel,1988-2022 (35 water years),unzoned standard-grazing country,0.06235142839918241
U0028,Aeolian Chenopod Shrublands,aeolian,215,13.40555710582422,65.77655,7.3855495,8.757475,35,1,1,0,1,67.87266547066825,8.757475083056478,35.0,0.0770882968879584,0.2295127097820045,0.5499782194433679,1.0,,,10.38273325329041,10.422053836116753,1,"1 by construction: a patch is defined as a single 8-connected component, unlike a real part which may be several","veg_p05_spatial_mean_over_years and veg_p05_temporal_mean are DIFFERENT METRICS and are never co-plotted, differenced or captioned with one word. Arm B uses the first, Arm A the second.",offset is against Arm A's zoned DISPLAY SMOOTHER on the temporal metric: not a residual and not a test. NA where the patch is outside the zoned water range.,"115-part: 52.697196 + 0.547274 x mean water; 64-paddock: 52.652934 + 0.547838 x mean water. Both APPLIED, neither refitted.","8-connected component within one vegetation community, outside every management zone","meets_support_rule = >=25 water years with >=30 valid cells; meets_500_cells = the PARTSCATTER floor used by Arm A; meets_bare_33_cells = v1's threshold, for contrast; size_matched = inside this community's real-part IQR",pixel,1988-2022 (35 water years),unzoned standard-grazing country,0.06235142839918241
U0029,Aeolian Chenopod Shrublands,aeolian,1,0.0623514283991824,76.41246,,11.428572,0,0,0,0,0,,,,,,,,,,,,1,"1 by construction: a patch is defined as a single 8-connected component, unlike a real part which may be several","veg_p05_spatial_mean_over_years and veg_p05_temporal_mean are DIFFERENT METRICS and are never co-plotted, differenced or captioned with one word. Arm B uses the first, Arm A the second.",offset is against Arm A's zoned DISPLAY SMOOTHER on the temporal metric: not a residual and not a test. NA where the patch is outside the zoned water range.,"115-part: 52.697196 + 0.547274 x mean water; 64-paddock: 52.652934 + 0.547838 x mean water. Both APPLIED, neither refitted.","8-connected component within one vegetation community, outside every management zone","meets_support_rule = >=25 water years with >=30 valid cells; meets_500_cells = the PARTSCATTER floor used by Arm A; meets_bare_33_cells = v1's threshold, for contrast; size_matched = inside this community's real-part IQR",pixel,1988-2022 (35 water years),unzoned standard-grazing country,0.06235142839918241
U0030,Aeolian Chenopod Shrublands,aeolian,1,0.0623514283991824,74.22627,,5.714286,0,0,0,0,0,,,,,,,,,,,,1,"1 by construction: a patch is defined as a single 8-connected component, unlike a real part which may be several","veg_p05_spatial_mean_over_years and veg_p05_temporal_mean are DIFFERENT METRICS and are never co-plotted, differenced or captioned with one word. Arm B uses the first, Arm A the second.",offset is against Arm A's zoned DISPLAY SMOOTHER on the temporal metric: not a residual and not a test. NA where the patch is outside the zoned water range.,"115-part: 52.697196 + 0.547274 x mean water; 64-paddock: 52.652934 + 0.547838 x mean water. Both APPLIED, neither refitted.","8-connected component within one vegetation community, outside every management zone","meets_support_rule = >=25 water years with >=30 valid cells; meets_500_cells = the PARTSCATTER floor used by Arm A; meets_bare_33_cells = v1's threshold, for contrast; size_matched = inside this community's real-part IQR",pixel,1988-2022 (35 water years),unzoned standard-grazing country,0.06235142839918241
U0031,Aeolian Chenopod Shrublands,aeolian,112,6.98335998070843,66.5681,6.0877185,5.204082,35,1,1,0,0,73.86523597172328,5.204081632653061,35.0,0.0844986949981697,0.2016373871890398,0.3451512816780943,1.0,,,18.319982653859633,18.36130829825389,1,"1 by construction: a patch is defined as a single 8-connected component, unlike a real part which may be several","veg_p05_spatial_mean_over_years and veg_p05_temporal_mean are DIFFERENT METRICS and are never co-plotted, differenced or captioned with one word. Arm B uses the first, Arm A the second.",offset is against Arm A's zoned DISPLAY SMOOTHER on the temporal metric: not a residual and not a test. NA where the patch is outside the zoned water range.,"115-part: 52.697196 + 0.547274 x mean water; 64-paddock: 52.652934 + 0.547838 x mean water. Both APPLIED, neither refitted.","8-connected component within one vegetation community, outside every management zone","meets_support_rule = >=25 water years with >=30 valid cells; meets_500_cells = the PARTSCATTER floor used by Arm A; meets_bare_33_cells = v1's threshold, for contrast; size_matched = inside this community's real-part IQR",pixel,1988-2022 (35 water years),unzoned standard-grazing country,0.06235142839918241
U0032,Aeolian Chenopod Shrublands,aeolian,199,12.4079342514373,54.977367,7.4650836,4.2211056,35,1,1,0,1,63.01364440917969,4.221105527638191,35.0,0.2268751362080904,0.2866093589417694,0.2335055036820066,1.0,,,8.006348094060009,8.048228399129435,1,"1 by construction: a patch is defined as a single 8-connected component, unlike a real part which may be several","veg_p05_spatial_mean_over_years and veg_p05_temporal_mean are DIFFERENT METRICS and are never co-plotted, differenced or captioned with one word. Arm B uses the first, Arm A the second.",offset is against Arm A's zoned DISPLAY SMOOTHER on the temporal metric: not a residual and not a test. NA where the patch is outside the zoned water range.,"115-part: 52.697196 + 0.547274 x mean water; 64-paddock: 52.652934 + 0.547838 x mean water. Both APPLIED, neither refitted.","8-connected component within one vegetation community, outside every management zone","meets_support_rule = >=25 water years with >=30 valid cells; meets_500_cells = the PARTSCATTER floor used by Arm A; meets_bare_33_cells = v1's threshold, for contrast; size_matched = inside this community's real-part IQR",pixel,1988-2022 (35 water years),unzoned standard-grazing country,0.06235142839918241
U0033,Aeolian Chenopod Shrublands,aeolian,95,5.9233856979223285,52.963913,7.744679,1.8947369,35,1,1,0,0,64.20390685490199,1.894736842105263,35.0,0.3751509789595686,0.2948799297366256,0.3699253915415076,1.0,,,10.46977101536455,10.512964012796722,1,"1 by construction: a patch is defined as a single 8-connected component, unlike a real part which may be several","veg_p05_spatial_mean_over_years and veg_p05_temporal_mean are DIFFERENT METRICS and are never co-plotted, differenced or captioned with one word. Arm B uses the first, Arm A the second.",offset is against Arm A's zoned DISPLAY SMOOTHER on the temporal metric: not a residual and not a test. NA where the patch is outside the zoned water range.,"115-part: 52.697196 + 0.547274 x mean water; 64-paddock: 52.652934 + 0.547838 x mean water. Both APPLIED, neither refitted.","8-connected component within one vegetation community, outside every management zone","meets_support_rule = >=25 water years with >=30 valid cells; meets_500_cells = the PARTSCATTER floor used by Arm A; meets_bare_33_cells = v1's threshold, for contrast; size_matched = inside this community's real-part IQR",pixel,1988-2022 (35 water years),unzoned standard-grazing country,0.06235142839918241
U0034,Aeolian Chenopod Shrublands,aeolian,42,2.618759992765661,39.899464,6.3120284,0.47619048,35,1,1,0,0,56.71576635633196,0.4761904761904762,35.0,1.5581692081900211,0.3369859546979757,0.3654777365146508,1.0,,,3.7579636823390885,3.8019571182367216,1,"1 by construction: a patch is defined as a single 8-connected component, unlike a real part which may be several","veg_p05_spatial_mean_over_years and veg_p05_temporal_mean are DIFFERENT METRICS and are never co-plotted, differenced or captioned with one word. Arm B uses the first, Arm A the second.",offset is against Arm A's zoned DISPLAY SMOOTHER on the temporal metric: not a residual and not a test. NA where the patch is outside the zoned water range.,"115-part: 52.697196 + 0.547274 x mean water; 64-paddock: 52.652934 + 0.547838 x mean water. Both APPLIED, neither refitted.","8-connected component within one vegetation community, outside every management zone","meets_support_rule = >=25 water years with >=30 valid cells; meets_500_cells = the PARTSCATTER floor used by Arm A; meets_bare_33_cells = v1's threshold, for contrast; size_matched = inside this community's real-part IQR",pixel,1988-2022 (35 water years),unzoned standard-grazing country,0.06235142839918241
U0035,Aeolian Chenopod Shrublands,aeolian,27,1.6834885667779251,42.095528,7.224196,0.21164022,0,0,0,0,0,,,,,,,,,,,,1,"1 by construction: a patch is defined as a single 8-connected component, unlike a real part which may be several","veg_p05_spatial_mean_over_years and veg_p05_temporal_mean are DIFFERENT METRICS and are never co-plotted, differenced or captioned with one word. Arm B uses the first, Arm A the second.",offset is against Arm A's zoned DISPLAY SMOOTHER on the temporal metric: not a residual and not a test. NA where the patch is outside the zoned water range.,"115-part: 52.697196 + 0.547274 x mean water; 64-paddock: 52.652934 + 0.547838 x mean water. Both APPLIED, neither refitted.","8-connected component within one vegetation community, outside every management zone","meets_support_rule = >=25 water years with >=30 valid cells; meets_500_cells = the PARTSCATTER floor used by Arm A; meets_bare_33_cells = v1's threshold, for contrast; size_matched = inside this community's real-part IQR",pixel,1988-2022 (35 water years),unzoned standard-grazing country,0.06235142839918241
U0036,Aeolian Chenopod Shrublands,aeolian,134,8.355091405490443,34.942223,7.737908,4.520256,35,1,1,0,0,45.28813462938581,4.520255863539446,35.0,0.2717032002999889,0.191278334975679,0.809451125761996,1.0,,,-9.882878806882871,-9.841167302383916,1,"1 by construction: a patch is defined as a single 8-connected component, unlike a real part which may be several","veg_p05_spatial_mean_over_years and veg_p05_temporal_mean are DIFFERENT METRICS and are never co-plotted, differenced or captioned with one word. Arm B uses the first, Arm A the second.",offset is against Arm A's zoned DISPLAY SMOOTHER on the temporal metric: not a residual and not a test. NA where the patch is outside the zoned water range.,"115-part: 52.697196 + 0.547274 x mean water; 64-paddock: 52.652934 + 0.547838 x mean water. Both APPLIED, neither refitted.","8-connected component within one vegetation community, outside every management zone","meets_support_rule = >=25 water years with >=30 valid cells; meets_500_cells = the PARTSCATTER floor used by Arm A; meets_bare_33_cells = v1's threshold, for contrast; size_matched = inside this community's real-part IQR",pixel,1988-2022 (35 water years),unzoned standard-grazing country,0.06235142839918241
U0037,Aeolian Chenopod Shrublands,aeolian,22,1.371731424782013,41.51595,11.023772,1.6883117,0,0,0,0,0,,,,,,,,,,,,1,"1 by construction: a patch is defined as a single 8-connected component, unlike a real part which may be several","veg_p05_spatial_mean_over_years and veg_p05_temporal_mean are DIFFERENT METRICS and are never co-plotted, differenced or captioned with one word. Arm B uses the first, Arm A the second.",offset is against Arm A's zoned DISPLAY SMOOTHER on the temporal metric: not a residual and not a test. NA where the patch is outside the zoned water range.,"115-part: 52.697196 + 0.547274 x mean water; 64-paddock: 52.652934 + 0.547838 x mean water. Both APPLIED, neither refitted.","8-connected component within one vegetation community, outside every management zone","meets_support_rule = >=25 water years with >=30 valid cells; meets_500_cells = the PARTSCATTER floor used by Arm A; meets_bare_33_cells = v1's threshold, for contrast; size_matched = inside this community's real-part IQR",pixel,1988-2022 (35 water years),unzoned standard-grazing country,0.06235142839918241
U0038,Aeolian Chenopod Shrublands,aeolian,13,0.8105685691893714,44.768448,11.670304,1.7582418,0,0,0,0,0,,,,,,,,,,,,1,"1 by construction: a patch is defined as a single 8-connected component, unlike a real part which may be several","veg_p05_spatial_mean_over_years and veg_p05_temporal_mean are DIFFERENT METRICS and are never co-plotted, differenced or captioned with one word. Arm B uses the first, Arm A the second.",offset is against Arm A's zoned DISPLAY SMOOTHER on the temporal metric: not a residual and not a test. NA where the patch is outside the zoned water range.,"115-part: 52.697196 + 0.547274 x mean water; 64-paddock: 52.652934 + 0.547838 x mean water. Both APPLIED, neither refitted.","8-connected component within one vegetation community, outside every management zone","meets_support_rule = >=25 water years with >=30 valid cells; meets_500_cells = the PARTSCATTER floor used by Arm A; meets_bare_33_cells = v1's threshold, for contrast; size_matched = inside this community's real-part IQR",pixel,1988-2022 (35 water years),unzoned standard-grazing country,0.06235142839918241
U0039,Aeolian Chenopod Shrublands,aeolian,1,0.0623514283991824,42.46571,,0.0,0,0,0,0,0,,,,,,,,,,,,1,"1 by construction: a patch is defined as a single 8-connected component, unlike a real part which may be several","veg_p05_spatial_mean_over_years and veg_p05_temporal_mean are DIFFERENT METRICS and are never co-plotted, differenced or captioned with one word. Arm B uses the first, Arm A the second.",offset is against Arm A's zoned DISPLAY SMOOTHER on the temporal metric: not a residual and not a test. NA where the patch is outside the zoned water range.,"115-part: 52.697196 + 0.547274 x mean water; 64-paddock: 52.652934 + 0.547838 x mean water. Both APPLIED, neither refitted.","8-connected component within one vegetation community, outside every management zone","meets_support_rule = >=25 water years with >=30 valid cells; meets_500_cells = the PARTSCATTER floor used by Arm A; meets_bare_33_cells = v1's threshold, for contrast; size_matched = inside this community's real-part IQR",pixel,1988-2022 (35 water years),unzoned standard-grazing country,0.06235142839918241
U0040,Aeolian Chenopod Shrublands,aeolian,29,1.80819142357629,40.931343,4.892869,1.2807882,0,0,0,0,0,,,,,,,,,,,,1,"1 by construction: a patch is defined as a single 8-connected component, unlike a real part which may be several","veg_p05_spatial_mean_over_years and veg_p05_temporal_mean are DIFFERENT METRICS and are never co-plotted, differenced or captioned with one word. Arm B uses the first, Arm A the second.",offset is against Arm A's zoned DISPLAY SMOOTHER on the temporal metric: not a residual and not a test. NA where the patch is outside the zoned water range.,"115-part: 52.697196 + 0.547274 x mean water; 64-paddock: 52.652934 + 0.547838 x mean water. Both APPLIED, neither refitted.","8-connected component within one vegetation community, outside every management zone","meets_support_rule = >=25 water years with >=30 valid cells; meets_500_cells = the PARTSCATTER floor used by Arm A; meets_bare_33_cells = v1's threshold, for contrast; size_matched = inside this community's real-part IQR",pixel,1988-2022 (35 water years),unzoned standard-grazing country,0.06235142839918241
U0041,Aeolian Chenopod Shrublands,aeolian,1,0.0623514283991824,46.47333,,0.0,0,0,0,0,0,,,,,,,,,,,,1,"1 by construction: a patch is defined as a single 8-connected component, unlike a real part which may be several","veg_p05_spatial_mean_over_years and veg_p05_temporal_mean are DIFFERENT METRICS and are never co-plotted, differenced or captioned with one word. Arm B uses the first, Arm A the second.",offset is against Arm A's zoned DISPLAY SMOOTHER on the temporal metric: not a residual and not a test. NA where the patch is outside the zoned water range.,"115-part: 52.697196 + 0.547274 x mean water; 64-paddock: 52.652934 + 0.547838 x mean water. Both APPLIED, neither refitted.","8-connected component within one vegetation community, outside every management zone","meets_support_rule = >=25 water years with >=30 valid cells; meets_500_cells = the PARTSCATTER floor used by Arm A; meets_bare_33_cells = v1's threshold, for contrast; size_matched = inside this community's real-part IQR",pixel,1988-2022 (35 water years),unzoned standard-grazing country,0.06235142839918241
U0042,Aeolian Chenopod Shrublands,aeolian,1,0.0623514283991824,46.61914,,0.0,0,0,0,0,0,,,,,,,,,,,,1,"1 by construction: a patch is defined as a single 8-connected component, unlike a real part which may be several","veg_p05_spatial_mean_over_years and veg_p05_temporal_mean are DIFFERENT METRICS and are never co-plotted, differenced or captioned with one word. Arm B uses the first, Arm A the second.",offset is against Arm A's zoned DISPLAY SMOOTHER on the temporal metric: not a residual and not a test. NA where the patch is outside the zoned water range.,"115-part: 52.697196 + 0.547274 x mean water; 64-paddock: 52.652934 + 0.547838 x mean water. Both APPLIED, neither refitted.","8-connected component within one vegetation community, outside every management zone","meets_support_rule = >=25 water years with >=30 valid cells; meets_500_cells = the PARTSCATTER floor used by Arm A; meets_bare_33_cells = v1's threshold, for contrast; size_matched = inside this community's real-part IQR",pixel,1988-2022 (35 water years),unzoned standard-grazing country,0.06235142839918241
U0043,Aeolian Chenopod Shrublands,aeolian,1,0.0623514283991824,45.848656,,0.0,0,0,0,0,0,,,,,,,,,,,,1,"1 by construction: a patch is defined as a single 8-connected component, unlike a real part which may be several","veg_p05_spatial_mean_over_years and veg_p05_temporal_mean are DIFFERENT METRICS and are never co-plotted, differenced or captioned with one word. Arm B uses the first, Arm A the second.",offset is against Arm A's zoned DISPLAY SMOOTHER on the temporal metric: not a residual and not a test. NA where the patch is outside the zoned water range.,"115-part: 52.697196 + 0.547274 x mean water; 64-paddock: 52.652934 + 0.547838 x mean water. Both APPLIED, neither refitted.","8-connected component within one vegetation community, outside every management zone","meets_support_rule = >=25 water years with >=30 valid cells; meets_500_cells = the PARTSCATTER floor used by Arm A; meets_bare_33_cells = v1's threshold, for contrast; size_matched = inside this community's real-part IQR",pixel,1988-2022 (35 water years),unzoned standard-grazing country,0.06235142839918241
U0044,Aeolian Chenopod Shrublands,aeolian,2,0.1247028567983648,55.059917,2.740794,0.0,0,0,0,0,0,,,,,,,,,,,,1,"1 by construction: a patch is defined as a single 8-connected component, unlike a real part which may be several","veg_p05_spatial_mean_over_years and veg_p05_temporal_mean are DIFFERENT METRICS and are never co-plotted, differenced or captioned with one word. Arm B uses the first, Arm A the second.",offset is against Arm A's zoned DISPLAY SMOOTHER on the temporal metric: not a residual and not a test. NA where the patch is outside the zoned water range.,"115-part: 52.697196 + 0.547274 x mean water; 64-paddock: 52.652934 + 0.547838 x mean water. Both APPLIED, neither refitted.","8-connected component within one vegetation community, outside every management zone","meets_support_rule = >=25 water years with >=30 valid cells; meets_500_cells = the PARTSCATTER floor used by Arm A; meets_bare_33_cells = v1's threshold, for contrast; size_matched = inside this community's real-part IQR",pixel,1988-2022 (35 water years),unzoned standard-grazing country,0.06235142839918241
U0045,Aeolian Chenopod Shrublands,aeolian,1,0.0623514283991824,52.33134,,0.0,0,0,0,0,0,,,,,,,,,,,,1,"1 by construction: a patch is defined as a single 8-connected component, unlike a real part which may be several","veg_p05_spatial_mean_over_years and veg_p05_temporal_mean are DIFFERENT METRICS and are never co-plotted, differenced or captioned with one word. Arm B uses the first, Arm A the second.",offset is against Arm A's zoned DISPLAY SMOOTHER on the temporal metric: not a residual and not a test. NA where the patch is outside the zoned water range.,"115-part: 52.697196 + 0.547274 x mean water; 64-paddock: 52.652934 + 0.547838 x mean water. Both APPLIED, neither refitted.","8-connected component within one vegetation community, outside every management zone","meets_support_rule = >=25 water years with >=30 valid cells; meets_500_cells = the PARTSCATTER floor used by Arm A; meets_bare_33_cells = v1's threshold, for contrast; size_matched = inside this community's real-part IQR",pixel,1988-2022 (35 water years),unzoned standard-grazing country,0.06235142839918241
U0046,Aeolian Chenopod Shrublands,aeolian,2,0.1247028567983648,52.950504,0.30485457,0.0,0,0,0,0,0,,,,,,,,,,,,1,"1 by construction: a patch is defined as a single 8-connected component, unlike a real part which may be several","veg_p05_spatial_mean_over_years and veg_p05_temporal_mean are DIFFERENT METRICS and are never co-plotted, differenced or captioned with one word. Arm B uses the first, Arm A the second.",offset is against Arm A's zoned DISPLAY SMOOTHER on the temporal metric: not a residual and not a test. NA where the patch is outside the zoned water range.,"115-part: 52.697196 + 0.547274 x mean water; 64-paddock: 52.652934 + 0.547838 x mean water. Both APPLIED, neither refitted.","8-connected component within one vegetation community, outside every management zone","meets_support_rule = >=25 water years with >=30 valid cells; meets_500_cells = the PARTSCATTER floor used by Arm A; meets_bare_33_cells = v1's threshold, for contrast; size_matched = inside this community's real-part IQR",pixel,1988-2022 (35 water years),unzoned standard-grazing country,0.06235142839918241
U0047,Aeolian Chenopod Shrublands,aeolian,36,2.2446514223705667,48.571457,5.4504066,0.07936508,35,1,1,0,0,67.62459455217633,0.07936507936507936,35.0,4.417592441334458,0.1578350488279823,0.268710905090518,1.0,,,14.883963994575495,14.928181345827127,1,"1 by construction: a patch is defined as a single 8-connected component, unlike a real part which may be several","veg_p05_spatial_mean_over_years and veg_p05_temporal_mean are DIFFERENT METRICS and are never co-plotted, differenced or captioned with one word. Arm B uses the first, Arm A the second.",offset is against Arm A's zoned DISPLAY SMOOTHER on the temporal metric: not a residual and not a test. NA where the patch is outside the zoned water range.,"115-part: 52.697196 + 0.547274 x mean water; 64-paddock: 52.652934 + 0.547838 x mean water. Both APPLIED, neither refitted.","8-connected component within one vegetation community, outside every management zone","meets_support_rule = >=25 water years with >=30 valid cells; meets_500_cells = the PARTSCATTER floor used by Arm A; meets_bare_33_cells = v1's threshold, for contrast; size_matched = inside this community's real-part IQR",pixel,1988-2022 (35 water years),unzoned standard-grazing country,0.06235142839918241
U0048,Aeolian Chenopod Shrublands,aeolian,9,0.5611628555926417,49.862865,3.6709604,1.2698413,0,0,0,0,0,,,,,,,,,,,,1,"1 by construction: a patch is defined as a single 8-connected component, unlike a real part which may be several","veg_p05_spatial_mean_over_years and veg_p05_temporal_mean are DIFFERENT METRICS and are never co-plotted, differenced or captioned with one word. Arm B uses the first, Arm A the second.",offset is against Arm A's zoned DISPLAY SMOOTHER on the temporal metric: not a residual and not a test. NA where the patch is outside the zoned water range.,"115-part: 52.697196 + 0.547274 x mean water; 64-paddock: 52.652934 + 0.547838 x mean water. Both APPLIED, neither refitted.","8-connected component within one vegetation community, outside every management zone","meets_support_rule = >=25 water years with >=30 valid cells; meets_500_cells = the PARTSCATTER floor used by Arm A; meets_bare_33_cells = v1's threshold, for contrast; size_matched = inside this community's real-part IQR",pixel,1988-2022 (35 water years),unzoned standard-grazing country,0.06235142839918241
U0049,Aeolian Chenopod Shrublands,aeolian,2,0.1247028567983648,40.631943,1.9036646,0.0,0,0,0,0,0,,,,,,,,,,,,1,"1 by construction: a patch is defined as a single 8-connected component, unlike a real part which may be several","veg_p05_spatial_mean_over_years and veg_p05_temporal_mean are DIFFERENT METRICS and are never co-plotted, differenced or captioned with one word. Arm B uses the first, Arm A the second.",offset is against Arm A's zoned DISPLAY SMOOTHER on the temporal metric: not a residual and not a test. NA where the patch is outside the zoned water range.,"115-part: 52.697196 + 0.547274 x mean water; 64-paddock: 52.652934 + 0.547838 x mean water. Both APPLIED, neither refitted.","8-connected component within one vegetation community, outside every management zone","meets_support_rule = >=25 water years with >=30 valid cells; meets_500_cells = the PARTSCATTER floor used by Arm A; meets_bare_33_cells = v1's threshold, for contrast; size_matched = inside this community's real-part IQR",pixel,1988-2022 (35 water years),unzoned standard-grazing country,0.06235142839918241
U0050,Aeolian Chenopod Shrublands,aeolian,2,0.1247028567983648,41.141712,1.4240321,0.0,0,0,0,0,0,,,,,,,,,,,,1,"1 by construction: a patch is defined as a single 8-connected component, unlike a real part which may be several","veg_p05_spatial_mean_over_years and veg_p05_temporal_mean are DIFFERENT METRICS and are never co-plotted, differenced or captioned with one word. Arm B uses the first, Arm A the second.",offset is against Arm A's zoned DISPLAY SMOOTHER on the temporal metric: not a residual and not a test. NA where the patch is outside the zoned water range.,"115-part: 52.697196 + 0.547274 x mean water; 64-paddock: 52.652934 + 0.547838 x mean water. Both APPLIED, neither refitted.","8-connected component within one vegetation community, outside every management zone","meets_support_rule = >=25 water years with >=30 valid cells; meets_500_cells = the PARTSCATTER floor used by Arm A; meets_bare_33_cells = v1's threshold, for contrast; size_matched = inside this community's real-part IQR",pixel,1988-2022 (35 water years),unzoned standard-grazing country,0.06235142839918241
U0051,Aeolian Chenopod Shrublands,aeolian,2,0.1247028567983648,35.27349,2.5172741,0.0,0,0,0,0,0,,,,,,,,,,,,1,"1 by construction: a patch is defined as a single 8-connected component, unlike a real part which may be several","veg_p05_spatial_mean_over_years and veg_p05_temporal_mean are DIFFERENT METRICS and are never co-plotted, differenced or captioned with one word. Arm B uses the first, Arm A the second.",offset is against Arm A's zoned DISPLAY SMOOTHER on the temporal metric: not a residual and not a test. NA where the patch is outside the zoned water range.,"115-part: 52.697196 + 0.547274 x mean water; 64-paddock: 52.652934 + 0.547838 x mean water. Both APPLIED, neither refitted.","8-connected component within one vegetation community, outside every management zone","meets_support_rule = >=25 water years with >=30 valid cells; meets_500_cells = the PARTSCATTER floor used by Arm A; meets_bare_33_cells = v1's threshold, for contrast; size_matched = inside this community's real-part IQR",pixel,1988-2022 (35 water years),unzoned standard-grazing country,0.06235142839918241
U0052,Aeolian Chenopod Shrublands,aeolian,2,0.1247028567983648,38.554855,4.815371,5.714286,0,0,0,0,0,,,,,,,,,,,,1,"1 by construction: a patch is defined as a single 8-connected component, unlike a real part which may be several","veg_p05_spatial_mean_over_years and veg_p05_temporal_mean are DIFFERENT METRICS and are never co-plotted, differenced or captioned with one word. Arm B uses the first, Arm A the second.",offset is against Arm A's zoned DISPLAY SMOOTHER on the temporal metric: not a residual and not a test. NA where the patch is outside the zoned water range.,"115-part: 52.697196 + 0.547274 x mean water; 64-paddock: 52.652934 + 0.547838 x mean water. Both APPLIED, neither refitted.","8-connected component within one vegetation community, outside every management zone","meets_support_rule = >=25 water years with >=30 valid cells; meets_500_cells = the PARTSCATTER floor used by Arm A; meets_bare_33_cells = v1's threshold, for contrast; size_matched = inside this community's real-part IQR",pixel,1988-2022 (35 water years),unzoned standard-grazing country,0.06235142839918241
U0053,Aeolian Chenopod Shrublands,aeolian,2,0.1247028567983648,51.671875,0.3184953,2.857143,0,0,0,0,0,,,,,,,,,,,,1,"1 by construction: a patch is defined as a single 8-connected component, unlike a real part which may be several","veg_p05_spatial_mean_over_years and veg_p05_temporal_mean are DIFFERENT METRICS and are never co-plotted, differenced or captioned with one word. Arm B uses the first, Arm A the second.",offset is against Arm A's zoned DISPLAY SMOOTHER on the temporal metric: not a residual and not a test. NA where the patch is outside the zoned water range.,"115-part: 52.697196 + 0.547274 x mean water; 64-paddock: 52.652934 + 0.547838 x mean water. Both APPLIED, neither refitted.","8-connected component within one vegetation community, outside every management zone","meets_support_rule = >=25 water years with >=30 valid cells; meets_500_cells = the PARTSCATTER floor used by Arm A; meets_bare_33_cells = v1's threshold, for contrast; size_matched = inside this community's real-part IQR",pixel,1988-2022 (35 water years),unzoned standard-grazing country,0.06235142839918241
U0054,Aeolian Chenopod Shrublands,aeolian,2,0.1247028567983648,46.829956,1.1879072,8.571428,0,0,0,0,0,,,,,,,,,,,,1,"1 by construction: a patch is defined as a single 8-connected component, unlike a real part which may be several","veg_p05_spatial_mean_over_years and veg_p05_temporal_mean are DIFFERENT METRICS and are never co-plotted, differenced or captioned with one word. Arm B uses the first, Arm A the second.",offset is against Arm A's zoned DISPLAY SMOOTHER on the temporal metric: not a residual and not a test. NA where the patch is outside the zoned water range.,"115-part: 52.697196 + 0.547274 x mean water; 64-paddock: 52.652934 + 0.547838 x mean water. Both APPLIED, neither refitted.","8-connected component within one vegetation community, outside every management zone","meets_support_rule = >=25 water years with >=30 valid cells; meets_500_cells = the PARTSCATTER floor used by Arm A; meets_bare_33_cells = v1's threshold, for contrast; size_matched = inside this community's real-part IQR",pixel,1988-2022 (35 water years),unzoned standard-grazing country,0.06235142839918241
U0055,Aeolian Chenopod Shrublands,aeolian,1,0.0623514283991824,49.61364,,8.571428,0,0,0,0,0,,,,,,,,,,,,1,"1 by construction: a patch is defined as a single 8-connected component, unlike a real part which may be several","veg_p05_spatial_mean_over_years and veg_p05_temporal_mean are DIFFERENT METRICS and are never co-plotted, differenced or captioned with one word. Arm B uses the first, Arm A the second.",offset is against Arm A's zoned DISPLAY SMOOTHER on the temporal metric: not a residual and not a test. NA where the patch is outside the zoned water range.,"115-part: 52.697196 + 0.547274 x mean water; 64-paddock: 52.652934 + 0.547838 x mean water. Both APPLIED, neither refitted.","8-connected component within one vegetation community, outside every management zone","meets_support_rule = >=25 water years with >=30 valid cells; meets_500_cells = the PARTSCATTER floor used by Arm A; meets_bare_33_cells = v1's threshold, for contrast; size_matched = inside this community's real-part IQR",pixel,1988-2022 (35 water years),unzoned standard-grazing country,0.06235142839918241
U0056,Aeolian Chenopod Shrublands,aeolian,1,0.0623514283991824,58.727325,,25.714285,0,0,0,0,0,,,,,,,,,,,,1,"1 by construction: a patch is defined as a single 8-connected component, unlike a real part which may be several","veg_p05_spatial_mean_over_years and veg_p05_temporal_mean are DIFFERENT METRICS and are never co-plotted, differenced or captioned with one word. Arm B uses the first, Arm A the second.",offset is against Arm A's zoned DISPLAY SMOOTHER on the temporal metric: not a residual and not a test. NA where the patch is outside the zoned water range.,"115-part: 52.697196 + 0.547274 x mean water; 64-paddock: 52.652934 + 0.547838 x mean water. Both APPLIED, neither refitted.","8-connected component within one vegetation community, outside every management zone","meets_support_rule = >=25 water years with >=30 valid cells; meets_500_cells = the PARTSCATTER floor used by Arm A; meets_bare_33_cells = v1's threshold, for contrast; size_matched = inside this community's real-part IQR",pixel,1988-2022 (35 water years),unzoned standard-grazing country,0.06235142839918241
U0057,Aeolian Chenopod Shrublands,aeolian,1,0.0623514283991824,57.574448,,5.714286,0,0,0,0,0,,,,,,,,,,,,1,"1 by construction: a patch is defined as a single 8-connected component, unlike a real part which may be several","veg_p05_spatial_mean_over_years and veg_p05_temporal_mean are DIFFERENT METRICS and are never co-plotted, differenced or captioned with one word. Arm B uses the first, Arm A the second.",offset is against Arm A's zoned DISPLAY SMOOTHER on the temporal metric: not a residual and not a test. NA where the patch is outside the zoned water range.,"115-part: 52.697196 + 0.547274 x mean water; 64-paddock: 52.652934 + 0.547838 x mean water. Both APPLIED, neither refitted.","8-connected component within one vegetation community, outside every management zone","meets_support_rule = >=25 water years with >=30 valid cells; meets_500_cells = the PARTSCATTER floor used by Arm A; meets_bare_33_cells = v1's threshold, for contrast; size_matched = inside this community's real-part IQR",pixel,1988-2022 (35 water years),unzoned standard-grazing country,0.06235142839918241
U0058,Aeolian Chenopod Shrublands,aeolian,1,0.0623514283991824,28.684958,,2.857143,0,0,0,0,0,,,,,,,,,,,,1,"1 by construction: a patch is defined as a single 8-connected component, unlike a real part which may be several","veg_p05_spatial_mean_over_years and veg_p05_temporal_mean are DIFFERENT METRICS and are never co-plotted, differenced or captioned with one word. Arm B uses the first, Arm A the second.",offset is against Arm A's zoned DISPLAY SMOOTHER on the temporal metric: not a residual and not a test. NA where the patch is outside the zoned water range.,"115-part: 52.697196 + 0.547274 x mean water; 64-paddock: 52.652934 + 0.547838 x mean water. Both APPLIED, neither refitted.","8-connected component within one vegetation community, outside every management zone","meets_support_rule = >=25 water years with >=30 valid cells; meets_500_cells = the PARTSCATTER floor used by Arm A; meets_bare_33_cells = v1's threshold, for contrast; size_matched = inside this community's real-part IQR",pixel,1988-2022 (35 water years),unzoned standard-grazing country,0.06235142839918241
U0059,Aeolian Chenopod Shrublands,aeolian,1,0.0623514283991824,19.70949,,5.714286,0,0,0,0,0,,,,,,,,,,,,1,"1 by construction: a patch is defined as a single 8-connected component, unlike a real part which may be several","veg_p05_spatial_mean_over_years and veg_p05_temporal_mean are DIFFERENT METRICS and are never co-plotted, differenced or captioned with one word. Arm B uses the first, Arm A the second.",offset is against Arm A's zoned DISPLAY SMOOTHER on the temporal metric: not a residual and not a test. NA where the patch is outside the zoned water range.,"115-part: 52.697196 + 0.547274 x mean water; 64-paddock: 52.652934 + 0.547838 x mean water. Both APPLIED, neither refitted.","8-connected component within one vegetation community, outside every management zone","meets_support_rule = >=25 water years with >=30 valid cells; meets_500_cells = the PARTSCATTER floor used by Arm A; meets_bare_33_cells = v1's threshold, for contrast; size_matched = inside this community's real-part IQR",pixel,1988-2022 (35 water years),unzoned standard-grazing country,0.06235142839918241
U0060,Aeolian Chenopod Shrublands,aeolian,1,0.0623514283991824,17.484783,,5.714286,0,0,0,0,0,,,,,,,,,,,,1,"1 by construction: a patch is defined as a single 8-connected component, unlike a real part which may be several","veg_p05_spatial_mean_over_years and veg_p05_temporal_mean are DIFFERENT METRICS and are never co-plotted, differenced or captioned with one word. Arm B uses the first, Arm A the second.",offset is against Arm A's zoned DISPLAY SMOOTHER on the temporal metric: not a residual and not a test. NA where the patch is outside the zoned water range.,"115-part: 52.697196 + 0.547274 x mean water; 64-paddock: 52.652934 + 0.547838 x mean water. Both APPLIED, neither refitted.","8-connected component within one vegetation community, outside every management zone","meets_support_rule = >=25 water years with >=30 valid cells; meets_500_cells = the PARTSCATTER floor used by Arm A; meets_bare_33_cells = v1's threshold, for contrast; size_matched = inside this community's real-part IQR",pixel,1988-2022 (35 water years),unzoned standard-grazing country,0.06235142839918241
U0061,Aeolian Chenopod Shrublands,aeolian,1,0.0623514283991824,17.730474,,0.0,0,0,0,0,0,,,,,,,,,,,,1,"1 by construction: a patch is defined as a single 8-connected component, unlike a real part which may be several","veg_p05_spatial_mean_over_years and veg_p05_temporal_mean are DIFFERENT METRICS and are never co-plotted, differenced or captioned with one word. Arm B uses the first, Arm A the second.",offset is against Arm A's zoned DISPLAY SMOOTHER on the temporal metric: not a residual and not a test. NA where the patch is outside the zoned water range.,"115-part: 52.697196 + 0.547274 x mean water; 64-paddock: 52.652934 + 0.547838 x mean water. Both APPLIED, neither refitted.","8-connected component within one vegetation community, outside every management zone","meets_support_rule = >=25 water years with >=30 valid cells; meets_500_cells = the PARTSCATTER floor used by Arm A; meets_bare_33_cells = v1's threshold, for contrast; size_matched = inside this community's real-part IQR",pixel,1988-2022 (35 water years),unzoned standard-grazing country,0.06235142839918241
U0062,Aeolian Chenopod Shrublands,aeolian,2,0.1247028567983648,31.056206,0.2265356,0.0,0,0,0,0,0,,,,,,,,,,,,1,"1 by construction: a patch is defined as a single 8-connected component, unlike a real part which may be several","veg_p05_spatial_mean_over_years and veg_p05_temporal_mean are DIFFERENT METRICS and are never co-plotted, differenced or captioned with one word. Arm B uses the first, Arm A the second.",offset is against Arm A's zoned DISPLAY SMOOTHER on the temporal metric: not a residual and not a test. NA where the patch is outside the zoned water range.,"115-part: 52.697196 + 0.547274 x mean water; 64-paddock: 52.652934 + 0.547838 x mean water. Both APPLIED, neither refitted.","8-connected component within one vegetation community, outside every management zone","meets_support_rule = >=25 water years with >=30 valid cells; meets_500_cells = the PARTSCATTER floor used by Arm A; meets_bare_33_cells = v1's threshold, for contrast; size_matched = inside this community's real-part IQR",pixel,1988-2022 (35 water years),unzoned standard-grazing country,0.06235142839918241
U0063,Aeolian Chenopod Shrublands,aeolian,1,0.0623514283991824,51.644775,,5.714286,0,0,0,0,0,,,,,,,,,,,,1,"1 by construction: a patch is defined as a single 8-connected component, unlike a real part which may be several","veg_p05_spatial_mean_over_years and veg_p05_temporal_mean are DIFFERENT METRICS and are never co-plotted, differenced or captioned with one word. Arm B uses the first, Arm A the second.",offset is against Arm A's zoned DISPLAY SMOOTHER on the temporal metric: not a residual and not a test. NA where the patch is outside the zoned water range.,"115-part: 52.697196 + 0.547274 x mean water; 64-paddock: 52.652934 + 0.547838 x mean water. Both APPLIED, neither refitted.","8-connected component within one vegetation community, outside every management zone","meets_support_rule = >=25 water years with >=30 valid cells; meets_500_cells = the PARTSCATTER floor used by Arm A; meets_bare_33_cells = v1's threshold, for contrast; size_matched = inside this community's real-part IQR",pixel,1988-2022 (35 water years),unzoned standard-grazing country,0.06235142839918241
U0064,Aeolian Chenopod Shrublands,aeolian,1,0.0623514283991824,36.717293,,0.0,0,0,0,0,0,,,,,,,,,,,,1,"1 by construction: a patch is defined as a single 8-connected component, unlike a real part which may be several","veg_p05_spatial_mean_over_years and veg_p05_temporal_mean are DIFFERENT METRICS and are never co-plotted, differenced or captioned with one word. Arm B uses the first, Arm A the second.",offset is against Arm A's zoned DISPLAY SMOOTHER on the temporal metric: not a residual and not a test. NA where the patch is outside the zoned water range.,"115-part: 52.697196 + 0.547274 x mean water; 64-paddock: 52.652934 + 0.547838 x mean water. Both APPLIED, neither refitted.","8-connected component within one vegetation community, outside every management zone","meets_support_rule = >=25 water years with >=30 valid cells; meets_500_cells = the PARTSCATTER floor used by Arm A; meets_bare_33_cells = v1's threshold, for contrast; size_matched = inside this community's real-part IQR",pixel,1988-2022 (35 water years),unzoned standard-grazing country,0.06235142839918241
U0065,Aeolian Chenopod Shrublands,aeolian,2,0.1247028567983648,20.284409,4.7619157,4.285714,0,0,0,0,0,,,,,,,,,,,,1,"1 by construction: a patch is defined as a single 8-connected component, unlike a real part which may be several","veg_p05_spatial_mean_over_years and veg_p05_temporal_mean are DIFFERENT METRICS and are never co-plotted, differenced or captioned with one word. Arm B uses the first, Arm A the second.",offset is against Arm A's zoned DISPLAY SMOOTHER on the temporal metric: not a residual and not a test. NA where the patch is outside the zoned water range.,"115-part: 52.697196 + 0.547274 x mean water; 64-paddock: 52.652934 + 0.547838 x mean water. Both APPLIED, neither refitted.","8-connected component within one vegetation community, outside every management zone","meets_support_rule = >=25 water years with >=30 valid cells; meets_500_cells = the PARTSCATTER floor used by Arm A; meets_bare_33_cells = v1's threshold, for contrast; size_matched = inside this community's real-part IQR",pixel,1988-2022 (35 water years),unzoned standard-grazing country,0.06235142839918241
U0066,Aeolian Chenopod Shrublands,aeolian,4,0.2494057135967296,22.248377,1.8092446,0.71428573,0,0,0,0,0,,,,,,,,,,,,1,"1 by construction: a patch is defined as a single 8-connected component, unlike a real part which may be several","veg_p05_spatial_mean_over_years and veg_p05_temporal_mean are DIFFERENT METRICS and are never co-plotted, differenced or captioned with one word. Arm B uses the first, Arm A the second.",offset is against Arm A's zoned DISPLAY SMOOTHER on the temporal metric: not a residual and not a test. NA where the patch is outside the zoned water range.,"115-part: 52.697196 + 0.547274 x mean water; 64-paddock: 52.652934 + 0.547838 x mean water. Both APPLIED, neither refitted.","8-connected component within one vegetation community, outside every management zone","meets_support_rule = >=25 water years with >=30 valid cells; meets_500_cells = the PARTSCATTER floor used by Arm A; meets_bare_33_cells = v1's threshold, for contrast; size_matched = inside this community's real-part IQR",pixel,1988-2022 (35 water years),unzoned standard-grazing country,0.06235142839918241
U0067,Aeolian Chenopod Shrublands,aeolian,7,0.4364599987942769,26.120802,0.84564596,1.2244898,0,0,0,0,0,,,,,,,,,,,,1,"1 by construction: a patch is defined as a single 8-connected component, unlike a real part which may be several","veg_p05_spatial_mean_over_years and veg_p05_temporal_mean are DIFFERENT METRICS and are never co-plotted, differenced or captioned with one word. Arm B uses the first, Arm A the second.",offset is against Arm A's zoned DISPLAY SMOOTHER on the temporal metric: not a residual and not a test. NA where the patch is outside the zoned water range.,"115-part: 52.697196 + 0.547274 x mean water; 64-paddock: 52.652934 + 0.547838 x mean water. Both APPLIED, neither refitted.","8-connected component within one vegetation community, outside every management zone","meets_support_rule = >=25 water years with >=30 valid cells; meets_500_cells = the PARTSCATTER floor used by Arm A; meets_bare_33_cells = v1's threshold, for contrast; size_matched = inside this community's real-part IQR",pixel,1988-2022 (35 water years),unzoned standard-grazing country,0.06235142839918241
U0068,Aeolian Chenopod Shrublands,aeolian,2,0.1247028567983648,35.091946,5.476389,10.0,0,0,0,0,0,,,,,,,,,,,,1,"1 by construction: a patch is defined as a single 8-connected component, unlike a real part which may be several","veg_p05_spatial_mean_over_years and veg_p05_temporal_mean are DIFFERENT METRICS and are never co-plotted, differenced or captioned with one word. Arm B uses the first, Arm A the second.",offset is against Arm A's zoned DISPLAY SMOOTHER on the temporal metric: not a residual and not a test. NA where the patch is outside the zoned water range.,"115-part: 52.697196 + 0.547274 x mean water; 64-paddock: 52.652934 + 0.547838 x mean water. Both APPLIED, neither refitted.","8-connected component within one vegetation community, outside every management zone","meets_support_rule = >=25 water years with >=30 valid cells; meets_500_cells = the PARTSCATTER floor used by Arm A; meets_bare_33_cells = v1's threshold, for contrast; size_matched = inside this community's real-part IQR",pixel,1988-2022 (35 water years),unzoned standard-grazing country,0.06235142839918241
U0069,Aeolian Chenopod Shrublands,aeolian,9,0.5611628555926417,28.353003,13.414443,2.857143,0,0,0,0,0,,,,,,,,,,,,1,"1 by construction: a patch is defined as a single 8-connected component, unlike a real part which may be several","veg_p05_spatial_mean_over_years and veg_p05_temporal_mean are DIFFERENT METRICS and are never co-plotted, differenced or captioned with one word. Arm B uses the first, Arm A the second.",offset is against Arm A's zoned DISPLAY SMOOTHER on the temporal metric: not a residual and not a test. NA where the patch is outside the zoned water range.,"115-part: 52.697196 + 0.547274 x mean water; 64-paddock: 52.652934 + 0.547838 x mean water. Both APPLIED, neither refitted.","8-connected component within one vegetation community, outside every management zone","meets_support_rule = >=25 water years with >=30 valid cells; meets_500_cells = the PARTSCATTER floor used by Arm A; meets_bare_33_cells = v1's threshold, for contrast; size_matched = inside this community's real-part IQR",pixel,1988-2022 (35 water years),unzoned standard-grazing country,0.06235142839918241
U0070,Aeolian Chenopod Shrublands,aeolian,3,0.1870542851975472,21.272606,8.464184,7.6190476,0,0,0,0,0,,,,,,,,,,,,1,"1 by construction: a patch is defined as a single 8-connected component, unlike a real part which may be several","veg_p05_spatial_mean_over_years and veg_p05_temporal_mean are DIFFERENT METRICS and are never co-plotted, differenced or captioned with one word. Arm B uses the first, Arm A the second.",offset is against Arm A's zoned DISPLAY SMOOTHER on the temporal metric: not a residual and not a test. NA where the patch is outside the zoned water range.,"115-part: 52.697196 + 0.547274 x mean water; 64-paddock: 52.652934 + 0.547838 x mean water. Both APPLIED, neither refitted.","8-connected component within one vegetation community, outside every management zone","meets_support_rule = >=25 water years with >=30 valid cells; meets_500_cells = the PARTSCATTER floor used by Arm A; meets_bare_33_cells = v1's threshold, for contrast; size_matched = inside this community's real-part IQR",pixel,1988-2022 (35 water years),unzoned standard-grazing country,0.06235142839918241
U0071,Aeolian Chenopod Shrublands,aeolian,1,0.0623514283991824,30.454725,,5.714286,0,0,0,0,0,,,,,,,,,,,,1,"1 by construction: a patch is defined as a single 8-connected component, unlike a real part which may be several","veg_p05_spatial_mean_over_years and veg_p05_temporal_mean are DIFFERENT METRICS and are never co-plotted, differenced or captioned with one word. Arm B uses the first, Arm A the second.",offset is against Arm A's zoned DISPLAY SMOOTHER on the temporal metric: not a residual and not a test. NA where the patch is outside the zoned water range.,"115-part: 52.697196 + 0.547274 x mean water; 64-paddock: 52.652934 + 0.547838 x mean water. Both APPLIED, neither refitted.","8-connected component within one vegetation community, outside every management zone","meets_support_rule = >=25 water years with >=30 valid cells; meets_500_cells = the PARTSCATTER floor used by Arm A; meets_bare_33_cells = v1's threshold, for contrast; size_matched = inside this community's real-part IQR",pixel,1988-2022 (35 water years),unzoned standard-grazing country,0.06235142839918241
U0072,Aeolian Chenopod Shrublands,aeolian,1,0.0623514283991824,40.888985,,0.0,0,0,0,0,0,,,,,,,,,,,,1,"1 by construction: a patch is defined as a single 8-connected component, unlike a real part which may be several","veg_p05_spatial_mean_over_years and veg_p05_temporal_mean are DIFFERENT METRICS and are never co-plotted, differenced or captioned with one word. Arm B uses the first, Arm A the second.",offset is against Arm A's zoned DISPLAY SMOOTHER on the temporal metric: not a residual and not a test. NA where the patch is outside the zoned water range.,"115-part: 52.697196 + 0.547274 x mean water; 64-paddock: 52.652934 + 0.547838 x mean water. Both APPLIED, neither refitted.","8-connected component within one vegetation community, outside every management zone","meets_support_rule = >=25 water years with >=30 valid cells; meets_500_cells = the PARTSCATTER floor used by Arm A; meets_bare_33_cells = v1's threshold, for contrast; size_matched = inside this community's real-part IQR",pixel,1988-2022 (35 water years),unzoned standard-grazing country,0.06235142839918241
U0073,Aeolian Chenopod Shrublands,aeolian,3,0.1870542851975472,49.041348,1.922568,9.52381,0,0,0,0,0,,,,,,,,,,,,1,"1 by construction: a patch is defined as a single 8-connected component, unlike a real part which may be several","veg_p05_spatial_mean_over_years and veg_p05_temporal_mean are DIFFERENT METRICS and are never co-plotted, differenced or captioned with one word. Arm B uses the first, Arm A the second.",offset is against Arm A's zoned DISPLAY SMOOTHER on the temporal metric: not a residual and not a test. NA where the patch is outside the zoned water range.,"115-part: 52.697196 + 0.547274 x mean water; 64-paddock: 52.652934 + 0.547838 x mean water. Both APPLIED, neither refitted.","8-connected component within one vegetation community, outside every management zone","meets_support_rule = >=25 water years with >=30 valid cells; meets_500_cells = the PARTSCATTER floor used by Arm A; meets_bare_33_cells = v1's threshold, for contrast; size_matched = inside this community's real-part IQR",pixel,1988-2022 (35 water years),unzoned standard-grazing country,0.06235142839918241
U0074,Aeolian Chenopod Shrublands,aeolian,3,0.1870542851975472,58.186405,2.2757862,2.8571427,0,0,0,0,0,,,,,,,,,,,,1,"1 by construction: a patch is defined as a single 8-connected component, unlike a real part which may be several","veg_p05_spatial_mean_over_years and veg_p05_temporal_mean are DIFFERENT METRICS and are never co-plotted, differenced or captioned with one word. Arm B uses the first, Arm A the second.",offset is against Arm A's zoned DISPLAY SMOOTHER on the temporal metric: not a residual and not a test. NA where the patch is outside the zoned water range.,"115-part: 52.697196 + 0.547274 x mean water; 64-paddock: 52.652934 + 0.547838 x mean water. Both APPLIED, neither refitted.","8-connected component within one vegetation community, outside every management zone","meets_support_rule = >=25 water years with >=30 valid cells; meets_500_cells = the PARTSCATTER floor used by Arm A; meets_bare_33_cells = v1's threshold, for contrast; size_matched = inside this community's real-part IQR",pixel,1988-2022 (35 water years),unzoned standard-grazing country,0.06235142839918241
U0075,Aeolian Chenopod Shrublands,aeolian,4,0.2494057135967296,44.161762,1.5705296,2.142857,0,0,0,0,0,,,,,,,,,,,,1,"1 by construction: a patch is defined as a single 8-connected component, unlike a real part which may be several","veg_p05_spatial_mean_over_years and veg_p05_temporal_mean are DIFFERENT METRICS and are never co-plotted, differenced or captioned with one word. Arm B uses the first, Arm A the second.",offset is against Arm A's zoned DISPLAY SMOOTHER on the temporal metric: not a residual and not a test. NA where the patch is outside the zoned water range.,"115-part: 52.697196 + 0.547274 x mean water; 64-paddock: 52.652934 + 0.547838 x mean water. Both APPLIED, neither refitted.","8-connected component within one vegetation community, outside every management zone","meets_support_rule = >=25 water years with >=30 valid cells; meets_500_cells = the PARTSCATTER floor used by Arm A; meets_bare_33_cells = v1's threshold, for contrast; size_matched = inside this community's real-part IQR",pixel,1988-2022 (35 water years),unzoned standard-grazing country,0.06235142839918241
U0076,Inland Floodplain Shrublands / Swamps,inland,16,0.9976228543869186,65.15466,2.776396,19.642857,0,0,0,0,0,,,,,,,,,,,,1,"1 by construction: a patch is defined as a single 8-connected component, unlike a real part which may be several","veg_p05_spatial_mean_over_years and veg_p05_temporal_mean are DIFFERENT METRICS and are never co-plotted, differenced or captioned with one word. Arm B uses the first, Arm A the second.",offset is against Arm A's zoned DISPLAY SMOOTHER on the temporal metric: not a residual and not a test. NA where the patch is outside the zoned water range.,"115-part: 52.697196 + 0.547274 x mean water; 64-paddock: 52.652934 + 0.547838 x mean water. Both APPLIED, neither refitted.","8-connected component within one vegetation community, outside every management zone","meets_support_rule = >=25 water years with >=30 valid cells; meets_500_cells = the PARTSCATTER floor used by Arm A; meets_bare_33_cells = v1's threshold, for contrast; size_matched = inside this community's real-part IQR",pixel,1988-2022 (35 water years),unzoned standard-grazing country,0.06235142839918241
U0077,Inland Floodplain Shrublands / Swamps,inland,35,2.1822999939713843,64.60664,3.5283103,24.897959,35,1,1,0,0,78.42838448660714,24.89795918367347,35.0,0.1526831518813526,0.6868951009389341,0.4141975117359753,1.0,,,12.105189278087508,12.135402323341836,1,"1 by construction: a patch is defined as a single 8-connected component, unlike a real part which may be several","veg_p05_spatial_mean_over_years and veg_p05_temporal_mean are DIFFERENT METRICS and are never co-plotted, differenced or captioned with one word. Arm B uses the first, Arm A the second.",offset is against Arm A's zoned DISPLAY SMOOTHER on the temporal metric: not a residual and not a test. NA where the patch is outside the zoned water range.,"115-part: 52.697196 + 0.547274 x mean water; 64-paddock: 52.652934 + 0.547838 x mean water. Both APPLIED, neither refitted.","8-connected component within one vegetation community, outside every management zone","meets_support_rule = >=25 water years with >=30 valid cells; meets_500_cells = the PARTSCATTER floor used by Arm A; meets_bare_33_cells = v1's threshold, for contrast; size_matched = inside this community's real-part IQR",pixel,1988-2022 (35 water years),unzoned standard-grazing country,0.06235142839918241
U0078,Inland Floodplain Shrublands / Swamps,inland,58,3.61638284715258,70.77713,4.3495464,9.2118225,35,1,1,0,0,80.10507228306362,9.211822660098521,35.0,0.083044682772557,0.2722233976459416,0.40536667230607,1.0,,,22.36648757097857,22.40555178060056,1,"1 by construction: a patch is defined as a single 8-connected component, unlike a real part which may be several","veg_p05_spatial_mean_over_years and veg_p05_temporal_mean are DIFFERENT METRICS and are never co-plotted, differenced or captioned with one word. Arm B uses the first, Arm A the second.",offset is against Arm A's zoned DISPLAY SMOOTHER on the temporal metric: not a residual and not a test. NA where the patch is outside the zoned water range.,"115-part: 52.697196 + 0.547274 x mean water; 64-paddock: 52.652934 + 0.547838 x mean water. Both APPLIED, neither refitted.","8-connected component within one vegetation community, outside every management zone","meets_support_rule = >=25 water years with >=30 valid cells; meets_500_cells = the PARTSCATTER floor used by Arm A; meets_bare_33_cells = v1's threshold, for contrast; size_matched = inside this community's real-part IQR",pixel,1988-2022 (35 water years),unzoned standard-grazing country,0.06235142839918241
U0079,Inland Floodplain Shrublands / Swamps,inland,1,0.0623514283991824,63.5062,,5.714286,0,0,0,0,0,,,,,,,,,,,,1,"1 by construction: a patch is defined as a single 8-connected component, unlike a real part which may be several","veg_p05_spatial_mean_over_years and veg_p05_temporal_mean are DIFFERENT METRICS and are never co-plotted, differenced or captioned with one word. Arm B uses the first, Arm A the second.",offset is against Arm A's zoned DISPLAY SMOOTHER on the temporal metric: not a residual and not a test. NA where the patch is outside the zoned water range.,"115-part: 52.697196 + 0.547274 x mean water; 64-paddock: 52.652934 + 0.547838 x mean water. Both APPLIED, neither refitted.","8-connected component within one vegetation community, outside every management zone","meets_support_rule = >=25 water years with >=30 valid cells; meets_500_cells = the PARTSCATTER floor used by Arm A; meets_bare_33_cells = v1's threshold, for contrast; size_matched = inside this community's real-part IQR",pixel,1988-2022 (35 water years),unzoned standard-grazing country,0.06235142839918241
U0080,Inland Floodplain Shrublands / Swamps,inland,2,0.1247028567983648,67.33553,1.6706175,21.428572,0,0,0,0,0,,,,,,,,,,,,1,"1 by construction: a patch is defined as a single 8-connected component, unlike a real part which may be several","veg_p05_spatial_mean_over_years and veg_p05_temporal_mean are DIFFERENT METRICS and are never co-plotted, differenced or captioned with one word. Arm B uses the first, Arm A the second.",offset is against Arm A's zoned DISPLAY SMOOTHER on the temporal metric: not a residual and not a test. NA where the patch is outside the zoned water range.,"115-part: 52.697196 + 0.547274 x mean water; 64-paddock: 52.652934 + 0.547838 x mean water. Both APPLIED, neither refitted.","8-connected component within one vegetation community, outside every management zone","meets_support_rule = >=25 water years with >=30 valid cells; meets_500_cells = the PARTSCATTER floor used by Arm A; meets_bare_33_cells = v1's threshold, for contrast; size_matched = inside this community's real-part IQR",pixel,1988-2022 (35 water years),unzoned standard-grazing country,0.06235142839918241
U0081,Inland Floodplain Shrublands / Swamps,inland,118,7.357468551103524,63.30038,5.7694273,30.0,35,1,1,0,0,73.91636506761823,30.0,35.0,0.1436350234674421,0.5798146342071786,0.4196539419344571,1.0,,,4.800956934058192,4.828291067618224,1,"1 by construction: a patch is defined as a single 8-connected component, unlike a real part which may be several","veg_p05_spatial_mean_over_years and veg_p05_temporal_mean are DIFFERENT METRICS and are never co-plotted, differenced or captioned with one word. Arm B uses the first, Arm A the second.",offset is against Arm A's zoned DISPLAY SMOOTHER on the temporal metric: not a residual and not a test. NA where the patch is outside the zoned water range.,"115-part: 52.697196 + 0.547274 x mean water; 64-paddock: 52.652934 + 0.547838 x mean water. Both APPLIED, neither refitted.","8-connected component within one vegetation community, outside every management zone","meets_support_rule = >=25 water years with >=30 valid cells; meets_500_cells = the PARTSCATTER floor used by Arm A; meets_bare_33_cells = v1's threshold, for contrast; size_matched = inside this community's real-part IQR",pixel,1988-2022 (35 water years),unzoned standard-grazing country,0.06235142839918241
U0082,Inland Floodplain Shrublands / Swamps,inland,1,0.0623514283991824,66.68128,,31.428572,0,0,0,0,0,,,,,,,,,,,,1,"1 by construction: a patch is defined as a single 8-connected component, unlike a real part which may be several","veg_p05_spatial_mean_over_years and veg_p05_temporal_mean are DIFFERENT METRICS and are never co-plotted, differenced or captioned with one word. Arm B uses the first, Arm A the second.",offset is against Arm A's zoned DISPLAY SMOOTHER on the temporal metric: not a residual and not a test. NA where the patch is outside the zoned water range.,"115-part: 52.697196 + 0.547274 x mean water; 64-paddock: 52.652934 + 0.547838 x mean water. Both APPLIED, neither refitted.","8-connected component within one vegetation community, outside every management zone","meets_support_rule = >=25 water years with >=30 valid cells; meets_500_cells = the PARTSCATTER floor used by Arm A; meets_bare_33_cells = v1's threshold, for contrast; size_matched = inside this community's real-part IQR",pixel,1988-2022 (35 water years),unzoned standard-grazing country,0.06235142839918241
U0083,Inland Floodplain Shrublands / Swamps,inland,1,0.0623514283991824,61.03822,,17.142857,0,0,0,0,0,,,,,,,,,,,,1,"1 by construction: a patch is defined as a single 8-connected component, unlike a real part which may be several","veg_p05_spatial_mean_over_years and veg_p05_temporal_mean are DIFFERENT METRICS and are never co-plotted, differenced or captioned with one word. Arm B uses the first, Arm A the second.",offset is against Arm A's zoned DISPLAY SMOOTHER on the temporal metric: not a residual and not a test. NA where the patch is outside the zoned water range.,"115-part: 52.697196 + 0.547274 x mean water; 64-paddock: 52.652934 + 0.547838 x mean water. Both APPLIED, neither refitted.","8-connected component within one vegetation community, outside every management zone","meets_support_rule = >=25 water years with >=30 valid cells; meets_500_cells = the PARTSCATTER floor used by Arm A; meets_bare_33_cells = v1's threshold, for contrast; size_matched = inside this community's real-part IQR",pixel,1988-2022 (35 water years),unzoned standard-grazing country,0.06235142839918241
U0084,Inland Floodplain Shrublands / Swamps,inland,2,0.1247028567983648,47.688534,3.225236,2.857143,0,0,0,0,0,,,,,,,,,,,,1,"1 by construction: a patch is defined as a single 8-connected component, unlike a real part which may be several","veg_p05_spatial_mean_over_years and veg_p05_temporal_mean are DIFFERENT METRICS and are never co-plotted, differenced or captioned with one word. Arm B uses the first, Arm A the second.",offset is against Arm A's zoned DISPLAY SMOOTHER on the temporal metric: not a residual and not a test. NA where the patch is outside the zoned water range.,"115-part: 52.697196 + 0.547274 x mean water; 64-paddock: 52.652934 + 0.547838 x mean water. Both APPLIED, neither refitted.","8-connected component within one vegetation community, outside every management zone","meets_support_rule = >=25 water years with >=30 valid cells; meets_500_cells = the PARTSCATTER floor used by Arm A; meets_bare_33_cells = v1's threshold, for contrast; size_matched = inside this community's real-part IQR",pixel,1988-2022 (35 water years),unzoned standard-grazing country,0.06235142839918241
U0085,Inland Floodplain Shrublands / Swamps,inland,4,0.2494057135967296,52.73995,5.550434,2.857143,0,0,0,0,0,,,,,,,,,,,,1,"1 by construction: a patch is defined as a single 8-connected component, unlike a real part which may be several","veg_p05_spatial_mean_over_years and veg_p05_temporal_mean are DIFFERENT METRICS and are never co-plotted, differenced or captioned with one word. Arm B uses the first, Arm A the second.",offset is against Arm A's zoned DISPLAY SMOOTHER on the temporal metric: not a residual and not a test. NA where the patch is outside the zoned water range.,"115-part: 52.697196 + 0.547274 x mean water; 64-paddock: 52.652934 + 0.547838 x mean water. Both APPLIED, neither refitted.","8-connected component within one vegetation community, outside every management zone","meets_support_rule = >=25 water years with >=30 valid cells; meets_500_cells = the PARTSCATTER floor used by Arm A; meets_bare_33_cells = v1's threshold, for contrast; size_matched = inside this community's real-part IQR",pixel,1988-2022 (35 water years),unzoned standard-grazing country,0.06235142839918241
U0086,Inland Floodplain Shrublands / Swamps,inland,3,0.1870542851975472,57.26006,1.0564132,20.95238,0,0,0,0,0,,,,,,,,,,,,1,"1 by construction: a patch is defined as a single 8-connected component, unlike a real part which may be several","veg_p05_spatial_mean_over_years and veg_p05_temporal_mean are DIFFERENT METRICS and are never co-plotted, differenced or captioned with one word. Arm B uses the first, Arm A the second.",offset is against Arm A's zoned DISPLAY SMOOTHER on the temporal metric: not a residual and not a test. NA where the patch is outside the zoned water range.,"115-part: 52.697196 + 0.547274 x mean water; 64-paddock: 52.652934 + 0.547838 x mean water. Both APPLIED, neither refitted.","8-connected component within one vegetation community, outside every management zone","meets_support_rule = >=25 water years with >=30 valid cells; meets_500_cells = the PARTSCATTER floor used by Arm A; meets_bare_33_cells = v1's threshold, for contrast; size_matched = inside this community's real-part IQR",pixel,1988-2022 (35 water years),unzoned standard-grazing country,0.06235142839918241
U0087,Inland Floodplain Shrublands / Swamps,inland,4,0.2494057135967296,65.26242,1.4427576,32.857143,0,0,0,0,0,,,,,,,,,,,,1,"1 by construction: a patch is defined as a single 8-connected component, unlike a real part which may be several","veg_p05_spatial_mean_over_years and veg_p05_temporal_mean are DIFFERENT METRICS and are never co-plotted, differenced or captioned with one word. Arm B uses the first, Arm A the second.",offset is against Arm A's zoned DISPLAY SMOOTHER on the temporal metric: not a residual and not a test. NA where the patch is outside the zoned water range.,"115-part: 52.697196 + 0.547274 x mean water; 64-paddock: 52.652934 + 0.547838 x mean water. Both APPLIED, neither refitted.","8-connected component within one vegetation community, outside every management zone","meets_support_rule = >=25 water years with >=30 valid cells; meets_500_cells = the PARTSCATTER floor used by Arm A; meets_bare_33_cells = v1's threshold, for contrast; size_matched = inside this community's real-part IQR",pixel,1988-2022 (35 water years),unzoned standard-grazing country,0.06235142839918241
U0088,Inland Floodplain Shrublands / Swamps,inland,1,0.0623514283991824,28.465277,,5.714286,0,0,0,0,0,,,,,,,,,,,,1,"1 by construction: a patch is defined as a single 8-connected component, unlike a real part which may be several","veg_p05_spatial_mean_over_years and veg_p05_temporal_mean are DIFFERENT METRICS and are never co-plotted, differenced or captioned with one word. Arm B uses the first, Arm A the second.",offset is against Arm A's zoned DISPLAY SMOOTHER on the temporal metric: not a residual and not a test. NA where the patch is outside the zoned water range.,"115-part: 52.697196 + 0.547274 x mean water; 64-paddock: 52.652934 + 0.547838 x mean water. Both APPLIED, neither refitted.","8-connected component within one vegetation community, outside every management zone","meets_support_rule = >=25 water years with >=30 valid cells; meets_500_cells = the PARTSCATTER floor used by Arm A; meets_bare_33_cells = v1's threshold, for contrast; size_matched = inside this community's real-part IQR",pixel,1988-2022 (35 water years),unzoned standard-grazing country,0.06235142839918241
U0089,Inland Floodplain Shrublands / Swamps,inland,3,0.1870542851975472,60.32596,1.9580262,29.52381,0,0,0,0,0,,,,,,,,,,,,1,"1 by construction: a patch is defined as a single 8-connected component, unlike a real part which may be several","veg_p05_spatial_mean_over_years and veg_p05_temporal_mean are DIFFERENT METRICS and are never co-plotted, differenced or captioned with one word. Arm B uses the first, Arm A the second.",offset is against Arm A's zoned DISPLAY SMOOTHER on the temporal metric: not a residual and not a test. NA where the patch is outside the zoned water range.,"115-part: 52.697196 + 0.547274 x mean water; 64-paddock: 52.652934 + 0.547838 x mean water. Both APPLIED, neither refitted.","8-connected component within one vegetation community, outside every management zone","meets_support_rule = >=25 water years with >=30 valid cells; meets_500_cells = the PARTSCATTER floor used by Arm A; meets_bare_33_cells = v1's threshold, for contrast; size_matched = inside this community's real-part IQR",pixel,1988-2022 (35 water years),unzoned standard-grazing country,0.06235142839918241
U0090,Inland Floodplain Shrublands / Swamps,inland,8,0.4988114271934593,56.18195,1.5638126,23.214287,0,0,0,0,0,,,,,,,,,,,,1,"1 by construction: a patch is defined as a single 8-connected component, unlike a real part which may be several","veg_p05_spatial_mean_over_years and veg_p05_temporal_mean are DIFFERENT METRICS and are never co-plotted, differenced or captioned with one word. Arm B uses the first, Arm A the second.",offset is against Arm A's zoned DISPLAY SMOOTHER on the temporal metric: not a residual and not a test. NA where the patch is outside the zoned water range.,"115-part: 52.697196 + 0.547274 x mean water; 64-paddock: 52.652934 + 0.547838 x mean water. Both APPLIED, neither refitted.","8-connected component within one vegetation community, outside every management zone","meets_support_rule = >=25 water years with >=30 valid cells; meets_500_cells = the PARTSCATTER floor used by Arm A; meets_bare_33_cells = v1's threshold, for contrast; size_matched = inside this community's real-part IQR",pixel,1988-2022 (35 water years),unzoned standard-grazing country,0.06235142839918241
U0091,Inland Floodplain Shrublands / Swamps,inland,7,0.4364599987942769,57.852177,1.8098087,26.12245,0,0,0,0,0,,,,,,,,,,,,1,"1 by construction: a patch is defined as a single 8-connected component, unlike a real part which may be several","veg_p05_spatial_mean_over_years and veg_p05_temporal_mean are DIFFERENT METRICS and are never co-plotted, differenced or captioned with one word. Arm B uses the first, Arm A the second.",offset is against Arm A's zoned DISPLAY SMOOTHER on the temporal metric: not a residual and not a test. NA where the patch is outside the zoned water range.,"115-part: 52.697196 + 0.547274 x mean water; 64-paddock: 52.652934 + 0.547838 x mean water. Both APPLIED, neither refitted.","8-connected component within one vegetation community, outside every management zone","meets_support_rule = >=25 water years with >=30 valid cells; meets_500_cells = the PARTSCATTER floor used by Arm A; meets_bare_33_cells = v1's threshold, for contrast; size_matched = inside this community's real-part IQR",pixel,1988-2022 (35 water years),unzoned standard-grazing country,0.06235142839918241
U0092,Inland Floodplain Shrublands / Swamps,inland,6,0.3741085703950945,60.390812,1.3840053,26.666666,0,0,0,0,0,,,,,,,,,,,,1,"1 by construction: a patch is defined as a single 8-connected component, unlike a real part which may be several","veg_p05_spatial_mean_over_years and veg_p05_temporal_mean are DIFFERENT METRICS and are never co-plotted, differenced or captioned with one word. Arm B uses the first, Arm A the second.",offset is against Arm A's zoned DISPLAY SMOOTHER on the temporal metric: not a residual and not a test. NA where the patch is outside the zoned water range.,"115-part: 52.697196 + 0.547274 x mean water; 64-paddock: 52.652934 + 0.547838 x mean water. Both APPLIED, neither refitted.","8-connected component within one vegetation community, outside every management zone","meets_support_rule = >=25 water years with >=30 valid cells; meets_500_cells = the PARTSCATTER floor used by Arm A; meets_bare_33_cells = v1's threshold, for contrast; size_matched = inside this community's real-part IQR",pixel,1988-2022 (35 water years),unzoned standard-grazing country,0.06235142839918241
U0093,Inland Floodplain Shrublands / Swamps,inland,5,0.311757141995912,62.593376,1.5997505,37.142857,0,0,0,0,0,,,,,,,,,,,,1,"1 by construction: a patch is defined as a single 8-connected component, unlike a real part which may be several","veg_p05_spatial_mean_over_years and veg_p05_temporal_mean are DIFFERENT METRICS and are never co-plotted, differenced or captioned with one word. Arm B uses the first, Arm A the second.",offset is against Arm A's zoned DISPLAY SMOOTHER on the temporal metric: not a residual and not a test. NA where the patch is outside the zoned water range.,"115-part: 52.697196 + 0.547274 x mean water; 64-paddock: 52.652934 + 0.547838 x mean water. Both APPLIED, neither refitted.","8-connected component within one vegetation community, outside every management zone","meets_support_rule = >=25 water years with >=30 valid cells; meets_500_cells = the PARTSCATTER floor used by Arm A; meets_bare_33_cells = v1's threshold, for contrast; size_matched = inside this community's real-part IQR",pixel,1988-2022 (35 water years),unzoned standard-grazing country,0.06235142839918241
U0094,Inland Floodplain Shrublands / Swamps,inland,4,0.2494057135967296,51.631493,1.0577285,35.0,0,0,0,0,0,,,,,,,,,,,,1,"1 by construction: a patch is defined as a single 8-connected component, unlike a real part which may be several","veg_p05_spatial_mean_over_years and veg_p05_temporal_mean are DIFFERENT METRICS and are never co-plotted, differenced or captioned with one word. Arm B uses the first, Arm A the second.",offset is against Arm A's zoned DISPLAY SMOOTHER on the temporal metric: not a residual and not a test. NA where the patch is outside the zoned water range.,"115-part: 52.697196 + 0.547274 x mean water; 64-paddock: 52.652934 + 0.547838 x mean water. Both APPLIED, neither refitted.","8-connected component within one vegetation community, outside every management zone","meets_support_rule = >=25 water years with >=30 valid cells; meets_500_cells = the PARTSCATTER floor used by Arm A; meets_bare_33_cells = v1's threshold, for contrast; size_matched = inside this community's real-part IQR",pixel,1988-2022 (35 water years),unzoned standard-grazing country,0.06235142839918241
U0095,Inland Floodplain Shrublands / Swamps,inland,5,0.311757141995912,50.012844,3.3194275,27.42857,0,0,0,0,0,,,,,,,,,,,,1,"1 by construction: a patch is defined as a single 8-connected component, unlike a real part which may be several","veg_p05_spatial_mean_over_years and veg_p05_temporal_mean are DIFFERENT METRICS and are never co-plotted, differenced or captioned with one word. Arm B uses the first, Arm A the second.",offset is against Arm A's zoned DISPLAY SMOOTHER on the temporal metric: not a residual and not a test. NA where the patch is outside the zoned water range.,"115-part: 52.697196 + 0.547274 x mean water; 64-paddock: 52.652934 + 0.547838 x mean water. Both APPLIED, neither refitted.","8-connected component within one vegetation community, outside every management zone","meets_support_rule = >=25 water years with >=30 valid cells; meets_500_cells = the PARTSCATTER floor used by Arm A; meets_bare_33_cells = v1's threshold, for contrast; size_matched = inside this community's real-part IQR",pixel,1988-2022 (35 water years),unzoned standard-grazing country,0.06235142839918241
U0096,Inland Floodplain Shrublands / Swamps,inland,4,0.2494057135967296,51.681797,0.27731565,19.285713,0,0,0,0,0,,,,,,,,,,,,1,"1 by construction: a patch is defined as a single 8-connected component, unlike a real part which may be several","veg_p05_spatial_mean_over_years and veg_p05_temporal_mean are DIFFERENT METRICS and are never co-plotted, differenced or captioned with one word. Arm B uses the first, Arm A the second.",offset is against Arm A's zoned DISPLAY SMOOTHER on the temporal metric: not a residual and not a test. NA where the patch is outside the zoned water range.,"115-part: 52.697196 + 0.547274 x mean water; 64-paddock: 52.652934 + 0.547838 x mean water. Both APPLIED, neither refitted.","8-connected component within one vegetation community, outside every management zone","meets_support_rule = >=25 water years with >=30 valid cells; meets_500_cells = the PARTSCATTER floor used by Arm A; meets_bare_33_cells = v1's threshold, for contrast; size_matched = inside this community's real-part IQR",pixel,1988-2022 (35 water years),unzoned standard-grazing country,0.06235142839918241
U0097,Inland Floodplain Shrublands / Swamps,inland,4,0.2494057135967296,50.20999,2.501899,15.0,0,0,0,0,0,,,,,,,,,,,,1,"1 by construction: a patch is defined as a single 8-connected component, unlike a real part which may be several","veg_p05_spatial_mean_over_years and veg_p05_temporal_mean are DIFFERENT METRICS and are never co-plotted, differenced or captioned with one word. Arm B uses the first, Arm A the second.",offset is against Arm A's zoned DISPLAY SMOOTHER on the temporal metric: not a residual and not a test. NA where the patch is outside the zoned water range.,"115-part: 52.697196 + 0.547274 x mean water; 64-paddock: 52.652934 + 0.547838 x mean water. Both APPLIED, neither refitted.","8-connected component within one vegetation community, outside every management zone","meets_support_rule = >=25 water years with >=30 valid cells; meets_500_cells = the PARTSCATTER floor used by Arm A; meets_bare_33_cells = v1's threshold, for contrast; size_matched = inside this community's real-part IQR",pixel,1988-2022 (35 water years),unzoned standard-grazing country,0.06235142839918241
U0098,Inland Floodplain Shrublands / Swamps,inland,4,0.2494057135967296,49.445732,2.5752523,16.42857,0,0,0,0,0,,,,,,,,,,,,1,"1 by construction: a patch is defined as a single 8-connected component, unlike a real part which may be several","veg_p05_spatial_mean_over_years and veg_p05_temporal_mean are DIFFERENT METRICS and are never co-plotted, differenced or captioned with one word. Arm B uses the first, Arm A the second.",offset is against Arm A's zoned DISPLAY SMOOTHER on the temporal metric: not a residual and not a test. NA where the patch is outside the zoned water range.,"115-part: 52.697196 + 0.547274 x mean water; 64-paddock: 52.652934 + 0.547838 x mean water. Both APPLIED, neither refitted.","8-connected component within one vegetation community, outside every management zone","meets_support_rule = >=25 water years with >=30 valid cells; meets_500_cells = the PARTSCATTER floor used by Arm A; meets_bare_33_cells = v1's threshold, for contrast; size_matched = inside this community's real-part IQR",pixel,1988-2022 (35 water years),unzoned standard-grazing country,0.06235142839918241
U0099,Inland Floodplain Shrublands / Swamps,inland,4,0.2494057135967296,48.51749,1.2029146,23.571428,0,0,0,0,0,,,,,,,,,,,,1,"1 by construction: a patch is defined as a single 8-connected component, unlike a real part which may be several","veg_p05_spatial_mean_over_years and veg_p05_temporal_mean are DIFFERENT METRICS and are never co-plotted, differenced or captioned with one word. Arm B uses the first, Arm A the second.",offset is against Arm A's zoned DISPLAY SMOOTHER on the temporal metric: not a residual and not a test. NA where the patch is outside the zoned water range.,"115-part: 52.697196 + 0.547274 x mean water; 64-paddock: 52.652934 + 0.547838 x mean water. Both APPLIED, neither refitted.","8-connected component within one vegetation community, outside every management zone","meets_support_rule = >=25 water years with >=30 valid cells; meets_500_cells = the PARTSCATTER floor used by Arm A; meets_bare_33_cells = v1's threshold, for contrast; size_matched = inside this community's real-part IQR",pixel,1988-2022 (35 water years),unzoned standard-grazing country,0.06235142839918241
U0100,Inland Floodplain Shrublands / Swamps,inland,1,0.0623514283991824,51.341885,,25.714285,0,0,0,0,0,,,,,,,,,,,,1,"1 by construction: a patch is defined as a single 8-connected component, unlike a real part which may be several","veg_p05_spatial_mean_over_years and veg_p05_temporal_mean are DIFFERENT METRICS and are never co-plotted, differenced or captioned with one word. Arm B uses the first, Arm A the second.",offset is against Arm A's zoned DISPLAY SMOOTHER on the temporal metric: not a residual and not a test. NA where the patch is outside the zoned water range.,"115-part: 52.697196 + 0.547274 x mean water; 64-paddock: 52.652934 + 0.547838 x mean water. Both APPLIED, neither refitted.","8-connected component within one vegetation community, outside every management zone","meets_support_rule = >=25 water years with >=30 valid cells; meets_500_cells = the PARTSCATTER floor used by Arm A; meets_bare_33_cells = v1's threshold, for contrast; size_matched = inside this community's real-part IQR",pixel,1988-2022 (35 water years),unzoned standard-grazing country,0.06235142839918241
U0101,Inland Floodplain Shrublands / Swamps,inland,2033,126.76045393553784,50.550056,8.153952,20.178482,35,1,1,1,0,70.18714633396694,20.178483592157963,35.0,0.1351250002988036,0.3261035721081849,0.4287408915994295,1.0,-4.39034869947646,"DESCRIPTIVE OFFSET from the zoned display smoother; not a residual, not a test",6.446796151671599,6.479672239806298,1,"1 by construction: a patch is defined as a single 8-connected component, unlike a real part which may be several","veg_p05_spatial_mean_over_years and veg_p05_temporal_mean are DIFFERENT METRICS and are never co-plotted, differenced or captioned with one word. Arm B uses the first, Arm A the second.",offset is against Arm A's zoned DISPLAY SMOOTHER on the temporal metric: not a residual and not a test. NA where the patch is outside the zoned water range.,"115-part: 52.697196 + 0.547274 x mean water; 64-paddock: 52.652934 + 0.547838 x mean water. Both APPLIED, neither refitted.","8-connected component within one vegetation community, outside every management zone","meets_support_rule = >=25 water years with >=30 valid cells; meets_500_cells = the PARTSCATTER floor used by Arm A; meets_bare_33_cells = v1's threshold, for contrast; size_matched = inside this community's real-part IQR",pixel,1988-2022 (35 water years),unzoned standard-grazing country,0.06235142839918241
U0102,Inland Floodplain Shrublands / Swamps,inland,1,0.0623514283991824,63.851215,,28.571428,0,0,0,0,0,,,,,,,,,,,,1,"1 by construction: a patch is defined as a single 8-connected component, unlike a real part which may be several","veg_p05_spatial_mean_over_years and veg_p05_temporal_mean are DIFFERENT METRICS and are never co-plotted, differenced or captioned with one word. Arm B uses the first, Arm A the second.",offset is against Arm A's zoned DISPLAY SMOOTHER on the temporal metric: not a residual and not a test. NA where the patch is outside the zoned water range.,"115-part: 52.697196 + 0.547274 x mean water; 64-paddock: 52.652934 + 0.547838 x mean water. Both APPLIED, neither refitted.","8-connected component within one vegetation community, outside every management zone","meets_support_rule = >=25 water years with >=30 valid cells; meets_500_cells = the PARTSCATTER floor used by Arm A; meets_bare_33_cells = v1's threshold, for contrast; size_matched = inside this community's real-part IQR",pixel,1988-2022 (35 water years),unzoned standard-grazing country,0.06235142839918241
U0103,Inland Floodplain Shrublands / Swamps,inland,1,0.0623514283991824,63.569427,,28.571428,0,0,0,0,0,,,,,,,,,,,,1,"1 by construction: a patch is defined as a single 8-connected component, unlike a real part which may be several","veg_p05_spatial_mean_over_years and veg_p05_temporal_mean are DIFFERENT METRICS and are never co-plotted, differenced or captioned with one word. Arm B uses the first, Arm A the second.",offset is against Arm A's zoned DISPLAY SMOOTHER on the temporal metric: not a residual and not a test. NA where the patch is outside the zoned water range.,"115-part: 52.697196 + 0.547274 x mean water; 64-paddock: 52.652934 + 0.547838 x mean water. Both APPLIED, neither refitted.","8-connected component within one vegetation community, outside every management zone","meets_support_rule = >=25 water years with >=30 valid cells; meets_500_cells = the PARTSCATTER floor used by Arm A; meets_bare_33_cells = v1's threshold, for contrast; size_matched = inside this community's real-part IQR",pixel,1988-2022 (35 water years),unzoned standard-grazing country,0.06235142839918241
U0104,Inland Floodplain Shrublands / Swamps,inland,3921,244.47995075319423,59.8522,10.147446,31.243486,35,1,1,1,0,70.07981985909598,31.243487448537184,35.0,0.177466111888514,0.537680664333375,0.1677383091323426,1.0,-2.6703820149956,"DESCRIPTIVE OFFSET from the zoned display smoother; not a residual, not a test",0.2838837072534517,0.3105161822642515,1,"1 by construction: a patch is defined as a single 8-connected component, unlike a real part which may be several","veg_p05_spatial_mean_over_years and veg_p05_temporal_mean are DIFFERENT METRICS and are never co-plotted, differenced or captioned with one word. Arm B uses the first, Arm A the second.",offset is against Arm A's zoned DISPLAY SMOOTHER on the temporal metric: not a residual and not a test. NA where the patch is outside the zoned water range.,"115-part: 52.697196 + 0.547274 x mean water; 64-paddock: 52.652934 + 0.547838 x mean water. Both APPLIED, neither refitted.","8-connected component within one vegetation community, outside every management zone","meets_support_rule = >=25 water years with >=30 valid cells; meets_500_cells = the PARTSCATTER floor used by Arm A; meets_bare_33_cells = v1's threshold, for contrast; size_matched = inside this community's real-part IQR",pixel,1988-2022 (35 water years),unzoned standard-grazing country,0.06235142839918241
U0105,Inland Floodplain Shrublands / Swamps,inland,1087,67.77600266991128,62.546623,4.028835,31.66776,35,1,1,1,0,76.23552431379046,31.66776186095413,35.0,0.0729152018243947,0.3605232168929618,0.2950963550661108,1.0,-0.225522248832263,"DESCRIPTIVE OFFSET from the zoned display smoother; not a residual, not a test",6.2073939203175,6.233786991409076,1,"1 by construction: a patch is defined as a single 8-connected component, unlike a real part which may be several","veg_p05_spatial_mean_over_years and veg_p05_temporal_mean are DIFFERENT METRICS and are never co-plotted, differenced or captioned with one word. Arm B uses the first, Arm A the second.",offset is against Arm A's zoned DISPLAY SMOOTHER on the temporal metric: not a residual and not a test. NA where the patch is outside the zoned water range.,"115-part: 52.697196 + 0.547274 x mean water; 64-paddock: 52.652934 + 0.547838 x mean water. Both APPLIED, neither refitted.","8-connected component within one vegetation community, outside every management zone","meets_support_rule = >=25 water years with >=30 valid cells; meets_500_cells = the PARTSCATTER floor used by Arm A; meets_bare_33_cells = v1's threshold, for contrast; size_matched = inside this community's real-part IQR",pixel,1988-2022 (35 water years),unzoned standard-grazing country,0.06235142839918241
U0106,Inland Floodplain Shrublands / Swamps,inland,1,0.0623514283991824,57.99309,,25.714285,0,0,0,0,0,,,,,,,,,,,,1,"1 by construction: a patch is defined as a single 8-connected component, unlike a real part which may be several","veg_p05_spatial_mean_over_years and veg_p05_temporal_mean are DIFFERENT METRICS and are never co-plotted, differenced or captioned with one word. Arm B uses the first, Arm A the second.",offset is against Arm A's zoned DISPLAY SMOOTHER on the temporal metric: not a residual and not a test. NA where the patch is outside the zoned water range.,"115-part: 52.697196 + 0.547274 x mean water; 64-paddock: 52.652934 + 0.547838 x mean water. Both APPLIED, neither refitted.","8-connected component within one vegetation community, outside every management zone","meets_support_rule = >=25 water years with >=30 valid cells; meets_500_cells = the PARTSCATTER floor used by Arm A; meets_bare_33_cells = v1's threshold, for contrast; size_matched = inside this community's real-part IQR",pixel,1988-2022 (35 water years),unzoned standard-grazing country,0.06235142839918241
U0107,Inland Floodplain Shrublands / Swamps,inland,1943,121.14882537961142,50.289883,9.041901,24.973164,35,1,1,1,0,63.477043048313696,24.973163737960444,35.0,0.2225370797661745,0.5626405975926458,0.2955336821473747,1.0,-7.39358433038574,"DESCRIPTIVE OFFSET from the zoned display smoother; not a residual, not a test",-2.8873096373923275,-2.857139027563086,1,"1 by construction: a patch is defined as a single 8-connected component, unlike a real part which may be several","veg_p05_spatial_mean_over_years and veg_p05_temporal_mean are DIFFERENT METRICS and are never co-plotted, differenced or captioned with one word. Arm B uses the first, Arm A the second.",offset is against Arm A's zoned DISPLAY SMOOTHER on the temporal metric: not a residual and not a test. NA where the patch is outside the zoned water range.,"115-part: 52.697196 + 0.547274 x mean water; 64-paddock: 52.652934 + 0.547838 x mean water. Both APPLIED, neither refitted.","8-connected component within one vegetation community, outside every management zone","meets_support_rule = >=25 water years with >=30 valid cells; meets_500_cells = the PARTSCATTER floor used by Arm A; meets_bare_33_cells = v1's threshold, for contrast; size_matched = inside this community's real-part IQR",pixel,1988-2022 (35 water years),unzoned standard-grazing country,0.06235142839918241
U0108,Inland Floodplain Shrublands / Swamps,inland,1,0.0623514283991824,71.893776,,45.714287,0,0,0,0,0,,,,,,,,,,,,1,"1 by construction: a patch is defined as a single 8-connected component, unlike a real part which may be several","veg_p05_spatial_mean_over_years and veg_p05_temporal_mean are DIFFERENT METRICS and are never co-plotted, differenced or captioned with one word. Arm B uses the first, Arm A the second.",offset is against Arm A's zoned DISPLAY SMOOTHER on the temporal metric: not a residual and not a test. NA where the patch is outside the zoned water range.,"115-part: 52.697196 + 0.547274 x mean water; 64-paddock: 52.652934 + 0.547838 x mean water. Both APPLIED, neither refitted.","8-connected component within one vegetation community, outside every management zone","meets_support_rule = >=25 water years with >=30 valid cells; meets_500_cells = the PARTSCATTER floor used by Arm A; meets_bare_33_cells = v1's threshold, for contrast; size_matched = inside this community's real-part IQR",pixel,1988-2022 (35 water years),unzoned standard-grazing country,0.06235142839918241
U0109,Inland Floodplain Shrublands / Swamps,inland,930,57.98682841123964,60.059605,3.6433752,26.795698,35,1,1,1,0,74.91242188589914,26.79569892473118,35.0,0.0953679133124471,0.4060796782851924,0.2466940224081101,1.0,0.696056997389277,"DESCRIPTIVE OFFSET from the zoned display smoother; not a residual, not a test",7.550643564444044,7.579785778372255,1,"1 by construction: a patch is defined as a single 8-connected component, unlike a real part which may be several","veg_p05_spatial_mean_over_years and veg_p05_temporal_mean are DIFFERENT METRICS and are never co-plotted, differenced or captioned with one word. Arm B uses the first, Arm A the second.",offset is against Arm A's zoned DISPLAY SMOOTHER on the temporal metric: not a residual and not a test. NA where the patch is outside the zoned water range.,"115-part: 52.697196 + 0.547274 x mean water; 64-paddock: 52.652934 + 0.547838 x mean water. Both APPLIED, neither refitted.","8-connected component within one vegetation community, outside every management zone","meets_support_rule = >=25 water years with >=30 valid cells; meets_500_cells = the PARTSCATTER floor used by Arm A; meets_bare_33_cells = v1's threshold, for contrast; size_matched = inside this community's real-part IQR",pixel,1988-2022 (35 water years),unzoned standard-grazing country,0.06235142839918241
U0110,Inland Floodplain Shrublands / Swamps,inland,1,0.0623514283991824,64.50947,,31.428572,0,0,0,0,0,,,,,,,,,,,,1,"1 by construction: a patch is defined as a single 8-connected component, unlike a real part which may be several","veg_p05_spatial_mean_over_years and veg_p05_temporal_mean are DIFFERENT METRICS and are never co-plotted, differenced or captioned with one word. Arm B uses the first, Arm A the second.",offset is against Arm A's zoned DISPLAY SMOOTHER on the temporal metric: not a residual and not a test. NA where the patch is outside the zoned water range.,"115-part: 52.697196 + 0.547274 x mean water; 64-paddock: 52.652934 + 0.547838 x mean water. Both APPLIED, neither refitted.","8-connected component within one vegetation community, outside every management zone","meets_support_rule = >=25 water years with >=30 valid cells; meets_500_cells = the PARTSCATTER floor used by Arm A; meets_bare_33_cells = v1's threshold, for contrast; size_matched = inside this community's real-part IQR",pixel,1988-2022 (35 water years),unzoned standard-grazing country,0.06235142839918241
U0111,Inland Floodplain Shrublands / Swamps,inland,346,21.573594226117116,57.001026,6.534853,21.81668,35,1,1,0,0,72.77562299455916,21.816680429397195,35.0,0.1206962782479051,0.3308867119695207,0.2808289538135502,1.0,,,8.138730713254674,8.170682421479057,1,"1 by construction: a patch is defined as a single 8-connected component, unlike a real part which may be several","veg_p05_spatial_mean_over_years and veg_p05_temporal_mean are DIFFERENT METRICS and are never co-plotted, differenced or captioned with one word. Arm B uses the first, Arm A the second.",offset is against Arm A's zoned DISPLAY SMOOTHER on the temporal metric: not a residual and not a test. NA where the patch is outside the zoned water range.,"115-part: 52.697196 + 0.547274 x mean water; 64-paddock: 52.652934 + 0.547838 x mean water. Both APPLIED, neither refitted.","8-connected component within one vegetation community, outside every management zone","meets_support_rule = >=25 water years with >=30 valid cells; meets_500_cells = the PARTSCATTER floor used by Arm A; meets_bare_33_cells = v1's threshold, for contrast; size_matched = inside this community's real-part IQR",pixel,1988-2022 (35 water years),unzoned standard-grazing country,0.06235142839918241
U0112,Inland Floodplain Shrublands / Swamps,inland,292,18.206617092561263,63.658833,7.5913944,27.015656,35,1,1,0,0,71.62372066497802,27.015655577299412,35.0,0.1905013265490093,0.5544029203844855,0.2992512941964301,1.0,,,4.141565845106001,4.170583944821459,1,"1 by construction: a patch is defined as a single 8-connected component, unlike a real part which may be several","veg_p05_spatial_mean_over_years and veg_p05_temporal_mean are DIFFERENT METRICS and are never co-plotted, differenced or captioned with one word. Arm B uses the first, Arm A the second.",offset is against Arm A's zoned DISPLAY SMOOTHER on the temporal metric: not a residual and not a test. NA where the patch is outside the zoned water range.,"115-part: 52.697196 + 0.547274 x mean water; 64-paddock: 52.652934 + 0.547838 x mean water. Both APPLIED, neither refitted.","8-connected component within one vegetation community, outside every management zone","meets_support_rule = >=25 water years with >=30 valid cells; meets_500_cells = the PARTSCATTER floor used by Arm A; meets_bare_33_cells = v1's threshold, for contrast; size_matched = inside this community's real-part IQR",pixel,1988-2022 (35 water years),unzoned standard-grazing country,0.06235142839918241
U0113,Inland Floodplain Shrublands / Swamps,inland,1,0.0623514283991824,52.329887,,14.285714,0,0,0,0,0,,,,,,,,,,,,1,"1 by construction: a patch is defined as a single 8-connected component, unlike a real part which may be several","veg_p05_spatial_mean_over_years and veg_p05_temporal_mean are DIFFERENT METRICS and are never co-plotted, differenced or captioned with one word. Arm B uses the first, Arm A the second.",offset is against Arm A's zoned DISPLAY SMOOTHER on the temporal metric: not a residual and not a test. NA where the patch is outside the zoned water range.,"115-part: 52.697196 + 0.547274 x mean water; 64-paddock: 52.652934 + 0.547838 x mean water. Both APPLIED, neither refitted.","8-connected component within one vegetation community, outside every management zone","meets_support_rule = >=25 water years with >=30 valid cells; meets_500_cells = the PARTSCATTER floor used by Arm A; meets_bare_33_cells = v1's threshold, for contrast; size_matched = inside this community's real-part IQR",pixel,1988-2022 (35 water years),unzoned standard-grazing country,0.06235142839918241
U0114,Inland Floodplain Shrublands / Swamps,inland,1,0.0623514283991824,74.566864,,77.14286,0,0,0,0,0,,,,,,,,,,,,1,"1 by construction: a patch is defined as a single 8-connected component, unlike a real part which may be several","veg_p05_spatial_mean_over_years and veg_p05_temporal_mean are DIFFERENT METRICS and are never co-plotted, differenced or captioned with one word. Arm B uses the first, Arm A the second.",offset is against Arm A's zoned DISPLAY SMOOTHER on the temporal metric: not a residual and not a test. NA where the patch is outside the zoned water range.,"115-part: 52.697196 + 0.547274 x mean water; 64-paddock: 52.652934 + 0.547838 x mean water. Both APPLIED, neither refitted.","8-connected component within one vegetation community, outside every management zone","meets_support_rule = >=25 water years with >=30 valid cells; meets_500_cells = the PARTSCATTER floor used by Arm A; meets_bare_33_cells = v1's threshold, for contrast; size_matched = inside this community's real-part IQR",pixel,1988-2022 (35 water years),unzoned standard-grazing country,0.06235142839918241
U0115,Inland Floodplain Shrublands / Swamps,inland,2,0.1247028567983648,71.258965,0.33641952,71.42857,0,0,0,0,0,,,,,,,,,,,,1,"1 by construction: a patch is defined as a single 8-connected component, unlike a real part which may be several","veg_p05_spatial_mean_over_years and veg_p05_temporal_mean are DIFFERENT METRICS and are never co-plotted, differenced or captioned with one word. Arm B uses the first, Arm A the second.",offset is against Arm A's zoned DISPLAY SMOOTHER on the temporal metric: not a residual and not a test. NA where the patch is outside the zoned water range.,"115-part: 52.697196 + 0.547274 x mean water; 64-paddock: 52.652934 + 0.547838 x mean water. Both APPLIED, neither refitted.","8-connected component within one vegetation community, outside every management zone","meets_support_rule = >=25 water years with >=30 valid cells; meets_500_cells = the PARTSCATTER floor used by Arm A; meets_bare_33_cells = v1's threshold, for contrast; size_matched = inside this community's real-part IQR",pixel,1988-2022 (35 water years),unzoned standard-grazing country,0.06235142839918241
U0116,Inland Floodplain Shrublands / Swamps,inland,2,0.1247028567983648,74.13604,0.055501666,74.28572,0,0,0,0,0,,,,,,,,,,,,1,"1 by construction: a patch is defined as a single 8-connected component, unlike a real part which may be several","veg_p05_spatial_mean_over_years and veg_p05_temporal_mean are DIFFERENT METRICS and are never co-plotted, differenced or captioned with one word. Arm B uses the first, Arm A the second.",offset is against Arm A's zoned DISPLAY SMOOTHER on the temporal metric: not a residual and not a test. NA where the patch is outside the zoned water range.,"115-part: 52.697196 + 0.547274 x mean water; 64-paddock: 52.652934 + 0.547838 x mean water. Both APPLIED, neither refitted.","8-connected component within one vegetation community, outside every management zone","meets_support_rule = >=25 water years with >=30 valid cells; meets_500_cells = the PARTSCATTER floor used by Arm A; meets_bare_33_cells = v1's threshold, for contrast; size_matched = inside this community's real-part IQR",pixel,1988-2022 (35 water years),unzoned standard-grazing country,0.06235142839918241
U0117,Inland Floodplain Shrublands / Swamps,inland,1,0.0623514283991824,65.62317,,80.0,0,0,0,0,0,,,,,,,,,,,,1,"1 by construction: a patch is defined as a single 8-connected component, unlike a real part which may be several","veg_p05_spatial_mean_over_years and veg_p05_temporal_mean are DIFFERENT METRICS and are never co-plotted, differenced or captioned with one word. Arm B uses the first, Arm A the second.",offset is against Arm A's zoned DISPLAY SMOOTHER on the temporal metric: not a residual and not a test. NA where the patch is outside the zoned water range.,"115-part: 52.697196 + 0.547274 x mean water; 64-paddock: 52.652934 + 0.547838 x mean water. Both APPLIED, neither refitted.","8-connected component within one vegetation community, outside every management zone","meets_support_rule = >=25 water years with >=30 valid cells; meets_500_cells = the PARTSCATTER floor used by Arm A; meets_bare_33_cells = v1's threshold, for contrast; size_matched = inside this community's real-part IQR",pixel,1988-2022 (35 water years),unzoned standard-grazing country,0.06235142839918241
U0118,Inland Floodplain Shrublands / Swamps,inland,1,0.0623514283991824,76.23566,,51.42857,0,0,0,0,0,,,,,,,,,,,,1,"1 by construction: a patch is defined as a single 8-connected component, unlike a real part which may be several","veg_p05_spatial_mean_over_years and veg_p05_temporal_mean are DIFFERENT METRICS and are never co-plotted, differenced or captioned with one word. Arm B uses the first, Arm A the second.",offset is against Arm A's zoned DISPLAY SMOOTHER on the temporal metric: not a residual and not a test. NA where the patch is outside the zoned water range.,"115-part: 52.697196 + 0.547274 x mean water; 64-paddock: 52.652934 + 0.547838 x mean water. Both APPLIED, neither refitted.","8-connected component within one vegetation community, outside every management zone","meets_support_rule = >=25 water years with >=30 valid cells; meets_500_cells = the PARTSCATTER floor used by Arm A; meets_bare_33_cells = v1's threshold, for contrast; size_matched = inside this community's real-part IQR",pixel,1988-2022 (35 water years),unzoned standard-grazing country,0.06235142839918241
U0119,Inland Floodplain Shrublands / Swamps,inland,1,0.0623514283991824,70.62825,,48.57143,0,0,0,0,0,,,,,,,,,,,,1,"1 by construction: a patch is defined as a single 8-connected component, unlike a real part which may be several","veg_p05_spatial_mean_over_years and veg_p05_temporal_mean are DIFFERENT METRICS and are never co-plotted, differenced or captioned with one word. Arm B uses the first, Arm A the second.",offset is against Arm A's zoned DISPLAY SMOOTHER on the temporal metric: not a residual and not a test. NA where the patch is outside the zoned water range.,"115-part: 52.697196 + 0.547274 x mean water; 64-paddock: 52.652934 + 0.547838 x mean water. Both APPLIED, neither refitted.","8-connected component within one vegetation community, outside every management zone","meets_support_rule = >=25 water years with >=30 valid cells; meets_500_cells = the PARTSCATTER floor used by Arm A; meets_bare_33_cells = v1's threshold, for contrast; size_matched = inside this community's real-part IQR",pixel,1988-2022 (35 water years),unzoned standard-grazing country,0.06235142839918241
U0120,Inland Floodplain Shrublands / Swamps,inland,1,0.0623514283991824,39.841965,,25.714285,0,0,0,0,0,,,,,,,,,,,,1,"1 by construction: a patch is defined as a single 8-connected component, unlike a real part which may be several","veg_p05_spatial_mean_over_years and veg_p05_temporal_mean are DIFFERENT METRICS and are never co-plotted, differenced or captioned with one word. Arm B uses the first, Arm A the second.",offset is against Arm A's zoned DISPLAY SMOOTHER on the temporal metric: not a residual and not a test. NA where the patch is outside the zoned water range.,"115-part: 52.697196 + 0.547274 x mean water; 64-paddock: 52.652934 + 0.547838 x mean water. Both APPLIED, neither refitted.","8-connected component within one vegetation community, outside every management zone","meets_support_rule = >=25 water years with >=30 valid cells; meets_500_cells = the PARTSCATTER floor used by Arm A; meets_bare_33_cells = v1's threshold, for contrast; size_matched = inside this community's real-part IQR",pixel,1988-2022 (35 water years),unzoned standard-grazing country,0.06235142839918241
U0121,Inland Floodplain Shrublands / Swamps,inland,1,0.0623514283991824,59.98741,,22.857143,0,0,0,0,0,,,,,,,,,,,,1,"1 by construction: a patch is defined as a single 8-connected component, unlike a real part which may be several","veg_p05_spatial_mean_over_years and veg_p05_temporal_mean are DIFFERENT METRICS and are never co-plotted, differenced or captioned with one word. Arm B uses the first, Arm A the second.",offset is against Arm A's zoned DISPLAY SMOOTHER on the temporal metric: not a residual and not a test. NA where the patch is outside the zoned water range.,"115-part: 52.697196 + 0.547274 x mean water; 64-paddock: 52.652934 + 0.547838 x mean water. Both APPLIED, neither refitted.","8-connected component within one vegetation community, outside every management zone","meets_support_rule = >=25 water years with >=30 valid cells; meets_500_cells = the PARTSCATTER floor used by Arm A; meets_bare_33_cells = v1's threshold, for contrast; size_matched = inside this community's real-part IQR",pixel,1988-2022 (35 water years),unzoned standard-grazing country,0.06235142839918241
U0122,Inland Floodplain Shrublands / Swamps,inland,1,0.0623514283991824,71.83371,,51.42857,0,0,0,0,0,,,,,,,,,,,,1,"1 by construction: a patch is defined as a single 8-connected component, unlike a real part which may be several","veg_p05_spatial_mean_over_years and veg_p05_temporal_mean are DIFFERENT METRICS and are never co-plotted, differenced or captioned with one word. Arm B uses the first, Arm A the second.",offset is against Arm A's zoned DISPLAY SMOOTHER on the temporal metric: not a residual and not a test. NA where the patch is outside the zoned water range.,"115-part: 52.697196 + 0.547274 x mean water; 64-paddock: 52.652934 + 0.547838 x mean water. Both APPLIED, neither refitted.","8-connected component within one vegetation community, outside every management zone","meets_support_rule = >=25 water years with >=30 valid cells; meets_500_cells = the PARTSCATTER floor used by Arm A; meets_bare_33_cells = v1's threshold, for contrast; size_matched = inside this community's real-part IQR",pixel,1988-2022 (35 water years),unzoned standard-grazing country,0.06235142839918241
U0123,Inland Floodplain Shrublands / Swamps,inland,2,0.1247028567983648,67.32904,1.479415,32.857143,0,0,0,0,0,,,,,,,,,,,,1,"1 by construction: a patch is defined as a single 8-connected component, unlike a real part which may be several","veg_p05_spatial_mean_over_years and veg_p05_temporal_mean are DIFFERENT METRICS and are never co-plotted, differenced or captioned with one word. Arm B uses the first, Arm A the second.",offset is against Arm A's zoned DISPLAY SMOOTHER on the temporal metric: not a residual and not a test. NA where the patch is outside the zoned water range.,"115-part: 52.697196 + 0.547274 x mean water; 64-paddock: 52.652934 + 0.547838 x mean water. Both APPLIED, neither refitted.","8-connected component within one vegetation community, outside every management zone","meets_support_rule = >=25 water years with >=30 valid cells; meets_500_cells = the PARTSCATTER floor used by Arm A; meets_bare_33_cells = v1's threshold, for contrast; size_matched = inside this community's real-part IQR",pixel,1988-2022 (35 water years),unzoned standard-grazing country,0.06235142839918241
U0124,Inland Floodplain Shrublands / Swamps,inland,1,0.0623514283991824,59.469173,,25.714285,0,0,0,0,0,,,,,,,,,,,,1,"1 by construction: a patch is defined as a single 8-connected component, unlike a real part which may be several","veg_p05_spatial_mean_over_years and veg_p05_temporal_mean are DIFFERENT METRICS and are never co-plotted, differenced or captioned with one word. Arm B uses the first, Arm A the second.",offset is against Arm A's zoned DISPLAY SMOOTHER on the temporal metric: not a residual and not a test. NA where the patch is outside the zoned water range.,"115-part: 52.697196 + 0.547274 x mean water; 64-paddock: 52.652934 + 0.547838 x mean water. Both APPLIED, neither refitted.","8-connected component within one vegetation community, outside every management zone","meets_support_rule = >=25 water years with >=30 valid cells; meets_500_cells = the PARTSCATTER floor used by Arm A; meets_bare_33_cells = v1's threshold, for contrast; size_matched = inside this community's real-part IQR",pixel,1988-2022 (35 water years),unzoned standard-grazing country,0.06235142839918241
U0125,Inland Floodplain Shrublands / Swamps,inland,1,0.0623514283991824,69.34353,,48.57143,0,0,0,0,0,,,,,,,,,,,,1,"1 by construction: a patch is defined as a single 8-connected component, unlike a real part which may be several","veg_p05_spatial_mean_over_years and veg_p05_temporal_mean are DIFFERENT METRICS and are never co-plotted, differenced or captioned with one word. Arm B uses the first, Arm A the second.",offset is against Arm A's zoned DISPLAY SMOOTHER on the temporal metric: not a residual and not a test. NA where the patch is outside the zoned water range.,"115-part: 52.697196 + 0.547274 x mean water; 64-paddock: 52.652934 + 0.547838 x mean water. Both APPLIED, neither refitted.","8-connected component within one vegetation community, outside every management zone","meets_support_rule = >=25 water years with >=30 valid cells; meets_500_cells = the PARTSCATTER floor used by Arm A; meets_bare_33_cells = v1's threshold, for contrast; size_matched = inside this community's real-part IQR",pixel,1988-2022 (35 water years),unzoned standard-grazing country,0.06235142839918241
U0126,Inland Floodplain Shrublands / Swamps,inland,2,0.1247028567983648,69.65204,1.0689412,52.85714,0,0,0,0,0,,,,,,,,,,,,1,"1 by construction: a patch is defined as a single 8-connected component, unlike a real part which may be several","veg_p05_spatial_mean_over_years and veg_p05_temporal_mean are DIFFERENT METRICS and are never co-plotted, differenced or captioned with one word. Arm B uses the first, Arm A the second.",offset is against Arm A's zoned DISPLAY SMOOTHER on the temporal metric: not a residual and not a test. NA where the patch is outside the zoned water range.,"115-part: 52.697196 + 0.547274 x mean water; 64-paddock: 52.652934 + 0.547838 x mean water. Both APPLIED, neither refitted.","8-connected component within one vegetation community, outside every management zone","meets_support_rule = >=25 water years with >=30 valid cells; meets_500_cells = the PARTSCATTER floor used by Arm A; meets_bare_33_cells = v1's threshold, for contrast; size_matched = inside this community's real-part IQR",pixel,1988-2022 (35 water years),unzoned standard-grazing country,0.06235142839918241
U0127,Inland Floodplain Shrublands / Swamps,inland,1,0.0623514283991824,45.437317,,20.0,0,0,0,0,0,,,,,,,,,,,,1,"1 by construction: a patch is defined as a single 8-connected component, unlike a real part which may be several","veg_p05_spatial_mean_over_years and veg_p05_temporal_mean are DIFFERENT METRICS and are never co-plotted, differenced or captioned with one word. Arm B uses the first, Arm A the second.",offset is against Arm A's zoned DISPLAY SMOOTHER on the temporal metric: not a residual and not a test. NA where the patch is outside the zoned water range.,"115-part: 52.697196 + 0.547274 x mean water; 64-paddock: 52.652934 + 0.547838 x mean water. Both APPLIED, neither refitted.","8-connected component within one vegetation community, outside every management zone","meets_support_rule = >=25 water years with >=30 valid cells; meets_500_cells = the PARTSCATTER floor used by Arm A; meets_bare_33_cells = v1's threshold, for contrast; size_matched = inside this community's real-part IQR",pixel,1988-2022 (35 water years),unzoned standard-grazing country,0.06235142839918241
U0128,Inland Floodplain Shrublands / Swamps,inland,1,0.0623514283991824,71.20412,,62.857143,0,0,0,0,0,,,,,,,,,,,,1,"1 by construction: a patch is defined as a single 8-connected component, unlike a real part which may be several","veg_p05_spatial_mean_over_years and veg_p05_temporal_mean are DIFFERENT METRICS and are never co-plotted, differenced or captioned with one word. Arm B uses the first, Arm A the second.",offset is against Arm A's zoned DISPLAY SMOOTHER on the temporal metric: not a residual and not a test. NA where the patch is outside the zoned water range.,"115-part: 52.697196 + 0.547274 x mean water; 64-paddock: 52.652934 + 0.547838 x mean water. Both APPLIED, neither refitted.","8-connected component within one vegetation community, outside every management zone","meets_support_rule = >=25 water years with >=30 valid cells; meets_500_cells = the PARTSCATTER floor used by Arm A; meets_bare_33_cells = v1's threshold, for contrast; size_matched = inside this community's real-part IQR",pixel,1988-2022 (35 water years),unzoned standard-grazing country,0.06235142839918241
U0129,Inland Floodplain Shrublands / Swamps,inland,2,0.1247028567983648,77.50015,0.927112,68.57143,0,0,0,0,0,,,,,,,,,,,,1,"1 by construction: a patch is defined as a single 8-connected component, unlike a real part which may be several","veg_p05_spatial_mean_over_years and veg_p05_temporal_mean are DIFFERENT METRICS and are never co-plotted, differenced or captioned with one word. Arm B uses the first, Arm A the second.",offset is against Arm A's zoned DISPLAY SMOOTHER on the temporal metric: not a residual and not a test. NA where the patch is outside the zoned water range.,"115-part: 52.697196 + 0.547274 x mean water; 64-paddock: 52.652934 + 0.547838 x mean water. Both APPLIED, neither refitted.","8-connected component within one vegetation community, outside every management zone","meets_support_rule = >=25 water years with >=30 valid cells; meets_500_cells = the PARTSCATTER floor used by Arm A; meets_bare_33_cells = v1's threshold, for contrast; size_matched = inside this community's real-part IQR",pixel,1988-2022 (35 water years),unzoned standard-grazing country,0.06235142839918241
U0130,Inland Floodplain Shrublands / Swamps,inland,2,0.1247028567983648,78.306465,0.28629106,67.14285,0,0,0,0,0,,,,,,,,,,,,1,"1 by construction: a patch is defined as a single 8-connected component, unlike a real part which may be several","veg_p05_spatial_mean_over_years and veg_p05_temporal_mean are DIFFERENT METRICS and are never co-plotted, differenced or captioned with one word. Arm B uses the first, Arm A the second.",offset is against Arm A's zoned DISPLAY SMOOTHER on the temporal metric: not a residual and not a test. NA where the patch is outside the zoned water range.,"115-part: 52.697196 + 0.547274 x mean water; 64-paddock: 52.652934 + 0.547838 x mean water. Both APPLIED, neither refitted.","8-connected component within one vegetation community, outside every management zone","meets_support_rule = >=25 water years with >=30 valid cells; meets_500_cells = the PARTSCATTER floor used by Arm A; meets_bare_33_cells = v1's threshold, for contrast; size_matched = inside this community's real-part IQR",pixel,1988-2022 (35 water years),unzoned standard-grazing country,0.06235142839918241
U0131,Inland Floodplain Shrublands / Swamps,inland,1,0.0623514283991824,68.1406,,40.0,0,0,0,0,0,,,,,,,,,,,,1,"1 by construction: a patch is defined as a single 8-connected component, unlike a real part which may be several","veg_p05_spatial_mean_over_years and veg_p05_temporal_mean are DIFFERENT METRICS and are never co-plotted, differenced or captioned with one word. Arm B uses the first, Arm A the second.",offset is against Arm A's zoned DISPLAY SMOOTHER on the temporal metric: not a residual and not a test. NA where the patch is outside the zoned water range.,"115-part: 52.697196 + 0.547274 x mean water; 64-paddock: 52.652934 + 0.547838 x mean water. Both APPLIED, neither refitted.","8-connected component within one vegetation community, outside every management zone","meets_support_rule = >=25 water years with >=30 valid cells; meets_500_cells = the PARTSCATTER floor used by Arm A; meets_bare_33_cells = v1's threshold, for contrast; size_matched = inside this community's real-part IQR",pixel,1988-2022 (35 water years),unzoned standard-grazing country,0.06235142839918241
U0132,Inland Floodplain Shrublands / Swamps,inland,1,0.0623514283991824,31.090559,,17.142857,0,0,0,0,0,,,,,,,,,,,,1,"1 by construction: a patch is defined as a single 8-connected component, unlike a real part which may be several","veg_p05_spatial_mean_over_years and veg_p05_temporal_mean are DIFFERENT METRICS and are never co-plotted, differenced or captioned with one word. Arm B uses the first, Arm A the second.",offset is against Arm A's zoned DISPLAY SMOOTHER on the temporal metric: not a residual and not a test. NA where the patch is outside the zoned water range.,"115-part: 52.697196 + 0.547274 x mean water; 64-paddock: 52.652934 + 0.547838 x mean water. Both APPLIED, neither refitted.","8-connected component within one vegetation community, outside every management zone","meets_support_rule = >=25 water years with >=30 valid cells; meets_500_cells = the PARTSCATTER floor used by Arm A; meets_bare_33_cells = v1's threshold, for contrast; size_matched = inside this community's real-part IQR",pixel,1988-2022 (35 water years),unzoned standard-grazing country,0.06235142839918241
U0133,Inland Floodplain Shrublands / Swamps,inland,1,0.0623514283991824,76.6187,,57.142857,0,0,0,0,0,,,,,,,,,,,,1,"1 by construction: a patch is defined as a single 8-connected component, unlike a real part which may be several","veg_p05_spatial_mean_over_years and veg_p05_temporal_mean are DIFFERENT METRICS and are never co-plotted, differenced or captioned with one word. Arm B uses the first, Arm A the second.",offset is against Arm A's zoned DISPLAY SMOOTHER on the temporal metric: not a residual and not a test. NA where the patch is outside the zoned water range.,"115-part: 52.697196 + 0.547274 x mean water; 64-paddock: 52.652934 + 0.547838 x mean water. Both APPLIED, neither refitted.","8-connected component within one vegetation community, outside every management zone","meets_support_rule = >=25 water years with >=30 valid cells; meets_500_cells = the PARTSCATTER floor used by Arm A; meets_bare_33_cells = v1's threshold, for contrast; size_matched = inside this community's real-part IQR",pixel,1988-2022 (35 water years),unzoned standard-grazing country,0.06235142839918241
U0134,Inland Floodplain Shrublands / Swamps,inland,1,0.0623514283991824,72.1823,,51.42857,0,0,0,0,0,,,,,,,,,,,,1,"1 by construction: a patch is defined as a single 8-connected component, unlike a real part which may be several","veg_p05_spatial_mean_over_years and veg_p05_temporal_mean are DIFFERENT METRICS and are never co-plotted, differenced or captioned with one word. Arm B uses the first, Arm A the second.",offset is against Arm A's zoned DISPLAY SMOOTHER on the temporal metric: not a residual and not a test. NA where the patch is outside the zoned water range.,"115-part: 52.697196 + 0.547274 x mean water; 64-paddock: 52.652934 + 0.547838 x mean water. Both APPLIED, neither refitted.","8-connected component within one vegetation community, outside every management zone","meets_support_rule = >=25 water years with >=30 valid cells; meets_500_cells = the PARTSCATTER floor used by Arm A; meets_bare_33_cells = v1's threshold, for contrast; size_matched = inside this community's real-part IQR",pixel,1988-2022 (35 water years),unzoned standard-grazing country,0.06235142839918241
U0135,Inland Floodplain Shrublands / Swamps,inland,1,0.0623514283991824,17.153067,,5.714286,0,0,0,0,0,,,,,,,,,,,,1,"1 by construction: a patch is defined as a single 8-connected component, unlike a real part which may be several","veg_p05_spatial_mean_over_years and veg_p05_temporal_mean are DIFFERENT METRICS and are never co-plotted, differenced or captioned with one word. Arm B uses the first, Arm A the second.",offset is against Arm A's zoned DISPLAY SMOOTHER on the temporal metric: not a residual and not a test. NA where the patch is outside the zoned water range.,"115-part: 52.697196 + 0.547274 x mean water; 64-paddock: 52.652934 + 0.547838 x mean water. Both APPLIED, neither refitted.","8-connected component within one vegetation community, outside every management zone","meets_support_rule = >=25 water years with >=30 valid cells; meets_500_cells = the PARTSCATTER floor used by Arm A; meets_bare_33_cells = v1's threshold, for contrast; size_matched = inside this community's real-part IQR",pixel,1988-2022 (35 water years),unzoned standard-grazing country,0.06235142839918241
U0136,Inland Floodplain Shrublands / Swamps,inland,1,0.0623514283991824,63.50459,,42.857143,0,0,0,0,0,,,,,,,,,,,,1,"1 by construction: a patch is defined as a single 8-connected component, unlike a real part which may be several","veg_p05_spatial_mean_over_years and veg_p05_temporal_mean are DIFFERENT METRICS and are never co-plotted, differenced or captioned with one word. Arm B uses the first, Arm A the second.",offset is against Arm A's zoned DISPLAY SMOOTHER on the temporal metric: not a residual and not a test. NA where the patch is outside the zoned water range.,"115-part: 52.697196 + 0.547274 x mean water; 64-paddock: 52.652934 + 0.547838 x mean water. Both APPLIED, neither refitted.","8-connected component within one vegetation community, outside every management zone","meets_support_rule = >=25 water years with >=30 valid cells; meets_500_cells = the PARTSCATTER floor used by Arm A; meets_bare_33_cells = v1's threshold, for contrast; size_matched = inside this community's real-part IQR",pixel,1988-2022 (35 water years),unzoned standard-grazing country,0.06235142839918241
U0137,Inland Floodplain Shrublands / Swamps,inland,1,0.0623514283991824,35.46547,,11.428572,0,0,0,0,0,,,,,,,,,,,,1,"1 by construction: a patch is defined as a single 8-connected component, unlike a real part which may be several","veg_p05_spatial_mean_over_years and veg_p05_temporal_mean are DIFFERENT METRICS and are never co-plotted, differenced or captioned with one word. Arm B uses the first, Arm A the second.",offset is against Arm A's zoned DISPLAY SMOOTHER on the temporal metric: not a residual and not a test. NA where the patch is outside the zoned water range.,"115-part: 52.697196 + 0.547274 x mean water; 64-paddock: 52.652934 + 0.547838 x mean water. Both APPLIED, neither refitted.","8-connected component within one vegetation community, outside every management zone","meets_support_rule = >=25 water years with >=30 valid cells; meets_500_cells = the PARTSCATTER floor used by Arm A; meets_bare_33_cells = v1's threshold, for contrast; size_matched = inside this community's real-part IQR",pixel,1988-2022 (35 water years),unzoned standard-grazing country,0.06235142839918241
U0138,Inland Floodplain Shrublands / Swamps,inland,1,0.0623514283991824,33.589367,,28.571428,0,0,0,0,0,,,,,,,,,,,,1,"1 by construction: a patch is defined as a single 8-connected component, unlike a real part which may be several","veg_p05_spatial_mean_over_years and veg_p05_temporal_mean are DIFFERENT METRICS and are never co-plotted, differenced or captioned with one word. Arm B uses the first, Arm A the second.",offset is against Arm A's zoned DISPLAY SMOOTHER on the temporal metric: not a residual and not a test. NA where the patch is outside the zoned water range.,"115-part: 52.697196 + 0.547274 x mean water; 64-paddock: 52.652934 + 0.547838 x mean water. Both APPLIED, neither refitted.","8-connected component within one vegetation community, outside every management zone","meets_support_rule = >=25 water years with >=30 valid cells; meets_500_cells = the PARTSCATTER floor used by Arm A; meets_bare_33_cells = v1's threshold, for contrast; size_matched = inside this community's real-part IQR",pixel,1988-2022 (35 water years),unzoned standard-grazing country,0.06235142839918241
U0139,Inland Floodplain Shrublands / Swamps,inland,1,0.0623514283991824,19.875334,,2.857143,0,0,0,0,0,,,,,,,,,,,,1,"1 by construction: a patch is defined as a single 8-connected component, unlike a real part which may be several","veg_p05_spatial_mean_over_years and veg_p05_temporal_mean are DIFFERENT METRICS and are never co-plotted, differenced or captioned with one word. Arm B uses the first, Arm A the second.",offset is against Arm A's zoned DISPLAY SMOOTHER on the temporal metric: not a residual and not a test. NA where the patch is outside the zoned water range.,"115-part: 52.697196 + 0.547274 x mean water; 64-paddock: 52.652934 + 0.547838 x mean water. Both APPLIED, neither refitted.","8-connected component within one vegetation community, outside every management zone","meets_support_rule = >=25 water years with >=30 valid cells; meets_500_cells = the PARTSCATTER floor used by Arm A; meets_bare_33_cells = v1's threshold, for contrast; size_matched = inside this community's real-part IQR",pixel,1988-2022 (35 water years),unzoned standard-grazing country,0.06235142839918241
U0140,Inland Floodplain Shrublands / Swamps,inland,1,0.0623514283991824,64.299095,,54.285713,0,0,0,0,0,,,,,,,,,,,,1,"1 by construction: a patch is defined as a single 8-connected component, unlike a real part which may be several","veg_p05_spatial_mean_over_years and veg_p05_temporal_mean are DIFFERENT METRICS and are never co-plotted, differenced or captioned with one word. Arm B uses the first, Arm A the second.",offset is against Arm A's zoned DISPLAY SMOOTHER on the temporal metric: not a residual and not a test. NA where the patch is outside the zoned water range.,"115-part: 52.697196 + 0.547274 x mean water; 64-paddock: 52.652934 + 0.547838 x mean water. Both APPLIED, neither refitted.","8-connected component within one vegetation community, outside every management zone","meets_support_rule = >=25 water years with >=30 valid cells; meets_500_cells = the PARTSCATTER floor used by Arm A; meets_bare_33_cells = v1's threshold, for contrast; size_matched = inside this community's real-part IQR",pixel,1988-2022 (35 water years),unzoned standard-grazing country,0.06235142839918241
U0141,Inland Floodplain Shrublands / Swamps,inland,1,0.0623514283991824,65.121605,,37.142857,0,0,0,0,0,,,,,,,,,,,,1,"1 by construction: a patch is defined as a single 8-connected component, unlike a real part which may be several","veg_p05_spatial_mean_over_years and veg_p05_temporal_mean are DIFFERENT METRICS and are never co-plotted, differenced or captioned with one word. Arm B uses the first, Arm A the second.",offset is against Arm A's zoned DISPLAY SMOOTHER on the temporal metric: not a residual and not a test. NA where the patch is outside the zoned water range.,"115-part: 52.697196 + 0.547274 x mean water; 64-paddock: 52.652934 + 0.547838 x mean water. Both APPLIED, neither refitted.","8-connected component within one vegetation community, outside every management zone","meets_support_rule = >=25 water years with >=30 valid cells; meets_500_cells = the PARTSCATTER floor used by Arm A; meets_bare_33_cells = v1's threshold, for contrast; size_matched = inside this community's real-part IQR",pixel,1988-2022 (35 water years),unzoned standard-grazing country,0.06235142839918241
U0142,Inland Floodplain Shrublands / Swamps,inland,1,0.0623514283991824,73.64776,,62.857143,0,0,0,0,0,,,,,,,,,,,,1,"1 by construction: a patch is defined as a single 8-connected component, unlike a real part which may be several","veg_p05_spatial_mean_over_years and veg_p05_temporal_mean are DIFFERENT METRICS and are never co-plotted, differenced or captioned with one word. Arm B uses the first, Arm A the second.",offset is against Arm A's zoned DISPLAY SMOOTHER on the temporal metric: not a residual and not a test. NA where the patch is outside the zoned water range.,"115-part: 52.697196 + 0.547274 x mean water; 64-paddock: 52.652934 + 0.547838 x mean water. Both APPLIED, neither refitted.","8-connected component within one vegetation community, outside every management zone","meets_support_rule = >=25 water years with >=30 valid cells; meets_500_cells = the PARTSCATTER floor used by Arm A; meets_bare_33_cells = v1's threshold, for contrast; size_matched = inside this community's real-part IQR",pixel,1988-2022 (35 water years),unzoned standard-grazing country,0.06235142839918241
U0143,Inland Floodplain Shrublands / Swamps,inland,1,0.0623514283991824,57.269672,,31.428572,0,0,0,0,0,,,,,,,,,,,,1,"1 by construction: a patch is defined as a single 8-connected component, unlike a real part which may be several","veg_p05_spatial_mean_over_years and veg_p05_temporal_mean are DIFFERENT METRICS and are never co-plotted, differenced or captioned with one word. Arm B uses the first, Arm A the second.",offset is against Arm A's zoned DISPLAY SMOOTHER on the temporal metric: not a residual and not a test. NA where the patch is outside the zoned water range.,"115-part: 52.697196 + 0.547274 x mean water; 64-paddock: 52.652934 + 0.547838 x mean water. Both APPLIED, neither refitted.","8-connected component within one vegetation community, outside every management zone","meets_support_rule = >=25 water years with >=30 valid cells; meets_500_cells = the PARTSCATTER floor used by Arm A; meets_bare_33_cells = v1's threshold, for contrast; size_matched = inside this community's real-part IQR",pixel,1988-2022 (35 water years),unzoned standard-grazing country,0.06235142839918241
U0144,Inland Floodplain Shrublands / Swamps,inland,1,0.0623514283991824,74.26156,,51.42857,0,0,0,0,0,,,,,,,,,,,,1,"1 by construction: a patch is defined as a single 8-connected component, unlike a real part which may be several","veg_p05_spatial_mean_over_years and veg_p05_temporal_mean are DIFFERENT METRICS and are never co-plotted, differenced or captioned with one word. Arm B uses the first, Arm A the second.",offset is against Arm A's zoned DISPLAY SMOOTHER on the temporal metric: not a residual and not a test. NA where the patch is outside the zoned water range.,"115-part: 52.697196 + 0.547274 x mean water; 64-paddock: 52.652934 + 0.547838 x mean water. Both APPLIED, neither refitted.","8-connected component within one vegetation community, outside every management zone","meets_support_rule = >=25 water years with >=30 valid cells; meets_500_cells = the PARTSCATTER floor used by Arm A; meets_bare_33_cells = v1's threshold, for contrast; size_matched = inside this community's real-part IQR",pixel,1988-2022 (35 water years),unzoned standard-grazing country,0.06235142839918241
U0145,Inland Floodplain Shrublands / Swamps,inland,1,0.0623514283991824,56.977108,,22.857143,0,0,0,0,0,,,,,,,,,,,,1,"1 by construction: a patch is defined as a single 8-connected component, unlike a real part which may be several","veg_p05_spatial_mean_over_years and veg_p05_temporal_mean are DIFFERENT METRICS and are never co-plotted, differenced or captioned with one word. Arm B uses the first, Arm A the second.",offset is against Arm A's zoned DISPLAY SMOOTHER on the temporal metric: not a residual and not a test. NA where the patch is outside the zoned water range.,"115-part: 52.697196 + 0.547274 x mean water; 64-paddock: 52.652934 + 0.547838 x mean water. Both APPLIED, neither refitted.","8-connected component within one vegetation community, outside every management zone","meets_support_rule = >=25 water years with >=30 valid cells; meets_500_cells = the PARTSCATTER floor used by Arm A; meets_bare_33_cells = v1's threshold, for contrast; size_matched = inside this community's real-part IQR",pixel,1988-2022 (35 water years),unzoned standard-grazing country,0.06235142839918241
U0146,Inland Floodplain Shrublands / Swamps,inland,3,0.1870542851975472,69.78981,0.8346915,27.619047,0,0,0,0,0,,,,,,,,,,,,1,"1 by construction: a patch is defined as a single 8-connected component, unlike a real part which may be several","veg_p05_spatial_mean_over_years and veg_p05_temporal_mean are DIFFERENT METRICS and are never co-plotted, differenced or captioned with one word. Arm B uses the first, Arm A the second.",offset is against Arm A's zoned DISPLAY SMOOTHER on the temporal metric: not a residual and not a test. NA where the patch is outside the zoned water range.,"115-part: 52.697196 + 0.547274 x mean water; 64-paddock: 52.652934 + 0.547838 x mean water. Both APPLIED, neither refitted.","8-connected component within one vegetation community, outside every management zone","meets_support_rule = >=25 water years with >=30 valid cells; meets_500_cells = the PARTSCATTER floor used by Arm A; meets_bare_33_cells = v1's threshold, for contrast; size_matched = inside this community's real-part IQR",pixel,1988-2022 (35 water years),unzoned standard-grazing country,0.06235142839918241
U0147,Inland Floodplain Shrublands / Swamps,inland,1,0.0623514283991824,66.03513,,28.571428,0,0,0,0,0,,,,,,,,,,,,1,"1 by construction: a patch is defined as a single 8-connected component, unlike a real part which may be several","veg_p05_spatial_mean_over_years and veg_p05_temporal_mean are DIFFERENT METRICS and are never co-plotted, differenced or captioned with one word. Arm B uses the first, Arm A the second.",offset is against Arm A's zoned DISPLAY SMOOTHER on the temporal metric: not a residual and not a test. NA where the patch is outside the zoned water range.,"115-part: 52.697196 + 0.547274 x mean water; 64-paddock: 52.652934 + 0.547838 x mean water. Both APPLIED, neither refitted.","8-connected component within one vegetation community, outside every management zone","meets_support_rule = >=25 water years with >=30 valid cells; meets_500_cells = the PARTSCATTER floor used by Arm A; meets_bare_33_cells = v1's threshold, for contrast; size_matched = inside this community's real-part IQR",pixel,1988-2022 (35 water years),unzoned standard-grazing country,0.06235142839918241
U0148,Inland Floodplain Shrublands / Swamps,inland,1,0.0623514283991824,78.797806,,48.57143,0,0,0,0,0,,,,,,,,,,,,1,"1 by construction: a patch is defined as a single 8-connected component, unlike a real part which may be several","veg_p05_spatial_mean_over_years and veg_p05_temporal_mean are DIFFERENT METRICS and are never co-plotted, differenced or captioned with one word. Arm B uses the first, Arm A the second.",offset is against Arm A's zoned DISPLAY SMOOTHER on the temporal metric: not a residual and not a test. NA where the patch is outside the zoned water range.,"115-part: 52.697196 + 0.547274 x mean water; 64-paddock: 52.652934 + 0.547838 x mean water. Both APPLIED, neither refitted.","8-connected component within one vegetation community, outside every management zone","meets_support_rule = >=25 water years with >=30 valid cells; meets_500_cells = the PARTSCATTER floor used by Arm A; meets_bare_33_cells = v1's threshold, for contrast; size_matched = inside this community's real-part IQR",pixel,1988-2022 (35 water years),unzoned standard-grazing country,0.06235142839918241
U0149,Inland Floodplain Shrublands / Swamps,inland,2,0.1247028567983648,67.69083,0.5676081,14.285714,0,0,0,0,0,,,,,,,,,,,,1,"1 by construction: a patch is defined as a single 8-connected component, unlike a real part which may be several","veg_p05_spatial_mean_over_years and veg_p05_temporal_mean are DIFFERENT METRICS and are never co-plotted, differenced or captioned with one word. Arm B uses the first, Arm A the second.",offset is against Arm A's zoned DISPLAY SMOOTHER on the temporal metric: not a residual and not a test. NA where the patch is outside the zoned water range.,"115-part: 52.697196 + 0.547274 x mean water; 64-paddock: 52.652934 + 0.547838 x mean water. Both APPLIED, neither refitted.","8-connected component within one vegetation community, outside every management zone","meets_support_rule = >=25 water years with >=30 valid cells; meets_500_cells = the PARTSCATTER floor used by Arm A; meets_bare_33_cells = v1's threshold, for contrast; size_matched = inside this community's real-part IQR",pixel,1988-2022 (35 water years),unzoned standard-grazing country,0.06235142839918241
U0150,Inland Floodplain Shrublands / Swamps,inland,1,0.0623514283991824,80.75299,,37.142857,0,0,0,0,0,,,,,,,,,,,,1,"1 by construction: a patch is defined as a single 8-connected component, unlike a real part which may be several","veg_p05_spatial_mean_over_years and veg_p05_temporal_mean are DIFFERENT METRICS and are never co-plotted, differenced or captioned with one word. Arm B uses the first, Arm A the second.",offset is against Arm A's zoned DISPLAY SMOOTHER on the temporal metric: not a residual and not a test. NA where the patch is outside the zoned water range.,"115-part: 52.697196 + 0.547274 x mean water; 64-paddock: 52.652934 + 0.547838 x mean water. Both APPLIED, neither refitted.","8-connected component within one vegetation community, outside every management zone","meets_support_rule = >=25 water years with >=30 valid cells; meets_500_cells = the PARTSCATTER floor used by Arm A; meets_bare_33_cells = v1's threshold, for contrast; size_matched = inside this community's real-part IQR",pixel,1988-2022 (35 water years),unzoned standard-grazing country,0.06235142839918241
U0151,Inland Floodplain Shrublands / Swamps,inland,1,0.0623514283991824,82.52631,,54.285713,0,0,0,0,0,,,,,,,,,,,,1,"1 by construction: a patch is defined as a single 8-connected component, unlike a real part which may be several","veg_p05_spatial_mean_over_years and veg_p05_temporal_mean are DIFFERENT METRICS and are never co-plotted, differenced or captioned with one word. Arm B uses the first, Arm A the second.",offset is against Arm A's zoned DISPLAY SMOOTHER on the temporal metric: not a residual and not a test. NA where the patch is outside the zoned water range.,"115-part: 52.697196 + 0.547274 x mean water; 64-paddock: 52.652934 + 0.547838 x mean water. Both APPLIED, neither refitted.","8-connected component within one vegetation community, outside every management zone","meets_support_rule = >=25 water years with >=30 valid cells; meets_500_cells = the PARTSCATTER floor used by Arm A; meets_bare_33_cells = v1's threshold, for contrast; size_matched = inside this community's real-part IQR",pixel,1988-2022 (35 water years),unzoned standard-grazing country,0.06235142839918241
U0152,Inland Floodplain Shrublands / Swamps,inland,8,0.4988114271934593,65.48413,2.4628553,32.857143,0,0,0,0,0,,,,,,,,,,,,1,"1 by construction: a patch is defined as a single 8-connected component, unlike a real part which may be several","veg_p05_spatial_mean_over_years and veg_p05_temporal_mean are DIFFERENT METRICS and are never co-plotted, differenced or captioned with one word. Arm B uses the first, Arm A the second.",offset is against Arm A's zoned DISPLAY SMOOTHER on the temporal metric: not a residual and not a test. NA where the patch is outside the zoned water range.,"115-part: 52.697196 + 0.547274 x mean water; 64-paddock: 52.652934 + 0.547838 x mean water. Both APPLIED, neither refitted.","8-connected component within one vegetation community, outside every management zone","meets_support_rule = >=25 water years with >=30 valid cells; meets_500_cells = the PARTSCATTER floor used by Arm A; meets_bare_33_cells = v1's threshold, for contrast; size_matched = inside this community's real-part IQR",pixel,1988-2022 (35 water years),unzoned standard-grazing country,0.06235142839918241
U0153,Inland Floodplain Shrublands / Swamps,inland,1,0.0623514283991824,17.261042,,5.714286,0,0,0,0,0,,,,,,,,,,,,1,"1 by construction: a patch is defined as a single 8-connected component, unlike a real part which may be several","veg_p05_spatial_mean_over_years and veg_p05_temporal_mean are DIFFERENT METRICS and are never co-plotted, differenced or captioned with one word. Arm B uses the first, Arm A the second.",offset is against Arm A's zoned DISPLAY SMOOTHER on the temporal metric: not a residual and not a test. NA where the patch is outside the zoned water range.,"115-part: 52.697196 + 0.547274 x mean water; 64-paddock: 52.652934 + 0.547838 x mean water. Both APPLIED, neither refitted.","8-connected component within one vegetation community, outside every management zone","meets_support_rule = >=25 water years with >=30 valid cells; meets_500_cells = the PARTSCATTER floor used by Arm A; meets_bare_33_cells = v1's threshold, for contrast; size_matched = inside this community's real-part IQR",pixel,1988-2022 (35 water years),unzoned standard-grazing country,0.06235142839918241
U0154,Inland Floodplain Shrublands / Swamps,inland,1,0.0623514283991824,77.456055,,71.42857,0,0,0,0,0,,,,,,,,,,,,1,"1 by construction: a patch is defined as a single 8-connected component, unlike a real part which may be several","veg_p05_spatial_mean_over_years and veg_p05_temporal_mean are DIFFERENT METRICS and are never co-plotted, differenced or captioned with one word. Arm B uses the first, Arm A the second.",offset is against Arm A's zoned DISPLAY SMOOTHER on the temporal metric: not a residual and not a test. NA where the patch is outside the zoned water range.,"115-part: 52.697196 + 0.547274 x mean water; 64-paddock: 52.652934 + 0.547838 x mean water. Both APPLIED, neither refitted.","8-connected component within one vegetation community, outside every management zone","meets_support_rule = >=25 water years with >=30 valid cells; meets_500_cells = the PARTSCATTER floor used by Arm A; meets_bare_33_cells = v1's threshold, for contrast; size_matched = inside this community's real-part IQR",pixel,1988-2022 (35 water years),unzoned standard-grazing country,0.06235142839918241
U0155,Inland Floodplain Shrublands / Swamps,inland,1,0.0623514283991824,26.219856,,5.714286,0,0,0,0,0,,,,,,,,,,,,1,"1 by construction: a patch is defined as a single 8-connected component, unlike a real part which may be several","veg_p05_spatial_mean_over_years and veg_p05_temporal_mean are DIFFERENT METRICS and are never co-plotted, differenced or captioned with one word. Arm B uses the first, Arm A the second.",offset is against Arm A's zoned DISPLAY SMOOTHER on the temporal metric: not a residual and not a test. NA where the patch is outside the zoned water range.,"115-part: 52.697196 + 0.547274 x mean water; 64-paddock: 52.652934 + 0.547838 x mean water. Both APPLIED, neither refitted.","8-connected component within one vegetation community, outside every management zone","meets_support_rule = >=25 water years with >=30 valid cells; meets_500_cells = the PARTSCATTER floor used by Arm A; meets_bare_33_cells = v1's threshold, for contrast; size_matched = inside this community's real-part IQR",pixel,1988-2022 (35 water years),unzoned standard-grazing country,0.06235142839918241
U0156,Inland Floodplain Shrublands / Swamps,inland,1,0.0623514283991824,14.009949,,0.0,0,0,0,0,0,,,,,,,,,,,,1,"1 by construction: a patch is defined as a single 8-connected component, unlike a real part which may be several","veg_p05_spatial_mean_over_years and veg_p05_temporal_mean are DIFFERENT METRICS and are never co-plotted, differenced or captioned with one word. Arm B uses the first, Arm A the second.",offset is against Arm A's zoned DISPLAY SMOOTHER on the temporal metric: not a residual and not a test. NA where the patch is outside the zoned water range.,"115-part: 52.697196 + 0.547274 x mean water; 64-paddock: 52.652934 + 0.547838 x mean water. Both APPLIED, neither refitted.","8-connected component within one vegetation community, outside every management zone","meets_support_rule = >=25 water years with >=30 valid cells; meets_500_cells = the PARTSCATTER floor used by Arm A; meets_bare_33_cells = v1's threshold, for contrast; size_matched = inside this community's real-part IQR",pixel,1988-2022 (35 water years),unzoned standard-grazing country,0.06235142839918241
U0157,Inland Floodplain Shrublands / Swamps,inland,7,0.4364599987942769,50.799747,4.847499,18.367346,0,0,0,0,0,,,,,,,,,,,,1,"1 by construction: a patch is defined as a single 8-connected component, unlike a real part which may be several","veg_p05_spatial_mean_over_years and veg_p05_temporal_mean are DIFFERENT METRICS and are never co-plotted, differenced or captioned with one word. Arm B uses the first, Arm A the second.",offset is against Arm A's zoned DISPLAY SMOOTHER on the temporal metric: not a residual and not a test. NA where the patch is outside the zoned water range.,"115-part: 52.697196 + 0.547274 x mean water; 64-paddock: 52.652934 + 0.547838 x mean water. Both APPLIED, neither refitted.","8-connected component within one vegetation community, outside every management zone","meets_support_rule = >=25 water years with >=30 valid cells; meets_500_cells = the PARTSCATTER floor used by Arm A; meets_bare_33_cells = v1's threshold, for contrast; size_matched = inside this community's real-part IQR",pixel,1988-2022 (35 water years),unzoned standard-grazing country,0.06235142839918241
U0158,Inland Floodplain Shrublands / Swamps,inland,2781,173.39932237812627,57.17664,14.677488,21.989008,35,1,1,1,0,57.217026394435344,21.989007037550728,35.0,0.2445127291633219,0.5074066549423876,0.3438000564055349,1.0,1.32343659989262,"DESCRIPTIVE OFFSET from the zoned display smoother; not a residual, not a test",-7.514175713061611,-7.482321243002367,1,"1 by construction: a patch is defined as a single 8-connected component, unlike a real part which may be several","veg_p05_spatial_mean_over_years and veg_p05_temporal_mean are DIFFERENT METRICS and are never co-plotted, differenced or captioned with one word. Arm B uses the first, Arm A the second.",offset is against Arm A's zoned DISPLAY SMOOTHER on the temporal metric: not a residual and not a test. NA where the patch is outside the zoned water range.,"115-part: 52.697196 + 0.547274 x mean water; 64-paddock: 52.652934 + 0.547838 x mean water. Both APPLIED, neither refitted.","8-connected component within one vegetation community, outside every management zone","meets_support_rule = >=25 water years with >=30 valid cells; meets_500_cells = the PARTSCATTER floor used by Arm A; meets_bare_33_cells = v1's threshold, for contrast; size_matched = inside this community's real-part IQR",pixel,1988-2022 (35 water years),unzoned standard-grazing country,0.06235142839918241
U0159,Inland Floodplain Shrublands / Swamps,inland,1,0.0623514283991824,26.27867,,0.0,0,0,0,0,0,,,,,,,,,,,,1,"1 by construction: a patch is defined as a single 8-connected component, unlike a real part which may be several","veg_p05_spatial_mean_over_years and veg_p05_temporal_mean are DIFFERENT METRICS and are never co-plotted, differenced or captioned with one word. Arm B uses the first, Arm A the second.",offset is against Arm A's zoned DISPLAY SMOOTHER on the temporal metric: not a residual and not a test. NA where the patch is outside the zoned water range.,"115-part: 52.697196 + 0.547274 x mean water; 64-paddock: 52.652934 + 0.547838 x mean water. Both APPLIED, neither refitted.","8-connected component within one vegetation community, outside every management zone","meets_support_rule = >=25 water years with >=30 valid cells; meets_500_cells = the PARTSCATTER floor used by Arm A; meets_bare_33_cells = v1's threshold, for contrast; size_matched = inside this community's real-part IQR",pixel,1988-2022 (35 water years),unzoned standard-grazing country,0.06235142839918241
U0160,Inland Floodplain Shrublands / Swamps,inland,3,0.1870542851975472,61.305267,6.17068,23.809525,0,0,0,0,0,,,,,,,,,,,,1,"1 by construction: a patch is defined as a single 8-connected component, unlike a real part which may be several","veg_p05_spatial_mean_over_years and veg_p05_temporal_mean are DIFFERENT METRICS and are never co-plotted, differenced or captioned with one word. Arm B uses the first, Arm A the second.",offset is against Arm A's zoned DISPLAY SMOOTHER on the temporal metric: not a residual and not a test. NA where the patch is outside the zoned water range.,"115-part: 52.697196 + 0.547274 x mean water; 64-paddock: 52.652934 + 0.547838 x mean water. Both APPLIED, neither refitted.","8-connected component within one vegetation community, outside every management zone","meets_support_rule = >=25 water years with >=30 valid cells; meets_500_cells = the PARTSCATTER floor used by Arm A; meets_bare_33_cells = v1's threshold, for contrast; size_matched = inside this community's real-part IQR",pixel,1988-2022 (35 water years),unzoned standard-grazing country,0.06235142839918241
U0161,Inland Floodplain Shrublands / Swamps,inland,1,0.0623514283991824,71.486374,,65.71429,0,0,0,0,0,,,,,,,,,,,,1,"1 by construction: a patch is defined as a single 8-connected component, unlike a real part which may be several","veg_p05_spatial_mean_over_years and veg_p05_temporal_mean are DIFFERENT METRICS and are never co-plotted, differenced or captioned with one word. Arm B uses the first, Arm A the second.",offset is against Arm A's zoned DISPLAY SMOOTHER on the temporal metric: not a residual and not a test. NA where the patch is outside the zoned water range.,"115-part: 52.697196 + 0.547274 x mean water; 64-paddock: 52.652934 + 0.547838 x mean water. Both APPLIED, neither refitted.","8-connected component within one vegetation community, outside every management zone","meets_support_rule = >=25 water years with >=30 valid cells; meets_500_cells = the PARTSCATTER floor used by Arm A; meets_bare_33_cells = v1's threshold, for contrast; size_matched = inside this community's real-part IQR",pixel,1988-2022 (35 water years),unzoned standard-grazing country,0.06235142839918241
U0162,Inland Floodplain Shrublands / Swamps,inland,1,0.0623514283991824,30.052221,,0.0,0,0,0,0,0,,,,,,,,,,,,1,"1 by construction: a patch is defined as a single 8-connected component, unlike a real part which may be several","veg_p05_spatial_mean_over_years and veg_p05_temporal_mean are DIFFERENT METRICS and are never co-plotted, differenced or captioned with one word. Arm B uses the first, Arm A the second.",offset is against Arm A's zoned DISPLAY SMOOTHER on the temporal metric: not a residual and not a test. NA where the patch is outside the zoned water range.,"115-part: 52.697196 + 0.547274 x mean water; 64-paddock: 52.652934 + 0.547838 x mean water. Both APPLIED, neither refitted.","8-connected component within one vegetation community, outside every management zone","meets_support_rule = >=25 water years with >=30 valid cells; meets_500_cells = the PARTSCATTER floor used by Arm A; meets_bare_33_cells = v1's threshold, for contrast; size_matched = inside this community's real-part IQR",pixel,1988-2022 (35 water years),unzoned standard-grazing country,0.06235142839918241
U0163,Inland Floodplain Shrublands / Swamps,inland,1473,91.84365403199568,70.05533,5.9192796,40.465523,35,1,1,1,0,78.06671231951033,40.46552225778295,35.0,0.0820058202500969,0.4585410131726922,0.2255116240258202,1.0,1.04714453159637,"DESCRIPTIVE OFFSET from the zoned display smoother; not a residual, not a test",3.2237987489162805,3.245227536851033,1,"1 by construction: a patch is defined as a single 8-connected component, unlike a real part which may be several","veg_p05_spatial_mean_over_years and veg_p05_temporal_mean are DIFFERENT METRICS and are never co-plotted, differenced or captioned with one word. Arm B uses the first, Arm A the second.",offset is against Arm A's zoned DISPLAY SMOOTHER on the temporal metric: not a residual and not a test. NA where the patch is outside the zoned water range.,"115-part: 52.697196 + 0.547274 x mean water; 64-paddock: 52.652934 + 0.547838 x mean water. Both APPLIED, neither refitted.","8-connected component within one vegetation community, outside every management zone","meets_support_rule = >=25 water years with >=30 valid cells; meets_500_cells = the PARTSCATTER floor used by Arm A; meets_bare_33_cells = v1's threshold, for contrast; size_matched = inside this community's real-part IQR",pixel,1988-2022 (35 water years),unzoned standard-grazing country,0.06235142839918241
U0164,Inland Floodplain Shrublands / Swamps,inland,1,0.0623514283991824,19.196413,,2.857143,0,0,0,0,0,,,,,,,,,,,,1,"1 by construction: a patch is defined as a single 8-connected component, unlike a real part which may be several","veg_p05_spatial_mean_over_years and veg_p05_temporal_mean are DIFFERENT METRICS and are never co-plotted, differenced or captioned with one word. Arm B uses the first, Arm A the second.",offset is against Arm A's zoned DISPLAY SMOOTHER on the temporal metric: not a residual and not a test. NA where the patch is outside the zoned water range.,"115-part: 52.697196 + 0.547274 x mean water; 64-paddock: 52.652934 + 0.547838 x mean water. Both APPLIED, neither refitted.","8-connected component within one vegetation community, outside every management zone","meets_support_rule = >=25 water years with >=30 valid cells; meets_500_cells = the PARTSCATTER floor used by Arm A; meets_bare_33_cells = v1's threshold, for contrast; size_matched = inside this community's real-part IQR",pixel,1988-2022 (35 water years),unzoned standard-grazing country,0.06235142839918241
U0165,Inland Floodplain Shrublands / Swamps,inland,1,0.0623514283991824,76.00947,,62.857143,0,0,0,0,0,,,,,,,,,,,,1,"1 by construction: a patch is defined as a single 8-connected component, unlike a real part which may be several","veg_p05_spatial_mean_over_years and veg_p05_temporal_mean are DIFFERENT METRICS and are never co-plotted, differenced or captioned with one word. Arm B uses the first, Arm A the second.",offset is against Arm A's zoned DISPLAY SMOOTHER on the temporal metric: not a residual and not a test. NA where the patch is outside the zoned water range.,"115-part: 52.697196 + 0.547274 x mean water; 64-paddock: 52.652934 + 0.547838 x mean water. Both APPLIED, neither refitted.","8-connected component within one vegetation community, outside every management zone","meets_support_rule = >=25 water years with >=30 valid cells; meets_500_cells = the PARTSCATTER floor used by Arm A; meets_bare_33_cells = v1's threshold, for contrast; size_matched = inside this community's real-part IQR",pixel,1988-2022 (35 water years),unzoned standard-grazing country,0.06235142839918241
U0166,Inland Floodplain Shrublands / Swamps,inland,1,0.0623514283991824,70.74626,,17.142857,0,0,0,0,0,,,,,,,,,,,,1,"1 by construction: a patch is defined as a single 8-connected component, unlike a real part which may be several","veg_p05_spatial_mean_over_years and veg_p05_temporal_mean are DIFFERENT METRICS and are never co-plotted, differenced or captioned with one word. Arm B uses the first, Arm A the second.",offset is against Arm A's zoned DISPLAY SMOOTHER on the temporal metric: not a residual and not a test. NA where the patch is outside the zoned water range.,"115-part: 52.697196 + 0.547274 x mean water; 64-paddock: 52.652934 + 0.547838 x mean water. Both APPLIED, neither refitted.","8-connected component within one vegetation community, outside every management zone","meets_support_rule = >=25 water years with >=30 valid cells; meets_500_cells = the PARTSCATTER floor used by Arm A; meets_bare_33_cells = v1's threshold, for contrast; size_matched = inside this community's real-part IQR",pixel,1988-2022 (35 water years),unzoned standard-grazing country,0.06235142839918241
U0167,Inland Floodplain Shrublands / Swamps,inland,1,0.0623514283991824,75.40339,,74.28571,0,0,0,0,0,,,,,,,,,,,,1,"1 by construction: a patch is defined as a single 8-connected component, unlike a real part which may be several","veg_p05_spatial_mean_over_years and veg_p05_temporal_mean are DIFFERENT METRICS and are never co-plotted, differenced or captioned with one word. Arm B uses the first, Arm A the second.",offset is against Arm A's zoned DISPLAY SMOOTHER on the temporal metric: not a residual and not a test. NA where the patch is outside the zoned water range.,"115-part: 52.697196 + 0.547274 x mean water; 64-paddock: 52.652934 + 0.547838 x mean water. Both APPLIED, neither refitted.","8-connected component within one vegetation community, outside every management zone","meets_support_rule = >=25 water years with >=30 valid cells; meets_500_cells = the PARTSCATTER floor used by Arm A; meets_bare_33_cells = v1's threshold, for contrast; size_matched = inside this community's real-part IQR",pixel,1988-2022 (35 water years),unzoned standard-grazing country,0.06235142839918241
U0168,Inland Floodplain Shrublands / Swamps,inland,641,39.96726560387592,52.21683,6.857463,18.176956,35,1,1,1,0,70.77297559465681,18.17695564965456,35.0,0.07803986852666,0.2274036746988317,0.2932239547186207,1.0,-1.78342203579822,"DESCRIPTIVE OFFSET from the zoned display smoother; not a residual, not a test",8.128009081775438,8.162014565461355,1,"1 by construction: a patch is defined as a single 8-connected component, unlike a real part which may be several","veg_p05_spatial_mean_over_years and veg_p05_temporal_mean are DIFFERENT METRICS and are never co-plotted, differenced or captioned with one word. Arm B uses the first, Arm A the second.",offset is against Arm A's zoned DISPLAY SMOOTHER on the temporal metric: not a residual and not a test. NA where the patch is outside the zoned water range.,"115-part: 52.697196 + 0.547274 x mean water; 64-paddock: 52.652934 + 0.547838 x mean water. Both APPLIED, neither refitted.","8-connected component within one vegetation community, outside every management zone","meets_support_rule = >=25 water years with >=30 valid cells; meets_500_cells = the PARTSCATTER floor used by Arm A; meets_bare_33_cells = v1's threshold, for contrast; size_matched = inside this community's real-part IQR",pixel,1988-2022 (35 water years),unzoned standard-grazing country,0.06235142839918241
U0169,Inland Floodplain Shrublands / Swamps,inland,440,27.43462849564026,51.357456,14.468875,11.681818,35,1,1,0,0,49.50402874810355,11.681818181818182,35.0,0.3152228671755309,0.5139234632987278,0.4792206878108058,1.0,,,-9.586319634406863,-9.54864916098736,1,"1 by construction: a patch is defined as a single 8-connected component, unlike a real part which may be several","veg_p05_spatial_mean_over_years and veg_p05_temporal_mean are DIFFERENT METRICS and are never co-plotted, differenced or captioned with one word. Arm B uses the first, Arm A the second.",offset is against Arm A's zoned DISPLAY SMOOTHER on the temporal metric: not a residual and not a test. NA where the patch is outside the zoned water range.,"115-part: 52.697196 + 0.547274 x mean water; 64-paddock: 52.652934 + 0.547838 x mean water. Both APPLIED, neither refitted.","8-connected component within one vegetation community, outside every management zone","meets_support_rule = >=25 water years with >=30 valid cells; meets_500_cells = the PARTSCATTER floor used by Arm A; meets_bare_33_cells = v1's threshold, for contrast; size_matched = inside this community's real-part IQR",pixel,1988-2022 (35 water years),unzoned standard-grazing country,0.06235142839918241
U0170,Inland Floodplain Shrublands / Swamps,inland,59,3.678734275551762,52.8251,5.814821,21.985472,35,1,1,0,0,67.31817564828054,21.98547215496368,35.0,0.1054137270409139,0.3776624777981788,0.0861297745525359,1.0,,,2.588908089173813,2.620764553849554,1,"1 by construction: a patch is defined as a single 8-connected component, unlike a real part which may be several","veg_p05_spatial_mean_over_years and veg_p05_temporal_mean are DIFFERENT METRICS and are never co-plotted, differenced or captioned with one word. Arm B uses the first, Arm A the second.",offset is against Arm A's zoned DISPLAY SMOOTHER on the temporal metric: not a residual and not a test. NA where the patch is outside the zoned water range.,"115-part: 52.697196 + 0.547274 x mean water; 64-paddock: 52.652934 + 0.547838 x mean water. Both APPLIED, neither refitted.","8-connected component within one vegetation community, outside every management zone","meets_support_rule = >=25 water years with >=30 valid cells; meets_500_cells = the PARTSCATTER floor used by Arm A; meets_bare_33_cells = v1's threshold, for contrast; size_matched = inside this community's real-part IQR",pixel,1988-2022 (35 water years),unzoned standard-grazing country,0.06235142839918241
U0171,Inland Floodplain Shrublands / Swamps,inland,1,0.0623514283991824,75.987656,,34.285713,0,0,0,0,0,,,,,,,,,,,,1,"1 by construction: a patch is defined as a single 8-connected component, unlike a real part which may be several","veg_p05_spatial_mean_over_years and veg_p05_temporal_mean are DIFFERENT METRICS and are never co-plotted, differenced or captioned with one word. Arm B uses the first, Arm A the second.",offset is against Arm A's zoned DISPLAY SMOOTHER on the temporal metric: not a residual and not a test. NA where the patch is outside the zoned water range.,"115-part: 52.697196 + 0.547274 x mean water; 64-paddock: 52.652934 + 0.547838 x mean water. Both APPLIED, neither refitted.","8-connected component within one vegetation community, outside every management zone","meets_support_rule = >=25 water years with >=30 valid cells; meets_500_cells = the PARTSCATTER floor used by Arm A; meets_bare_33_cells = v1's threshold, for contrast; size_matched = inside this community's real-part IQR",pixel,1988-2022 (35 water years),unzoned standard-grazing country,0.06235142839918241
U0172,Inland Floodplain Shrublands / Swamps,inland,1,0.0623514283991824,83.44098,,51.42857,0,0,0,0,0,,,,,,,,,,,,1,"1 by construction: a patch is defined as a single 8-connected component, unlike a real part which may be several","veg_p05_spatial_mean_over_years and veg_p05_temporal_mean are DIFFERENT METRICS and are never co-plotted, differenced or captioned with one word. Arm B uses the first, Arm A the second.",offset is against Arm A's zoned DISPLAY SMOOTHER on the temporal metric: not a residual and not a test. NA where the patch is outside the zoned water range.,"115-part: 52.697196 + 0.547274 x mean water; 64-paddock: 52.652934 + 0.547838 x mean water. Both APPLIED, neither refitted.","8-connected component within one vegetation community, outside every management zone","meets_support_rule = >=25 water years with >=30 valid cells; meets_500_cells = the PARTSCATTER floor used by Arm A; meets_bare_33_cells = v1's threshold, for contrast; size_matched = inside this community's real-part IQR",pixel,1988-2022 (35 water years),unzoned standard-grazing country,0.06235142839918241
U0173,Inland Floodplain Shrublands / Swamps,inland,1,0.0623514283991824,75.662476,,45.714287,0,0,0,0,0,,,,,,,,,,,,1,"1 by construction: a patch is defined as a single 8-connected component, unlike a real part which may be several","veg_p05_spatial_mean_over_years and veg_p05_temporal_mean are DIFFERENT METRICS and are never co-plotted, differenced or captioned with one word. Arm B uses the first, Arm A the second.",offset is against Arm A's zoned DISPLAY SMOOTHER on the temporal metric: not a residual and not a test. NA where the patch is outside the zoned water range.,"115-part: 52.697196 + 0.547274 x mean water; 64-paddock: 52.652934 + 0.547838 x mean water. Both APPLIED, neither refitted.","8-connected component within one vegetation community, outside every management zone","meets_support_rule = >=25 water years with >=30 valid cells; meets_500_cells = the PARTSCATTER floor used by Arm A; meets_bare_33_cells = v1's threshold, for contrast; size_matched = inside this community's real-part IQR",pixel,1988-2022 (35 water years),unzoned standard-grazing country,0.06235142839918241
U0174,Inland Floodplain Shrublands / Swamps,inland,2,0.1247028567983648,73.9628,0.5138436,45.714287,0,0,0,0,0,,,,,,,,,,,,1,"1 by construction: a patch is defined as a single 8-connected component, unlike a real part which may be several","veg_p05_spatial_mean_over_years and veg_p05_temporal_mean are DIFFERENT METRICS and are never co-plotted, differenced or captioned with one word. Arm B uses the first, Arm A the second.",offset is against Arm A's zoned DISPLAY SMOOTHER on the temporal metric: not a residual and not a test. NA where the patch is outside the zoned water range.,"115-part: 52.697196 + 0.547274 x mean water; 64-paddock: 52.652934 + 0.547838 x mean water. Both APPLIED, neither refitted.","8-connected component within one vegetation community, outside every management zone","meets_support_rule = >=25 water years with >=30 valid cells; meets_500_cells = the PARTSCATTER floor used by Arm A; meets_bare_33_cells = v1's threshold, for contrast; size_matched = inside this community's real-part IQR",pixel,1988-2022 (35 water years),unzoned standard-grazing country,0.06235142839918241
U0175,Inland Floodplain Shrublands / Swamps,inland,1,0.0623514283991824,53.35567,,17.142857,0,0,0,0,0,,,,,,,,,,,,1,"1 by construction: a patch is defined as a single 8-connected component, unlike a real part which may be several","veg_p05_spatial_mean_over_years and veg_p05_temporal_mean are DIFFERENT METRICS and are never co-plotted, differenced or captioned with one word. Arm B uses the first, Arm A the second.",offset is against Arm A's zoned DISPLAY SMOOTHER on the temporal metric: not a residual and not a test. NA where the patch is outside the zoned water range.,"115-part: 52.697196 + 0.547274 x mean water; 64-paddock: 52.652934 + 0.547838 x mean water. Both APPLIED, neither refitted.","8-connected component within one vegetation community, outside every management zone","meets_support_rule = >=25 water years with >=30 valid cells; meets_500_cells = the PARTSCATTER floor used by Arm A; meets_bare_33_cells = v1's threshold, for contrast; size_matched = inside this community's real-part IQR",pixel,1988-2022 (35 water years),unzoned standard-grazing country,0.06235142839918241
U0176,Inland Floodplain Shrublands / Swamps,inland,2,0.1247028567983648,75.20824,0.30560443,54.285713,0,0,0,0,0,,,,,,,,,,,,1,"1 by construction: a patch is defined as a single 8-connected component, unlike a real part which may be several","veg_p05_spatial_mean_over_years and veg_p05_temporal_mean are DIFFERENT METRICS and are never co-plotted, differenced or captioned with one word. Arm B uses the first, Arm A the second.",offset is against Arm A's zoned DISPLAY SMOOTHER on the temporal metric: not a residual and not a test. NA where the patch is outside the zoned water range.,"115-part: 52.697196 + 0.547274 x mean water; 64-paddock: 52.652934 + 0.547838 x mean water. Both APPLIED, neither refitted.","8-connected component within one vegetation community, outside every management zone","meets_support_rule = >=25 water years with >=30 valid cells; meets_500_cells = the PARTSCATTER floor used by Arm A; meets_bare_33_cells = v1's threshold, for contrast; size_matched = inside this community's real-part IQR",pixel,1988-2022 (35 water years),unzoned standard-grazing country,0.06235142839918241
U0177,Inland Floodplain Shrublands / Swamps,inland,1,0.0623514283991824,84.82051,,40.0,0,0,0,0,0,,,,,,,,,,,,1,"1 by construction: a patch is defined as a single 8-connected component, unlike a real part which may be several","veg_p05_spatial_mean_over_years and veg_p05_temporal_mean are DIFFERENT METRICS and are never co-plotted, differenced or captioned with one word. Arm B uses the first, Arm A the second.",offset is against Arm A's zoned DISPLAY SMOOTHER on the temporal metric: not a residual and not a test. NA where the patch is outside the zoned water range.,"115-part: 52.697196 + 0.547274 x mean water; 64-paddock: 52.652934 + 0.547838 x mean water. Both APPLIED, neither refitted.","8-connected component within one vegetation community, outside every management zone","meets_support_rule = >=25 water years with >=30 valid cells; meets_500_cells = the PARTSCATTER floor used by Arm A; meets_bare_33_cells = v1's threshold, for contrast; size_matched = inside this community's real-part IQR",pixel,1988-2022 (35 water years),unzoned standard-grazing country,0.06235142839918241
U0178,Inland Floodplain Shrublands / Swamps,inland,2,0.1247028567983648,76.103165,1.3623588,60.0,0,0,0,0,0,,,,,,,,,,,,1,"1 by construction: a patch is defined as a single 8-connected component, unlike a real part which may be several","veg_p05_spatial_mean_over_years and veg_p05_temporal_mean are DIFFERENT METRICS and are never co-plotted, differenced or captioned with one word. Arm B uses the first, Arm A the second.",offset is against Arm A's zoned DISPLAY SMOOTHER on the temporal metric: not a residual and not a test. NA where the patch is outside the zoned water range.,"115-part: 52.697196 + 0.547274 x mean water; 64-paddock: 52.652934 + 0.547838 x mean water. Both APPLIED, neither refitted.","8-connected component within one vegetation community, outside every management zone","meets_support_rule = >=25 water years with >=30 valid cells; meets_500_cells = the PARTSCATTER floor used by Arm A; meets_bare_33_cells = v1's threshold, for contrast; size_matched = inside this community's real-part IQR",pixel,1988-2022 (35 water years),unzoned standard-grazing country,0.06235142839918241
U0179,Inland Floodplain Shrublands / Swamps,inland,2,0.1247028567983648,76.64215,0.09012008,51.428574,0,0,0,0,0,,,,,,,,,,,,1,"1 by construction: a patch is defined as a single 8-connected component, unlike a real part which may be several","veg_p05_spatial_mean_over_years and veg_p05_temporal_mean are DIFFERENT METRICS and are never co-plotted, differenced or captioned with one word. Arm B uses the first, Arm A the second.",offset is against Arm A's zoned DISPLAY SMOOTHER on the temporal metric: not a residual and not a test. NA where the patch is outside the zoned water range.,"115-part: 52.697196 + 0.547274 x mean water; 64-paddock: 52.652934 + 0.547838 x mean water. Both APPLIED, neither refitted.","8-connected component within one vegetation community, outside every management zone","meets_support_rule = >=25 water years with >=30 valid cells; meets_500_cells = the PARTSCATTER floor used by Arm A; meets_bare_33_cells = v1's threshold, for contrast; size_matched = inside this community's real-part IQR",pixel,1988-2022 (35 water years),unzoned standard-grazing country,0.06235142839918241
U0180,Inland Floodplain Shrublands / Swamps,inland,3,0.1870542851975472,66.87377,0.6201392,30.47619,0,0,0,0,0,,,,,,,,,,,,1,"1 by construction: a patch is defined as a single 8-connected component, unlike a real part which may be several","veg_p05_spatial_mean_over_years and veg_p05_temporal_mean are DIFFERENT METRICS and are never co-plotted, differenced or captioned with one word. Arm B uses the first, Arm A the second.",offset is against Arm A's zoned DISPLAY SMOOTHER on the temporal metric: not a residual and not a test. NA where the patch is outside the zoned water range.,"115-part: 52.697196 + 0.547274 x mean water; 64-paddock: 52.652934 + 0.547838 x mean water. Both APPLIED, neither refitted.","8-connected component within one vegetation community, outside every management zone","meets_support_rule = >=25 water years with >=30 valid cells; meets_500_cells = the PARTSCATTER floor used by Arm A; meets_bare_33_cells = v1's threshold, for contrast; size_matched = inside this community's real-part IQR",pixel,1988-2022 (35 water years),unzoned standard-grazing country,0.06235142839918241
U0181,Inland Floodplain Shrublands / Swamps,inland,1,0.0623514283991824,76.66119,,54.285713,0,0,0,0,0,,,,,,,,,,,,1,"1 by construction: a patch is defined as a single 8-connected component, unlike a real part which may be several","veg_p05_spatial_mean_over_years and veg_p05_temporal_mean are DIFFERENT METRICS and are never co-plotted, differenced or captioned with one word. Arm B uses the first, Arm A the second.",offset is against Arm A's zoned DISPLAY SMOOTHER on the temporal metric: not a residual and not a test. NA where the patch is outside the zoned water range.,"115-part: 52.697196 + 0.547274 x mean water; 64-paddock: 52.652934 + 0.547838 x mean water. Both APPLIED, neither refitted.","8-connected component within one vegetation community, outside every management zone","meets_support_rule = >=25 water years with >=30 valid cells; meets_500_cells = the PARTSCATTER floor used by Arm A; meets_bare_33_cells = v1's threshold, for contrast; size_matched = inside this community's real-part IQR",pixel,1988-2022 (35 water years),unzoned standard-grazing country,0.06235142839918241
U0182,Inland Floodplain Shrublands / Swamps,inland,1,0.0623514283991824,81.83666,,40.0,0,0,0,0,0,,,,,,,,,,,,1,"1 by construction: a patch is defined as a single 8-connected component, unlike a real part which may be several","veg_p05_spatial_mean_over_years and veg_p05_temporal_mean are DIFFERENT METRICS and are never co-plotted, differenced or captioned with one word. Arm B uses the first, Arm A the second.",offset is against Arm A's zoned DISPLAY SMOOTHER on the temporal metric: not a residual and not a test. NA where the patch is outside the zoned water range.,"115-part: 52.697196 + 0.547274 x mean water; 64-paddock: 52.652934 + 0.547838 x mean water. Both APPLIED, neither refitted.","8-connected component within one vegetation community, outside every management zone","meets_support_rule = >=25 water years with >=30 valid cells; meets_500_cells = the PARTSCATTER floor used by Arm A; meets_bare_33_cells = v1's threshold, for contrast; size_matched = inside this community's real-part IQR",pixel,1988-2022 (35 water years),unzoned standard-grazing country,0.06235142839918241
U0183,Inland Floodplain Shrublands / Swamps,inland,1,0.0623514283991824,75.8911,,60.0,0,0,0,0,0,,,,,,,,,,,,1,"1 by construction: a patch is defined as a single 8-connected component, unlike a real part which may be several","veg_p05_spatial_mean_over_years and veg_p05_temporal_mean are DIFFERENT METRICS and are never co-plotted, differenced or captioned with one word. Arm B uses the first, Arm A the second.",offset is against Arm A's zoned DISPLAY SMOOTHER on the temporal metric: not a residual and not a test. NA where the patch is outside the zoned water range.,"115-part: 52.697196 + 0.547274 x mean water; 64-paddock: 52.652934 + 0.547838 x mean water. Both APPLIED, neither refitted.","8-connected component within one vegetation community, outside every management zone","meets_support_rule = >=25 water years with >=30 valid cells; meets_500_cells = the PARTSCATTER floor used by Arm A; meets_bare_33_cells = v1's threshold, for contrast; size_matched = inside this community's real-part IQR",pixel,1988-2022 (35 water years),unzoned standard-grazing country,0.06235142839918241
U0184,Inland Floodplain Shrublands / Swamps,inland,1,0.0623514283991824,22.785748,,0.0,0,0,0,0,0,,,,,,,,,,,,1,"1 by construction: a patch is defined as a single 8-connected component, unlike a real part which may be several","veg_p05_spatial_mean_over_years and veg_p05_temporal_mean are DIFFERENT METRICS and are never co-plotted, differenced or captioned with one word. Arm B uses the first, Arm A the second.",offset is against Arm A's zoned DISPLAY SMOOTHER on the temporal metric: not a residual and not a test. NA where the patch is outside the zoned water range.,"115-part: 52.697196 + 0.547274 x mean water; 64-paddock: 52.652934 + 0.547838 x mean water. Both APPLIED, neither refitted.","8-connected component within one vegetation community, outside every management zone","meets_support_rule = >=25 water years with >=30 valid cells; meets_500_cells = the PARTSCATTER floor used by Arm A; meets_bare_33_cells = v1's threshold, for contrast; size_matched = inside this community's real-part IQR",pixel,1988-2022 (35 water years),unzoned standard-grazing country,0.06235142839918241
U0185,Inland Floodplain Shrublands / Swamps,inland,1,0.0623514283991824,74.353485,,62.857143,0,0,0,0,0,,,,,,,,,,,,1,"1 by construction: a patch is defined as a single 8-connected component, unlike a real part which may be several","veg_p05_spatial_mean_over_years and veg_p05_temporal_mean are DIFFERENT METRICS and are never co-plotted, differenced or captioned with one word. Arm B uses the first, Arm A the second.",offset is against Arm A's zoned DISPLAY SMOOTHER on the temporal metric: not a residual and not a test. NA where the patch is outside the zoned water range.,"115-part: 52.697196 + 0.547274 x mean water; 64-paddock: 52.652934 + 0.547838 x mean water. Both APPLIED, neither refitted.","8-connected component within one vegetation community, outside every management zone","meets_support_rule = >=25 water years with >=30 valid cells; meets_500_cells = the PARTSCATTER floor used by Arm A; meets_bare_33_cells = v1's threshold, for contrast; size_matched = inside this community's real-part IQR",pixel,1988-2022 (35 water years),unzoned standard-grazing country,0.06235142839918241
U0186,Inland Floodplain Shrublands / Swamps,inland,894,55.74217698886908,50.284256,8.778967,28.9837,35,1,1,1,0,65.52057630266462,28.983700862895493,35.0,0.1691992225505386,0.5105151625952915,0.2838264526745897,1.0,-10.7940786284022,"DESCRIPTIVE OFFSET from the zoned display smoother; not a residual, not a test",-3.038638007974612,-3.010730410662319,1,"1 by construction: a patch is defined as a single 8-connected component, unlike a real part which may be several","veg_p05_spatial_mean_over_years and veg_p05_temporal_mean are DIFFERENT METRICS and are never co-plotted, differenced or captioned with one word. Arm B uses the first, Arm A the second.",offset is against Arm A's zoned DISPLAY SMOOTHER on the temporal metric: not a residual and not a test. NA where the patch is outside the zoned water range.,"115-part: 52.697196 + 0.547274 x mean water; 64-paddock: 52.652934 + 0.547838 x mean water. Both APPLIED, neither refitted.","8-connected component within one vegetation community, outside every management zone","meets_support_rule = >=25 water years with >=30 valid cells; meets_500_cells = the PARTSCATTER floor used by Arm A; meets_bare_33_cells = v1's threshold, for contrast; size_matched = inside this community's real-part IQR",pixel,1988-2022 (35 water years),unzoned standard-grazing country,0.06235142839918241
U0187,Inland Floodplain Shrublands / Swamps,inland,62,3.865788560749309,60.656673,2.3093698,21.56682,35,1,1,0,0,76.74389648982456,21.566820276497698,35.0,0.0742087334440063,0.32988170449408,0.3875864254677054,1.0,,,12.243746107202284,12.27583880318862,1,"1 by construction: a patch is defined as a single 8-connected component, unlike a real part which may be several","veg_p05_spatial_mean_over_years and veg_p05_temporal_mean are DIFFERENT METRICS and are never co-plotted, differenced or captioned with one word. Arm B uses the first, Arm A the second.",offset is against Arm A's zoned DISPLAY SMOOTHER on the temporal metric: not a residual and not a test. NA where the patch is outside the zoned water range.,"115-part: 52.697196 + 0.547274 x mean water; 64-paddock: 52.652934 + 0.547838 x mean water. Both APPLIED, neither refitted.","8-connected component within one vegetation community, outside every management zone","meets_support_rule = >=25 water years with >=30 valid cells; meets_500_cells = the PARTSCATTER floor used by Arm A; meets_bare_33_cells = v1's threshold, for contrast; size_matched = inside this community's real-part IQR",pixel,1988-2022 (35 water years),unzoned standard-grazing country,0.06235142839918241
U0188,Inland Floodplain Shrublands / Swamps,inland,1,0.0623514283991824,74.02306,,60.0,0,0,0,0,0,,,,,,,,,,,,1,"1 by construction: a patch is defined as a single 8-connected component, unlike a real part which may be several","veg_p05_spatial_mean_over_years and veg_p05_temporal_mean are DIFFERENT METRICS and are never co-plotted, differenced or captioned with one word. Arm B uses the first, Arm A the second.",offset is against Arm A's zoned DISPLAY SMOOTHER on the temporal metric: not a residual and not a test. NA where the patch is outside the zoned water range.,"115-part: 52.697196 + 0.547274 x mean water; 64-paddock: 52.652934 + 0.547838 x mean water. Both APPLIED, neither refitted.","8-connected component within one vegetation community, outside every management zone","meets_support_rule = >=25 water years with >=30 valid cells; meets_500_cells = the PARTSCATTER floor used by Arm A; meets_bare_33_cells = v1's threshold, for contrast; size_matched = inside this community's real-part IQR",pixel,1988-2022 (35 water years),unzoned standard-grazing country,0.06235142839918241
U0189,Inland Floodplain Shrublands / Swamps,inland,1,0.0623514283991824,81.36424,,54.285713,0,0,0,0,0,,,,,,,,,,,,1,"1 by construction: a patch is defined as a single 8-connected component, unlike a real part which may be several","veg_p05_spatial_mean_over_years and veg_p05_temporal_mean are DIFFERENT METRICS and are never co-plotted, differenced or captioned with one word. Arm B uses the first, Arm A the second.",offset is against Arm A's zoned DISPLAY SMOOTHER on the temporal metric: not a residual and not a test. NA where the patch is outside the zoned water range.,"115-part: 52.697196 + 0.547274 x mean water; 64-paddock: 52.652934 + 0.547838 x mean water. Both APPLIED, neither refitted.","8-connected component within one vegetation community, outside every management zone","meets_support_rule = >=25 water years with >=30 valid cells; meets_500_cells = the PARTSCATTER floor used by Arm A; meets_bare_33_cells = v1's threshold, for contrast; size_matched = inside this community's real-part IQR",pixel,1988-2022 (35 water years),unzoned standard-grazing country,0.06235142839918241
U0190,Inland Floodplain Shrublands / Swamps,inland,1,0.0623514283991824,56.669548,,11.428572,0,0,0,0,0,,,,,,,,,,,,1,"1 by construction: a patch is defined as a single 8-connected component, unlike a real part which may be several","veg_p05_spatial_mean_over_years and veg_p05_temporal_mean are DIFFERENT METRICS and are never co-plotted, differenced or captioned with one word. Arm B uses the first, Arm A the second.",offset is against Arm A's zoned DISPLAY SMOOTHER on the temporal metric: not a residual and not a test. NA where the patch is outside the zoned water range.,"115-part: 52.697196 + 0.547274 x mean water; 64-paddock: 52.652934 + 0.547838 x mean water. Both APPLIED, neither refitted.","8-connected component within one vegetation community, outside every management zone","meets_support_rule = >=25 water years with >=30 valid cells; meets_500_cells = the PARTSCATTER floor used by Arm A; meets_bare_33_cells = v1's threshold, for contrast; size_matched = inside this community's real-part IQR",pixel,1988-2022 (35 water years),unzoned standard-grazing country,0.06235142839918241
U0191,Inland Floodplain Shrublands / Swamps,inland,1,0.0623514283991824,83.935104,,48.57143,0,0,0,0,0,,,,,,,,,,,,1,"1 by construction: a patch is defined as a single 8-connected component, unlike a real part which may be several","veg_p05_spatial_mean_over_years and veg_p05_temporal_mean are DIFFERENT METRICS and are never co-plotted, differenced or captioned with one word. Arm B uses the first, Arm A the second.",offset is against Arm A's zoned DISPLAY SMOOTHER on the temporal metric: not a residual and not a test. NA where the patch is outside the zoned water range.,"115-part: 52.697196 + 0.547274 x mean water; 64-paddock: 52.652934 + 0.547838 x mean water. Both APPLIED, neither refitted.","8-connected component within one vegetation community, outside every management zone","meets_support_rule = >=25 water years with >=30 valid cells; meets_500_cells = the PARTSCATTER floor used by Arm A; meets_bare_33_cells = v1's threshold, for contrast; size_matched = inside this community's real-part IQR",pixel,1988-2022 (35 water years),unzoned standard-grazing country,0.06235142839918241
U0192,Inland Floodplain Shrublands / Swamps,inland,954,59.48326269282002,54.12625,6.5202823,21.021263,35,1,1,1,0,70.29302729470389,21.021263851452527,35.0,0.1445702096770751,0.4202564640464666,0.4086247406699762,1.0,-1.22816691955943,"DESCRIPTIVE OFFSET from the zoned display smoother; not a residual, not a test",6.091445613546199,6.12384614885184,1,"1 by construction: a patch is defined as a single 8-connected component, unlike a real part which may be several","veg_p05_spatial_mean_over_years and veg_p05_temporal_mean are DIFFERENT METRICS and are never co-plotted, differenced or captioned with one word. Arm B uses the first, Arm A the second.",offset is against Arm A's zoned DISPLAY SMOOTHER on the temporal metric: not a residual and not a test. NA where the patch is outside the zoned water range.,"115-part: 52.697196 + 0.547274 x mean water; 64-paddock: 52.652934 + 0.547838 x mean water. Both APPLIED, neither refitted.","8-connected component within one vegetation community, outside every management zone","meets_support_rule = >=25 water years with >=30 valid cells; meets_500_cells = the PARTSCATTER floor used by Arm A; meets_bare_33_cells = v1's threshold, for contrast; size_matched = inside this community's real-part IQR",pixel,1988-2022 (35 water years),unzoned standard-grazing country,0.06235142839918241
U0193,Inland Floodplain Shrublands / Swamps,inland,1,0.0623514283991824,45.41843,,34.285713,0,0,0,0,0,,,,,,,,,,,,1,"1 by construction: a patch is defined as a single 8-connected component, unlike a real part which may be several","veg_p05_spatial_mean_over_years and veg_p05_temporal_mean are DIFFERENT METRICS and are never co-plotted, differenced or captioned with one word. Arm B uses the first, Arm A the second.",offset is against Arm A's zoned DISPLAY SMOOTHER on the temporal metric: not a residual and not a test. NA where the patch is outside the zoned water range.,"115-part: 52.697196 + 0.547274 x mean water; 64-paddock: 52.652934 + 0.547838 x mean water. Both APPLIED, neither refitted.","8-connected component within one vegetation community, outside every management zone","meets_support_rule = >=25 water years with >=30 valid cells; meets_500_cells = the PARTSCATTER floor used by Arm A; meets_bare_33_cells = v1's threshold, for contrast; size_matched = inside this community's real-part IQR",pixel,1988-2022 (35 water years),unzoned standard-grazing country,0.06235142839918241
U0194,Inland Floodplain Shrublands / Swamps,inland,1,0.0623514283991824,84.41654,,40.0,0,0,0,0,0,,,,,,,,,,,,1,"1 by construction: a patch is defined as a single 8-connected component, unlike a real part which may be several","veg_p05_spatial_mean_over_years and veg_p05_temporal_mean are DIFFERENT METRICS and are never co-plotted, differenced or captioned with one word. Arm B uses the first, Arm A the second.",offset is against Arm A's zoned DISPLAY SMOOTHER on the temporal metric: not a residual and not a test. NA where the patch is outside the zoned water range.,"115-part: 52.697196 + 0.547274 x mean water; 64-paddock: 52.652934 + 0.547838 x mean water. Both APPLIED, neither refitted.","8-connected component within one vegetation community, outside every management zone","meets_support_rule = >=25 water years with >=30 valid cells; meets_500_cells = the PARTSCATTER floor used by Arm A; meets_bare_33_cells = v1's threshold, for contrast; size_matched = inside this community's real-part IQR",pixel,1988-2022 (35 water years),unzoned standard-grazing country,0.06235142839918241
U0195,Inland Floodplain Shrublands / Swamps,inland,1,0.0623514283991824,69.81886,,17.142857,0,0,0,0,0,,,,,,,,,,,,1,"1 by construction: a patch is defined as a single 8-connected component, unlike a real part which may be several","veg_p05_spatial_mean_over_years and veg_p05_temporal_mean are DIFFERENT METRICS and are never co-plotted, differenced or captioned with one word. Arm B uses the first, Arm A the second.",offset is against Arm A's zoned DISPLAY SMOOTHER on the temporal metric: not a residual and not a test. NA where the patch is outside the zoned water range.,"115-part: 52.697196 + 0.547274 x mean water; 64-paddock: 52.652934 + 0.547838 x mean water. Both APPLIED, neither refitted.","8-connected component within one vegetation community, outside every management zone","meets_support_rule = >=25 water years with >=30 valid cells; meets_500_cells = the PARTSCATTER floor used by Arm A; meets_bare_33_cells = v1's threshold, for contrast; size_matched = inside this community's real-part IQR",pixel,1988-2022 (35 water years),unzoned standard-grazing country,0.06235142839918241
U0196,Inland Floodplain Shrublands / Swamps,inland,1,0.0623514283991824,84.81016,,37.142857,0,0,0,0,0,,,,,,,,,,,,1,"1 by construction: a patch is defined as a single 8-connected component, unlike a real part which may be several","veg_p05_spatial_mean_over_years and veg_p05_temporal_mean are DIFFERENT METRICS and are never co-plotted, differenced or captioned with one word. Arm B uses the first, Arm A the second.",offset is against Arm A's zoned DISPLAY SMOOTHER on the temporal metric: not a residual and not a test. NA where the patch is outside the zoned water range.,"115-part: 52.697196 + 0.547274 x mean water; 64-paddock: 52.652934 + 0.547838 x mean water. Both APPLIED, neither refitted.","8-connected component within one vegetation community, outside every management zone","meets_support_rule = >=25 water years with >=30 valid cells; meets_500_cells = the PARTSCATTER floor used by Arm A; meets_bare_33_cells = v1's threshold, for contrast; size_matched = inside this community's real-part IQR",pixel,1988-2022 (35 water years),unzoned standard-grazing country,0.06235142839918241
U0197,Inland Floodplain Shrublands / Swamps,inland,3,0.1870542851975472,62.76871,0.31667936,24.761904,0,0,0,0,0,,,,,,,,,,,,1,"1 by construction: a patch is defined as a single 8-connected component, unlike a real part which may be several","veg_p05_spatial_mean_over_years and veg_p05_temporal_mean are DIFFERENT METRICS and are never co-plotted, differenced or captioned with one word. Arm B uses the first, Arm A the second.",offset is against Arm A's zoned DISPLAY SMOOTHER on the temporal metric: not a residual and not a test. NA where the patch is outside the zoned water range.,"115-part: 52.697196 + 0.547274 x mean water; 64-paddock: 52.652934 + 0.547838 x mean water. Both APPLIED, neither refitted.","8-connected component within one vegetation community, outside every management zone","meets_support_rule = >=25 water years with >=30 valid cells; meets_500_cells = the PARTSCATTER floor used by Arm A; meets_bare_33_cells = v1's threshold, for contrast; size_matched = inside this community's real-part IQR",pixel,1988-2022 (35 water years),unzoned standard-grazing country,0.06235142839918241
U0198,Inland Floodplain Shrublands / Swamps,inland,1,0.0623514283991824,84.9939,,42.857143,0,0,0,0,0,,,,,,,,,,,,1,"1 by construction: a patch is defined as a single 8-connected component, unlike a real part which may be several","veg_p05_spatial_mean_over_years and veg_p05_temporal_mean are DIFFERENT METRICS and are never co-plotted, differenced or captioned with one word. Arm B uses the first, Arm A the second.",offset is against Arm A's zoned DISPLAY SMOOTHER on the temporal metric: not a residual and not a test. NA where the patch is outside the zoned water range.,"115-part: 52.697196 + 0.547274 x mean water; 64-paddock: 52.652934 + 0.547838 x mean water. Both APPLIED, neither refitted.","8-connected component within one vegetation community, outside every management zone","meets_support_rule = >=25 water years with >=30 valid cells; meets_500_cells = the PARTSCATTER floor used by Arm A; meets_bare_33_cells = v1's threshold, for contrast; size_matched = inside this community's real-part IQR",pixel,1988-2022 (35 water years),unzoned standard-grazing country,0.06235142839918241
U0199,Inland Floodplain Shrublands / Swamps,inland,1,0.0623514283991824,82.062996,,48.57143,0,0,0,0,0,,,,,,,,,,,,1,"1 by construction: a patch is defined as a single 8-connected component, unlike a real part which may be several","veg_p05_spatial_mean_over_years and veg_p05_temporal_mean are DIFFERENT METRICS and are never co-plotted, differenced or captioned with one word. Arm B uses the first, Arm A the second.",offset is against Arm A's zoned DISPLAY SMOOTHER on the temporal metric: not a residual and not a test. NA where the patch is outside the zoned water range.,"115-part: 52.697196 + 0.547274 x mean water; 64-paddock: 52.652934 + 0.547838 x mean water. Both APPLIED, neither refitted.","8-connected component within one vegetation community, outside every management zone","meets_support_rule = >=25 water years with >=30 valid cells; meets_500_cells = the PARTSCATTER floor used by Arm A; meets_bare_33_cells = v1's threshold, for contrast; size_matched = inside this community's real-part IQR",pixel,1988-2022 (35 water years),unzoned standard-grazing country,0.06235142839918241
U0200,Inland Floodplain Shrublands / Swamps,inland,1,0.0623514283991824,82.52088,,48.57143,0,0,0,0,0,,,,,,,,,,,,1,"1 by construction: a patch is defined as a single 8-connected component, unlike a real part which may be several","veg_p05_spatial_mean_over_years and veg_p05_temporal_mean are DIFFERENT METRICS and are never co-plotted, differenced or captioned with one word. Arm B uses the first, Arm A the second.",offset is against Arm A's zoned DISPLAY SMOOTHER on the temporal metric: not a residual and not a test. NA where the patch is outside the zoned water range.,"115-part: 52.697196 + 0.547274 x mean water; 64-paddock: 52.652934 + 0.547838 x mean water. Both APPLIED, neither refitted.","8-connected component within one vegetation community, outside every management zone","meets_support_rule = >=25 water years with >=30 valid cells; meets_500_cells = the PARTSCATTER floor used by Arm A; meets_bare_33_cells = v1's threshold, for contrast; size_matched = inside this community's real-part IQR",pixel,1988-2022 (35 water years),unzoned standard-grazing country,0.06235142839918241
U0201,Inland Floodplain Shrublands / Swamps,inland,5,0.311757141995912,76.57249,2.340365,68.0,0,0,0,0,0,,,,,,,,,,,,1,"1 by construction: a patch is defined as a single 8-connected component, unlike a real part which may be several","veg_p05_spatial_mean_over_years and veg_p05_temporal_mean are DIFFERENT METRICS and are never co-plotted, differenced or captioned with one word. Arm B uses the first, Arm A the second.",offset is against Arm A's zoned DISPLAY SMOOTHER on the temporal metric: not a residual and not a test. NA where the patch is outside the zoned water range.,"115-part: 52.697196 + 0.547274 x mean water; 64-paddock: 52.652934 + 0.547838 x mean water. Both APPLIED, neither refitted.","8-connected component within one vegetation community, outside every management zone","meets_support_rule = >=25 water years with >=30 valid cells; meets_500_cells = the PARTSCATTER floor used by Arm A; meets_bare_33_cells = v1's threshold, for contrast; size_matched = inside this community's real-part IQR",pixel,1988-2022 (35 water years),unzoned standard-grazing country,0.06235142839918241
U0202,Inland Floodplain Shrublands / Swamps,inland,7,0.4364599987942769,25.947739,1.0163875,3.2653062,0,0,0,0,0,,,,,,,,,,,,1,"1 by construction: a patch is defined as a single 8-connected component, unlike a real part which may be several","veg_p05_spatial_mean_over_years and veg_p05_temporal_mean are DIFFERENT METRICS and are never co-plotted, differenced or captioned with one word. Arm B uses the first, Arm A the second.",offset is against Arm A's zoned DISPLAY SMOOTHER on the temporal metric: not a residual and not a test. NA where the patch is outside the zoned water range.,"115-part: 52.697196 + 0.547274 x mean water; 64-paddock: 52.652934 + 0.547838 x mean water. Both APPLIED, neither refitted.","8-connected component within one vegetation community, outside every management zone","meets_support_rule = >=25 water years with >=30 valid cells; meets_500_cells = the PARTSCATTER floor used by Arm A; meets_bare_33_cells = v1's threshold, for contrast; size_matched = inside this community's real-part IQR",pixel,1988-2022 (35 water years),unzoned standard-grazing country,0.06235142839918241
U0203,Inland Floodplain Shrublands / Swamps,inland,1,0.0623514283991824,82.597824,,51.42857,0,0,0,0,0,,,,,,,,,,,,1,"1 by construction: a patch is defined as a single 8-connected component, unlike a real part which may be several","veg_p05_spatial_mean_over_years and veg_p05_temporal_mean are DIFFERENT METRICS and are never co-plotted, differenced or captioned with one word. Arm B uses the first, Arm A the second.",offset is against Arm A's zoned DISPLAY SMOOTHER on the temporal metric: not a residual and not a test. NA where the patch is outside the zoned water range.,"115-part: 52.697196 + 0.547274 x mean water; 64-paddock: 52.652934 + 0.547838 x mean water. Both APPLIED, neither refitted.","8-connected component within one vegetation community, outside every management zone","meets_support_rule = >=25 water years with >=30 valid cells; meets_500_cells = the PARTSCATTER floor used by Arm A; meets_bare_33_cells = v1's threshold, for contrast; size_matched = inside this community's real-part IQR",pixel,1988-2022 (35 water years),unzoned standard-grazing country,0.06235142839918241
U0204,Inland Floodplain Shrublands / Swamps,inland,2,0.1247028567983648,82.13314,0.4972276,47.14286,0,0,0,0,0,,,,,,,,,,,,1,"1 by construction: a patch is defined as a single 8-connected component, unlike a real part which may be several","veg_p05_spatial_mean_over_years and veg_p05_temporal_mean are DIFFERENT METRICS and are never co-plotted, differenced or captioned with one word. Arm B uses the first, Arm A the second.",offset is against Arm A's zoned DISPLAY SMOOTHER on the temporal metric: not a residual and not a test. NA where the patch is outside the zoned water range.,"115-part: 52.697196 + 0.547274 x mean water; 64-paddock: 52.652934 + 0.547838 x mean water. Both APPLIED, neither refitted.","8-connected component within one vegetation community, outside every management zone","meets_support_rule = >=25 water years with >=30 valid cells; meets_500_cells = the PARTSCATTER floor used by Arm A; meets_bare_33_cells = v1's threshold, for contrast; size_matched = inside this community's real-part IQR",pixel,1988-2022 (35 water years),unzoned standard-grazing country,0.06235142839918241
U0205,Inland Floodplain Shrublands / Swamps,inland,1001,62.41377982758159,48.60634,13.57283,27.489653,35,1,1,1,0,65.02929774693081,27.489653203938918,35.0,0.1840031847863732,0.4347345236459015,0.392995291671699,1.0,-11.3884608917747,"DESCRIPTIVE OFFSET from the zoned display smoother; not a residual, not a test",-2.712263523651302,-2.683512885008682,1,"1 by construction: a patch is defined as a single 8-connected component, unlike a real part which may be several","veg_p05_spatial_mean_over_years and veg_p05_temporal_mean are DIFFERENT METRICS and are never co-plotted, differenced or captioned with one word. Arm B uses the first, Arm A the second.",offset is against Arm A's zoned DISPLAY SMOOTHER on the temporal metric: not a residual and not a test. NA where the patch is outside the zoned water range.,"115-part: 52.697196 + 0.547274 x mean water; 64-paddock: 52.652934 + 0.547838 x mean water. Both APPLIED, neither refitted.","8-connected component within one vegetation community, outside every management zone","meets_support_rule = >=25 water years with >=30 valid cells; meets_500_cells = the PARTSCATTER floor used by Arm A; meets_bare_33_cells = v1's threshold, for contrast; size_matched = inside this community's real-part IQR",pixel,1988-2022 (35 water years),unzoned standard-grazing country,0.06235142839918241
U0206,Inland Floodplain Shrublands / Swamps,inland,1,0.0623514283991824,78.98229,,74.28571,0,0,0,0,0,,,,,,,,,,,,1,"1 by construction: a patch is defined as a single 8-connected component, unlike a real part which may be several","veg_p05_spatial_mean_over_years and veg_p05_temporal_mean are DIFFERENT METRICS and are never co-plotted, differenced or captioned with one word. Arm B uses the first, Arm A the second.",offset is against Arm A's zoned DISPLAY SMOOTHER on the temporal metric: not a residual and not a test. NA where the patch is outside the zoned water range.,"115-part: 52.697196 + 0.547274 x mean water; 64-paddock: 52.652934 + 0.547838 x mean water. Both APPLIED, neither refitted.","8-connected component within one vegetation community, outside every management zone","meets_support_rule = >=25 water years with >=30 valid cells; meets_500_cells = the PARTSCATTER floor used by Arm A; meets_bare_33_cells = v1's threshold, for contrast; size_matched = inside this community's real-part IQR",pixel,1988-2022 (35 water years),unzoned standard-grazing country,0.06235142839918241
U0207,Inland Floodplain Shrublands / Swamps,inland,3,0.1870542851975472,57.76981,2.376764,29.52381,0,0,0,0,0,,,,,,,,,,,,1,"1 by construction: a patch is defined as a single 8-connected component, unlike a real part which may be several","veg_p05_spatial_mean_over_years and veg_p05_temporal_mean are DIFFERENT METRICS and are never co-plotted, differenced or captioned with one word. Arm B uses the first, Arm A the second.",offset is against Arm A's zoned DISPLAY SMOOTHER on the temporal metric: not a residual and not a test. NA where the patch is outside the zoned water range.,"115-part: 52.697196 + 0.547274 x mean water; 64-paddock: 52.652934 + 0.547838 x mean water. Both APPLIED, neither refitted.","8-connected component within one vegetation community, outside every management zone","meets_support_rule = >=25 water years with >=30 valid cells; meets_500_cells = the PARTSCATTER floor used by Arm A; meets_bare_33_cells = v1's threshold, for contrast; size_matched = inside this community's real-part IQR",pixel,1988-2022 (35 water years),unzoned standard-grazing country,0.06235142839918241
U0208,Inland Floodplain Shrublands / Swamps,inland,6,0.3741085703950945,72.6667,0.64336,37.142857,0,0,0,0,0,,,,,,,,,,,,1,"1 by construction: a patch is defined as a single 8-connected component, unlike a real part which may be several","veg_p05_spatial_mean_over_years and veg_p05_temporal_mean are DIFFERENT METRICS and are never co-plotted, differenced or captioned with one word. Arm B uses the first, Arm A the second.",offset is against Arm A's zoned DISPLAY SMOOTHER on the temporal metric: not a residual and not a test. NA where the patch is outside the zoned water range.,"115-part: 52.697196 + 0.547274 x mean water; 64-paddock: 52.652934 + 0.547838 x mean water. Both APPLIED, neither refitted.","8-connected component within one vegetation community, outside every management zone","meets_support_rule = >=25 water years with >=30 valid cells; meets_500_cells = the PARTSCATTER floor used by Arm A; meets_bare_33_cells = v1's threshold, for contrast; size_matched = inside this community's real-part IQR",pixel,1988-2022 (35 water years),unzoned standard-grazing country,0.06235142839918241
U0209,Inland Floodplain Shrublands / Swamps,inland,1,0.0623514283991824,53.976177,,11.428572,0,0,0,0,0,,,,,,,,,,,,1,"1 by construction: a patch is defined as a single 8-connected component, unlike a real part which may be several","veg_p05_spatial_mean_over_years and veg_p05_temporal_mean are DIFFERENT METRICS and are never co-plotted, differenced or captioned with one word. Arm B uses the first, Arm A the second.",offset is against Arm A's zoned DISPLAY SMOOTHER on the temporal metric: not a residual and not a test. NA where the patch is outside the zoned water range.,"115-part: 52.697196 + 0.547274 x mean water; 64-paddock: 52.652934 + 0.547838 x mean water. Both APPLIED, neither refitted.","8-connected component within one vegetation community, outside every management zone","meets_support_rule = >=25 water years with >=30 valid cells; meets_500_cells = the PARTSCATTER floor used by Arm A; meets_bare_33_cells = v1's threshold, for contrast; size_matched = inside this community's real-part IQR",pixel,1988-2022 (35 water years),unzoned standard-grazing country,0.06235142839918241
U0210,Inland Floodplain Shrublands / Swamps,inland,1,0.0623514283991824,64.988884,,54.285713,0,0,0,0,0,,,,,,,,,,,,1,"1 by construction: a patch is defined as a single 8-connected component, unlike a real part which may be several","veg_p05_spatial_mean_over_years and veg_p05_temporal_mean are DIFFERENT METRICS and are never co-plotted, differenced or captioned with one word. Arm B uses the first, Arm A the second.",offset is against Arm A's zoned DISPLAY SMOOTHER on the temporal metric: not a residual and not a test. NA where the patch is outside the zoned water range.,"115-part: 52.697196 + 0.547274 x mean water; 64-paddock: 52.652934 + 0.547838 x mean water. Both APPLIED, neither refitted.","8-connected component within one vegetation community, outside every management zone","meets_support_rule = >=25 water years with >=30 valid cells; meets_500_cells = the PARTSCATTER floor used by Arm A; meets_bare_33_cells = v1's threshold, for contrast; size_matched = inside this community's real-part IQR",pixel,1988-2022 (35 water years),unzoned standard-grazing country,0.06235142839918241
U0211,Inland Floodplain Shrublands / Swamps,inland,1,0.0623514283991824,78.29702,,54.285713,0,0,0,0,0,,,,,,,,,,,,1,"1 by construction: a patch is defined as a single 8-connected component, unlike a real part which may be several","veg_p05_spatial_mean_over_years and veg_p05_temporal_mean are DIFFERENT METRICS and are never co-plotted, differenced or captioned with one word. Arm B uses the first, Arm A the second.",offset is against Arm A's zoned DISPLAY SMOOTHER on the temporal metric: not a residual and not a test. NA where the patch is outside the zoned water range.,"115-part: 52.697196 + 0.547274 x mean water; 64-paddock: 52.652934 + 0.547838 x mean water. Both APPLIED, neither refitted.","8-connected component within one vegetation community, outside every management zone","meets_support_rule = >=25 water years with >=30 valid cells; meets_500_cells = the PARTSCATTER floor used by Arm A; meets_bare_33_cells = v1's threshold, for contrast; size_matched = inside this community's real-part IQR",pixel,1988-2022 (35 water years),unzoned standard-grazing country,0.06235142839918241
U0212,Inland Floodplain Shrublands / Swamps,inland,1,0.0623514283991824,71.9363,,57.142857,0,0,0,0,0,,,,,,,,,,,,1,"1 by construction: a patch is defined as a single 8-connected component, unlike a real part which may be several","veg_p05_spatial_mean_over_years and veg_p05_temporal_mean are DIFFERENT METRICS and are never co-plotted, differenced or captioned with one word. Arm B uses the first, Arm A the second.",offset is against Arm A's zoned DISPLAY SMOOTHER on the temporal metric: not a residual and not a test. NA where the patch is outside the zoned water range.,"115-part: 52.697196 + 0.547274 x mean water; 64-paddock: 52.652934 + 0.547838 x mean water. Both APPLIED, neither refitted.","8-connected component within one vegetation community, outside every management zone","meets_support_rule = >=25 water years with >=30 valid cells; meets_500_cells = the PARTSCATTER floor used by Arm A; meets_bare_33_cells = v1's threshold, for contrast; size_matched = inside this community's real-part IQR",pixel,1988-2022 (35 water years),unzoned standard-grazing country,0.06235142839918241
U0213,Inland Floodplain Shrublands / Swamps,inland,1,0.0623514283991824,59.279114,,40.0,0,0,0,0,0,,,,,,,,,,,,1,"1 by construction: a patch is defined as a single 8-connected component, unlike a real part which may be several","veg_p05_spatial_mean_over_years and veg_p05_temporal_mean are DIFFERENT METRICS and are never co-plotted, differenced or captioned with one word. Arm B uses the first, Arm A the second.",offset is against Arm A's zoned DISPLAY SMOOTHER on the temporal metric: not a residual and not a test. NA where the patch is outside the zoned water range.,"115-part: 52.697196 + 0.547274 x mean water; 64-paddock: 52.652934 + 0.547838 x mean water. Both APPLIED, neither refitted.","8-connected component within one vegetation community, outside every management zone","meets_support_rule = >=25 water years with >=30 valid cells; meets_500_cells = the PARTSCATTER floor used by Arm A; meets_bare_33_cells = v1's threshold, for contrast; size_matched = inside this community's real-part IQR",pixel,1988-2022 (35 water years),unzoned standard-grazing country,0.06235142839918241
U0214,Inland Floodplain Shrublands / Swamps,inland,3218,200.646896588569,64.36848,5.909238,34.67282,35,1,1,1,0,74.75887132917131,34.672822516203496,35.0,0.0821525177390206,0.403036229904254,0.2897470123438205,1.0,-0.365145550998378,"DESCRIPTIVE OFFSET from the zoned display smoother; not a residual, not a test",3.086150172083279,3.1108475875394106,1,"1 by construction: a patch is defined as a single 8-connected component, unlike a real part which may be several","veg_p05_spatial_mean_over_years and veg_p05_temporal_mean are DIFFERENT METRICS and are never co-plotted, differenced or captioned with one word. Arm B uses the first, Arm A the second.",offset is against Arm A's zoned DISPLAY SMOOTHER on the temporal metric: not a residual and not a test. NA where the patch is outside the zoned water range.,"115-part: 52.697196 + 0.547274 x mean water; 64-paddock: 52.652934 + 0.547838 x mean water. Both APPLIED, neither refitted.","8-connected component within one vegetation community, outside every management zone","meets_support_rule = >=25 water years with >=30 valid cells; meets_500_cells = the PARTSCATTER floor used by Arm A; meets_bare_33_cells = v1's threshold, for contrast; size_matched = inside this community's real-part IQR",pixel,1988-2022 (35 water years),unzoned standard-grazing country,0.06235142839918241
U0215,Inland Floodplain Shrublands / Swamps,inland,1,0.0623514283991824,73.49743,,20.0,0,0,0,0,0,,,,,,,,,,,,1,"1 by construction: a patch is defined as a single 8-connected component, unlike a real part which may be several","veg_p05_spatial_mean_over_years and veg_p05_temporal_mean are DIFFERENT METRICS and are never co-plotted, differenced or captioned with one word. Arm B uses the first, Arm A the second.",offset is against Arm A's zoned DISPLAY SMOOTHER on the temporal metric: not a residual and not a test. NA where the patch is outside the zoned water range.,"115-part: 52.697196 + 0.547274 x mean water; 64-paddock: 52.652934 + 0.547838 x mean water. Both APPLIED, neither refitted.","8-connected component within one vegetation community, outside every management zone","meets_support_rule = >=25 water years with >=30 valid cells; meets_500_cells = the PARTSCATTER floor used by Arm A; meets_bare_33_cells = v1's threshold, for contrast; size_matched = inside this community's real-part IQR",pixel,1988-2022 (35 water years),unzoned standard-grazing country,0.06235142839918241
U0216,Inland Floodplain Shrublands / Swamps,inland,7,0.4364599987942769,72.532486,0.37226635,35.510204,0,0,0,0,0,,,,,,,,,,,,1,"1 by construction: a patch is defined as a single 8-connected component, unlike a real part which may be several","veg_p05_spatial_mean_over_years and veg_p05_temporal_mean are DIFFERENT METRICS and are never co-plotted, differenced or captioned with one word. Arm B uses the first, Arm A the second.",offset is against Arm A's zoned DISPLAY SMOOTHER on the temporal metric: not a residual and not a test. NA where the patch is outside the zoned water range.,"115-part: 52.697196 + 0.547274 x mean water; 64-paddock: 52.652934 + 0.547838 x mean water. Both APPLIED, neither refitted.","8-connected component within one vegetation community, outside every management zone","meets_support_rule = >=25 water years with >=30 valid cells; meets_500_cells = the PARTSCATTER floor used by Arm A; meets_bare_33_cells = v1's threshold, for contrast; size_matched = inside this community's real-part IQR",pixel,1988-2022 (35 water years),unzoned standard-grazing country,0.06235142839918241
U0217,Inland Floodplain Shrublands / Swamps,inland,1,0.0623514283991824,66.58486,,68.57143,0,0,0,0,0,,,,,,,,,,,,1,"1 by construction: a patch is defined as a single 8-connected component, unlike a real part which may be several","veg_p05_spatial_mean_over_years and veg_p05_temporal_mean are DIFFERENT METRICS and are never co-plotted, differenced or captioned with one word. Arm B uses the first, Arm A the second.",offset is against Arm A's zoned DISPLAY SMOOTHER on the temporal metric: not a residual and not a test. NA where the patch is outside the zoned water range.,"115-part: 52.697196 + 0.547274 x mean water; 64-paddock: 52.652934 + 0.547838 x mean water. Both APPLIED, neither refitted.","8-connected component within one vegetation community, outside every management zone","meets_support_rule = >=25 water years with >=30 valid cells; meets_500_cells = the PARTSCATTER floor used by Arm A; meets_bare_33_cells = v1's threshold, for contrast; size_matched = inside this community's real-part IQR",pixel,1988-2022 (35 water years),unzoned standard-grazing country,0.06235142839918241
U0218,Inland Floodplain Shrublands / Swamps,inland,1,0.0623514283991824,69.59691,,51.42857,0,0,0,0,0,,,,,,,,,,,,1,"1 by construction: a patch is defined as a single 8-connected component, unlike a real part which may be several","veg_p05_spatial_mean_over_years and veg_p05_temporal_mean are DIFFERENT METRICS and are never co-plotted, differenced or captioned with one word. Arm B uses the first, Arm A the second.",offset is against Arm A's zoned DISPLAY SMOOTHER on the temporal metric: not a residual and not a test. NA where the patch is outside the zoned water range.,"115-part: 52.697196 + 0.547274 x mean water; 64-paddock: 52.652934 + 0.547838 x mean water. Both APPLIED, neither refitted.","8-connected component within one vegetation community, outside every management zone","meets_support_rule = >=25 water years with >=30 valid cells; meets_500_cells = the PARTSCATTER floor used by Arm A; meets_bare_33_cells = v1's threshold, for contrast; size_matched = inside this community's real-part IQR",pixel,1988-2022 (35 water years),unzoned standard-grazing country,0.06235142839918241
U0219,Inland Floodplain Shrublands / Swamps,inland,1,0.0623514283991824,59.907333,,37.142857,0,0,0,0,0,,,,,,,,,,,,1,"1 by construction: a patch is defined as a single 8-connected component, unlike a real part which may be several","veg_p05_spatial_mean_over_years and veg_p05_temporal_mean are DIFFERENT METRICS and are never co-plotted, differenced or captioned with one word. Arm B uses the first, Arm A the second.",offset is against Arm A's zoned DISPLAY SMOOTHER on the temporal metric: not a residual and not a test. NA where the patch is outside the zoned water range.,"115-part: 52.697196 + 0.547274 x mean water; 64-paddock: 52.652934 + 0.547838 x mean water. Both APPLIED, neither refitted.","8-connected component within one vegetation community, outside every management zone","meets_support_rule = >=25 water years with >=30 valid cells; meets_500_cells = the PARTSCATTER floor used by Arm A; meets_bare_33_cells = v1's threshold, for contrast; size_matched = inside this community's real-part IQR",pixel,1988-2022 (35 water years),unzoned standard-grazing country,0.06235142839918241
U0220,Inland Floodplain Shrublands / Swamps,inland,1,0.0623514283991824,67.89022,,54.285713,0,0,0,0,0,,,,,,,,,,,,1,"1 by construction: a patch is defined as a single 8-connected component, unlike a real part which may be several","veg_p05_spatial_mean_over_years and veg_p05_temporal_mean are DIFFERENT METRICS and are never co-plotted, differenced or captioned with one word. Arm B uses the first, Arm A the second.",offset is against Arm A's zoned DISPLAY SMOOTHER on the temporal metric: not a residual and not a test. NA where the patch is outside the zoned water range.,"115-part: 52.697196 + 0.547274 x mean water; 64-paddock: 52.652934 + 0.547838 x mean water. Both APPLIED, neither refitted.","8-connected component within one vegetation community, outside every management zone","meets_support_rule = >=25 water years with >=30 valid cells; meets_500_cells = the PARTSCATTER floor used by Arm A; meets_bare_33_cells = v1's threshold, for contrast; size_matched = inside this community's real-part IQR",pixel,1988-2022 (35 water years),unzoned standard-grazing country,0.06235142839918241
U0221,Inland Floodplain Shrublands / Swamps,inland,2298,143.28358246132117,64.60124,7.4028015,19.924158,35,1,1,1,0,72.91431124550955,19.924157652617183,35.0,0.1525049993558406,0.4496869068445203,0.4403921778056128,1.0,9.78291996768894,"DESCRIPTIVE OFFSET from the zoned display smoother; not a residual, not a test",9.313146969623745,9.34616656541506,1,"1 by construction: a patch is defined as a single 8-connected component, unlike a real part which may be several","veg_p05_spatial_mean_over_years and veg_p05_temporal_mean are DIFFERENT METRICS and are never co-plotted, differenced or captioned with one word. Arm B uses the first, Arm A the second.",offset is against Arm A's zoned DISPLAY SMOOTHER on the temporal metric: not a residual and not a test. NA where the patch is outside the zoned water range.,"115-part: 52.697196 + 0.547274 x mean water; 64-paddock: 52.652934 + 0.547838 x mean water. Both APPLIED, neither refitted.","8-connected component within one vegetation community, outside every management zone","meets_support_rule = >=25 water years with >=30 valid cells; meets_500_cells = the PARTSCATTER floor used by Arm A; meets_bare_33_cells = v1's threshold, for contrast; size_matched = inside this community's real-part IQR",pixel,1988-2022 (35 water years),unzoned standard-grazing country,0.06235142839918241
U0222,Inland Floodplain Shrublands / Swamps,inland,1,0.0623514283991824,65.59305,,28.571428,0,0,0,0,0,,,,,,,,,,,,1,"1 by construction: a patch is defined as a single 8-connected component, unlike a real part which may be several","veg_p05_spatial_mean_over_years and veg_p05_temporal_mean are DIFFERENT METRICS and are never co-plotted, differenced or captioned with one word. Arm B uses the first, Arm A the second.",offset is against Arm A's zoned DISPLAY SMOOTHER on the temporal metric: not a residual and not a test. NA where the patch is outside the zoned water range.,"115-part: 52.697196 + 0.547274 x mean water; 64-paddock: 52.652934 + 0.547838 x mean water. Both APPLIED, neither refitted.","8-connected component within one vegetation community, outside every management zone","meets_support_rule = >=25 water years with >=30 valid cells; meets_500_cells = the PARTSCATTER floor used by Arm A; meets_bare_33_cells = v1's threshold, for contrast; size_matched = inside this community's real-part IQR",pixel,1988-2022 (35 water years),unzoned standard-grazing country,0.06235142839918241
U0223,Inland Floodplain Shrublands / Swamps,inland,1,0.0623514283991824,81.93375,,25.714285,0,0,0,0,0,,,,,,,,,,,,1,"1 by construction: a patch is defined as a single 8-connected component, unlike a real part which may be several","veg_p05_spatial_mean_over_years and veg_p05_temporal_mean are DIFFERENT METRICS and are never co-plotted, differenced or captioned with one word. Arm B uses the first, Arm A the second.",offset is against Arm A's zoned DISPLAY SMOOTHER on the temporal metric: not a residual and not a test. NA where the patch is outside the zoned water range.,"115-part: 52.697196 + 0.547274 x mean water; 64-paddock: 52.652934 + 0.547838 x mean water. Both APPLIED, neither refitted.","8-connected component within one vegetation community, outside every management zone","meets_support_rule = >=25 water years with >=30 valid cells; meets_500_cells = the PARTSCATTER floor used by Arm A; meets_bare_33_cells = v1's threshold, for contrast; size_matched = inside this community's real-part IQR",pixel,1988-2022 (35 water years),unzoned standard-grazing country,0.06235142839918241
U0224,Inland Floodplain Shrublands / Swamps,inland,13,0.8105685691893714,61.102337,3.7883053,37.362637,0,0,0,0,0,,,,,,,,,,,,1,"1 by construction: a patch is defined as a single 8-connected component, unlike a real part which may be several","veg_p05_spatial_mean_over_years and veg_p05_temporal_mean are DIFFERENT METRICS and are never co-plotted, differenced or captioned with one word. Arm B uses the first, Arm A the second.",offset is against Arm A's zoned DISPLAY SMOOTHER on the temporal metric: not a residual and not a test. NA where the patch is outside the zoned water range.,"115-part: 52.697196 + 0.547274 x mean water; 64-paddock: 52.652934 + 0.547838 x mean water. Both APPLIED, neither refitted.","8-connected component within one vegetation community, outside every management zone","meets_support_rule = >=25 water years with >=30 valid cells; meets_500_cells = the PARTSCATTER floor used by Arm A; meets_bare_33_cells = v1's threshold, for contrast; size_matched = inside this community's real-part IQR",pixel,1988-2022 (35 water years),unzoned standard-grazing country,0.06235142839918241
U0225,Inland Floodplain Shrublands / Swamps,inland,8,0.4988114271934593,69.169495,0.92021143,37.142857,0,0,0,0,0,,,,,,,,,,,,1,"1 by construction: a patch is defined as a single 8-connected component, unlike a real part which may be several","veg_p05_spatial_mean_over_years and veg_p05_temporal_mean are DIFFERENT METRICS and are never co-plotted, differenced or captioned with one word. Arm B uses the first, Arm A the second.",offset is against Arm A's zoned DISPLAY SMOOTHER on the temporal metric: not a residual and not a test. NA where the patch is outside the zoned water range.,"115-part: 52.697196 + 0.547274 x mean water; 64-paddock: 52.652934 + 0.547838 x mean water. Both APPLIED, neither refitted.","8-connected component within one vegetation community, outside every management zone","meets_support_rule = >=25 water years with >=30 valid cells; meets_500_cells = the PARTSCATTER floor used by Arm A; meets_bare_33_cells = v1's threshold, for contrast; size_matched = inside this community's real-part IQR",pixel,1988-2022 (35 water years),unzoned standard-grazing country,0.06235142839918241
U0226,Inland Floodplain Shrublands / Swamps,inland,1,0.0623514283991824,67.776245,,42.857143,0,0,0,0,0,,,,,,,,,,,,1,"1 by construction: a patch is defined as a single 8-connected component, unlike a real part which may be several","veg_p05_spatial_mean_over_years and veg_p05_temporal_mean are DIFFERENT METRICS and are never co-plotted, differenced or captioned with one word. Arm B uses the first, Arm A the second.",offset is against Arm A's zoned DISPLAY SMOOTHER on the temporal metric: not a residual and not a test. NA where the patch is outside the zoned water range.,"115-part: 52.697196 + 0.547274 x mean water; 64-paddock: 52.652934 + 0.547838 x mean water. Both APPLIED, neither refitted.","8-connected component within one vegetation community, outside every management zone","meets_support_rule = >=25 water years with >=30 valid cells; meets_500_cells = the PARTSCATTER floor used by Arm A; meets_bare_33_cells = v1's threshold, for contrast; size_matched = inside this community's real-part IQR",pixel,1988-2022 (35 water years),unzoned standard-grazing country,0.06235142839918241
U0227,Inland Floodplain Shrublands / Swamps,inland,1,0.0623514283991824,64.911064,,48.57143,0,0,0,0,0,,,,,,,,,,,,1,"1 by construction: a patch is defined as a single 8-connected component, unlike a real part which may be several","veg_p05_spatial_mean_over_years and veg_p05_temporal_mean are DIFFERENT METRICS and are never co-plotted, differenced or captioned with one word. Arm B uses the first, Arm A the second.",offset is against Arm A's zoned DISPLAY SMOOTHER on the temporal metric: not a residual and not a test. NA where the patch is outside the zoned water range.,"115-part: 52.697196 + 0.547274 x mean water; 64-paddock: 52.652934 + 0.547838 x mean water. Both APPLIED, neither refitted.","8-connected component within one vegetation community, outside every management zone","meets_support_rule = >=25 water years with >=30 valid cells; meets_500_cells = the PARTSCATTER floor used by Arm A; meets_bare_33_cells = v1's threshold, for contrast; size_matched = inside this community's real-part IQR",pixel,1988-2022 (35 water years),unzoned standard-grazing country,0.06235142839918241
U0228,Inland Floodplain Shrublands / Swamps,inland,1,0.0623514283991824,57.97942,,45.714287,0,0,0,0,0,,,,,,,,,,,,1,"1 by construction: a patch is defined as a single 8-connected component, unlike a real part which may be several","veg_p05_spatial_mean_over_years and veg_p05_temporal_mean are DIFFERENT METRICS and are never co-plotted, differenced or captioned with one word. Arm B uses the first, Arm A the second.",offset is against Arm A's zoned DISPLAY SMOOTHER on the temporal metric: not a residual and not a test. NA where the patch is outside the zoned water range.,"115-part: 52.697196 + 0.547274 x mean water; 64-paddock: 52.652934 + 0.547838 x mean water. Both APPLIED, neither refitted.","8-connected component within one vegetation community, outside every management zone","meets_support_rule = >=25 water years with >=30 valid cells; meets_500_cells = the PARTSCATTER floor used by Arm A; meets_bare_33_cells = v1's threshold, for contrast; size_matched = inside this community's real-part IQR",pixel,1988-2022 (35 water years),unzoned standard-grazing country,0.06235142839918241
U0229,Inland Floodplain Shrublands / Swamps,inland,36,2.2446514223705667,71.079865,2.887369,26.74603,35,1,1,0,0,80.36478167942592,26.746031746031747,35.0,0.0517203615952258,0.3221423973334185,0.3715114590639414,1.0,,,13.030184900280531,13.059355139743374,1,"1 by construction: a patch is defined as a single 8-connected component, unlike a real part which may be several","veg_p05_spatial_mean_over_years and veg_p05_temporal_mean are DIFFERENT METRICS and are never co-plotted, differenced or captioned with one word. Arm B uses the first, Arm A the second.",offset is against Arm A's zoned DISPLAY SMOOTHER on the temporal metric: not a residual and not a test. NA where the patch is outside the zoned water range.,"115-part: 52.697196 + 0.547274 x mean water; 64-paddock: 52.652934 + 0.547838 x mean water. Both APPLIED, neither refitted.","8-connected component within one vegetation community, outside every management zone","meets_support_rule = >=25 water years with >=30 valid cells; meets_500_cells = the PARTSCATTER floor used by Arm A; meets_bare_33_cells = v1's threshold, for contrast; size_matched = inside this community's real-part IQR",pixel,1988-2022 (35 water years),unzoned standard-grazing country,0.06235142839918241
U0230,Inland Floodplain Shrublands / Swamps,inland,1,0.0623514283991824,50.02336,,8.571428,0,0,0,0,0,,,,,,,,,,,,1,"1 by construction: a patch is defined as a single 8-connected component, unlike a real part which may be several","veg_p05_spatial_mean_over_years and veg_p05_temporal_mean are DIFFERENT METRICS and are never co-plotted, differenced or captioned with one word. Arm B uses the first, Arm A the second.",offset is against Arm A's zoned DISPLAY SMOOTHER on the temporal metric: not a residual and not a test. NA where the patch is outside the zoned water range.,"115-part: 52.697196 + 0.547274 x mean water; 64-paddock: 52.652934 + 0.547838 x mean water. Both APPLIED, neither refitted.","8-connected component within one vegetation community, outside every management zone","meets_support_rule = >=25 water years with >=30 valid cells; meets_500_cells = the PARTSCATTER floor used by Arm A; meets_bare_33_cells = v1's threshold, for contrast; size_matched = inside this community's real-part IQR",pixel,1988-2022 (35 water years),unzoned standard-grazing country,0.06235142839918241
U0231,Inland Floodplain Shrublands / Swamps,inland,234,14.590234245408684,66.46005,4.143221,26.471306,35,1,1,0,0,79.03306990487235,26.471306471306473,35.0,0.0503839507751104,0.2846281240846874,0.4417984707010086,1.0,,,11.84882305245992,11.878148310244754,1,"1 by construction: a patch is defined as a single 8-connected component, unlike a real part which may be several","veg_p05_spatial_mean_over_years and veg_p05_temporal_mean are DIFFERENT METRICS and are never co-plotted, differenced or captioned with one word. Arm B uses the first, Arm A the second.",offset is against Arm A's zoned DISPLAY SMOOTHER on the temporal metric: not a residual and not a test. NA where the patch is outside the zoned water range.,"115-part: 52.697196 + 0.547274 x mean water; 64-paddock: 52.652934 + 0.547838 x mean water. Both APPLIED, neither refitted.","8-connected component within one vegetation community, outside every management zone","meets_support_rule = >=25 water years with >=30 valid cells; meets_500_cells = the PARTSCATTER floor used by Arm A; meets_bare_33_cells = v1's threshold, for contrast; size_matched = inside this community's real-part IQR",pixel,1988-2022 (35 water years),unzoned standard-grazing country,0.06235142839918241
U0232,Inland Floodplain Shrublands / Swamps,inland,1,0.0623514283991824,79.57947,,22.857143,0,0,0,0,0,,,,,,,,,,,,1,"1 by construction: a patch is defined as a single 8-connected component, unlike a real part which may be several","veg_p05_spatial_mean_over_years and veg_p05_temporal_mean are DIFFERENT METRICS and are never co-plotted, differenced or captioned with one word. Arm B uses the first, Arm A the second.",offset is against Arm A's zoned DISPLAY SMOOTHER on the temporal metric: not a residual and not a test. NA where the patch is outside the zoned water range.,"115-part: 52.697196 + 0.547274 x mean water; 64-paddock: 52.652934 + 0.547838 x mean water. Both APPLIED, neither refitted.","8-connected component within one vegetation community, outside every management zone","meets_support_rule = >=25 water years with >=30 valid cells; meets_500_cells = the PARTSCATTER floor used by Arm A; meets_bare_33_cells = v1's threshold, for contrast; size_matched = inside this community's real-part IQR",pixel,1988-2022 (35 water years),unzoned standard-grazing country,0.06235142839918241
U0233,Inland Floodplain Shrublands / Swamps,inland,7,0.4364599987942769,64.64226,1.3442835,27.7551,0,0,0,0,0,,,,,,,,,,,,1,"1 by construction: a patch is defined as a single 8-connected component, unlike a real part which may be several","veg_p05_spatial_mean_over_years and veg_p05_temporal_mean are DIFFERENT METRICS and are never co-plotted, differenced or captioned with one word. Arm B uses the first, Arm A the second.",offset is against Arm A's zoned DISPLAY SMOOTHER on the temporal metric: not a residual and not a test. NA where the patch is outside the zoned water range.,"115-part: 52.697196 + 0.547274 x mean water; 64-paddock: 52.652934 + 0.547838 x mean water. Both APPLIED, neither refitted.","8-connected component within one vegetation community, outside every management zone","meets_support_rule = >=25 water years with >=30 valid cells; meets_500_cells = the PARTSCATTER floor used by Arm A; meets_bare_33_cells = v1's threshold, for contrast; size_matched = inside this community's real-part IQR",pixel,1988-2022 (35 water years),unzoned standard-grazing country,0.06235142839918241
U0234,Inland Floodplain Shrublands / Swamps,inland,9,0.5611628555926417,66.91037,1.496056,39.04762,0,0,0,0,0,,,,,,,,,,,,1,"1 by construction: a patch is defined as a single 8-connected component, unlike a real part which may be several","veg_p05_spatial_mean_over_years and veg_p05_temporal_mean are DIFFERENT METRICS and are never co-plotted, differenced or captioned with one word. Arm B uses the first, Arm A the second.",offset is against Arm A's zoned DISPLAY SMOOTHER on the temporal metric: not a residual and not a test. NA where the patch is outside the zoned water range.,"115-part: 52.697196 + 0.547274 x mean water; 64-paddock: 52.652934 + 0.547838 x mean water. Both APPLIED, neither refitted.","8-connected component within one vegetation community, outside every management zone","meets_support_rule = >=25 water years with >=30 valid cells; meets_500_cells = the PARTSCATTER floor used by Arm A; meets_bare_33_cells = v1's threshold, for contrast; size_matched = inside this community's real-part IQR",pixel,1988-2022 (35 water years),unzoned standard-grazing country,0.06235142839918241
U0235,Inland Floodplain Shrublands / Swamps,inland,2419,150.82810529762224,63.656586,6.2914186,32.578987,35,1,1,1,0,72.66180363246372,32.57898777534991,35.0,0.1217494410195893,0.554636616664528,0.3088065238835608,1.0,0.410166501816938,"DESCRIPTIVE OFFSET from the zoned display smoother; not a residual, not a test",2.1349832309324484,2.160862127591571,1,"1 by construction: a patch is defined as a single 8-connected component, unlike a real part which may be several","veg_p05_spatial_mean_over_years and veg_p05_temporal_mean are DIFFERENT METRICS and are never co-plotted, differenced or captioned with one word. Arm B uses the first, Arm A the second.",offset is against Arm A's zoned DISPLAY SMOOTHER on the temporal metric: not a residual and not a test. NA where the patch is outside the zoned water range.,"115-part: 52.697196 + 0.547274 x mean water; 64-paddock: 52.652934 + 0.547838 x mean water. Both APPLIED, neither refitted.","8-connected component within one vegetation community, outside every management zone","meets_support_rule = >=25 water years with >=30 valid cells; meets_500_cells = the PARTSCATTER floor used by Arm A; meets_bare_33_cells = v1's threshold, for contrast; size_matched = inside this community's real-part IQR",pixel,1988-2022 (35 water years),unzoned standard-grazing country,0.06235142839918241
U0236,Inland Floodplain Shrublands / Swamps,inland,1,0.0623514283991824,62.222027,,34.285713,0,0,0,0,0,,,,,,,,,,,,1,"1 by construction: a patch is defined as a single 8-connected component, unlike a real part which may be several","veg_p05_spatial_mean_over_years and veg_p05_temporal_mean are DIFFERENT METRICS and are never co-plotted, differenced or captioned with one word. Arm B uses the first, Arm A the second.",offset is against Arm A's zoned DISPLAY SMOOTHER on the temporal metric: not a residual and not a test. NA where the patch is outside the zoned water range.,"115-part: 52.697196 + 0.547274 x mean water; 64-paddock: 52.652934 + 0.547838 x mean water. Both APPLIED, neither refitted.","8-connected component within one vegetation community, outside every management zone","meets_support_rule = >=25 water years with >=30 valid cells; meets_500_cells = the PARTSCATTER floor used by Arm A; meets_bare_33_cells = v1's threshold, for contrast; size_matched = inside this community's real-part IQR",pixel,1988-2022 (35 water years),unzoned standard-grazing country,0.06235142839918241
U0237,Inland Floodplain Shrublands / Swamps,inland,1,0.0623514283991824,56.079857,,37.142857,0,0,0,0,0,,,,,,,,,,,,1,"1 by construction: a patch is defined as a single 8-connected component, unlike a real part which may be several","veg_p05_spatial_mean_over_years and veg_p05_temporal_mean are DIFFERENT METRICS and are never co-plotted, differenced or captioned with one word. Arm B uses the first, Arm A the second.",offset is against Arm A's zoned DISPLAY SMOOTHER on the temporal metric: not a residual and not a test. NA where the patch is outside the zoned water range.,"115-part: 52.697196 + 0.547274 x mean water; 64-paddock: 52.652934 + 0.547838 x mean water. Both APPLIED, neither refitted.","8-connected component within one vegetation community, outside every management zone","meets_support_rule = >=25 water years with >=30 valid cells; meets_500_cells = the PARTSCATTER floor used by Arm A; meets_bare_33_cells = v1's threshold, for contrast; size_matched = inside this community's real-part IQR",pixel,1988-2022 (35 water years),unzoned standard-grazing country,0.06235142839918241
U0238,Inland Floodplain Shrublands / Swamps,inland,5007,312.19360199470634,48.747925,10.199059,20.139805,35,1,1,1,1,62.24181003570557,20.139804274016377,35.0,0.2905995826546803,0.5333297054471259,0.35316025074278,1.0,-6.17383927582609,"DESCRIPTIVE OFFSET from the zoned display smoother; not a residual, not a test",-1.4773719717486173,-1.444474058163017,1,"1 by construction: a patch is defined as a single 8-connected component, unlike a real part which may be several","veg_p05_spatial_mean_over_years and veg_p05_temporal_mean are DIFFERENT METRICS and are never co-plotted, differenced or captioned with one word. Arm B uses the first, Arm A the second.",offset is against Arm A's zoned DISPLAY SMOOTHER on the temporal metric: not a residual and not a test. NA where the patch is outside the zoned water range.,"115-part: 52.697196 + 0.547274 x mean water; 64-paddock: 52.652934 + 0.547838 x mean water. Both APPLIED, neither refitted.","8-connected component within one vegetation community, outside every management zone","meets_support_rule = >=25 water years with >=30 valid cells; meets_500_cells = the PARTSCATTER floor used by Arm A; meets_bare_33_cells = v1's threshold, for contrast; size_matched = inside this community's real-part IQR",pixel,1988-2022 (35 water years),unzoned standard-grazing country,0.06235142839918241
U0239,Inland Floodplain Shrublands / Swamps,inland,1,0.0623514283991824,44.88177,,20.0,0,0,0,0,0,,,,,,,,,,,,1,"1 by construction: a patch is defined as a single 8-connected component, unlike a real part which may be several","veg_p05_spatial_mean_over_years and veg_p05_temporal_mean are DIFFERENT METRICS and are never co-plotted, differenced or captioned with one word. Arm B uses the first, Arm A the second.",offset is against Arm A's zoned DISPLAY SMOOTHER on the temporal metric: not a residual and not a test. NA where the patch is outside the zoned water range.,"115-part: 52.697196 + 0.547274 x mean water; 64-paddock: 52.652934 + 0.547838 x mean water. Both APPLIED, neither refitted.","8-connected component within one vegetation community, outside every management zone","meets_support_rule = >=25 water years with >=30 valid cells; meets_500_cells = the PARTSCATTER floor used by Arm A; meets_bare_33_cells = v1's threshold, for contrast; size_matched = inside this community's real-part IQR",pixel,1988-2022 (35 water years),unzoned standard-grazing country,0.06235142839918241
U0240,Inland Floodplain Shrublands / Swamps,inland,1,0.0623514283991824,40.824768,,8.571428,0,0,0,0,0,,,,,,,,,,,,1,"1 by construction: a patch is defined as a single 8-connected component, unlike a real part which may be several","veg_p05_spatial_mean_over_years and veg_p05_temporal_mean are DIFFERENT METRICS and are never co-plotted, differenced or captioned with one word. Arm B uses the first, Arm A the second.",offset is against Arm A's zoned DISPLAY SMOOTHER on the temporal metric: not a residual and not a test. NA where the patch is outside the zoned water range.,"115-part: 52.697196 + 0.547274 x mean water; 64-paddock: 52.652934 + 0.547838 x mean water. Both APPLIED, neither refitted.","8-connected component within one vegetation community, outside every management zone","meets_support_rule = >=25 water years with >=30 valid cells; meets_500_cells = the PARTSCATTER floor used by Arm A; meets_bare_33_cells = v1's threshold, for contrast; size_matched = inside this community's real-part IQR",pixel,1988-2022 (35 water years),unzoned standard-grazing country,0.06235142839918241
U0241,Inland Floodplain Shrublands / Swamps,inland,7,0.4364599987942769,62.31208,0.7370965,39.591835,0,0,0,0,0,,,,,,,,,,,,1,"1 by construction: a patch is defined as a single 8-connected component, unlike a real part which may be several","veg_p05_spatial_mean_over_years and veg_p05_temporal_mean are DIFFERENT METRICS and are never co-plotted, differenced or captioned with one word. Arm B uses the first, Arm A the second.",offset is against Arm A's zoned DISPLAY SMOOTHER on the temporal metric: not a residual and not a test. NA where the patch is outside the zoned water range.,"115-part: 52.697196 + 0.547274 x mean water; 64-paddock: 52.652934 + 0.547838 x mean water. Both APPLIED, neither refitted.","8-connected component within one vegetation community, outside every management zone","meets_support_rule = >=25 water years with >=30 valid cells; meets_500_cells = the PARTSCATTER floor used by Arm A; meets_bare_33_cells = v1's threshold, for contrast; size_matched = inside this community's real-part IQR",pixel,1988-2022 (35 water years),unzoned standard-grazing country,0.06235142839918241
U0242,Inland Floodplain Shrublands / Swamps,inland,14,0.8729199975885538,44.465485,6.817805,2.6530612,0,0,0,0,0,,,,,,,,,,,,1,"1 by construction: a patch is defined as a single 8-connected component, unlike a real part which may be several","veg_p05_spatial_mean_over_years and veg_p05_temporal_mean are DIFFERENT METRICS and are never co-plotted, differenced or captioned with one word. Arm B uses the first, Arm A the second.",offset is against Arm A's zoned DISPLAY SMOOTHER on the temporal metric: not a residual and not a test. NA where the patch is outside the zoned water range.,"115-part: 52.697196 + 0.547274 x mean water; 64-paddock: 52.652934 + 0.547838 x mean water. Both APPLIED, neither refitted.","8-connected component within one vegetation community, outside every management zone","meets_support_rule = >=25 water years with >=30 valid cells; meets_500_cells = the PARTSCATTER floor used by Arm A; meets_bare_33_cells = v1's threshold, for contrast; size_matched = inside this community's real-part IQR",pixel,1988-2022 (35 water years),unzoned standard-grazing country,0.06235142839918241
U0243,Inland Floodplain Shrublands / Swamps,inland,294,18.331319949359628,66.93492,3.855398,20.777452,35,1,1,0,0,78.8111220223563,20.777453838678326,35.0,0.0619580251285243,0.2861124082042932,0.3382494110868222,1.0,,,14.742971157107405,14.775509266282441,1,"1 by construction: a patch is defined as a single 8-connected component, unlike a real part which may be several","veg_p05_spatial_mean_over_years and veg_p05_temporal_mean are DIFFERENT METRICS and are never co-plotted, differenced or captioned with one word. Arm B uses the first, Arm A the second.",offset is against Arm A's zoned DISPLAY SMOOTHER on the temporal metric: not a residual and not a test. NA where the patch is outside the zoned water range.,"115-part: 52.697196 + 0.547274 x mean water; 64-paddock: 52.652934 + 0.547838 x mean water. Both APPLIED, neither refitted.","8-connected component within one vegetation community, outside every management zone","meets_support_rule = >=25 water years with >=30 valid cells; meets_500_cells = the PARTSCATTER floor used by Arm A; meets_bare_33_cells = v1's threshold, for contrast; size_matched = inside this community's real-part IQR",pixel,1988-2022 (35 water years),unzoned standard-grazing country,0.06235142839918241
U0244,Inland Floodplain Shrublands / Swamps,inland,1,0.0623514283991824,75.24863,,31.428572,0,0,0,0,0,,,,,,,,,,,,1,"1 by construction: a patch is defined as a single 8-connected component, unlike a real part which may be several","veg_p05_spatial_mean_over_years and veg_p05_temporal_mean are DIFFERENT METRICS and are never co-plotted, differenced or captioned with one word. Arm B uses the first, Arm A the second.",offset is against Arm A's zoned DISPLAY SMOOTHER on the temporal metric: not a residual and not a test. NA where the patch is outside the zoned water range.,"115-part: 52.697196 + 0.547274 x mean water; 64-paddock: 52.652934 + 0.547838 x mean water. Both APPLIED, neither refitted.","8-connected component within one vegetation community, outside every management zone","meets_support_rule = >=25 water years with >=30 valid cells; meets_500_cells = the PARTSCATTER floor used by Arm A; meets_bare_33_cells = v1's threshold, for contrast; size_matched = inside this community's real-part IQR",pixel,1988-2022 (35 water years),unzoned standard-grazing country,0.06235142839918241
U0245,Inland Floodplain Shrublands / Swamps,inland,202,12.594988536634848,63.01796,3.7663457,14.5686,35,1,1,0,0,79.45049589974539,14.56859971711457,35.0,0.1421126343438987,0.3819490545229541,0.499538858190016,1.0,,,18.780287809168954,18.81632936792078,1,"1 by construction: a patch is defined as a single 8-connected component, unlike a real part which may be several","veg_p05_spatial_mean_over_years and veg_p05_temporal_mean are DIFFERENT METRICS and are never co-plotted, differenced or captioned with one word. Arm B uses the first, Arm A the second.",offset is against Arm A's zoned DISPLAY SMOOTHER on the temporal metric: not a residual and not a test. NA where the patch is outside the zoned water range.,"115-part: 52.697196 + 0.547274 x mean water; 64-paddock: 52.652934 + 0.547838 x mean water. Both APPLIED, neither refitted.","8-connected component within one vegetation community, outside every management zone","meets_support_rule = >=25 water years with >=30 valid cells; meets_500_cells = the PARTSCATTER floor used by Arm A; meets_bare_33_cells = v1's threshold, for contrast; size_matched = inside this community's real-part IQR",pixel,1988-2022 (35 water years),unzoned standard-grazing country,0.06235142839918241
U0246,Inland Floodplain Shrublands / Swamps,inland,1189,74.13584836662788,63.785736,8.372305,26.247746,35,1,1,1,0,71.53802113124303,26.247747206536108,35.0,0.111293907284043,0.4560624283802248,0.402641796600765,1.0,4.94626813378063,"DESCRIPTIVE OFFSET from the zoned display smoother; not a residual, not a test",4.476122392277048,4.5055737971086955,1,"1 by construction: a patch is defined as a single 8-connected component, unlike a real part which may be several","veg_p05_spatial_mean_over_years and veg_p05_temporal_mean are DIFFERENT METRICS and are never co-plotted, differenced or captioned with one word. Arm B uses the first, Arm A the second.",offset is against Arm A's zoned DISPLAY SMOOTHER on the temporal metric: not a residual and not a test. NA where the patch is outside the zoned water range.,"115-part: 52.697196 + 0.547274 x mean water; 64-paddock: 52.652934 + 0.547838 x mean water. Both APPLIED, neither refitted.","8-connected component within one vegetation community, outside every management zone","meets_support_rule = >=25 water years with >=30 valid cells; meets_500_cells = the PARTSCATTER floor used by Arm A; meets_bare_33_cells = v1's threshold, for contrast; size_matched = inside this community's real-part IQR",pixel,1988-2022 (35 water years),unzoned standard-grazing country,0.06235142839918241
U0247,Inland Floodplain Shrublands / Swamps,inland,2,0.1247028567983648,32.53544,1.956744,2.857143,0,0,0,0,0,,,,,,,,,,,,1,"1 by construction: a patch is defined as a single 8-connected component, unlike a real part which may be several","veg_p05_spatial_mean_over_years and veg_p05_temporal_mean are DIFFERENT METRICS and are never co-plotted, differenced or captioned with one word. Arm B uses the first, Arm A the second.",offset is against Arm A's zoned DISPLAY SMOOTHER on the temporal metric: not a residual and not a test. NA where the patch is outside the zoned water range.,"115-part: 52.697196 + 0.547274 x mean water; 64-paddock: 52.652934 + 0.547838 x mean water. Both APPLIED, neither refitted.","8-connected component within one vegetation community, outside every management zone","meets_support_rule = >=25 water years with >=30 valid cells; meets_500_cells = the PARTSCATTER floor used by Arm A; meets_bare_33_cells = v1's threshold, for contrast; size_matched = inside this community's real-part IQR",pixel,1988-2022 (35 water years),unzoned standard-grazing country,0.06235142839918241
U0248,Inland Floodplain Shrublands / Swamps,inland,2090,130.31448535429124,65.70051,8.162388,25.72659,35,1,1,1,0,72.40834047045026,25.72658920027341,35.0,0.0881073609124522,0.311677006521011,0.4309107009406148,1.0,7.35518278129212,"DESCRIPTIVE OFFSET from the zoned display smoother; not a residual, not a test",5.631657819214965,5.661403296150866,1,"1 by construction: a patch is defined as a single 8-connected component, unlike a real part which may be several","veg_p05_spatial_mean_over_years and veg_p05_temporal_mean are DIFFERENT METRICS and are never co-plotted, differenced or captioned with one word. Arm B uses the first, Arm A the second.",offset is against Arm A's zoned DISPLAY SMOOTHER on the temporal metric: not a residual and not a test. NA where the patch is outside the zoned water range.,"115-part: 52.697196 + 0.547274 x mean water; 64-paddock: 52.652934 + 0.547838 x mean water. Both APPLIED, neither refitted.","8-connected component within one vegetation community, outside every management zone","meets_support_rule = >=25 water years with >=30 valid cells; meets_500_cells = the PARTSCATTER floor used by Arm A; meets_bare_33_cells = v1's threshold, for contrast; size_matched = inside this community's real-part IQR",pixel,1988-2022 (35 water years),unzoned standard-grazing country,0.06235142839918241
U0249,Inland Floodplain Shrublands / Swamps,inland,501,31.238065627990387,57.099255,9.421974,16.806387,35,1,1,1,0,70.38619689941406,16.806387225548903,35.0,0.1338204271108795,0.2817582273255914,0.5180160806457274,1.0,3.73733410441667,"DESCRIPTIVE OFFSET from the zoned display smoother; not a residual, not a test",8.491306484746943,8.526085334543794,1,"1 by construction: a patch is defined as a single 8-connected component, unlike a real part which may be several","veg_p05_spatial_mean_over_years and veg_p05_temporal_mean are DIFFERENT METRICS and are never co-plotted, differenced or captioned with one word. Arm B uses the first, Arm A the second.",offset is against Arm A's zoned DISPLAY SMOOTHER on the temporal metric: not a residual and not a test. NA where the patch is outside the zoned water range.,"115-part: 52.697196 + 0.547274 x mean water; 64-paddock: 52.652934 + 0.547838 x mean water. Both APPLIED, neither refitted.","8-connected component within one vegetation community, outside every management zone","meets_support_rule = >=25 water years with >=30 valid cells; meets_500_cells = the PARTSCATTER floor used by Arm A; meets_bare_33_cells = v1's threshold, for contrast; size_matched = inside this community's real-part IQR",pixel,1988-2022 (35 water years),unzoned standard-grazing country,0.06235142839918241
U0250,Inland Floodplain Shrublands / Swamps,inland,206,12.844394250231575,56.132683,9.097355,29.19556,35,1,1,0,0,66.87290442330497,29.195561719833563,35.0,0.1359044148627668,0.4642799687448504,0.4871576764073314,1.0,,,-1.8022557694525716,-1.7744677181652122,1,"1 by construction: a patch is defined as a single 8-connected component, unlike a real part which may be several","veg_p05_spatial_mean_over_years and veg_p05_temporal_mean are DIFFERENT METRICS and are never co-plotted, differenced or captioned with one word. Arm B uses the first, Arm A the second.",offset is against Arm A's zoned DISPLAY SMOOTHER on the temporal metric: not a residual and not a test. NA where the patch is outside the zoned water range.,"115-part: 52.697196 + 0.547274 x mean water; 64-paddock: 52.652934 + 0.547838 x mean water. Both APPLIED, neither refitted.","8-connected component within one vegetation community, outside every management zone","meets_support_rule = >=25 water years with >=30 valid cells; meets_500_cells = the PARTSCATTER floor used by Arm A; meets_bare_33_cells = v1's threshold, for contrast; size_matched = inside this community's real-part IQR",pixel,1988-2022 (35 water years),unzoned standard-grazing country,0.06235142839918241
U0251,Inland Floodplain Shrublands / Swamps,inland,1,0.0623514283991824,38.915585,,5.714286,0,0,0,0,0,,,,,,,,,,,,1,"1 by construction: a patch is defined as a single 8-connected component, unlike a real part which may be several","veg_p05_spatial_mean_over_years and veg_p05_temporal_mean are DIFFERENT METRICS and are never co-plotted, differenced or captioned with one word. Arm B uses the first, Arm A the second.",offset is against Arm A's zoned DISPLAY SMOOTHER on the temporal metric: not a residual and not a test. NA where the patch is outside the zoned water range.,"115-part: 52.697196 + 0.547274 x mean water; 64-paddock: 52.652934 + 0.547838 x mean water. Both APPLIED, neither refitted.","8-connected component within one vegetation community, outside every management zone","meets_support_rule = >=25 water years with >=30 valid cells; meets_500_cells = the PARTSCATTER floor used by Arm A; meets_bare_33_cells = v1's threshold, for contrast; size_matched = inside this community's real-part IQR",pixel,1988-2022 (35 water years),unzoned standard-grazing country,0.06235142839918241
U0252,Inland Floodplain Shrublands / Swamps,inland,2,0.1247028567983648,57.48266,2.2421854,5.714286,0,0,0,0,0,,,,,,,,,,,,1,"1 by construction: a patch is defined as a single 8-connected component, unlike a real part which may be several","veg_p05_spatial_mean_over_years and veg_p05_temporal_mean are DIFFERENT METRICS and are never co-plotted, differenced or captioned with one word. Arm B uses the first, Arm A the second.",offset is against Arm A's zoned DISPLAY SMOOTHER on the temporal metric: not a residual and not a test. NA where the patch is outside the zoned water range.,"115-part: 52.697196 + 0.547274 x mean water; 64-paddock: 52.652934 + 0.547838 x mean water. Both APPLIED, neither refitted.","8-connected component within one vegetation community, outside every management zone","meets_support_rule = >=25 water years with >=30 valid cells; meets_500_cells = the PARTSCATTER floor used by Arm A; meets_bare_33_cells = v1's threshold, for contrast; size_matched = inside this community's real-part IQR",pixel,1988-2022 (35 water years),unzoned standard-grazing country,0.06235142839918241
U0253,Inland Floodplain Shrublands / Swamps,inland,1,0.0623514283991824,67.44055,,14.285714,0,0,0,0,0,,,,,,,,,,,,1,"1 by construction: a patch is defined as a single 8-connected component, unlike a real part which may be several","veg_p05_spatial_mean_over_years and veg_p05_temporal_mean are DIFFERENT METRICS and are never co-plotted, differenced or captioned with one word. Arm B uses the first, Arm A the second.",offset is against Arm A's zoned DISPLAY SMOOTHER on the temporal metric: not a residual and not a test. NA where the patch is outside the zoned water range.,"115-part: 52.697196 + 0.547274 x mean water; 64-paddock: 52.652934 + 0.547838 x mean water. Both APPLIED, neither refitted.","8-connected component within one vegetation community, outside every management zone","meets_support_rule = >=25 water years with >=30 valid cells; meets_500_cells = the PARTSCATTER floor used by Arm A; meets_bare_33_cells = v1's threshold, for contrast; size_matched = inside this community's real-part IQR",pixel,1988-2022 (35 water years),unzoned standard-grazing country,0.06235142839918241
U0254,Inland Floodplain Shrublands / Swamps,inland,1,0.0623514283991824,52.904438,,2.857143,0,0,0,0,0,,,,,,,,,,,,1,"1 by construction: a patch is defined as a single 8-connected component, unlike a real part which may be several","veg_p05_spatial_mean_over_years and veg_p05_temporal_mean are DIFFERENT METRICS and are never co-plotted, differenced or captioned with one word. Arm B uses the first, Arm A the second.",offset is against Arm A's zoned DISPLAY SMOOTHER on the temporal metric: not a residual and not a test. NA where the patch is outside the zoned water range.,"115-part: 52.697196 + 0.547274 x mean water; 64-paddock: 52.652934 + 0.547838 x mean water. Both APPLIED, neither refitted.","8-connected component within one vegetation community, outside every management zone","meets_support_rule = >=25 water years with >=30 valid cells; meets_500_cells = the PARTSCATTER floor used by Arm A; meets_bare_33_cells = v1's threshold, for contrast; size_matched = inside this community's real-part IQR",pixel,1988-2022 (35 water years),unzoned standard-grazing country,0.06235142839918241
U0255,Inland Floodplain Shrublands / Swamps,inland,1,0.0623514283991824,61.955326,,8.571428,0,0,0,0,0,,,,,,,,,,,,1,"1 by construction: a patch is defined as a single 8-connected component, unlike a real part which may be several","veg_p05_spatial_mean_over_years and veg_p05_temporal_mean are DIFFERENT METRICS and are never co-plotted, differenced or captioned with one word. Arm B uses the first, Arm A the second.",offset is against Arm A's zoned DISPLAY SMOOTHER on the temporal metric: not a residual and not a test. NA where the patch is outside the zoned water range.,"115-part: 52.697196 + 0.547274 x mean water; 64-paddock: 52.652934 + 0.547838 x mean water. Both APPLIED, neither refitted.","8-connected component within one vegetation community, outside every management zone","meets_support_rule = >=25 water years with >=30 valid cells; meets_500_cells = the PARTSCATTER floor used by Arm A; meets_bare_33_cells = v1's threshold, for contrast; size_matched = inside this community's real-part IQR",pixel,1988-2022 (35 water years),unzoned standard-grazing country,0.06235142839918241
U0256,Inland Floodplain Shrublands / Swamps,inland,2,0.1247028567983648,62.670757,0.043158375,14.285714,0,0,0,0,0,,,,,,,,,,,,1,"1 by construction: a patch is defined as a single 8-connected component, unlike a real part which may be several","veg_p05_spatial_mean_over_years and veg_p05_temporal_mean are DIFFERENT METRICS and are never co-plotted, differenced or captioned with one word. Arm B uses the first, Arm A the second.",offset is against Arm A's zoned DISPLAY SMOOTHER on the temporal metric: not a residual and not a test. NA where the patch is outside the zoned water range.,"115-part: 52.697196 + 0.547274 x mean water; 64-paddock: 52.652934 + 0.547838 x mean water. Both APPLIED, neither refitted.","8-connected component within one vegetation community, outside every management zone","meets_support_rule = >=25 water years with >=30 valid cells; meets_500_cells = the PARTSCATTER floor used by Arm A; meets_bare_33_cells = v1's threshold, for contrast; size_matched = inside this community's real-part IQR",pixel,1988-2022 (35 water years),unzoned standard-grazing country,0.06235142839918241
U0257,Inland Floodplain Shrublands / Swamps,inland,1,0.0623514283991824,63.44007,,14.285714,0,0,0,0,0,,,,,,,,,,,,1,"1 by construction: a patch is defined as a single 8-connected component, unlike a real part which may be several","veg_p05_spatial_mean_over_years and veg_p05_temporal_mean are DIFFERENT METRICS and are never co-plotted, differenced or captioned with one word. Arm B uses the first, Arm A the second.",offset is against Arm A's zoned DISPLAY SMOOTHER on the temporal metric: not a residual and not a test. NA where the patch is outside the zoned water range.,"115-part: 52.697196 + 0.547274 x mean water; 64-paddock: 52.652934 + 0.547838 x mean water. Both APPLIED, neither refitted.","8-connected component within one vegetation community, outside every management zone","meets_support_rule = >=25 water years with >=30 valid cells; meets_500_cells = the PARTSCATTER floor used by Arm A; meets_bare_33_cells = v1's threshold, for contrast; size_matched = inside this community's real-part IQR",pixel,1988-2022 (35 water years),unzoned standard-grazing country,0.06235142839918241
U0258,Inland Floodplain Shrublands / Swamps,inland,18,1.1223257111852831,46.994656,5.185068,7.936508,0,0,0,0,0,,,,,,,,,,,,1,"1 by construction: a patch is defined as a single 8-connected component, unlike a real part which may be several","veg_p05_spatial_mean_over_years and veg_p05_temporal_mean are DIFFERENT METRICS and are never co-plotted, differenced or captioned with one word. Arm B uses the first, Arm A the second.",offset is against Arm A's zoned DISPLAY SMOOTHER on the temporal metric: not a residual and not a test. NA where the patch is outside the zoned water range.,"115-part: 52.697196 + 0.547274 x mean water; 64-paddock: 52.652934 + 0.547838 x mean water. Both APPLIED, neither refitted.","8-connected component within one vegetation community, outside every management zone","meets_support_rule = >=25 water years with >=30 valid cells; meets_500_cells = the PARTSCATTER floor used by Arm A; meets_bare_33_cells = v1's threshold, for contrast; size_matched = inside this community's real-part IQR",pixel,1988-2022 (35 water years),unzoned standard-grazing country,0.06235142839918241
U0259,Inland Floodplain Shrublands / Swamps,inland,2,0.1247028567983648,65.539566,0.6584673,14.285714,0,0,0,0,0,,,,,,,,,,,,1,"1 by construction: a patch is defined as a single 8-connected component, unlike a real part which may be several","veg_p05_spatial_mean_over_years and veg_p05_temporal_mean are DIFFERENT METRICS and are never co-plotted, differenced or captioned with one word. Arm B uses the first, Arm A the second.",offset is against Arm A's zoned DISPLAY SMOOTHER on the temporal metric: not a residual and not a test. NA where the patch is outside the zoned water range.,"115-part: 52.697196 + 0.547274 x mean water; 64-paddock: 52.652934 + 0.547838 x mean water. Both APPLIED, neither refitted.","8-connected component within one vegetation community, outside every management zone","meets_support_rule = >=25 water years with >=30 valid cells; meets_500_cells = the PARTSCATTER floor used by Arm A; meets_bare_33_cells = v1's threshold, for contrast; size_matched = inside this community's real-part IQR",pixel,1988-2022 (35 water years),unzoned standard-grazing country,0.06235142839918241
U0260,Inland Floodplain Shrublands / Swamps,inland,2,0.1247028567983648,64.18938,0.54636884,11.428572,0,0,0,0,0,,,,,,,,,,,,1,"1 by construction: a patch is defined as a single 8-connected component, unlike a real part which may be several","veg_p05_spatial_mean_over_years and veg_p05_temporal_mean are DIFFERENT METRICS and are never co-plotted, differenced or captioned with one word. Arm B uses the first, Arm A the second.",offset is against Arm A's zoned DISPLAY SMOOTHER on the temporal metric: not a residual and not a test. NA where the patch is outside the zoned water range.,"115-part: 52.697196 + 0.547274 x mean water; 64-paddock: 52.652934 + 0.547838 x mean water. Both APPLIED, neither refitted.","8-connected component within one vegetation community, outside every management zone","meets_support_rule = >=25 water years with >=30 valid cells; meets_500_cells = the PARTSCATTER floor used by Arm A; meets_bare_33_cells = v1's threshold, for contrast; size_matched = inside this community's real-part IQR",pixel,1988-2022 (35 water years),unzoned standard-grazing country,0.06235142839918241
U0261,Inland Floodplain Shrublands / Swamps,inland,2,0.1247028567983648,66.983376,1.9621847,21.42857,0,0,0,0,0,,,,,,,,,,,,1,"1 by construction: a patch is defined as a single 8-connected component, unlike a real part which may be several","veg_p05_spatial_mean_over_years and veg_p05_temporal_mean are DIFFERENT METRICS and are never co-plotted, differenced or captioned with one word. Arm B uses the first, Arm A the second.",offset is against Arm A's zoned DISPLAY SMOOTHER on the temporal metric: not a residual and not a test. NA where the patch is outside the zoned water range.,"115-part: 52.697196 + 0.547274 x mean water; 64-paddock: 52.652934 + 0.547838 x mean water. Both APPLIED, neither refitted.","8-connected component within one vegetation community, outside every management zone","meets_support_rule = >=25 water years with >=30 valid cells; meets_500_cells = the PARTSCATTER floor used by Arm A; meets_bare_33_cells = v1's threshold, for contrast; size_matched = inside this community's real-part IQR",pixel,1988-2022 (35 water years),unzoned standard-grazing country,0.06235142839918241
U0262,Inland Floodplain Shrublands / Swamps,inland,1,0.0623514283991824,66.09553,,11.428572,0,0,0,0,0,,,,,,,,,,,,1,"1 by construction: a patch is defined as a single 8-connected component, unlike a real part which may be several","veg_p05_spatial_mean_over_years and veg_p05_temporal_mean are DIFFERENT METRICS and are never co-plotted, differenced or captioned with one word. Arm B uses the first, Arm A the second.",offset is against Arm A's zoned DISPLAY SMOOTHER on the temporal metric: not a residual and not a test. NA where the patch is outside the zoned water range.,"115-part: 52.697196 + 0.547274 x mean water; 64-paddock: 52.652934 + 0.547838 x mean water. Both APPLIED, neither refitted.","8-connected component within one vegetation community, outside every management zone","meets_support_rule = >=25 water years with >=30 valid cells; meets_500_cells = the PARTSCATTER floor used by Arm A; meets_bare_33_cells = v1's threshold, for contrast; size_matched = inside this community's real-part IQR",pixel,1988-2022 (35 water years),unzoned standard-grazing country,0.06235142839918241
U0263,Inland Floodplain Shrublands / Swamps,inland,1,0.0623514283991824,62.571724,,14.285714,0,0,0,0,0,,,,,,,,,,,,1,"1 by construction: a patch is defined as a single 8-connected component, unlike a real part which may be several","veg_p05_spatial_mean_over_years and veg_p05_temporal_mean are DIFFERENT METRICS and are never co-plotted, differenced or captioned with one word. Arm B uses the first, Arm A the second.",offset is against Arm A's zoned DISPLAY SMOOTHER on the temporal metric: not a residual and not a test. NA where the patch is outside the zoned water range.,"115-part: 52.697196 + 0.547274 x mean water; 64-paddock: 52.652934 + 0.547838 x mean water. Both APPLIED, neither refitted.","8-connected component within one vegetation community, outside every management zone","meets_support_rule = >=25 water years with >=30 valid cells; meets_500_cells = the PARTSCATTER floor used by Arm A; meets_bare_33_cells = v1's threshold, for contrast; size_matched = inside this community's real-part IQR",pixel,1988-2022 (35 water years),unzoned standard-grazing country,0.06235142839918241
U0264,Inland Floodplain Shrublands / Swamps,inland,2,0.1247028567983648,63.16313,0.53205913,15.714285,0,0,0,0,0,,,,,,,,,,,,1,"1 by construction: a patch is defined as a single 8-connected component, unlike a real part which may be several","veg_p05_spatial_mean_over_years and veg_p05_temporal_mean are DIFFERENT METRICS and are never co-plotted, differenced or captioned with one word. Arm B uses the first, Arm A the second.",offset is against Arm A's zoned DISPLAY SMOOTHER on the temporal metric: not a residual and not a test. NA where the patch is outside the zoned water range.,"115-part: 52.697196 + 0.547274 x mean water; 64-paddock: 52.652934 + 0.547838 x mean water. Both APPLIED, neither refitted.","8-connected component within one vegetation community, outside every management zone","meets_support_rule = >=25 water years with >=30 valid cells; meets_500_cells = the PARTSCATTER floor used by Arm A; meets_bare_33_cells = v1's threshold, for contrast; size_matched = inside this community's real-part IQR",pixel,1988-2022 (35 water years),unzoned standard-grazing country,0.06235142839918241
U0265,Inland Floodplain Shrublands / Swamps,inland,2,0.1247028567983648,60.25197,0.56144994,31.42857,0,0,0,0,0,,,,,,,,,,,,1,"1 by construction: a patch is defined as a single 8-connected component, unlike a real part which may be several","veg_p05_spatial_mean_over_years and veg_p05_temporal_mean are DIFFERENT METRICS and are never co-plotted, differenced or captioned with one word. Arm B uses the first, Arm A the second.",offset is against Arm A's zoned DISPLAY SMOOTHER on the temporal metric: not a residual and not a test. NA where the patch is outside the zoned water range.,"115-part: 52.697196 + 0.547274 x mean water; 64-paddock: 52.652934 + 0.547838 x mean water. Both APPLIED, neither refitted.","8-connected component within one vegetation community, outside every management zone","meets_support_rule = >=25 water years with >=30 valid cells; meets_500_cells = the PARTSCATTER floor used by Arm A; meets_bare_33_cells = v1's threshold, for contrast; size_matched = inside this community's real-part IQR",pixel,1988-2022 (35 water years),unzoned standard-grazing country,0.06235142839918241
U0266,Inland Floodplain Shrublands / Swamps,inland,1,0.0623514283991824,37.982044,,0.0,0,0,0,0,0,,,,,,,,,,,,1,"1 by construction: a patch is defined as a single 8-connected component, unlike a real part which may be several","veg_p05_spatial_mean_over_years and veg_p05_temporal_mean are DIFFERENT METRICS and are never co-plotted, differenced or captioned with one word. Arm B uses the first, Arm A the second.",offset is against Arm A's zoned DISPLAY SMOOTHER on the temporal metric: not a residual and not a test. NA where the patch is outside the zoned water range.,"115-part: 52.697196 + 0.547274 x mean water; 64-paddock: 52.652934 + 0.547838 x mean water. Both APPLIED, neither refitted.","8-connected component within one vegetation community, outside every management zone","meets_support_rule = >=25 water years with >=30 valid cells; meets_500_cells = the PARTSCATTER floor used by Arm A; meets_bare_33_cells = v1's threshold, for contrast; size_matched = inside this community's real-part IQR",pixel,1988-2022 (35 water years),unzoned standard-grazing country,0.06235142839918241
U0267,Inland Floodplain Shrublands / Swamps,inland,11,0.6858657123910065,56.598766,3.4480822,27.272728,0,0,0,0,0,,,,,,,,,,,,1,"1 by construction: a patch is defined as a single 8-connected component, unlike a real part which may be several","veg_p05_spatial_mean_over_years and veg_p05_temporal_mean are DIFFERENT METRICS and are never co-plotted, differenced or captioned with one word. Arm B uses the first, Arm A the second.",offset is against Arm A's zoned DISPLAY SMOOTHER on the temporal metric: not a residual and not a test. NA where the patch is outside the zoned water range.,"115-part: 52.697196 + 0.547274 x mean water; 64-paddock: 52.652934 + 0.547838 x mean water. Both APPLIED, neither refitted.","8-connected component within one vegetation community, outside every management zone","meets_support_rule = >=25 water years with >=30 valid cells; meets_500_cells = the PARTSCATTER floor used by Arm A; meets_bare_33_cells = v1's threshold, for contrast; size_matched = inside this community's real-part IQR",pixel,1988-2022 (35 water years),unzoned standard-grazing country,0.06235142839918241
U0268,Inland Floodplain Shrublands / Swamps,inland,1,0.0623514283991824,47.319855,,5.714286,0,0,0,0,0,,,,,,,,,,,,1,"1 by construction: a patch is defined as a single 8-connected component, unlike a real part which may be several","veg_p05_spatial_mean_over_years and veg_p05_temporal_mean are DIFFERENT METRICS and are never co-plotted, differenced or captioned with one word. Arm B uses the first, Arm A the second.",offset is against Arm A's zoned DISPLAY SMOOTHER on the temporal metric: not a residual and not a test. NA where the patch is outside the zoned water range.,"115-part: 52.697196 + 0.547274 x mean water; 64-paddock: 52.652934 + 0.547838 x mean water. Both APPLIED, neither refitted.","8-connected component within one vegetation community, outside every management zone","meets_support_rule = >=25 water years with >=30 valid cells; meets_500_cells = the PARTSCATTER floor used by Arm A; meets_bare_33_cells = v1's threshold, for contrast; size_matched = inside this community's real-part IQR",pixel,1988-2022 (35 water years),unzoned standard-grazing country,0.06235142839918241
U0269,Inland Floodplain Shrublands / Swamps,inland,2,0.1247028567983648,44.568253,3.8103907,27.142857,0,0,0,0,0,,,,,,,,,,,,1,"1 by construction: a patch is defined as a single 8-connected component, unlike a real part which may be several","veg_p05_spatial_mean_over_years and veg_p05_temporal_mean are DIFFERENT METRICS and are never co-plotted, differenced or captioned with one word. Arm B uses the first, Arm A the second.",offset is against Arm A's zoned DISPLAY SMOOTHER on the temporal metric: not a residual and not a test. NA where the patch is outside the zoned water range.,"115-part: 52.697196 + 0.547274 x mean water; 64-paddock: 52.652934 + 0.547838 x mean water. Both APPLIED, neither refitted.","8-connected component within one vegetation community, outside every management zone","meets_support_rule = >=25 water years with >=30 valid cells; meets_500_cells = the PARTSCATTER floor used by Arm A; meets_bare_33_cells = v1's threshold, for contrast; size_matched = inside this community's real-part IQR",pixel,1988-2022 (35 water years),unzoned standard-grazing country,0.06235142839918241
U0270,Inland Floodplain Shrublands / Swamps,inland,269,16.772534239380068,50.811996,7.0870113,17.026022,35,1,1,0,0,68.96518807547433,17.026022304832715,35.0,0.1490654625733089,0.4163369050690903,0.3366596983305945,1.0,,,6.950097151002176,6.984752068039384,1,"1 by construction: a patch is defined as a single 8-connected component, unlike a real part which may be several","veg_p05_spatial_mean_over_years and veg_p05_temporal_mean are DIFFERENT METRICS and are never co-plotted, differenced or captioned with one word. Arm B uses the first, Arm A the second.",offset is against Arm A's zoned DISPLAY SMOOTHER on the temporal metric: not a residual and not a test. NA where the patch is outside the zoned water range.,"115-part: 52.697196 + 0.547274 x mean water; 64-paddock: 52.652934 + 0.547838 x mean water. Both APPLIED, neither refitted.","8-connected component within one vegetation community, outside every management zone","meets_support_rule = >=25 water years with >=30 valid cells; meets_500_cells = the PARTSCATTER floor used by Arm A; meets_bare_33_cells = v1's threshold, for contrast; size_matched = inside this community's real-part IQR",pixel,1988-2022 (35 water years),unzoned standard-grazing country,0.06235142839918241
U0271,Inland Floodplain Shrublands / Swamps,inland,2,0.1247028567983648,59.978203,2.103744,35.714287,0,0,0,0,0,,,,,,,,,,,,1,"1 by construction: a patch is defined as a single 8-connected component, unlike a real part which may be several","veg_p05_spatial_mean_over_years and veg_p05_temporal_mean are DIFFERENT METRICS and are never co-plotted, differenced or captioned with one word. Arm B uses the first, Arm A the second.",offset is against Arm A's zoned DISPLAY SMOOTHER on the temporal metric: not a residual and not a test. NA where the patch is outside the zoned water range.,"115-part: 52.697196 + 0.547274 x mean water; 64-paddock: 52.652934 + 0.547838 x mean water. Both APPLIED, neither refitted.","8-connected component within one vegetation community, outside every management zone","meets_support_rule = >=25 water years with >=30 valid cells; meets_500_cells = the PARTSCATTER floor used by Arm A; meets_bare_33_cells = v1's threshold, for contrast; size_matched = inside this community's real-part IQR",pixel,1988-2022 (35 water years),unzoned standard-grazing country,0.06235142839918241
U0272,Inland Floodplain Shrublands / Swamps,inland,2,0.1247028567983648,47.93569,0.39683044,11.428572,0,0,0,0,0,,,,,,,,,,,,1,"1 by construction: a patch is defined as a single 8-connected component, unlike a real part which may be several","veg_p05_spatial_mean_over_years and veg_p05_temporal_mean are DIFFERENT METRICS and are never co-plotted, differenced or captioned with one word. Arm B uses the first, Arm A the second.",offset is against Arm A's zoned DISPLAY SMOOTHER on the temporal metric: not a residual and not a test. NA where the patch is outside the zoned water range.,"115-part: 52.697196 + 0.547274 x mean water; 64-paddock: 52.652934 + 0.547838 x mean water. Both APPLIED, neither refitted.","8-connected component within one vegetation community, outside every management zone","meets_support_rule = >=25 water years with >=30 valid cells; meets_500_cells = the PARTSCATTER floor used by Arm A; meets_bare_33_cells = v1's threshold, for contrast; size_matched = inside this community's real-part IQR",pixel,1988-2022 (35 water years),unzoned standard-grazing country,0.06235142839918241
U0273,Inland Floodplain Shrublands / Swamps,inland,27,1.6834885667779251,67.74466,3.7359045,30.793652,0,0,0,0,0,,,,,,,,,,,,1,"1 by construction: a patch is defined as a single 8-connected component, unlike a real part which may be several","veg_p05_spatial_mean_over_years and veg_p05_temporal_mean are DIFFERENT METRICS and are never co-plotted, differenced or captioned with one word. Arm B uses the first, Arm A the second.",offset is against Arm A's zoned DISPLAY SMOOTHER on the temporal metric: not a residual and not a test. NA where the patch is outside the zoned water range.,"115-part: 52.697196 + 0.547274 x mean water; 64-paddock: 52.652934 + 0.547838 x mean water. Both APPLIED, neither refitted.","8-connected component within one vegetation community, outside every management zone","meets_support_rule = >=25 water years with >=30 valid cells; meets_500_cells = the PARTSCATTER floor used by Arm A; meets_bare_33_cells = v1's threshold, for contrast; size_matched = inside this community's real-part IQR",pixel,1988-2022 (35 water years),unzoned standard-grazing country,0.06235142839918241
U0274,Inland Floodplain Shrublands / Swamps,inland,1,0.0623514283991824,48.203995,,11.428572,0,0,0,0,0,,,,,,,,,,,,1,"1 by construction: a patch is defined as a single 8-connected component, unlike a real part which may be several","veg_p05_spatial_mean_over_years and veg_p05_temporal_mean are DIFFERENT METRICS and are never co-plotted, differenced or captioned with one word. Arm B uses the first, Arm A the second.",offset is against Arm A's zoned DISPLAY SMOOTHER on the temporal metric: not a residual and not a test. NA where the patch is outside the zoned water range.,"115-part: 52.697196 + 0.547274 x mean water; 64-paddock: 52.652934 + 0.547838 x mean water. Both APPLIED, neither refitted.","8-connected component within one vegetation community, outside every management zone","meets_support_rule = >=25 water years with >=30 valid cells; meets_500_cells = the PARTSCATTER floor used by Arm A; meets_bare_33_cells = v1's threshold, for contrast; size_matched = inside this community's real-part IQR",pixel,1988-2022 (35 water years),unzoned standard-grazing country,0.06235142839918241
U0275,Inland Floodplain Shrublands / Swamps,inland,1,0.0623514283991824,67.387566,,20.0,0,0,0,0,0,,,,,,,,,,,,1,"1 by construction: a patch is defined as a single 8-connected component, unlike a real part which may be several","veg_p05_spatial_mean_over_years and veg_p05_temporal_mean are DIFFERENT METRICS and are never co-plotted, differenced or captioned with one word. Arm B uses the first, Arm A the second.",offset is against Arm A's zoned DISPLAY SMOOTHER on the temporal metric: not a residual and not a test. NA where the patch is outside the zoned water range.,"115-part: 52.697196 + 0.547274 x mean water; 64-paddock: 52.652934 + 0.547838 x mean water. Both APPLIED, neither refitted.","8-connected component within one vegetation community, outside every management zone","meets_support_rule = >=25 water years with >=30 valid cells; meets_500_cells = the PARTSCATTER floor used by Arm A; meets_bare_33_cells = v1's threshold, for contrast; size_matched = inside this community's real-part IQR",pixel,1988-2022 (35 water years),unzoned standard-grazing country,0.06235142839918241
U0276,Inland Floodplain Shrublands / Swamps,inland,1,0.0623514283991824,46.122913,,8.571428,0,0,0,0,0,,,,,,,,,,,,1,"1 by construction: a patch is defined as a single 8-connected component, unlike a real part which may be several","veg_p05_spatial_mean_over_years and veg_p05_temporal_mean are DIFFERENT METRICS and are never co-plotted, differenced or captioned with one word. Arm B uses the first, Arm A the second.",offset is against Arm A's zoned DISPLAY SMOOTHER on the temporal metric: not a residual and not a test. NA where the patch is outside the zoned water range.,"115-part: 52.697196 + 0.547274 x mean water; 64-paddock: 52.652934 + 0.547838 x mean water. Both APPLIED, neither refitted.","8-connected component within one vegetation community, outside every management zone","meets_support_rule = >=25 water years with >=30 valid cells; meets_500_cells = the PARTSCATTER floor used by Arm A; meets_bare_33_cells = v1's threshold, for contrast; size_matched = inside this community's real-part IQR",pixel,1988-2022 (35 water years),unzoned standard-grazing country,0.06235142839918241
U0277,Inland Floodplain Shrublands / Swamps,inland,1,0.0623514283991824,49.33204,,5.714286,0,0,0,0,0,,,,,,,,,,,,1,"1 by construction: a patch is defined as a single 8-connected component, unlike a real part which may be several","veg_p05_spatial_mean_over_years and veg_p05_temporal_mean are DIFFERENT METRICS and are never co-plotted, differenced or captioned with one word. Arm B uses the first, Arm A the second.",offset is against Arm A's zoned DISPLAY SMOOTHER on the temporal metric: not a residual and not a test. NA where the patch is outside the zoned water range.,"115-part: 52.697196 + 0.547274 x mean water; 64-paddock: 52.652934 + 0.547838 x mean water. Both APPLIED, neither refitted.","8-connected component within one vegetation community, outside every management zone","meets_support_rule = >=25 water years with >=30 valid cells; meets_500_cells = the PARTSCATTER floor used by Arm A; meets_bare_33_cells = v1's threshold, for contrast; size_matched = inside this community's real-part IQR",pixel,1988-2022 (35 water years),unzoned standard-grazing country,0.06235142839918241
U0278,Inland Floodplain Shrublands / Swamps,inland,533,33.233311336764224,36.4612,7.4283676,6.400429,35,1,1,1,0,53.097979801722936,6.400428839453229,35.0,0.310748090623611,0.3027472903701371,0.6937642520615767,1.0,-12.2088625521302,"DESCRIPTIVE OFFSET from the zoned display smoother; not a residual, not a test",-3.102002918338748,-3.061352332825443,1,"1 by construction: a patch is defined as a single 8-connected component, unlike a real part which may be several","veg_p05_spatial_mean_over_years and veg_p05_temporal_mean are DIFFERENT METRICS and are never co-plotted, differenced or captioned with one word. Arm B uses the first, Arm A the second.",offset is against Arm A's zoned DISPLAY SMOOTHER on the temporal metric: not a residual and not a test. NA where the patch is outside the zoned water range.,"115-part: 52.697196 + 0.547274 x mean water; 64-paddock: 52.652934 + 0.547838 x mean water. Both APPLIED, neither refitted.","8-connected component within one vegetation community, outside every management zone","meets_support_rule = >=25 water years with >=30 valid cells; meets_500_cells = the PARTSCATTER floor used by Arm A; meets_bare_33_cells = v1's threshold, for contrast; size_matched = inside this community's real-part IQR",pixel,1988-2022 (35 water years),unzoned standard-grazing country,0.06235142839918241
U0279,Inland Floodplain Shrublands / Swamps,inland,75,4.676357129938681,61.56274,3.931609,20.266666,35,1,1,0,0,70.06583122253419,20.266666666666666,35.0,0.0155423788646697,0.0678984880775906,0.574738581297986,1.0,,,6.277220759837903,6.31004708920085,1,"1 by construction: a patch is defined as a single 8-connected component, unlike a real part which may be several","veg_p05_spatial_mean_over_years and veg_p05_temporal_mean are DIFFERENT METRICS and are never co-plotted, differenced or captioned with one word. Arm B uses the first, Arm A the second.",offset is against Arm A's zoned DISPLAY SMOOTHER on the temporal metric: not a residual and not a test. NA where the patch is outside the zoned water range.,"115-part: 52.697196 + 0.547274 x mean water; 64-paddock: 52.652934 + 0.547838 x mean water. Both APPLIED, neither refitted.","8-connected component within one vegetation community, outside every management zone","meets_support_rule = >=25 water years with >=30 valid cells; meets_500_cells = the PARTSCATTER floor used by Arm A; meets_bare_33_cells = v1's threshold, for contrast; size_matched = inside this community's real-part IQR",pixel,1988-2022 (35 water years),unzoned standard-grazing country,0.06235142839918241
U0280,Inland Floodplain Shrublands / Swamps,inland,208,12.969097107029942,51.555946,8.399636,33.26923,35,1,1,0,0,69.46628993988037,33.26923076923077,35.0,0.0974292237408977,0.3814236175468194,0.3747774482898967,1.0,,,-1.4382823218017222,-1.4127929062734808,1,"1 by construction: a patch is defined as a single 8-connected component, unlike a real part which may be several","veg_p05_spatial_mean_over_years and veg_p05_temporal_mean are DIFFERENT METRICS and are never co-plotted, differenced or captioned with one word. Arm B uses the first, Arm A the second.",offset is against Arm A's zoned DISPLAY SMOOTHER on the temporal metric: not a residual and not a test. NA where the patch is outside the zoned water range.,"115-part: 52.697196 + 0.547274 x mean water; 64-paddock: 52.652934 + 0.547838 x mean water. Both APPLIED, neither refitted.","8-connected component within one vegetation community, outside every management zone","meets_support_rule = >=25 water years with >=30 valid cells; meets_500_cells = the PARTSCATTER floor used by Arm A; meets_bare_33_cells = v1's threshold, for contrast; size_matched = inside this community's real-part IQR",pixel,1988-2022 (35 water years),unzoned standard-grazing country,0.06235142839918241
U0281,Inland Floodplain Shrublands / Swamps,inland,1,0.0623514283991824,51.968754,,28.571428,0,0,0,0,0,,,,,,,,,,,,1,"1 by construction: a patch is defined as a single 8-connected component, unlike a real part which may be several","veg_p05_spatial_mean_over_years and veg_p05_temporal_mean are DIFFERENT METRICS and are never co-plotted, differenced or captioned with one word. Arm B uses the first, Arm A the second.",offset is against Arm A's zoned DISPLAY SMOOTHER on the temporal metric: not a residual and not a test. NA where the patch is outside the zoned water range.,"115-part: 52.697196 + 0.547274 x mean water; 64-paddock: 52.652934 + 0.547838 x mean water. Both APPLIED, neither refitted.","8-connected component within one vegetation community, outside every management zone","meets_support_rule = >=25 water years with >=30 valid cells; meets_500_cells = the PARTSCATTER floor used by Arm A; meets_bare_33_cells = v1's threshold, for contrast; size_matched = inside this community's real-part IQR",pixel,1988-2022 (35 water years),unzoned standard-grazing country,0.06235142839918241
U0282,Inland Floodplain Shrublands / Swamps,inland,1,0.0623514283991824,61.371635,,2.857143,0,0,0,0,0,,,,,,,,,,,,1,"1 by construction: a patch is defined as a single 8-connected component, unlike a real part which may be several","veg_p05_spatial_mean_over_years and veg_p05_temporal_mean are DIFFERENT METRICS and are never co-plotted, differenced or captioned with one word. Arm B uses the first, Arm A the second.",offset is against Arm A's zoned DISPLAY SMOOTHER on the temporal metric: not a residual and not a test. NA where the patch is outside the zoned water range.,"115-part: 52.697196 + 0.547274 x mean water; 64-paddock: 52.652934 + 0.547838 x mean water. Both APPLIED, neither refitted.","8-connected component within one vegetation community, outside every management zone","meets_support_rule = >=25 water years with >=30 valid cells; meets_500_cells = the PARTSCATTER floor used by Arm A; meets_bare_33_cells = v1's threshold, for contrast; size_matched = inside this community's real-part IQR",pixel,1988-2022 (35 water years),unzoned standard-grazing country,0.06235142839918241
U0283,Inland Floodplain Shrublands / Swamps,inland,1,0.0623514283991824,54.194847,,20.0,0,0,0,0,0,,,,,,,,,,,,1,"1 by construction: a patch is defined as a single 8-connected component, unlike a real part which may be several","veg_p05_spatial_mean_over_years and veg_p05_temporal_mean are DIFFERENT METRICS and are never co-plotted, differenced or captioned with one word. Arm B uses the first, Arm A the second.",offset is against Arm A's zoned DISPLAY SMOOTHER on the temporal metric: not a residual and not a test. NA where the patch is outside the zoned water range.,"115-part: 52.697196 + 0.547274 x mean water; 64-paddock: 52.652934 + 0.547838 x mean water. Both APPLIED, neither refitted.","8-connected component within one vegetation community, outside every management zone","meets_support_rule = >=25 water years with >=30 valid cells; meets_500_cells = the PARTSCATTER floor used by Arm A; meets_bare_33_cells = v1's threshold, for contrast; size_matched = inside this community's real-part IQR",pixel,1988-2022 (35 water years),unzoned standard-grazing country,0.06235142839918241
U0284,Inland Floodplain Shrublands / Swamps,inland,5,0.311757141995912,58.787697,1.2575985,21.142857,0,0,0,0,0,,,,,,,,,,,,1,"1 by construction: a patch is defined as a single 8-connected component, unlike a real part which may be several","veg_p05_spatial_mean_over_years and veg_p05_temporal_mean are DIFFERENT METRICS and are never co-plotted, differenced or captioned with one word. Arm B uses the first, Arm A the second.",offset is against Arm A's zoned DISPLAY SMOOTHER on the temporal metric: not a residual and not a test. NA where the patch is outside the zoned water range.,"115-part: 52.697196 + 0.547274 x mean water; 64-paddock: 52.652934 + 0.547838 x mean water. Both APPLIED, neither refitted.","8-connected component within one vegetation community, outside every management zone","meets_support_rule = >=25 water years with >=30 valid cells; meets_500_cells = the PARTSCATTER floor used by Arm A; meets_bare_33_cells = v1's threshold, for contrast; size_matched = inside this community's real-part IQR",pixel,1988-2022 (35 water years),unzoned standard-grazing country,0.06235142839918241
U0285,Inland Floodplain Shrublands / Swamps,inland,1,0.0623514283991824,62.013515,,42.857143,0,0,0,0,0,,,,,,,,,,,,1,"1 by construction: a patch is defined as a single 8-connected component, unlike a real part which may be several","veg_p05_spatial_mean_over_years and veg_p05_temporal_mean are DIFFERENT METRICS and are never co-plotted, differenced or captioned with one word. Arm B uses the first, Arm A the second.",offset is against Arm A's zoned DISPLAY SMOOTHER on the temporal metric: not a residual and not a test. NA where the patch is outside the zoned water range.,"115-part: 52.697196 + 0.547274 x mean water; 64-paddock: 52.652934 + 0.547838 x mean water. Both APPLIED, neither refitted.","8-connected component within one vegetation community, outside every management zone","meets_support_rule = >=25 water years with >=30 valid cells; meets_500_cells = the PARTSCATTER floor used by Arm A; meets_bare_33_cells = v1's threshold, for contrast; size_matched = inside this community's real-part IQR",pixel,1988-2022 (35 water years),unzoned standard-grazing country,0.06235142839918241
U0286,Inland Floodplain Shrublands / Swamps,inland,31,1.9328942803746547,52.10619,7.030731,21.658987,35,1,0,0,0,75.3591762815203,21.65898617511521,35.0,0.1073450220140246,0.3280384726977834,0.5361579360809254,1.0,,,10.808585923477935,10.84062661331754,1,"1 by construction: a patch is defined as a single 8-connected component, unlike a real part which may be several","veg_p05_spatial_mean_over_years and veg_p05_temporal_mean are DIFFERENT METRICS and are never co-plotted, differenced or captioned with one word. Arm B uses the first, Arm A the second.",offset is against Arm A's zoned DISPLAY SMOOTHER on the temporal metric: not a residual and not a test. NA where the patch is outside the zoned water range.,"115-part: 52.697196 + 0.547274 x mean water; 64-paddock: 52.652934 + 0.547838 x mean water. Both APPLIED, neither refitted.","8-connected component within one vegetation community, outside every management zone","meets_support_rule = >=25 water years with >=30 valid cells; meets_500_cells = the PARTSCATTER floor used by Arm A; meets_bare_33_cells = v1's threshold, for contrast; size_matched = inside this community's real-part IQR",pixel,1988-2022 (35 water years),unzoned standard-grazing country,0.06235142839918241
U0287,Inland Floodplain Shrublands / Swamps,inland,1,0.0623514283991824,69.4978,,28.571428,0,0,0,0,0,,,,,,,,,,,,1,"1 by construction: a patch is defined as a single 8-connected component, unlike a real part which may be several","veg_p05_spatial_mean_over_years and veg_p05_temporal_mean are DIFFERENT METRICS and are never co-plotted, differenced or captioned with one word. Arm B uses the first, Arm A the second.",offset is against Arm A's zoned DISPLAY SMOOTHER on the temporal metric: not a residual and not a test. NA where the patch is outside the zoned water range.,"115-part: 52.697196 + 0.547274 x mean water; 64-paddock: 52.652934 + 0.547838 x mean water. Both APPLIED, neither refitted.","8-connected component within one vegetation community, outside every management zone","meets_support_rule = >=25 water years with >=30 valid cells; meets_500_cells = the PARTSCATTER floor used by Arm A; meets_bare_33_cells = v1's threshold, for contrast; size_matched = inside this community's real-part IQR",pixel,1988-2022 (35 water years),unzoned standard-grazing country,0.06235142839918241
U0288,Inland Floodplain Shrublands / Swamps,inland,1,0.0623514283991824,57.41508,,5.714286,0,0,0,0,0,,,,,,,,,,,,1,"1 by construction: a patch is defined as a single 8-connected component, unlike a real part which may be several","veg_p05_spatial_mean_over_years and veg_p05_temporal_mean are DIFFERENT METRICS and are never co-plotted, differenced or captioned with one word. Arm B uses the first, Arm A the second.",offset is against Arm A's zoned DISPLAY SMOOTHER on the temporal metric: not a residual and not a test. NA where the patch is outside the zoned water range.,"115-part: 52.697196 + 0.547274 x mean water; 64-paddock: 52.652934 + 0.547838 x mean water. Both APPLIED, neither refitted.","8-connected component within one vegetation community, outside every management zone","meets_support_rule = >=25 water years with >=30 valid cells; meets_500_cells = the PARTSCATTER floor used by Arm A; meets_bare_33_cells = v1's threshold, for contrast; size_matched = inside this community's real-part IQR",pixel,1988-2022 (35 water years),unzoned standard-grazing country,0.06235142839918241
U0289,Inland Floodplain Shrublands / Swamps,inland,5,0.311757141995912,81.031685,0.67359936,54.85714,0,0,0,0,0,,,,,,,,,,,,1,"1 by construction: a patch is defined as a single 8-connected component, unlike a real part which may be several","veg_p05_spatial_mean_over_years and veg_p05_temporal_mean are DIFFERENT METRICS and are never co-plotted, differenced or captioned with one word. Arm B uses the first, Arm A the second.",offset is against Arm A's zoned DISPLAY SMOOTHER on the temporal metric: not a residual and not a test. NA where the patch is outside the zoned water range.,"115-part: 52.697196 + 0.547274 x mean water; 64-paddock: 52.652934 + 0.547838 x mean water. Both APPLIED, neither refitted.","8-connected component within one vegetation community, outside every management zone","meets_support_rule = >=25 water years with >=30 valid cells; meets_500_cells = the PARTSCATTER floor used by Arm A; meets_bare_33_cells = v1's threshold, for contrast; size_matched = inside this community's real-part IQR",pixel,1988-2022 (35 water years),unzoned standard-grazing country,0.06235142839918241
U0290,Inland Floodplain Shrublands / Swamps,inland,6,0.3741085703950945,76.72969,2.3058493,60.0,0,0,0,0,0,,,,,,,,,,,,1,"1 by construction: a patch is defined as a single 8-connected component, unlike a real part which may be several","veg_p05_spatial_mean_over_years and veg_p05_temporal_mean are DIFFERENT METRICS and are never co-plotted, differenced or captioned with one word. Arm B uses the first, Arm A the second.",offset is against Arm A's zoned DISPLAY SMOOTHER on the temporal metric: not a residual and not a test. NA where the patch is outside the zoned water range.,"115-part: 52.697196 + 0.547274 x mean water; 64-paddock: 52.652934 + 0.547838 x mean water. Both APPLIED, neither refitted.","8-connected component within one vegetation community, outside every management zone","meets_support_rule = >=25 water years with >=30 valid cells; meets_500_cells = the PARTSCATTER floor used by Arm A; meets_bare_33_cells = v1's threshold, for contrast; size_matched = inside this community's real-part IQR",pixel,1988-2022 (35 water years),unzoned standard-grazing country,0.06235142839918241
U0291,Inland Floodplain Shrublands / Swamps,inland,6,0.3741085703950945,71.79844,1.2320924,56.666668,0,0,0,0,0,,,,,,,,,,,,1,"1 by construction: a patch is defined as a single 8-connected component, unlike a real part which may be several","veg_p05_spatial_mean_over_years and veg_p05_temporal_mean are DIFFERENT METRICS and are never co-plotted, differenced or captioned with one word. Arm B uses the first, Arm A the second.",offset is against Arm A's zoned DISPLAY SMOOTHER on the temporal metric: not a residual and not a test. NA where the patch is outside the zoned water range.,"115-part: 52.697196 + 0.547274 x mean water; 64-paddock: 52.652934 + 0.547838 x mean water. Both APPLIED, neither refitted.","8-connected component within one vegetation community, outside every management zone","meets_support_rule = >=25 water years with >=30 valid cells; meets_500_cells = the PARTSCATTER floor used by Arm A; meets_bare_33_cells = v1's threshold, for contrast; size_matched = inside this community's real-part IQR",pixel,1988-2022 (35 water years),unzoned standard-grazing country,0.06235142839918241
U0292,Inland Floodplain Shrublands / Swamps,inland,6,0.3741085703950945,60.239033,2.7467945,48.571426,0,0,0,0,0,,,,,,,,,,,,1,"1 by construction: a patch is defined as a single 8-connected component, unlike a real part which may be several","veg_p05_spatial_mean_over_years and veg_p05_temporal_mean are DIFFERENT METRICS and are never co-plotted, differenced or captioned with one word. Arm B uses the first, Arm A the second.",offset is against Arm A's zoned DISPLAY SMOOTHER on the temporal metric: not a residual and not a test. NA where the patch is outside the zoned water range.,"115-part: 52.697196 + 0.547274 x mean water; 64-paddock: 52.652934 + 0.547838 x mean water. Both APPLIED, neither refitted.","8-connected component within one vegetation community, outside every management zone","meets_support_rule = >=25 water years with >=30 valid cells; meets_500_cells = the PARTSCATTER floor used by Arm A; meets_bare_33_cells = v1's threshold, for contrast; size_matched = inside this community's real-part IQR",pixel,1988-2022 (35 water years),unzoned standard-grazing country,0.06235142839918241
U0293,Inland Floodplain Shrublands / Swamps,inland,309,19.266591375347364,65.90783,8.467217,38.71475,35,1,1,0,0,75.49638787405831,38.71474803513639,35.0,0.1042705471841009,0.4387782008205092,0.357227879768032,1.0,,,1.6116270484713198,1.634043739985259,1,"1 by construction: a patch is defined as a single 8-connected component, unlike a real part which may be several","veg_p05_spatial_mean_over_years and veg_p05_temporal_mean are DIFFERENT METRICS and are never co-plotted, differenced or captioned with one word. Arm B uses the first, Arm A the second.",offset is against Arm A's zoned DISPLAY SMOOTHER on the temporal metric: not a residual and not a test. NA where the patch is outside the zoned water range.,"115-part: 52.697196 + 0.547274 x mean water; 64-paddock: 52.652934 + 0.547838 x mean water. Both APPLIED, neither refitted.","8-connected component within one vegetation community, outside every management zone","meets_support_rule = >=25 water years with >=30 valid cells; meets_500_cells = the PARTSCATTER floor used by Arm A; meets_bare_33_cells = v1's threshold, for contrast; size_matched = inside this community's real-part IQR",pixel,1988-2022 (35 water years),unzoned standard-grazing country,0.06235142839918241
U0294,Inland Floodplain Shrublands / Swamps,inland,1,0.0623514283991824,59.871914,,22.857143,0,0,0,0,0,,,,,,,,,,,,1,"1 by construction: a patch is defined as a single 8-connected component, unlike a real part which may be several","veg_p05_spatial_mean_over_years and veg_p05_temporal_mean are DIFFERENT METRICS and are never co-plotted, differenced or captioned with one word. Arm B uses the first, Arm A the second.",offset is against Arm A's zoned DISPLAY SMOOTHER on the temporal metric: not a residual and not a test. NA where the patch is outside the zoned water range.,"115-part: 52.697196 + 0.547274 x mean water; 64-paddock: 52.652934 + 0.547838 x mean water. Both APPLIED, neither refitted.","8-connected component within one vegetation community, outside every management zone","meets_support_rule = >=25 water years with >=30 valid cells; meets_500_cells = the PARTSCATTER floor used by Arm A; meets_bare_33_cells = v1's threshold, for contrast; size_matched = inside this community's real-part IQR",pixel,1988-2022 (35 water years),unzoned standard-grazing country,0.06235142839918241
U0295,Inland Floodplain Shrublands / Swamps,inland,1,0.0623514283991824,68.403336,,8.571428,0,0,0,0,0,,,,,,,,,,,,1,"1 by construction: a patch is defined as a single 8-connected component, unlike a real part which may be several","veg_p05_spatial_mean_over_years and veg_p05_temporal_mean are DIFFERENT METRICS and are never co-plotted, differenced or captioned with one word. Arm B uses the first, Arm A the second.",offset is against Arm A's zoned DISPLAY SMOOTHER on the temporal metric: not a residual and not a test. NA where the patch is outside the zoned water range.,"115-part: 52.697196 + 0.547274 x mean water; 64-paddock: 52.652934 + 0.547838 x mean water. Both APPLIED, neither refitted.","8-connected component within one vegetation community, outside every management zone","meets_support_rule = >=25 water years with >=30 valid cells; meets_500_cells = the PARTSCATTER floor used by Arm A; meets_bare_33_cells = v1's threshold, for contrast; size_matched = inside this community's real-part IQR",pixel,1988-2022 (35 water years),unzoned standard-grazing country,0.06235142839918241
U0296,Inland Floodplain Shrublands / Swamps,inland,1,0.0623514283991824,73.22377,,51.42857,0,0,0,0,0,,,,,,,,,,,,1,"1 by construction: a patch is defined as a single 8-connected component, unlike a real part which may be several","veg_p05_spatial_mean_over_years and veg_p05_temporal_mean are DIFFERENT METRICS and are never co-plotted, differenced or captioned with one word. Arm B uses the first, Arm A the second.",offset is against Arm A's zoned DISPLAY SMOOTHER on the temporal metric: not a residual and not a test. NA where the patch is outside the zoned water range.,"115-part: 52.697196 + 0.547274 x mean water; 64-paddock: 52.652934 + 0.547838 x mean water. Both APPLIED, neither refitted.","8-connected component within one vegetation community, outside every management zone","meets_support_rule = >=25 water years with >=30 valid cells; meets_500_cells = the PARTSCATTER floor used by Arm A; meets_bare_33_cells = v1's threshold, for contrast; size_matched = inside this community's real-part IQR",pixel,1988-2022 (35 water years),unzoned standard-grazing country,0.06235142839918241
U0297,Inland Floodplain Shrublands / Swamps,inland,1,0.0623514283991824,68.53771,,42.857143,0,0,0,0,0,,,,,,,,,,,,1,"1 by construction: a patch is defined as a single 8-connected component, unlike a real part which may be several","veg_p05_spatial_mean_over_years and veg_p05_temporal_mean are DIFFERENT METRICS and are never co-plotted, differenced or captioned with one word. Arm B uses the first, Arm A the second.",offset is against Arm A's zoned DISPLAY SMOOTHER on the temporal metric: not a residual and not a test. NA where the patch is outside the zoned water range.,"115-part: 52.697196 + 0.547274 x mean water; 64-paddock: 52.652934 + 0.547838 x mean water. Both APPLIED, neither refitted.","8-connected component within one vegetation community, outside every management zone","meets_support_rule = >=25 water years with >=30 valid cells; meets_500_cells = the PARTSCATTER floor used by Arm A; meets_bare_33_cells = v1's threshold, for contrast; size_matched = inside this community's real-part IQR",pixel,1988-2022 (35 water years),unzoned standard-grazing country,0.06235142839918241
U0298,Inland Floodplain Shrublands / Swamps,inland,1,0.0623514283991824,73.835625,,57.142857,0,0,0,0,0,,,,,,,,,,,,1,"1 by construction: a patch is defined as a single 8-connected component, unlike a real part which may be several","veg_p05_spatial_mean_over_years and veg_p05_temporal_mean are DIFFERENT METRICS and are never co-plotted, differenced or captioned with one word. Arm B uses the first, Arm A the second.",offset is against Arm A's zoned DISPLAY SMOOTHER on the temporal metric: not a residual and not a test. NA where the patch is outside the zoned water range.,"115-part: 52.697196 + 0.547274 x mean water; 64-paddock: 52.652934 + 0.547838 x mean water. Both APPLIED, neither refitted.","8-connected component within one vegetation community, outside every management zone","meets_support_rule = >=25 water years with >=30 valid cells; meets_500_cells = the PARTSCATTER floor used by Arm A; meets_bare_33_cells = v1's threshold, for contrast; size_matched = inside this community's real-part IQR",pixel,1988-2022 (35 water years),unzoned standard-grazing country,0.06235142839918241
U0299,Inland Floodplain Shrublands / Swamps,inland,1,0.0623514283991824,73.664825,,48.57143,0,0,0,0,0,,,,,,,,,,,,1,"1 by construction: a patch is defined as a single 8-connected component, unlike a real part which may be several","veg_p05_spatial_mean_over_years and veg_p05_temporal_mean are DIFFERENT METRICS and are never co-plotted, differenced or captioned with one word. Arm B uses the first, Arm A the second.",offset is against Arm A's zoned DISPLAY SMOOTHER on the temporal metric: not a residual and not a test. NA where the patch is outside the zoned water range.,"115-part: 52.697196 + 0.547274 x mean water; 64-paddock: 52.652934 + 0.547838 x mean water. Both APPLIED, neither refitted.","8-connected component within one vegetation community, outside every management zone","meets_support_rule = >=25 water years with >=30 valid cells; meets_500_cells = the PARTSCATTER floor used by Arm A; meets_bare_33_cells = v1's threshold, for contrast; size_matched = inside this community's real-part IQR",pixel,1988-2022 (35 water years),unzoned standard-grazing country,0.06235142839918241
U0300,Inland Floodplain Shrublands / Swamps,inland,1,0.0623514283991824,68.33686,,51.42857,0,0,0,0,0,,,,,,,,,,,,1,"1 by construction: a patch is defined as a single 8-connected component, unlike a real part which may be several","veg_p05_spatial_mean_over_years and veg_p05_temporal_mean are DIFFERENT METRICS and are never co-plotted, differenced or captioned with one word. Arm B uses the first, Arm A the second.",offset is against Arm A's zoned DISPLAY SMOOTHER on the temporal metric: not a residual and not a test. NA where the patch is outside the zoned water range.,"115-part: 52.697196 + 0.547274 x mean water; 64-paddock: 52.652934 + 0.547838 x mean water. Both APPLIED, neither refitted.","8-connected component within one vegetation community, outside every management zone","meets_support_rule = >=25 water years with >=30 valid cells; meets_500_cells = the PARTSCATTER floor used by Arm A; meets_bare_33_cells = v1's threshold, for contrast; size_matched = inside this community's real-part IQR",pixel,1988-2022 (35 water years),unzoned standard-grazing country,0.06235142839918241
U0301,Inland Floodplain Shrublands / Swamps,inland,1,0.0623514283991824,76.23911,,48.57143,0,0,0,0,0,,,,,,,,,,,,1,"1 by construction: a patch is defined as a single 8-connected component, unlike a real part which may be several","veg_p05_spatial_mean_over_years and veg_p05_temporal_mean are DIFFERENT METRICS and are never co-plotted, differenced or captioned with one word. Arm B uses the first, Arm A the second.",offset is against Arm A's zoned DISPLAY SMOOTHER on the temporal metric: not a residual and not a test. NA where the patch is outside the zoned water range.,"115-part: 52.697196 + 0.547274 x mean water; 64-paddock: 52.652934 + 0.547838 x mean water. Both APPLIED, neither refitted.","8-connected component within one vegetation community, outside every management zone","meets_support_rule = >=25 water years with >=30 valid cells; meets_500_cells = the PARTSCATTER floor used by Arm A; meets_bare_33_cells = v1's threshold, for contrast; size_matched = inside this community's real-part IQR",pixel,1988-2022 (35 water years),unzoned standard-grazing country,0.06235142839918241
U0302,Inland Floodplain Shrublands / Swamps,inland,1,0.0623514283991824,70.46525,,45.714287,0,0,0,0,0,,,,,,,,,,,,1,"1 by construction: a patch is defined as a single 8-connected component, unlike a real part which may be several","veg_p05_spatial_mean_over_years and veg_p05_temporal_mean are DIFFERENT METRICS and are never co-plotted, differenced or captioned with one word. Arm B uses the first, Arm A the second.",offset is against Arm A's zoned DISPLAY SMOOTHER on the temporal metric: not a residual and not a test. NA where the patch is outside the zoned water range.,"115-part: 52.697196 + 0.547274 x mean water; 64-paddock: 52.652934 + 0.547838 x mean water. Both APPLIED, neither refitted.","8-connected component within one vegetation community, outside every management zone","meets_support_rule = >=25 water years with >=30 valid cells; meets_500_cells = the PARTSCATTER floor used by Arm A; meets_bare_33_cells = v1's threshold, for contrast; size_matched = inside this community's real-part IQR",pixel,1988-2022 (35 water years),unzoned standard-grazing country,0.06235142839918241
U0303,Inland Floodplain Shrublands / Swamps,inland,1,0.0623514283991824,77.884605,,57.142857,0,0,0,0,0,,,,,,,,,,,,1,"1 by construction: a patch is defined as a single 8-connected component, unlike a real part which may be several","veg_p05_spatial_mean_over_years and veg_p05_temporal_mean are DIFFERENT METRICS and are never co-plotted, differenced or captioned with one word. Arm B uses the first, Arm A the second.",offset is against Arm A's zoned DISPLAY SMOOTHER on the temporal metric: not a residual and not a test. NA where the patch is outside the zoned water range.,"115-part: 52.697196 + 0.547274 x mean water; 64-paddock: 52.652934 + 0.547838 x mean water. Both APPLIED, neither refitted.","8-connected component within one vegetation community, outside every management zone","meets_support_rule = >=25 water years with >=30 valid cells; meets_500_cells = the PARTSCATTER floor used by Arm A; meets_bare_33_cells = v1's threshold, for contrast; size_matched = inside this community's real-part IQR",pixel,1988-2022 (35 water years),unzoned standard-grazing country,0.06235142839918241
U0304,Inland Floodplain Shrublands / Swamps,inland,1,0.0623514283991824,68.32351,,42.857143,0,0,0,0,0,,,,,,,,,,,,1,"1 by construction: a patch is defined as a single 8-connected component, unlike a real part which may be several","veg_p05_spatial_mean_over_years and veg_p05_temporal_mean are DIFFERENT METRICS and are never co-plotted, differenced or captioned with one word. Arm B uses the first, Arm A the second.",offset is against Arm A's zoned DISPLAY SMOOTHER on the temporal metric: not a residual and not a test. NA where the patch is outside the zoned water range.,"115-part: 52.697196 + 0.547274 x mean water; 64-paddock: 52.652934 + 0.547838 x mean water. Both APPLIED, neither refitted.","8-connected component within one vegetation community, outside every management zone","meets_support_rule = >=25 water years with >=30 valid cells; meets_500_cells = the PARTSCATTER floor used by Arm A; meets_bare_33_cells = v1's threshold, for contrast; size_matched = inside this community's real-part IQR",pixel,1988-2022 (35 water years),unzoned standard-grazing country,0.06235142839918241
U0305,Inland Floodplain Shrublands / Swamps,inland,1,0.0623514283991824,61.192745,,20.0,0,0,0,0,0,,,,,,,,,,,,1,"1 by construction: a patch is defined as a single 8-connected component, unlike a real part which may be several","veg_p05_spatial_mean_over_years and veg_p05_temporal_mean are DIFFERENT METRICS and are never co-plotted, differenced or captioned with one word. Arm B uses the first, Arm A the second.",offset is against Arm A's zoned DISPLAY SMOOTHER on the temporal metric: not a residual and not a test. NA where the patch is outside the zoned water range.,"115-part: 52.697196 + 0.547274 x mean water; 64-paddock: 52.652934 + 0.547838 x mean water. Both APPLIED, neither refitted.","8-connected component within one vegetation community, outside every management zone","meets_support_rule = >=25 water years with >=30 valid cells; meets_500_cells = the PARTSCATTER floor used by Arm A; meets_bare_33_cells = v1's threshold, for contrast; size_matched = inside this community's real-part IQR",pixel,1988-2022 (35 water years),unzoned standard-grazing country,0.06235142839918241
U0306,Inland Floodplain Shrublands / Swamps,inland,1,0.0623514283991824,69.47708,,31.428572,0,0,0,0,0,,,,,,,,,,,,1,"1 by construction: a patch is defined as a single 8-connected component, unlike a real part which may be several","veg_p05_spatial_mean_over_years and veg_p05_temporal_mean are DIFFERENT METRICS and are never co-plotted, differenced or captioned with one word. Arm B uses the first, Arm A the second.",offset is against Arm A's zoned DISPLAY SMOOTHER on the temporal metric: not a residual and not a test. NA where the patch is outside the zoned water range.,"115-part: 52.697196 + 0.547274 x mean water; 64-paddock: 52.652934 + 0.547838 x mean water. Both APPLIED, neither refitted.","8-connected component within one vegetation community, outside every management zone","meets_support_rule = >=25 water years with >=30 valid cells; meets_500_cells = the PARTSCATTER floor used by Arm A; meets_bare_33_cells = v1's threshold, for contrast; size_matched = inside this community's real-part IQR",pixel,1988-2022 (35 water years),unzoned standard-grazing country,0.06235142839918241
U0307,Inland Floodplain Shrublands / Swamps,inland,1,0.0623514283991824,81.80237,,54.285713,0,0,0,0,0,,,,,,,,,,,,1,"1 by construction: a patch is defined as a single 8-connected component, unlike a real part which may be several","veg_p05_spatial_mean_over_years and veg_p05_temporal_mean are DIFFERENT METRICS and are never co-plotted, differenced or captioned with one word. Arm B uses the first, Arm A the second.",offset is against Arm A's zoned DISPLAY SMOOTHER on the temporal metric: not a residual and not a test. NA where the patch is outside the zoned water range.,"115-part: 52.697196 + 0.547274 x mean water; 64-paddock: 52.652934 + 0.547838 x mean water. Both APPLIED, neither refitted.","8-connected component within one vegetation community, outside every management zone","meets_support_rule = >=25 water years with >=30 valid cells; meets_500_cells = the PARTSCATTER floor used by Arm A; meets_bare_33_cells = v1's threshold, for contrast; size_matched = inside this community's real-part IQR",pixel,1988-2022 (35 water years),unzoned standard-grazing country,0.06235142839918241
U0308,Inland Floodplain Shrublands / Swamps,inland,1,0.0623514283991824,74.958954,,62.857143,0,0,0,0,0,,,,,,,,,,,,1,"1 by construction: a patch is defined as a single 8-connected component, unlike a real part which may be several","veg_p05_spatial_mean_over_years and veg_p05_temporal_mean are DIFFERENT METRICS and are never co-plotted, differenced or captioned with one word. Arm B uses the first, Arm A the second.",offset is against Arm A's zoned DISPLAY SMOOTHER on the temporal metric: not a residual and not a test. NA where the patch is outside the zoned water range.,"115-part: 52.697196 + 0.547274 x mean water; 64-paddock: 52.652934 + 0.547838 x mean water. Both APPLIED, neither refitted.","8-connected component within one vegetation community, outside every management zone","meets_support_rule = >=25 water years with >=30 valid cells; meets_500_cells = the PARTSCATTER floor used by Arm A; meets_bare_33_cells = v1's threshold, for contrast; size_matched = inside this community's real-part IQR",pixel,1988-2022 (35 water years),unzoned standard-grazing country,0.06235142839918241
U0309,Inland Floodplain Shrublands / Swamps,inland,1,0.0623514283991824,80.89026,,48.57143,0,0,0,0,0,,,,,,,,,,,,1,"1 by construction: a patch is defined as a single 8-connected component, unlike a real part which may be several","veg_p05_spatial_mean_over_years and veg_p05_temporal_mean are DIFFERENT METRICS and are never co-plotted, differenced or captioned with one word. Arm B uses the first, Arm A the second.",offset is against Arm A's zoned DISPLAY SMOOTHER on the temporal metric: not a residual and not a test. NA where the patch is outside the zoned water range.,"115-part: 52.697196 + 0.547274 x mean water; 64-paddock: 52.652934 + 0.547838 x mean water. Both APPLIED, neither refitted.","8-connected component within one vegetation community, outside every management zone","meets_support_rule = >=25 water years with >=30 valid cells; meets_500_cells = the PARTSCATTER floor used by Arm A; meets_bare_33_cells = v1's threshold, for contrast; size_matched = inside this community's real-part IQR",pixel,1988-2022 (35 water years),unzoned standard-grazing country,0.06235142839918241
U0310,Inland Floodplain Shrublands / Swamps,inland,1,0.0623514283991824,80.737885,,45.714287,0,0,0,0,0,,,,,,,,,,,,1,"1 by construction: a patch is defined as a single 8-connected component, unlike a real part which may be several","veg_p05_spatial_mean_over_years and veg_p05_temporal_mean are DIFFERENT METRICS and are never co-plotted, differenced or captioned with one word. Arm B uses the first, Arm A the second.",offset is against Arm A's zoned DISPLAY SMOOTHER on the temporal metric: not a residual and not a test. NA where the patch is outside the zoned water range.,"115-part: 52.697196 + 0.547274 x mean water; 64-paddock: 52.652934 + 0.547838 x mean water. Both APPLIED, neither refitted.","8-connected component within one vegetation community, outside every management zone","meets_support_rule = >=25 water years with >=30 valid cells; meets_500_cells = the PARTSCATTER floor used by Arm A; meets_bare_33_cells = v1's threshold, for contrast; size_matched = inside this community's real-part IQR",pixel,1988-2022 (35 water years),unzoned standard-grazing country,0.06235142839918241
U0311,Inland Floodplain Shrublands / Swamps,inland,1,0.0623514283991824,80.27394,,57.142857,0,0,0,0,0,,,,,,,,,,,,1,"1 by construction: a patch is defined as a single 8-connected component, unlike a real part which may be several","veg_p05_spatial_mean_over_years and veg_p05_temporal_mean are DIFFERENT METRICS and are never co-plotted, differenced or captioned with one word. Arm B uses the first, Arm A the second.",offset is against Arm A's zoned DISPLAY SMOOTHER on the temporal metric: not a residual and not a test. NA where the patch is outside the zoned water range.,"115-part: 52.697196 + 0.547274 x mean water; 64-paddock: 52.652934 + 0.547838 x mean water. Both APPLIED, neither refitted.","8-connected component within one vegetation community, outside every management zone","meets_support_rule = >=25 water years with >=30 valid cells; meets_500_cells = the PARTSCATTER floor used by Arm A; meets_bare_33_cells = v1's threshold, for contrast; size_matched = inside this community's real-part IQR",pixel,1988-2022 (35 water years),unzoned standard-grazing country,0.06235142839918241
U0312,Inland Floodplain Shrublands / Swamps,inland,1,0.0623514283991824,68.63339,,51.42857,0,0,0,0,0,,,,,,,,,,,,1,"1 by construction: a patch is defined as a single 8-connected component, unlike a real part which may be several","veg_p05_spatial_mean_over_years and veg_p05_temporal_mean are DIFFERENT METRICS and are never co-plotted, differenced or captioned with one word. Arm B uses the first, Arm A the second.",offset is against Arm A's zoned DISPLAY SMOOTHER on the temporal metric: not a residual and not a test. NA where the patch is outside the zoned water range.,"115-part: 52.697196 + 0.547274 x mean water; 64-paddock: 52.652934 + 0.547838 x mean water. Both APPLIED, neither refitted.","8-connected component within one vegetation community, outside every management zone","meets_support_rule = >=25 water years with >=30 valid cells; meets_500_cells = the PARTSCATTER floor used by Arm A; meets_bare_33_cells = v1's threshold, for contrast; size_matched = inside this community's real-part IQR",pixel,1988-2022 (35 water years),unzoned standard-grazing country,0.06235142839918241
U0313,Inland Floodplain Shrublands / Swamps,inland,1,0.0623514283991824,79.4138,,45.714287,0,0,0,0,0,,,,,,,,,,,,1,"1 by construction: a patch is defined as a single 8-connected component, unlike a real part which may be several","veg_p05_spatial_mean_over_years and veg_p05_temporal_mean are DIFFERENT METRICS and are never co-plotted, differenced or captioned with one word. Arm B uses the first, Arm A the second.",offset is against Arm A's zoned DISPLAY SMOOTHER on the temporal metric: not a residual and not a test. NA where the patch is outside the zoned water range.,"115-part: 52.697196 + 0.547274 x mean water; 64-paddock: 52.652934 + 0.547838 x mean water. Both APPLIED, neither refitted.","8-connected component within one vegetation community, outside every management zone","meets_support_rule = >=25 water years with >=30 valid cells; meets_500_cells = the PARTSCATTER floor used by Arm A; meets_bare_33_cells = v1's threshold, for contrast; size_matched = inside this community's real-part IQR",pixel,1988-2022 (35 water years),unzoned standard-grazing country,0.06235142839918241
U0314,Inland Floodplain Shrublands / Swamps,inland,1,0.0623514283991824,75.11649,,34.285713,0,0,0,0,0,,,,,,,,,,,,1,"1 by construction: a patch is defined as a single 8-connected component, unlike a real part which may be several","veg_p05_spatial_mean_over_years and veg_p05_temporal_mean are DIFFERENT METRICS and are never co-plotted, differenced or captioned with one word. Arm B uses the first, Arm A the second.",offset is against Arm A's zoned DISPLAY SMOOTHER on the temporal metric: not a residual and not a test. NA where the patch is outside the zoned water range.,"115-part: 52.697196 + 0.547274 x mean water; 64-paddock: 52.652934 + 0.547838 x mean water. Both APPLIED, neither refitted.","8-connected component within one vegetation community, outside every management zone","meets_support_rule = >=25 water years with >=30 valid cells; meets_500_cells = the PARTSCATTER floor used by Arm A; meets_bare_33_cells = v1's threshold, for contrast; size_matched = inside this community's real-part IQR",pixel,1988-2022 (35 water years),unzoned standard-grazing country,0.06235142839918241
U0315,Inland Floodplain Shrublands / Swamps,inland,1,0.0623514283991824,78.7731,,71.42857,0,0,0,0,0,,,,,,,,,,,,1,"1 by construction: a patch is defined as a single 8-connected component, unlike a real part which may be several","veg_p05_spatial_mean_over_years and veg_p05_temporal_mean are DIFFERENT METRICS and are never co-plotted, differenced or captioned with one word. Arm B uses the first, Arm A the second.",offset is against Arm A's zoned DISPLAY SMOOTHER on the temporal metric: not a residual and not a test. NA where the patch is outside the zoned water range.,"115-part: 52.697196 + 0.547274 x mean water; 64-paddock: 52.652934 + 0.547838 x mean water. Both APPLIED, neither refitted.","8-connected component within one vegetation community, outside every management zone","meets_support_rule = >=25 water years with >=30 valid cells; meets_500_cells = the PARTSCATTER floor used by Arm A; meets_bare_33_cells = v1's threshold, for contrast; size_matched = inside this community's real-part IQR",pixel,1988-2022 (35 water years),unzoned standard-grazing country,0.06235142839918241
U0316,Inland Floodplain Shrublands / Swamps,inland,1,0.0623514283991824,80.72122,,31.428572,0,0,0,0,0,,,,,,,,,,,,1,"1 by construction: a patch is defined as a single 8-connected component, unlike a real part which may be several","veg_p05_spatial_mean_over_years and veg_p05_temporal_mean are DIFFERENT METRICS and are never co-plotted, differenced or captioned with one word. Arm B uses the first, Arm A the second.",offset is against Arm A's zoned DISPLAY SMOOTHER on the temporal metric: not a residual and not a test. NA where the patch is outside the zoned water range.,"115-part: 52.697196 + 0.547274 x mean water; 64-paddock: 52.652934 + 0.547838 x mean water. Both APPLIED, neither refitted.","8-connected component within one vegetation community, outside every management zone","meets_support_rule = >=25 water years with >=30 valid cells; meets_500_cells = the PARTSCATTER floor used by Arm A; meets_bare_33_cells = v1's threshold, for contrast; size_matched = inside this community's real-part IQR",pixel,1988-2022 (35 water years),unzoned standard-grazing country,0.06235142839918241
U0317,Inland Floodplain Shrublands / Swamps,inland,1,0.0623514283991824,65.411545,,40.0,0,0,0,0,0,,,,,,,,,,,,1,"1 by construction: a patch is defined as a single 8-connected component, unlike a real part which may be several","veg_p05_spatial_mean_over_years and veg_p05_temporal_mean are DIFFERENT METRICS and are never co-plotted, differenced or captioned with one word. Arm B uses the first, Arm A the second.",offset is against Arm A's zoned DISPLAY SMOOTHER on the temporal metric: not a residual and not a test. NA where the patch is outside the zoned water range.,"115-part: 52.697196 + 0.547274 x mean water; 64-paddock: 52.652934 + 0.547838 x mean water. Both APPLIED, neither refitted.","8-connected component within one vegetation community, outside every management zone","meets_support_rule = >=25 water years with >=30 valid cells; meets_500_cells = the PARTSCATTER floor used by Arm A; meets_bare_33_cells = v1's threshold, for contrast; size_matched = inside this community's real-part IQR",pixel,1988-2022 (35 water years),unzoned standard-grazing country,0.06235142839918241
U0318,Inland Floodplain Shrublands / Swamps,inland,1,0.0623514283991824,66.206696,,34.285713,0,0,0,0,0,,,,,,,,,,,,1,"1 by construction: a patch is defined as a single 8-connected component, unlike a real part which may be several","veg_p05_spatial_mean_over_years and veg_p05_temporal_mean are DIFFERENT METRICS and are never co-plotted, differenced or captioned with one word. Arm B uses the first, Arm A the second.",offset is against Arm A's zoned DISPLAY SMOOTHER on the temporal metric: not a residual and not a test. NA where the patch is outside the zoned water range.,"115-part: 52.697196 + 0.547274 x mean water; 64-paddock: 52.652934 + 0.547838 x mean water. Both APPLIED, neither refitted.","8-connected component within one vegetation community, outside every management zone","meets_support_rule = >=25 water years with >=30 valid cells; meets_500_cells = the PARTSCATTER floor used by Arm A; meets_bare_33_cells = v1's threshold, for contrast; size_matched = inside this community's real-part IQR",pixel,1988-2022 (35 water years),unzoned standard-grazing country,0.06235142839918241
U0319,Inland Floodplain Shrublands / Swamps,inland,1,0.0623514283991824,81.44863,,48.57143,0,0,0,0,0,,,,,,,,,,,,1,"1 by construction: a patch is defined as a single 8-connected component, unlike a real part which may be several","veg_p05_spatial_mean_over_years and veg_p05_temporal_mean are DIFFERENT METRICS and are never co-plotted, differenced or captioned with one word. Arm B uses the first, Arm A the second.",offset is against Arm A's zoned DISPLAY SMOOTHER on the temporal metric: not a residual and not a test. NA where the patch is outside the zoned water range.,"115-part: 52.697196 + 0.547274 x mean water; 64-paddock: 52.652934 + 0.547838 x mean water. Both APPLIED, neither refitted.","8-connected component within one vegetation community, outside every management zone","meets_support_rule = >=25 water years with >=30 valid cells; meets_500_cells = the PARTSCATTER floor used by Arm A; meets_bare_33_cells = v1's threshold, for contrast; size_matched = inside this community's real-part IQR",pixel,1988-2022 (35 water years),unzoned standard-grazing country,0.06235142839918241
U0320,Inland Floodplain Shrublands / Swamps,inland,1,0.0623514283991824,67.95066,,42.857143,0,0,0,0,0,,,,,,,,,,,,1,"1 by construction: a patch is defined as a single 8-connected component, unlike a real part which may be several","veg_p05_spatial_mean_over_years and veg_p05_temporal_mean are DIFFERENT METRICS and are never co-plotted, differenced or captioned with one word. Arm B uses the first, Arm A the second.",offset is against Arm A's zoned DISPLAY SMOOTHER on the temporal metric: not a residual and not a test. NA where the patch is outside the zoned water range.,"115-part: 52.697196 + 0.547274 x mean water; 64-paddock: 52.652934 + 0.547838 x mean water. Both APPLIED, neither refitted.","8-connected component within one vegetation community, outside every management zone","meets_support_rule = >=25 water years with >=30 valid cells; meets_500_cells = the PARTSCATTER floor used by Arm A; meets_bare_33_cells = v1's threshold, for contrast; size_matched = inside this community's real-part IQR",pixel,1988-2022 (35 water years),unzoned standard-grazing country,0.06235142839918241
U0321,Inland Floodplain Shrublands / Swamps,inland,1,0.0623514283991824,67.2417,,40.0,0,0,0,0,0,,,,,,,,,,,,1,"1 by construction: a patch is defined as a single 8-connected component, unlike a real part which may be several","veg_p05_spatial_mean_over_years and veg_p05_temporal_mean are DIFFERENT METRICS and are never co-plotted, differenced or captioned with one word. Arm B uses the first, Arm A the second.",offset is against Arm A's zoned DISPLAY SMOOTHER on the temporal metric: not a residual and not a test. NA where the patch is outside the zoned water range.,"115-part: 52.697196 + 0.547274 x mean water; 64-paddock: 52.652934 + 0.547838 x mean water. Both APPLIED, neither refitted.","8-connected component within one vegetation community, outside every management zone","meets_support_rule = >=25 water years with >=30 valid cells; meets_500_cells = the PARTSCATTER floor used by Arm A; meets_bare_33_cells = v1's threshold, for contrast; size_matched = inside this community's real-part IQR",pixel,1988-2022 (35 water years),unzoned standard-grazing country,0.06235142839918241
U0322,Inland Floodplain Shrublands / Swamps,inland,1,0.0623514283991824,80.0749,,48.57143,0,0,0,0,0,,,,,,,,,,,,1,"1 by construction: a patch is defined as a single 8-connected component, unlike a real part which may be several","veg_p05_spatial_mean_over_years and veg_p05_temporal_mean are DIFFERENT METRICS and are never co-plotted, differenced or captioned with one word. Arm B uses the first, Arm A the second.",offset is against Arm A's zoned DISPLAY SMOOTHER on the temporal metric: not a residual and not a test. NA where the patch is outside the zoned water range.,"115-part: 52.697196 + 0.547274 x mean water; 64-paddock: 52.652934 + 0.547838 x mean water. Both APPLIED, neither refitted.","8-connected component within one vegetation community, outside every management zone","meets_support_rule = >=25 water years with >=30 valid cells; meets_500_cells = the PARTSCATTER floor used by Arm A; meets_bare_33_cells = v1's threshold, for contrast; size_matched = inside this community's real-part IQR",pixel,1988-2022 (35 water years),unzoned standard-grazing country,0.06235142839918241
U0323,Inland Floodplain Shrublands / Swamps,inland,1,0.0623514283991824,68.55889,,37.142857,0,0,0,0,0,,,,,,,,,,,,1,"1 by construction: a patch is defined as a single 8-connected component, unlike a real part which may be several","veg_p05_spatial_mean_over_years and veg_p05_temporal_mean are DIFFERENT METRICS and are never co-plotted, differenced or captioned with one word. Arm B uses the first, Arm A the second.",offset is against Arm A's zoned DISPLAY SMOOTHER on the temporal metric: not a residual and not a test. NA where the patch is outside the zoned water range.,"115-part: 52.697196 + 0.547274 x mean water; 64-paddock: 52.652934 + 0.547838 x mean water. Both APPLIED, neither refitted.","8-connected component within one vegetation community, outside every management zone","meets_support_rule = >=25 water years with >=30 valid cells; meets_500_cells = the PARTSCATTER floor used by Arm A; meets_bare_33_cells = v1's threshold, for contrast; size_matched = inside this community's real-part IQR",pixel,1988-2022 (35 water years),unzoned standard-grazing country,0.06235142839918241
U0324,Inland Floodplain Shrublands / Swamps,inland,1,0.0623514283991824,82.42762,,51.42857,0,0,0,0,0,,,,,,,,,,,,1,"1 by construction: a patch is defined as a single 8-connected component, unlike a real part which may be several","veg_p05_spatial_mean_over_years and veg_p05_temporal_mean are DIFFERENT METRICS and are never co-plotted, differenced or captioned with one word. Arm B uses the first, Arm A the second.",offset is against Arm A's zoned DISPLAY SMOOTHER on the temporal metric: not a residual and not a test. NA where the patch is outside the zoned water range.,"115-part: 52.697196 + 0.547274 x mean water; 64-paddock: 52.652934 + 0.547838 x mean water. Both APPLIED, neither refitted.","8-connected component within one vegetation community, outside every management zone","meets_support_rule = >=25 water years with >=30 valid cells; meets_500_cells = the PARTSCATTER floor used by Arm A; meets_bare_33_cells = v1's threshold, for contrast; size_matched = inside this community's real-part IQR",pixel,1988-2022 (35 water years),unzoned standard-grazing country,0.06235142839918241
U0325,Inland Floodplain Shrublands / Swamps,inland,1,0.0623514283991824,73.37811,,22.857143,0,0,0,0,0,,,,,,,,,,,,1,"1 by construction: a patch is defined as a single 8-connected component, unlike a real part which may be several","veg_p05_spatial_mean_over_years and veg_p05_temporal_mean are DIFFERENT METRICS and are never co-plotted, differenced or captioned with one word. Arm B uses the first, Arm A the second.",offset is against Arm A's zoned DISPLAY SMOOTHER on the temporal metric: not a residual and not a test. NA where the patch is outside the zoned water range.,"115-part: 52.697196 + 0.547274 x mean water; 64-paddock: 52.652934 + 0.547838 x mean water. Both APPLIED, neither refitted.","8-connected component within one vegetation community, outside every management zone","meets_support_rule = >=25 water years with >=30 valid cells; meets_500_cells = the PARTSCATTER floor used by Arm A; meets_bare_33_cells = v1's threshold, for contrast; size_matched = inside this community's real-part IQR",pixel,1988-2022 (35 water years),unzoned standard-grazing country,0.06235142839918241
U0326,Inland Floodplain Shrublands / Swamps,inland,293,18.26896852096045,66.37219,1.6215857,28.298391,35,1,1,0,0,81.98028762817383,28.298391028766456,35.0,0.0928386078695379,0.5142064167475517,0.3506683965580435,1.0,,,13.796125388931017,13.82441968375646,1,"1 by construction: a patch is defined as a single 8-connected component, unlike a real part which may be several","veg_p05_spatial_mean_over_years and veg_p05_temporal_mean are DIFFERENT METRICS and are never co-plotted, differenced or captioned with one word. Arm B uses the first, Arm A the second.",offset is against Arm A's zoned DISPLAY SMOOTHER on the temporal metric: not a residual and not a test. NA where the patch is outside the zoned water range.,"115-part: 52.697196 + 0.547274 x mean water; 64-paddock: 52.652934 + 0.547838 x mean water. Both APPLIED, neither refitted.","8-connected component within one vegetation community, outside every management zone","meets_support_rule = >=25 water years with >=30 valid cells; meets_500_cells = the PARTSCATTER floor used by Arm A; meets_bare_33_cells = v1's threshold, for contrast; size_matched = inside this community's real-part IQR",pixel,1988-2022 (35 water years),unzoned standard-grazing country,0.06235142839918241
U0327,Inland Floodplain Shrublands / Swamps,inland,1,0.0623514283991824,53.173054,,28.571428,0,0,0,0,0,,,,,,,,,,,,1,"1 by construction: a patch is defined as a single 8-connected component, unlike a real part which may be several","veg_p05_spatial_mean_over_years and veg_p05_temporal_mean are DIFFERENT METRICS and are never co-plotted, differenced or captioned with one word. Arm B uses the first, Arm A the second.",offset is against Arm A's zoned DISPLAY SMOOTHER on the temporal metric: not a residual and not a test. NA where the patch is outside the zoned water range.,"115-part: 52.697196 + 0.547274 x mean water; 64-paddock: 52.652934 + 0.547838 x mean water. Both APPLIED, neither refitted.","8-connected component within one vegetation community, outside every management zone","meets_support_rule = >=25 water years with >=30 valid cells; meets_500_cells = the PARTSCATTER floor used by Arm A; meets_bare_33_cells = v1's threshold, for contrast; size_matched = inside this community's real-part IQR",pixel,1988-2022 (35 water years),unzoned standard-grazing country,0.06235142839918241
U0328,Inland Floodplain Shrublands / Swamps,inland,1,0.0623514283991824,65.535675,,37.142857,0,0,0,0,0,,,,,,,,,,,,1,"1 by construction: a patch is defined as a single 8-connected component, unlike a real part which may be several","veg_p05_spatial_mean_over_years and veg_p05_temporal_mean are DIFFERENT METRICS and are never co-plotted, differenced or captioned with one word. Arm B uses the first, Arm A the second.",offset is against Arm A's zoned DISPLAY SMOOTHER on the temporal metric: not a residual and not a test. NA where the patch is outside the zoned water range.,"115-part: 52.697196 + 0.547274 x mean water; 64-paddock: 52.652934 + 0.547838 x mean water. Both APPLIED, neither refitted.","8-connected component within one vegetation community, outside every management zone","meets_support_rule = >=25 water years with >=30 valid cells; meets_500_cells = the PARTSCATTER floor used by Arm A; meets_bare_33_cells = v1's threshold, for contrast; size_matched = inside this community's real-part IQR",pixel,1988-2022 (35 water years),unzoned standard-grazing country,0.06235142839918241
U0329,Inland Floodplain Shrublands / Swamps,inland,8,0.4988114271934593,47.173832,5.257393,11.428572,0,0,0,0,0,,,,,,,,,,,,1,"1 by construction: a patch is defined as a single 8-connected component, unlike a real part which may be several","veg_p05_spatial_mean_over_years and veg_p05_temporal_mean are DIFFERENT METRICS and are never co-plotted, differenced or captioned with one word. Arm B uses the first, Arm A the second.",offset is against Arm A's zoned DISPLAY SMOOTHER on the temporal metric: not a residual and not a test. NA where the patch is outside the zoned water range.,"115-part: 52.697196 + 0.547274 x mean water; 64-paddock: 52.652934 + 0.547838 x mean water. Both APPLIED, neither refitted.","8-connected component within one vegetation community, outside every management zone","meets_support_rule = >=25 water years with >=30 valid cells; meets_500_cells = the PARTSCATTER floor used by Arm A; meets_bare_33_cells = v1's threshold, for contrast; size_matched = inside this community's real-part IQR",pixel,1988-2022 (35 water years),unzoned standard-grazing country,0.06235142839918241
U0330,Inland Floodplain Shrublands / Swamps,inland,1,0.0623514283991824,68.46849,,8.571428,0,0,0,0,0,,,,,,,,,,,,1,"1 by construction: a patch is defined as a single 8-connected component, unlike a real part which may be several","veg_p05_spatial_mean_over_years and veg_p05_temporal_mean are DIFFERENT METRICS and are never co-plotted, differenced or captioned with one word. Arm B uses the first, Arm A the second.",offset is against Arm A's zoned DISPLAY SMOOTHER on the temporal metric: not a residual and not a test. NA where the patch is outside the zoned water range.,"115-part: 52.697196 + 0.547274 x mean water; 64-paddock: 52.652934 + 0.547838 x mean water. Both APPLIED, neither refitted.","8-connected component within one vegetation community, outside every management zone","meets_support_rule = >=25 water years with >=30 valid cells; meets_500_cells = the PARTSCATTER floor used by Arm A; meets_bare_33_cells = v1's threshold, for contrast; size_matched = inside this community's real-part IQR",pixel,1988-2022 (35 water years),unzoned standard-grazing country,0.06235142839918241
U0331,Inland Floodplain Shrublands / Swamps,inland,1,0.0623514283991824,68.38691,,31.428572,0,0,0,0,0,,,,,,,,,,,,1,"1 by construction: a patch is defined as a single 8-connected component, unlike a real part which may be several","veg_p05_spatial_mean_over_years and veg_p05_temporal_mean are DIFFERENT METRICS and are never co-plotted, differenced or captioned with one word. Arm B uses the first, Arm A the second.",offset is against Arm A's zoned DISPLAY SMOOTHER on the temporal metric: not a residual and not a test. NA where the patch is outside the zoned water range.,"115-part: 52.697196 + 0.547274 x mean water; 64-paddock: 52.652934 + 0.547838 x mean water. Both APPLIED, neither refitted.","8-connected component within one vegetation community, outside every management zone","meets_support_rule = >=25 water years with >=30 valid cells; meets_500_cells = the PARTSCATTER floor used by Arm A; meets_bare_33_cells = v1's threshold, for contrast; size_matched = inside this community's real-part IQR",pixel,1988-2022 (35 water years),unzoned standard-grazing country,0.06235142839918241
U0332,Inland Floodplain Shrublands / Swamps,inland,1,0.0623514283991824,43.21675,,20.0,0,0,0,0,0,,,,,,,,,,,,1,"1 by construction: a patch is defined as a single 8-connected component, unlike a real part which may be several","veg_p05_spatial_mean_over_years and veg_p05_temporal_mean are DIFFERENT METRICS and are never co-plotted, differenced or captioned with one word. Arm B uses the first, Arm A the second.",offset is against Arm A's zoned DISPLAY SMOOTHER on the temporal metric: not a residual and not a test. NA where the patch is outside the zoned water range.,"115-part: 52.697196 + 0.547274 x mean water; 64-paddock: 52.652934 + 0.547838 x mean water. Both APPLIED, neither refitted.","8-connected component within one vegetation community, outside every management zone","meets_support_rule = >=25 water years with >=30 valid cells; meets_500_cells = the PARTSCATTER floor used by Arm A; meets_bare_33_cells = v1's threshold, for contrast; size_matched = inside this community's real-part IQR",pixel,1988-2022 (35 water years),unzoned standard-grazing country,0.06235142839918241
U0333,Inland Floodplain Shrublands / Swamps,inland,8,0.4988114271934593,43.138363,2.1130593,0.0,0,0,0,0,0,,,,,,,,,,,,1,"1 by construction: a patch is defined as a single 8-connected component, unlike a real part which may be several","veg_p05_spatial_mean_over_years and veg_p05_temporal_mean are DIFFERENT METRICS and are never co-plotted, differenced or captioned with one word. Arm B uses the first, Arm A the second.",offset is against Arm A's zoned DISPLAY SMOOTHER on the temporal metric: not a residual and not a test. NA where the patch is outside the zoned water range.,"115-part: 52.697196 + 0.547274 x mean water; 64-paddock: 52.652934 + 0.547838 x mean water. Both APPLIED, neither refitted.","8-connected component within one vegetation community, outside every management zone","meets_support_rule = >=25 water years with >=30 valid cells; meets_500_cells = the PARTSCATTER floor used by Arm A; meets_bare_33_cells = v1's threshold, for contrast; size_matched = inside this community's real-part IQR",pixel,1988-2022 (35 water years),unzoned standard-grazing country,0.06235142839918241
U0334,Inland Floodplain Shrublands / Swamps,inland,1,0.0623514283991824,65.93704,,31.428572,0,0,0,0,0,,,,,,,,,,,,1,"1 by construction: a patch is defined as a single 8-connected component, unlike a real part which may be several","veg_p05_spatial_mean_over_years and veg_p05_temporal_mean are DIFFERENT METRICS and are never co-plotted, differenced or captioned with one word. Arm B uses the first, Arm A the second.",offset is against Arm A's zoned DISPLAY SMOOTHER on the temporal metric: not a residual and not a test. NA where the patch is outside the zoned water range.,"115-part: 52.697196 + 0.547274 x mean water; 64-paddock: 52.652934 + 0.547838 x mean water. Both APPLIED, neither refitted.","8-connected component within one vegetation community, outside every management zone","meets_support_rule = >=25 water years with >=30 valid cells; meets_500_cells = the PARTSCATTER floor used by Arm A; meets_bare_33_cells = v1's threshold, for contrast; size_matched = inside this community's real-part IQR",pixel,1988-2022 (35 water years),unzoned standard-grazing country,0.06235142839918241
U0335,Inland Floodplain Shrublands / Swamps,inland,1068,66.59132553032681,55.868843,10.79034,17.833067,35,1,1,1,0,67.58868090493338,17.8330658105939,35.0,0.2886566266453862,0.54769387757097,0.2773357814605769,1.0,2.02791542331286,"DESCRIPTIVE OFFSET from the zoned display smoother; not a residual, not a test",5.131916268121394,5.166115797389239,1,"1 by construction: a patch is defined as a single 8-connected component, unlike a real part which may be several","veg_p05_spatial_mean_over_years and veg_p05_temporal_mean are DIFFERENT METRICS and are never co-plotted, differenced or captioned with one word. Arm B uses the first, Arm A the second.",offset is against Arm A's zoned DISPLAY SMOOTHER on the temporal metric: not a residual and not a test. NA where the patch is outside the zoned water range.,"115-part: 52.697196 + 0.547274 x mean water; 64-paddock: 52.652934 + 0.547838 x mean water. Both APPLIED, neither refitted.","8-connected component within one vegetation community, outside every management zone","meets_support_rule = >=25 water years with >=30 valid cells; meets_500_cells = the PARTSCATTER floor used by Arm A; meets_bare_33_cells = v1's threshold, for contrast; size_matched = inside this community's real-part IQR",pixel,1988-2022 (35 water years),unzoned standard-grazing country,0.06235142839918241
U0336,Inland Floodplain Shrublands / Swamps,inland,8,0.4988114271934593,41.595585,1.2247388,0.0,0,0,0,0,0,,,,,,,,,,,,1,"1 by construction: a patch is defined as a single 8-connected component, unlike a real part which may be several","veg_p05_spatial_mean_over_years and veg_p05_temporal_mean are DIFFERENT METRICS and are never co-plotted, differenced or captioned with one word. Arm B uses the first, Arm A the second.",offset is against Arm A's zoned DISPLAY SMOOTHER on the temporal metric: not a residual and not a test. NA where the patch is outside the zoned water range.,"115-part: 52.697196 + 0.547274 x mean water; 64-paddock: 52.652934 + 0.547838 x mean water. Both APPLIED, neither refitted.","8-connected component within one vegetation community, outside every management zone","meets_support_rule = >=25 water years with >=30 valid cells; meets_500_cells = the PARTSCATTER floor used by Arm A; meets_bare_33_cells = v1's threshold, for contrast; size_matched = inside this community's real-part IQR",pixel,1988-2022 (35 water years),unzoned standard-grazing country,0.06235142839918241
U0337,Inland Floodplain Shrublands / Swamps,inland,1,0.0623514283991824,54.473946,,34.285713,0,0,0,0,0,,,,,,,,,,,,1,"1 by construction: a patch is defined as a single 8-connected component, unlike a real part which may be several","veg_p05_spatial_mean_over_years and veg_p05_temporal_mean are DIFFERENT METRICS and are never co-plotted, differenced or captioned with one word. Arm B uses the first, Arm A the second.",offset is against Arm A's zoned DISPLAY SMOOTHER on the temporal metric: not a residual and not a test. NA where the patch is outside the zoned water range.,"115-part: 52.697196 + 0.547274 x mean water; 64-paddock: 52.652934 + 0.547838 x mean water. Both APPLIED, neither refitted.","8-connected component within one vegetation community, outside every management zone","meets_support_rule = >=25 water years with >=30 valid cells; meets_500_cells = the PARTSCATTER floor used by Arm A; meets_bare_33_cells = v1's threshold, for contrast; size_matched = inside this community's real-part IQR",pixel,1988-2022 (35 water years),unzoned standard-grazing country,0.06235142839918241
U0338,Inland Floodplain Shrublands / Swamps,inland,8,0.4988114271934593,44.805916,1.0929942,0.71428573,0,0,0,0,0,,,,,,,,,,,,1,"1 by construction: a patch is defined as a single 8-connected component, unlike a real part which may be several","veg_p05_spatial_mean_over_years and veg_p05_temporal_mean are DIFFERENT METRICS and are never co-plotted, differenced or captioned with one word. Arm B uses the first, Arm A the second.",offset is against Arm A's zoned DISPLAY SMOOTHER on the temporal metric: not a residual and not a test. NA where the patch is outside the zoned water range.,"115-part: 52.697196 + 0.547274 x mean water; 64-paddock: 52.652934 + 0.547838 x mean water. Both APPLIED, neither refitted.","8-connected component within one vegetation community, outside every management zone","meets_support_rule = >=25 water years with >=30 valid cells; meets_500_cells = the PARTSCATTER floor used by Arm A; meets_bare_33_cells = v1's threshold, for contrast; size_matched = inside this community's real-part IQR",pixel,1988-2022 (35 water years),unzoned standard-grazing country,0.06235142839918241
U0339,Inland Floodplain Shrublands / Swamps,inland,8,0.4988114271934593,56.39292,1.1011696,11.785714,0,0,0,0,0,,,,,,,,,,,,1,"1 by construction: a patch is defined as a single 8-connected component, unlike a real part which may be several","veg_p05_spatial_mean_over_years and veg_p05_temporal_mean are DIFFERENT METRICS and are never co-plotted, differenced or captioned with one word. Arm B uses the first, Arm A the second.",offset is against Arm A's zoned DISPLAY SMOOTHER on the temporal metric: not a residual and not a test. NA where the patch is outside the zoned water range.,"115-part: 52.697196 + 0.547274 x mean water; 64-paddock: 52.652934 + 0.547838 x mean water. Both APPLIED, neither refitted.","8-connected component within one vegetation community, outside every management zone","meets_support_rule = >=25 water years with >=30 valid cells; meets_500_cells = the PARTSCATTER floor used by Arm A; meets_bare_33_cells = v1's threshold, for contrast; size_matched = inside this community's real-part IQR",pixel,1988-2022 (35 water years),unzoned standard-grazing country,0.06235142839918241
U0340,Inland Floodplain Shrublands / Swamps,inland,1,0.0623514283991824,68.47422,,37.142857,0,0,0,0,0,,,,,,,,,,,,1,"1 by construction: a patch is defined as a single 8-connected component, unlike a real part which may be several","veg_p05_spatial_mean_over_years and veg_p05_temporal_mean are DIFFERENT METRICS and are never co-plotted, differenced or captioned with one word. Arm B uses the first, Arm A the second.",offset is against Arm A's zoned DISPLAY SMOOTHER on the temporal metric: not a residual and not a test. NA where the patch is outside the zoned water range.,"115-part: 52.697196 + 0.547274 x mean water; 64-paddock: 52.652934 + 0.547838 x mean water. Both APPLIED, neither refitted.","8-connected component within one vegetation community, outside every management zone","meets_support_rule = >=25 water years with >=30 valid cells; meets_500_cells = the PARTSCATTER floor used by Arm A; meets_bare_33_cells = v1's threshold, for contrast; size_matched = inside this community's real-part IQR",pixel,1988-2022 (35 water years),unzoned standard-grazing country,0.06235142839918241
U0341,Inland Floodplain Shrublands / Swamps,inland,9,0.5611628555926417,47.2337,3.3626182,8.571428,0,0,0,0,0,,,,,,,,,,,,1,"1 by construction: a patch is defined as a single 8-connected component, unlike a real part which may be several","veg_p05_spatial_mean_over_years and veg_p05_temporal_mean are DIFFERENT METRICS and are never co-plotted, differenced or captioned with one word. Arm B uses the first, Arm A the second.",offset is against Arm A's zoned DISPLAY SMOOTHER on the temporal metric: not a residual and not a test. NA where the patch is outside the zoned water range.,"115-part: 52.697196 + 0.547274 x mean water; 64-paddock: 52.652934 + 0.547838 x mean water. Both APPLIED, neither refitted.","8-connected component within one vegetation community, outside every management zone","meets_support_rule = >=25 water years with >=30 valid cells; meets_500_cells = the PARTSCATTER floor used by Arm A; meets_bare_33_cells = v1's threshold, for contrast; size_matched = inside this community's real-part IQR",pixel,1988-2022 (35 water years),unzoned standard-grazing country,0.06235142839918241
U0342,Inland Floodplain Shrublands / Swamps,inland,1,0.0623514283991824,69.681694,,51.42857,0,0,0,0,0,,,,,,,,,,,,1,"1 by construction: a patch is defined as a single 8-connected component, unlike a real part which may be several","veg_p05_spatial_mean_over_years and veg_p05_temporal_mean are DIFFERENT METRICS and are never co-plotted, differenced or captioned with one word. Arm B uses the first, Arm A the second.",offset is against Arm A's zoned DISPLAY SMOOTHER on the temporal metric: not a residual and not a test. NA where the patch is outside the zoned water range.,"115-part: 52.697196 + 0.547274 x mean water; 64-paddock: 52.652934 + 0.547838 x mean water. Both APPLIED, neither refitted.","8-connected component within one vegetation community, outside every management zone","meets_support_rule = >=25 water years with >=30 valid cells; meets_500_cells = the PARTSCATTER floor used by Arm A; meets_bare_33_cells = v1's threshold, for contrast; size_matched = inside this community's real-part IQR",pixel,1988-2022 (35 water years),unzoned standard-grazing country,0.06235142839918241
U0343,Inland Floodplain Shrublands / Swamps,inland,9,0.5611628555926417,44.29283,2.496699,8.571428,0,0,0,0,0,,,,,,,,,,,,1,"1 by construction: a patch is defined as a single 8-connected component, unlike a real part which may be several","veg_p05_spatial_mean_over_years and veg_p05_temporal_mean are DIFFERENT METRICS and are never co-plotted, differenced or captioned with one word. Arm B uses the first, Arm A the second.",offset is against Arm A's zoned DISPLAY SMOOTHER on the temporal metric: not a residual and not a test. NA where the patch is outside the zoned water range.,"115-part: 52.697196 + 0.547274 x mean water; 64-paddock: 52.652934 + 0.547838 x mean water. Both APPLIED, neither refitted.","8-connected component within one vegetation community, outside every management zone","meets_support_rule = >=25 water years with >=30 valid cells; meets_500_cells = the PARTSCATTER floor used by Arm A; meets_bare_33_cells = v1's threshold, for contrast; size_matched = inside this community's real-part IQR",pixel,1988-2022 (35 water years),unzoned standard-grazing country,0.06235142839918241
U0344,Inland Floodplain Shrublands / Swamps,inland,9,0.5611628555926417,45.71889,3.1022062,7.619047,0,0,0,0,0,,,,,,,,,,,,1,"1 by construction: a patch is defined as a single 8-connected component, unlike a real part which may be several","veg_p05_spatial_mean_over_years and veg_p05_temporal_mean are DIFFERENT METRICS and are never co-plotted, differenced or captioned with one word. Arm B uses the first, Arm A the second.",offset is against Arm A's zoned DISPLAY SMOOTHER on the temporal metric: not a residual and not a test. NA where the patch is outside the zoned water range.,"115-part: 52.697196 + 0.547274 x mean water; 64-paddock: 52.652934 + 0.547838 x mean water. Both APPLIED, neither refitted.","8-connected component within one vegetation community, outside every management zone","meets_support_rule = >=25 water years with >=30 valid cells; meets_500_cells = the PARTSCATTER floor used by Arm A; meets_bare_33_cells = v1's threshold, for contrast; size_matched = inside this community's real-part IQR",pixel,1988-2022 (35 water years),unzoned standard-grazing country,0.06235142839918241
U0345,Inland Floodplain Shrublands / Swamps,inland,8,0.4988114271934593,46.740757,3.4828517,9.642857,0,0,0,0,0,,,,,,,,,,,,1,"1 by construction: a patch is defined as a single 8-connected component, unlike a real part which may be several","veg_p05_spatial_mean_over_years and veg_p05_temporal_mean are DIFFERENT METRICS and are never co-plotted, differenced or captioned with one word. Arm B uses the first, Arm A the second.",offset is against Arm A's zoned DISPLAY SMOOTHER on the temporal metric: not a residual and not a test. NA where the patch is outside the zoned water range.,"115-part: 52.697196 + 0.547274 x mean water; 64-paddock: 52.652934 + 0.547838 x mean water. Both APPLIED, neither refitted.","8-connected component within one vegetation community, outside every management zone","meets_support_rule = >=25 water years with >=30 valid cells; meets_500_cells = the PARTSCATTER floor used by Arm A; meets_bare_33_cells = v1's threshold, for contrast; size_matched = inside this community's real-part IQR",pixel,1988-2022 (35 water years),unzoned standard-grazing country,0.06235142839918241
U0346,Inland Floodplain Shrublands / Swamps,inland,2,0.1247028567983648,71.22422,1.3749934,71.42857,0,0,0,0,0,,,,,,,,,,,,1,"1 by construction: a patch is defined as a single 8-connected component, unlike a real part which may be several","veg_p05_spatial_mean_over_years and veg_p05_temporal_mean are DIFFERENT METRICS and are never co-plotted, differenced or captioned with one word. Arm B uses the first, Arm A the second.",offset is against Arm A's zoned DISPLAY SMOOTHER on the temporal metric: not a residual and not a test. NA where the patch is outside the zoned water range.,"115-part: 52.697196 + 0.547274 x mean water; 64-paddock: 52.652934 + 0.547838 x mean water. Both APPLIED, neither refitted.","8-connected component within one vegetation community, outside every management zone","meets_support_rule = >=25 water years with >=30 valid cells; meets_500_cells = the PARTSCATTER floor used by Arm A; meets_bare_33_cells = v1's threshold, for contrast; size_matched = inside this community's real-part IQR",pixel,1988-2022 (35 water years),unzoned standard-grazing country,0.06235142839918241
U0347,Inland Floodplain Shrublands / Swamps,inland,2979,185.7449052011644,66.729744,7.6136723,32.27929,35,1,1,1,0,73.16462892804827,32.279288351795905,35.0,0.0962390450763005,0.4170048320645345,0.2489495376980886,1.0,3.63778374895302,"DESCRIPTIVE OFFSET from the zoned display smoother; not a residual, not a test",2.8018261489156373,2.8278741559770992,1,"1 by construction: a patch is defined as a single 8-connected component, unlike a real part which may be several","veg_p05_spatial_mean_over_years and veg_p05_temporal_mean are DIFFERENT METRICS and are never co-plotted, differenced or captioned with one word. Arm B uses the first, Arm A the second.",offset is against Arm A's zoned DISPLAY SMOOTHER on the temporal metric: not a residual and not a test. NA where the patch is outside the zoned water range.,"115-part: 52.697196 + 0.547274 x mean water; 64-paddock: 52.652934 + 0.547838 x mean water. Both APPLIED, neither refitted.","8-connected component within one vegetation community, outside every management zone","meets_support_rule = >=25 water years with >=30 valid cells; meets_500_cells = the PARTSCATTER floor used by Arm A; meets_bare_33_cells = v1's threshold, for contrast; size_matched = inside this community's real-part IQR",pixel,1988-2022 (35 water years),unzoned standard-grazing country,0.06235142839918241
U0348,Inland Floodplain Shrublands / Swamps,inland,8,0.4988114271934593,53.49222,4.5814147,8.214286,0,0,0,0,0,,,,,,,,,,,,1,"1 by construction: a patch is defined as a single 8-connected component, unlike a real part which may be several","veg_p05_spatial_mean_over_years and veg_p05_temporal_mean are DIFFERENT METRICS and are never co-plotted, differenced or captioned with one word. Arm B uses the first, Arm A the second.",offset is against Arm A's zoned DISPLAY SMOOTHER on the temporal metric: not a residual and not a test. NA where the patch is outside the zoned water range.,"115-part: 52.697196 + 0.547274 x mean water; 64-paddock: 52.652934 + 0.547838 x mean water. Both APPLIED, neither refitted.","8-connected component within one vegetation community, outside every management zone","meets_support_rule = >=25 water years with >=30 valid cells; meets_500_cells = the PARTSCATTER floor used by Arm A; meets_bare_33_cells = v1's threshold, for contrast; size_matched = inside this community's real-part IQR",pixel,1988-2022 (35 water years),unzoned standard-grazing country,0.06235142839918241
U0349,Inland Floodplain Shrublands / Swamps,inland,2,0.1247028567983648,62.403336,0.13898884,31.428572,0,0,0,0,0,,,,,,,,,,,,1,"1 by construction: a patch is defined as a single 8-connected component, unlike a real part which may be several","veg_p05_spatial_mean_over_years and veg_p05_temporal_mean are DIFFERENT METRICS and are never co-plotted, differenced or captioned with one word. Arm B uses the first, Arm A the second.",offset is against Arm A's zoned DISPLAY SMOOTHER on the temporal metric: not a residual and not a test. NA where the patch is outside the zoned water range.,"115-part: 52.697196 + 0.547274 x mean water; 64-paddock: 52.652934 + 0.547838 x mean water. Both APPLIED, neither refitted.","8-connected component within one vegetation community, outside every management zone","meets_support_rule = >=25 water years with >=30 valid cells; meets_500_cells = the PARTSCATTER floor used by Arm A; meets_bare_33_cells = v1's threshold, for contrast; size_matched = inside this community's real-part IQR",pixel,1988-2022 (35 water years),unzoned standard-grazing country,0.06235142839918241
U0350,Inland Floodplain Shrublands / Swamps,inland,8,0.4988114271934593,55.953487,2.9195578,7.5,0,0,0,0,0,,,,,,,,,,,,1,"1 by construction: a patch is defined as a single 8-connected component, unlike a real part which may be several","veg_p05_spatial_mean_over_years and veg_p05_temporal_mean are DIFFERENT METRICS and are never co-plotted, differenced or captioned with one word. Arm B uses the first, Arm A the second.",offset is against Arm A's zoned DISPLAY SMOOTHER on the temporal metric: not a residual and not a test. NA where the patch is outside the zoned water range.,"115-part: 52.697196 + 0.547274 x mean water; 64-paddock: 52.652934 + 0.547838 x mean water. Both APPLIED, neither refitted.","8-connected component within one vegetation community, outside every management zone","meets_support_rule = >=25 water years with >=30 valid cells; meets_500_cells = the PARTSCATTER floor used by Arm A; meets_bare_33_cells = v1's threshold, for contrast; size_matched = inside this community's real-part IQR",pixel,1988-2022 (35 water years),unzoned standard-grazing country,0.06235142839918241
U0351,Inland Floodplain Shrublands / Swamps,inland,7,0.4364599987942769,51.299614,2.9316518,6.938775,0,0,0,0,0,,,,,,,,,,,,1,"1 by construction: a patch is defined as a single 8-connected component, unlike a real part which may be several","veg_p05_spatial_mean_over_years and veg_p05_temporal_mean are DIFFERENT METRICS and are never co-plotted, differenced or captioned with one word. Arm B uses the first, Arm A the second.",offset is against Arm A's zoned DISPLAY SMOOTHER on the temporal metric: not a residual and not a test. NA where the patch is outside the zoned water range.,"115-part: 52.697196 + 0.547274 x mean water; 64-paddock: 52.652934 + 0.547838 x mean water. Both APPLIED, neither refitted.","8-connected component within one vegetation community, outside every management zone","meets_support_rule = >=25 water years with >=30 valid cells; meets_500_cells = the PARTSCATTER floor used by Arm A; meets_bare_33_cells = v1's threshold, for contrast; size_matched = inside this community's real-part IQR",pixel,1988-2022 (35 water years),unzoned standard-grazing country,0.06235142839918241
U0352,Inland Floodplain Shrublands / Swamps,inland,1,0.0623514283991824,54.513317,,31.428572,0,0,0,0,0,,,,,,,,,,,,1,"1 by construction: a patch is defined as a single 8-connected component, unlike a real part which may be several","veg_p05_spatial_mean_over_years and veg_p05_temporal_mean are DIFFERENT METRICS and are never co-plotted, differenced or captioned with one word. Arm B uses the first, Arm A the second.",offset is against Arm A's zoned DISPLAY SMOOTHER on the temporal metric: not a residual and not a test. NA where the patch is outside the zoned water range.,"115-part: 52.697196 + 0.547274 x mean water; 64-paddock: 52.652934 + 0.547838 x mean water. Both APPLIED, neither refitted.","8-connected component within one vegetation community, outside every management zone","meets_support_rule = >=25 water years with >=30 valid cells; meets_500_cells = the PARTSCATTER floor used by Arm A; meets_bare_33_cells = v1's threshold, for contrast; size_matched = inside this community's real-part IQR",pixel,1988-2022 (35 water years),unzoned standard-grazing country,0.06235142839918241
U0353,Inland Floodplain Shrublands / Swamps,inland,2,0.1247028567983648,73.20567,1.4741552,77.14285,0,0,0,0,0,,,,,,,,,,,,1,"1 by construction: a patch is defined as a single 8-connected component, unlike a real part which may be several","veg_p05_spatial_mean_over_years and veg_p05_temporal_mean are DIFFERENT METRICS and are never co-plotted, differenced or captioned with one word. Arm B uses the first, Arm A the second.",offset is against Arm A's zoned DISPLAY SMOOTHER on the temporal metric: not a residual and not a test. NA where the patch is outside the zoned water range.,"115-part: 52.697196 + 0.547274 x mean water; 64-paddock: 52.652934 + 0.547838 x mean water. Both APPLIED, neither refitted.","8-connected component within one vegetation community, outside every management zone","meets_support_rule = >=25 water years with >=30 valid cells; meets_500_cells = the PARTSCATTER floor used by Arm A; meets_bare_33_cells = v1's threshold, for contrast; size_matched = inside this community's real-part IQR",pixel,1988-2022 (35 water years),unzoned standard-grazing country,0.06235142839918241
U0354,Inland Floodplain Shrublands / Swamps,inland,1,0.0623514283991824,57.810966,,25.714285,0,0,0,0,0,,,,,,,,,,,,1,"1 by construction: a patch is defined as a single 8-connected component, unlike a real part which may be several","veg_p05_spatial_mean_over_years and veg_p05_temporal_mean are DIFFERENT METRICS and are never co-plotted, differenced or captioned with one word. Arm B uses the first, Arm A the second.",offset is against Arm A's zoned DISPLAY SMOOTHER on the temporal metric: not a residual and not a test. NA where the patch is outside the zoned water range.,"115-part: 52.697196 + 0.547274 x mean water; 64-paddock: 52.652934 + 0.547838 x mean water. Both APPLIED, neither refitted.","8-connected component within one vegetation community, outside every management zone","meets_support_rule = >=25 water years with >=30 valid cells; meets_500_cells = the PARTSCATTER floor used by Arm A; meets_bare_33_cells = v1's threshold, for contrast; size_matched = inside this community's real-part IQR",pixel,1988-2022 (35 water years),unzoned standard-grazing country,0.06235142839918241
U0355,Inland Floodplain Shrublands / Swamps,inland,2,0.1247028567983648,70.58022,0.16271785,81.42857,0,0,0,0,0,,,,,,,,,,,,1,"1 by construction: a patch is defined as a single 8-connected component, unlike a real part which may be several","veg_p05_spatial_mean_over_years and veg_p05_temporal_mean are DIFFERENT METRICS and are never co-plotted, differenced or captioned with one word. Arm B uses the first, Arm A the second.",offset is against Arm A's zoned DISPLAY SMOOTHER on the temporal metric: not a residual and not a test. NA where the patch is outside the zoned water range.,"115-part: 52.697196 + 0.547274 x mean water; 64-paddock: 52.652934 + 0.547838 x mean water. Both APPLIED, neither refitted.","8-connected component within one vegetation community, outside every management zone","meets_support_rule = >=25 water years with >=30 valid cells; meets_500_cells = the PARTSCATTER floor used by Arm A; meets_bare_33_cells = v1's threshold, for contrast; size_matched = inside this community's real-part IQR",pixel,1988-2022 (35 water years),unzoned standard-grazing country,0.06235142839918241
U0356,Inland Floodplain Shrublands / Swamps,inland,1,0.0623514283991824,68.52433,,62.857143,0,0,0,0,0,,,,,,,,,,,,1,"1 by construction: a patch is defined as a single 8-connected component, unlike a real part which may be several","veg_p05_spatial_mean_over_years and veg_p05_temporal_mean are DIFFERENT METRICS and are never co-plotted, differenced or captioned with one word. Arm B uses the first, Arm A the second.",offset is against Arm A's zoned DISPLAY SMOOTHER on the temporal metric: not a residual and not a test. NA where the patch is outside the zoned water range.,"115-part: 52.697196 + 0.547274 x mean water; 64-paddock: 52.652934 + 0.547838 x mean water. Both APPLIED, neither refitted.","8-connected component within one vegetation community, outside every management zone","meets_support_rule = >=25 water years with >=30 valid cells; meets_500_cells = the PARTSCATTER floor used by Arm A; meets_bare_33_cells = v1's threshold, for contrast; size_matched = inside this community's real-part IQR",pixel,1988-2022 (35 water years),unzoned standard-grazing country,0.06235142839918241
U0357,Inland Floodplain Shrublands / Swamps,inland,2,0.1247028567983648,74.442535,1.4514538,55.714287,0,0,0,0,0,,,,,,,,,,,,1,"1 by construction: a patch is defined as a single 8-connected component, unlike a real part which may be several","veg_p05_spatial_mean_over_years and veg_p05_temporal_mean are DIFFERENT METRICS and are never co-plotted, differenced or captioned with one word. Arm B uses the first, Arm A the second.",offset is against Arm A's zoned DISPLAY SMOOTHER on the temporal metric: not a residual and not a test. NA where the patch is outside the zoned water range.,"115-part: 52.697196 + 0.547274 x mean water; 64-paddock: 52.652934 + 0.547838 x mean water. Both APPLIED, neither refitted.","8-connected component within one vegetation community, outside every management zone","meets_support_rule = >=25 water years with >=30 valid cells; meets_500_cells = the PARTSCATTER floor used by Arm A; meets_bare_33_cells = v1's threshold, for contrast; size_matched = inside this community's real-part IQR",pixel,1988-2022 (35 water years),unzoned standard-grazing country,0.06235142839918241
U0358,Inland Floodplain Shrublands / Swamps,inland,1,0.0623514283991824,58.942253,,34.285713,0,0,0,0,0,,,,,,,,,,,,1,"1 by construction: a patch is defined as a single 8-connected component, unlike a real part which may be several","veg_p05_spatial_mean_over_years and veg_p05_temporal_mean are DIFFERENT METRICS and are never co-plotted, differenced or captioned with one word. Arm B uses the first, Arm A the second.",offset is against Arm A's zoned DISPLAY SMOOTHER on the temporal metric: not a residual and not a test. NA where the patch is outside the zoned water range.,"115-part: 52.697196 + 0.547274 x mean water; 64-paddock: 52.652934 + 0.547838 x mean water. Both APPLIED, neither refitted.","8-connected component within one vegetation community, outside every management zone","meets_support_rule = >=25 water years with >=30 valid cells; meets_500_cells = the PARTSCATTER floor used by Arm A; meets_bare_33_cells = v1's threshold, for contrast; size_matched = inside this community's real-part IQR",pixel,1988-2022 (35 water years),unzoned standard-grazing country,0.06235142839918241
U0359,Inland Floodplain Shrublands / Swamps,inland,2,0.1247028567983648,76.58101,0.954264,52.857143,0,0,0,0,0,,,,,,,,,,,,1,"1 by construction: a patch is defined as a single 8-connected component, unlike a real part which may be several","veg_p05_spatial_mean_over_years and veg_p05_temporal_mean are DIFFERENT METRICS and are never co-plotted, differenced or captioned with one word. Arm B uses the first, Arm A the second.",offset is against Arm A's zoned DISPLAY SMOOTHER on the temporal metric: not a residual and not a test. NA where the patch is outside the zoned water range.,"115-part: 52.697196 + 0.547274 x mean water; 64-paddock: 52.652934 + 0.547838 x mean water. Both APPLIED, neither refitted.","8-connected component within one vegetation community, outside every management zone","meets_support_rule = >=25 water years with >=30 valid cells; meets_500_cells = the PARTSCATTER floor used by Arm A; meets_bare_33_cells = v1's threshold, for contrast; size_matched = inside this community's real-part IQR",pixel,1988-2022 (35 water years),unzoned standard-grazing country,0.06235142839918241
U0360,Inland Floodplain Shrublands / Swamps,inland,2,0.1247028567983648,62.366932,0.78914005,22.857143,0,0,0,0,0,,,,,,,,,,,,1,"1 by construction: a patch is defined as a single 8-connected component, unlike a real part which may be several","veg_p05_spatial_mean_over_years and veg_p05_temporal_mean are DIFFERENT METRICS and are never co-plotted, differenced or captioned with one word. Arm B uses the first, Arm A the second.",offset is against Arm A's zoned DISPLAY SMOOTHER on the temporal metric: not a residual and not a test. NA where the patch is outside the zoned water range.,"115-part: 52.697196 + 0.547274 x mean water; 64-paddock: 52.652934 + 0.547838 x mean water. Both APPLIED, neither refitted.","8-connected component within one vegetation community, outside every management zone","meets_support_rule = >=25 water years with >=30 valid cells; meets_500_cells = the PARTSCATTER floor used by Arm A; meets_bare_33_cells = v1's threshold, for contrast; size_matched = inside this community's real-part IQR",pixel,1988-2022 (35 water years),unzoned standard-grazing country,0.06235142839918241
U0361,Inland Floodplain Shrublands / Swamps,inland,1,0.0623514283991824,72.356575,,65.71429,0,0,0,0,0,,,,,,,,,,,,1,"1 by construction: a patch is defined as a single 8-connected component, unlike a real part which may be several","veg_p05_spatial_mean_over_years and veg_p05_temporal_mean are DIFFERENT METRICS and are never co-plotted, differenced or captioned with one word. Arm B uses the first, Arm A the second.",offset is against Arm A's zoned DISPLAY SMOOTHER on the temporal metric: not a residual and not a test. NA where the patch is outside the zoned water range.,"115-part: 52.697196 + 0.547274 x mean water; 64-paddock: 52.652934 + 0.547838 x mean water. Both APPLIED, neither refitted.","8-connected component within one vegetation community, outside every management zone","meets_support_rule = >=25 water years with >=30 valid cells; meets_500_cells = the PARTSCATTER floor used by Arm A; meets_bare_33_cells = v1's threshold, for contrast; size_matched = inside this community's real-part IQR",pixel,1988-2022 (35 water years),unzoned standard-grazing country,0.06235142839918241
U0362,Inland Floodplain Shrublands / Swamps,inland,2,0.1247028567983648,76.44311,2.2180922,57.142857,0,0,0,0,0,,,,,,,,,,,,1,"1 by construction: a patch is defined as a single 8-connected component, unlike a real part which may be several","veg_p05_spatial_mean_over_years and veg_p05_temporal_mean are DIFFERENT METRICS and are never co-plotted, differenced or captioned with one word. Arm B uses the first, Arm A the second.",offset is against Arm A's zoned DISPLAY SMOOTHER on the temporal metric: not a residual and not a test. NA where the patch is outside the zoned water range.,"115-part: 52.697196 + 0.547274 x mean water; 64-paddock: 52.652934 + 0.547838 x mean water. Both APPLIED, neither refitted.","8-connected component within one vegetation community, outside every management zone","meets_support_rule = >=25 water years with >=30 valid cells; meets_500_cells = the PARTSCATTER floor used by Arm A; meets_bare_33_cells = v1's threshold, for contrast; size_matched = inside this community's real-part IQR",pixel,1988-2022 (35 water years),unzoned standard-grazing country,0.06235142839918241
U0363,Inland Floodplain Shrublands / Swamps,inland,2,0.1247028567983648,62.086132,0.016389392,31.428572,0,0,0,0,0,,,,,,,,,,,,1,"1 by construction: a patch is defined as a single 8-connected component, unlike a real part which may be several","veg_p05_spatial_mean_over_years and veg_p05_temporal_mean are DIFFERENT METRICS and are never co-plotted, differenced or captioned with one word. Arm B uses the first, Arm A the second.",offset is against Arm A's zoned DISPLAY SMOOTHER on the temporal metric: not a residual and not a test. NA where the patch is outside the zoned water range.,"115-part: 52.697196 + 0.547274 x mean water; 64-paddock: 52.652934 + 0.547838 x mean water. Both APPLIED, neither refitted.","8-connected component within one vegetation community, outside every management zone","meets_support_rule = >=25 water years with >=30 valid cells; meets_500_cells = the PARTSCATTER floor used by Arm A; meets_bare_33_cells = v1's threshold, for contrast; size_matched = inside this community's real-part IQR",pixel,1988-2022 (35 water years),unzoned standard-grazing country,0.06235142839918241
U0364,Inland Floodplain Shrublands / Swamps,inland,2,0.1247028567983648,75.82946,1.9492587,81.42857,0,0,0,0,0,,,,,,,,,,,,1,"1 by construction: a patch is defined as a single 8-connected component, unlike a real part which may be several","veg_p05_spatial_mean_over_years and veg_p05_temporal_mean are DIFFERENT METRICS and are never co-plotted, differenced or captioned with one word. Arm B uses the first, Arm A the second.",offset is against Arm A's zoned DISPLAY SMOOTHER on the temporal metric: not a residual and not a test. NA where the patch is outside the zoned water range.,"115-part: 52.697196 + 0.547274 x mean water; 64-paddock: 52.652934 + 0.547838 x mean water. Both APPLIED, neither refitted.","8-connected component within one vegetation community, outside every management zone","meets_support_rule = >=25 water years with >=30 valid cells; meets_500_cells = the PARTSCATTER floor used by Arm A; meets_bare_33_cells = v1's threshold, for contrast; size_matched = inside this community's real-part IQR",pixel,1988-2022 (35 water years),unzoned standard-grazing country,0.06235142839918241
U0365,Inland Floodplain Shrublands / Swamps,inland,6,0.3741085703950945,74.016716,3.243386,78.571434,0,0,0,0,0,,,,,,,,,,,,1,"1 by construction: a patch is defined as a single 8-connected component, unlike a real part which may be several","veg_p05_spatial_mean_over_years and veg_p05_temporal_mean are DIFFERENT METRICS and are never co-plotted, differenced or captioned with one word. Arm B uses the first, Arm A the second.",offset is against Arm A's zoned DISPLAY SMOOTHER on the temporal metric: not a residual and not a test. NA where the patch is outside the zoned water range.,"115-part: 52.697196 + 0.547274 x mean water; 64-paddock: 52.652934 + 0.547838 x mean water. Both APPLIED, neither refitted.","8-connected component within one vegetation community, outside every management zone","meets_support_rule = >=25 water years with >=30 valid cells; meets_500_cells = the PARTSCATTER floor used by Arm A; meets_bare_33_cells = v1's threshold, for contrast; size_matched = inside this community's real-part IQR",pixel,1988-2022 (35 water years),unzoned standard-grazing country,0.06235142839918241
U0366,Inland Floodplain Shrublands / Swamps,inland,1,0.0623514283991824,61.19237,,37.142857,0,0,0,0,0,,,,,,,,,,,,1,"1 by construction: a patch is defined as a single 8-connected component, unlike a real part which may be several","veg_p05_spatial_mean_over_years and veg_p05_temporal_mean are DIFFERENT METRICS and are never co-plotted, differenced or captioned with one word. Arm B uses the first, Arm A the second.",offset is against Arm A's zoned DISPLAY SMOOTHER on the temporal metric: not a residual and not a test. NA where the patch is outside the zoned water range.,"115-part: 52.697196 + 0.547274 x mean water; 64-paddock: 52.652934 + 0.547838 x mean water. Both APPLIED, neither refitted.","8-connected component within one vegetation community, outside every management zone","meets_support_rule = >=25 water years with >=30 valid cells; meets_500_cells = the PARTSCATTER floor used by Arm A; meets_bare_33_cells = v1's threshold, for contrast; size_matched = inside this community's real-part IQR",pixel,1988-2022 (35 water years),unzoned standard-grazing country,0.06235142839918241
U0367,Inland Floodplain Shrublands / Swamps,inland,1,0.0623514283991824,65.56116,,37.142857,0,0,0,0,0,,,,,,,,,,,,1,"1 by construction: a patch is defined as a single 8-connected component, unlike a real part which may be several","veg_p05_spatial_mean_over_years and veg_p05_temporal_mean are DIFFERENT METRICS and are never co-plotted, differenced or captioned with one word. Arm B uses the first, Arm A the second.",offset is against Arm A's zoned DISPLAY SMOOTHER on the temporal metric: not a residual and not a test. NA where the patch is outside the zoned water range.,"115-part: 52.697196 + 0.547274 x mean water; 64-paddock: 52.652934 + 0.547838 x mean water. Both APPLIED, neither refitted.","8-connected component within one vegetation community, outside every management zone","meets_support_rule = >=25 water years with >=30 valid cells; meets_500_cells = the PARTSCATTER floor used by Arm A; meets_bare_33_cells = v1's threshold, for contrast; size_matched = inside this community's real-part IQR",pixel,1988-2022 (35 water years),unzoned standard-grazing country,0.06235142839918241
U0368,Inland Floodplain Shrublands / Swamps,inland,1,0.0623514283991824,68.005806,,45.714287,0,0,0,0,0,,,,,,,,,,,,1,"1 by construction: a patch is defined as a single 8-connected component, unlike a real part which may be several","veg_p05_spatial_mean_over_years and veg_p05_temporal_mean are DIFFERENT METRICS and are never co-plotted, differenced or captioned with one word. Arm B uses the first, Arm A the second.",offset is against Arm A's zoned DISPLAY SMOOTHER on the temporal metric: not a residual and not a test. NA where the patch is outside the zoned water range.,"115-part: 52.697196 + 0.547274 x mean water; 64-paddock: 52.652934 + 0.547838 x mean water. Both APPLIED, neither refitted.","8-connected component within one vegetation community, outside every management zone","meets_support_rule = >=25 water years with >=30 valid cells; meets_500_cells = the PARTSCATTER floor used by Arm A; meets_bare_33_cells = v1's threshold, for contrast; size_matched = inside this community's real-part IQR",pixel,1988-2022 (35 water years),unzoned standard-grazing country,0.06235142839918241
U0369,Inland Floodplain Shrublands / Swamps,inland,1,0.0623514283991824,68.68633,,48.57143,0,0,0,0,0,,,,,,,,,,,,1,"1 by construction: a patch is defined as a single 8-connected component, unlike a real part which may be several","veg_p05_spatial_mean_over_years and veg_p05_temporal_mean are DIFFERENT METRICS and are never co-plotted, differenced or captioned with one word. Arm B uses the first, Arm A the second.",offset is against Arm A's zoned DISPLAY SMOOTHER on the temporal metric: not a residual and not a test. NA where the patch is outside the zoned water range.,"115-part: 52.697196 + 0.547274 x mean water; 64-paddock: 52.652934 + 0.547838 x mean water. Both APPLIED, neither refitted.","8-connected component within one vegetation community, outside every management zone","meets_support_rule = >=25 water years with >=30 valid cells; meets_500_cells = the PARTSCATTER floor used by Arm A; meets_bare_33_cells = v1's threshold, for contrast; size_matched = inside this community's real-part IQR",pixel,1988-2022 (35 water years),unzoned standard-grazing country,0.06235142839918241
U0370,Inland Floodplain Shrublands / Swamps,inland,1,0.0623514283991824,65.255646,,25.714285,0,0,0,0,0,,,,,,,,,,,,1,"1 by construction: a patch is defined as a single 8-connected component, unlike a real part which may be several","veg_p05_spatial_mean_over_years and veg_p05_temporal_mean are DIFFERENT METRICS and are never co-plotted, differenced or captioned with one word. Arm B uses the first, Arm A the second.",offset is against Arm A's zoned DISPLAY SMOOTHER on the temporal metric: not a residual and not a test. NA where the patch is outside the zoned water range.,"115-part: 52.697196 + 0.547274 x mean water; 64-paddock: 52.652934 + 0.547838 x mean water. Both APPLIED, neither refitted.","8-connected component within one vegetation community, outside every management zone","meets_support_rule = >=25 water years with >=30 valid cells; meets_500_cells = the PARTSCATTER floor used by Arm A; meets_bare_33_cells = v1's threshold, for contrast; size_matched = inside this community's real-part IQR",pixel,1988-2022 (35 water years),unzoned standard-grazing country,0.06235142839918241
U0371,Inland Floodplain Shrublands / Swamps,inland,1,0.0623514283991824,66.96052,,45.714287,0,0,0,0,0,,,,,,,,,,,,1,"1 by construction: a patch is defined as a single 8-connected component, unlike a real part which may be several","veg_p05_spatial_mean_over_years and veg_p05_temporal_mean are DIFFERENT METRICS and are never co-plotted, differenced or captioned with one word. Arm B uses the first, Arm A the second.",offset is against Arm A's zoned DISPLAY SMOOTHER on the temporal metric: not a residual and not a test. NA where the patch is outside the zoned water range.,"115-part: 52.697196 + 0.547274 x mean water; 64-paddock: 52.652934 + 0.547838 x mean water. Both APPLIED, neither refitted.","8-connected component within one vegetation community, outside every management zone","meets_support_rule = >=25 water years with >=30 valid cells; meets_500_cells = the PARTSCATTER floor used by Arm A; meets_bare_33_cells = v1's threshold, for contrast; size_matched = inside this community's real-part IQR",pixel,1988-2022 (35 water years),unzoned standard-grazing country,0.06235142839918241
U0372,Inland Floodplain Shrublands / Swamps,inland,1,0.0623514283991824,67.33762,,45.714287,0,0,0,0,0,,,,,,,,,,,,1,"1 by construction: a patch is defined as a single 8-connected component, unlike a real part which may be several","veg_p05_spatial_mean_over_years and veg_p05_temporal_mean are DIFFERENT METRICS and are never co-plotted, differenced or captioned with one word. Arm B uses the first, Arm A the second.",offset is against Arm A's zoned DISPLAY SMOOTHER on the temporal metric: not a residual and not a test. NA where the patch is outside the zoned water range.,"115-part: 52.697196 + 0.547274 x mean water; 64-paddock: 52.652934 + 0.547838 x mean water. Both APPLIED, neither refitted.","8-connected component within one vegetation community, outside every management zone","meets_support_rule = >=25 water years with >=30 valid cells; meets_500_cells = the PARTSCATTER floor used by Arm A; meets_bare_33_cells = v1's threshold, for contrast; size_matched = inside this community's real-part IQR",pixel,1988-2022 (35 water years),unzoned standard-grazing country,0.06235142839918241
U0373,Inland Floodplain Shrublands / Swamps,inland,2,0.1247028567983648,77.532974,0.84267265,74.28572,0,0,0,0,0,,,,,,,,,,,,1,"1 by construction: a patch is defined as a single 8-connected component, unlike a real part which may be several","veg_p05_spatial_mean_over_years and veg_p05_temporal_mean are DIFFERENT METRICS and are never co-plotted, differenced or captioned with one word. Arm B uses the first, Arm A the second.",offset is against Arm A's zoned DISPLAY SMOOTHER on the temporal metric: not a residual and not a test. NA where the patch is outside the zoned water range.,"115-part: 52.697196 + 0.547274 x mean water; 64-paddock: 52.652934 + 0.547838 x mean water. Both APPLIED, neither refitted.","8-connected component within one vegetation community, outside every management zone","meets_support_rule = >=25 water years with >=30 valid cells; meets_500_cells = the PARTSCATTER floor used by Arm A; meets_bare_33_cells = v1's threshold, for contrast; size_matched = inside this community's real-part IQR",pixel,1988-2022 (35 water years),unzoned standard-grazing country,0.06235142839918241
U0374,Inland Floodplain Shrublands / Swamps,inland,1,0.0623514283991824,70.48081,,40.0,0,0,0,0,0,,,,,,,,,,,,1,"1 by construction: a patch is defined as a single 8-connected component, unlike a real part which may be several","veg_p05_spatial_mean_over_years and veg_p05_temporal_mean are DIFFERENT METRICS and are never co-plotted, differenced or captioned with one word. Arm B uses the first, Arm A the second.",offset is against Arm A's zoned DISPLAY SMOOTHER on the temporal metric: not a residual and not a test. NA where the patch is outside the zoned water range.,"115-part: 52.697196 + 0.547274 x mean water; 64-paddock: 52.652934 + 0.547838 x mean water. Both APPLIED, neither refitted.","8-connected component within one vegetation community, outside every management zone","meets_support_rule = >=25 water years with >=30 valid cells; meets_500_cells = the PARTSCATTER floor used by Arm A; meets_bare_33_cells = v1's threshold, for contrast; size_matched = inside this community's real-part IQR",pixel,1988-2022 (35 water years),unzoned standard-grazing country,0.06235142839918241
U0375,Inland Floodplain Shrublands / Swamps,inland,1,0.0623514283991824,70.03285,,37.142857,0,0,0,0,0,,,,,,,,,,,,1,"1 by construction: a patch is defined as a single 8-connected component, unlike a real part which may be several","veg_p05_spatial_mean_over_years and veg_p05_temporal_mean are DIFFERENT METRICS and are never co-plotted, differenced or captioned with one word. Arm B uses the first, Arm A the second.",offset is against Arm A's zoned DISPLAY SMOOTHER on the temporal metric: not a residual and not a test. NA where the patch is outside the zoned water range.,"115-part: 52.697196 + 0.547274 x mean water; 64-paddock: 52.652934 + 0.547838 x mean water. Both APPLIED, neither refitted.","8-connected component within one vegetation community, outside every management zone","meets_support_rule = >=25 water years with >=30 valid cells; meets_500_cells = the PARTSCATTER floor used by Arm A; meets_bare_33_cells = v1's threshold, for contrast; size_matched = inside this community's real-part IQR",pixel,1988-2022 (35 water years),unzoned standard-grazing country,0.06235142839918241
U0376,Inland Floodplain Shrublands / Swamps,inland,1,0.0623514283991824,64.54313,,51.42857,0,0,0,0,0,,,,,,,,,,,,1,"1 by construction: a patch is defined as a single 8-connected component, unlike a real part which may be several","veg_p05_spatial_mean_over_years and veg_p05_temporal_mean are DIFFERENT METRICS and are never co-plotted, differenced or captioned with one word. Arm B uses the first, Arm A the second.",offset is against Arm A's zoned DISPLAY SMOOTHER on the temporal metric: not a residual and not a test. NA where the patch is outside the zoned water range.,"115-part: 52.697196 + 0.547274 x mean water; 64-paddock: 52.652934 + 0.547838 x mean water. Both APPLIED, neither refitted.","8-connected component within one vegetation community, outside every management zone","meets_support_rule = >=25 water years with >=30 valid cells; meets_500_cells = the PARTSCATTER floor used by Arm A; meets_bare_33_cells = v1's threshold, for contrast; size_matched = inside this community's real-part IQR",pixel,1988-2022 (35 water years),unzoned standard-grazing country,0.06235142839918241
U0377,Inland Floodplain Shrublands / Swamps,inland,1,0.0623514283991824,60.719128,,28.571428,0,0,0,0,0,,,,,,,,,,,,1,"1 by construction: a patch is defined as a single 8-connected component, unlike a real part which may be several","veg_p05_spatial_mean_over_years and veg_p05_temporal_mean are DIFFERENT METRICS and are never co-plotted, differenced or captioned with one word. Arm B uses the first, Arm A the second.",offset is against Arm A's zoned DISPLAY SMOOTHER on the temporal metric: not a residual and not a test. NA where the patch is outside the zoned water range.,"115-part: 52.697196 + 0.547274 x mean water; 64-paddock: 52.652934 + 0.547838 x mean water. Both APPLIED, neither refitted.","8-connected component within one vegetation community, outside every management zone","meets_support_rule = >=25 water years with >=30 valid cells; meets_500_cells = the PARTSCATTER floor used by Arm A; meets_bare_33_cells = v1's threshold, for contrast; size_matched = inside this community's real-part IQR",pixel,1988-2022 (35 water years),unzoned standard-grazing country,0.06235142839918241
U0378,Inland Floodplain Shrublands / Swamps,inland,3,0.1870542851975472,66.76176,0.38657868,30.47619,0,0,0,0,0,,,,,,,,,,,,1,"1 by construction: a patch is defined as a single 8-connected component, unlike a real part which may be several","veg_p05_spatial_mean_over_years and veg_p05_temporal_mean are DIFFERENT METRICS and are never co-plotted, differenced or captioned with one word. Arm B uses the first, Arm A the second.",offset is against Arm A's zoned DISPLAY SMOOTHER on the temporal metric: not a residual and not a test. NA where the patch is outside the zoned water range.,"115-part: 52.697196 + 0.547274 x mean water; 64-paddock: 52.652934 + 0.547838 x mean water. Both APPLIED, neither refitted.","8-connected component within one vegetation community, outside every management zone","meets_support_rule = >=25 water years with >=30 valid cells; meets_500_cells = the PARTSCATTER floor used by Arm A; meets_bare_33_cells = v1's threshold, for contrast; size_matched = inside this community's real-part IQR",pixel,1988-2022 (35 water years),unzoned standard-grazing country,0.06235142839918241
U0379,Inland Floodplain Shrublands / Swamps,inland,2,0.1247028567983648,64.86078,0.23368101,28.571428,0,0,0,0,0,,,,,,,,,,,,1,"1 by construction: a patch is defined as a single 8-connected component, unlike a real part which may be several","veg_p05_spatial_mean_over_years and veg_p05_temporal_mean are DIFFERENT METRICS and are never co-plotted, differenced or captioned with one word. Arm B uses the first, Arm A the second.",offset is against Arm A's zoned DISPLAY SMOOTHER on the temporal metric: not a residual and not a test. NA where the patch is outside the zoned water range.,"115-part: 52.697196 + 0.547274 x mean water; 64-paddock: 52.652934 + 0.547838 x mean water. Both APPLIED, neither refitted.","8-connected component within one vegetation community, outside every management zone","meets_support_rule = >=25 water years with >=30 valid cells; meets_500_cells = the PARTSCATTER floor used by Arm A; meets_bare_33_cells = v1's threshold, for contrast; size_matched = inside this community's real-part IQR",pixel,1988-2022 (35 water years),unzoned standard-grazing country,0.06235142839918241
U0380,Inland Floodplain Shrublands / Swamps,inland,1379,85.98261976247254,51.457565,10.885764,21.09396,35,1,1,1,0,65.73133553641182,21.093960426810316,35.0,0.1934422617857946,0.3875714040521711,0.5497972082564343,1.0,-3.93336198079432,"DESCRIPTIVE OFFSET from the zoned display smoother; not a residual, not a test",1.4899689290593727,1.5223284441089078,1,"1 by construction: a patch is defined as a single 8-connected component, unlike a real part which may be several","veg_p05_spatial_mean_over_years and veg_p05_temporal_mean are DIFFERENT METRICS and are never co-plotted, differenced or captioned with one word. Arm B uses the first, Arm A the second.",offset is against Arm A's zoned DISPLAY SMOOTHER on the temporal metric: not a residual and not a test. NA where the patch is outside the zoned water range.,"115-part: 52.697196 + 0.547274 x mean water; 64-paddock: 52.652934 + 0.547838 x mean water. Both APPLIED, neither refitted.","8-connected component within one vegetation community, outside every management zone","meets_support_rule = >=25 water years with >=30 valid cells; meets_500_cells = the PARTSCATTER floor used by Arm A; meets_bare_33_cells = v1's threshold, for contrast; size_matched = inside this community's real-part IQR",pixel,1988-2022 (35 water years),unzoned standard-grazing country,0.06235142839918241
U0381,Inland Floodplain Shrublands / Swamps,inland,1,0.0623514283991824,69.06259,,40.0,0,0,0,0,0,,,,,,,,,,,,1,"1 by construction: a patch is defined as a single 8-connected component, unlike a real part which may be several","veg_p05_spatial_mean_over_years and veg_p05_temporal_mean are DIFFERENT METRICS and are never co-plotted, differenced or captioned with one word. Arm B uses the first, Arm A the second.",offset is against Arm A's zoned DISPLAY SMOOTHER on the temporal metric: not a residual and not a test. NA where the patch is outside the zoned water range.,"115-part: 52.697196 + 0.547274 x mean water; 64-paddock: 52.652934 + 0.547838 x mean water. Both APPLIED, neither refitted.","8-connected component within one vegetation community, outside every management zone","meets_support_rule = >=25 water years with >=30 valid cells; meets_500_cells = the PARTSCATTER floor used by Arm A; meets_bare_33_cells = v1's threshold, for contrast; size_matched = inside this community's real-part IQR",pixel,1988-2022 (35 water years),unzoned standard-grazing country,0.06235142839918241
U0382,Inland Floodplain Shrublands / Swamps,inland,2,0.1247028567983648,65.015396,0.5417185,28.571428,0,0,0,0,0,,,,,,,,,,,,1,"1 by construction: a patch is defined as a single 8-connected component, unlike a real part which may be several","veg_p05_spatial_mean_over_years and veg_p05_temporal_mean are DIFFERENT METRICS and are never co-plotted, differenced or captioned with one word. Arm B uses the first, Arm A the second.",offset is against Arm A's zoned DISPLAY SMOOTHER on the temporal metric: not a residual and not a test. NA where the patch is outside the zoned water range.,"115-part: 52.697196 + 0.547274 x mean water; 64-paddock: 52.652934 + 0.547838 x mean water. Both APPLIED, neither refitted.","8-connected component within one vegetation community, outside every management zone","meets_support_rule = >=25 water years with >=30 valid cells; meets_500_cells = the PARTSCATTER floor used by Arm A; meets_bare_33_cells = v1's threshold, for contrast; size_matched = inside this community's real-part IQR",pixel,1988-2022 (35 water years),unzoned standard-grazing country,0.06235142839918241
U0383,Inland Floodplain Shrublands / Swamps,inland,1,0.0623514283991824,57.561123,,14.285714,0,0,0,0,0,,,,,,,,,,,,1,"1 by construction: a patch is defined as a single 8-connected component, unlike a real part which may be several","veg_p05_spatial_mean_over_years and veg_p05_temporal_mean are DIFFERENT METRICS and are never co-plotted, differenced or captioned with one word. Arm B uses the first, Arm A the second.",offset is against Arm A's zoned DISPLAY SMOOTHER on the temporal metric: not a residual and not a test. NA where the patch is outside the zoned water range.,"115-part: 52.697196 + 0.547274 x mean water; 64-paddock: 52.652934 + 0.547838 x mean water. Both APPLIED, neither refitted.","8-connected component within one vegetation community, outside every management zone","meets_support_rule = >=25 water years with >=30 valid cells; meets_500_cells = the PARTSCATTER floor used by Arm A; meets_bare_33_cells = v1's threshold, for contrast; size_matched = inside this community's real-part IQR",pixel,1988-2022 (35 water years),unzoned standard-grazing country,0.06235142839918241
U0384,Inland Floodplain Shrublands / Swamps,inland,1,0.0623514283991824,67.31373,,25.714285,0,0,0,0,0,,,,,,,,,,,,1,"1 by construction: a patch is defined as a single 8-connected component, unlike a real part which may be several","veg_p05_spatial_mean_over_years and veg_p05_temporal_mean are DIFFERENT METRICS and are never co-plotted, differenced or captioned with one word. Arm B uses the first, Arm A the second.",offset is against Arm A's zoned DISPLAY SMOOTHER on the temporal metric: not a residual and not a test. NA where the patch is outside the zoned water range.,"115-part: 52.697196 + 0.547274 x mean water; 64-paddock: 52.652934 + 0.547838 x mean water. Both APPLIED, neither refitted.","8-connected component within one vegetation community, outside every management zone","meets_support_rule = >=25 water years with >=30 valid cells; meets_500_cells = the PARTSCATTER floor used by Arm A; meets_bare_33_cells = v1's threshold, for contrast; size_matched = inside this community's real-part IQR",pixel,1988-2022 (35 water years),unzoned standard-grazing country,0.06235142839918241
U0385,Inland Floodplain Shrublands / Swamps,inland,1,0.0623514283991824,64.74705,,25.714285,0,0,0,0,0,,,,,,,,,,,,1,"1 by construction: a patch is defined as a single 8-connected component, unlike a real part which may be several","veg_p05_spatial_mean_over_years and veg_p05_temporal_mean are DIFFERENT METRICS and are never co-plotted, differenced or captioned with one word. Arm B uses the first, Arm A the second.",offset is against Arm A's zoned DISPLAY SMOOTHER on the temporal metric: not a residual and not a test. NA where the patch is outside the zoned water range.,"115-part: 52.697196 + 0.547274 x mean water; 64-paddock: 52.652934 + 0.547838 x mean water. Both APPLIED, neither refitted.","8-connected component within one vegetation community, outside every management zone","meets_support_rule = >=25 water years with >=30 valid cells; meets_500_cells = the PARTSCATTER floor used by Arm A; meets_bare_33_cells = v1's threshold, for contrast; size_matched = inside this community's real-part IQR",pixel,1988-2022 (35 water years),unzoned standard-grazing country,0.06235142839918241
U0386,Inland Floodplain Shrublands / Swamps,inland,1,0.0623514283991824,70.58467,,40.0,0,0,0,0,0,,,,,,,,,,,,1,"1 by construction: a patch is defined as a single 8-connected component, unlike a real part which may be several","veg_p05_spatial_mean_over_years and veg_p05_temporal_mean are DIFFERENT METRICS and are never co-plotted, differenced or captioned with one word. Arm B uses the first, Arm A the second.",offset is against Arm A's zoned DISPLAY SMOOTHER on the temporal metric: not a residual and not a test. NA where the patch is outside the zoned water range.,"115-part: 52.697196 + 0.547274 x mean water; 64-paddock: 52.652934 + 0.547838 x mean water. Both APPLIED, neither refitted.","8-connected component within one vegetation community, outside every management zone","meets_support_rule = >=25 water years with >=30 valid cells; meets_500_cells = the PARTSCATTER floor used by Arm A; meets_bare_33_cells = v1's threshold, for contrast; size_matched = inside this community's real-part IQR",pixel,1988-2022 (35 water years),unzoned standard-grazing country,0.06235142839918241
U0387,Inland Floodplain Shrublands / Swamps,inland,1,0.0623514283991824,63.775852,,25.714285,0,0,0,0,0,,,,,,,,,,,,1,"1 by construction: a patch is defined as a single 8-connected component, unlike a real part which may be several","veg_p05_spatial_mean_over_years and veg_p05_temporal_mean are DIFFERENT METRICS and are never co-plotted, differenced or captioned with one word. Arm B uses the first, Arm A the second.",offset is against Arm A's zoned DISPLAY SMOOTHER on the temporal metric: not a residual and not a test. NA where the patch is outside the zoned water range.,"115-part: 52.697196 + 0.547274 x mean water; 64-paddock: 52.652934 + 0.547838 x mean water. Both APPLIED, neither refitted.","8-connected component within one vegetation community, outside every management zone","meets_support_rule = >=25 water years with >=30 valid cells; meets_500_cells = the PARTSCATTER floor used by Arm A; meets_bare_33_cells = v1's threshold, for contrast; size_matched = inside this community's real-part IQR",pixel,1988-2022 (35 water years),unzoned standard-grazing country,0.06235142839918241
U0388,Inland Floodplain Shrublands / Swamps,inland,13,0.8105685691893714,42.527668,6.142449,15.164835,0,0,0,0,0,,,,,,,,,,,,1,"1 by construction: a patch is defined as a single 8-connected component, unlike a real part which may be several","veg_p05_spatial_mean_over_years and veg_p05_temporal_mean are DIFFERENT METRICS and are never co-plotted, differenced or captioned with one word. Arm B uses the first, Arm A the second.",offset is against Arm A's zoned DISPLAY SMOOTHER on the temporal metric: not a residual and not a test. NA where the patch is outside the zoned water range.,"115-part: 52.697196 + 0.547274 x mean water; 64-paddock: 52.652934 + 0.547838 x mean water. Both APPLIED, neither refitted.","8-connected component within one vegetation community, outside every management zone","meets_support_rule = >=25 water years with >=30 valid cells; meets_500_cells = the PARTSCATTER floor used by Arm A; meets_bare_33_cells = v1's threshold, for contrast; size_matched = inside this community's real-part IQR",pixel,1988-2022 (35 water years),unzoned standard-grazing country,0.06235142839918241
U0389,Inland Floodplain Shrublands / Swamps,inland,5,0.311757141995912,44.96008,4.631081,4.0,0,0,0,0,0,,,,,,,,,,,,1,"1 by construction: a patch is defined as a single 8-connected component, unlike a real part which may be several","veg_p05_spatial_mean_over_years and veg_p05_temporal_mean are DIFFERENT METRICS and are never co-plotted, differenced or captioned with one word. Arm B uses the first, Arm A the second.",offset is against Arm A's zoned DISPLAY SMOOTHER on the temporal metric: not a residual and not a test. NA where the patch is outside the zoned water range.,"115-part: 52.697196 + 0.547274 x mean water; 64-paddock: 52.652934 + 0.547838 x mean water. Both APPLIED, neither refitted.","8-connected component within one vegetation community, outside every management zone","meets_support_rule = >=25 water years with >=30 valid cells; meets_500_cells = the PARTSCATTER floor used by Arm A; meets_bare_33_cells = v1's threshold, for contrast; size_matched = inside this community's real-part IQR",pixel,1988-2022 (35 water years),unzoned standard-grazing country,0.06235142839918241
U0390,Inland Floodplain Shrublands / Swamps,inland,1,0.0623514283991824,81.81417,,62.857143,0,0,0,0,0,,,,,,,,,,,,1,"1 by construction: a patch is defined as a single 8-connected component, unlike a real part which may be several","veg_p05_spatial_mean_over_years and veg_p05_temporal_mean are DIFFERENT METRICS and are never co-plotted, differenced or captioned with one word. Arm B uses the first, Arm A the second.",offset is against Arm A's zoned DISPLAY SMOOTHER on the temporal metric: not a residual and not a test. NA where the patch is outside the zoned water range.,"115-part: 52.697196 + 0.547274 x mean water; 64-paddock: 52.652934 + 0.547838 x mean water. Both APPLIED, neither refitted.","8-connected component within one vegetation community, outside every management zone","meets_support_rule = >=25 water years with >=30 valid cells; meets_500_cells = the PARTSCATTER floor used by Arm A; meets_bare_33_cells = v1's threshold, for contrast; size_matched = inside this community's real-part IQR",pixel,1988-2022 (35 water years),unzoned standard-grazing country,0.06235142839918241
U0391,Inland Floodplain Shrublands / Swamps,inland,1,0.0623514283991824,70.666374,,40.0,0,0,0,0,0,,,,,,,,,,,,1,"1 by construction: a patch is defined as a single 8-connected component, unlike a real part which may be several","veg_p05_spatial_mean_over_years and veg_p05_temporal_mean are DIFFERENT METRICS and are never co-plotted, differenced or captioned with one word. Arm B uses the first, Arm A the second.",offset is against Arm A's zoned DISPLAY SMOOTHER on the temporal metric: not a residual and not a test. NA where the patch is outside the zoned water range.,"115-part: 52.697196 + 0.547274 x mean water; 64-paddock: 52.652934 + 0.547838 x mean water. Both APPLIED, neither refitted.","8-connected component within one vegetation community, outside every management zone","meets_support_rule = >=25 water years with >=30 valid cells; meets_500_cells = the PARTSCATTER floor used by Arm A; meets_bare_33_cells = v1's threshold, for contrast; size_matched = inside this community's real-part IQR",pixel,1988-2022 (35 water years),unzoned standard-grazing country,0.06235142839918241
U0392,Inland Floodplain Shrublands / Swamps,inland,2,0.1247028567983648,62.625725,0.7980388,31.428572,0,0,0,0,0,,,,,,,,,,,,1,"1 by construction: a patch is defined as a single 8-connected component, unlike a real part which may be several","veg_p05_spatial_mean_over_years and veg_p05_temporal_mean are DIFFERENT METRICS and are never co-plotted, differenced or captioned with one word. Arm B uses the first, Arm A the second.",offset is against Arm A's zoned DISPLAY SMOOTHER on the temporal metric: not a residual and not a test. NA where the patch is outside the zoned water range.,"115-part: 52.697196 + 0.547274 x mean water; 64-paddock: 52.652934 + 0.547838 x mean water. Both APPLIED, neither refitted.","8-connected component within one vegetation community, outside every management zone","meets_support_rule = >=25 water years with >=30 valid cells; meets_500_cells = the PARTSCATTER floor used by Arm A; meets_bare_33_cells = v1's threshold, for contrast; size_matched = inside this community's real-part IQR",pixel,1988-2022 (35 water years),unzoned standard-grazing country,0.06235142839918241
U0393,Inland Floodplain Shrublands / Swamps,inland,56,3.491679990354215,54.26654,5.787656,15.357142,35,1,1,0,0,73.86220858437675,15.357142857142858,35.0,0.0677973647960273,0.1638230469841784,0.5393894121766767,1.0,,,12.760451545682677,12.796048155805316,1,"1 by construction: a patch is defined as a single 8-connected component, unlike a real part which may be several","veg_p05_spatial_mean_over_years and veg_p05_temporal_mean are DIFFERENT METRICS and are never co-plotted, differenced or captioned with one word. Arm B uses the first, Arm A the second.",offset is against Arm A's zoned DISPLAY SMOOTHER on the temporal metric: not a residual and not a test. NA where the patch is outside the zoned water range.,"115-part: 52.697196 + 0.547274 x mean water; 64-paddock: 52.652934 + 0.547838 x mean water. Both APPLIED, neither refitted.","8-connected component within one vegetation community, outside every management zone","meets_support_rule = >=25 water years with >=30 valid cells; meets_500_cells = the PARTSCATTER floor used by Arm A; meets_bare_33_cells = v1's threshold, for contrast; size_matched = inside this community's real-part IQR",pixel,1988-2022 (35 water years),unzoned standard-grazing country,0.06235142839918241
U0394,Inland Floodplain Shrublands / Swamps,inland,5,0.311757141995912,49.792816,8.589876,9.714285,0,0,0,0,0,,,,,,,,,,,,1,"1 by construction: a patch is defined as a single 8-connected component, unlike a real part which may be several","veg_p05_spatial_mean_over_years and veg_p05_temporal_mean are DIFFERENT METRICS and are never co-plotted, differenced or captioned with one word. Arm B uses the first, Arm A the second.",offset is against Arm A's zoned DISPLAY SMOOTHER on the temporal metric: not a residual and not a test. NA where the patch is outside the zoned water range.,"115-part: 52.697196 + 0.547274 x mean water; 64-paddock: 52.652934 + 0.547838 x mean water. Both APPLIED, neither refitted.","8-connected component within one vegetation community, outside every management zone","meets_support_rule = >=25 water years with >=30 valid cells; meets_500_cells = the PARTSCATTER floor used by Arm A; meets_bare_33_cells = v1's threshold, for contrast; size_matched = inside this community's real-part IQR",pixel,1988-2022 (35 water years),unzoned standard-grazing country,0.06235142839918241
U0395,Inland Floodplain Shrublands / Swamps,inland,1,0.0623514283991824,67.2086,,31.428572,0,0,0,0,0,,,,,,,,,,,,1,"1 by construction: a patch is defined as a single 8-connected component, unlike a real part which may be several","veg_p05_spatial_mean_over_years and veg_p05_temporal_mean are DIFFERENT METRICS and are never co-plotted, differenced or captioned with one word. Arm B uses the first, Arm A the second.",offset is against Arm A's zoned DISPLAY SMOOTHER on the temporal metric: not a residual and not a test. NA where the patch is outside the zoned water range.,"115-part: 52.697196 + 0.547274 x mean water; 64-paddock: 52.652934 + 0.547838 x mean water. Both APPLIED, neither refitted.","8-connected component within one vegetation community, outside every management zone","meets_support_rule = >=25 water years with >=30 valid cells; meets_500_cells = the PARTSCATTER floor used by Arm A; meets_bare_33_cells = v1's threshold, for contrast; size_matched = inside this community's real-part IQR",pixel,1988-2022 (35 water years),unzoned standard-grazing country,0.06235142839918241
U0396,Inland Floodplain Shrublands / Swamps,inland,1,0.0623514283991824,59.920578,,31.428572,0,0,0,0,0,,,,,,,,,,,,1,"1 by construction: a patch is defined as a single 8-connected component, unlike a real part which may be several","veg_p05_spatial_mean_over_years and veg_p05_temporal_mean are DIFFERENT METRICS and are never co-plotted, differenced or captioned with one word. Arm B uses the first, Arm A the second.",offset is against Arm A's zoned DISPLAY SMOOTHER on the temporal metric: not a residual and not a test. NA where the patch is outside the zoned water range.,"115-part: 52.697196 + 0.547274 x mean water; 64-paddock: 52.652934 + 0.547838 x mean water. Both APPLIED, neither refitted.","8-connected component within one vegetation community, outside every management zone","meets_support_rule = >=25 water years with >=30 valid cells; meets_500_cells = the PARTSCATTER floor used by Arm A; meets_bare_33_cells = v1's threshold, for contrast; size_matched = inside this community's real-part IQR",pixel,1988-2022 (35 water years),unzoned standard-grazing country,0.06235142839918241
U0397,Inland Floodplain Shrublands / Swamps,inland,4,0.2494057135967296,59.221493,1.5822133,21.428572,0,0,0,0,0,,,,,,,,,,,,1,"1 by construction: a patch is defined as a single 8-connected component, unlike a real part which may be several","veg_p05_spatial_mean_over_years and veg_p05_temporal_mean are DIFFERENT METRICS and are never co-plotted, differenced or captioned with one word. Arm B uses the first, Arm A the second.",offset is against Arm A's zoned DISPLAY SMOOTHER on the temporal metric: not a residual and not a test. NA where the patch is outside the zoned water range.,"115-part: 52.697196 + 0.547274 x mean water; 64-paddock: 52.652934 + 0.547838 x mean water. Both APPLIED, neither refitted.","8-connected component within one vegetation community, outside every management zone","meets_support_rule = >=25 water years with >=30 valid cells; meets_500_cells = the PARTSCATTER floor used by Arm A; meets_bare_33_cells = v1's threshold, for contrast; size_matched = inside this community's real-part IQR",pixel,1988-2022 (35 water years),unzoned standard-grazing country,0.06235142839918241
U0398,Inland Floodplain Shrublands / Swamps,inland,1,0.0623514283991824,60.092197,,31.428572,0,0,0,0,0,,,,,,,,,,,,1,"1 by construction: a patch is defined as a single 8-connected component, unlike a real part which may be several","veg_p05_spatial_mean_over_years and veg_p05_temporal_mean are DIFFERENT METRICS and are never co-plotted, differenced or captioned with one word. Arm B uses the first, Arm A the second.",offset is against Arm A's zoned DISPLAY SMOOTHER on the temporal metric: not a residual and not a test. NA where the patch is outside the zoned water range.,"115-part: 52.697196 + 0.547274 x mean water; 64-paddock: 52.652934 + 0.547838 x mean water. Both APPLIED, neither refitted.","8-connected component within one vegetation community, outside every management zone","meets_support_rule = >=25 water years with >=30 valid cells; meets_500_cells = the PARTSCATTER floor used by Arm A; meets_bare_33_cells = v1's threshold, for contrast; size_matched = inside this community's real-part IQR",pixel,1988-2022 (35 water years),unzoned standard-grazing country,0.06235142839918241
U0399,Inland Floodplain Shrublands / Swamps,inland,4,0.2494057135967296,62.40097,3.4107385,24.285713,0,0,0,0,0,,,,,,,,,,,,1,"1 by construction: a patch is defined as a single 8-connected component, unlike a real part which may be several","veg_p05_spatial_mean_over_years and veg_p05_temporal_mean are DIFFERENT METRICS and are never co-plotted, differenced or captioned with one word. Arm B uses the first, Arm A the second.",offset is against Arm A's zoned DISPLAY SMOOTHER on the temporal metric: not a residual and not a test. NA where the patch is outside the zoned water range.,"115-part: 52.697196 + 0.547274 x mean water; 64-paddock: 52.652934 + 0.547838 x mean water. Both APPLIED, neither refitted.","8-connected component within one vegetation community, outside every management zone","meets_support_rule = >=25 water years with >=30 valid cells; meets_500_cells = the PARTSCATTER floor used by Arm A; meets_bare_33_cells = v1's threshold, for contrast; size_matched = inside this community's real-part IQR",pixel,1988-2022 (35 water years),unzoned standard-grazing country,0.06235142839918241
U0400,Inland Floodplain Shrublands / Swamps,inland,1,0.0623514283991824,56.561634,,28.571428,0,0,0,0,0,,,,,,,,,,,,1,"1 by construction: a patch is defined as a single 8-connected component, unlike a real part which may be several","veg_p05_spatial_mean_over_years and veg_p05_temporal_mean are DIFFERENT METRICS and are never co-plotted, differenced or captioned with one word. Arm B uses the first, Arm A the second.",offset is against Arm A's zoned DISPLAY SMOOTHER on the temporal metric: not a residual and not a test. NA where the patch is outside the zoned water range.,"115-part: 52.697196 + 0.547274 x mean water; 64-paddock: 52.652934 + 0.547838 x mean water. Both APPLIED, neither refitted.","8-connected component within one vegetation community, outside every management zone","meets_support_rule = >=25 water years with >=30 valid cells; meets_500_cells = the PARTSCATTER floor used by Arm A; meets_bare_33_cells = v1's threshold, for contrast; size_matched = inside this community's real-part IQR",pixel,1988-2022 (35 water years),unzoned standard-grazing country,0.06235142839918241
U0401,Inland Floodplain Shrublands / Swamps,inland,4,0.2494057135967296,55.55787,5.0732374,35.714287,0,0,0,0,0,,,,,,,,,,,,1,"1 by construction: a patch is defined as a single 8-connected component, unlike a real part which may be several","veg_p05_spatial_mean_over_years and veg_p05_temporal_mean are DIFFERENT METRICS and are never co-plotted, differenced or captioned with one word. Arm B uses the first, Arm A the second.",offset is against Arm A's zoned DISPLAY SMOOTHER on the temporal metric: not a residual and not a test. NA where the patch is outside the zoned water range.,"115-part: 52.697196 + 0.547274 x mean water; 64-paddock: 52.652934 + 0.547838 x mean water. Both APPLIED, neither refitted.","8-connected component within one vegetation community, outside every management zone","meets_support_rule = >=25 water years with >=30 valid cells; meets_500_cells = the PARTSCATTER floor used by Arm A; meets_bare_33_cells = v1's threshold, for contrast; size_matched = inside this community's real-part IQR",pixel,1988-2022 (35 water years),unzoned standard-grazing country,0.06235142839918241
U0402,Inland Floodplain Shrublands / Swamps,inland,2,0.1247028567983648,70.263596,0.582665,58.571426,0,0,0,0,0,,,,,,,,,,,,1,"1 by construction: a patch is defined as a single 8-connected component, unlike a real part which may be several","veg_p05_spatial_mean_over_years and veg_p05_temporal_mean are DIFFERENT METRICS and are never co-plotted, differenced or captioned with one word. Arm B uses the first, Arm A the second.",offset is against Arm A's zoned DISPLAY SMOOTHER on the temporal metric: not a residual and not a test. NA where the patch is outside the zoned water range.,"115-part: 52.697196 + 0.547274 x mean water; 64-paddock: 52.652934 + 0.547838 x mean water. Both APPLIED, neither refitted.","8-connected component within one vegetation community, outside every management zone","meets_support_rule = >=25 water years with >=30 valid cells; meets_500_cells = the PARTSCATTER floor used by Arm A; meets_bare_33_cells = v1's threshold, for contrast; size_matched = inside this community's real-part IQR",pixel,1988-2022 (35 water years),unzoned standard-grazing country,0.06235142839918241
U0403,Inland Floodplain Shrublands / Swamps,inland,34,2.119948565572202,63.46389,2.2101436,33.10924,35,1,1,0,0,76.60935611724854,33.10924369747899,35.0,0.0689107862530231,0.4042487272792243,0.2857869834625761,1.0,,,5.792340577605046,5.817920268509042,1,"1 by construction: a patch is defined as a single 8-connected component, unlike a real part which may be several","veg_p05_spatial_mean_over_years and veg_p05_temporal_mean are DIFFERENT METRICS and are never co-plotted, differenced or captioned with one word. Arm B uses the first, Arm A the second.",offset is against Arm A's zoned DISPLAY SMOOTHER on the temporal metric: not a residual and not a test. NA where the patch is outside the zoned water range.,"115-part: 52.697196 + 0.547274 x mean water; 64-paddock: 52.652934 + 0.547838 x mean water. Both APPLIED, neither refitted.","8-connected component within one vegetation community, outside every management zone","meets_support_rule = >=25 water years with >=30 valid cells; meets_500_cells = the PARTSCATTER floor used by Arm A; meets_bare_33_cells = v1's threshold, for contrast; size_matched = inside this community's real-part IQR",pixel,1988-2022 (35 water years),unzoned standard-grazing country,0.06235142839918241
U0404,Inland Floodplain Shrublands / Swamps,inland,7,0.4364599987942769,62.22359,1.0399532,47.7551,0,0,0,0,0,,,,,,,,,,,,1,"1 by construction: a patch is defined as a single 8-connected component, unlike a real part which may be several","veg_p05_spatial_mean_over_years and veg_p05_temporal_mean are DIFFERENT METRICS and are never co-plotted, differenced or captioned with one word. Arm B uses the first, Arm A the second.",offset is against Arm A's zoned DISPLAY SMOOTHER on the temporal metric: not a residual and not a test. NA where the patch is outside the zoned water range.,"115-part: 52.697196 + 0.547274 x mean water; 64-paddock: 52.652934 + 0.547838 x mean water. Both APPLIED, neither refitted.","8-connected component within one vegetation community, outside every management zone","meets_support_rule = >=25 water years with >=30 valid cells; meets_500_cells = the PARTSCATTER floor used by Arm A; meets_bare_33_cells = v1's threshold, for contrast; size_matched = inside this community's real-part IQR",pixel,1988-2022 (35 water years),unzoned standard-grazing country,0.06235142839918241
U0405,Inland Floodplain Shrublands / Swamps,inland,3,0.1870542851975472,73.7192,1.1119015,35.238094,0,0,0,0,0,,,,,,,,,,,,1,"1 by construction: a patch is defined as a single 8-connected component, unlike a real part which may be several","veg_p05_spatial_mean_over_years and veg_p05_temporal_mean are DIFFERENT METRICS and are never co-plotted, differenced or captioned with one word. Arm B uses the first, Arm A the second.",offset is against Arm A's zoned DISPLAY SMOOTHER on the temporal metric: not a residual and not a test. NA where the patch is outside the zoned water range.,"115-part: 52.697196 + 0.547274 x mean water; 64-paddock: 52.652934 + 0.547838 x mean water. Both APPLIED, neither refitted.","8-connected component within one vegetation community, outside every management zone","meets_support_rule = >=25 water years with >=30 valid cells; meets_500_cells = the PARTSCATTER floor used by Arm A; meets_bare_33_cells = v1's threshold, for contrast; size_matched = inside this community's real-part IQR",pixel,1988-2022 (35 water years),unzoned standard-grazing country,0.06235142839918241
U0406,Inland Floodplain Shrublands / Swamps,inland,1,0.0623514283991824,64.042046,,51.42857,0,0,0,0,0,,,,,,,,,,,,1,"1 by construction: a patch is defined as a single 8-connected component, unlike a real part which may be several","veg_p05_spatial_mean_over_years and veg_p05_temporal_mean are DIFFERENT METRICS and are never co-plotted, differenced or captioned with one word. Arm B uses the first, Arm A the second.",offset is against Arm A's zoned DISPLAY SMOOTHER on the temporal metric: not a residual and not a test. NA where the patch is outside the zoned water range.,"115-part: 52.697196 + 0.547274 x mean water; 64-paddock: 52.652934 + 0.547838 x mean water. Both APPLIED, neither refitted.","8-connected component within one vegetation community, outside every management zone","meets_support_rule = >=25 water years with >=30 valid cells; meets_500_cells = the PARTSCATTER floor used by Arm A; meets_bare_33_cells = v1's threshold, for contrast; size_matched = inside this community's real-part IQR",pixel,1988-2022 (35 water years),unzoned standard-grazing country,0.06235142839918241
U0407,Inland Floodplain Shrublands / Swamps,inland,10,0.6235142839918241,53.539978,3.783081,9.714286,0,0,0,0,0,,,,,,,,,,,,1,"1 by construction: a patch is defined as a single 8-connected component, unlike a real part which may be several","veg_p05_spatial_mean_over_years and veg_p05_temporal_mean are DIFFERENT METRICS and are never co-plotted, differenced or captioned with one word. Arm B uses the first, Arm A the second.",offset is against Arm A's zoned DISPLAY SMOOTHER on the temporal metric: not a residual and not a test. NA where the patch is outside the zoned water range.,"115-part: 52.697196 + 0.547274 x mean water; 64-paddock: 52.652934 + 0.547838 x mean water. Both APPLIED, neither refitted.","8-connected component within one vegetation community, outside every management zone","meets_support_rule = >=25 water years with >=30 valid cells; meets_500_cells = the PARTSCATTER floor used by Arm A; meets_bare_33_cells = v1's threshold, for contrast; size_matched = inside this community's real-part IQR",pixel,1988-2022 (35 water years),unzoned standard-grazing country,0.06235142839918241
U0408,Inland Floodplain Shrublands / Swamps,inland,3,0.1870542851975472,67.24582,2.3945327,32.38095,0,0,0,0,0,,,,,,,,,,,,1,"1 by construction: a patch is defined as a single 8-connected component, unlike a real part which may be several","veg_p05_spatial_mean_over_years and veg_p05_temporal_mean are DIFFERENT METRICS and are never co-plotted, differenced or captioned with one word. Arm B uses the first, Arm A the second.",offset is against Arm A's zoned DISPLAY SMOOTHER on the temporal metric: not a residual and not a test. NA where the patch is outside the zoned water range.,"115-part: 52.697196 + 0.547274 x mean water; 64-paddock: 52.652934 + 0.547838 x mean water. Both APPLIED, neither refitted.","8-connected component within one vegetation community, outside every management zone","meets_support_rule = >=25 water years with >=30 valid cells; meets_500_cells = the PARTSCATTER floor used by Arm A; meets_bare_33_cells = v1's threshold, for contrast; size_matched = inside this community's real-part IQR",pixel,1988-2022 (35 water years),unzoned standard-grazing country,0.06235142839918241
U0409,Inland Floodplain Shrublands / Swamps,inland,1,0.0623514283991824,65.05327,,51.42857,0,0,0,0,0,,,,,,,,,,,,1,"1 by construction: a patch is defined as a single 8-connected component, unlike a real part which may be several","veg_p05_spatial_mean_over_years and veg_p05_temporal_mean are DIFFERENT METRICS and are never co-plotted, differenced or captioned with one word. Arm B uses the first, Arm A the second.",offset is against Arm A's zoned DISPLAY SMOOTHER on the temporal metric: not a residual and not a test. NA where the patch is outside the zoned water range.,"115-part: 52.697196 + 0.547274 x mean water; 64-paddock: 52.652934 + 0.547838 x mean water. Both APPLIED, neither refitted.","8-connected component within one vegetation community, outside every management zone","meets_support_rule = >=25 water years with >=30 valid cells; meets_500_cells = the PARTSCATTER floor used by Arm A; meets_bare_33_cells = v1's threshold, for contrast; size_matched = inside this community's real-part IQR",pixel,1988-2022 (35 water years),unzoned standard-grazing country,0.06235142839918241
U0410,Inland Floodplain Shrublands / Swamps,inland,9,0.5611628555926417,50.51585,4.783101,5.714286,0,0,0,0,0,,,,,,,,,,,,1,"1 by construction: a patch is defined as a single 8-connected component, unlike a real part which may be several","veg_p05_spatial_mean_over_years and veg_p05_temporal_mean are DIFFERENT METRICS and are never co-plotted, differenced or captioned with one word. Arm B uses the first, Arm A the second.",offset is against Arm A's zoned DISPLAY SMOOTHER on the temporal metric: not a residual and not a test. NA where the patch is outside the zoned water range.,"115-part: 52.697196 + 0.547274 x mean water; 64-paddock: 52.652934 + 0.547838 x mean water. Both APPLIED, neither refitted.","8-connected component within one vegetation community, outside every management zone","meets_support_rule = >=25 water years with >=30 valid cells; meets_500_cells = the PARTSCATTER floor used by Arm A; meets_bare_33_cells = v1's threshold, for contrast; size_matched = inside this community's real-part IQR",pixel,1988-2022 (35 water years),unzoned standard-grazing country,0.06235142839918241
U0411,Inland Floodplain Shrublands / Swamps,inland,2,0.1247028567983648,73.46165,0.94911736,38.571426,0,0,0,0,0,,,,,,,,,,,,1,"1 by construction: a patch is defined as a single 8-connected component, unlike a real part which may be several","veg_p05_spatial_mean_over_years and veg_p05_temporal_mean are DIFFERENT METRICS and are never co-plotted, differenced or captioned with one word. Arm B uses the first, Arm A the second.",offset is against Arm A's zoned DISPLAY SMOOTHER on the temporal metric: not a residual and not a test. NA where the patch is outside the zoned water range.,"115-part: 52.697196 + 0.547274 x mean water; 64-paddock: 52.652934 + 0.547838 x mean water. Both APPLIED, neither refitted.","8-connected component within one vegetation community, outside every management zone","meets_support_rule = >=25 water years with >=30 valid cells; meets_500_cells = the PARTSCATTER floor used by Arm A; meets_bare_33_cells = v1's threshold, for contrast; size_matched = inside this community's real-part IQR",pixel,1988-2022 (35 water years),unzoned standard-grazing country,0.06235142839918241
U0412,Inland Floodplain Shrublands / Swamps,inland,1,0.0623514283991824,82.30806,,65.71429,0,0,0,0,0,,,,,,,,,,,,1,"1 by construction: a patch is defined as a single 8-connected component, unlike a real part which may be several","veg_p05_spatial_mean_over_years and veg_p05_temporal_mean are DIFFERENT METRICS and are never co-plotted, differenced or captioned with one word. Arm B uses the first, Arm A the second.",offset is against Arm A's zoned DISPLAY SMOOTHER on the temporal metric: not a residual and not a test. NA where the patch is outside the zoned water range.,"115-part: 52.697196 + 0.547274 x mean water; 64-paddock: 52.652934 + 0.547838 x mean water. Both APPLIED, neither refitted.","8-connected component within one vegetation community, outside every management zone","meets_support_rule = >=25 water years with >=30 valid cells; meets_500_cells = the PARTSCATTER floor used by Arm A; meets_bare_33_cells = v1's threshold, for contrast; size_matched = inside this community's real-part IQR",pixel,1988-2022 (35 water years),unzoned standard-grazing country,0.06235142839918241
U0413,Inland Floodplain Shrublands / Swamps,inland,1,0.0623514283991824,69.200554,,40.0,0,0,0,0,0,,,,,,,,,,,,1,"1 by construction: a patch is defined as a single 8-connected component, unlike a real part which may be several","veg_p05_spatial_mean_over_years and veg_p05_temporal_mean are DIFFERENT METRICS and are never co-plotted, differenced or captioned with one word. Arm B uses the first, Arm A the second.",offset is against Arm A's zoned DISPLAY SMOOTHER on the temporal metric: not a residual and not a test. NA where the patch is outside the zoned water range.,"115-part: 52.697196 + 0.547274 x mean water; 64-paddock: 52.652934 + 0.547838 x mean water. Both APPLIED, neither refitted.","8-connected component within one vegetation community, outside every management zone","meets_support_rule = >=25 water years with >=30 valid cells; meets_500_cells = the PARTSCATTER floor used by Arm A; meets_bare_33_cells = v1's threshold, for contrast; size_matched = inside this community's real-part IQR",pixel,1988-2022 (35 water years),unzoned standard-grazing country,0.06235142839918241
U0414,Inland Floodplain Shrublands / Swamps,inland,9,0.5611628555926417,54.109966,3.2228935,15.238094,0,0,0,0,0,,,,,,,,,,,,1,"1 by construction: a patch is defined as a single 8-connected component, unlike a real part which may be several","veg_p05_spatial_mean_over_years and veg_p05_temporal_mean are DIFFERENT METRICS and are never co-plotted, differenced or captioned with one word. Arm B uses the first, Arm A the second.",offset is against Arm A's zoned DISPLAY SMOOTHER on the temporal metric: not a residual and not a test. NA where the patch is outside the zoned water range.,"115-part: 52.697196 + 0.547274 x mean water; 64-paddock: 52.652934 + 0.547838 x mean water. Both APPLIED, neither refitted.","8-connected component within one vegetation community, outside every management zone","meets_support_rule = >=25 water years with >=30 valid cells; meets_500_cells = the PARTSCATTER floor used by Arm A; meets_bare_33_cells = v1's threshold, for contrast; size_matched = inside this community's real-part IQR",pixel,1988-2022 (35 water years),unzoned standard-grazing country,0.06235142839918241
U0415,Inland Floodplain Shrublands / Swamps,inland,2,0.1247028567983648,71.10159,1.1029824,50.0,0,0,0,0,0,,,,,,,,,,,,1,"1 by construction: a patch is defined as a single 8-connected component, unlike a real part which may be several","veg_p05_spatial_mean_over_years and veg_p05_temporal_mean are DIFFERENT METRICS and are never co-plotted, differenced or captioned with one word. Arm B uses the first, Arm A the second.",offset is against Arm A's zoned DISPLAY SMOOTHER on the temporal metric: not a residual and not a test. NA where the patch is outside the zoned water range.,"115-part: 52.697196 + 0.547274 x mean water; 64-paddock: 52.652934 + 0.547838 x mean water. Both APPLIED, neither refitted.","8-connected component within one vegetation community, outside every management zone","meets_support_rule = >=25 water years with >=30 valid cells; meets_500_cells = the PARTSCATTER floor used by Arm A; meets_bare_33_cells = v1's threshold, for contrast; size_matched = inside this community's real-part IQR",pixel,1988-2022 (35 water years),unzoned standard-grazing country,0.06235142839918241
U0416,Inland Floodplain Shrublands / Swamps,inland,3,0.1870542851975472,46.384083,1.8738322,10.47619,0,0,0,0,0,,,,,,,,,,,,1,"1 by construction: a patch is defined as a single 8-connected component, unlike a real part which may be several","veg_p05_spatial_mean_over_years and veg_p05_temporal_mean are DIFFERENT METRICS and are never co-plotted, differenced or captioned with one word. Arm B uses the first, Arm A the second.",offset is against Arm A's zoned DISPLAY SMOOTHER on the temporal metric: not a residual and not a test. NA where the patch is outside the zoned water range.,"115-part: 52.697196 + 0.547274 x mean water; 64-paddock: 52.652934 + 0.547838 x mean water. Both APPLIED, neither refitted.","8-connected component within one vegetation community, outside every management zone","meets_support_rule = >=25 water years with >=30 valid cells; meets_500_cells = the PARTSCATTER floor used by Arm A; meets_bare_33_cells = v1's threshold, for contrast; size_matched = inside this community's real-part IQR",pixel,1988-2022 (35 water years),unzoned standard-grazing country,0.06235142839918241
U0417,Inland Floodplain Shrublands / Swamps,inland,2,0.1247028567983648,54.264717,4.001385,31.428572,0,0,0,0,0,,,,,,,,,,,,1,"1 by construction: a patch is defined as a single 8-connected component, unlike a real part which may be several","veg_p05_spatial_mean_over_years and veg_p05_temporal_mean are DIFFERENT METRICS and are never co-plotted, differenced or captioned with one word. Arm B uses the first, Arm A the second.",offset is against Arm A's zoned DISPLAY SMOOTHER on the temporal metric: not a residual and not a test. NA where the patch is outside the zoned water range.,"115-part: 52.697196 + 0.547274 x mean water; 64-paddock: 52.652934 + 0.547838 x mean water. Both APPLIED, neither refitted.","8-connected component within one vegetation community, outside every management zone","meets_support_rule = >=25 water years with >=30 valid cells; meets_500_cells = the PARTSCATTER floor used by Arm A; meets_bare_33_cells = v1's threshold, for contrast; size_matched = inside this community's real-part IQR",pixel,1988-2022 (35 water years),unzoned standard-grazing country,0.06235142839918241
U0418,Inland Floodplain Shrublands / Swamps,inland,1,0.0623514283991824,72.85358,,51.42857,0,0,0,0,0,,,,,,,,,,,,1,"1 by construction: a patch is defined as a single 8-connected component, unlike a real part which may be several","veg_p05_spatial_mean_over_years and veg_p05_temporal_mean are DIFFERENT METRICS and are never co-plotted, differenced or captioned with one word. Arm B uses the first, Arm A the second.",offset is against Arm A's zoned DISPLAY SMOOTHER on the temporal metric: not a residual and not a test. NA where the patch is outside the zoned water range.,"115-part: 52.697196 + 0.547274 x mean water; 64-paddock: 52.652934 + 0.547838 x mean water. Both APPLIED, neither refitted.","8-connected component within one vegetation community, outside every management zone","meets_support_rule = >=25 water years with >=30 valid cells; meets_500_cells = the PARTSCATTER floor used by Arm A; meets_bare_33_cells = v1's threshold, for contrast; size_matched = inside this community's real-part IQR",pixel,1988-2022 (35 water years),unzoned standard-grazing country,0.06235142839918241
U0419,Inland Floodplain Shrublands / Swamps,inland,17727,1105.3037712323066,41.930824,14.214143,10.764693,35,1,1,1,0,61.63438117163522,10.764693083190291,35.0,0.5454759684794107,0.4664291360816878,0.5280856027597648,1.0,-8.60396262330201,"DESCRIPTIVE OFFSET from the zoned display smoother; not a residual, not a test",3.045951265761289,3.0841392423264153,1,"1 by construction: a patch is defined as a single 8-connected component, unlike a real part which may be several","veg_p05_spatial_mean_over_years and veg_p05_temporal_mean are DIFFERENT METRICS and are never co-plotted, differenced or captioned with one word. Arm B uses the first, Arm A the second.",offset is against Arm A's zoned DISPLAY SMOOTHER on the temporal metric: not a residual and not a test. NA where the patch is outside the zoned water range.,"115-part: 52.697196 + 0.547274 x mean water; 64-paddock: 52.652934 + 0.547838 x mean water. Both APPLIED, neither refitted.","8-connected component within one vegetation community, outside every management zone","meets_support_rule = >=25 water years with >=30 valid cells; meets_500_cells = the PARTSCATTER floor used by Arm A; meets_bare_33_cells = v1's threshold, for contrast; size_matched = inside this community's real-part IQR",pixel,1988-2022 (35 water years),unzoned standard-grazing country,0.06235142839918241
U0420,Inland Floodplain Shrublands / Swamps,inland,1,0.0623514283991824,75.52389,,45.714287,0,0,0,0,0,,,,,,,,,,,,1,"1 by construction: a patch is defined as a single 8-connected component, unlike a real part which may be several","veg_p05_spatial_mean_over_years and veg_p05_temporal_mean are DIFFERENT METRICS and are never co-plotted, differenced or captioned with one word. Arm B uses the first, Arm A the second.",offset is against Arm A's zoned DISPLAY SMOOTHER on the temporal metric: not a residual and not a test. NA where the patch is outside the zoned water range.,"115-part: 52.697196 + 0.547274 x mean water; 64-paddock: 52.652934 + 0.547838 x mean water. Both APPLIED, neither refitted.","8-connected component within one vegetation community, outside every management zone","meets_support_rule = >=25 water years with >=30 valid cells; meets_500_cells = the PARTSCATTER floor used by Arm A; meets_bare_33_cells = v1's threshold, for contrast; size_matched = inside this community's real-part IQR",pixel,1988-2022 (35 water years),unzoned standard-grazing country,0.06235142839918241
U0421,Inland Floodplain Shrublands / Swamps,inland,6,0.3741085703950945,49.92214,0.7833479,13.809524,0,0,0,0,0,,,,,,,,,,,,1,"1 by construction: a patch is defined as a single 8-connected component, unlike a real part which may be several","veg_p05_spatial_mean_over_years and veg_p05_temporal_mean are DIFFERENT METRICS and are never co-plotted, differenced or captioned with one word. Arm B uses the first, Arm A the second.",offset is against Arm A's zoned DISPLAY SMOOTHER on the temporal metric: not a residual and not a test. NA where the patch is outside the zoned water range.,"115-part: 52.697196 + 0.547274 x mean water; 64-paddock: 52.652934 + 0.547838 x mean water. Both APPLIED, neither refitted.","8-connected component within one vegetation community, outside every management zone","meets_support_rule = >=25 water years with >=30 valid cells; meets_500_cells = the PARTSCATTER floor used by Arm A; meets_bare_33_cells = v1's threshold, for contrast; size_matched = inside this community's real-part IQR",pixel,1988-2022 (35 water years),unzoned standard-grazing country,0.06235142839918241
U0422,Inland Floodplain Shrublands / Swamps,inland,1,0.0623514283991824,68.30846,,37.142857,0,0,0,0,0,,,,,,,,,,,,1,"1 by construction: a patch is defined as a single 8-connected component, unlike a real part which may be several","veg_p05_spatial_mean_over_years and veg_p05_temporal_mean are DIFFERENT METRICS and are never co-plotted, differenced or captioned with one word. Arm B uses the first, Arm A the second.",offset is against Arm A's zoned DISPLAY SMOOTHER on the temporal metric: not a residual and not a test. NA where the patch is outside the zoned water range.,"115-part: 52.697196 + 0.547274 x mean water; 64-paddock: 52.652934 + 0.547838 x mean water. Both APPLIED, neither refitted.","8-connected component within one vegetation community, outside every management zone","meets_support_rule = >=25 water years with >=30 valid cells; meets_500_cells = the PARTSCATTER floor used by Arm A; meets_bare_33_cells = v1's threshold, for contrast; size_matched = inside this community's real-part IQR",pixel,1988-2022 (35 water years),unzoned standard-grazing country,0.06235142839918241
U0423,Inland Floodplain Shrublands / Swamps,inland,2,0.1247028567983648,65.4899,0.16261536,42.857143,0,0,0,0,0,,,,,,,,,,,,1,"1 by construction: a patch is defined as a single 8-connected component, unlike a real part which may be several","veg_p05_spatial_mean_over_years and veg_p05_temporal_mean are DIFFERENT METRICS and are never co-plotted, differenced or captioned with one word. Arm B uses the first, Arm A the second.",offset is against Arm A's zoned DISPLAY SMOOTHER on the temporal metric: not a residual and not a test. NA where the patch is outside the zoned water range.,"115-part: 52.697196 + 0.547274 x mean water; 64-paddock: 52.652934 + 0.547838 x mean water. Both APPLIED, neither refitted.","8-connected component within one vegetation community, outside every management zone","meets_support_rule = >=25 water years with >=30 valid cells; meets_500_cells = the PARTSCATTER floor used by Arm A; meets_bare_33_cells = v1's threshold, for contrast; size_matched = inside this community's real-part IQR",pixel,1988-2022 (35 water years),unzoned standard-grazing country,0.06235142839918241
U0424,Inland Floodplain Shrublands / Swamps,inland,1,0.0623514283991824,65.8486,,57.142857,0,0,0,0,0,,,,,,,,,,,,1,"1 by construction: a patch is defined as a single 8-connected component, unlike a real part which may be several","veg_p05_spatial_mean_over_years and veg_p05_temporal_mean are DIFFERENT METRICS and are never co-plotted, differenced or captioned with one word. Arm B uses the first, Arm A the second.",offset is against Arm A's zoned DISPLAY SMOOTHER on the temporal metric: not a residual and not a test. NA where the patch is outside the zoned water range.,"115-part: 52.697196 + 0.547274 x mean water; 64-paddock: 52.652934 + 0.547838 x mean water. Both APPLIED, neither refitted.","8-connected component within one vegetation community, outside every management zone","meets_support_rule = >=25 water years with >=30 valid cells; meets_500_cells = the PARTSCATTER floor used by Arm A; meets_bare_33_cells = v1's threshold, for contrast; size_matched = inside this community's real-part IQR",pixel,1988-2022 (35 water years),unzoned standard-grazing country,0.06235142839918241
U0425,Inland Floodplain Shrublands / Swamps,inland,1,0.0623514283991824,82.194664,,54.285713,0,0,0,0,0,,,,,,,,,,,,1,"1 by construction: a patch is defined as a single 8-connected component, unlike a real part which may be several","veg_p05_spatial_mean_over_years and veg_p05_temporal_mean are DIFFERENT METRICS and are never co-plotted, differenced or captioned with one word. Arm B uses the first, Arm A the second.",offset is against Arm A's zoned DISPLAY SMOOTHER on the temporal metric: not a residual and not a test. NA where the patch is outside the zoned water range.,"115-part: 52.697196 + 0.547274 x mean water; 64-paddock: 52.652934 + 0.547838 x mean water. Both APPLIED, neither refitted.","8-connected component within one vegetation community, outside every management zone","meets_support_rule = >=25 water years with >=30 valid cells; meets_500_cells = the PARTSCATTER floor used by Arm A; meets_bare_33_cells = v1's threshold, for contrast; size_matched = inside this community's real-part IQR",pixel,1988-2022 (35 water years),unzoned standard-grazing country,0.06235142839918241
U0426,Inland Floodplain Shrublands / Swamps,inland,1,0.0623514283991824,72.193016,,48.57143,0,0,0,0,0,,,,,,,,,,,,1,"1 by construction: a patch is defined as a single 8-connected component, unlike a real part which may be several","veg_p05_spatial_mean_over_years and veg_p05_temporal_mean are DIFFERENT METRICS and are never co-plotted, differenced or captioned with one word. Arm B uses the first, Arm A the second.",offset is against Arm A's zoned DISPLAY SMOOTHER on the temporal metric: not a residual and not a test. NA where the patch is outside the zoned water range.,"115-part: 52.697196 + 0.547274 x mean water; 64-paddock: 52.652934 + 0.547838 x mean water. Both APPLIED, neither refitted.","8-connected component within one vegetation community, outside every management zone","meets_support_rule = >=25 water years with >=30 valid cells; meets_500_cells = the PARTSCATTER floor used by Arm A; meets_bare_33_cells = v1's threshold, for contrast; size_matched = inside this community's real-part IQR",pixel,1988-2022 (35 water years),unzoned standard-grazing country,0.06235142839918241
U0427,Inland Floodplain Shrublands / Swamps,inland,6,0.3741085703950945,50.953465,2.5761414,20.47619,0,0,0,0,0,,,,,,,,,,,,1,"1 by construction: a patch is defined as a single 8-connected component, unlike a real part which may be several","veg_p05_spatial_mean_over_years and veg_p05_temporal_mean are DIFFERENT METRICS and are never co-plotted, differenced or captioned with one word. Arm B uses the first, Arm A the second.",offset is against Arm A's zoned DISPLAY SMOOTHER on the temporal metric: not a residual and not a test. NA where the patch is outside the zoned water range.,"115-part: 52.697196 + 0.547274 x mean water; 64-paddock: 52.652934 + 0.547838 x mean water. Both APPLIED, neither refitted.","8-connected component within one vegetation community, outside every management zone","meets_support_rule = >=25 water years with >=30 valid cells; meets_500_cells = the PARTSCATTER floor used by Arm A; meets_bare_33_cells = v1's threshold, for contrast; size_matched = inside this community's real-part IQR",pixel,1988-2022 (35 water years),unzoned standard-grazing country,0.06235142839918241
U0428,Inland Floodplain Shrublands / Swamps,inland,1,0.0623514283991824,78.00783,,71.42857,0,0,0,0,0,,,,,,,,,,,,1,"1 by construction: a patch is defined as a single 8-connected component, unlike a real part which may be several","veg_p05_spatial_mean_over_years and veg_p05_temporal_mean are DIFFERENT METRICS and are never co-plotted, differenced or captioned with one word. Arm B uses the first, Arm A the second.",offset is against Arm A's zoned DISPLAY SMOOTHER on the temporal metric: not a residual and not a test. NA where the patch is outside the zoned water range.,"115-part: 52.697196 + 0.547274 x mean water; 64-paddock: 52.652934 + 0.547838 x mean water. Both APPLIED, neither refitted.","8-connected component within one vegetation community, outside every management zone","meets_support_rule = >=25 water years with >=30 valid cells; meets_500_cells = the PARTSCATTER floor used by Arm A; meets_bare_33_cells = v1's threshold, for contrast; size_matched = inside this community's real-part IQR",pixel,1988-2022 (35 water years),unzoned standard-grazing country,0.06235142839918241
U0429,Inland Floodplain Shrublands / Swamps,inland,1,0.0623514283991824,57.19118,,34.285713,0,0,0,0,0,,,,,,,,,,,,1,"1 by construction: a patch is defined as a single 8-connected component, unlike a real part which may be several","veg_p05_spatial_mean_over_years and veg_p05_temporal_mean are DIFFERENT METRICS and are never co-plotted, differenced or captioned with one word. Arm B uses the first, Arm A the second.",offset is against Arm A's zoned DISPLAY SMOOTHER on the temporal metric: not a residual and not a test. NA where the patch is outside the zoned water range.,"115-part: 52.697196 + 0.547274 x mean water; 64-paddock: 52.652934 + 0.547838 x mean water. Both APPLIED, neither refitted.","8-connected component within one vegetation community, outside every management zone","meets_support_rule = >=25 water years with >=30 valid cells; meets_500_cells = the PARTSCATTER floor used by Arm A; meets_bare_33_cells = v1's threshold, for contrast; size_matched = inside this community's real-part IQR",pixel,1988-2022 (35 water years),unzoned standard-grazing country,0.06235142839918241
U0430,Inland Floodplain Shrublands / Swamps,inland,6,0.3741085703950945,46.717907,1.346733,13.809525,0,0,0,0,0,,,,,,,,,,,,1,"1 by construction: a patch is defined as a single 8-connected component, unlike a real part which may be several","veg_p05_spatial_mean_over_years and veg_p05_temporal_mean are DIFFERENT METRICS and are never co-plotted, differenced or captioned with one word. Arm B uses the first, Arm A the second.",offset is against Arm A's zoned DISPLAY SMOOTHER on the temporal metric: not a residual and not a test. NA where the patch is outside the zoned water range.,"115-part: 52.697196 + 0.547274 x mean water; 64-paddock: 52.652934 + 0.547838 x mean water. Both APPLIED, neither refitted.","8-connected component within one vegetation community, outside every management zone","meets_support_rule = >=25 water years with >=30 valid cells; meets_500_cells = the PARTSCATTER floor used by Arm A; meets_bare_33_cells = v1's threshold, for contrast; size_matched = inside this community's real-part IQR",pixel,1988-2022 (35 water years),unzoned standard-grazing country,0.06235142839918241
U0431,Inland Floodplain Shrublands / Swamps,inland,1,0.0623514283991824,64.01015,,71.42857,0,0,0,0,0,,,,,,,,,,,,1,"1 by construction: a patch is defined as a single 8-connected component, unlike a real part which may be several","veg_p05_spatial_mean_over_years and veg_p05_temporal_mean are DIFFERENT METRICS and are never co-plotted, differenced or captioned with one word. Arm B uses the first, Arm A the second.",offset is against Arm A's zoned DISPLAY SMOOTHER on the temporal metric: not a residual and not a test. NA where the patch is outside the zoned water range.,"115-part: 52.697196 + 0.547274 x mean water; 64-paddock: 52.652934 + 0.547838 x mean water. Both APPLIED, neither refitted.","8-connected component within one vegetation community, outside every management zone","meets_support_rule = >=25 water years with >=30 valid cells; meets_500_cells = the PARTSCATTER floor used by Arm A; meets_bare_33_cells = v1's threshold, for contrast; size_matched = inside this community's real-part IQR",pixel,1988-2022 (35 water years),unzoned standard-grazing country,0.06235142839918241
U0432,Inland Floodplain Shrublands / Swamps,inland,1,0.0623514283991824,77.04674,,54.285713,0,0,0,0,0,,,,,,,,,,,,1,"1 by construction: a patch is defined as a single 8-connected component, unlike a real part which may be several","veg_p05_spatial_mean_over_years and veg_p05_temporal_mean are DIFFERENT METRICS and are never co-plotted, differenced or captioned with one word. Arm B uses the first, Arm A the second.",offset is against Arm A's zoned DISPLAY SMOOTHER on the temporal metric: not a residual and not a test. NA where the patch is outside the zoned water range.,"115-part: 52.697196 + 0.547274 x mean water; 64-paddock: 52.652934 + 0.547838 x mean water. Both APPLIED, neither refitted.","8-connected component within one vegetation community, outside every management zone","meets_support_rule = >=25 water years with >=30 valid cells; meets_500_cells = the PARTSCATTER floor used by Arm A; meets_bare_33_cells = v1's threshold, for contrast; size_matched = inside this community's real-part IQR",pixel,1988-2022 (35 water years),unzoned standard-grazing country,0.06235142839918241
U0433,Inland Floodplain Shrublands / Swamps,inland,7,0.4364599987942769,44.571712,3.861242,25.714285,0,0,0,0,0,,,,,,,,,,,,1,"1 by construction: a patch is defined as a single 8-connected component, unlike a real part which may be several","veg_p05_spatial_mean_over_years and veg_p05_temporal_mean are DIFFERENT METRICS and are never co-plotted, differenced or captioned with one word. Arm B uses the first, Arm A the second.",offset is against Arm A's zoned DISPLAY SMOOTHER on the temporal metric: not a residual and not a test. NA where the patch is outside the zoned water range.,"115-part: 52.697196 + 0.547274 x mean water; 64-paddock: 52.652934 + 0.547838 x mean water. Both APPLIED, neither refitted.","8-connected component within one vegetation community, outside every management zone","meets_support_rule = >=25 water years with >=30 valid cells; meets_500_cells = the PARTSCATTER floor used by Arm A; meets_bare_33_cells = v1's threshold, for contrast; size_matched = inside this community's real-part IQR",pixel,1988-2022 (35 water years),unzoned standard-grazing country,0.06235142839918241
U0434,Inland Floodplain Shrublands / Swamps,inland,1,0.0623514283991824,50.432938,,45.714287,0,0,0,0,0,,,,,,,,,,,,1,"1 by construction: a patch is defined as a single 8-connected component, unlike a real part which may be several","veg_p05_spatial_mean_over_years and veg_p05_temporal_mean are DIFFERENT METRICS and are never co-plotted, differenced or captioned with one word. Arm B uses the first, Arm A the second.",offset is against Arm A's zoned DISPLAY SMOOTHER on the temporal metric: not a residual and not a test. NA where the patch is outside the zoned water range.,"115-part: 52.697196 + 0.547274 x mean water; 64-paddock: 52.652934 + 0.547838 x mean water. Both APPLIED, neither refitted.","8-connected component within one vegetation community, outside every management zone","meets_support_rule = >=25 water years with >=30 valid cells; meets_500_cells = the PARTSCATTER floor used by Arm A; meets_bare_33_cells = v1's threshold, for contrast; size_matched = inside this community's real-part IQR",pixel,1988-2022 (35 water years),unzoned standard-grazing country,0.06235142839918241
U0435,Inland Floodplain Shrublands / Swamps,inland,1,0.0623514283991824,69.067245,,45.714287,0,0,0,0,0,,,,,,,,,,,,1,"1 by construction: a patch is defined as a single 8-connected component, unlike a real part which may be several","veg_p05_spatial_mean_over_years and veg_p05_temporal_mean are DIFFERENT METRICS and are never co-plotted, differenced or captioned with one word. Arm B uses the first, Arm A the second.",offset is against Arm A's zoned DISPLAY SMOOTHER on the temporal metric: not a residual and not a test. NA where the patch is outside the zoned water range.,"115-part: 52.697196 + 0.547274 x mean water; 64-paddock: 52.652934 + 0.547838 x mean water. Both APPLIED, neither refitted.","8-connected component within one vegetation community, outside every management zone","meets_support_rule = >=25 water years with >=30 valid cells; meets_500_cells = the PARTSCATTER floor used by Arm A; meets_bare_33_cells = v1's threshold, for contrast; size_matched = inside this community's real-part IQR",pixel,1988-2022 (35 water years),unzoned standard-grazing country,0.06235142839918241
U0436,Inland Floodplain Shrublands / Swamps,inland,1,0.0623514283991824,72.87175,,54.285713,0,0,0,0,0,,,,,,,,,,,,1,"1 by construction: a patch is defined as a single 8-connected component, unlike a real part which may be several","veg_p05_spatial_mean_over_years and veg_p05_temporal_mean are DIFFERENT METRICS and are never co-plotted, differenced or captioned with one word. Arm B uses the first, Arm A the second.",offset is against Arm A's zoned DISPLAY SMOOTHER on the temporal metric: not a residual and not a test. NA where the patch is outside the zoned water range.,"115-part: 52.697196 + 0.547274 x mean water; 64-paddock: 52.652934 + 0.547838 x mean water. Both APPLIED, neither refitted.","8-connected component within one vegetation community, outside every management zone","meets_support_rule = >=25 water years with >=30 valid cells; meets_500_cells = the PARTSCATTER floor used by Arm A; meets_bare_33_cells = v1's threshold, for contrast; size_matched = inside this community's real-part IQR",pixel,1988-2022 (35 water years),unzoned standard-grazing country,0.06235142839918241
U0437,Inland Floodplain Shrublands / Swamps,inland,2,0.1247028567983648,63.407303,1.6532004,64.28571,0,0,0,0,0,,,,,,,,,,,,1,"1 by construction: a patch is defined as a single 8-connected component, unlike a real part which may be several","veg_p05_spatial_mean_over_years and veg_p05_temporal_mean are DIFFERENT METRICS and are never co-plotted, differenced or captioned with one word. Arm B uses the first, Arm A the second.",offset is against Arm A's zoned DISPLAY SMOOTHER on the temporal metric: not a residual and not a test. NA where the patch is outside the zoned water range.,"115-part: 52.697196 + 0.547274 x mean water; 64-paddock: 52.652934 + 0.547838 x mean water. Both APPLIED, neither refitted.","8-connected component within one vegetation community, outside every management zone","meets_support_rule = >=25 water years with >=30 valid cells; meets_500_cells = the PARTSCATTER floor used by Arm A; meets_bare_33_cells = v1's threshold, for contrast; size_matched = inside this community's real-part IQR",pixel,1988-2022 (35 water years),unzoned standard-grazing country,0.06235142839918241
U0438,Inland Floodplain Shrublands / Swamps,inland,1,0.0623514283991824,66.142334,,34.285713,0,0,0,0,0,,,,,,,,,,,,1,"1 by construction: a patch is defined as a single 8-connected component, unlike a real part which may be several","veg_p05_spatial_mean_over_years and veg_p05_temporal_mean are DIFFERENT METRICS and are never co-plotted, differenced or captioned with one word. Arm B uses the first, Arm A the second.",offset is against Arm A's zoned DISPLAY SMOOTHER on the temporal metric: not a residual and not a test. NA where the patch is outside the zoned water range.,"115-part: 52.697196 + 0.547274 x mean water; 64-paddock: 52.652934 + 0.547838 x mean water. Both APPLIED, neither refitted.","8-connected component within one vegetation community, outside every management zone","meets_support_rule = >=25 water years with >=30 valid cells; meets_500_cells = the PARTSCATTER floor used by Arm A; meets_bare_33_cells = v1's threshold, for contrast; size_matched = inside this community's real-part IQR",pixel,1988-2022 (35 water years),unzoned standard-grazing country,0.06235142839918241
U0439,Inland Floodplain Shrublands / Swamps,inland,1,0.0623514283991824,75.2417,,54.285713,0,0,0,0,0,,,,,,,,,,,,1,"1 by construction: a patch is defined as a single 8-connected component, unlike a real part which may be several","veg_p05_spatial_mean_over_years and veg_p05_temporal_mean are DIFFERENT METRICS and are never co-plotted, differenced or captioned with one word. Arm B uses the first, Arm A the second.",offset is against Arm A's zoned DISPLAY SMOOTHER on the temporal metric: not a residual and not a test. NA where the patch is outside the zoned water range.,"115-part: 52.697196 + 0.547274 x mean water; 64-paddock: 52.652934 + 0.547838 x mean water. Both APPLIED, neither refitted.","8-connected component within one vegetation community, outside every management zone","meets_support_rule = >=25 water years with >=30 valid cells; meets_500_cells = the PARTSCATTER floor used by Arm A; meets_bare_33_cells = v1's threshold, for contrast; size_matched = inside this community's real-part IQR",pixel,1988-2022 (35 water years),unzoned standard-grazing country,0.06235142839918241
U0440,Inland Floodplain Shrublands / Swamps,inland,113,7.0457114091076125,43.744606,2.8879468,27.206068,35,1,1,0,0,70.8757648577009,27.206068268015173,35.0,0.163291571627486,0.5023905638144813,0.4523601637785541,1.0,,,3.2894021737116645,3.3183128298880007,1,"1 by construction: a patch is defined as a single 8-connected component, unlike a real part which may be several","veg_p05_spatial_mean_over_years and veg_p05_temporal_mean are DIFFERENT METRICS and are never co-plotted, differenced or captioned with one word. Arm B uses the first, Arm A the second.",offset is against Arm A's zoned DISPLAY SMOOTHER on the temporal metric: not a residual and not a test. NA where the patch is outside the zoned water range.,"115-part: 52.697196 + 0.547274 x mean water; 64-paddock: 52.652934 + 0.547838 x mean water. Both APPLIED, neither refitted.","8-connected component within one vegetation community, outside every management zone","meets_support_rule = >=25 water years with >=30 valid cells; meets_500_cells = the PARTSCATTER floor used by Arm A; meets_bare_33_cells = v1's threshold, for contrast; size_matched = inside this community's real-part IQR",pixel,1988-2022 (35 water years),unzoned standard-grazing country,0.06235142839918241
U0441,Inland Floodplain Shrublands / Swamps,inland,2,0.1247028567983648,64.721176,1.5475649,41.428574,0,0,0,0,0,,,,,,,,,,,,1,"1 by construction: a patch is defined as a single 8-connected component, unlike a real part which may be several","veg_p05_spatial_mean_over_years and veg_p05_temporal_mean are DIFFERENT METRICS and are never co-plotted, differenced or captioned with one word. Arm B uses the first, Arm A the second.",offset is against Arm A's zoned DISPLAY SMOOTHER on the temporal metric: not a residual and not a test. NA where the patch is outside the zoned water range.,"115-part: 52.697196 + 0.547274 x mean water; 64-paddock: 52.652934 + 0.547838 x mean water. Both APPLIED, neither refitted.","8-connected component within one vegetation community, outside every management zone","meets_support_rule = >=25 water years with >=30 valid cells; meets_500_cells = the PARTSCATTER floor used by Arm A; meets_bare_33_cells = v1's threshold, for contrast; size_matched = inside this community's real-part IQR",pixel,1988-2022 (35 water years),unzoned standard-grazing country,0.06235142839918241
U0442,Inland Floodplain Shrublands / Swamps,inland,1,0.0623514283991824,50.006527,,31.428572,0,0,0,0,0,,,,,,,,,,,,1,"1 by construction: a patch is defined as a single 8-connected component, unlike a real part which may be several","veg_p05_spatial_mean_over_years and veg_p05_temporal_mean are DIFFERENT METRICS and are never co-plotted, differenced or captioned with one word. Arm B uses the first, Arm A the second.",offset is against Arm A's zoned DISPLAY SMOOTHER on the temporal metric: not a residual and not a test. NA where the patch is outside the zoned water range.,"115-part: 52.697196 + 0.547274 x mean water; 64-paddock: 52.652934 + 0.547838 x mean water. Both APPLIED, neither refitted.","8-connected component within one vegetation community, outside every management zone","meets_support_rule = >=25 water years with >=30 valid cells; meets_500_cells = the PARTSCATTER floor used by Arm A; meets_bare_33_cells = v1's threshold, for contrast; size_matched = inside this community's real-part IQR",pixel,1988-2022 (35 water years),unzoned standard-grazing country,0.06235142839918241
U0443,Inland Floodplain Shrublands / Swamps,inland,7,0.4364599987942769,57.423244,2.1706555,25.714285,0,0,0,0,0,,,,,,,,,,,,1,"1 by construction: a patch is defined as a single 8-connected component, unlike a real part which may be several","veg_p05_spatial_mean_over_years and veg_p05_temporal_mean are DIFFERENT METRICS and are never co-plotted, differenced or captioned with one word. Arm B uses the first, Arm A the second.",offset is against Arm A's zoned DISPLAY SMOOTHER on the temporal metric: not a residual and not a test. NA where the patch is outside the zoned water range.,"115-part: 52.697196 + 0.547274 x mean water; 64-paddock: 52.652934 + 0.547838 x mean water. Both APPLIED, neither refitted.","8-connected component within one vegetation community, outside every management zone","meets_support_rule = >=25 water years with >=30 valid cells; meets_500_cells = the PARTSCATTER floor used by Arm A; meets_bare_33_cells = v1's threshold, for contrast; size_matched = inside this community's real-part IQR",pixel,1988-2022 (35 water years),unzoned standard-grazing country,0.06235142839918241
U0444,Inland Floodplain Shrublands / Swamps,inland,98,6.110439983119877,63.037453,2.4317005,51.19534,35,1,1,0,0,74.65618733542306,51.19533527696793,35.0,0.0172413816756647,0.1010690111829204,0.3772720747583837,1.0,,,-6.058871063876296,-6.043496752040511,1,"1 by construction: a patch is defined as a single 8-connected component, unlike a real part which may be several","veg_p05_spatial_mean_over_years and veg_p05_temporal_mean are DIFFERENT METRICS and are never co-plotted, differenced or captioned with one word. Arm B uses the first, Arm A the second.",offset is against Arm A's zoned DISPLAY SMOOTHER on the temporal metric: not a residual and not a test. NA where the patch is outside the zoned water range.,"115-part: 52.697196 + 0.547274 x mean water; 64-paddock: 52.652934 + 0.547838 x mean water. Both APPLIED, neither refitted.","8-connected component within one vegetation community, outside every management zone","meets_support_rule = >=25 water years with >=30 valid cells; meets_500_cells = the PARTSCATTER floor used by Arm A; meets_bare_33_cells = v1's threshold, for contrast; size_matched = inside this community's real-part IQR",pixel,1988-2022 (35 water years),unzoned standard-grazing country,0.06235142839918241
U0445,Inland Floodplain Shrublands / Swamps,inland,131,8.168037120292896,65.616486,4.258648,39.23664,35,1,1,0,0,74.55888175964355,39.23664122137404,35.0,0.0733251837324165,0.4354903471175691,0.4084495602862396,1.0,,,0.38850250163631017,0.41062470620843783,1,"1 by construction: a patch is defined as a single 8-connected component, unlike a real part which may be several","veg_p05_spatial_mean_over_years and veg_p05_temporal_mean are DIFFERENT METRICS and are never co-plotted, differenced or captioned with one word. Arm B uses the first, Arm A the second.",offset is against Arm A's zoned DISPLAY SMOOTHER on the temporal metric: not a residual and not a test. NA where the patch is outside the zoned water range.,"115-part: 52.697196 + 0.547274 x mean water; 64-paddock: 52.652934 + 0.547838 x mean water. Both APPLIED, neither refitted.","8-connected component within one vegetation community, outside every management zone","meets_support_rule = >=25 water years with >=30 valid cells; meets_500_cells = the PARTSCATTER floor used by Arm A; meets_bare_33_cells = v1's threshold, for contrast; size_matched = inside this community's real-part IQR",pixel,1988-2022 (35 water years),unzoned standard-grazing country,0.06235142839918241
U0446,Inland Floodplain Shrublands / Swamps,inland,1,0.0623514283991824,52.44524,,28.571428,0,0,0,0,0,,,,,,,,,,,,1,"1 by construction: a patch is defined as a single 8-connected component, unlike a real part which may be several","veg_p05_spatial_mean_over_years and veg_p05_temporal_mean are DIFFERENT METRICS and are never co-plotted, differenced or captioned with one word. Arm B uses the first, Arm A the second.",offset is against Arm A's zoned DISPLAY SMOOTHER on the temporal metric: not a residual and not a test. NA where the patch is outside the zoned water range.,"115-part: 52.697196 + 0.547274 x mean water; 64-paddock: 52.652934 + 0.547838 x mean water. Both APPLIED, neither refitted.","8-connected component within one vegetation community, outside every management zone","meets_support_rule = >=25 water years with >=30 valid cells; meets_500_cells = the PARTSCATTER floor used by Arm A; meets_bare_33_cells = v1's threshold, for contrast; size_matched = inside this community's real-part IQR",pixel,1988-2022 (35 water years),unzoned standard-grazing country,0.06235142839918241
U0447,Inland Floodplain Shrublands / Swamps,inland,2,0.1247028567983648,51.085114,0.778078,28.571428,0,0,0,0,0,,,,,,,,,,,,1,"1 by construction: a patch is defined as a single 8-connected component, unlike a real part which may be several","veg_p05_spatial_mean_over_years and veg_p05_temporal_mean are DIFFERENT METRICS and are never co-plotted, differenced or captioned with one word. Arm B uses the first, Arm A the second.",offset is against Arm A's zoned DISPLAY SMOOTHER on the temporal metric: not a residual and not a test. NA where the patch is outside the zoned water range.,"115-part: 52.697196 + 0.547274 x mean water; 64-paddock: 52.652934 + 0.547838 x mean water. Both APPLIED, neither refitted.","8-connected component within one vegetation community, outside every management zone","meets_support_rule = >=25 water years with >=30 valid cells; meets_500_cells = the PARTSCATTER floor used by Arm A; meets_bare_33_cells = v1's threshold, for contrast; size_matched = inside this community's real-part IQR",pixel,1988-2022 (35 water years),unzoned standard-grazing country,0.06235142839918241
U0448,Inland Floodplain Shrublands / Swamps,inland,1,0.0623514283991824,49.231144,,28.571428,0,0,0,0,0,,,,,,,,,,,,1,"1 by construction: a patch is defined as a single 8-connected component, unlike a real part which may be several","veg_p05_spatial_mean_over_years and veg_p05_temporal_mean are DIFFERENT METRICS and are never co-plotted, differenced or captioned with one word. Arm B uses the first, Arm A the second.",offset is against Arm A's zoned DISPLAY SMOOTHER on the temporal metric: not a residual and not a test. NA where the patch is outside the zoned water range.,"115-part: 52.697196 + 0.547274 x mean water; 64-paddock: 52.652934 + 0.547838 x mean water. Both APPLIED, neither refitted.","8-connected component within one vegetation community, outside every management zone","meets_support_rule = >=25 water years with >=30 valid cells; meets_500_cells = the PARTSCATTER floor used by Arm A; meets_bare_33_cells = v1's threshold, for contrast; size_matched = inside this community's real-part IQR",pixel,1988-2022 (35 water years),unzoned standard-grazing country,0.06235142839918241
U0449,Inland Floodplain Shrublands / Swamps,inland,4,0.2494057135967296,55.033672,0.6775743,25.714287,0,0,0,0,0,,,,,,,,,,,,1,"1 by construction: a patch is defined as a single 8-connected component, unlike a real part which may be several","veg_p05_spatial_mean_over_years and veg_p05_temporal_mean are DIFFERENT METRICS and are never co-plotted, differenced or captioned with one word. Arm B uses the first, Arm A the second.",offset is against Arm A's zoned DISPLAY SMOOTHER on the temporal metric: not a residual and not a test. NA where the patch is outside the zoned water range.,"115-part: 52.697196 + 0.547274 x mean water; 64-paddock: 52.652934 + 0.547838 x mean water. Both APPLIED, neither refitted.","8-connected component within one vegetation community, outside every management zone","meets_support_rule = >=25 water years with >=30 valid cells; meets_500_cells = the PARTSCATTER floor used by Arm A; meets_bare_33_cells = v1's threshold, for contrast; size_matched = inside this community's real-part IQR",pixel,1988-2022 (35 water years),unzoned standard-grazing country,0.06235142839918241
U0450,Inland Floodplain Shrublands / Swamps,inland,4,0.2494057135967296,53.864433,1.5044215,35.0,0,0,0,0,0,,,,,,,,,,,,1,"1 by construction: a patch is defined as a single 8-connected component, unlike a real part which may be several","veg_p05_spatial_mean_over_years and veg_p05_temporal_mean are DIFFERENT METRICS and are never co-plotted, differenced or captioned with one word. Arm B uses the first, Arm A the second.",offset is against Arm A's zoned DISPLAY SMOOTHER on the temporal metric: not a residual and not a test. NA where the patch is outside the zoned water range.,"115-part: 52.697196 + 0.547274 x mean water; 64-paddock: 52.652934 + 0.547838 x mean water. Both APPLIED, neither refitted.","8-connected component within one vegetation community, outside every management zone","meets_support_rule = >=25 water years with >=30 valid cells; meets_500_cells = the PARTSCATTER floor used by Arm A; meets_bare_33_cells = v1's threshold, for contrast; size_matched = inside this community's real-part IQR",pixel,1988-2022 (35 water years),unzoned standard-grazing country,0.06235142839918241
U0451,Inland Floodplain Shrublands / Swamps,inland,344,21.448891369318748,53.674736,3.5929294,35.68106,35,1,1,0,0,76.20615191868373,35.68106312292359,35.0,0.1276692308240282,0.5159667484899843,0.5731605515273214,1.0,,,3.9816471606833375,4.00577565954751,1,"1 by construction: a patch is defined as a single 8-connected component, unlike a real part which may be several","veg_p05_spatial_mean_over_years and veg_p05_temporal_mean are DIFFERENT METRICS and are never co-plotted, differenced or captioned with one word. Arm B uses the first, Arm A the second.",offset is against Arm A's zoned DISPLAY SMOOTHER on the temporal metric: not a residual and not a test. NA where the patch is outside the zoned water range.,"115-part: 52.697196 + 0.547274 x mean water; 64-paddock: 52.652934 + 0.547838 x mean water. Both APPLIED, neither refitted.","8-connected component within one vegetation community, outside every management zone","meets_support_rule = >=25 water years with >=30 valid cells; meets_500_cells = the PARTSCATTER floor used by Arm A; meets_bare_33_cells = v1's threshold, for contrast; size_matched = inside this community's real-part IQR",pixel,1988-2022 (35 water years),unzoned standard-grazing country,0.06235142839918241
U0452,Inland Floodplain Shrublands / Swamps,inland,1,0.0623514283991824,66.73705,,40.0,0,0,0,0,0,,,,,,,,,,,,1,"1 by construction: a patch is defined as a single 8-connected component, unlike a real part which may be several","veg_p05_spatial_mean_over_years and veg_p05_temporal_mean are DIFFERENT METRICS and are never co-plotted, differenced or captioned with one word. Arm B uses the first, Arm A the second.",offset is against Arm A's zoned DISPLAY SMOOTHER on the temporal metric: not a residual and not a test. NA where the patch is outside the zoned water range.,"115-part: 52.697196 + 0.547274 x mean water; 64-paddock: 52.652934 + 0.547838 x mean water. Both APPLIED, neither refitted.","8-connected component within one vegetation community, outside every management zone","meets_support_rule = >=25 water years with >=30 valid cells; meets_500_cells = the PARTSCATTER floor used by Arm A; meets_bare_33_cells = v1's threshold, for contrast; size_matched = inside this community's real-part IQR",pixel,1988-2022 (35 water years),unzoned standard-grazing country,0.06235142839918241
U0453,Inland Floodplain Shrublands / Swamps,inland,1,0.0623514283991824,57.242573,,2.857143,0,0,0,0,0,,,,,,,,,,,,1,"1 by construction: a patch is defined as a single 8-connected component, unlike a real part which may be several","veg_p05_spatial_mean_over_years and veg_p05_temporal_mean are DIFFERENT METRICS and are never co-plotted, differenced or captioned with one word. Arm B uses the first, Arm A the second.",offset is against Arm A's zoned DISPLAY SMOOTHER on the temporal metric: not a residual and not a test. NA where the patch is outside the zoned water range.,"115-part: 52.697196 + 0.547274 x mean water; 64-paddock: 52.652934 + 0.547838 x mean water. Both APPLIED, neither refitted.","8-connected component within one vegetation community, outside every management zone","meets_support_rule = >=25 water years with >=30 valid cells; meets_500_cells = the PARTSCATTER floor used by Arm A; meets_bare_33_cells = v1's threshold, for contrast; size_matched = inside this community's real-part IQR",pixel,1988-2022 (35 water years),unzoned standard-grazing country,0.06235142839918241
U0454,Inland Floodplain Shrublands / Swamps,inland,3,0.1870542851975472,53.138226,0.6041448,30.47619,0,0,0,0,0,,,,,,,,,,,,1,"1 by construction: a patch is defined as a single 8-connected component, unlike a real part which may be several","veg_p05_spatial_mean_over_years and veg_p05_temporal_mean are DIFFERENT METRICS and are never co-plotted, differenced or captioned with one word. Arm B uses the first, Arm A the second.",offset is against Arm A's zoned DISPLAY SMOOTHER on the temporal metric: not a residual and not a test. NA where the patch is outside the zoned water range.,"115-part: 52.697196 + 0.547274 x mean water; 64-paddock: 52.652934 + 0.547838 x mean water. Both APPLIED, neither refitted.","8-connected component within one vegetation community, outside every management zone","meets_support_rule = >=25 water years with >=30 valid cells; meets_500_cells = the PARTSCATTER floor used by Arm A; meets_bare_33_cells = v1's threshold, for contrast; size_matched = inside this community's real-part IQR",pixel,1988-2022 (35 water years),unzoned standard-grazing country,0.06235142839918241
U0455,Inland Floodplain Shrublands / Swamps,inland,2,0.1247028567983648,62.093025,2.8243594,32.857143,0,0,0,0,0,,,,,,,,,,,,1,"1 by construction: a patch is defined as a single 8-connected component, unlike a real part which may be several","veg_p05_spatial_mean_over_years and veg_p05_temporal_mean are DIFFERENT METRICS and are never co-plotted, differenced or captioned with one word. Arm B uses the first, Arm A the second.",offset is against Arm A's zoned DISPLAY SMOOTHER on the temporal metric: not a residual and not a test. NA where the patch is outside the zoned water range.,"115-part: 52.697196 + 0.547274 x mean water; 64-paddock: 52.652934 + 0.547838 x mean water. Both APPLIED, neither refitted.","8-connected component within one vegetation community, outside every management zone","meets_support_rule = >=25 water years with >=30 valid cells; meets_500_cells = the PARTSCATTER floor used by Arm A; meets_bare_33_cells = v1's threshold, for contrast; size_matched = inside this community's real-part IQR",pixel,1988-2022 (35 water years),unzoned standard-grazing country,0.06235142839918241
U0456,Inland Floodplain Shrublands / Swamps,inland,1,0.0623514283991824,54.86704,,25.714285,0,0,0,0,0,,,,,,,,,,,,1,"1 by construction: a patch is defined as a single 8-connected component, unlike a real part which may be several","veg_p05_spatial_mean_over_years and veg_p05_temporal_mean are DIFFERENT METRICS and are never co-plotted, differenced or captioned with one word. Arm B uses the first, Arm A the second.",offset is against Arm A's zoned DISPLAY SMOOTHER on the temporal metric: not a residual and not a test. NA where the patch is outside the zoned water range.,"115-part: 52.697196 + 0.547274 x mean water; 64-paddock: 52.652934 + 0.547838 x mean water. Both APPLIED, neither refitted.","8-connected component within one vegetation community, outside every management zone","meets_support_rule = >=25 water years with >=30 valid cells; meets_500_cells = the PARTSCATTER floor used by Arm A; meets_bare_33_cells = v1's threshold, for contrast; size_matched = inside this community's real-part IQR",pixel,1988-2022 (35 water years),unzoned standard-grazing country,0.06235142839918241
U0457,Inland Floodplain Shrublands / Swamps,inland,5,0.311757141995912,40.828556,2.4102676,18.857143,0,0,0,0,0,,,,,,,,,,,,1,"1 by construction: a patch is defined as a single 8-connected component, unlike a real part which may be several","veg_p05_spatial_mean_over_years and veg_p05_temporal_mean are DIFFERENT METRICS and are never co-plotted, differenced or captioned with one word. Arm B uses the first, Arm A the second.",offset is against Arm A's zoned DISPLAY SMOOTHER on the temporal metric: not a residual and not a test. NA where the patch is outside the zoned water range.,"115-part: 52.697196 + 0.547274 x mean water; 64-paddock: 52.652934 + 0.547838 x mean water. Both APPLIED, neither refitted.","8-connected component within one vegetation community, outside every management zone","meets_support_rule = >=25 water years with >=30 valid cells; meets_500_cells = the PARTSCATTER floor used by Arm A; meets_bare_33_cells = v1's threshold, for contrast; size_matched = inside this community's real-part IQR",pixel,1988-2022 (35 water years),unzoned standard-grazing country,0.06235142839918241
U0458,Inland Floodplain Shrublands / Swamps,inland,6,0.3741085703950945,32.271244,1.9884092,10.952381,0,0,0,0,0,,,,,,,,,,,,1,"1 by construction: a patch is defined as a single 8-connected component, unlike a real part which may be several","veg_p05_spatial_mean_over_years and veg_p05_temporal_mean are DIFFERENT METRICS and are never co-plotted, differenced or captioned with one word. Arm B uses the first, Arm A the second.",offset is against Arm A's zoned DISPLAY SMOOTHER on the temporal metric: not a residual and not a test. NA where the patch is outside the zoned water range.,"115-part: 52.697196 + 0.547274 x mean water; 64-paddock: 52.652934 + 0.547838 x mean water. Both APPLIED, neither refitted.","8-connected component within one vegetation community, outside every management zone","meets_support_rule = >=25 water years with >=30 valid cells; meets_500_cells = the PARTSCATTER floor used by Arm A; meets_bare_33_cells = v1's threshold, for contrast; size_matched = inside this community's real-part IQR",pixel,1988-2022 (35 water years),unzoned standard-grazing country,0.06235142839918241
U0459,Inland Floodplain Shrublands / Swamps,inland,5,0.311757141995912,43.68186,1.6405915,26.857143,0,0,0,0,0,,,,,,,,,,,,1,"1 by construction: a patch is defined as a single 8-connected component, unlike a real part which may be several","veg_p05_spatial_mean_over_years and veg_p05_temporal_mean are DIFFERENT METRICS and are never co-plotted, differenced or captioned with one word. Arm B uses the first, Arm A the second.",offset is against Arm A's zoned DISPLAY SMOOTHER on the temporal metric: not a residual and not a test. NA where the patch is outside the zoned water range.,"115-part: 52.697196 + 0.547274 x mean water; 64-paddock: 52.652934 + 0.547838 x mean water. Both APPLIED, neither refitted.","8-connected component within one vegetation community, outside every management zone","meets_support_rule = >=25 water years with >=30 valid cells; meets_500_cells = the PARTSCATTER floor used by Arm A; meets_bare_33_cells = v1's threshold, for contrast; size_matched = inside this community's real-part IQR",pixel,1988-2022 (35 water years),unzoned standard-grazing country,0.06235142839918241
U0460,Inland Floodplain Shrublands / Swamps,inland,1,0.0623514283991824,62.606403,,5.714286,0,0,0,0,0,,,,,,,,,,,,1,"1 by construction: a patch is defined as a single 8-connected component, unlike a real part which may be several","veg_p05_spatial_mean_over_years and veg_p05_temporal_mean are DIFFERENT METRICS and are never co-plotted, differenced or captioned with one word. Arm B uses the first, Arm A the second.",offset is against Arm A's zoned DISPLAY SMOOTHER on the temporal metric: not a residual and not a test. NA where the patch is outside the zoned water range.,"115-part: 52.697196 + 0.547274 x mean water; 64-paddock: 52.652934 + 0.547838 x mean water. Both APPLIED, neither refitted.","8-connected component within one vegetation community, outside every management zone","meets_support_rule = >=25 water years with >=30 valid cells; meets_500_cells = the PARTSCATTER floor used by Arm A; meets_bare_33_cells = v1's threshold, for contrast; size_matched = inside this community's real-part IQR",pixel,1988-2022 (35 water years),unzoned standard-grazing country,0.06235142839918241
U0461,Inland Floodplain Shrublands / Swamps,inland,6,0.3741085703950945,39.787388,1.767872,34.761906,0,0,0,0,0,,,,,,,,,,,,1,"1 by construction: a patch is defined as a single 8-connected component, unlike a real part which may be several","veg_p05_spatial_mean_over_years and veg_p05_temporal_mean are DIFFERENT METRICS and are never co-plotted, differenced or captioned with one word. Arm B uses the first, Arm A the second.",offset is against Arm A's zoned DISPLAY SMOOTHER on the temporal metric: not a residual and not a test. NA where the patch is outside the zoned water range.,"115-part: 52.697196 + 0.547274 x mean water; 64-paddock: 52.652934 + 0.547838 x mean water. Both APPLIED, neither refitted.","8-connected component within one vegetation community, outside every management zone","meets_support_rule = >=25 water years with >=30 valid cells; meets_500_cells = the PARTSCATTER floor used by Arm A; meets_bare_33_cells = v1's threshold, for contrast; size_matched = inside this community's real-part IQR",pixel,1988-2022 (35 water years),unzoned standard-grazing country,0.06235142839918241
U0462,Inland Floodplain Shrublands / Swamps,inland,1,0.0623514283991824,49.224567,,17.142857,0,0,0,0,0,,,,,,,,,,,,1,"1 by construction: a patch is defined as a single 8-connected component, unlike a real part which may be several","veg_p05_spatial_mean_over_years and veg_p05_temporal_mean are DIFFERENT METRICS and are never co-plotted, differenced or captioned with one word. Arm B uses the first, Arm A the second.",offset is against Arm A's zoned DISPLAY SMOOTHER on the temporal metric: not a residual and not a test. NA where the patch is outside the zoned water range.,"115-part: 52.697196 + 0.547274 x mean water; 64-paddock: 52.652934 + 0.547838 x mean water. Both APPLIED, neither refitted.","8-connected component within one vegetation community, outside every management zone","meets_support_rule = >=25 water years with >=30 valid cells; meets_500_cells = the PARTSCATTER floor used by Arm A; meets_bare_33_cells = v1's threshold, for contrast; size_matched = inside this community's real-part IQR",pixel,1988-2022 (35 water years),unzoned standard-grazing country,0.06235142839918241
U0463,Inland Floodplain Shrublands / Swamps,inland,6,0.3741085703950945,39.748287,0.88941044,37.142857,0,0,0,0,0,,,,,,,,,,,,1,"1 by construction: a patch is defined as a single 8-connected component, unlike a real part which may be several","veg_p05_spatial_mean_over_years and veg_p05_temporal_mean are DIFFERENT METRICS and are never co-plotted, differenced or captioned with one word. Arm B uses the first, Arm A the second.",offset is against Arm A's zoned DISPLAY SMOOTHER on the temporal metric: not a residual and not a test. NA where the patch is outside the zoned water range.,"115-part: 52.697196 + 0.547274 x mean water; 64-paddock: 52.652934 + 0.547838 x mean water. Both APPLIED, neither refitted.","8-connected component within one vegetation community, outside every management zone","meets_support_rule = >=25 water years with >=30 valid cells; meets_500_cells = the PARTSCATTER floor used by Arm A; meets_bare_33_cells = v1's threshold, for contrast; size_matched = inside this community's real-part IQR",pixel,1988-2022 (35 water years),unzoned standard-grazing country,0.06235142839918241
U0464,Inland Floodplain Shrublands / Swamps,inland,678,42.27426845464567,49.076252,9.286938,23.881163,35,1,1,1,0,61.95173783983503,23.881163084702905,35.0,0.1641013381074344,0.4499041322715018,0.3684542101590917,1.0,-7.85479052294973,"DESCRIPTIVE OFFSET from the zoned display smoother; not a residual, not a test",-3.8149915715880525,-3.7842047821624476,1,"1 by construction: a patch is defined as a single 8-connected component, unlike a real part which may be several","veg_p05_spatial_mean_over_years and veg_p05_temporal_mean are DIFFERENT METRICS and are never co-plotted, differenced or captioned with one word. Arm B uses the first, Arm A the second.",offset is against Arm A's zoned DISPLAY SMOOTHER on the temporal metric: not a residual and not a test. NA where the patch is outside the zoned water range.,"115-part: 52.697196 + 0.547274 x mean water; 64-paddock: 52.652934 + 0.547838 x mean water. Both APPLIED, neither refitted.","8-connected component within one vegetation community, outside every management zone","meets_support_rule = >=25 water years with >=30 valid cells; meets_500_cells = the PARTSCATTER floor used by Arm A; meets_bare_33_cells = v1's threshold, for contrast; size_matched = inside this community's real-part IQR",pixel,1988-2022 (35 water years),unzoned standard-grazing country,0.06235142839918241
U0465,Inland Floodplain Shrublands / Swamps,inland,12,0.748217140790189,51.185146,3.7342405,56.666668,0,0,0,0,0,,,,,,,,,,,,1,"1 by construction: a patch is defined as a single 8-connected component, unlike a real part which may be several","veg_p05_spatial_mean_over_years and veg_p05_temporal_mean are DIFFERENT METRICS and are never co-plotted, differenced or captioned with one word. Arm B uses the first, Arm A the second.",offset is against Arm A's zoned DISPLAY SMOOTHER on the temporal metric: not a residual and not a test. NA where the patch is outside the zoned water range.,"115-part: 52.697196 + 0.547274 x mean water; 64-paddock: 52.652934 + 0.547838 x mean water. Both APPLIED, neither refitted.","8-connected component within one vegetation community, outside every management zone","meets_support_rule = >=25 water years with >=30 valid cells; meets_500_cells = the PARTSCATTER floor used by Arm A; meets_bare_33_cells = v1's threshold, for contrast; size_matched = inside this community's real-part IQR",pixel,1988-2022 (35 water years),unzoned standard-grazing country,0.06235142839918241
U0466,Inland Floodplain Shrublands / Swamps,inland,1,0.0623514283991824,52.954315,,25.714285,0,0,0,0,0,,,,,,,,,,,,1,"1 by construction: a patch is defined as a single 8-connected component, unlike a real part which may be several","veg_p05_spatial_mean_over_years and veg_p05_temporal_mean are DIFFERENT METRICS and are never co-plotted, differenced or captioned with one word. Arm B uses the first, Arm A the second.",offset is against Arm A's zoned DISPLAY SMOOTHER on the temporal metric: not a residual and not a test. NA where the patch is outside the zoned water range.,"115-part: 52.697196 + 0.547274 x mean water; 64-paddock: 52.652934 + 0.547838 x mean water. Both APPLIED, neither refitted.","8-connected component within one vegetation community, outside every management zone","meets_support_rule = >=25 water years with >=30 valid cells; meets_500_cells = the PARTSCATTER floor used by Arm A; meets_bare_33_cells = v1's threshold, for contrast; size_matched = inside this community's real-part IQR",pixel,1988-2022 (35 water years),unzoned standard-grazing country,0.06235142839918241
U0467,Inland Floodplain Shrublands / Swamps,inland,25833,1610.7244498360792,57.297867,9.984095,15.398577,35,1,1,1,0,68.48534969874791,15.398576571494933,35.0,0.1764399942210542,0.2916280843557011,0.3500244888136492,1.0,4.61145184576515,"DESCRIPTIVE OFFSET from the zoned display smoother; not a residual, not a test",7.36091707651557,7.396490306973263,1,"1 by construction: a patch is defined as a single 8-connected component, unlike a real part which may be several","veg_p05_spatial_mean_over_years and veg_p05_temporal_mean are DIFFERENT METRICS and are never co-plotted, differenced or captioned with one word. Arm B uses the first, Arm A the second.",offset is against Arm A's zoned DISPLAY SMOOTHER on the temporal metric: not a residual and not a test. NA where the patch is outside the zoned water range.,"115-part: 52.697196 + 0.547274 x mean water; 64-paddock: 52.652934 + 0.547838 x mean water. Both APPLIED, neither refitted.","8-connected component within one vegetation community, outside every management zone","meets_support_rule = >=25 water years with >=30 valid cells; meets_500_cells = the PARTSCATTER floor used by Arm A; meets_bare_33_cells = v1's threshold, for contrast; size_matched = inside this community's real-part IQR",pixel,1988-2022 (35 water years),unzoned standard-grazing country,0.06235142839918241
U0468,Inland Floodplain Shrublands / Swamps,inland,1,0.0623514283991824,73.9335,,37.142857,0,0,0,0,0,,,,,,,,,,,,1,"1 by construction: a patch is defined as a single 8-connected component, unlike a real part which may be several","veg_p05_spatial_mean_over_years and veg_p05_temporal_mean are DIFFERENT METRICS and are never co-plotted, differenced or captioned with one word. Arm B uses the first, Arm A the second.",offset is against Arm A's zoned DISPLAY SMOOTHER on the temporal metric: not a residual and not a test. NA where the patch is outside the zoned water range.,"115-part: 52.697196 + 0.547274 x mean water; 64-paddock: 52.652934 + 0.547838 x mean water. Both APPLIED, neither refitted.","8-connected component within one vegetation community, outside every management zone","meets_support_rule = >=25 water years with >=30 valid cells; meets_500_cells = the PARTSCATTER floor used by Arm A; meets_bare_33_cells = v1's threshold, for contrast; size_matched = inside this community's real-part IQR",pixel,1988-2022 (35 water years),unzoned standard-grazing country,0.06235142839918241
U0469,Inland Floodplain Shrublands / Swamps,inland,1,0.0623514283991824,76.364456,,54.285713,0,0,0,0,0,,,,,,,,,,,,1,"1 by construction: a patch is defined as a single 8-connected component, unlike a real part which may be several","veg_p05_spatial_mean_over_years and veg_p05_temporal_mean are DIFFERENT METRICS and are never co-plotted, differenced or captioned with one word. Arm B uses the first, Arm A the second.",offset is against Arm A's zoned DISPLAY SMOOTHER on the temporal metric: not a residual and not a test. NA where the patch is outside the zoned water range.,"115-part: 52.697196 + 0.547274 x mean water; 64-paddock: 52.652934 + 0.547838 x mean water. Both APPLIED, neither refitted.","8-connected component within one vegetation community, outside every management zone","meets_support_rule = >=25 water years with >=30 valid cells; meets_500_cells = the PARTSCATTER floor used by Arm A; meets_bare_33_cells = v1's threshold, for contrast; size_matched = inside this community's real-part IQR",pixel,1988-2022 (35 water years),unzoned standard-grazing country,0.06235142839918241
U0470,Inland Floodplain Shrublands / Swamps,inland,6328,394.5598389100263,57.907066,9.25983,17.244448,35,1,1,1,1,73.13048913410732,17.244446451146832,35.0,0.229801800534238,0.5269868646574699,0.4421460204506108,1.0,4.33978661571177,"DESCRIPTIVE OFFSET from the zoned display smoother; not a residual, not a test",10.995860411637246,11.030392079203942,1,"1 by construction: a patch is defined as a single 8-connected component, unlike a real part which may be several","veg_p05_spatial_mean_over_years and veg_p05_temporal_mean are DIFFERENT METRICS and are never co-plotted, differenced or captioned with one word. Arm B uses the first, Arm A the second.",offset is against Arm A's zoned DISPLAY SMOOTHER on the temporal metric: not a residual and not a test. NA where the patch is outside the zoned water range.,"115-part: 52.697196 + 0.547274 x mean water; 64-paddock: 52.652934 + 0.547838 x mean water. Both APPLIED, neither refitted.","8-connected component within one vegetation community, outside every management zone","meets_support_rule = >=25 water years with >=30 valid cells; meets_500_cells = the PARTSCATTER floor used by Arm A; meets_bare_33_cells = v1's threshold, for contrast; size_matched = inside this community's real-part IQR",pixel,1988-2022 (35 water years),unzoned standard-grazing country,0.06235142839918241
U0471,Inland Floodplain Shrublands / Swamps,inland,1,0.0623514283991824,30.065025,,0.0,0,0,0,0,0,,,,,,,,,,,,1,"1 by construction: a patch is defined as a single 8-connected component, unlike a real part which may be several","veg_p05_spatial_mean_over_years and veg_p05_temporal_mean are DIFFERENT METRICS and are never co-plotted, differenced or captioned with one word. Arm B uses the first, Arm A the second.",offset is against Arm A's zoned DISPLAY SMOOTHER on the temporal metric: not a residual and not a test. NA where the patch is outside the zoned water range.,"115-part: 52.697196 + 0.547274 x mean water; 64-paddock: 52.652934 + 0.547838 x mean water. Both APPLIED, neither refitted.","8-connected component within one vegetation community, outside every management zone","meets_support_rule = >=25 water years with >=30 valid cells; meets_500_cells = the PARTSCATTER floor used by Arm A; meets_bare_33_cells = v1's threshold, for contrast; size_matched = inside this community's real-part IQR",pixel,1988-2022 (35 water years),unzoned standard-grazing country,0.06235142839918241
U0472,Inland Floodplain Shrublands / Swamps,inland,2,0.1247028567983648,57.301186,0.104807414,37.142857,0,0,0,0,0,,,,,,,,,,,,1,"1 by construction: a patch is defined as a single 8-connected component, unlike a real part which may be several","veg_p05_spatial_mean_over_years and veg_p05_temporal_mean are DIFFERENT METRICS and are never co-plotted, differenced or captioned with one word. Arm B uses the first, Arm A the second.",offset is against Arm A's zoned DISPLAY SMOOTHER on the temporal metric: not a residual and not a test. NA where the patch is outside the zoned water range.,"115-part: 52.697196 + 0.547274 x mean water; 64-paddock: 52.652934 + 0.547838 x mean water. Both APPLIED, neither refitted.","8-connected component within one vegetation community, outside every management zone","meets_support_rule = >=25 water years with >=30 valid cells; meets_500_cells = the PARTSCATTER floor used by Arm A; meets_bare_33_cells = v1's threshold, for contrast; size_matched = inside this community's real-part IQR",pixel,1988-2022 (35 water years),unzoned standard-grazing country,0.06235142839918241
U0473,Inland Floodplain Shrublands / Swamps,inland,1,0.0623514283991824,27.6659,,2.857143,0,0,0,0,0,,,,,,,,,,,,1,"1 by construction: a patch is defined as a single 8-connected component, unlike a real part which may be several","veg_p05_spatial_mean_over_years and veg_p05_temporal_mean are DIFFERENT METRICS and are never co-plotted, differenced or captioned with one word. Arm B uses the first, Arm A the second.",offset is against Arm A's zoned DISPLAY SMOOTHER on the temporal metric: not a residual and not a test. NA where the patch is outside the zoned water range.,"115-part: 52.697196 + 0.547274 x mean water; 64-paddock: 52.652934 + 0.547838 x mean water. Both APPLIED, neither refitted.","8-connected component within one vegetation community, outside every management zone","meets_support_rule = >=25 water years with >=30 valid cells; meets_500_cells = the PARTSCATTER floor used by Arm A; meets_bare_33_cells = v1's threshold, for contrast; size_matched = inside this community's real-part IQR",pixel,1988-2022 (35 water years),unzoned standard-grazing country,0.06235142839918241
U0474,Inland Floodplain Shrublands / Swamps,inland,2,0.1247028567983648,54.634438,0.09691482,5.714286,0,0,0,0,0,,,,,,,,,,,,1,"1 by construction: a patch is defined as a single 8-connected component, unlike a real part which may be several","veg_p05_spatial_mean_over_years and veg_p05_temporal_mean are DIFFERENT METRICS and are never co-plotted, differenced or captioned with one word. Arm B uses the first, Arm A the second.",offset is against Arm A's zoned DISPLAY SMOOTHER on the temporal metric: not a residual and not a test. NA where the patch is outside the zoned water range.,"115-part: 52.697196 + 0.547274 x mean water; 64-paddock: 52.652934 + 0.547838 x mean water. Both APPLIED, neither refitted.","8-connected component within one vegetation community, outside every management zone","meets_support_rule = >=25 water years with >=30 valid cells; meets_500_cells = the PARTSCATTER floor used by Arm A; meets_bare_33_cells = v1's threshold, for contrast; size_matched = inside this community's real-part IQR",pixel,1988-2022 (35 water years),unzoned standard-grazing country,0.06235142839918241
U0475,Inland Floodplain Shrublands / Swamps,inland,1,0.0623514283991824,62.575752,,14.285714,0,0,0,0,0,,,,,,,,,,,,1,"1 by construction: a patch is defined as a single 8-connected component, unlike a real part which may be several","veg_p05_spatial_mean_over_years and veg_p05_temporal_mean are DIFFERENT METRICS and are never co-plotted, differenced or captioned with one word. Arm B uses the first, Arm A the second.",offset is against Arm A's zoned DISPLAY SMOOTHER on the temporal metric: not a residual and not a test. NA where the patch is outside the zoned water range.,"115-part: 52.697196 + 0.547274 x mean water; 64-paddock: 52.652934 + 0.547838 x mean water. Both APPLIED, neither refitted.","8-connected component within one vegetation community, outside every management zone","meets_support_rule = >=25 water years with >=30 valid cells; meets_500_cells = the PARTSCATTER floor used by Arm A; meets_bare_33_cells = v1's threshold, for contrast; size_matched = inside this community's real-part IQR",pixel,1988-2022 (35 water years),unzoned standard-grazing country,0.06235142839918241
U0476,Inland Floodplain Shrublands / Swamps,inland,1,0.0623514283991824,56.774197,,8.571428,0,0,0,0,0,,,,,,,,,,,,1,"1 by construction: a patch is defined as a single 8-connected component, unlike a real part which may be several","veg_p05_spatial_mean_over_years and veg_p05_temporal_mean are DIFFERENT METRICS and are never co-plotted, differenced or captioned with one word. Arm B uses the first, Arm A the second.",offset is against Arm A's zoned DISPLAY SMOOTHER on the temporal metric: not a residual and not a test. NA where the patch is outside the zoned water range.,"115-part: 52.697196 + 0.547274 x mean water; 64-paddock: 52.652934 + 0.547838 x mean water. Both APPLIED, neither refitted.","8-connected component within one vegetation community, outside every management zone","meets_support_rule = >=25 water years with >=30 valid cells; meets_500_cells = the PARTSCATTER floor used by Arm A; meets_bare_33_cells = v1's threshold, for contrast; size_matched = inside this community's real-part IQR",pixel,1988-2022 (35 water years),unzoned standard-grazing country,0.06235142839918241
U0477,Inland Floodplain Shrublands / Swamps,inland,1,0.0623514283991824,55.259525,,2.857143,0,0,0,0,0,,,,,,,,,,,,1,"1 by construction: a patch is defined as a single 8-connected component, unlike a real part which may be several","veg_p05_spatial_mean_over_years and veg_p05_temporal_mean are DIFFERENT METRICS and are never co-plotted, differenced or captioned with one word. Arm B uses the first, Arm A the second.",offset is against Arm A's zoned DISPLAY SMOOTHER on the temporal metric: not a residual and not a test. NA where the patch is outside the zoned water range.,"115-part: 52.697196 + 0.547274 x mean water; 64-paddock: 52.652934 + 0.547838 x mean water. Both APPLIED, neither refitted.","8-connected component within one vegetation community, outside every management zone","meets_support_rule = >=25 water years with >=30 valid cells; meets_500_cells = the PARTSCATTER floor used by Arm A; meets_bare_33_cells = v1's threshold, for contrast; size_matched = inside this community's real-part IQR",pixel,1988-2022 (35 water years),unzoned standard-grazing country,0.06235142839918241
U0478,Inland Floodplain Shrublands / Swamps,inland,1,0.0623514283991824,52.702892,,5.714286,0,0,0,0,0,,,,,,,,,,,,1,"1 by construction: a patch is defined as a single 8-connected component, unlike a real part which may be several","veg_p05_spatial_mean_over_years and veg_p05_temporal_mean are DIFFERENT METRICS and are never co-plotted, differenced or captioned with one word. Arm B uses the first, Arm A the second.",offset is against Arm A's zoned DISPLAY SMOOTHER on the temporal metric: not a residual and not a test. NA where the patch is outside the zoned water range.,"115-part: 52.697196 + 0.547274 x mean water; 64-paddock: 52.652934 + 0.547838 x mean water. Both APPLIED, neither refitted.","8-connected component within one vegetation community, outside every management zone","meets_support_rule = >=25 water years with >=30 valid cells; meets_500_cells = the PARTSCATTER floor used by Arm A; meets_bare_33_cells = v1's threshold, for contrast; size_matched = inside this community's real-part IQR",pixel,1988-2022 (35 water years),unzoned standard-grazing country,0.06235142839918241
U0479,Inland Floodplain Shrublands / Swamps,inland,1,0.0623514283991824,57.49092,,2.857143,0,0,0,0,0,,,,,,,,,,,,1,"1 by construction: a patch is defined as a single 8-connected component, unlike a real part which may be several","veg_p05_spatial_mean_over_years and veg_p05_temporal_mean are DIFFERENT METRICS and are never co-plotted, differenced or captioned with one word. Arm B uses the first, Arm A the second.",offset is against Arm A's zoned DISPLAY SMOOTHER on the temporal metric: not a residual and not a test. NA where the patch is outside the zoned water range.,"115-part: 52.697196 + 0.547274 x mean water; 64-paddock: 52.652934 + 0.547838 x mean water. Both APPLIED, neither refitted.","8-connected component within one vegetation community, outside every management zone","meets_support_rule = >=25 water years with >=30 valid cells; meets_500_cells = the PARTSCATTER floor used by Arm A; meets_bare_33_cells = v1's threshold, for contrast; size_matched = inside this community's real-part IQR",pixel,1988-2022 (35 water years),unzoned standard-grazing country,0.06235142839918241
U0480,Inland Floodplain Shrublands / Swamps,inland,1,0.0623514283991824,49.66389,,8.571428,0,0,0,0,0,,,,,,,,,,,,1,"1 by construction: a patch is defined as a single 8-connected component, unlike a real part which may be several","veg_p05_spatial_mean_over_years and veg_p05_temporal_mean are DIFFERENT METRICS and are never co-plotted, differenced or captioned with one word. Arm B uses the first, Arm A the second.",offset is against Arm A's zoned DISPLAY SMOOTHER on the temporal metric: not a residual and not a test. NA where the patch is outside the zoned water range.,"115-part: 52.697196 + 0.547274 x mean water; 64-paddock: 52.652934 + 0.547838 x mean water. Both APPLIED, neither refitted.","8-connected component within one vegetation community, outside every management zone","meets_support_rule = >=25 water years with >=30 valid cells; meets_500_cells = the PARTSCATTER floor used by Arm A; meets_bare_33_cells = v1's threshold, for contrast; size_matched = inside this community's real-part IQR",pixel,1988-2022 (35 water years),unzoned standard-grazing country,0.06235142839918241
U0481,Inland Floodplain Shrublands / Swamps,inland,1,0.0623514283991824,53.773224,,0.0,0,0,0,0,0,,,,,,,,,,,,1,"1 by construction: a patch is defined as a single 8-connected component, unlike a real part which may be several","veg_p05_spatial_mean_over_years and veg_p05_temporal_mean are DIFFERENT METRICS and are never co-plotted, differenced or captioned with one word. Arm B uses the first, Arm A the second.",offset is against Arm A's zoned DISPLAY SMOOTHER on the temporal metric: not a residual and not a test. NA where the patch is outside the zoned water range.,"115-part: 52.697196 + 0.547274 x mean water; 64-paddock: 52.652934 + 0.547838 x mean water. Both APPLIED, neither refitted.","8-connected component within one vegetation community, outside every management zone","meets_support_rule = >=25 water years with >=30 valid cells; meets_500_cells = the PARTSCATTER floor used by Arm A; meets_bare_33_cells = v1's threshold, for contrast; size_matched = inside this community's real-part IQR",pixel,1988-2022 (35 water years),unzoned standard-grazing country,0.06235142839918241
U0482,Inland Floodplain Shrublands / Swamps,inland,1,0.0623514283991824,55.084858,,8.571428,0,0,0,0,0,,,,,,,,,,,,1,"1 by construction: a patch is defined as a single 8-connected component, unlike a real part which may be several","veg_p05_spatial_mean_over_years and veg_p05_temporal_mean are DIFFERENT METRICS and are never co-plotted, differenced or captioned with one word. Arm B uses the first, Arm A the second.",offset is against Arm A's zoned DISPLAY SMOOTHER on the temporal metric: not a residual and not a test. NA where the patch is outside the zoned water range.,"115-part: 52.697196 + 0.547274 x mean water; 64-paddock: 52.652934 + 0.547838 x mean water. Both APPLIED, neither refitted.","8-connected component within one vegetation community, outside every management zone","meets_support_rule = >=25 water years with >=30 valid cells; meets_500_cells = the PARTSCATTER floor used by Arm A; meets_bare_33_cells = v1's threshold, for contrast; size_matched = inside this community's real-part IQR",pixel,1988-2022 (35 water years),unzoned standard-grazing country,0.06235142839918241
U0483,Inland Floodplain Shrublands / Swamps,inland,1,0.0623514283991824,50.035713,,11.428572,0,0,0,0,0,,,,,,,,,,,,1,"1 by construction: a patch is defined as a single 8-connected component, unlike a real part which may be several","veg_p05_spatial_mean_over_years and veg_p05_temporal_mean are DIFFERENT METRICS and are never co-plotted, differenced or captioned with one word. Arm B uses the first, Arm A the second.",offset is against Arm A's zoned DISPLAY SMOOTHER on the temporal metric: not a residual and not a test. NA where the patch is outside the zoned water range.,"115-part: 52.697196 + 0.547274 x mean water; 64-paddock: 52.652934 + 0.547838 x mean water. Both APPLIED, neither refitted.","8-connected component within one vegetation community, outside every management zone","meets_support_rule = >=25 water years with >=30 valid cells; meets_500_cells = the PARTSCATTER floor used by Arm A; meets_bare_33_cells = v1's threshold, for contrast; size_matched = inside this community's real-part IQR",pixel,1988-2022 (35 water years),unzoned standard-grazing country,0.06235142839918241
U0484,Inland Floodplain Shrublands / Swamps,inland,2,0.1247028567983648,52.14187,1.3320643,17.142857,0,0,0,0,0,,,,,,,,,,,,1,"1 by construction: a patch is defined as a single 8-connected component, unlike a real part which may be several","veg_p05_spatial_mean_over_years and veg_p05_temporal_mean are DIFFERENT METRICS and are never co-plotted, differenced or captioned with one word. Arm B uses the first, Arm A the second.",offset is against Arm A's zoned DISPLAY SMOOTHER on the temporal metric: not a residual and not a test. NA where the patch is outside the zoned water range.,"115-part: 52.697196 + 0.547274 x mean water; 64-paddock: 52.652934 + 0.547838 x mean water. Both APPLIED, neither refitted.","8-connected component within one vegetation community, outside every management zone","meets_support_rule = >=25 water years with >=30 valid cells; meets_500_cells = the PARTSCATTER floor used by Arm A; meets_bare_33_cells = v1's threshold, for contrast; size_matched = inside this community's real-part IQR",pixel,1988-2022 (35 water years),unzoned standard-grazing country,0.06235142839918241
U0485,Inland Floodplain Shrublands / Swamps,inland,1,0.0623514283991824,61.027145,,22.857143,0,0,0,0,0,,,,,,,,,,,,1,"1 by construction: a patch is defined as a single 8-connected component, unlike a real part which may be several","veg_p05_spatial_mean_over_years and veg_p05_temporal_mean are DIFFERENT METRICS and are never co-plotted, differenced or captioned with one word. Arm B uses the first, Arm A the second.",offset is against Arm A's zoned DISPLAY SMOOTHER on the temporal metric: not a residual and not a test. NA where the patch is outside the zoned water range.,"115-part: 52.697196 + 0.547274 x mean water; 64-paddock: 52.652934 + 0.547838 x mean water. Both APPLIED, neither refitted.","8-connected component within one vegetation community, outside every management zone","meets_support_rule = >=25 water years with >=30 valid cells; meets_500_cells = the PARTSCATTER floor used by Arm A; meets_bare_33_cells = v1's threshold, for contrast; size_matched = inside this community's real-part IQR",pixel,1988-2022 (35 water years),unzoned standard-grazing country,0.06235142839918241
U0486,Inland Floodplain Shrublands / Swamps,inland,31750,1979.6578516740412,50.577614,13.237372,13.347491,35,1,1,1,0,64.29001520974295,13.347491563554556,35.0,0.4181974331721716,0.4754105093121337,0.4417313050172393,1.0,-1.13613483892492,"DESCRIPTIVE OFFSET from the zoned display smoother; not a residual, not a test",4.28808753713804,4.324818126548344,1,"1 by construction: a patch is defined as a single 8-connected component, unlike a real part which may be several","veg_p05_spatial_mean_over_years and veg_p05_temporal_mean are DIFFERENT METRICS and are never co-plotted, differenced or captioned with one word. Arm B uses the first, Arm A the second.",offset is against Arm A's zoned DISPLAY SMOOTHER on the temporal metric: not a residual and not a test. NA where the patch is outside the zoned water range.,"115-part: 52.697196 + 0.547274 x mean water; 64-paddock: 52.652934 + 0.547838 x mean water. Both APPLIED, neither refitted.","8-connected component within one vegetation community, outside every management zone","meets_support_rule = >=25 water years with >=30 valid cells; meets_500_cells = the PARTSCATTER floor used by Arm A; meets_bare_33_cells = v1's threshold, for contrast; size_matched = inside this community's real-part IQR",pixel,1988-2022 (35 water years),unzoned standard-grazing country,0.06235142839918241
U0487,Inland Floodplain Shrublands / Swamps,inland,2,0.1247028567983648,61.2113,1.2693471,20.0,0,0,0,0,0,,,,,,,,,,,,1,"1 by construction: a patch is defined as a single 8-connected component, unlike a real part which may be several","veg_p05_spatial_mean_over_years and veg_p05_temporal_mean are DIFFERENT METRICS and are never co-plotted, differenced or captioned with one word. Arm B uses the first, Arm A the second.",offset is against Arm A's zoned DISPLAY SMOOTHER on the temporal metric: not a residual and not a test. NA where the patch is outside the zoned water range.,"115-part: 52.697196 + 0.547274 x mean water; 64-paddock: 52.652934 + 0.547838 x mean water. Both APPLIED, neither refitted.","8-connected component within one vegetation community, outside every management zone","meets_support_rule = >=25 water years with >=30 valid cells; meets_500_cells = the PARTSCATTER floor used by Arm A; meets_bare_33_cells = v1's threshold, for contrast; size_matched = inside this community's real-part IQR",pixel,1988-2022 (35 water years),unzoned standard-grazing country,0.06235142839918241
U0488,Inland Floodplain Shrublands / Swamps,inland,548,34.16858276275196,43.77376,8.215,4.5776854,35,1,1,1,0,66.06274114336286,4.577685088633993,35.0,0.4763367612508153,0.4012396116841402,0.487398073042262,1.0,,"outside the zoned water range for this community - no comparison, not extrapolated",10.8602982006757,10.901977299775787,1,"1 by construction: a patch is defined as a single 8-connected component, unlike a real part which may be several","veg_p05_spatial_mean_over_years and veg_p05_temporal_mean are DIFFERENT METRICS and are never co-plotted, differenced or captioned with one word. Arm B uses the first, Arm A the second.",offset is against Arm A's zoned DISPLAY SMOOTHER on the temporal metric: not a residual and not a test. NA where the patch is outside the zoned water range.,"115-part: 52.697196 + 0.547274 x mean water; 64-paddock: 52.652934 + 0.547838 x mean water. Both APPLIED, neither refitted.","8-connected component within one vegetation community, outside every management zone","meets_support_rule = >=25 water years with >=30 valid cells; meets_500_cells = the PARTSCATTER floor used by Arm A; meets_bare_33_cells = v1's threshold, for contrast; size_matched = inside this community's real-part IQR",pixel,1988-2022 (35 water years),unzoned standard-grazing country,0.06235142839918241
U0489,Inland Floodplain Shrublands / Swamps,inland,6,0.3741085703950945,43.274433,1.3551447,20.0,0,0,0,0,0,,,,,,,,,,,,1,"1 by construction: a patch is defined as a single 8-connected component, unlike a real part which may be several","veg_p05_spatial_mean_over_years and veg_p05_temporal_mean are DIFFERENT METRICS and are never co-plotted, differenced or captioned with one word. Arm B uses the first, Arm A the second.",offset is against Arm A's zoned DISPLAY SMOOTHER on the temporal metric: not a residual and not a test. NA where the patch is outside the zoned water range.,"115-part: 52.697196 + 0.547274 x mean water; 64-paddock: 52.652934 + 0.547838 x mean water. Both APPLIED, neither refitted.","8-connected component within one vegetation community, outside every management zone","meets_support_rule = >=25 water years with >=30 valid cells; meets_500_cells = the PARTSCATTER floor used by Arm A; meets_bare_33_cells = v1's threshold, for contrast; size_matched = inside this community's real-part IQR",pixel,1988-2022 (35 water years),unzoned standard-grazing country,0.06235142839918241
U0490,Inland Floodplain Shrublands / Swamps,inland,4,0.2494057135967296,47.126755,2.0139987,15.714286,0,0,0,0,0,,,,,,,,,,,,1,"1 by construction: a patch is defined as a single 8-connected component, unlike a real part which may be several","veg_p05_spatial_mean_over_years and veg_p05_temporal_mean are DIFFERENT METRICS and are never co-plotted, differenced or captioned with one word. Arm B uses the first, Arm A the second.",offset is against Arm A's zoned DISPLAY SMOOTHER on the temporal metric: not a residual and not a test. NA where the patch is outside the zoned water range.,"115-part: 52.697196 + 0.547274 x mean water; 64-paddock: 52.652934 + 0.547838 x mean water. Both APPLIED, neither refitted.","8-connected component within one vegetation community, outside every management zone","meets_support_rule = >=25 water years with >=30 valid cells; meets_500_cells = the PARTSCATTER floor used by Arm A; meets_bare_33_cells = v1's threshold, for contrast; size_matched = inside this community's real-part IQR",pixel,1988-2022 (35 water years),unzoned standard-grazing country,0.06235142839918241
U0491,Inland Floodplain Shrublands / Swamps,inland,2,0.1247028567983648,47.992462,0.063785374,8.571428,0,0,0,0,0,,,,,,,,,,,,1,"1 by construction: a patch is defined as a single 8-connected component, unlike a real part which may be several","veg_p05_spatial_mean_over_years and veg_p05_temporal_mean are DIFFERENT METRICS and are never co-plotted, differenced or captioned with one word. Arm B uses the first, Arm A the second.",offset is against Arm A's zoned DISPLAY SMOOTHER on the temporal metric: not a residual and not a test. NA where the patch is outside the zoned water range.,"115-part: 52.697196 + 0.547274 x mean water; 64-paddock: 52.652934 + 0.547838 x mean water. Both APPLIED, neither refitted.","8-connected component within one vegetation community, outside every management zone","meets_support_rule = >=25 water years with >=30 valid cells; meets_500_cells = the PARTSCATTER floor used by Arm A; meets_bare_33_cells = v1's threshold, for contrast; size_matched = inside this community's real-part IQR",pixel,1988-2022 (35 water years),unzoned standard-grazing country,0.06235142839918241
U0492,Inland Floodplain Shrublands / Swamps,inland,906,56.49039412965927,58.628654,6.409353,16.600441,35,1,1,1,0,73.67371653148106,16.600441501103752,35.0,0.2167271461714295,0.5588204458643717,0.3363337018465352,1.0,5.36402895861746,"DESCRIPTIVE OFFSET from the zoned display smoother; not a residual, not a test",11.89153480228984,11.92642986039938,1,"1 by construction: a patch is defined as a single 8-connected component, unlike a real part which may be several","veg_p05_spatial_mean_over_years and veg_p05_temporal_mean are DIFFERENT METRICS and are never co-plotted, differenced or captioned with one word. Arm B uses the first, Arm A the second.",offset is against Arm A's zoned DISPLAY SMOOTHER on the temporal metric: not a residual and not a test. NA where the patch is outside the zoned water range.,"115-part: 52.697196 + 0.547274 x mean water; 64-paddock: 52.652934 + 0.547838 x mean water. Both APPLIED, neither refitted.","8-connected component within one vegetation community, outside every management zone","meets_support_rule = >=25 water years with >=30 valid cells; meets_500_cells = the PARTSCATTER floor used by Arm A; meets_bare_33_cells = v1's threshold, for contrast; size_matched = inside this community's real-part IQR",pixel,1988-2022 (35 water years),unzoned standard-grazing country,0.06235142839918241
U0493,Inland Floodplain Shrublands / Swamps,inland,2,0.1247028567983648,38.482452,2.1351688,40.0,0,0,0,0,0,,,,,,,,,,,,1,"1 by construction: a patch is defined as a single 8-connected component, unlike a real part which may be several","veg_p05_spatial_mean_over_years and veg_p05_temporal_mean are DIFFERENT METRICS and are never co-plotted, differenced or captioned with one word. Arm B uses the first, Arm A the second.",offset is against Arm A's zoned DISPLAY SMOOTHER on the temporal metric: not a residual and not a test. NA where the patch is outside the zoned water range.,"115-part: 52.697196 + 0.547274 x mean water; 64-paddock: 52.652934 + 0.547838 x mean water. Both APPLIED, neither refitted.","8-connected component within one vegetation community, outside every management zone","meets_support_rule = >=25 water years with >=30 valid cells; meets_500_cells = the PARTSCATTER floor used by Arm A; meets_bare_33_cells = v1's threshold, for contrast; size_matched = inside this community's real-part IQR",pixel,1988-2022 (35 water years),unzoned standard-grazing country,0.06235142839918241
U0494,Inland Floodplain Shrublands / Swamps,inland,6,0.3741085703950945,54.227905,1.1059158,50.0,0,0,0,0,0,,,,,,,,,,,,1,"1 by construction: a patch is defined as a single 8-connected component, unlike a real part which may be several","veg_p05_spatial_mean_over_years and veg_p05_temporal_mean are DIFFERENT METRICS and are never co-plotted, differenced or captioned with one word. Arm B uses the first, Arm A the second.",offset is against Arm A's zoned DISPLAY SMOOTHER on the temporal metric: not a residual and not a test. NA where the patch is outside the zoned water range.,"115-part: 52.697196 + 0.547274 x mean water; 64-paddock: 52.652934 + 0.547838 x mean water. Both APPLIED, neither refitted.","8-connected component within one vegetation community, outside every management zone","meets_support_rule = >=25 water years with >=30 valid cells; meets_500_cells = the PARTSCATTER floor used by Arm A; meets_bare_33_cells = v1's threshold, for contrast; size_matched = inside this community's real-part IQR",pixel,1988-2022 (35 water years),unzoned standard-grazing country,0.06235142839918241
U0495,Inland Floodplain Shrublands / Swamps,inland,4,0.2494057135967296,48.548534,1.9977393,2.857143,0,0,0,0,0,,,,,,,,,,,,1,"1 by construction: a patch is defined as a single 8-connected component, unlike a real part which may be several","veg_p05_spatial_mean_over_years and veg_p05_temporal_mean are DIFFERENT METRICS and are never co-plotted, differenced or captioned with one word. Arm B uses the first, Arm A the second.",offset is against Arm A's zoned DISPLAY SMOOTHER on the temporal metric: not a residual and not a test. NA where the patch is outside the zoned water range.,"115-part: 52.697196 + 0.547274 x mean water; 64-paddock: 52.652934 + 0.547838 x mean water. Both APPLIED, neither refitted.","8-connected component within one vegetation community, outside every management zone","meets_support_rule = >=25 water years with >=30 valid cells; meets_500_cells = the PARTSCATTER floor used by Arm A; meets_bare_33_cells = v1's threshold, for contrast; size_matched = inside this community's real-part IQR",pixel,1988-2022 (35 water years),unzoned standard-grazing country,0.06235142839918241
U0496,Inland Floodplain Shrublands / Swamps,inland,2,0.1247028567983648,46.006264,0.30551544,4.285714,0,0,0,0,0,,,,,,,,,,,,1,"1 by construction: a patch is defined as a single 8-connected component, unlike a real part which may be several","veg_p05_spatial_mean_over_years and veg_p05_temporal_mean are DIFFERENT METRICS and are never co-plotted, differenced or captioned with one word. Arm B uses the first, Arm A the second.",offset is against Arm A's zoned DISPLAY SMOOTHER on the temporal metric: not a residual and not a test. NA where the patch is outside the zoned water range.,"115-part: 52.697196 + 0.547274 x mean water; 64-paddock: 52.652934 + 0.547838 x mean water. Both APPLIED, neither refitted.","8-connected component within one vegetation community, outside every management zone","meets_support_rule = >=25 water years with >=30 valid cells; meets_500_cells = the PARTSCATTER floor used by Arm A; meets_bare_33_cells = v1's threshold, for contrast; size_matched = inside this community's real-part IQR",pixel,1988-2022 (35 water years),unzoned standard-grazing country,0.06235142839918241
U0497,Inland Floodplain Shrublands / Swamps,inland,1,0.0623514283991824,45.680866,,45.714287,0,0,0,0,0,,,,,,,,,,,,1,"1 by construction: a patch is defined as a single 8-connected component, unlike a real part which may be several","veg_p05_spatial_mean_over_years and veg_p05_temporal_mean are DIFFERENT METRICS and are never co-plotted, differenced or captioned with one word. Arm B uses the first, Arm A the second.",offset is against Arm A's zoned DISPLAY SMOOTHER on the temporal metric: not a residual and not a test. NA where the patch is outside the zoned water range.,"115-part: 52.697196 + 0.547274 x mean water; 64-paddock: 52.652934 + 0.547838 x mean water. Both APPLIED, neither refitted.","8-connected component within one vegetation community, outside every management zone","meets_support_rule = >=25 water years with >=30 valid cells; meets_500_cells = the PARTSCATTER floor used by Arm A; meets_bare_33_cells = v1's threshold, for contrast; size_matched = inside this community's real-part IQR",pixel,1988-2022 (35 water years),unzoned standard-grazing country,0.06235142839918241
U0498,Inland Floodplain Shrublands / Swamps,inland,1,0.0623514283991824,31.957073,,2.857143,0,0,0,0,0,,,,,,,,,,,,1,"1 by construction: a patch is defined as a single 8-connected component, unlike a real part which may be several","veg_p05_spatial_mean_over_years and veg_p05_temporal_mean are DIFFERENT METRICS and are never co-plotted, differenced or captioned with one word. Arm B uses the first, Arm A the second.",offset is against Arm A's zoned DISPLAY SMOOTHER on the temporal metric: not a residual and not a test. NA where the patch is outside the zoned water range.,"115-part: 52.697196 + 0.547274 x mean water; 64-paddock: 52.652934 + 0.547838 x mean water. Both APPLIED, neither refitted.","8-connected component within one vegetation community, outside every management zone","meets_support_rule = >=25 water years with >=30 valid cells; meets_500_cells = the PARTSCATTER floor used by Arm A; meets_bare_33_cells = v1's threshold, for contrast; size_matched = inside this community's real-part IQR",pixel,1988-2022 (35 water years),unzoned standard-grazing country,0.06235142839918241
U0499,Inland Floodplain Shrublands / Swamps,inland,1,0.0623514283991824,50.81267,,0.0,0,0,0,0,0,,,,,,,,,,,,1,"1 by construction: a patch is defined as a single 8-connected component, unlike a real part which may be several","veg_p05_spatial_mean_over_years and veg_p05_temporal_mean are DIFFERENT METRICS and are never co-plotted, differenced or captioned with one word. Arm B uses the first, Arm A the second.",offset is against Arm A's zoned DISPLAY SMOOTHER on the temporal metric: not a residual and not a test. NA where the patch is outside the zoned water range.,"115-part: 52.697196 + 0.547274 x mean water; 64-paddock: 52.652934 + 0.547838 x mean water. Both APPLIED, neither refitted.","8-connected component within one vegetation community, outside every management zone","meets_support_rule = >=25 water years with >=30 valid cells; meets_500_cells = the PARTSCATTER floor used by Arm A; meets_bare_33_cells = v1's threshold, for contrast; size_matched = inside this community's real-part IQR",pixel,1988-2022 (35 water years),unzoned standard-grazing country,0.06235142839918241
U0500,Inland Floodplain Shrublands / Swamps,inland,1,0.0623514283991824,48.829403,,2.857143,0,0,0,0,0,,,,,,,,,,,,1,"1 by construction: a patch is defined as a single 8-connected component, unlike a real part which may be several","veg_p05_spatial_mean_over_years and veg_p05_temporal_mean are DIFFERENT METRICS and are never co-plotted, differenced or captioned with one word. Arm B uses the first, Arm A the second.",offset is against Arm A's zoned DISPLAY SMOOTHER on the temporal metric: not a residual and not a test. NA where the patch is outside the zoned water range.,"115-part: 52.697196 + 0.547274 x mean water; 64-paddock: 52.652934 + 0.547838 x mean water. Both APPLIED, neither refitted.","8-connected component within one vegetation community, outside every management zone","meets_support_rule = >=25 water years with >=30 valid cells; meets_500_cells = the PARTSCATTER floor used by Arm A; meets_bare_33_cells = v1's threshold, for contrast; size_matched = inside this community's real-part IQR",pixel,1988-2022 (35 water years),unzoned standard-grazing country,0.06235142839918241
U0501,Riverine Chenopod Shrublands,riverine,2904,181.0685480712257,62.44694,10.866141,8.890201,35,1,1,1,1,71.45969086783273,8.890200708382526,35.0,0.2340764342652399,0.4043629766596218,0.2951739589208381,1.0,21.1253038276263,"DESCRIPTIVE OFFSET from the zoned display smoother; not a residual, not a test",13.897121401977081,13.936367092153866,1,"1 by construction: a patch is defined as a single 8-connected component, unlike a real part which may be several","veg_p05_spatial_mean_over_years and veg_p05_temporal_mean are DIFFERENT METRICS and are never co-plotted, differenced or captioned with one word. Arm B uses the first, Arm A the second.",offset is against Arm A's zoned DISPLAY SMOOTHER on the temporal metric: not a residual and not a test. NA where the patch is outside the zoned water range.,"115-part: 52.697196 + 0.547274 x mean water; 64-paddock: 52.652934 + 0.547838 x mean water. Both APPLIED, neither refitted.","8-connected component within one vegetation community, outside every management zone","meets_support_rule = >=25 water years with >=30 valid cells; meets_500_cells = the PARTSCATTER floor used by Arm A; meets_bare_33_cells = v1's threshold, for contrast; size_matched = inside this community's real-part IQR",pixel,1988-2022 (35 water years),unzoned standard-grazing country,0.06235142839918241
U0502,Riverine Chenopod Shrublands,riverine,5,0.311757141995912,72.62576,4.4492717,32.0,0,0,0,0,0,,,,,,,,,,,,1,"1 by construction: a patch is defined as a single 8-connected component, unlike a real part which may be several","veg_p05_spatial_mean_over_years and veg_p05_temporal_mean are DIFFERENT METRICS and are never co-plotted, differenced or captioned with one word. Arm B uses the first, Arm A the second.",offset is against Arm A's zoned DISPLAY SMOOTHER on the temporal metric: not a residual and not a test. NA where the patch is outside the zoned water range.,"115-part: 52.697196 + 0.547274 x mean water; 64-paddock: 52.652934 + 0.547838 x mean water. Both APPLIED, neither refitted.","8-connected component within one vegetation community, outside every management zone","meets_support_rule = >=25 water years with >=30 valid cells; meets_500_cells = the PARTSCATTER floor used by Arm A; meets_bare_33_cells = v1's threshold, for contrast; size_matched = inside this community's real-part IQR",pixel,1988-2022 (35 water years),unzoned standard-grazing country,0.06235142839918241
U0503,Riverine Chenopod Shrublands,riverine,10,0.6235142839918241,42.889877,12.021153,6.8571424,0,0,0,0,0,,,,,,,,,,,,1,"1 by construction: a patch is defined as a single 8-connected component, unlike a real part which may be several","veg_p05_spatial_mean_over_years and veg_p05_temporal_mean are DIFFERENT METRICS and are never co-plotted, differenced or captioned with one word. Arm B uses the first, Arm A the second.",offset is against Arm A's zoned DISPLAY SMOOTHER on the temporal metric: not a residual and not a test. NA where the patch is outside the zoned water range.,"115-part: 52.697196 + 0.547274 x mean water; 64-paddock: 52.652934 + 0.547838 x mean water. Both APPLIED, neither refitted.","8-connected component within one vegetation community, outside every management zone","meets_support_rule = >=25 water years with >=30 valid cells; meets_500_cells = the PARTSCATTER floor used by Arm A; meets_bare_33_cells = v1's threshold, for contrast; size_matched = inside this community's real-part IQR",pixel,1988-2022 (35 water years),unzoned standard-grazing country,0.06235142839918241
U0504,Riverine Chenopod Shrublands,riverine,1,0.0623514283991824,44.102142,,5.714286,0,0,0,0,0,,,,,,,,,,,,1,"1 by construction: a patch is defined as a single 8-connected component, unlike a real part which may be several","veg_p05_spatial_mean_over_years and veg_p05_temporal_mean are DIFFERENT METRICS and are never co-plotted, differenced or captioned with one word. Arm B uses the first, Arm A the second.",offset is against Arm A's zoned DISPLAY SMOOTHER on the temporal metric: not a residual and not a test. NA where the patch is outside the zoned water range.,"115-part: 52.697196 + 0.547274 x mean water; 64-paddock: 52.652934 + 0.547838 x mean water. Both APPLIED, neither refitted.","8-connected component within one vegetation community, outside every management zone","meets_support_rule = >=25 water years with >=30 valid cells; meets_500_cells = the PARTSCATTER floor used by Arm A; meets_bare_33_cells = v1's threshold, for contrast; size_matched = inside this community's real-part IQR",pixel,1988-2022 (35 water years),unzoned standard-grazing country,0.06235142839918241
U0505,Riverine Chenopod Shrublands,riverine,14,0.8729199975885538,27.283182,5.10575,5.918368,0,0,0,0,0,,,,,,,,,,,,1,"1 by construction: a patch is defined as a single 8-connected component, unlike a real part which may be several","veg_p05_spatial_mean_over_years and veg_p05_temporal_mean are DIFFERENT METRICS and are never co-plotted, differenced or captioned with one word. Arm B uses the first, Arm A the second.",offset is against Arm A's zoned DISPLAY SMOOTHER on the temporal metric: not a residual and not a test. NA where the patch is outside the zoned water range.,"115-part: 52.697196 + 0.547274 x mean water; 64-paddock: 52.652934 + 0.547838 x mean water. Both APPLIED, neither refitted.","8-connected component within one vegetation community, outside every management zone","meets_support_rule = >=25 water years with >=30 valid cells; meets_500_cells = the PARTSCATTER floor used by Arm A; meets_bare_33_cells = v1's threshold, for contrast; size_matched = inside this community's real-part IQR",pixel,1988-2022 (35 water years),unzoned standard-grazing country,0.06235142839918241
U0506,Riverine Chenopod Shrublands,riverine,77,4.801059986737045,36.261852,11.8700485,8.942486,35,1,1,0,0,35.09534379141672,8.942486085343228,35.0,0.198268386211597,0.2655900299996244,0.7983218734525331,1.0,,,-22.495840087885632,-22.45662390060555,1,"1 by construction: a patch is defined as a single 8-connected component, unlike a real part which may be several","veg_p05_spatial_mean_over_years and veg_p05_temporal_mean are DIFFERENT METRICS and are never co-plotted, differenced or captioned with one word. Arm B uses the first, Arm A the second.",offset is against Arm A's zoned DISPLAY SMOOTHER on the temporal metric: not a residual and not a test. NA where the patch is outside the zoned water range.,"115-part: 52.697196 + 0.547274 x mean water; 64-paddock: 52.652934 + 0.547838 x mean water. Both APPLIED, neither refitted.","8-connected component within one vegetation community, outside every management zone","meets_support_rule = >=25 water years with >=30 valid cells; meets_500_cells = the PARTSCATTER floor used by Arm A; meets_bare_33_cells = v1's threshold, for contrast; size_matched = inside this community's real-part IQR",pixel,1988-2022 (35 water years),unzoned standard-grazing country,0.06235142839918241
U0507,Riverine Chenopod Shrublands,riverine,9,0.5611628555926417,44.749943,8.480521,13.333333,0,0,0,0,0,,,,,,,,,,,,1,"1 by construction: a patch is defined as a single 8-connected component, unlike a real part which may be several","veg_p05_spatial_mean_over_years and veg_p05_temporal_mean are DIFFERENT METRICS and are never co-plotted, differenced or captioned with one word. Arm B uses the first, Arm A the second.",offset is against Arm A's zoned DISPLAY SMOOTHER on the temporal metric: not a residual and not a test. NA where the patch is outside the zoned water range.,"115-part: 52.697196 + 0.547274 x mean water; 64-paddock: 52.652934 + 0.547838 x mean water. Both APPLIED, neither refitted.","8-connected component within one vegetation community, outside every management zone","meets_support_rule = >=25 water years with >=30 valid cells; meets_500_cells = the PARTSCATTER floor used by Arm A; meets_bare_33_cells = v1's threshold, for contrast; size_matched = inside this community's real-part IQR",pixel,1988-2022 (35 water years),unzoned standard-grazing country,0.06235142839918241
U0508,Riverine Chenopod Shrublands,riverine,3568,222.46989652828285,51.87128,5.8037944,21.85458,35,1,1,1,1,67.74886489868163,21.854580397181294,35.0,0.1560073268630674,0.4750838663935632,0.3538453119067744,1.0,0.983487223128797,"DESCRIPTIVE OFFSET from the zoned display smoother; not a residual, not a test",3.091230960515702,3.123161283050621,1,"1 by construction: a patch is defined as a single 8-connected component, unlike a real part which may be several","veg_p05_spatial_mean_over_years and veg_p05_temporal_mean are DIFFERENT METRICS and are never co-plotted, differenced or captioned with one word. Arm B uses the first, Arm A the second.",offset is against Arm A's zoned DISPLAY SMOOTHER on the temporal metric: not a residual and not a test. NA where the patch is outside the zoned water range.,"115-part: 52.697196 + 0.547274 x mean water; 64-paddock: 52.652934 + 0.547838 x mean water. Both APPLIED, neither refitted.","8-connected component within one vegetation community, outside every management zone","meets_support_rule = >=25 water years with >=30 valid cells; meets_500_cells = the PARTSCATTER floor used by Arm A; meets_bare_33_cells = v1's threshold, for contrast; size_matched = inside this community's real-part IQR",pixel,1988-2022 (35 water years),unzoned standard-grazing country,0.06235142839918241
U0509,Riverine Chenopod Shrublands,riverine,4,0.2494057135967296,58.363873,0.9348464,11.428572,0,0,0,0,0,,,,,,,,,,,,1,"1 by construction: a patch is defined as a single 8-connected component, unlike a real part which may be several","veg_p05_spatial_mean_over_years and veg_p05_temporal_mean are DIFFERENT METRICS and are never co-plotted, differenced or captioned with one word. Arm B uses the first, Arm A the second.",offset is against Arm A's zoned DISPLAY SMOOTHER on the temporal metric: not a residual and not a test. NA where the patch is outside the zoned water range.,"115-part: 52.697196 + 0.547274 x mean water; 64-paddock: 52.652934 + 0.547838 x mean water. Both APPLIED, neither refitted.","8-connected component within one vegetation community, outside every management zone","meets_support_rule = >=25 water years with >=30 valid cells; meets_500_cells = the PARTSCATTER floor used by Arm A; meets_bare_33_cells = v1's threshold, for contrast; size_matched = inside this community's real-part IQR",pixel,1988-2022 (35 water years),unzoned standard-grazing country,0.06235142839918241
U0510,Riverine Chenopod Shrublands,riverine,1,0.0623514283991824,41.319016,,8.571428,0,0,0,0,0,,,,,,,,,,,,1,"1 by construction: a patch is defined as a single 8-connected component, unlike a real part which may be several","veg_p05_spatial_mean_over_years and veg_p05_temporal_mean are DIFFERENT METRICS and are never co-plotted, differenced or captioned with one word. Arm B uses the first, Arm A the second.",offset is against Arm A's zoned DISPLAY SMOOTHER on the temporal metric: not a residual and not a test. NA where the patch is outside the zoned water range.,"115-part: 52.697196 + 0.547274 x mean water; 64-paddock: 52.652934 + 0.547838 x mean water. Both APPLIED, neither refitted.","8-connected component within one vegetation community, outside every management zone","meets_support_rule = >=25 water years with >=30 valid cells; meets_500_cells = the PARTSCATTER floor used by Arm A; meets_bare_33_cells = v1's threshold, for contrast; size_matched = inside this community's real-part IQR",pixel,1988-2022 (35 water years),unzoned standard-grazing country,0.06235142839918241
U0511,Riverine Chenopod Shrublands,riverine,1,0.0623514283991824,36.92311,,8.571428,0,0,0,0,0,,,,,,,,,,,,1,"1 by construction: a patch is defined as a single 8-connected component, unlike a real part which may be several","veg_p05_spatial_mean_over_years and veg_p05_temporal_mean are DIFFERENT METRICS and are never co-plotted, differenced or captioned with one word. Arm B uses the first, Arm A the second.",offset is against Arm A's zoned DISPLAY SMOOTHER on the temporal metric: not a residual and not a test. NA where the patch is outside the zoned water range.,"115-part: 52.697196 + 0.547274 x mean water; 64-paddock: 52.652934 + 0.547838 x mean water. Both APPLIED, neither refitted.","8-connected component within one vegetation community, outside every management zone","meets_support_rule = >=25 water years with >=30 valid cells; meets_500_cells = the PARTSCATTER floor used by Arm A; meets_bare_33_cells = v1's threshold, for contrast; size_matched = inside this community's real-part IQR",pixel,1988-2022 (35 water years),unzoned standard-grazing country,0.06235142839918241
U0512,Riverine Chenopod Shrublands,riverine,421,26.2499513560558,43.492428,7.879045,10.620971,35,1,1,0,0,58.41869016374861,10.620970478452664,35.0,0.1265057387833647,0.2407287223155711,0.2691998847027963,1.0,,,-0.0910841356698242,-0.05281506122594237,1,"1 by construction: a patch is defined as a single 8-connected component, unlike a real part which may be several","veg_p05_spatial_mean_over_years and veg_p05_temporal_mean are DIFFERENT METRICS and are never co-plotted, differenced or captioned with one word. Arm B uses the first, Arm A the second.",offset is against Arm A's zoned DISPLAY SMOOTHER on the temporal metric: not a residual and not a test. NA where the patch is outside the zoned water range.,"115-part: 52.697196 + 0.547274 x mean water; 64-paddock: 52.652934 + 0.547838 x mean water. Both APPLIED, neither refitted.","8-connected component within one vegetation community, outside every management zone","meets_support_rule = >=25 water years with >=30 valid cells; meets_500_cells = the PARTSCATTER floor used by Arm A; meets_bare_33_cells = v1's threshold, for contrast; size_matched = inside this community's real-part IQR",pixel,1988-2022 (35 water years),unzoned standard-grazing country,0.06235142839918241
U0513,Riverine Chenopod Shrublands,riverine,162,10.10093140066755,43.6128,4.524616,20.58201,35,1,1,0,0,67.17063690730504,20.582010582010582,35.0,0.1304944306710856,0.357023935853305,0.3461485521335106,1.0,,,3.2094470027825537,3.2420953940775235,1,"1 by construction: a patch is defined as a single 8-connected component, unlike a real part which may be several","veg_p05_spatial_mean_over_years and veg_p05_temporal_mean are DIFFERENT METRICS and are never co-plotted, differenced or captioned with one word. Arm B uses the first, Arm A the second.",offset is against Arm A's zoned DISPLAY SMOOTHER on the temporal metric: not a residual and not a test. NA where the patch is outside the zoned water range.,"115-part: 52.697196 + 0.547274 x mean water; 64-paddock: 52.652934 + 0.547838 x mean water. Both APPLIED, neither refitted.","8-connected component within one vegetation community, outside every management zone","meets_support_rule = >=25 water years with >=30 valid cells; meets_500_cells = the PARTSCATTER floor used by Arm A; meets_bare_33_cells = v1's threshold, for contrast; size_matched = inside this community's real-part IQR",pixel,1988-2022 (35 water years),unzoned standard-grazing country,0.06235142839918241
U0514,Riverine Chenopod Shrublands,riverine,5,0.311757141995912,59.630756,2.1542976,30.285715,0,0,0,0,0,,,,,,,,,,,,1,"1 by construction: a patch is defined as a single 8-connected component, unlike a real part which may be several","veg_p05_spatial_mean_over_years and veg_p05_temporal_mean are DIFFERENT METRICS and are never co-plotted, differenced or captioned with one word. Arm B uses the first, Arm A the second.",offset is against Arm A's zoned DISPLAY SMOOTHER on the temporal metric: not a residual and not a test. NA where the patch is outside the zoned water range.,"115-part: 52.697196 + 0.547274 x mean water; 64-paddock: 52.652934 + 0.547838 x mean water. Both APPLIED, neither refitted.","8-connected component within one vegetation community, outside every management zone","meets_support_rule = >=25 water years with >=30 valid cells; meets_500_cells = the PARTSCATTER floor used by Arm A; meets_bare_33_cells = v1's threshold, for contrast; size_matched = inside this community's real-part IQR",pixel,1988-2022 (35 water years),unzoned standard-grazing country,0.06235142839918241
U0515,Riverine Chenopod Shrublands,riverine,7,0.4364599987942769,61.476196,0.8472709,26.530611,0,0,0,0,0,,,,,,,,,,,,1,"1 by construction: a patch is defined as a single 8-connected component, unlike a real part which may be several","veg_p05_spatial_mean_over_years and veg_p05_temporal_mean are DIFFERENT METRICS and are never co-plotted, differenced or captioned with one word. Arm B uses the first, Arm A the second.",offset is against Arm A's zoned DISPLAY SMOOTHER on the temporal metric: not a residual and not a test. NA where the patch is outside the zoned water range.,"115-part: 52.697196 + 0.547274 x mean water; 64-paddock: 52.652934 + 0.547838 x mean water. Both APPLIED, neither refitted.","8-connected component within one vegetation community, outside every management zone","meets_support_rule = >=25 water years with >=30 valid cells; meets_500_cells = the PARTSCATTER floor used by Arm A; meets_bare_33_cells = v1's threshold, for contrast; size_matched = inside this community's real-part IQR",pixel,1988-2022 (35 water years),unzoned standard-grazing country,0.06235142839918241
U0516,Riverine Chenopod Shrublands,riverine,4,0.2494057135967296,44.44578,7.190588,12.142857,0,0,0,0,0,,,,,,,,,,,,1,"1 by construction: a patch is defined as a single 8-connected component, unlike a real part which may be several","veg_p05_spatial_mean_over_years and veg_p05_temporal_mean are DIFFERENT METRICS and are never co-plotted, differenced or captioned with one word. Arm B uses the first, Arm A the second.",offset is against Arm A's zoned DISPLAY SMOOTHER on the temporal metric: not a residual and not a test. NA where the patch is outside the zoned water range.,"115-part: 52.697196 + 0.547274 x mean water; 64-paddock: 52.652934 + 0.547838 x mean water. Both APPLIED, neither refitted.","8-connected component within one vegetation community, outside every management zone","meets_support_rule = >=25 water years with >=30 valid cells; meets_500_cells = the PARTSCATTER floor used by Arm A; meets_bare_33_cells = v1's threshold, for contrast; size_matched = inside this community's real-part IQR",pixel,1988-2022 (35 water years),unzoned standard-grazing country,0.06235142839918241
U0517,Riverine Chenopod Shrublands,riverine,21,1.3093799963828303,37.6275,3.6852324,28.979591,0,0,0,0,0,,,,,,,,,,,,1,"1 by construction: a patch is defined as a single 8-connected component, unlike a real part which may be several","veg_p05_spatial_mean_over_years and veg_p05_temporal_mean are DIFFERENT METRICS and are never co-plotted, differenced or captioned with one word. Arm B uses the first, Arm A the second.",offset is against Arm A's zoned DISPLAY SMOOTHER on the temporal metric: not a residual and not a test. NA where the patch is outside the zoned water range.,"115-part: 52.697196 + 0.547274 x mean water; 64-paddock: 52.652934 + 0.547838 x mean water. Both APPLIED, neither refitted.","8-connected component within one vegetation community, outside every management zone","meets_support_rule = >=25 water years with >=30 valid cells; meets_500_cells = the PARTSCATTER floor used by Arm A; meets_bare_33_cells = v1's threshold, for contrast; size_matched = inside this community's real-part IQR",pixel,1988-2022 (35 water years),unzoned standard-grazing country,0.06235142839918241
U0518,Riverine Chenopod Shrublands,riverine,15,0.9352714259877362,55.031994,3.8315287,23.428572,0,0,0,0,0,,,,,,,,,,,,1,"1 by construction: a patch is defined as a single 8-connected component, unlike a real part which may be several","veg_p05_spatial_mean_over_years and veg_p05_temporal_mean are DIFFERENT METRICS and are never co-plotted, differenced or captioned with one word. Arm B uses the first, Arm A the second.",offset is against Arm A's zoned DISPLAY SMOOTHER on the temporal metric: not a residual and not a test. NA where the patch is outside the zoned water range.,"115-part: 52.697196 + 0.547274 x mean water; 64-paddock: 52.652934 + 0.547838 x mean water. Both APPLIED, neither refitted.","8-connected component within one vegetation community, outside every management zone","meets_support_rule = >=25 water years with >=30 valid cells; meets_500_cells = the PARTSCATTER floor used by Arm A; meets_bare_33_cells = v1's threshold, for contrast; size_matched = inside this community's real-part IQR",pixel,1988-2022 (35 water years),unzoned standard-grazing country,0.06235142839918241
U0519,Riverine Chenopod Shrublands,riverine,4,0.2494057135967296,48.103237,4.6248116,30.714287,0,0,0,0,0,,,,,,,,,,,,1,"1 by construction: a patch is defined as a single 8-connected component, unlike a real part which may be several","veg_p05_spatial_mean_over_years and veg_p05_temporal_mean are DIFFERENT METRICS and are never co-plotted, differenced or captioned with one word. Arm B uses the first, Arm A the second.",offset is against Arm A's zoned DISPLAY SMOOTHER on the temporal metric: not a residual and not a test. NA where the patch is outside the zoned water range.,"115-part: 52.697196 + 0.547274 x mean water; 64-paddock: 52.652934 + 0.547838 x mean water. Both APPLIED, neither refitted.","8-connected component within one vegetation community, outside every management zone","meets_support_rule = >=25 water years with >=30 valid cells; meets_500_cells = the PARTSCATTER floor used by Arm A; meets_bare_33_cells = v1's threshold, for contrast; size_matched = inside this community's real-part IQR",pixel,1988-2022 (35 water years),unzoned standard-grazing country,0.06235142839918241
U0520,Riverine Chenopod Shrublands,riverine,12,0.748217140790189,45.8673,2.0972362,20.47619,0,0,0,0,0,,,,,,,,,,,,1,"1 by construction: a patch is defined as a single 8-connected component, unlike a real part which may be several","veg_p05_spatial_mean_over_years and veg_p05_temporal_mean are DIFFERENT METRICS and are never co-plotted, differenced or captioned with one word. Arm B uses the first, Arm A the second.",offset is against Arm A's zoned DISPLAY SMOOTHER on the temporal metric: not a residual and not a test. NA where the patch is outside the zoned water range.,"115-part: 52.697196 + 0.547274 x mean water; 64-paddock: 52.652934 + 0.547838 x mean water. Both APPLIED, neither refitted.","8-connected component within one vegetation community, outside every management zone","meets_support_rule = >=25 water years with >=30 valid cells; meets_500_cells = the PARTSCATTER floor used by Arm A; meets_bare_33_cells = v1's threshold, for contrast; size_matched = inside this community's real-part IQR",pixel,1988-2022 (35 water years),unzoned standard-grazing country,0.06235142839918241
U0521,Riverine Chenopod Shrublands,riverine,663,41.338997028657936,47.45587,6.755771,18.478777,35,1,1,1,1,65.53336757659912,18.478776125834948,35.0,0.1352047378264418,0.3253415024733669,0.3084359427313947,1.0,-0.450991449884619,"DESCRIPTIVE OFFSET from the zoned display smoother; not a residual, not a test",2.723222644929727,2.757057821373948,1,"1 by construction: a patch is defined as a single 8-connected component, unlike a real part which may be several","veg_p05_spatial_mean_over_years and veg_p05_temporal_mean are DIFFERENT METRICS and are never co-plotted, differenced or captioned with one word. Arm B uses the first, Arm A the second.",offset is against Arm A's zoned DISPLAY SMOOTHER on the temporal metric: not a residual and not a test. NA where the patch is outside the zoned water range.,"115-part: 52.697196 + 0.547274 x mean water; 64-paddock: 52.652934 + 0.547838 x mean water. Both APPLIED, neither refitted.","8-connected component within one vegetation community, outside every management zone","meets_support_rule = >=25 water years with >=30 valid cells; meets_500_cells = the PARTSCATTER floor used by Arm A; meets_bare_33_cells = v1's threshold, for contrast; size_matched = inside this community's real-part IQR",pixel,1988-2022 (35 water years),unzoned standard-grazing country,0.06235142839918241
U0522,Riverine Chenopod Shrublands,riverine,2,0.1247028567983648,36.048203,0.4439459,14.285714,0,0,0,0,0,,,,,,,,,,,,1,"1 by construction: a patch is defined as a single 8-connected component, unlike a real part which may be several","veg_p05_spatial_mean_over_years and veg_p05_temporal_mean are DIFFERENT METRICS and are never co-plotted, differenced or captioned with one word. Arm B uses the first, Arm A the second.",offset is against Arm A's zoned DISPLAY SMOOTHER on the temporal metric: not a residual and not a test. NA where the patch is outside the zoned water range.,"115-part: 52.697196 + 0.547274 x mean water; 64-paddock: 52.652934 + 0.547838 x mean water. Both APPLIED, neither refitted.","8-connected component within one vegetation community, outside every management zone","meets_support_rule = >=25 water years with >=30 valid cells; meets_500_cells = the PARTSCATTER floor used by Arm A; meets_bare_33_cells = v1's threshold, for contrast; size_matched = inside this community's real-part IQR",pixel,1988-2022 (35 water years),unzoned standard-grazing country,0.06235142839918241
U0523,Riverine Chenopod Shrublands,riverine,7,0.4364599987942769,61.095783,4.752608,31.836735,0,0,0,0,0,,,,,,,,,,,,1,"1 by construction: a patch is defined as a single 8-connected component, unlike a real part which may be several","veg_p05_spatial_mean_over_years and veg_p05_temporal_mean are DIFFERENT METRICS and are never co-plotted, differenced or captioned with one word. Arm B uses the first, Arm A the second.",offset is against Arm A's zoned DISPLAY SMOOTHER on the temporal metric: not a residual and not a test. NA where the patch is outside the zoned water range.,"115-part: 52.697196 + 0.547274 x mean water; 64-paddock: 52.652934 + 0.547838 x mean water. Both APPLIED, neither refitted.","8-connected component within one vegetation community, outside every management zone","meets_support_rule = >=25 water years with >=30 valid cells; meets_500_cells = the PARTSCATTER floor used by Arm A; meets_bare_33_cells = v1's threshold, for contrast; size_matched = inside this community's real-part IQR",pixel,1988-2022 (35 water years),unzoned standard-grazing country,0.06235142839918241
U0524,Riverine Chenopod Shrublands,riverine,1,0.0623514283991824,58.061657,,11.428572,0,0,0,0,0,,,,,,,,,,,,1,"1 by construction: a patch is defined as a single 8-connected component, unlike a real part which may be several","veg_p05_spatial_mean_over_years and veg_p05_temporal_mean are DIFFERENT METRICS and are never co-plotted, differenced or captioned with one word. Arm B uses the first, Arm A the second.",offset is against Arm A's zoned DISPLAY SMOOTHER on the temporal metric: not a residual and not a test. NA where the patch is outside the zoned water range.,"115-part: 52.697196 + 0.547274 x mean water; 64-paddock: 52.652934 + 0.547838 x mean water. Both APPLIED, neither refitted.","8-connected component within one vegetation community, outside every management zone","meets_support_rule = >=25 water years with >=30 valid cells; meets_500_cells = the PARTSCATTER floor used by Arm A; meets_bare_33_cells = v1's threshold, for contrast; size_matched = inside this community's real-part IQR",pixel,1988-2022 (35 water years),unzoned standard-grazing country,0.06235142839918241
U0525,Riverine Chenopod Shrublands,riverine,45,2.8058142779632083,62.051064,6.3012652,5.5873017,35,1,1,0,0,68.29508296421596,5.587301587301587,35.0,0.2015850103620347,0.3565809080922119,0.170503404996803,1.0,,,12.540103431093726,12.581212837231838,1,"1 by construction: a patch is defined as a single 8-connected component, unlike a real part which may be several","veg_p05_spatial_mean_over_years and veg_p05_temporal_mean are DIFFERENT METRICS and are never co-plotted, differenced or captioned with one word. Arm B uses the first, Arm A the second.",offset is against Arm A's zoned DISPLAY SMOOTHER on the temporal metric: not a residual and not a test. NA where the patch is outside the zoned water range.,"115-part: 52.697196 + 0.547274 x mean water; 64-paddock: 52.652934 + 0.547838 x mean water. Both APPLIED, neither refitted.","8-connected component within one vegetation community, outside every management zone","meets_support_rule = >=25 water years with >=30 valid cells; meets_500_cells = the PARTSCATTER floor used by Arm A; meets_bare_33_cells = v1's threshold, for contrast; size_matched = inside this community's real-part IQR",pixel,1988-2022 (35 water years),unzoned standard-grazing country,0.06235142839918241
U0526,Riverine Chenopod Shrublands,riverine,571,35.602665615933155,45.327793,9.476891,4.7085314,35,1,1,1,1,59.41768311091832,4.708531398548912,35.0,0.1670922087744193,0.185134799538268,0.4268044758071037,1.0,6.01558322654741,"DESCRIPTIVE OFFSET from the zoned display smoother; not a residual, not a test",4.14363141971446,4.185236686600078,1,"1 by construction: a patch is defined as a single 8-connected component, unlike a real part which may be several","veg_p05_spatial_mean_over_years and veg_p05_temporal_mean are DIFFERENT METRICS and are never co-plotted, differenced or captioned with one word. Arm B uses the first, Arm A the second.",offset is against Arm A's zoned DISPLAY SMOOTHER on the temporal metric: not a residual and not a test. NA where the patch is outside the zoned water range.,"115-part: 52.697196 + 0.547274 x mean water; 64-paddock: 52.652934 + 0.547838 x mean water. Both APPLIED, neither refitted.","8-connected component within one vegetation community, outside every management zone","meets_support_rule = >=25 water years with >=30 valid cells; meets_500_cells = the PARTSCATTER floor used by Arm A; meets_bare_33_cells = v1's threshold, for contrast; size_matched = inside this community's real-part IQR",pixel,1988-2022 (35 water years),unzoned standard-grazing country,0.06235142839918241
U0527,Riverine Chenopod Shrublands,riverine,1,0.0623514283991824,51.90773,,17.142857,0,0,0,0,0,,,,,,,,,,,,1,"1 by construction: a patch is defined as a single 8-connected component, unlike a real part which may be several","veg_p05_spatial_mean_over_years and veg_p05_temporal_mean are DIFFERENT METRICS and are never co-plotted, differenced or captioned with one word. Arm B uses the first, Arm A the second.",offset is against Arm A's zoned DISPLAY SMOOTHER on the temporal metric: not a residual and not a test. NA where the patch is outside the zoned water range.,"115-part: 52.697196 + 0.547274 x mean water; 64-paddock: 52.652934 + 0.547838 x mean water. Both APPLIED, neither refitted.","8-connected component within one vegetation community, outside every management zone","meets_support_rule = >=25 water years with >=30 valid cells; meets_500_cells = the PARTSCATTER floor used by Arm A; meets_bare_33_cells = v1's threshold, for contrast; size_matched = inside this community's real-part IQR",pixel,1988-2022 (35 water years),unzoned standard-grazing country,0.06235142839918241
U0528,Riverine Chenopod Shrublands,riverine,53,3.304625705156668,57.46212,2.9158173,17.628033,35,1,1,0,0,69.58686096191406,17.628032345013477,35.0,0.096459784357949,0.3068637890610176,0.3771592545754152,1.0,,,7.242305755263324,7.276620978086562,1,"1 by construction: a patch is defined as a single 8-connected component, unlike a real part which may be several","veg_p05_spatial_mean_over_years and veg_p05_temporal_mean are DIFFERENT METRICS and are never co-plotted, differenced or captioned with one word. Arm B uses the first, Arm A the second.",offset is against Arm A's zoned DISPLAY SMOOTHER on the temporal metric: not a residual and not a test. NA where the patch is outside the zoned water range.,"115-part: 52.697196 + 0.547274 x mean water; 64-paddock: 52.652934 + 0.547838 x mean water. Both APPLIED, neither refitted.","8-connected component within one vegetation community, outside every management zone","meets_support_rule = >=25 water years with >=30 valid cells; meets_500_cells = the PARTSCATTER floor used by Arm A; meets_bare_33_cells = v1's threshold, for contrast; size_matched = inside this community's real-part IQR",pixel,1988-2022 (35 water years),unzoned standard-grazing country,0.06235142839918241
U0529,Riverine Chenopod Shrublands,riverine,14,0.8729199975885538,44.362244,14.574809,13.877551,0,0,0,0,0,,,,,,,,,,,,1,"1 by construction: a patch is defined as a single 8-connected component, unlike a real part which may be several","veg_p05_spatial_mean_over_years and veg_p05_temporal_mean are DIFFERENT METRICS and are never co-plotted, differenced or captioned with one word. Arm B uses the first, Arm A the second.",offset is against Arm A's zoned DISPLAY SMOOTHER on the temporal metric: not a residual and not a test. NA where the patch is outside the zoned water range.,"115-part: 52.697196 + 0.547274 x mean water; 64-paddock: 52.652934 + 0.547838 x mean water. Both APPLIED, neither refitted.","8-connected component within one vegetation community, outside every management zone","meets_support_rule = >=25 water years with >=30 valid cells; meets_500_cells = the PARTSCATTER floor used by Arm A; meets_bare_33_cells = v1's threshold, for contrast; size_matched = inside this community's real-part IQR",pixel,1988-2022 (35 water years),unzoned standard-grazing country,0.06235142839918241
U0530,Riverine Chenopod Shrublands,riverine,1,0.0623514283991824,43.697914,,2.857143,0,0,0,0,0,,,,,,,,,,,,1,"1 by construction: a patch is defined as a single 8-connected component, unlike a real part which may be several","veg_p05_spatial_mean_over_years and veg_p05_temporal_mean are DIFFERENT METRICS and are never co-plotted, differenced or captioned with one word. Arm B uses the first, Arm A the second.",offset is against Arm A's zoned DISPLAY SMOOTHER on the temporal metric: not a residual and not a test. NA where the patch is outside the zoned water range.,"115-part: 52.697196 + 0.547274 x mean water; 64-paddock: 52.652934 + 0.547838 x mean water. Both APPLIED, neither refitted.","8-connected component within one vegetation community, outside every management zone","meets_support_rule = >=25 water years with >=30 valid cells; meets_500_cells = the PARTSCATTER floor used by Arm A; meets_bare_33_cells = v1's threshold, for contrast; size_matched = inside this community's real-part IQR",pixel,1988-2022 (35 water years),unzoned standard-grazing country,0.06235142839918241
U0531,Riverine Chenopod Shrublands,riverine,1,0.0623514283991824,46.37712,,2.857143,0,0,0,0,0,,,,,,,,,,,,1,"1 by construction: a patch is defined as a single 8-connected component, unlike a real part which may be several","veg_p05_spatial_mean_over_years and veg_p05_temporal_mean are DIFFERENT METRICS and are never co-plotted, differenced or captioned with one word. Arm B uses the first, Arm A the second.",offset is against Arm A's zoned DISPLAY SMOOTHER on the temporal metric: not a residual and not a test. NA where the patch is outside the zoned water range.,"115-part: 52.697196 + 0.547274 x mean water; 64-paddock: 52.652934 + 0.547838 x mean water. Both APPLIED, neither refitted.","8-connected component within one vegetation community, outside every management zone","meets_support_rule = >=25 water years with >=30 valid cells; meets_500_cells = the PARTSCATTER floor used by Arm A; meets_bare_33_cells = v1's threshold, for contrast; size_matched = inside this community's real-part IQR",pixel,1988-2022 (35 water years),unzoned standard-grazing country,0.06235142839918241
U0532,Riverine Chenopod Shrublands,riverine,14,0.8729199975885538,63.66026,4.755821,10.816327,0,0,0,0,0,,,,,,,,,,,,1,"1 by construction: a patch is defined as a single 8-connected component, unlike a real part which may be several","veg_p05_spatial_mean_over_years and veg_p05_temporal_mean are DIFFERENT METRICS and are never co-plotted, differenced or captioned with one word. Arm B uses the first, Arm A the second.",offset is against Arm A's zoned DISPLAY SMOOTHER on the temporal metric: not a residual and not a test. NA where the patch is outside the zoned water range.,"115-part: 52.697196 + 0.547274 x mean water; 64-paddock: 52.652934 + 0.547838 x mean water. Both APPLIED, neither refitted.","8-connected component within one vegetation community, outside every management zone","meets_support_rule = >=25 water years with >=30 valid cells; meets_500_cells = the PARTSCATTER floor used by Arm A; meets_bare_33_cells = v1's threshold, for contrast; size_matched = inside this community's real-part IQR",pixel,1988-2022 (35 water years),unzoned standard-grazing country,0.06235142839918241
U0533,Riverine Chenopod Shrublands,riverine,120,7.482171407901889,33.633606,12.621168,3.2857141,35,1,1,0,0,27.98629403114319,3.2857142857142856,35.0,0.0844416625485839,0.112562475652857,0.2635529113902837,1.0,,,-26.509087226905265,-26.466679111713958,1,"1 by construction: a patch is defined as a single 8-connected component, unlike a real part which may be several","veg_p05_spatial_mean_over_years and veg_p05_temporal_mean are DIFFERENT METRICS and are never co-plotted, differenced or captioned with one word. Arm B uses the first, Arm A the second.",offset is against Arm A's zoned DISPLAY SMOOTHER on the temporal metric: not a residual and not a test. NA where the patch is outside the zoned water range.,"115-part: 52.697196 + 0.547274 x mean water; 64-paddock: 52.652934 + 0.547838 x mean water. Both APPLIED, neither refitted.","8-connected component within one vegetation community, outside every management zone","meets_support_rule = >=25 water years with >=30 valid cells; meets_500_cells = the PARTSCATTER floor used by Arm A; meets_bare_33_cells = v1's threshold, for contrast; size_matched = inside this community's real-part IQR",pixel,1988-2022 (35 water years),unzoned standard-grazing country,0.06235142839918241
U0534,Riverine Chenopod Shrublands,riverine,41,2.5564085643664787,61.536198,5.016743,25.365854,35,1,1,0,0,75.39910147530692,25.365853658536587,35.0,0.1209515941279216,0.5973388766173662,0.2232389878190092,1.0,,,8.8198399107348,8.849788938721545,1,"1 by construction: a patch is defined as a single 8-connected component, unlike a real part which may be several","veg_p05_spatial_mean_over_years and veg_p05_temporal_mean are DIFFERENT METRICS and are never co-plotted, differenced or captioned with one word. Arm B uses the first, Arm A the second.",offset is against Arm A's zoned DISPLAY SMOOTHER on the temporal metric: not a residual and not a test. NA where the patch is outside the zoned water range.,"115-part: 52.697196 + 0.547274 x mean water; 64-paddock: 52.652934 + 0.547838 x mean water. Both APPLIED, neither refitted.","8-connected component within one vegetation community, outside every management zone","meets_support_rule = >=25 water years with >=30 valid cells; meets_500_cells = the PARTSCATTER floor used by Arm A; meets_bare_33_cells = v1's threshold, for contrast; size_matched = inside this community's real-part IQR",pixel,1988-2022 (35 water years),unzoned standard-grazing country,0.06235142839918241
U0535,Riverine Chenopod Shrublands,riverine,287,17.89485995056535,30.812864,7.439005,3.902439,35,1,1,0,0,58.56526436941965,3.9024390243902443,35.0,0.4170398901113841,0.2866979729295139,0.5647074631515494,1.0,,,3.7323658612126493,3.7744259791757457,1,"1 by construction: a patch is defined as a single 8-connected component, unlike a real part which may be several","veg_p05_spatial_mean_over_years and veg_p05_temporal_mean are DIFFERENT METRICS and are never co-plotted, differenced or captioned with one word. Arm B uses the first, Arm A the second.",offset is against Arm A's zoned DISPLAY SMOOTHER on the temporal metric: not a residual and not a test. NA where the patch is outside the zoned water range.,"115-part: 52.697196 + 0.547274 x mean water; 64-paddock: 52.652934 + 0.547838 x mean water. Both APPLIED, neither refitted.","8-connected component within one vegetation community, outside every management zone","meets_support_rule = >=25 water years with >=30 valid cells; meets_500_cells = the PARTSCATTER floor used by Arm A; meets_bare_33_cells = v1's threshold, for contrast; size_matched = inside this community's real-part IQR",pixel,1988-2022 (35 water years),unzoned standard-grazing country,0.06235142839918241
U0536,Riverine Chenopod Shrublands,riverine,1,0.0623514283991824,37.8949,,2.857143,0,0,0,0,0,,,,,,,,,,,,1,"1 by construction: a patch is defined as a single 8-connected component, unlike a real part which may be several","veg_p05_spatial_mean_over_years and veg_p05_temporal_mean are DIFFERENT METRICS and are never co-plotted, differenced or captioned with one word. Arm B uses the first, Arm A the second.",offset is against Arm A's zoned DISPLAY SMOOTHER on the temporal metric: not a residual and not a test. NA where the patch is outside the zoned water range.,"115-part: 52.697196 + 0.547274 x mean water; 64-paddock: 52.652934 + 0.547838 x mean water. Both APPLIED, neither refitted.","8-connected component within one vegetation community, outside every management zone","meets_support_rule = >=25 water years with >=30 valid cells; meets_500_cells = the PARTSCATTER floor used by Arm A; meets_bare_33_cells = v1's threshold, for contrast; size_matched = inside this community's real-part IQR",pixel,1988-2022 (35 water years),unzoned standard-grazing country,0.06235142839918241
U0537,Riverine Chenopod Shrublands,riverine,15,0.9352714259877362,41.127235,4.0316205,1.1428571,0,0,0,0,0,,,,,,,,,,,,1,"1 by construction: a patch is defined as a single 8-connected component, unlike a real part which may be several","veg_p05_spatial_mean_over_years and veg_p05_temporal_mean are DIFFERENT METRICS and are never co-plotted, differenced or captioned with one word. Arm B uses the first, Arm A the second.",offset is against Arm A's zoned DISPLAY SMOOTHER on the temporal metric: not a residual and not a test. NA where the patch is outside the zoned water range.,"115-part: 52.697196 + 0.547274 x mean water; 64-paddock: 52.652934 + 0.547838 x mean water. Both APPLIED, neither refitted.","8-connected component within one vegetation community, outside every management zone","meets_support_rule = >=25 water years with >=30 valid cells; meets_500_cells = the PARTSCATTER floor used by Arm A; meets_bare_33_cells = v1's threshold, for contrast; size_matched = inside this community's real-part IQR",pixel,1988-2022 (35 water years),unzoned standard-grazing country,0.06235142839918241
U0538,Riverine Chenopod Shrublands,riverine,18361,1144.834576837388,29.007847,10.434324,3.28678,35,1,1,1,0,54.91265048980713,3.2867802096057637,35.0,1.3031807366578947,0.3544632757173444,0.5977352865869988,1.0,-9.15198776127713,"DESCRIPTIVE OFFSET from the zoned display smoother; not a residual, not a test",0.4166858796111583,0.4590933933371204,1,"1 by construction: a patch is defined as a single 8-connected component, unlike a real part which may be several","veg_p05_spatial_mean_over_years and veg_p05_temporal_mean are DIFFERENT METRICS and are never co-plotted, differenced or captioned with one word. Arm B uses the first, Arm A the second.",offset is against Arm A's zoned DISPLAY SMOOTHER on the temporal metric: not a residual and not a test. NA where the patch is outside the zoned water range.,"115-part: 52.697196 + 0.547274 x mean water; 64-paddock: 52.652934 + 0.547838 x mean water. Both APPLIED, neither refitted.","8-connected component within one vegetation community, outside every management zone","meets_support_rule = >=25 water years with >=30 valid cells; meets_500_cells = the PARTSCATTER floor used by Arm A; meets_bare_33_cells = v1's threshold, for contrast; size_matched = inside this community's real-part IQR",pixel,1988-2022 (35 water years),unzoned standard-grazing country,0.06235142839918241
U0539,Riverine Chenopod Shrublands,riverine,1,0.0623514283991824,28.906338,,14.285714,0,0,0,0,0,,,,,,,,,,,,1,"1 by construction: a patch is defined as a single 8-connected component, unlike a real part which may be several","veg_p05_spatial_mean_over_years and veg_p05_temporal_mean are DIFFERENT METRICS and are never co-plotted, differenced or captioned with one word. Arm B uses the first, Arm A the second.",offset is against Arm A's zoned DISPLAY SMOOTHER on the temporal metric: not a residual and not a test. NA where the patch is outside the zoned water range.,"115-part: 52.697196 + 0.547274 x mean water; 64-paddock: 52.652934 + 0.547838 x mean water. Both APPLIED, neither refitted.","8-connected component within one vegetation community, outside every management zone","meets_support_rule = >=25 water years with >=30 valid cells; meets_500_cells = the PARTSCATTER floor used by Arm A; meets_bare_33_cells = v1's threshold, for contrast; size_matched = inside this community's real-part IQR",pixel,1988-2022 (35 water years),unzoned standard-grazing country,0.06235142839918241
U0540,Riverine Chenopod Shrublands,riverine,1,0.0623514283991824,55.521782,,34.285713,0,0,0,0,0,,,,,,,,,,,,1,"1 by construction: a patch is defined as a single 8-connected component, unlike a real part which may be several","veg_p05_spatial_mean_over_years and veg_p05_temporal_mean are DIFFERENT METRICS and are never co-plotted, differenced or captioned with one word. Arm B uses the first, Arm A the second.",offset is against Arm A's zoned DISPLAY SMOOTHER on the temporal metric: not a residual and not a test. NA where the patch is outside the zoned water range.,"115-part: 52.697196 + 0.547274 x mean water; 64-paddock: 52.652934 + 0.547838 x mean water. Both APPLIED, neither refitted.","8-connected component within one vegetation community, outside every management zone","meets_support_rule = >=25 water years with >=30 valid cells; meets_500_cells = the PARTSCATTER floor used by Arm A; meets_bare_33_cells = v1's threshold, for contrast; size_matched = inside this community's real-part IQR",pixel,1988-2022 (35 water years),unzoned standard-grazing country,0.06235142839918241
U0541,Riverine Chenopod Shrublands,riverine,1,0.0623514283991824,34.04307,,22.857143,0,0,0,0,0,,,,,,,,,,,,1,"1 by construction: a patch is defined as a single 8-connected component, unlike a real part which may be several","veg_p05_spatial_mean_over_years and veg_p05_temporal_mean are DIFFERENT METRICS and are never co-plotted, differenced or captioned with one word. Arm B uses the first, Arm A the second.",offset is against Arm A's zoned DISPLAY SMOOTHER on the temporal metric: not a residual and not a test. NA where the patch is outside the zoned water range.,"115-part: 52.697196 + 0.547274 x mean water; 64-paddock: 52.652934 + 0.547838 x mean water. Both APPLIED, neither refitted.","8-connected component within one vegetation community, outside every management zone","meets_support_rule = >=25 water years with >=30 valid cells; meets_500_cells = the PARTSCATTER floor used by Arm A; meets_bare_33_cells = v1's threshold, for contrast; size_matched = inside this community's real-part IQR",pixel,1988-2022 (35 water years),unzoned standard-grazing country,0.06235142839918241
U0542,Riverine Chenopod Shrublands,riverine,1,0.0623514283991824,60.758965,,31.428572,0,0,0,0,0,,,,,,,,,,,,1,"1 by construction: a patch is defined as a single 8-connected component, unlike a real part which may be several","veg_p05_spatial_mean_over_years and veg_p05_temporal_mean are DIFFERENT METRICS and are never co-plotted, differenced or captioned with one word. Arm B uses the first, Arm A the second.",offset is against Arm A's zoned DISPLAY SMOOTHER on the temporal metric: not a residual and not a test. NA where the patch is outside the zoned water range.,"115-part: 52.697196 + 0.547274 x mean water; 64-paddock: 52.652934 + 0.547838 x mean water. Both APPLIED, neither refitted.","8-connected component within one vegetation community, outside every management zone","meets_support_rule = >=25 water years with >=30 valid cells; meets_500_cells = the PARTSCATTER floor used by Arm A; meets_bare_33_cells = v1's threshold, for contrast; size_matched = inside this community's real-part IQR",pixel,1988-2022 (35 water years),unzoned standard-grazing country,0.06235142839918241
U0543,Riverine Chenopod Shrublands,riverine,1,0.0623514283991824,33.80751,,17.142857,0,0,0,0,0,,,,,,,,,,,,1,"1 by construction: a patch is defined as a single 8-connected component, unlike a real part which may be several","veg_p05_spatial_mean_over_years and veg_p05_temporal_mean are DIFFERENT METRICS and are never co-plotted, differenced or captioned with one word. Arm B uses the first, Arm A the second.",offset is against Arm A's zoned DISPLAY SMOOTHER on the temporal metric: not a residual and not a test. NA where the patch is outside the zoned water range.,"115-part: 52.697196 + 0.547274 x mean water; 64-paddock: 52.652934 + 0.547838 x mean water. Both APPLIED, neither refitted.","8-connected component within one vegetation community, outside every management zone","meets_support_rule = >=25 water years with >=30 valid cells; meets_500_cells = the PARTSCATTER floor used by Arm A; meets_bare_33_cells = v1's threshold, for contrast; size_matched = inside this community's real-part IQR",pixel,1988-2022 (35 water years),unzoned standard-grazing country,0.06235142839918241
U0544,Riverine Chenopod Shrublands,riverine,19916,1241.791047998117,43.31577,10.773273,9.743494,35,1,1,1,0,64.49433518818446,9.74349410380742,35.0,0.4506160958628894,0.4725985155511838,0.4695431602556925,1.0,1.98500041456268,"DESCRIPTIVE OFFSET from the zoned display smoother; not a residual, not a test",6.464780660207637,6.5035448653428105,1,"1 by construction: a patch is defined as a single 8-connected component, unlike a real part which may be several","veg_p05_spatial_mean_over_years and veg_p05_temporal_mean are DIFFERENT METRICS and are never co-plotted, differenced or captioned with one word. Arm B uses the first, Arm A the second.",offset is against Arm A's zoned DISPLAY SMOOTHER on the temporal metric: not a residual and not a test. NA where the patch is outside the zoned water range.,"115-part: 52.697196 + 0.547274 x mean water; 64-paddock: 52.652934 + 0.547838 x mean water. Both APPLIED, neither refitted.","8-connected component within one vegetation community, outside every management zone","meets_support_rule = >=25 water years with >=30 valid cells; meets_500_cells = the PARTSCATTER floor used by Arm A; meets_bare_33_cells = v1's threshold, for contrast; size_matched = inside this community's real-part IQR",pixel,1988-2022 (35 water years),unzoned standard-grazing country,0.06235142839918241
U0545,Riverine Chenopod Shrublands,riverine,1,0.0623514283991824,65.84365,,22.857143,0,0,0,0,0,,,,,,,,,,,,1,"1 by construction: a patch is defined as a single 8-connected component, unlike a real part which may be several","veg_p05_spatial_mean_over_years and veg_p05_temporal_mean are DIFFERENT METRICS and are never co-plotted, differenced or captioned with one word. Arm B uses the first, Arm A the second.",offset is against Arm A's zoned DISPLAY SMOOTHER on the temporal metric: not a residual and not a test. NA where the patch is outside the zoned water range.,"115-part: 52.697196 + 0.547274 x mean water; 64-paddock: 52.652934 + 0.547838 x mean water. Both APPLIED, neither refitted.","8-connected component within one vegetation community, outside every management zone","meets_support_rule = >=25 water years with >=30 valid cells; meets_500_cells = the PARTSCATTER floor used by Arm A; meets_bare_33_cells = v1's threshold, for contrast; size_matched = inside this community's real-part IQR",pixel,1988-2022 (35 water years),unzoned standard-grazing country,0.06235142839918241
U0546,Riverine Chenopod Shrublands,riverine,9,0.5611628555926417,60.13173,5.299819,23.492064,0,0,0,0,0,,,,,,,,,,,,1,"1 by construction: a patch is defined as a single 8-connected component, unlike a real part which may be several","veg_p05_spatial_mean_over_years and veg_p05_temporal_mean are DIFFERENT METRICS and are never co-plotted, differenced or captioned with one word. Arm B uses the first, Arm A the second.",offset is against Arm A's zoned DISPLAY SMOOTHER on the temporal metric: not a residual and not a test. NA where the patch is outside the zoned water range.,"115-part: 52.697196 + 0.547274 x mean water; 64-paddock: 52.652934 + 0.547838 x mean water. Both APPLIED, neither refitted.","8-connected component within one vegetation community, outside every management zone","meets_support_rule = >=25 water years with >=30 valid cells; meets_500_cells = the PARTSCATTER floor used by Arm A; meets_bare_33_cells = v1's threshold, for contrast; size_matched = inside this community's real-part IQR",pixel,1988-2022 (35 water years),unzoned standard-grazing country,0.06235142839918241
U0547,Riverine Chenopod Shrublands,riverine,294,18.331319949359628,52.195198,9.913094,39.378036,35,1,1,0,0,55.757225341796875,39.37803692905734,35.0,0.0697333576915122,0.2294708064884404,0.4132241821602387,1.0,,,-18.49053607302792,-18.468493653344034,1,"1 by construction: a patch is defined as a single 8-connected component, unlike a real part which may be several","veg_p05_spatial_mean_over_years and veg_p05_temporal_mean are DIFFERENT METRICS and are never co-plotted, differenced or captioned with one word. Arm B uses the first, Arm A the second.",offset is against Arm A's zoned DISPLAY SMOOTHER on the temporal metric: not a residual and not a test. NA where the patch is outside the zoned water range.,"115-part: 52.697196 + 0.547274 x mean water; 64-paddock: 52.652934 + 0.547838 x mean water. Both APPLIED, neither refitted.","8-connected component within one vegetation community, outside every management zone","meets_support_rule = >=25 water years with >=30 valid cells; meets_500_cells = the PARTSCATTER floor used by Arm A; meets_bare_33_cells = v1's threshold, for contrast; size_matched = inside this community's real-part IQR",pixel,1988-2022 (35 water years),unzoned standard-grazing country,0.06235142839918241
U0548,Riverine Chenopod Shrublands,riverine,1,0.0623514283991824,47.30529,,17.142857,0,0,0,0,0,,,,,,,,,,,,1,"1 by construction: a patch is defined as a single 8-connected component, unlike a real part which may be several","veg_p05_spatial_mean_over_years and veg_p05_temporal_mean are DIFFERENT METRICS and are never co-plotted, differenced or captioned with one word. Arm B uses the first, Arm A the second.",offset is against Arm A's zoned DISPLAY SMOOTHER on the temporal metric: not a residual and not a test. NA where the patch is outside the zoned water range.,"115-part: 52.697196 + 0.547274 x mean water; 64-paddock: 52.652934 + 0.547838 x mean water. Both APPLIED, neither refitted.","8-connected component within one vegetation community, outside every management zone","meets_support_rule = >=25 water years with >=30 valid cells; meets_500_cells = the PARTSCATTER floor used by Arm A; meets_bare_33_cells = v1's threshold, for contrast; size_matched = inside this community's real-part IQR",pixel,1988-2022 (35 water years),unzoned standard-grazing country,0.06235142839918241
U0549,Riverine Chenopod Shrublands,riverine,12,0.748217140790189,61.229595,1.5305138,62.857143,0,0,0,0,0,,,,,,,,,,,,1,"1 by construction: a patch is defined as a single 8-connected component, unlike a real part which may be several","veg_p05_spatial_mean_over_years and veg_p05_temporal_mean are DIFFERENT METRICS and are never co-plotted, differenced or captioned with one word. Arm B uses the first, Arm A the second.",offset is against Arm A's zoned DISPLAY SMOOTHER on the temporal metric: not a residual and not a test. NA where the patch is outside the zoned water range.,"115-part: 52.697196 + 0.547274 x mean water; 64-paddock: 52.652934 + 0.547838 x mean water. Both APPLIED, neither refitted.","8-connected component within one vegetation community, outside every management zone","meets_support_rule = >=25 water years with >=30 valid cells; meets_500_cells = the PARTSCATTER floor used by Arm A; meets_bare_33_cells = v1's threshold, for contrast; size_matched = inside this community's real-part IQR",pixel,1988-2022 (35 water years),unzoned standard-grazing country,0.06235142839918241
U0550,Riverine Chenopod Shrublands,riverine,12,0.748217140790189,59.85082,2.32831,61.190475,0,0,0,0,0,,,,,,,,,,,,1,"1 by construction: a patch is defined as a single 8-connected component, unlike a real part which may be several","veg_p05_spatial_mean_over_years and veg_p05_temporal_mean are DIFFERENT METRICS and are never co-plotted, differenced or captioned with one word. Arm B uses the first, Arm A the second.",offset is against Arm A's zoned DISPLAY SMOOTHER on the temporal metric: not a residual and not a test. NA where the patch is outside the zoned water range.,"115-part: 52.697196 + 0.547274 x mean water; 64-paddock: 52.652934 + 0.547838 x mean water. Both APPLIED, neither refitted.","8-connected component within one vegetation community, outside every management zone","meets_support_rule = >=25 water years with >=30 valid cells; meets_500_cells = the PARTSCATTER floor used by Arm A; meets_bare_33_cells = v1's threshold, for contrast; size_matched = inside this community's real-part IQR",pixel,1988-2022 (35 water years),unzoned standard-grazing country,0.06235142839918241
U0551,Riverine Chenopod Shrublands,riverine,10,0.6235142839918241,55.188942,1.9175029,57.14286,0,0,0,0,0,,,,,,,,,,,,1,"1 by construction: a patch is defined as a single 8-connected component, unlike a real part which may be several","veg_p05_spatial_mean_over_years and veg_p05_temporal_mean are DIFFERENT METRICS and are never co-plotted, differenced or captioned with one word. Arm B uses the first, Arm A the second.",offset is against Arm A's zoned DISPLAY SMOOTHER on the temporal metric: not a residual and not a test. NA where the patch is outside the zoned water range.,"115-part: 52.697196 + 0.547274 x mean water; 64-paddock: 52.652934 + 0.547838 x mean water. Both APPLIED, neither refitted.","8-connected component within one vegetation community, outside every management zone","meets_support_rule = >=25 water years with >=30 valid cells; meets_500_cells = the PARTSCATTER floor used by Arm A; meets_bare_33_cells = v1's threshold, for contrast; size_matched = inside this community's real-part IQR",pixel,1988-2022 (35 water years),unzoned standard-grazing country,0.06235142839918241
U0552,Riverine Chenopod Shrublands,riverine,2,0.1247028567983648,51.424152,0.75866485,60.0,0,0,0,0,0,,,,,,,,,,,,1,"1 by construction: a patch is defined as a single 8-connected component, unlike a real part which may be several","veg_p05_spatial_mean_over_years and veg_p05_temporal_mean are DIFFERENT METRICS and are never co-plotted, differenced or captioned with one word. Arm B uses the first, Arm A the second.",offset is against Arm A's zoned DISPLAY SMOOTHER on the temporal metric: not a residual and not a test. NA where the patch is outside the zoned water range.,"115-part: 52.697196 + 0.547274 x mean water; 64-paddock: 52.652934 + 0.547838 x mean water. Both APPLIED, neither refitted.","8-connected component within one vegetation community, outside every management zone","meets_support_rule = >=25 water years with >=30 valid cells; meets_500_cells = the PARTSCATTER floor used by Arm A; meets_bare_33_cells = v1's threshold, for contrast; size_matched = inside this community's real-part IQR",pixel,1988-2022 (35 water years),unzoned standard-grazing country,0.06235142839918241
U0553,Riverine Chenopod Shrublands,riverine,2,0.1247028567983648,70.06398,1.1772201,28.571428,0,0,0,0,0,,,,,,,,,,,,1,"1 by construction: a patch is defined as a single 8-connected component, unlike a real part which may be several","veg_p05_spatial_mean_over_years and veg_p05_temporal_mean are DIFFERENT METRICS and are never co-plotted, differenced or captioned with one word. Arm B uses the first, Arm A the second.",offset is against Arm A's zoned DISPLAY SMOOTHER on the temporal metric: not a residual and not a test. NA where the patch is outside the zoned water range.,"115-part: 52.697196 + 0.547274 x mean water; 64-paddock: 52.652934 + 0.547838 x mean water. Both APPLIED, neither refitted.","8-connected component within one vegetation community, outside every management zone","meets_support_rule = >=25 water years with >=30 valid cells; meets_500_cells = the PARTSCATTER floor used by Arm A; meets_bare_33_cells = v1's threshold, for contrast; size_matched = inside this community's real-part IQR",pixel,1988-2022 (35 water years),unzoned standard-grazing country,0.06235142839918241
U0554,Riverine Chenopod Shrublands,riverine,130,8.105685691893713,46.966694,5.0422144,34.35165,35,1,1,0,0,61.893422423771455,34.35164835164835,35.0,0.0996441479648033,0.2919427472125039,0.5672968669433759,1.0,,,-9.603528549238433,-9.578649905898885,1,"1 by construction: a patch is defined as a single 8-connected component, unlike a real part which may be several","veg_p05_spatial_mean_over_years and veg_p05_temporal_mean are DIFFERENT METRICS and are never co-plotted, differenced or captioned with one word. Arm B uses the first, Arm A the second.",offset is against Arm A's zoned DISPLAY SMOOTHER on the temporal metric: not a residual and not a test. NA where the patch is outside the zoned water range.,"115-part: 52.697196 + 0.547274 x mean water; 64-paddock: 52.652934 + 0.547838 x mean water. Both APPLIED, neither refitted.","8-connected component within one vegetation community, outside every management zone","meets_support_rule = >=25 water years with >=30 valid cells; meets_500_cells = the PARTSCATTER floor used by Arm A; meets_bare_33_cells = v1's threshold, for contrast; size_matched = inside this community's real-part IQR",pixel,1988-2022 (35 water years),unzoned standard-grazing country,0.06235142839918241
U0555,Riverine Chenopod Shrublands,riverine,1,0.0623514283991824,55.59496,,20.0,0,0,0,0,0,,,,,,,,,,,,1,"1 by construction: a patch is defined as a single 8-connected component, unlike a real part which may be several","veg_p05_spatial_mean_over_years and veg_p05_temporal_mean are DIFFERENT METRICS and are never co-plotted, differenced or captioned with one word. Arm B uses the first, Arm A the second.",offset is against Arm A's zoned DISPLAY SMOOTHER on the temporal metric: not a residual and not a test. NA where the patch is outside the zoned water range.,"115-part: 52.697196 + 0.547274 x mean water; 64-paddock: 52.652934 + 0.547838 x mean water. Both APPLIED, neither refitted.","8-connected component within one vegetation community, outside every management zone","meets_support_rule = >=25 water years with >=30 valid cells; meets_500_cells = the PARTSCATTER floor used by Arm A; meets_bare_33_cells = v1's threshold, for contrast; size_matched = inside this community's real-part IQR",pixel,1988-2022 (35 water years),unzoned standard-grazing country,0.06235142839918241
U0556,Riverine Chenopod Shrublands,riverine,4,0.2494057135967296,58.413574,0.61944824,32.857143,0,0,0,0,0,,,,,,,,,,,,1,"1 by construction: a patch is defined as a single 8-connected component, unlike a real part which may be several","veg_p05_spatial_mean_over_years and veg_p05_temporal_mean are DIFFERENT METRICS and are never co-plotted, differenced or captioned with one word. Arm B uses the first, Arm A the second.",offset is against Arm A's zoned DISPLAY SMOOTHER on the temporal metric: not a residual and not a test. NA where the patch is outside the zoned water range.,"115-part: 52.697196 + 0.547274 x mean water; 64-paddock: 52.652934 + 0.547838 x mean water. Both APPLIED, neither refitted.","8-connected component within one vegetation community, outside every management zone","meets_support_rule = >=25 water years with >=30 valid cells; meets_500_cells = the PARTSCATTER floor used by Arm A; meets_bare_33_cells = v1's threshold, for contrast; size_matched = inside this community's real-part IQR",pixel,1988-2022 (35 water years),unzoned standard-grazing country,0.06235142839918241
U0557,Riverine Chenopod Shrublands,riverine,1,0.0623514283991824,63.729595,,34.285713,0,0,0,0,0,,,,,,,,,,,,1,"1 by construction: a patch is defined as a single 8-connected component, unlike a real part which may be several","veg_p05_spatial_mean_over_years and veg_p05_temporal_mean are DIFFERENT METRICS and are never co-plotted, differenced or captioned with one word. Arm B uses the first, Arm A the second.",offset is against Arm A's zoned DISPLAY SMOOTHER on the temporal metric: not a residual and not a test. NA where the patch is outside the zoned water range.,"115-part: 52.697196 + 0.547274 x mean water; 64-paddock: 52.652934 + 0.547838 x mean water. Both APPLIED, neither refitted.","8-connected component within one vegetation community, outside every management zone","meets_support_rule = >=25 water years with >=30 valid cells; meets_500_cells = the PARTSCATTER floor used by Arm A; meets_bare_33_cells = v1's threshold, for contrast; size_matched = inside this community's real-part IQR",pixel,1988-2022 (35 water years),unzoned standard-grazing country,0.06235142839918241
U0558,Riverine Chenopod Shrublands,riverine,2,0.1247028567983648,69.0132,0.122219115,37.142857,0,0,0,0,0,,,,,,,,,,,,1,"1 by construction: a patch is defined as a single 8-connected component, unlike a real part which may be several","veg_p05_spatial_mean_over_years and veg_p05_temporal_mean are DIFFERENT METRICS and are never co-plotted, differenced or captioned with one word. Arm B uses the first, Arm A the second.",offset is against Arm A's zoned DISPLAY SMOOTHER on the temporal metric: not a residual and not a test. NA where the patch is outside the zoned water range.,"115-part: 52.697196 + 0.547274 x mean water; 64-paddock: 52.652934 + 0.547838 x mean water. Both APPLIED, neither refitted.","8-connected component within one vegetation community, outside every management zone","meets_support_rule = >=25 water years with >=30 valid cells; meets_500_cells = the PARTSCATTER floor used by Arm A; meets_bare_33_cells = v1's threshold, for contrast; size_matched = inside this community's real-part IQR",pixel,1988-2022 (35 water years),unzoned standard-grazing country,0.06235142839918241
U0559,Riverine Chenopod Shrublands,riverine,2,0.1247028567983648,70.94901,0.35922873,40.0,0,0,0,0,0,,,,,,,,,,,,1,"1 by construction: a patch is defined as a single 8-connected component, unlike a real part which may be several","veg_p05_spatial_mean_over_years and veg_p05_temporal_mean are DIFFERENT METRICS and are never co-plotted, differenced or captioned with one word. Arm B uses the first, Arm A the second.",offset is against Arm A's zoned DISPLAY SMOOTHER on the temporal metric: not a residual and not a test. NA where the patch is outside the zoned water range.,"115-part: 52.697196 + 0.547274 x mean water; 64-paddock: 52.652934 + 0.547838 x mean water. Both APPLIED, neither refitted.","8-connected component within one vegetation community, outside every management zone","meets_support_rule = >=25 water years with >=30 valid cells; meets_500_cells = the PARTSCATTER floor used by Arm A; meets_bare_33_cells = v1's threshold, for contrast; size_matched = inside this community's real-part IQR",pixel,1988-2022 (35 water years),unzoned standard-grazing country,0.06235142839918241
U0560,Riverine Chenopod Shrublands,riverine,2,0.1247028567983648,70.745056,0.388776,35.714287,0,0,0,0,0,,,,,,,,,,,,1,"1 by construction: a patch is defined as a single 8-connected component, unlike a real part which may be several","veg_p05_spatial_mean_over_years and veg_p05_temporal_mean are DIFFERENT METRICS and are never co-plotted, differenced or captioned with one word. Arm B uses the first, Arm A the second.",offset is against Arm A's zoned DISPLAY SMOOTHER on the temporal metric: not a residual and not a test. NA where the patch is outside the zoned water range.,"115-part: 52.697196 + 0.547274 x mean water; 64-paddock: 52.652934 + 0.547838 x mean water. Both APPLIED, neither refitted.","8-connected component within one vegetation community, outside every management zone","meets_support_rule = >=25 water years with >=30 valid cells; meets_500_cells = the PARTSCATTER floor used by Arm A; meets_bare_33_cells = v1's threshold, for contrast; size_matched = inside this community's real-part IQR",pixel,1988-2022 (35 water years),unzoned standard-grazing country,0.06235142839918241
U0561,Riverine Chenopod Shrublands,riverine,2,0.1247028567983648,73.25835,0.4094381,41.428574,0,0,0,0,0,,,,,,,,,,,,1,"1 by construction: a patch is defined as a single 8-connected component, unlike a real part which may be several","veg_p05_spatial_mean_over_years and veg_p05_temporal_mean are DIFFERENT METRICS and are never co-plotted, differenced or captioned with one word. Arm B uses the first, Arm A the second.",offset is against Arm A's zoned DISPLAY SMOOTHER on the temporal metric: not a residual and not a test. NA where the patch is outside the zoned water range.,"115-part: 52.697196 + 0.547274 x mean water; 64-paddock: 52.652934 + 0.547838 x mean water. Both APPLIED, neither refitted.","8-connected component within one vegetation community, outside every management zone","meets_support_rule = >=25 water years with >=30 valid cells; meets_500_cells = the PARTSCATTER floor used by Arm A; meets_bare_33_cells = v1's threshold, for contrast; size_matched = inside this community's real-part IQR",pixel,1988-2022 (35 water years),unzoned standard-grazing country,0.06235142839918241
U0562,Riverine Chenopod Shrublands,riverine,64,3.990491417547674,70.409485,1.6677028,38.75,34,1,1,0,0,82.08826057209687,36.9485294117647,34.0,0.0689626612554627,0.5306729472121648,0.4900839824670061,1.0,,,9.17010480636047,9.19351811621452,1,"1 by construction: a patch is defined as a single 8-connected component, unlike a real part which may be several","veg_p05_spatial_mean_over_years and veg_p05_temporal_mean are DIFFERENT METRICS and are never co-plotted, differenced or captioned with one word. Arm B uses the first, Arm A the second.",offset is against Arm A's zoned DISPLAY SMOOTHER on the temporal metric: not a residual and not a test. NA where the patch is outside the zoned water range.,"115-part: 52.697196 + 0.547274 x mean water; 64-paddock: 52.652934 + 0.547838 x mean water. Both APPLIED, neither refitted.","8-connected component within one vegetation community, outside every management zone","meets_support_rule = >=25 water years with >=30 valid cells; meets_500_cells = the PARTSCATTER floor used by Arm A; meets_bare_33_cells = v1's threshold, for contrast; size_matched = inside this community's real-part IQR",pixel,1988-2022 (35 water years),unzoned standard-grazing country,0.06235142839918241
U0563,Riverine Chenopod Shrublands,riverine,503,31.362768484788752,57.182034,7.257136,41.249645,35,1,1,1,1,68.28138726370675,41.24964498721954,35.0,0.1086643298821896,0.3685719867878926,0.5064420239952682,1.0,,"outside the zoned water range for this community - no comparison, not extrapolated",-6.99065608039767,-6.969669746801642,1,"1 by construction: a patch is defined as a single 8-connected component, unlike a real part which may be several","veg_p05_spatial_mean_over_years and veg_p05_temporal_mean are DIFFERENT METRICS and are never co-plotted, differenced or captioned with one word. Arm B uses the first, Arm A the second.",offset is against Arm A's zoned DISPLAY SMOOTHER on the temporal metric: not a residual and not a test. NA where the patch is outside the zoned water range.,"115-part: 52.697196 + 0.547274 x mean water; 64-paddock: 52.652934 + 0.547838 x mean water. Both APPLIED, neither refitted.","8-connected component within one vegetation community, outside every management zone","meets_support_rule = >=25 water years with >=30 valid cells; meets_500_cells = the PARTSCATTER floor used by Arm A; meets_bare_33_cells = v1's threshold, for contrast; size_matched = inside this community's real-part IQR",pixel,1988-2022 (35 water years),unzoned standard-grazing country,0.06235142839918241
U0564,Riverine Chenopod Shrublands,riverine,1,0.0623514283991824,61.104443,,25.714285,0,0,0,0,0,,,,,,,,,,,,1,"1 by construction: a patch is defined as a single 8-connected component, unlike a real part which may be several","veg_p05_spatial_mean_over_years and veg_p05_temporal_mean are DIFFERENT METRICS and are never co-plotted, differenced or captioned with one word. Arm B uses the first, Arm A the second.",offset is against Arm A's zoned DISPLAY SMOOTHER on the temporal metric: not a residual and not a test. NA where the patch is outside the zoned water range.,"115-part: 52.697196 + 0.547274 x mean water; 64-paddock: 52.652934 + 0.547838 x mean water. Both APPLIED, neither refitted.","8-connected component within one vegetation community, outside every management zone","meets_support_rule = >=25 water years with >=30 valid cells; meets_500_cells = the PARTSCATTER floor used by Arm A; meets_bare_33_cells = v1's threshold, for contrast; size_matched = inside this community's real-part IQR",pixel,1988-2022 (35 water years),unzoned standard-grazing country,0.06235142839918241
U0565,Riverine Chenopod Shrublands,riverine,2,0.1247028567983648,47.673073,0.7889324,27.142857,0,0,0,0,0,,,,,,,,,,,,1,"1 by construction: a patch is defined as a single 8-connected component, unlike a real part which may be several","veg_p05_spatial_mean_over_years and veg_p05_temporal_mean are DIFFERENT METRICS and are never co-plotted, differenced or captioned with one word. Arm B uses the first, Arm A the second.",offset is against Arm A's zoned DISPLAY SMOOTHER on the temporal metric: not a residual and not a test. NA where the patch is outside the zoned water range.,"115-part: 52.697196 + 0.547274 x mean water; 64-paddock: 52.652934 + 0.547838 x mean water. Both APPLIED, neither refitted.","8-connected component within one vegetation community, outside every management zone","meets_support_rule = >=25 water years with >=30 valid cells; meets_500_cells = the PARTSCATTER floor used by Arm A; meets_bare_33_cells = v1's threshold, for contrast; size_matched = inside this community's real-part IQR",pixel,1988-2022 (35 water years),unzoned standard-grazing country,0.06235142839918241
U0566,Riverine Chenopod Shrublands,riverine,1,0.0623514283991824,67.8389,,28.571428,0,0,0,0,0,,,,,,,,,,,,1,"1 by construction: a patch is defined as a single 8-connected component, unlike a real part which may be several","veg_p05_spatial_mean_over_years and veg_p05_temporal_mean are DIFFERENT METRICS and are never co-plotted, differenced or captioned with one word. Arm B uses the first, Arm A the second.",offset is against Arm A's zoned DISPLAY SMOOTHER on the temporal metric: not a residual and not a test. NA where the patch is outside the zoned water range.,"115-part: 52.697196 + 0.547274 x mean water; 64-paddock: 52.652934 + 0.547838 x mean water. Both APPLIED, neither refitted.","8-connected component within one vegetation community, outside every management zone","meets_support_rule = >=25 water years with >=30 valid cells; meets_500_cells = the PARTSCATTER floor used by Arm A; meets_bare_33_cells = v1's threshold, for contrast; size_matched = inside this community's real-part IQR",pixel,1988-2022 (35 water years),unzoned standard-grazing country,0.06235142839918241
U0567,Riverine Chenopod Shrublands,riverine,1,0.0623514283991824,60.491238,,34.285713,0,0,0,0,0,,,,,,,,,,,,1,"1 by construction: a patch is defined as a single 8-connected component, unlike a real part which may be several","veg_p05_spatial_mean_over_years and veg_p05_temporal_mean are DIFFERENT METRICS and are never co-plotted, differenced or captioned with one word. Arm B uses the first, Arm A the second.",offset is against Arm A's zoned DISPLAY SMOOTHER on the temporal metric: not a residual and not a test. NA where the patch is outside the zoned water range.,"115-part: 52.697196 + 0.547274 x mean water; 64-paddock: 52.652934 + 0.547838 x mean water. Both APPLIED, neither refitted.","8-connected component within one vegetation community, outside every management zone","meets_support_rule = >=25 water years with >=30 valid cells; meets_500_cells = the PARTSCATTER floor used by Arm A; meets_bare_33_cells = v1's threshold, for contrast; size_matched = inside this community's real-part IQR",pixel,1988-2022 (35 water years),unzoned standard-grazing country,0.06235142839918241
U0568,Riverine Chenopod Shrublands,riverine,1,0.0623514283991824,64.80105,,40.0,0,0,0,0,0,,,,,,,,,,,,1,"1 by construction: a patch is defined as a single 8-connected component, unlike a real part which may be several","veg_p05_spatial_mean_over_years and veg_p05_temporal_mean are DIFFERENT METRICS and are never co-plotted, differenced or captioned with one word. Arm B uses the first, Arm A the second.",offset is against Arm A's zoned DISPLAY SMOOTHER on the temporal metric: not a residual and not a test. NA where the patch is outside the zoned water range.,"115-part: 52.697196 + 0.547274 x mean water; 64-paddock: 52.652934 + 0.547838 x mean water. Both APPLIED, neither refitted.","8-connected component within one vegetation community, outside every management zone","meets_support_rule = >=25 water years with >=30 valid cells; meets_500_cells = the PARTSCATTER floor used by Arm A; meets_bare_33_cells = v1's threshold, for contrast; size_matched = inside this community's real-part IQR",pixel,1988-2022 (35 water years),unzoned standard-grazing country,0.06235142839918241
U0569,Riverine Chenopod Shrublands,riverine,1,0.0623514283991824,50.657402,,37.142857,0,0,0,0,0,,,,,,,,,,,,1,"1 by construction: a patch is defined as a single 8-connected component, unlike a real part which may be several","veg_p05_spatial_mean_over_years and veg_p05_temporal_mean are DIFFERENT METRICS and are never co-plotted, differenced or captioned with one word. Arm B uses the first, Arm A the second.",offset is against Arm A's zoned DISPLAY SMOOTHER on the temporal metric: not a residual and not a test. NA where the patch is outside the zoned water range.,"115-part: 52.697196 + 0.547274 x mean water; 64-paddock: 52.652934 + 0.547838 x mean water. Both APPLIED, neither refitted.","8-connected component within one vegetation community, outside every management zone","meets_support_rule = >=25 water years with >=30 valid cells; meets_500_cells = the PARTSCATTER floor used by Arm A; meets_bare_33_cells = v1's threshold, for contrast; size_matched = inside this community's real-part IQR",pixel,1988-2022 (35 water years),unzoned standard-grazing country,0.06235142839918241
U0570,Riverine Chenopod Shrublands,riverine,2,0.1247028567983648,67.570244,1.9686152,40.0,0,0,0,0,0,,,,,,,,,,,,1,"1 by construction: a patch is defined as a single 8-connected component, unlike a real part which may be several","veg_p05_spatial_mean_over_years and veg_p05_temporal_mean are DIFFERENT METRICS and are never co-plotted, differenced or captioned with one word. Arm B uses the first, Arm A the second.",offset is against Arm A's zoned DISPLAY SMOOTHER on the temporal metric: not a residual and not a test. NA where the patch is outside the zoned water range.,"115-part: 52.697196 + 0.547274 x mean water; 64-paddock: 52.652934 + 0.547838 x mean water. Both APPLIED, neither refitted.","8-connected component within one vegetation community, outside every management zone","meets_support_rule = >=25 water years with >=30 valid cells; meets_500_cells = the PARTSCATTER floor used by Arm A; meets_bare_33_cells = v1's threshold, for contrast; size_matched = inside this community's real-part IQR",pixel,1988-2022 (35 water years),unzoned standard-grazing country,0.06235142839918241
U0571,Riverine Chenopod Shrublands,riverine,1851,115.41249396688664,59.914692,8.419142,19.902756,35,1,1,1,1,70.82069235665458,19.902755267423014,35.0,0.1284153790270939,0.4053401105694499,0.460671760549329,1.0,11.126109063954,"DESCRIPTIVE OFFSET from the zoned display smoother; not a residual, not a test",7.231241044015675,7.264272716460084,1,"1 by construction: a patch is defined as a single 8-connected component, unlike a real part which may be several","veg_p05_spatial_mean_over_years and veg_p05_temporal_mean are DIFFERENT METRICS and are never co-plotted, differenced or captioned with one word. Arm B uses the first, Arm A the second.",offset is against Arm A's zoned DISPLAY SMOOTHER on the temporal metric: not a residual and not a test. NA where the patch is outside the zoned water range.,"115-part: 52.697196 + 0.547274 x mean water; 64-paddock: 52.652934 + 0.547838 x mean water. Both APPLIED, neither refitted.","8-connected component within one vegetation community, outside every management zone","meets_support_rule = >=25 water years with >=30 valid cells; meets_500_cells = the PARTSCATTER floor used by Arm A; meets_bare_33_cells = v1's threshold, for contrast; size_matched = inside this community's real-part IQR",pixel,1988-2022 (35 water years),unzoned standard-grazing country,0.06235142839918241
U0572,Riverine Chenopod Shrublands,riverine,1,0.0623514283991824,50.46212,,34.285713,0,0,0,0,0,,,,,,,,,,,,1,"1 by construction: a patch is defined as a single 8-connected component, unlike a real part which may be several","veg_p05_spatial_mean_over_years and veg_p05_temporal_mean are DIFFERENT METRICS and are never co-plotted, differenced or captioned with one word. Arm B uses the first, Arm A the second.",offset is against Arm A's zoned DISPLAY SMOOTHER on the temporal metric: not a residual and not a test. NA where the patch is outside the zoned water range.,"115-part: 52.697196 + 0.547274 x mean water; 64-paddock: 52.652934 + 0.547838 x mean water. Both APPLIED, neither refitted.","8-connected component within one vegetation community, outside every management zone","meets_support_rule = >=25 water years with >=30 valid cells; meets_500_cells = the PARTSCATTER floor used by Arm A; meets_bare_33_cells = v1's threshold, for contrast; size_matched = inside this community's real-part IQR",pixel,1988-2022 (35 water years),unzoned standard-grazing country,0.06235142839918241
U0573,Riverine Chenopod Shrublands,riverine,84,5.237519985531322,66.0639,2.5466237,29.897959,34,1,1,0,0,81.61766768062816,27.83613445378151,34.0,0.0866604657784015,0.5159387219155683,0.4802553625808456,1.0,,,13.686486322923486,13.715041453737399,1,"1 by construction: a patch is defined as a single 8-connected component, unlike a real part which may be several","veg_p05_spatial_mean_over_years and veg_p05_temporal_mean are DIFFERENT METRICS and are never co-plotted, differenced or captioned with one word. Arm B uses the first, Arm A the second.",offset is against Arm A's zoned DISPLAY SMOOTHER on the temporal metric: not a residual and not a test. NA where the patch is outside the zoned water range.,"115-part: 52.697196 + 0.547274 x mean water; 64-paddock: 52.652934 + 0.547838 x mean water. Both APPLIED, neither refitted.","8-connected component within one vegetation community, outside every management zone","meets_support_rule = >=25 water years with >=30 valid cells; meets_500_cells = the PARTSCATTER floor used by Arm A; meets_bare_33_cells = v1's threshold, for contrast; size_matched = inside this community's real-part IQR",pixel,1988-2022 (35 water years),unzoned standard-grazing country,0.06235142839918241
U0574,Riverine Chenopod Shrublands,riverine,53,3.304625705156668,36.04424,4.4217744,4.4204855,35,1,1,0,0,65.95111293247768,4.420485175202157,35.0,0.1780605904842397,0.1924703394677359,0.4686674664920767,1.0,,,10.834701373290052,10.876469175065282,1,"1 by construction: a patch is defined as a single 8-connected component, unlike a real part which may be several","veg_p05_spatial_mean_over_years and veg_p05_temporal_mean are DIFFERENT METRICS and are never co-plotted, differenced or captioned with one word. Arm B uses the first, Arm A the second.",offset is against Arm A's zoned DISPLAY SMOOTHER on the temporal metric: not a residual and not a test. NA where the patch is outside the zoned water range.,"115-part: 52.697196 + 0.547274 x mean water; 64-paddock: 52.652934 + 0.547838 x mean water. Both APPLIED, neither refitted.","8-connected component within one vegetation community, outside every management zone","meets_support_rule = >=25 water years with >=30 valid cells; meets_500_cells = the PARTSCATTER floor used by Arm A; meets_bare_33_cells = v1's threshold, for contrast; size_matched = inside this community's real-part IQR",pixel,1988-2022 (35 water years),unzoned standard-grazing country,0.06235142839918241
U0575,Riverine Chenopod Shrublands,riverine,3,0.1870542851975472,69.03384,2.517206,33.333332,0,0,0,0,0,,,,,,,,,,,,1,"1 by construction: a patch is defined as a single 8-connected component, unlike a real part which may be several","veg_p05_spatial_mean_over_years and veg_p05_temporal_mean are DIFFERENT METRICS and are never co-plotted, differenced or captioned with one word. Arm B uses the first, Arm A the second.",offset is against Arm A's zoned DISPLAY SMOOTHER on the temporal metric: not a residual and not a test. NA where the patch is outside the zoned water range.,"115-part: 52.697196 + 0.547274 x mean water; 64-paddock: 52.652934 + 0.547838 x mean water. Both APPLIED, neither refitted.","8-connected component within one vegetation community, outside every management zone","meets_support_rule = >=25 water years with >=30 valid cells; meets_500_cells = the PARTSCATTER floor used by Arm A; meets_bare_33_cells = v1's threshold, for contrast; size_matched = inside this community's real-part IQR",pixel,1988-2022 (35 water years),unzoned standard-grazing country,0.06235142839918241
U0576,Riverine Chenopod Shrublands,riverine,3,0.1870542851975472,37.783367,4.448832,15.238095,0,0,0,0,0,,,,,,,,,,,,1,"1 by construction: a patch is defined as a single 8-connected component, unlike a real part which may be several","veg_p05_spatial_mean_over_years and veg_p05_temporal_mean are DIFFERENT METRICS and are never co-plotted, differenced or captioned with one word. Arm B uses the first, Arm A the second.",offset is against Arm A's zoned DISPLAY SMOOTHER on the temporal metric: not a residual and not a test. NA where the patch is outside the zoned water range.,"115-part: 52.697196 + 0.547274 x mean water; 64-paddock: 52.652934 + 0.547838 x mean water. Both APPLIED, neither refitted.","8-connected component within one vegetation community, outside every management zone","meets_support_rule = >=25 water years with >=30 valid cells; meets_500_cells = the PARTSCATTER floor used by Arm A; meets_bare_33_cells = v1's threshold, for contrast; size_matched = inside this community's real-part IQR",pixel,1988-2022 (35 water years),unzoned standard-grazing country,0.06235142839918241
U0577,Riverine Chenopod Shrublands,riverine,3,0.1870542851975472,38.74731,3.1086302,13.333333,0,0,0,0,0,,,,,,,,,,,,1,"1 by construction: a patch is defined as a single 8-connected component, unlike a real part which may be several","veg_p05_spatial_mean_over_years and veg_p05_temporal_mean are DIFFERENT METRICS and are never co-plotted, differenced or captioned with one word. Arm B uses the first, Arm A the second.",offset is against Arm A's zoned DISPLAY SMOOTHER on the temporal metric: not a residual and not a test. NA where the patch is outside the zoned water range.,"115-part: 52.697196 + 0.547274 x mean water; 64-paddock: 52.652934 + 0.547838 x mean water. Both APPLIED, neither refitted.","8-connected component within one vegetation community, outside every management zone","meets_support_rule = >=25 water years with >=30 valid cells; meets_500_cells = the PARTSCATTER floor used by Arm A; meets_bare_33_cells = v1's threshold, for contrast; size_matched = inside this community's real-part IQR",pixel,1988-2022 (35 water years),unzoned standard-grazing country,0.06235142839918241
U0578,Riverine Chenopod Shrublands,riverine,2,0.1247028567983648,50.243866,1.5167282,45.714287,0,0,0,0,0,,,,,,,,,,,,1,"1 by construction: a patch is defined as a single 8-connected component, unlike a real part which may be several","veg_p05_spatial_mean_over_years and veg_p05_temporal_mean are DIFFERENT METRICS and are never co-plotted, differenced or captioned with one word. Arm B uses the first, Arm A the second.",offset is against Arm A's zoned DISPLAY SMOOTHER on the temporal metric: not a residual and not a test. NA where the patch is outside the zoned water range.,"115-part: 52.697196 + 0.547274 x mean water; 64-paddock: 52.652934 + 0.547838 x mean water. Both APPLIED, neither refitted.","8-connected component within one vegetation community, outside every management zone","meets_support_rule = >=25 water years with >=30 valid cells; meets_500_cells = the PARTSCATTER floor used by Arm A; meets_bare_33_cells = v1's threshold, for contrast; size_matched = inside this community's real-part IQR",pixel,1988-2022 (35 water years),unzoned standard-grazing country,0.06235142839918241
U0579,Riverine Chenopod Shrublands,riverine,2,0.1247028567983648,57.672256,0.63502693,48.57143,0,0,0,0,0,,,,,,,,,,,,1,"1 by construction: a patch is defined as a single 8-connected component, unlike a real part which may be several","veg_p05_spatial_mean_over_years and veg_p05_temporal_mean are DIFFERENT METRICS and are never co-plotted, differenced or captioned with one word. Arm B uses the first, Arm A the second.",offset is against Arm A's zoned DISPLAY SMOOTHER on the temporal metric: not a residual and not a test. NA where the patch is outside the zoned water range.,"115-part: 52.697196 + 0.547274 x mean water; 64-paddock: 52.652934 + 0.547838 x mean water. Both APPLIED, neither refitted.","8-connected component within one vegetation community, outside every management zone","meets_support_rule = >=25 water years with >=30 valid cells; meets_500_cells = the PARTSCATTER floor used by Arm A; meets_bare_33_cells = v1's threshold, for contrast; size_matched = inside this community's real-part IQR",pixel,1988-2022 (35 water years),unzoned standard-grazing country,0.06235142839918241
U0580,Riverine Chenopod Shrublands,riverine,2,0.1247028567983648,53.009476,1.3796842,40.0,0,0,0,0,0,,,,,,,,,,,,1,"1 by construction: a patch is defined as a single 8-connected component, unlike a real part which may be several","veg_p05_spatial_mean_over_years and veg_p05_temporal_mean are DIFFERENT METRICS and are never co-plotted, differenced or captioned with one word. Arm B uses the first, Arm A the second.",offset is against Arm A's zoned DISPLAY SMOOTHER on the temporal metric: not a residual and not a test. NA where the patch is outside the zoned water range.,"115-part: 52.697196 + 0.547274 x mean water; 64-paddock: 52.652934 + 0.547838 x mean water. Both APPLIED, neither refitted.","8-connected component within one vegetation community, outside every management zone","meets_support_rule = >=25 water years with >=30 valid cells; meets_500_cells = the PARTSCATTER floor used by Arm A; meets_bare_33_cells = v1's threshold, for contrast; size_matched = inside this community's real-part IQR",pixel,1988-2022 (35 water years),unzoned standard-grazing country,0.06235142839918241
U0581,Riverine Chenopod Shrublands,riverine,1,0.0623514283991824,66.79035,,22.857143,0,0,0,0,0,,,,,,,,,,,,1,"1 by construction: a patch is defined as a single 8-connected component, unlike a real part which may be several","veg_p05_spatial_mean_over_years and veg_p05_temporal_mean are DIFFERENT METRICS and are never co-plotted, differenced or captioned with one word. Arm B uses the first, Arm A the second.",offset is against Arm A's zoned DISPLAY SMOOTHER on the temporal metric: not a residual and not a test. NA where the patch is outside the zoned water range.,"115-part: 52.697196 + 0.547274 x mean water; 64-paddock: 52.652934 + 0.547838 x mean water. Both APPLIED, neither refitted.","8-connected component within one vegetation community, outside every management zone","meets_support_rule = >=25 water years with >=30 valid cells; meets_500_cells = the PARTSCATTER floor used by Arm A; meets_bare_33_cells = v1's threshold, for contrast; size_matched = inside this community's real-part IQR",pixel,1988-2022 (35 water years),unzoned standard-grazing country,0.06235142839918241
U0582,Riverine Chenopod Shrublands,riverine,1,0.0623514283991824,56.209274,,5.714286,0,0,0,0,0,,,,,,,,,,,,1,"1 by construction: a patch is defined as a single 8-connected component, unlike a real part which may be several","veg_p05_spatial_mean_over_years and veg_p05_temporal_mean are DIFFERENT METRICS and are never co-plotted, differenced or captioned with one word. Arm B uses the first, Arm A the second.",offset is against Arm A's zoned DISPLAY SMOOTHER on the temporal metric: not a residual and not a test. NA where the patch is outside the zoned water range.,"115-part: 52.697196 + 0.547274 x mean water; 64-paddock: 52.652934 + 0.547838 x mean water. Both APPLIED, neither refitted.","8-connected component within one vegetation community, outside every management zone","meets_support_rule = >=25 water years with >=30 valid cells; meets_500_cells = the PARTSCATTER floor used by Arm A; meets_bare_33_cells = v1's threshold, for contrast; size_matched = inside this community's real-part IQR",pixel,1988-2022 (35 water years),unzoned standard-grazing country,0.06235142839918241
U0583,Riverine Chenopod Shrublands,riverine,1,0.0623514283991824,37.76639,,25.714285,0,0,0,0,0,,,,,,,,,,,,1,"1 by construction: a patch is defined as a single 8-connected component, unlike a real part which may be several","veg_p05_spatial_mean_over_years and veg_p05_temporal_mean are DIFFERENT METRICS and are never co-plotted, differenced or captioned with one word. Arm B uses the first, Arm A the second.",offset is against Arm A's zoned DISPLAY SMOOTHER on the temporal metric: not a residual and not a test. NA where the patch is outside the zoned water range.,"115-part: 52.697196 + 0.547274 x mean water; 64-paddock: 52.652934 + 0.547838 x mean water. Both APPLIED, neither refitted.","8-connected component within one vegetation community, outside every management zone","meets_support_rule = >=25 water years with >=30 valid cells; meets_500_cells = the PARTSCATTER floor used by Arm A; meets_bare_33_cells = v1's threshold, for contrast; size_matched = inside this community's real-part IQR",pixel,1988-2022 (35 water years),unzoned standard-grazing country,0.06235142839918241
U0584,Riverine Chenopod Shrublands,riverine,2,0.1247028567983648,43.341866,0.3404602,27.142857,0,0,0,0,0,,,,,,,,,,,,1,"1 by construction: a patch is defined as a single 8-connected component, unlike a real part which may be several","veg_p05_spatial_mean_over_years and veg_p05_temporal_mean are DIFFERENT METRICS and are never co-plotted, differenced or captioned with one word. Arm B uses the first, Arm A the second.",offset is against Arm A's zoned DISPLAY SMOOTHER on the temporal metric: not a residual and not a test. NA where the patch is outside the zoned water range.,"115-part: 52.697196 + 0.547274 x mean water; 64-paddock: 52.652934 + 0.547838 x mean water. Both APPLIED, neither refitted.","8-connected component within one vegetation community, outside every management zone","meets_support_rule = >=25 water years with >=30 valid cells; meets_500_cells = the PARTSCATTER floor used by Arm A; meets_bare_33_cells = v1's threshold, for contrast; size_matched = inside this community's real-part IQR",pixel,1988-2022 (35 water years),unzoned standard-grazing country,0.06235142839918241
U0585,Riverine Chenopod Shrublands,riverine,4,0.2494057135967296,34.02201,1.6754136,27.857143,0,0,0,0,0,,,,,,,,,,,,1,"1 by construction: a patch is defined as a single 8-connected component, unlike a real part which may be several","veg_p05_spatial_mean_over_years and veg_p05_temporal_mean are DIFFERENT METRICS and are never co-plotted, differenced or captioned with one word. Arm B uses the first, Arm A the second.",offset is against Arm A's zoned DISPLAY SMOOTHER on the temporal metric: not a residual and not a test. NA where the patch is outside the zoned water range.,"115-part: 52.697196 + 0.547274 x mean water; 64-paddock: 52.652934 + 0.547838 x mean water. Both APPLIED, neither refitted.","8-connected component within one vegetation community, outside every management zone","meets_support_rule = >=25 water years with >=30 valid cells; meets_500_cells = the PARTSCATTER floor used by Arm A; meets_bare_33_cells = v1's threshold, for contrast; size_matched = inside this community's real-part IQR",pixel,1988-2022 (35 water years),unzoned standard-grazing country,0.06235142839918241
U0586,Riverine Chenopod Shrublands,riverine,3,0.1870542851975472,34.36272,0.64080465,36.190475,0,0,0,0,0,,,,,,,,,,,,1,"1 by construction: a patch is defined as a single 8-connected component, unlike a real part which may be several","veg_p05_spatial_mean_over_years and veg_p05_temporal_mean are DIFFERENT METRICS and are never co-plotted, differenced or captioned with one word. Arm B uses the first, Arm A the second.",offset is against Arm A's zoned DISPLAY SMOOTHER on the temporal metric: not a residual and not a test. NA where the patch is outside the zoned water range.,"115-part: 52.697196 + 0.547274 x mean water; 64-paddock: 52.652934 + 0.547838 x mean water. Both APPLIED, neither refitted.","8-connected component within one vegetation community, outside every management zone","meets_support_rule = >=25 water years with >=30 valid cells; meets_500_cells = the PARTSCATTER floor used by Arm A; meets_bare_33_cells = v1's threshold, for contrast; size_matched = inside this community's real-part IQR",pixel,1988-2022 (35 water years),unzoned standard-grazing country,0.06235142839918241
U0587,Riverine Chenopod Shrublands,riverine,1,0.0623514283991824,41.058777,,8.571428,0,0,0,0,0,,,,,,,,,,,,1,"1 by construction: a patch is defined as a single 8-connected component, unlike a real part which may be several","veg_p05_spatial_mean_over_years and veg_p05_temporal_mean are DIFFERENT METRICS and are never co-plotted, differenced or captioned with one word. Arm B uses the first, Arm A the second.",offset is against Arm A's zoned DISPLAY SMOOTHER on the temporal metric: not a residual and not a test. NA where the patch is outside the zoned water range.,"115-part: 52.697196 + 0.547274 x mean water; 64-paddock: 52.652934 + 0.547838 x mean water. Both APPLIED, neither refitted.","8-connected component within one vegetation community, outside every management zone","meets_support_rule = >=25 water years with >=30 valid cells; meets_500_cells = the PARTSCATTER floor used by Arm A; meets_bare_33_cells = v1's threshold, for contrast; size_matched = inside this community's real-part IQR",pixel,1988-2022 (35 water years),unzoned standard-grazing country,0.06235142839918241
U0588,Riverine Chenopod Shrublands,riverine,1,0.0623514283991824,56.599625,,5.714286,0,0,0,0,0,,,,,,,,,,,,1,"1 by construction: a patch is defined as a single 8-connected component, unlike a real part which may be several","veg_p05_spatial_mean_over_years and veg_p05_temporal_mean are DIFFERENT METRICS and are never co-plotted, differenced or captioned with one word. Arm B uses the first, Arm A the second.",offset is against Arm A's zoned DISPLAY SMOOTHER on the temporal metric: not a residual and not a test. NA where the patch is outside the zoned water range.,"115-part: 52.697196 + 0.547274 x mean water; 64-paddock: 52.652934 + 0.547838 x mean water. Both APPLIED, neither refitted.","8-connected component within one vegetation community, outside every management zone","meets_support_rule = >=25 water years with >=30 valid cells; meets_500_cells = the PARTSCATTER floor used by Arm A; meets_bare_33_cells = v1's threshold, for contrast; size_matched = inside this community's real-part IQR",pixel,1988-2022 (35 water years),unzoned standard-grazing country,0.06235142839918241
U0589,Riverine Chenopod Shrublands,riverine,1,0.0623514283991824,51.21028,,2.857143,0,0,0,0,0,,,,,,,,,,,,1,"1 by construction: a patch is defined as a single 8-connected component, unlike a real part which may be several","veg_p05_spatial_mean_over_years and veg_p05_temporal_mean are DIFFERENT METRICS and are never co-plotted, differenced or captioned with one word. Arm B uses the first, Arm A the second.",offset is against Arm A's zoned DISPLAY SMOOTHER on the temporal metric: not a residual and not a test. NA where the patch is outside the zoned water range.,"115-part: 52.697196 + 0.547274 x mean water; 64-paddock: 52.652934 + 0.547838 x mean water. Both APPLIED, neither refitted.","8-connected component within one vegetation community, outside every management zone","meets_support_rule = >=25 water years with >=30 valid cells; meets_500_cells = the PARTSCATTER floor used by Arm A; meets_bare_33_cells = v1's threshold, for contrast; size_matched = inside this community's real-part IQR",pixel,1988-2022 (35 water years),unzoned standard-grazing country,0.06235142839918241
U0590,Riverine Chenopod Shrublands,riverine,1,0.0623514283991824,39.21794,,2.857143,0,0,0,0,0,,,,,,,,,,,,1,"1 by construction: a patch is defined as a single 8-connected component, unlike a real part which may be several","veg_p05_spatial_mean_over_years and veg_p05_temporal_mean are DIFFERENT METRICS and are never co-plotted, differenced or captioned with one word. Arm B uses the first, Arm A the second.",offset is against Arm A's zoned DISPLAY SMOOTHER on the temporal metric: not a residual and not a test. NA where the patch is outside the zoned water range.,"115-part: 52.697196 + 0.547274 x mean water; 64-paddock: 52.652934 + 0.547838 x mean water. Both APPLIED, neither refitted.","8-connected component within one vegetation community, outside every management zone","meets_support_rule = >=25 water years with >=30 valid cells; meets_500_cells = the PARTSCATTER floor used by Arm A; meets_bare_33_cells = v1's threshold, for contrast; size_matched = inside this community's real-part IQR",pixel,1988-2022 (35 water years),unzoned standard-grazing country,0.06235142839918241
U0591,Riverine Chenopod Shrublands,riverine,1,0.0623514283991824,44.62266,,5.714286,0,0,0,0,0,,,,,,,,,,,,1,"1 by construction: a patch is defined as a single 8-connected component, unlike a real part which may be several","veg_p05_spatial_mean_over_years and veg_p05_temporal_mean are DIFFERENT METRICS and are never co-plotted, differenced or captioned with one word. Arm B uses the first, Arm A the second.",offset is against Arm A's zoned DISPLAY SMOOTHER on the temporal metric: not a residual and not a test. NA where the patch is outside the zoned water range.,"115-part: 52.697196 + 0.547274 x mean water; 64-paddock: 52.652934 + 0.547838 x mean water. Both APPLIED, neither refitted.","8-connected component within one vegetation community, outside every management zone","meets_support_rule = >=25 water years with >=30 valid cells; meets_500_cells = the PARTSCATTER floor used by Arm A; meets_bare_33_cells = v1's threshold, for contrast; size_matched = inside this community's real-part IQR",pixel,1988-2022 (35 water years),unzoned standard-grazing country,0.06235142839918241
U0592,Riverine Chenopod Shrublands,riverine,1,0.0623514283991824,47.28722,,2.857143,0,0,0,0,0,,,,,,,,,,,,1,"1 by construction: a patch is defined as a single 8-connected component, unlike a real part which may be several","veg_p05_spatial_mean_over_years and veg_p05_temporal_mean are DIFFERENT METRICS and are never co-plotted, differenced or captioned with one word. Arm B uses the first, Arm A the second.",offset is against Arm A's zoned DISPLAY SMOOTHER on the temporal metric: not a residual and not a test. NA where the patch is outside the zoned water range.,"115-part: 52.697196 + 0.547274 x mean water; 64-paddock: 52.652934 + 0.547838 x mean water. Both APPLIED, neither refitted.","8-connected component within one vegetation community, outside every management zone","meets_support_rule = >=25 water years with >=30 valid cells; meets_500_cells = the PARTSCATTER floor used by Arm A; meets_bare_33_cells = v1's threshold, for contrast; size_matched = inside this community's real-part IQR",pixel,1988-2022 (35 water years),unzoned standard-grazing country,0.06235142839918241
U0593,Riverine Chenopod Shrublands,riverine,104,6.484548553514971,48.663845,5.8934937,45.714287,35,1,1,0,0,61.81050359453474,45.714285714285715,35.0,0.053214990577686,0.1790111129743183,0.549018020249734,1.0,,,-15.904920348149773,-15.886453262608129,1,"1 by construction: a patch is defined as a single 8-connected component, unlike a real part which may be several","veg_p05_spatial_mean_over_years and veg_p05_temporal_mean are DIFFERENT METRICS and are never co-plotted, differenced or captioned with one word. Arm B uses the first, Arm A the second.",offset is against Arm A's zoned DISPLAY SMOOTHER on the temporal metric: not a residual and not a test. NA where the patch is outside the zoned water range.,"115-part: 52.697196 + 0.547274 x mean water; 64-paddock: 52.652934 + 0.547838 x mean water. Both APPLIED, neither refitted.","8-connected component within one vegetation community, outside every management zone","meets_support_rule = >=25 water years with >=30 valid cells; meets_500_cells = the PARTSCATTER floor used by Arm A; meets_bare_33_cells = v1's threshold, for contrast; size_matched = inside this community's real-part IQR",pixel,1988-2022 (35 water years),unzoned standard-grazing country,0.06235142839918241
U0594,Riverine Chenopod Shrublands,riverine,7,0.4364599987942769,52.977215,0.62440956,59.183674,0,0,0,0,0,,,,,,,,,,,,1,"1 by construction: a patch is defined as a single 8-connected component, unlike a real part which may be several","veg_p05_spatial_mean_over_years and veg_p05_temporal_mean are DIFFERENT METRICS and are never co-plotted, differenced or captioned with one word. Arm B uses the first, Arm A the second.",offset is against Arm A's zoned DISPLAY SMOOTHER on the temporal metric: not a residual and not a test. NA where the patch is outside the zoned water range.,"115-part: 52.697196 + 0.547274 x mean water; 64-paddock: 52.652934 + 0.547838 x mean water. Both APPLIED, neither refitted.","8-connected component within one vegetation community, outside every management zone","meets_support_rule = >=25 water years with >=30 valid cells; meets_500_cells = the PARTSCATTER floor used by Arm A; meets_bare_33_cells = v1's threshold, for contrast; size_matched = inside this community's real-part IQR",pixel,1988-2022 (35 water years),unzoned standard-grazing country,0.06235142839918241
U0595,Riverine Chenopod Shrublands,riverine,9,0.5611628555926417,53.874146,2.306018,55.238094,0,0,0,0,0,,,,,,,,,,,,1,"1 by construction: a patch is defined as a single 8-connected component, unlike a real part which may be several","veg_p05_spatial_mean_over_years and veg_p05_temporal_mean are DIFFERENT METRICS and are never co-plotted, differenced or captioned with one word. Arm B uses the first, Arm A the second.",offset is against Arm A's zoned DISPLAY SMOOTHER on the temporal metric: not a residual and not a test. NA where the patch is outside the zoned water range.,"115-part: 52.697196 + 0.547274 x mean water; 64-paddock: 52.652934 + 0.547838 x mean water. Both APPLIED, neither refitted.","8-connected component within one vegetation community, outside every management zone","meets_support_rule = >=25 water years with >=30 valid cells; meets_500_cells = the PARTSCATTER floor used by Arm A; meets_bare_33_cells = v1's threshold, for contrast; size_matched = inside this community's real-part IQR",pixel,1988-2022 (35 water years),unzoned standard-grazing country,0.06235142839918241
U0596,Riverine Chenopod Shrublands,riverine,1,0.0623514283991824,33.720806,,14.285714,0,0,0,0,0,,,,,,,,,,,,1,"1 by construction: a patch is defined as a single 8-connected component, unlike a real part which may be several","veg_p05_spatial_mean_over_years and veg_p05_temporal_mean are DIFFERENT METRICS and are never co-plotted, differenced or captioned with one word. Arm B uses the first, Arm A the second.",offset is against Arm A's zoned DISPLAY SMOOTHER on the temporal metric: not a residual and not a test. NA where the patch is outside the zoned water range.,"115-part: 52.697196 + 0.547274 x mean water; 64-paddock: 52.652934 + 0.547838 x mean water. Both APPLIED, neither refitted.","8-connected component within one vegetation community, outside every management zone","meets_support_rule = >=25 water years with >=30 valid cells; meets_500_cells = the PARTSCATTER floor used by Arm A; meets_bare_33_cells = v1's threshold, for contrast; size_matched = inside this community's real-part IQR",pixel,1988-2022 (35 water years),unzoned standard-grazing country,0.06235142839918241
U0597,Riverine Chenopod Shrublands,riverine,1,0.0623514283991824,60.241375,,45.714287,0,0,0,0,0,,,,,,,,,,,,1,"1 by construction: a patch is defined as a single 8-connected component, unlike a real part which may be several","veg_p05_spatial_mean_over_years and veg_p05_temporal_mean are DIFFERENT METRICS and are never co-plotted, differenced or captioned with one word. Arm B uses the first, Arm A the second.",offset is against Arm A's zoned DISPLAY SMOOTHER on the temporal metric: not a residual and not a test. NA where the patch is outside the zoned water range.,"115-part: 52.697196 + 0.547274 x mean water; 64-paddock: 52.652934 + 0.547838 x mean water. Both APPLIED, neither refitted.","8-connected component within one vegetation community, outside every management zone","meets_support_rule = >=25 water years with >=30 valid cells; meets_500_cells = the PARTSCATTER floor used by Arm A; meets_bare_33_cells = v1's threshold, for contrast; size_matched = inside this community's real-part IQR",pixel,1988-2022 (35 water years),unzoned standard-grazing country,0.06235142839918241
U0598,Riverine Chenopod Shrublands,riverine,1,0.0623514283991824,39.849545,,8.571428,0,0,0,0,0,,,,,,,,,,,,1,"1 by construction: a patch is defined as a single 8-connected component, unlike a real part which may be several","veg_p05_spatial_mean_over_years and veg_p05_temporal_mean are DIFFERENT METRICS and are never co-plotted, differenced or captioned with one word. Arm B uses the first, Arm A the second.",offset is against Arm A's zoned DISPLAY SMOOTHER on the temporal metric: not a residual and not a test. NA where the patch is outside the zoned water range.,"115-part: 52.697196 + 0.547274 x mean water; 64-paddock: 52.652934 + 0.547838 x mean water. Both APPLIED, neither refitted.","8-connected component within one vegetation community, outside every management zone","meets_support_rule = >=25 water years with >=30 valid cells; meets_500_cells = the PARTSCATTER floor used by Arm A; meets_bare_33_cells = v1's threshold, for contrast; size_matched = inside this community's real-part IQR",pixel,1988-2022 (35 water years),unzoned standard-grazing country,0.06235142839918241
U0599,Riverine Chenopod Shrublands,riverine,1,0.0623514283991824,38.700962,,14.285714,0,0,0,0,0,,,,,,,,,,,,1,"1 by construction: a patch is defined as a single 8-connected component, unlike a real part which may be several","veg_p05_spatial_mean_over_years and veg_p05_temporal_mean are DIFFERENT METRICS and are never co-plotted, differenced or captioned with one word. Arm B uses the first, Arm A the second.",offset is against Arm A's zoned DISPLAY SMOOTHER on the temporal metric: not a residual and not a test. NA where the patch is outside the zoned water range.,"115-part: 52.697196 + 0.547274 x mean water; 64-paddock: 52.652934 + 0.547838 x mean water. Both APPLIED, neither refitted.","8-connected component within one vegetation community, outside every management zone","meets_support_rule = >=25 water years with >=30 valid cells; meets_500_cells = the PARTSCATTER floor used by Arm A; meets_bare_33_cells = v1's threshold, for contrast; size_matched = inside this community's real-part IQR",pixel,1988-2022 (35 water years),unzoned standard-grazing country,0.06235142839918241
U0600,Riverine Chenopod Shrublands,riverine,1,0.0623514283991824,39.347404,,14.285714,0,0,0,0,0,,,,,,,,,,,,1,"1 by construction: a patch is defined as a single 8-connected component, unlike a real part which may be several","veg_p05_spatial_mean_over_years and veg_p05_temporal_mean are DIFFERENT METRICS and are never co-plotted, differenced or captioned with one word. Arm B uses the first, Arm A the second.",offset is against Arm A's zoned DISPLAY SMOOTHER on the temporal metric: not a residual and not a test. NA where the patch is outside the zoned water range.,"115-part: 52.697196 + 0.547274 x mean water; 64-paddock: 52.652934 + 0.547838 x mean water. Both APPLIED, neither refitted.","8-connected component within one vegetation community, outside every management zone","meets_support_rule = >=25 water years with >=30 valid cells; meets_500_cells = the PARTSCATTER floor used by Arm A; meets_bare_33_cells = v1's threshold, for contrast; size_matched = inside this community's real-part IQR",pixel,1988-2022 (35 water years),unzoned standard-grazing country,0.06235142839918241
U0601,Riverine Chenopod Shrublands,riverine,1,0.0623514283991824,44.55209,,20.0,0,0,0,0,0,,,,,,,,,,,,1,"1 by construction: a patch is defined as a single 8-connected component, unlike a real part which may be several","veg_p05_spatial_mean_over_years and veg_p05_temporal_mean are DIFFERENT METRICS and are never co-plotted, differenced or captioned with one word. Arm B uses the first, Arm A the second.",offset is against Arm A's zoned DISPLAY SMOOTHER on the temporal metric: not a residual and not a test. NA where the patch is outside the zoned water range.,"115-part: 52.697196 + 0.547274 x mean water; 64-paddock: 52.652934 + 0.547838 x mean water. Both APPLIED, neither refitted.","8-connected component within one vegetation community, outside every management zone","meets_support_rule = >=25 water years with >=30 valid cells; meets_500_cells = the PARTSCATTER floor used by Arm A; meets_bare_33_cells = v1's threshold, for contrast; size_matched = inside this community's real-part IQR",pixel,1988-2022 (35 water years),unzoned standard-grazing country,0.06235142839918241
U0602,Riverine Chenopod Shrublands,riverine,14,0.8729199975885538,55.482647,3.9371362,10.612245,0,0,0,0,0,,,,,,,,,,,,1,"1 by construction: a patch is defined as a single 8-connected component, unlike a real part which may be several","veg_p05_spatial_mean_over_years and veg_p05_temporal_mean are DIFFERENT METRICS and are never co-plotted, differenced or captioned with one word. Arm B uses the first, Arm A the second.",offset is against Arm A's zoned DISPLAY SMOOTHER on the temporal metric: not a residual and not a test. NA where the patch is outside the zoned water range.,"115-part: 52.697196 + 0.547274 x mean water; 64-paddock: 52.652934 + 0.547838 x mean water. Both APPLIED, neither refitted.","8-connected component within one vegetation community, outside every management zone","meets_support_rule = >=25 water years with >=30 valid cells; meets_500_cells = the PARTSCATTER floor used by Arm A; meets_bare_33_cells = v1's threshold, for contrast; size_matched = inside this community's real-part IQR",pixel,1988-2022 (35 water years),unzoned standard-grazing country,0.06235142839918241
U0603,Riverine Chenopod Shrublands,riverine,1,0.0623514283991824,35.618233,,28.571428,0,0,0,0,0,,,,,,,,,,,,1,"1 by construction: a patch is defined as a single 8-connected component, unlike a real part which may be several","veg_p05_spatial_mean_over_years and veg_p05_temporal_mean are DIFFERENT METRICS and are never co-plotted, differenced or captioned with one word. Arm B uses the first, Arm A the second.",offset is against Arm A's zoned DISPLAY SMOOTHER on the temporal metric: not a residual and not a test. NA where the patch is outside the zoned water range.,"115-part: 52.697196 + 0.547274 x mean water; 64-paddock: 52.652934 + 0.547838 x mean water. Both APPLIED, neither refitted.","8-connected component within one vegetation community, outside every management zone","meets_support_rule = >=25 water years with >=30 valid cells; meets_500_cells = the PARTSCATTER floor used by Arm A; meets_bare_33_cells = v1's threshold, for contrast; size_matched = inside this community's real-part IQR",pixel,1988-2022 (35 water years),unzoned standard-grazing country,0.06235142839918241
U0604,Riverine Chenopod Shrublands,riverine,2,0.1247028567983648,58.033768,2.3942215,30.0,0,0,0,0,0,,,,,,,,,,,,1,"1 by construction: a patch is defined as a single 8-connected component, unlike a real part which may be several","veg_p05_spatial_mean_over_years and veg_p05_temporal_mean are DIFFERENT METRICS and are never co-plotted, differenced or captioned with one word. Arm B uses the first, Arm A the second.",offset is against Arm A's zoned DISPLAY SMOOTHER on the temporal metric: not a residual and not a test. NA where the patch is outside the zoned water range.,"115-part: 52.697196 + 0.547274 x mean water; 64-paddock: 52.652934 + 0.547838 x mean water. Both APPLIED, neither refitted.","8-connected component within one vegetation community, outside every management zone","meets_support_rule = >=25 water years with >=30 valid cells; meets_500_cells = the PARTSCATTER floor used by Arm A; meets_bare_33_cells = v1's threshold, for contrast; size_matched = inside this community's real-part IQR",pixel,1988-2022 (35 water years),unzoned standard-grazing country,0.06235142839918241
U0605,Riverine Chenopod Shrublands,riverine,1,0.0623514283991824,43.07143,,28.571428,0,0,0,0,0,,,,,,,,,,,,1,"1 by construction: a patch is defined as a single 8-connected component, unlike a real part which may be several","veg_p05_spatial_mean_over_years and veg_p05_temporal_mean are DIFFERENT METRICS and are never co-plotted, differenced or captioned with one word. Arm B uses the first, Arm A the second.",offset is against Arm A's zoned DISPLAY SMOOTHER on the temporal metric: not a residual and not a test. NA where the patch is outside the zoned water range.,"115-part: 52.697196 + 0.547274 x mean water; 64-paddock: 52.652934 + 0.547838 x mean water. Both APPLIED, neither refitted.","8-connected component within one vegetation community, outside every management zone","meets_support_rule = >=25 water years with >=30 valid cells; meets_500_cells = the PARTSCATTER floor used by Arm A; meets_bare_33_cells = v1's threshold, for contrast; size_matched = inside this community's real-part IQR",pixel,1988-2022 (35 water years),unzoned standard-grazing country,0.06235142839918241
U0606,Riverine Chenopod Shrublands,riverine,1,0.0623514283991824,55.578144,,28.571428,0,0,0,0,0,,,,,,,,,,,,1,"1 by construction: a patch is defined as a single 8-connected component, unlike a real part which may be several","veg_p05_spatial_mean_over_years and veg_p05_temporal_mean are DIFFERENT METRICS and are never co-plotted, differenced or captioned with one word. Arm B uses the first, Arm A the second.",offset is against Arm A's zoned DISPLAY SMOOTHER on the temporal metric: not a residual and not a test. NA where the patch is outside the zoned water range.,"115-part: 52.697196 + 0.547274 x mean water; 64-paddock: 52.652934 + 0.547838 x mean water. Both APPLIED, neither refitted.","8-connected component within one vegetation community, outside every management zone","meets_support_rule = >=25 water years with >=30 valid cells; meets_500_cells = the PARTSCATTER floor used by Arm A; meets_bare_33_cells = v1's threshold, for contrast; size_matched = inside this community's real-part IQR",pixel,1988-2022 (35 water years),unzoned standard-grazing country,0.06235142839918241
U0607,Riverine Chenopod Shrublands,riverine,1,0.0623514283991824,54.56403,,22.857143,0,0,0,0,0,,,,,,,,,,,,1,"1 by construction: a patch is defined as a single 8-connected component, unlike a real part which may be several","veg_p05_spatial_mean_over_years and veg_p05_temporal_mean are DIFFERENT METRICS and are never co-plotted, differenced or captioned with one word. Arm B uses the first, Arm A the second.",offset is against Arm A's zoned DISPLAY SMOOTHER on the temporal metric: not a residual and not a test. NA where the patch is outside the zoned water range.,"115-part: 52.697196 + 0.547274 x mean water; 64-paddock: 52.652934 + 0.547838 x mean water. Both APPLIED, neither refitted.","8-connected component within one vegetation community, outside every management zone","meets_support_rule = >=25 water years with >=30 valid cells; meets_500_cells = the PARTSCATTER floor used by Arm A; meets_bare_33_cells = v1's threshold, for contrast; size_matched = inside this community's real-part IQR",pixel,1988-2022 (35 water years),unzoned standard-grazing country,0.06235142839918241
U0608,Riverine Chenopod Shrublands,riverine,54,3.3669771335558503,58.025936,5.0058494,8.730159,35,1,1,0,0,65.20409673418318,8.73015873015873,35.0,0.0806504891860631,0.2578862581226083,0.3987224693442194,1.0,,,7.729114039236052,7.768450035770485,1,"1 by construction: a patch is defined as a single 8-connected component, unlike a real part which may be several","veg_p05_spatial_mean_over_years and veg_p05_temporal_mean are DIFFERENT METRICS and are never co-plotted, differenced or captioned with one word. Arm B uses the first, Arm A the second.",offset is against Arm A's zoned DISPLAY SMOOTHER on the temporal metric: not a residual and not a test. NA where the patch is outside the zoned water range.,"115-part: 52.697196 + 0.547274 x mean water; 64-paddock: 52.652934 + 0.547838 x mean water. Both APPLIED, neither refitted.","8-connected component within one vegetation community, outside every management zone","meets_support_rule = >=25 water years with >=30 valid cells; meets_500_cells = the PARTSCATTER floor used by Arm A; meets_bare_33_cells = v1's threshold, for contrast; size_matched = inside this community's real-part IQR",pixel,1988-2022 (35 water years),unzoned standard-grazing country,0.06235142839918241
U0609,Riverine Chenopod Shrublands,riverine,1,0.0623514283991824,34.854244,,20.0,0,0,0,0,0,,,,,,,,,,,,1,"1 by construction: a patch is defined as a single 8-connected component, unlike a real part which may be several","veg_p05_spatial_mean_over_years and veg_p05_temporal_mean are DIFFERENT METRICS and are never co-plotted, differenced or captioned with one word. Arm B uses the first, Arm A the second.",offset is against Arm A's zoned DISPLAY SMOOTHER on the temporal metric: not a residual and not a test. NA where the patch is outside the zoned water range.,"115-part: 52.697196 + 0.547274 x mean water; 64-paddock: 52.652934 + 0.547838 x mean water. Both APPLIED, neither refitted.","8-connected component within one vegetation community, outside every management zone","meets_support_rule = >=25 water years with >=30 valid cells; meets_500_cells = the PARTSCATTER floor used by Arm A; meets_bare_33_cells = v1's threshold, for contrast; size_matched = inside this community's real-part IQR",pixel,1988-2022 (35 water years),unzoned standard-grazing country,0.06235142839918241
U0610,Riverine Chenopod Shrublands,riverine,123,7.6692256930994365,45.713173,10.157359,10.406504,35,1,1,0,0,46.43774250575474,10.40650406504065,35.0,0.1934071299846043,0.3915456717669027,0.3610762673091581,1.0,,,-11.954659958926534,-11.916269868229001,1,"1 by construction: a patch is defined as a single 8-connected component, unlike a real part which may be several","veg_p05_spatial_mean_over_years and veg_p05_temporal_mean are DIFFERENT METRICS and are never co-plotted, differenced or captioned with one word. Arm B uses the first, Arm A the second.",offset is against Arm A's zoned DISPLAY SMOOTHER on the temporal metric: not a residual and not a test. NA where the patch is outside the zoned water range.,"115-part: 52.697196 + 0.547274 x mean water; 64-paddock: 52.652934 + 0.547838 x mean water. Both APPLIED, neither refitted.","8-connected component within one vegetation community, outside every management zone","meets_support_rule = >=25 water years with >=30 valid cells; meets_500_cells = the PARTSCATTER floor used by Arm A; meets_bare_33_cells = v1's threshold, for contrast; size_matched = inside this community's real-part IQR",pixel,1988-2022 (35 water years),unzoned standard-grazing country,0.06235142839918241
U0611,Riverine Chenopod Shrublands,riverine,1,0.0623514283991824,43.0711,,5.714286,0,0,0,0,0,,,,,,,,,,,,1,"1 by construction: a patch is defined as a single 8-connected component, unlike a real part which may be several","veg_p05_spatial_mean_over_years and veg_p05_temporal_mean are DIFFERENT METRICS and are never co-plotted, differenced or captioned with one word. Arm B uses the first, Arm A the second.",offset is against Arm A's zoned DISPLAY SMOOTHER on the temporal metric: not a residual and not a test. NA where the patch is outside the zoned water range.,"115-part: 52.697196 + 0.547274 x mean water; 64-paddock: 52.652934 + 0.547838 x mean water. Both APPLIED, neither refitted.","8-connected component within one vegetation community, outside every management zone","meets_support_rule = >=25 water years with >=30 valid cells; meets_500_cells = the PARTSCATTER floor used by Arm A; meets_bare_33_cells = v1's threshold, for contrast; size_matched = inside this community's real-part IQR",pixel,1988-2022 (35 water years),unzoned standard-grazing country,0.06235142839918241
U0612,Riverine Chenopod Shrublands,riverine,1,0.0623514283991824,43.3309,,0.0,0,0,0,0,0,,,,,,,,,,,,1,"1 by construction: a patch is defined as a single 8-connected component, unlike a real part which may be several","veg_p05_spatial_mean_over_years and veg_p05_temporal_mean are DIFFERENT METRICS and are never co-plotted, differenced or captioned with one word. Arm B uses the first, Arm A the second.",offset is against Arm A's zoned DISPLAY SMOOTHER on the temporal metric: not a residual and not a test. NA where the patch is outside the zoned water range.,"115-part: 52.697196 + 0.547274 x mean water; 64-paddock: 52.652934 + 0.547838 x mean water. Both APPLIED, neither refitted.","8-connected component within one vegetation community, outside every management zone","meets_support_rule = >=25 water years with >=30 valid cells; meets_500_cells = the PARTSCATTER floor used by Arm A; meets_bare_33_cells = v1's threshold, for contrast; size_matched = inside this community's real-part IQR",pixel,1988-2022 (35 water years),unzoned standard-grazing country,0.06235142839918241
U0613,Riverine Chenopod Shrublands,riverine,1,0.0623514283991824,42.735733,,5.714286,0,0,0,0,0,,,,,,,,,,,,1,"1 by construction: a patch is defined as a single 8-connected component, unlike a real part which may be several","veg_p05_spatial_mean_over_years and veg_p05_temporal_mean are DIFFERENT METRICS and are never co-plotted, differenced or captioned with one word. Arm B uses the first, Arm A the second.",offset is against Arm A's zoned DISPLAY SMOOTHER on the temporal metric: not a residual and not a test. NA where the patch is outside the zoned water range.,"115-part: 52.697196 + 0.547274 x mean water; 64-paddock: 52.652934 + 0.547838 x mean water. Both APPLIED, neither refitted.","8-connected component within one vegetation community, outside every management zone","meets_support_rule = >=25 water years with >=30 valid cells; meets_500_cells = the PARTSCATTER floor used by Arm A; meets_bare_33_cells = v1's threshold, for contrast; size_matched = inside this community's real-part IQR",pixel,1988-2022 (35 water years),unzoned standard-grazing country,0.06235142839918241
U0614,Riverine Chenopod Shrublands,riverine,1,0.0623514283991824,38.348328,,2.857143,0,0,0,0,0,,,,,,,,,,,,1,"1 by construction: a patch is defined as a single 8-connected component, unlike a real part which may be several","veg_p05_spatial_mean_over_years and veg_p05_temporal_mean are DIFFERENT METRICS and are never co-plotted, differenced or captioned with one word. Arm B uses the first, Arm A the second.",offset is against Arm A's zoned DISPLAY SMOOTHER on the temporal metric: not a residual and not a test. NA where the patch is outside the zoned water range.,"115-part: 52.697196 + 0.547274 x mean water; 64-paddock: 52.652934 + 0.547838 x mean water. Both APPLIED, neither refitted.","8-connected component within one vegetation community, outside every management zone","meets_support_rule = >=25 water years with >=30 valid cells; meets_500_cells = the PARTSCATTER floor used by Arm A; meets_bare_33_cells = v1's threshold, for contrast; size_matched = inside this community's real-part IQR",pixel,1988-2022 (35 water years),unzoned standard-grazing country,0.06235142839918241
U0615,Riverine Chenopod Shrublands,riverine,1,0.0623514283991824,38.580627,,22.857143,0,0,0,0,0,,,,,,,,,,,,1,"1 by construction: a patch is defined as a single 8-connected component, unlike a real part which may be several","veg_p05_spatial_mean_over_years and veg_p05_temporal_mean are DIFFERENT METRICS and are never co-plotted, differenced or captioned with one word. Arm B uses the first, Arm A the second.",offset is against Arm A's zoned DISPLAY SMOOTHER on the temporal metric: not a residual and not a test. NA where the patch is outside the zoned water range.,"115-part: 52.697196 + 0.547274 x mean water; 64-paddock: 52.652934 + 0.547838 x mean water. Both APPLIED, neither refitted.","8-connected component within one vegetation community, outside every management zone","meets_support_rule = >=25 water years with >=30 valid cells; meets_500_cells = the PARTSCATTER floor used by Arm A; meets_bare_33_cells = v1's threshold, for contrast; size_matched = inside this community's real-part IQR",pixel,1988-2022 (35 water years),unzoned standard-grazing country,0.06235142839918241
U0616,Riverine Chenopod Shrublands,riverine,1,0.0623514283991824,36.91722,,5.714286,0,0,0,0,0,,,,,,,,,,,,1,"1 by construction: a patch is defined as a single 8-connected component, unlike a real part which may be several","veg_p05_spatial_mean_over_years and veg_p05_temporal_mean are DIFFERENT METRICS and are never co-plotted, differenced or captioned with one word. Arm B uses the first, Arm A the second.",offset is against Arm A's zoned DISPLAY SMOOTHER on the temporal metric: not a residual and not a test. NA where the patch is outside the zoned water range.,"115-part: 52.697196 + 0.547274 x mean water; 64-paddock: 52.652934 + 0.547838 x mean water. Both APPLIED, neither refitted.","8-connected component within one vegetation community, outside every management zone","meets_support_rule = >=25 water years with >=30 valid cells; meets_500_cells = the PARTSCATTER floor used by Arm A; meets_bare_33_cells = v1's threshold, for contrast; size_matched = inside this community's real-part IQR",pixel,1988-2022 (35 water years),unzoned standard-grazing country,0.06235142839918241
U0617,Riverine Chenopod Shrublands,riverine,1,0.0623514283991824,32.11535,,2.857143,0,0,0,0,0,,,,,,,,,,,,1,"1 by construction: a patch is defined as a single 8-connected component, unlike a real part which may be several","veg_p05_spatial_mean_over_years and veg_p05_temporal_mean are DIFFERENT METRICS and are never co-plotted, differenced or captioned with one word. Arm B uses the first, Arm A the second.",offset is against Arm A's zoned DISPLAY SMOOTHER on the temporal metric: not a residual and not a test. NA where the patch is outside the zoned water range.,"115-part: 52.697196 + 0.547274 x mean water; 64-paddock: 52.652934 + 0.547838 x mean water. Both APPLIED, neither refitted.","8-connected component within one vegetation community, outside every management zone","meets_support_rule = >=25 water years with >=30 valid cells; meets_500_cells = the PARTSCATTER floor used by Arm A; meets_bare_33_cells = v1's threshold, for contrast; size_matched = inside this community's real-part IQR",pixel,1988-2022 (35 water years),unzoned standard-grazing country,0.06235142839918241
U0618,Riverine Chenopod Shrublands,riverine,1,0.0623514283991824,19.149998,,2.857143,0,0,0,0,0,,,,,,,,,,,,1,"1 by construction: a patch is defined as a single 8-connected component, unlike a real part which may be several","veg_p05_spatial_mean_over_years and veg_p05_temporal_mean are DIFFERENT METRICS and are never co-plotted, differenced or captioned with one word. Arm B uses the first, Arm A the second.",offset is against Arm A's zoned DISPLAY SMOOTHER on the temporal metric: not a residual and not a test. NA where the patch is outside the zoned water range.,"115-part: 52.697196 + 0.547274 x mean water; 64-paddock: 52.652934 + 0.547838 x mean water. Both APPLIED, neither refitted.","8-connected component within one vegetation community, outside every management zone","meets_support_rule = >=25 water years with >=30 valid cells; meets_500_cells = the PARTSCATTER floor used by Arm A; meets_bare_33_cells = v1's threshold, for contrast; size_matched = inside this community's real-part IQR",pixel,1988-2022 (35 water years),unzoned standard-grazing country,0.06235142839918241
U0619,Riverine Chenopod Shrublands,riverine,2,0.1247028567983648,24.105621,1.446063,0.0,0,0,0,0,0,,,,,,,,,,,,1,"1 by construction: a patch is defined as a single 8-connected component, unlike a real part which may be several","veg_p05_spatial_mean_over_years and veg_p05_temporal_mean are DIFFERENT METRICS and are never co-plotted, differenced or captioned with one word. Arm B uses the first, Arm A the second.",offset is against Arm A's zoned DISPLAY SMOOTHER on the temporal metric: not a residual and not a test. NA where the patch is outside the zoned water range.,"115-part: 52.697196 + 0.547274 x mean water; 64-paddock: 52.652934 + 0.547838 x mean water. Both APPLIED, neither refitted.","8-connected component within one vegetation community, outside every management zone","meets_support_rule = >=25 water years with >=30 valid cells; meets_500_cells = the PARTSCATTER floor used by Arm A; meets_bare_33_cells = v1's threshold, for contrast; size_matched = inside this community's real-part IQR",pixel,1988-2022 (35 water years),unzoned standard-grazing country,0.06235142839918241
U0620,Riverine Chenopod Shrublands,riverine,3,0.1870542851975472,30.12684,9.747238,2.8571427,0,0,0,0,0,,,,,,,,,,,,1,"1 by construction: a patch is defined as a single 8-connected component, unlike a real part which may be several","veg_p05_spatial_mean_over_years and veg_p05_temporal_mean are DIFFERENT METRICS and are never co-plotted, differenced or captioned with one word. Arm B uses the first, Arm A the second.",offset is against Arm A's zoned DISPLAY SMOOTHER on the temporal metric: not a residual and not a test. NA where the patch is outside the zoned water range.,"115-part: 52.697196 + 0.547274 x mean water; 64-paddock: 52.652934 + 0.547838 x mean water. Both APPLIED, neither refitted.","8-connected component within one vegetation community, outside every management zone","meets_support_rule = >=25 water years with >=30 valid cells; meets_500_cells = the PARTSCATTER floor used by Arm A; meets_bare_33_cells = v1's threshold, for contrast; size_matched = inside this community's real-part IQR",pixel,1988-2022 (35 water years),unzoned standard-grazing country,0.06235142839918241
U0621,Riverine Chenopod Shrublands,riverine,1,0.0623514283991824,25.959908,,2.857143,0,0,0,0,0,,,,,,,,,,,,1,"1 by construction: a patch is defined as a single 8-connected component, unlike a real part which may be several","veg_p05_spatial_mean_over_years and veg_p05_temporal_mean are DIFFERENT METRICS and are never co-plotted, differenced or captioned with one word. Arm B uses the first, Arm A the second.",offset is against Arm A's zoned DISPLAY SMOOTHER on the temporal metric: not a residual and not a test. NA where the patch is outside the zoned water range.,"115-part: 52.697196 + 0.547274 x mean water; 64-paddock: 52.652934 + 0.547838 x mean water. Both APPLIED, neither refitted.","8-connected component within one vegetation community, outside every management zone","meets_support_rule = >=25 water years with >=30 valid cells; meets_500_cells = the PARTSCATTER floor used by Arm A; meets_bare_33_cells = v1's threshold, for contrast; size_matched = inside this community's real-part IQR",pixel,1988-2022 (35 water years),unzoned standard-grazing country,0.06235142839918241
U0622,Riverine Chenopod Shrublands,riverine,1,0.0623514283991824,15.8849,,2.857143,0,0,0,0,0,,,,,,,,,,,,1,"1 by construction: a patch is defined as a single 8-connected component, unlike a real part which may be several","veg_p05_spatial_mean_over_years and veg_p05_temporal_mean are DIFFERENT METRICS and are never co-plotted, differenced or captioned with one word. Arm B uses the first, Arm A the second.",offset is against Arm A's zoned DISPLAY SMOOTHER on the temporal metric: not a residual and not a test. NA where the patch is outside the zoned water range.,"115-part: 52.697196 + 0.547274 x mean water; 64-paddock: 52.652934 + 0.547838 x mean water. Both APPLIED, neither refitted.","8-connected component within one vegetation community, outside every management zone","meets_support_rule = >=25 water years with >=30 valid cells; meets_500_cells = the PARTSCATTER floor used by Arm A; meets_bare_33_cells = v1's threshold, for contrast; size_matched = inside this community's real-part IQR",pixel,1988-2022 (35 water years),unzoned standard-grazing country,0.06235142839918241
U0623,Riverine Chenopod Shrublands,riverine,1,0.0623514283991824,43.692936,,17.142857,0,0,0,0,0,,,,,,,,,,,,1,"1 by construction: a patch is defined as a single 8-connected component, unlike a real part which may be several","veg_p05_spatial_mean_over_years and veg_p05_temporal_mean are DIFFERENT METRICS and are never co-plotted, differenced or captioned with one word. Arm B uses the first, Arm A the second.",offset is against Arm A's zoned DISPLAY SMOOTHER on the temporal metric: not a residual and not a test. NA where the patch is outside the zoned water range.,"115-part: 52.697196 + 0.547274 x mean water; 64-paddock: 52.652934 + 0.547838 x mean water. Both APPLIED, neither refitted.","8-connected component within one vegetation community, outside every management zone","meets_support_rule = >=25 water years with >=30 valid cells; meets_500_cells = the PARTSCATTER floor used by Arm A; meets_bare_33_cells = v1's threshold, for contrast; size_matched = inside this community's real-part IQR",pixel,1988-2022 (35 water years),unzoned standard-grazing country,0.06235142839918241
U0624,Riverine Chenopod Shrublands,riverine,1,0.0623514283991824,50.95223,,20.0,0,0,0,0,0,,,,,,,,,,,,1,"1 by construction: a patch is defined as a single 8-connected component, unlike a real part which may be several","veg_p05_spatial_mean_over_years and veg_p05_temporal_mean are DIFFERENT METRICS and are never co-plotted, differenced or captioned with one word. Arm B uses the first, Arm A the second.",offset is against Arm A's zoned DISPLAY SMOOTHER on the temporal metric: not a residual and not a test. NA where the patch is outside the zoned water range.,"115-part: 52.697196 + 0.547274 x mean water; 64-paddock: 52.652934 + 0.547838 x mean water. Both APPLIED, neither refitted.","8-connected component within one vegetation community, outside every management zone","meets_support_rule = >=25 water years with >=30 valid cells; meets_500_cells = the PARTSCATTER floor used by Arm A; meets_bare_33_cells = v1's threshold, for contrast; size_matched = inside this community's real-part IQR",pixel,1988-2022 (35 water years),unzoned standard-grazing country,0.06235142839918241
U0625,Riverine Chenopod Shrublands,riverine,1,0.0623514283991824,50.646397,,2.857143,0,0,0,0,0,,,,,,,,,,,,1,"1 by construction: a patch is defined as a single 8-connected component, unlike a real part which may be several","veg_p05_spatial_mean_over_years and veg_p05_temporal_mean are DIFFERENT METRICS and are never co-plotted, differenced or captioned with one word. Arm B uses the first, Arm A the second.",offset is against Arm A's zoned DISPLAY SMOOTHER on the temporal metric: not a residual and not a test. NA where the patch is outside the zoned water range.,"115-part: 52.697196 + 0.547274 x mean water; 64-paddock: 52.652934 + 0.547838 x mean water. Both APPLIED, neither refitted.","8-connected component within one vegetation community, outside every management zone","meets_support_rule = >=25 water years with >=30 valid cells; meets_500_cells = the PARTSCATTER floor used by Arm A; meets_bare_33_cells = v1's threshold, for contrast; size_matched = inside this community's real-part IQR",pixel,1988-2022 (35 water years),unzoned standard-grazing country,0.06235142839918241
