patch_ord,water_year,n_valid,veg_p05_spatial,wet_pixels,valid_pixels,inund_pct,patch_id,community,community_short,n_cells,area_ha
1.0,1988,36.0,75.54850769042969,0.0,36.0,0.0,U0001,Aeolian Chenopod Shrublands,aeolian,36,2.2447
1.0,1989,36.0,69.86310577392578,0.0,36.0,0.0,U0001,Aeolian Chenopod Shrublands,aeolian,36,2.2447
1.0,1990,36.0,70.19417762756348,0.0,36.0,0.0,U0001,Aeolian Chenopod Shrublands,aeolian,36,2.2447
1.0,1991,36.0,69.52713394165039,0.0,36.0,0.0,U0001,Aeolian Chenopod Shrublands,aeolian,36,2.2447
1.0,1992,36.0,74.05396270751953,1.0,36.0,2.7777777777777777,U0001,Aeolian Chenopod Shrublands,aeolian,36,2.2447
1.0,1993,36.0,72.24268341064453,0.0,36.0,0.0,U0001,Aeolian Chenopod Shrublands,aeolian,36,2.2447
1.0,1994,36.0,57.03891849517822,0.0,36.0,0.0,U0001,Aeolian Chenopod Shrublands,aeolian,36,2.2447
1.0,1995,36.0,73.55685806274414,0.0,36.0,0.0,U0001,Aeolian Chenopod Shrublands,aeolian,36,2.2447
1.0,1996,36.0,60.40888214111328,0.0,36.0,0.0,U0001,Aeolian Chenopod Shrublands,aeolian,36,2.2447
1.0,1997,36.0,55.348896980285645,0.0,36.0,0.0,U0001,Aeolian Chenopod Shrublands,aeolian,36,2.2447
1.0,1998,36.0,61.45015525817871,0.0,36.0,0.0,U0001,Aeolian Chenopod Shrublands,aeolian,36,2.2447
1.0,1999,36.0,73.4577407836914,0.0,36.0,0.0,U0001,Aeolian Chenopod Shrublands,aeolian,36,2.2447
1.0,2000,36.0,66.65019035339355,0.0,36.0,0.0,U0001,Aeolian Chenopod Shrublands,aeolian,36,2.2447
1.0,2001,36.0,69.35966491699219,0.0,36.0,0.0,U0001,Aeolian Chenopod Shrublands,aeolian,36,2.2447
1.0,2002,36.0,59.00566291809082,0.0,36.0,0.0,U0001,Aeolian Chenopod Shrublands,aeolian,36,2.2447
1.0,2003,36.0,69.23784446716309,0.0,36.0,0.0,U0001,Aeolian Chenopod Shrublands,aeolian,36,2.2447
1.0,2004,36.0,62.69632339477539,0.0,36.0,0.0,U0001,Aeolian Chenopod Shrublands,aeolian,36,2.2447
1.0,2005,36.0,71.12316131591797,0.0,36.0,0.0,U0001,Aeolian Chenopod Shrublands,aeolian,36,2.2447
1.0,2006,36.0,56.993364334106445,0.0,36.0,0.0,U0001,Aeolian Chenopod Shrublands,aeolian,36,2.2447
1.0,2007,36.0,54.53280448913574,0.0,36.0,0.0,U0001,Aeolian Chenopod Shrublands,aeolian,36,2.2447
1.0,2008,36.0,38.15112495422363,0.0,36.0,0.0,U0001,Aeolian Chenopod Shrublands,aeolian,36,2.2447
1.0,2009,36.0,70.48612594604492,3.0,36.0,8.333333333333334,U0001,Aeolian Chenopod Shrublands,aeolian,36,2.2447
1.0,2010,36.0,83.08127403259277,2.0,36.0,5.555555555555555,U0001,Aeolian Chenopod Shrublands,aeolian,36,2.2447
1.0,2011,36.0,81.70255470275879,0.0,36.0,0.0,U0001,Aeolian Chenopod Shrublands,aeolian,36,2.2447
1.0,2012,36.0,78.91744995117188,0.0,36.0,0.0,U0001,Aeolian Chenopod Shrublands,aeolian,36,2.2447
1.0,2013,36.0,75.3636703491211,0.0,36.0,0.0,U0001,Aeolian Chenopod Shrublands,aeolian,36,2.2447
1.0,2014,36.0,70.86409568786621,0.0,36.0,0.0,U0001,Aeolian Chenopod Shrublands,aeolian,36,2.2447
1.0,2015,36.0,74.35049629211426,0.0,36.0,0.0,U0001,Aeolian Chenopod Shrublands,aeolian,36,2.2447
1.0,2016,36.0,89.79413032531738,8.0,36.0,22.22222222222222,U0001,Aeolian Chenopod Shrublands,aeolian,36,2.2447
1.0,2017,36.0,82.10778045654297,0.0,36.0,0.0,U0001,Aeolian Chenopod Shrublands,aeolian,36,2.2447
1.0,2018,36.0,70.3895206451416,1.0,36.0,2.7777777777777777,U0001,Aeolian Chenopod Shrublands,aeolian,36,2.2447
1.0,2019,36.0,71.82759857177734,0.0,36.0,0.0,U0001,Aeolian Chenopod Shrublands,aeolian,36,2.2447
1.0,2020,36.0,75.13102722167969,1.0,36.0,2.7777777777777777,U0001,Aeolian Chenopod Shrublands,aeolian,36,2.2447
1.0,2021,36.0,80.10956192016602,0.0,36.0,0.0,U0001,Aeolian Chenopod Shrublands,aeolian,36,2.2447
1.0,2022,36.0,87.70320129394531,34.0,36.0,94.44444444444444,U0001,Aeolian Chenopod Shrublands,aeolian,36,2.2447
8.0,1988,46.0,70.06475830078125,0.0,46.0,0.0,U0008,Aeolian Chenopod Shrublands,aeolian,46,2.8682
8.0,1989,46.0,70.72943305969238,1.0,46.0,2.1739130434782608,U0008,Aeolian Chenopod Shrublands,aeolian,46,2.8682
8.0,1990,46.0,76.66989707946777,0.0,46.0,0.0,U0008,Aeolian Chenopod Shrublands,aeolian,46,2.8682
8.0,1991,46.0,55.63294506072998,0.0,46.0,0.0,U0008,Aeolian Chenopod Shrublands,aeolian,46,2.8682
8.0,1992,46.0,71.10955429077148,0.0,46.0,0.0,U0008,Aeolian Chenopod Shrublands,aeolian,46,2.8682
8.0,1993,46.0,61.127665519714355,1.0,46.0,2.1739130434782608,U0008,Aeolian Chenopod Shrublands,aeolian,46,2.8682
8.0,1994,46.0,54.60521125793457,0.0,46.0,0.0,U0008,Aeolian Chenopod Shrublands,aeolian,46,2.8682
8.0,1995,46.0,70.3320541381836,0.0,46.0,0.0,U0008,Aeolian Chenopod Shrublands,aeolian,46,2.8682
8.0,1996,46.0,53.44059181213379,0.0,46.0,0.0,U0008,Aeolian Chenopod Shrublands,aeolian,46,2.8682
8.0,1997,46.0,44.72365856170654,0.0,46.0,0.0,U0008,Aeolian Chenopod Shrublands,aeolian,46,2.8682
8.0,1998,46.0,55.65964889526367,0.0,46.0,0.0,U0008,Aeolian Chenopod Shrublands,aeolian,46,2.8682
8.0,1999,46.0,72.6548023223877,0.0,46.0,0.0,U0008,Aeolian Chenopod Shrublands,aeolian,46,2.8682
8.0,2000,46.0,56.11185646057129,1.0,46.0,2.1739130434782608,U0008,Aeolian Chenopod Shrublands,aeolian,46,2.8682
8.0,2001,46.0,69.82416343688965,0.0,46.0,0.0,U0008,Aeolian Chenopod Shrublands,aeolian,46,2.8682
8.0,2002,46.0,53.0586576461792,1.0,46.0,2.1739130434782608,U0008,Aeolian Chenopod Shrublands,aeolian,46,2.8682
8.0,2003,46.0,62.75288963317871,0.0,46.0,0.0,U0008,Aeolian Chenopod Shrublands,aeolian,46,2.8682
8.0,2004,46.0,61.19437789916992,0.0,46.0,0.0,U0008,Aeolian Chenopod Shrublands,aeolian,46,2.8682
8.0,2005,46.0,64.65658760070801,0.0,46.0,0.0,U0008,Aeolian Chenopod Shrublands,aeolian,46,2.8682
8.0,2006,46.0,45.431321144104004,0.0,46.0,0.0,U0008,Aeolian Chenopod Shrublands,aeolian,46,2.8682
8.0,2007,46.0,49.15587329864502,0.0,46.0,0.0,U0008,Aeolian Chenopod Shrublands,aeolian,46,2.8682
8.0,2008,46.0,24.25166893005371,0.0,46.0,0.0,U0008,Aeolian Chenopod Shrublands,aeolian,46,2.8682
8.0,2009,46.0,62.82351016998291,0.0,46.0,0.0,U0008,Aeolian Chenopod Shrublands,aeolian,46,2.8682
8.0,2010,46.0,80.48593521118164,9.0,46.0,19.565217391304348,U0008,Aeolian Chenopod Shrublands,aeolian,46,2.8682
8.0,2011,46.0,80.00327110290527,10.0,46.0,21.73913043478261,U0008,Aeolian Chenopod Shrublands,aeolian,46,2.8682
8.0,2012,46.0,74.2270336151123,0.0,46.0,0.0,U0008,Aeolian Chenopod Shrublands,aeolian,46,2.8682
8.0,2013,46.0,71.73255920410156,0.0,46.0,0.0,U0008,Aeolian Chenopod Shrublands,aeolian,46,2.8682
8.0,2014,46.0,64.89456939697266,0.0,46.0,0.0,U0008,Aeolian Chenopod Shrublands,aeolian,46,2.8682
8.0,2015,46.0,64.47947883605957,0.0,46.0,0.0,U0008,Aeolian Chenopod Shrublands,aeolian,46,2.8682
8.0,2016,46.0,84.7998161315918,6.0,46.0,13.043478260869565,U0008,Aeolian Chenopod Shrublands,aeolian,46,2.8682
8.0,2017,46.0,76.4924259185791,0.0,46.0,0.0,U0008,Aeolian Chenopod Shrublands,aeolian,46,2.8682
8.0,2018,46.0,58.147271156311035,0.0,46.0,0.0,U0008,Aeolian Chenopod Shrublands,aeolian,46,2.8682
8.0,2019,46.0,70.69193649291992,0.0,46.0,0.0,U0008,Aeolian Chenopod Shrublands,aeolian,46,2.8682
8.0,2020,46.0,68.56945991516113,0.0,46.0,0.0,U0008,Aeolian Chenopod Shrublands,aeolian,46,2.8682
8.0,2021,46.0,72.76996421813965,0.0,46.0,0.0,U0008,Aeolian Chenopod Shrublands,aeolian,46,2.8682
8.0,2022,46.0,81.966552734375,16.0,46.0,34.78260869565217,U0008,Aeolian Chenopod Shrublands,aeolian,46,2.8682
19.0,1988,75.0,70.84314651489258,20.0,75.0,26.666666666666668,U0019,Aeolian Chenopod Shrublands,aeolian,75,4.6764
19.0,1989,75.0,84.04638137817383,0.0,75.0,0.0,U0019,Aeolian Chenopod Shrublands,aeolian,75,4.6764
19.0,1990,75.0,79.06445083618163,0.0,75.0,0.0,U0019,Aeolian Chenopod Shrublands,aeolian,75,4.6764
19.0,1991,75.0,77.16186752319337,47.0,75.0,62.666666666666664,U0019,Aeolian Chenopod Shrublands,aeolian,75,4.6764
19.0,1992,75.0,67.05967178344727,0.0,75.0,0.0,U0019,Aeolian Chenopod Shrublands,aeolian,75,4.6764
19.0,1993,75.0,74.03245544433594,10.0,75.0,13.333333333333334,U0019,Aeolian Chenopod Shrublands,aeolian,75,4.6764
19.0,1994,75.0,62.8811393737793,0.0,75.0,0.0,U0019,Aeolian Chenopod Shrublands,aeolian,75,4.6764
19.0,1995,75.0,77.942333984375,0.0,75.0,0.0,U0019,Aeolian Chenopod Shrublands,aeolian,75,4.6764
19.0,1996,75.0,56.36083068847656,28.0,75.0,37.333333333333336,U0019,Aeolian Chenopod Shrublands,aeolian,75,4.6764
19.0,1997,75.0,61.486371994018555,0.0,75.0,0.0,U0019,Aeolian Chenopod Shrublands,aeolian,75,4.6764
19.0,1998,75.0,60.841722869873045,0.0,75.0,0.0,U0019,Aeolian Chenopod Shrublands,aeolian,75,4.6764
19.0,1999,75.0,70.74856491088867,0.0,75.0,0.0,U0019,Aeolian Chenopod Shrublands,aeolian,75,4.6764
19.0,2000,75.0,69.7445053100586,0.0,75.0,0.0,U0019,Aeolian Chenopod Shrublands,aeolian,75,4.6764
19.0,2001,75.0,75.96536788940429,0.0,75.0,0.0,U0019,Aeolian Chenopod Shrublands,aeolian,75,4.6764
19.0,2002,75.0,57.15960464477539,0.0,75.0,0.0,U0019,Aeolian Chenopod Shrublands,aeolian,75,4.6764
19.0,2003,75.0,71.77535018920898,0.0,75.0,0.0,U0019,Aeolian Chenopod Shrublands,aeolian,75,4.6764
19.0,2004,75.0,63.021973037719725,0.0,75.0,0.0,U0019,Aeolian Chenopod Shrublands,aeolian,75,4.6764
19.0,2005,75.0,68.43469619750977,0.0,75.0,0.0,U0019,Aeolian Chenopod Shrublands,aeolian,75,4.6764
19.0,2006,75.0,55.908058166503906,0.0,75.0,0.0,U0019,Aeolian Chenopod Shrublands,aeolian,75,4.6764
19.0,2007,75.0,49.321163177490234,0.0,75.0,0.0,U0019,Aeolian Chenopod Shrublands,aeolian,75,4.6764
19.0,2008,75.0,31.449032402038576,0.0,75.0,0.0,U0019,Aeolian Chenopod Shrublands,aeolian,75,4.6764
19.0,2009,75.0,57.45786018371582,0.0,75.0,0.0,U0019,Aeolian Chenopod Shrublands,aeolian,75,4.6764
19.0,2010,75.0,82.1974266052246,0.0,75.0,0.0,U0019,Aeolian Chenopod Shrublands,aeolian,75,4.6764
19.0,2011,75.0,88.00788879394531,0.0,75.0,0.0,U0019,Aeolian Chenopod Shrublands,aeolian,75,4.6764
19.0,2012,75.0,77.42236557006837,0.0,75.0,0.0,U0019,Aeolian Chenopod Shrublands,aeolian,75,4.6764
19.0,2013,75.0,75.4650749206543,0.0,75.0,0.0,U0019,Aeolian Chenopod Shrublands,aeolian,75,4.6764
19.0,2014,75.0,65.9843849182129,0.0,75.0,0.0,U0019,Aeolian Chenopod Shrublands,aeolian,75,4.6764
19.0,2015,75.0,66.84178314208984,0.0,75.0,0.0,U0019,Aeolian Chenopod Shrublands,aeolian,75,4.6764
19.0,2016,75.0,83.41797561645508,0.0,75.0,0.0,U0019,Aeolian Chenopod Shrublands,aeolian,75,4.6764
19.0,2017,75.0,81.51712036132812,0.0,75.0,0.0,U0019,Aeolian Chenopod Shrublands,aeolian,75,4.6764
19.0,2018,75.0,60.21591072082519,0.0,75.0,0.0,U0019,Aeolian Chenopod Shrublands,aeolian,75,4.6764
19.0,2019,75.0,62.38687400817871,0.0,75.0,0.0,U0019,Aeolian Chenopod Shrublands,aeolian,75,4.6764
19.0,2020,75.0,67.9710304260254,1.0,75.0,1.3333333333333333,U0019,Aeolian Chenopod Shrublands,aeolian,75,4.6764
19.0,2021,75.0,69.02900772094726,0.0,75.0,0.0,U0019,Aeolian Chenopod Shrublands,aeolian,75,4.6764
19.0,2022,75.0,80.6426383972168,75.0,75.0,100.0,U0019,Aeolian Chenopod Shrublands,aeolian,75,4.6764
21.0,1988,7966.0,74.8939266204834,4738.0,7966.0,59.4777805674115,U0021,Aeolian Chenopod Shrublands,aeolian,7966,496.6915
21.0,1989,7966.0,85.19573402404785,190.0,7966.0,2.3851368315340196,U0021,Aeolian Chenopod Shrublands,aeolian,7966,496.6915
21.0,1990,7966.0,88.43255233764648,1165.0,7966.0,14.624654782827015,U0021,Aeolian Chenopod Shrublands,aeolian,7966,496.6915
21.0,1991,7966.0,75.26143074035645,417.0,7966.0,5.234747677629927,U0021,Aeolian Chenopod Shrublands,aeolian,7966,496.6915
21.0,1992,7966.0,71.10441780090332,2366.0,7966.0,29.701230228471,U0021,Aeolian Chenopod Shrublands,aeolian,7966,496.6915
21.0,1993,7966.0,69.72641181945801,30.0,7966.0,0.3766005523474768,U0021,Aeolian Chenopod Shrublands,aeolian,7966,496.6915
21.0,1994,7966.0,58.57927417755127,0.0,7966.0,0.0,U0021,Aeolian Chenopod Shrublands,aeolian,7966,496.6915
21.0,1995,7966.0,71.30864334106445,35.0,7966.0,0.43936731107205623,U0021,Aeolian Chenopod Shrublands,aeolian,7966,496.6915
21.0,1996,7966.0,65.22726058959961,1754.0,7966.0,22.018578960582474,U0021,Aeolian Chenopod Shrublands,aeolian,7966,496.6915
21.0,1997,7966.0,44.37218952178955,17.0,7966.0,0.21340697966357017,U0021,Aeolian Chenopod Shrublands,aeolian,7966,496.6915
21.0,1998,7966.0,44.62356376647949,5242.0,7966.0,65.80466984684911,U0021,Aeolian Chenopod Shrublands,aeolian,7966,496.6915
21.0,1999,7966.0,68.13939666748047,27.0,7966.0,0.3389404971127291,U0021,Aeolian Chenopod Shrublands,aeolian,7966,496.6915
21.0,2000,7966.0,66.64636039733887,3113.0,7966.0,39.078583981923174,U0021,Aeolian Chenopod Shrublands,aeolian,7966,496.6915
21.0,2001,7966.0,60.780179023742676,3.0,7966.0,0.03766005523474768,U0021,Aeolian Chenopod Shrublands,aeolian,7966,496.6915
21.0,2002,7966.0,48.26420307159424,1270.0,7966.0,15.942756716043183,U0021,Aeolian Chenopod Shrublands,aeolian,7966,496.6915
21.0,2003,7966.0,51.21531867980957,2.0,7966.0,0.025106703489831784,U0021,Aeolian Chenopod Shrublands,aeolian,7966,496.6915
21.0,2004,7966.0,57.968504905700684,37.0,7966.0,0.464474014561888,U0021,Aeolian Chenopod Shrublands,aeolian,7966,496.6915
21.0,2005,7966.0,63.26699256896973,171.0,7966.0,2.1466231483806175,U0021,Aeolian Chenopod Shrublands,aeolian,7966,496.6915
21.0,2006,7966.0,46.02283191680908,0.0,7966.0,0.0,U0021,Aeolian Chenopod Shrublands,aeolian,7966,496.6915
21.0,2007,7966.0,45.22687339782715,105.0,7966.0,1.3181019332161688,U0021,Aeolian Chenopod Shrublands,aeolian,7966,496.6915
21.0,2008,7966.0,21.292813301086426,112.0,7966.0,1.40597539543058,U0021,Aeolian Chenopod Shrublands,aeolian,7966,496.6915
21.0,2009,7966.0,55.47037315368652,354.0,7966.0,4.443886517700226,U0021,Aeolian Chenopod Shrublands,aeolian,7966,496.6915
21.0,2010,7966.0,78.73554229736328,6806.0,7966.0,85.43811197589757,U0021,Aeolian Chenopod Shrublands,aeolian,7966,496.6915
21.0,2011,7966.0,80.5400619506836,655.0,7966.0,8.22244539291991,U0021,Aeolian Chenopod Shrublands,aeolian,7966,496.6915
21.0,2012,7966.0,73.86530685424805,3606.0,7966.0,45.267386392166706,U0021,Aeolian Chenopod Shrublands,aeolian,7966,496.6915
21.0,2013,7966.0,70.04873085021973,376.0,7966.0,4.7200602560883755,U0021,Aeolian Chenopod Shrublands,aeolian,7966,496.6915
21.0,2014,7966.0,44.83945846557617,360.0,7966.0,4.519206628169721,U0021,Aeolian Chenopod Shrublands,aeolian,7966,496.6915
21.0,2015,7966.0,56.14129161834717,60.0,7966.0,0.7532011046949536,U0021,Aeolian Chenopod Shrublands,aeolian,7966,496.6915
21.0,2016,7966.0,84.9300365447998,423.0,7966.0,5.310067788099422,U0021,Aeolian Chenopod Shrublands,aeolian,7966,496.6915
21.0,2017,7966.0,81.55238914489746,25.0,7966.0,0.3138337936228973,U0021,Aeolian Chenopod Shrublands,aeolian,7966,496.6915
21.0,2018,7966.0,61.779666900634766,123.0,7966.0,1.5440622646246547,U0021,Aeolian Chenopod Shrublands,aeolian,7966,496.6915
21.0,2019,7966.0,55.957679748535156,12.0,7966.0,0.1506402209389907,U0021,Aeolian Chenopod Shrublands,aeolian,7966,496.6915
21.0,2020,7966.0,48.20126724243164,0.0,7966.0,0.0,U0021,Aeolian Chenopod Shrublands,aeolian,7966,496.6915
21.0,2021,7966.0,60.12752628326416,3038.0,7966.0,38.13708260105448,U0021,Aeolian Chenopod Shrublands,aeolian,7966,496.6915
21.0,2022,7966.0,72.91825103759766,7252.0,7966.0,91.03690685413005,U0021,Aeolian Chenopod Shrublands,aeolian,7966,496.6915
23.0,1988,97.0,45.64211654663086,0.0,97.0,0.0,U0023,Aeolian Chenopod Shrublands,aeolian,97,6.0481
23.0,1989,97.0,53.28116989135742,0.0,97.0,0.0,U0023,Aeolian Chenopod Shrublands,aeolian,97,6.0481
23.0,1990,97.0,34.265454864501955,0.0,97.0,0.0,U0023,Aeolian Chenopod Shrublands,aeolian,97,6.0481
23.0,1991,97.0,26.235977172851562,0.0,97.0,0.0,U0023,Aeolian Chenopod Shrublands,aeolian,97,6.0481
23.0,1992,97.0,40.14322128295898,0.0,97.0,0.0,U0023,Aeolian Chenopod Shrublands,aeolian,97,6.0481
23.0,1993,97.0,28.889663696289062,0.0,97.0,0.0,U0023,Aeolian Chenopod Shrublands,aeolian,97,6.0481
23.0,1994,97.0,33.354129028320315,0.0,97.0,0.0,U0023,Aeolian Chenopod Shrublands,aeolian,97,6.0481
23.0,1995,97.0,41.06976470947266,0.0,97.0,0.0,U0023,Aeolian Chenopod Shrublands,aeolian,97,6.0481
23.0,1996,97.0,28.262344360351562,0.0,97.0,0.0,U0023,Aeolian Chenopod Shrublands,aeolian,97,6.0481
23.0,1997,97.0,34.7561393737793,0.0,97.0,0.0,U0023,Aeolian Chenopod Shrublands,aeolian,97,6.0481
23.0,1998,97.0,26.566591262817383,0.0,97.0,0.0,U0023,Aeolian Chenopod Shrublands,aeolian,97,6.0481
23.0,1999,97.0,45.352490997314455,0.0,97.0,0.0,U0023,Aeolian Chenopod Shrublands,aeolian,97,6.0481
23.0,2000,97.0,32.28228416442871,0.0,97.0,0.0,U0023,Aeolian Chenopod Shrublands,aeolian,97,6.0481
23.0,2001,97.0,42.94970703125,0.0,97.0,0.0,U0023,Aeolian Chenopod Shrublands,aeolian,97,6.0481
23.0,2002,97.0,29.185638427734375,0.0,97.0,0.0,U0023,Aeolian Chenopod Shrublands,aeolian,97,6.0481
23.0,2003,97.0,38.01838760375977,0.0,97.0,0.0,U0023,Aeolian Chenopod Shrublands,aeolian,97,6.0481
23.0,2004,97.0,35.46190872192383,0.0,97.0,0.0,U0023,Aeolian Chenopod Shrublands,aeolian,97,6.0481
23.0,2005,97.0,48.047583770751956,1.0,97.0,1.0309278350515463,U0023,Aeolian Chenopod Shrublands,aeolian,97,6.0481
23.0,2006,97.0,42.70631637573242,0.0,97.0,0.0,U0023,Aeolian Chenopod Shrublands,aeolian,97,6.0481
23.0,2007,97.0,39.68463668823242,0.0,97.0,0.0,U0023,Aeolian Chenopod Shrublands,aeolian,97,6.0481
23.0,2008,97.0,24.567407608032227,0.0,97.0,0.0,U0023,Aeolian Chenopod Shrublands,aeolian,97,6.0481
23.0,2009,97.0,43.26482238769531,0.0,97.0,0.0,U0023,Aeolian Chenopod Shrublands,aeolian,97,6.0481
23.0,2010,97.0,56.34381637573242,0.0,97.0,0.0,U0023,Aeolian Chenopod Shrublands,aeolian,97,6.0481
23.0,2011,97.0,51.41276321411133,0.0,97.0,0.0,U0023,Aeolian Chenopod Shrublands,aeolian,97,6.0481
23.0,2012,97.0,44.68225479125977,0.0,97.0,0.0,U0023,Aeolian Chenopod Shrublands,aeolian,97,6.0481
23.0,2013,97.0,60.79239501953125,0.0,97.0,0.0,U0023,Aeolian Chenopod Shrublands,aeolian,97,6.0481
23.0,2014,97.0,49.18610534667969,0.0,97.0,0.0,U0023,Aeolian Chenopod Shrublands,aeolian,97,6.0481
23.0,2015,97.0,57.26984634399414,0.0,97.0,0.0,U0023,Aeolian Chenopod Shrublands,aeolian,97,6.0481
23.0,2016,97.0,74.89161529541016,6.0,97.0,6.185567010309279,U0023,Aeolian Chenopod Shrublands,aeolian,97,6.0481
23.0,2017,97.0,74.57553405761719,0.0,97.0,0.0,U0023,Aeolian Chenopod Shrublands,aeolian,97,6.0481
23.0,2018,97.0,56.03822555541992,0.0,97.0,0.0,U0023,Aeolian Chenopod Shrublands,aeolian,97,6.0481
23.0,2019,97.0,53.069384002685545,0.0,97.0,0.0,U0023,Aeolian Chenopod Shrublands,aeolian,97,6.0481
23.0,2020,97.0,59.22666244506836,0.0,97.0,0.0,U0023,Aeolian Chenopod Shrublands,aeolian,97,6.0481
23.0,2021,97.0,71.5031723022461,0.0,97.0,0.0,U0023,Aeolian Chenopod Shrublands,aeolian,97,6.0481
23.0,2022,97.0,75.58289031982422,4.0,97.0,4.123711340206185,U0023,Aeolian Chenopod Shrublands,aeolian,97,6.0481
25.0,1988,3679.0,83.24275741577148,419.0,3679.0,11.38896439249796,U0025,Aeolian Chenopod Shrublands,aeolian,3679,229.3909
25.0,1989,3679.0,81.29434509277344,485.0,3679.0,13.182930144060887,U0025,Aeolian Chenopod Shrublands,aeolian,3679,229.3909
25.0,1990,3679.0,89.6109619140625,281.0,3679.0,7.637945093775483,U0025,Aeolian Chenopod Shrublands,aeolian,3679,229.3909
25.0,1991,3679.0,71.67978286743164,0.0,3679.0,0.0,U0025,Aeolian Chenopod Shrublands,aeolian,3679,229.3909
25.0,1992,3679.0,70.69760665893554,68.0,3679.0,1.8483283500951346,U0025,Aeolian Chenopod Shrublands,aeolian,3679,229.3909
25.0,1993,3679.0,73.9622817993164,46.0,3679.0,1.2503397662408262,U0025,Aeolian Chenopod Shrublands,aeolian,3679,229.3909
25.0,1994,3679.0,46.56242408752441,0.0,3679.0,0.0,U0025,Aeolian Chenopod Shrublands,aeolian,3679,229.3909
25.0,1995,3679.0,71.14940032958984,36.0,3679.0,0.9785267735797771,U0025,Aeolian Chenopod Shrublands,aeolian,3679,229.3909
25.0,1996,3679.0,78.7421043395996,1057.0,3679.0,28.7306333242729,U0025,Aeolian Chenopod Shrublands,aeolian,3679,229.3909
25.0,1997,3679.0,50.05825996398926,0.0,3679.0,0.0,U0025,Aeolian Chenopod Shrublands,aeolian,3679,229.3909
25.0,1998,3679.0,38.12505989074707,57.0,3679.0,1.5493340581679804,U0025,Aeolian Chenopod Shrublands,aeolian,3679,229.3909
25.0,1999,3679.0,58.7789005279541,6.0,3679.0,0.16308779559662953,U0025,Aeolian Chenopod Shrublands,aeolian,3679,229.3909
25.0,2000,3679.0,62.247863388061525,2716.0,3679.0,73.82440880674096,U0025,Aeolian Chenopod Shrublands,aeolian,3679,229.3909
25.0,2001,3679.0,63.48153800964356,0.0,3679.0,0.0,U0025,Aeolian Chenopod Shrublands,aeolian,3679,229.3909
25.0,2002,3679.0,35.19777946472168,357.0,3679.0,9.703723837999457,U0025,Aeolian Chenopod Shrublands,aeolian,3679,229.3909
25.0,2003,3679.0,55.86310081481933,0.0,3679.0,0.0,U0025,Aeolian Chenopod Shrublands,aeolian,3679,229.3909
25.0,2004,3679.0,46.11871604919433,5.0,3679.0,0.1359064963305246,U0025,Aeolian Chenopod Shrublands,aeolian,3679,229.3909
25.0,2005,3679.0,59.499524688720705,74.0,3679.0,2.011416145691764,U0025,Aeolian Chenopod Shrublands,aeolian,3679,229.3909
25.0,2006,3679.0,32.995157623291014,0.0,3679.0,0.0,U0025,Aeolian Chenopod Shrublands,aeolian,3679,229.3909
25.0,2007,3679.0,38.82159996032715,47.0,3679.0,1.2775210655069313,U0025,Aeolian Chenopod Shrublands,aeolian,3679,229.3909
25.0,2008,3679.0,15.32513723373413,70.0,3679.0,1.9026909486273444,U0025,Aeolian Chenopod Shrublands,aeolian,3679,229.3909
25.0,2009,3679.0,48.27842140197754,140.0,3679.0,3.805381897254689,U0025,Aeolian Chenopod Shrublands,aeolian,3679,229.3909
25.0,2010,3679.0,67.10992584228515,3464.0,3679.0,94.15602065778744,U0025,Aeolian Chenopod Shrublands,aeolian,3679,229.3909
25.0,2011,3679.0,68.57359771728515,620.0,3679.0,16.85240554498505,U0025,Aeolian Chenopod Shrublands,aeolian,3679,229.3909
25.0,2012,3679.0,67.46478271484375,1562.0,3679.0,42.457189453655886,U0025,Aeolian Chenopod Shrublands,aeolian,3679,229.3909
25.0,2013,3679.0,57.038818359375,266.0,3679.0,7.230225604783909,U0025,Aeolian Chenopod Shrublands,aeolian,3679,229.3909
25.0,2014,3679.0,33.123383331298825,253.0,3679.0,6.876868714324544,U0025,Aeolian Chenopod Shrublands,aeolian,3679,229.3909
25.0,2015,3679.0,55.84920806884766,85.0,3679.0,2.310410437618918,U0025,Aeolian Chenopod Shrublands,aeolian,3679,229.3909
25.0,2016,3679.0,80.89215469360352,302.0,3679.0,8.208752378363686,U0025,Aeolian Chenopod Shrublands,aeolian,3679,229.3909
25.0,2017,3679.0,80.28332061767578,25.0,3679.0,0.679532481652623,U0025,Aeolian Chenopod Shrublands,aeolian,3679,229.3909
25.0,2018,3679.0,57.65122528076172,88.0,3679.0,2.391954335417233,U0025,Aeolian Chenopod Shrublands,aeolian,3679,229.3909
25.0,2019,3679.0,56.80871047973633,1.0,3679.0,0.02718129926610492,U0025,Aeolian Chenopod Shrublands,aeolian,3679,229.3909
25.0,2020,3679.0,55.63059616088867,30.0,3679.0,0.8154389779831476,U0025,Aeolian Chenopod Shrublands,aeolian,3679,229.3909
25.0,2021,3679.0,63.42917022705078,1412.0,3679.0,38.37999456374015,U0025,Aeolian Chenopod Shrublands,aeolian,3679,229.3909
25.0,2022,3679.0,76.13061828613282,3447.0,3679.0,93.69393857026365,U0025,Aeolian Chenopod Shrublands,aeolian,3679,229.3909
26.0,1988,30.0,92.80794982910156,26.0,30.0,86.66666666666667,U0026,Aeolian Chenopod Shrublands,aeolian,30,1.8705
26.0,1989,30.0,90.06058959960937,28.0,30.0,93.33333333333333,U0026,Aeolian Chenopod Shrublands,aeolian,30,1.8705
26.0,1990,30.0,92.52274551391602,30.0,30.0,100.0,U0026,Aeolian Chenopod Shrublands,aeolian,30,1.8705
26.0,1991,30.0,89.40026969909668,0.0,30.0,0.0,U0026,Aeolian Chenopod Shrublands,aeolian,30,1.8705
26.0,1992,30.0,92.99517860412598,30.0,30.0,100.0,U0026,Aeolian Chenopod Shrublands,aeolian,30,1.8705
26.0,1993,30.0,93.8614543914795,0.0,30.0,0.0,U0026,Aeolian Chenopod Shrublands,aeolian,30,1.8705
26.0,1994,30.0,87.88173942565918,0.0,30.0,0.0,U0026,Aeolian Chenopod Shrublands,aeolian,30,1.8705
26.0,1995,30.0,93.02678871154785,30.0,30.0,100.0,U0026,Aeolian Chenopod Shrublands,aeolian,30,1.8705
26.0,1996,30.0,89.05198974609375,26.0,30.0,86.66666666666667,U0026,Aeolian Chenopod Shrublands,aeolian,30,1.8705
26.0,1997,30.0,91.45207824707032,0.0,30.0,0.0,U0026,Aeolian Chenopod Shrublands,aeolian,30,1.8705
26.0,1998,30.0,86.84926986694336,30.0,30.0,100.0,U0026,Aeolian Chenopod Shrublands,aeolian,30,1.8705
26.0,1999,30.0,90.89934272766114,0.0,30.0,0.0,U0026,Aeolian Chenopod Shrublands,aeolian,30,1.8705
26.0,2000,30.0,91.49270286560059,0.0,30.0,0.0,U0026,Aeolian Chenopod Shrublands,aeolian,30,1.8705
26.0,2001,30.0,84.06128730773926,0.0,30.0,0.0,U0026,Aeolian Chenopod Shrublands,aeolian,30,1.8705
26.0,2002,30.0,80.17226486206054,0.0,30.0,0.0,U0026,Aeolian Chenopod Shrublands,aeolian,30,1.8705
26.0,2003,30.0,76.98554306030273,0.0,30.0,0.0,U0026,Aeolian Chenopod Shrublands,aeolian,30,1.8705
26.0,2004,30.0,76.32458534240723,0.0,30.0,0.0,U0026,Aeolian Chenopod Shrublands,aeolian,30,1.8705
26.0,2005,30.0,78.29045791625977,22.0,30.0,73.33333333333333,U0026,Aeolian Chenopod Shrublands,aeolian,30,1.8705
26.0,2006,30.0,76.41933746337891,0.0,30.0,0.0,U0026,Aeolian Chenopod Shrublands,aeolian,30,1.8705
26.0,2007,30.0,76.40874786376953,0.0,30.0,0.0,U0026,Aeolian Chenopod Shrublands,aeolian,30,1.8705
26.0,2008,30.0,71.68602714538574,3.0,30.0,10.0,U0026,Aeolian Chenopod Shrublands,aeolian,30,1.8705
26.0,2009,30.0,73.56097793579102,0.0,30.0,0.0,U0026,Aeolian Chenopod Shrublands,aeolian,30,1.8705
26.0,2010,30.0,77.56301689147949,0.0,30.0,0.0,U0026,Aeolian Chenopod Shrublands,aeolian,30,1.8705
26.0,2011,30.0,79.4929573059082,20.0,30.0,66.66666666666667,U0026,Aeolian Chenopod Shrublands,aeolian,30,1.8705
26.0,2012,30.0,69.17857971191407,28.0,30.0,93.33333333333333,U0026,Aeolian Chenopod Shrublands,aeolian,30,1.8705
26.0,2013,30.0,76.33328018188476,26.0,30.0,86.66666666666667,U0026,Aeolian Chenopod Shrublands,aeolian,30,1.8705
26.0,2014,30.0,78.8777473449707,26.0,30.0,86.66666666666667,U0026,Aeolian Chenopod Shrublands,aeolian,30,1.8705
26.0,2015,30.0,81.56762237548828,0.0,30.0,0.0,U0026,Aeolian Chenopod Shrublands,aeolian,30,1.8705
26.0,2016,30.0,79.93911552429199,30.0,30.0,100.0,U0026,Aeolian Chenopod Shrublands,aeolian,30,1.8705
26.0,2017,30.0,83.72650337219238,0.0,30.0,0.0,U0026,Aeolian Chenopod Shrublands,aeolian,30,1.8705
26.0,2018,30.0,78.60736694335938,0.0,30.0,0.0,U0026,Aeolian Chenopod Shrublands,aeolian,30,1.8705
26.0,2019,30.0,76.55008583068847,0.0,30.0,0.0,U0026,Aeolian Chenopod Shrublands,aeolian,30,1.8705
26.0,2020,30.0,79.6898094177246,27.0,30.0,90.0,U0026,Aeolian Chenopod Shrublands,aeolian,30,1.8705
26.0,2021,30.0,79.0356834411621,27.0,30.0,90.0,U0026,Aeolian Chenopod Shrublands,aeolian,30,1.8705
26.0,2022,30.0,84.54709129333496,30.0,30.0,100.0,U0026,Aeolian Chenopod Shrublands,aeolian,30,1.8705
27.0,1988,37.0,86.15312194824219,1.0,37.0,2.7027027027027026,U0027,Aeolian Chenopod Shrublands,aeolian,37,2.307
27.0,1989,37.0,91.3070785522461,11.0,37.0,29.72972972972973,U0027,Aeolian Chenopod Shrublands,aeolian,37,2.307
27.0,1990,37.0,90.7122787475586,9.0,37.0,24.324324324324323,U0027,Aeolian Chenopod Shrublands,aeolian,37,2.307
27.0,1991,37.0,79.61596069335937,3.0,37.0,8.108108108108109,U0027,Aeolian Chenopod Shrublands,aeolian,37,2.307
27.0,1992,37.0,86.85557861328125,13.0,37.0,35.13513513513514,U0027,Aeolian Chenopod Shrublands,aeolian,37,2.307
27.0,1993,37.0,83.31482391357422,0.0,37.0,0.0,U0027,Aeolian Chenopod Shrublands,aeolian,37,2.307
27.0,1994,37.0,67.18655395507812,0.0,37.0,0.0,U0027,Aeolian Chenopod Shrublands,aeolian,37,2.307
27.0,1995,37.0,73.03128051757812,3.0,37.0,8.108108108108109,U0027,Aeolian Chenopod Shrublands,aeolian,37,2.307
27.0,1996,37.0,63.70664825439453,7.0,37.0,18.91891891891892,U0027,Aeolian Chenopod Shrublands,aeolian,37,2.307
27.0,1997,37.0,67.50704498291016,0.0,37.0,0.0,U0027,Aeolian Chenopod Shrublands,aeolian,37,2.307
27.0,1998,37.0,67.4687728881836,11.0,37.0,29.72972972972973,U0027,Aeolian Chenopod Shrublands,aeolian,37,2.307
27.0,1999,37.0,83.98091583251953,0.0,37.0,0.0,U0027,Aeolian Chenopod Shrublands,aeolian,37,2.307
27.0,2000,37.0,79.41587371826172,0.0,37.0,0.0,U0027,Aeolian Chenopod Shrublands,aeolian,37,2.307
27.0,2001,37.0,83.309814453125,0.0,37.0,0.0,U0027,Aeolian Chenopod Shrublands,aeolian,37,2.307
27.0,2002,37.0,65.59061279296876,0.0,37.0,0.0,U0027,Aeolian Chenopod Shrublands,aeolian,37,2.307
27.0,2003,37.0,77.68874664306641,0.0,37.0,0.0,U0027,Aeolian Chenopod Shrublands,aeolian,37,2.307
27.0,2004,37.0,72.55779113769532,0.0,37.0,0.0,U0027,Aeolian Chenopod Shrublands,aeolian,37,2.307
27.0,2005,37.0,79.76594390869141,4.0,37.0,10.81081081081081,U0027,Aeolian Chenopod Shrublands,aeolian,37,2.307
27.0,2006,37.0,71.48712463378907,0.0,37.0,0.0,U0027,Aeolian Chenopod Shrublands,aeolian,37,2.307
27.0,2007,37.0,65.25867919921875,0.0,37.0,0.0,U0027,Aeolian Chenopod Shrublands,aeolian,37,2.307
27.0,2008,37.0,36.650865936279295,0.0,37.0,0.0,U0027,Aeolian Chenopod Shrublands,aeolian,37,2.307
27.0,2009,37.0,66.88754730224609,0.0,37.0,0.0,U0027,Aeolian Chenopod Shrublands,aeolian,37,2.307
27.0,2010,37.0,76.82795867919921,0.0,37.0,0.0,U0027,Aeolian Chenopod Shrublands,aeolian,37,2.307
27.0,2011,37.0,75.26063995361328,21.0,37.0,56.75675675675676,U0027,Aeolian Chenopod Shrublands,aeolian,37,2.307
27.0,2012,37.0,76.42975158691407,4.0,37.0,10.81081081081081,U0027,Aeolian Chenopod Shrublands,aeolian,37,2.307
27.0,2013,37.0,78.2516357421875,3.0,37.0,8.108108108108109,U0027,Aeolian Chenopod Shrublands,aeolian,37,2.307
27.0,2014,37.0,67.66033935546875,9.0,37.0,24.324324324324323,U0027,Aeolian Chenopod Shrublands,aeolian,37,2.307
27.0,2015,37.0,70.61670837402343,0.0,37.0,0.0,U0027,Aeolian Chenopod Shrublands,aeolian,37,2.307
27.0,2016,37.0,84.7060791015625,37.0,37.0,100.0,U0027,Aeolian Chenopod Shrublands,aeolian,37,2.307
27.0,2017,37.0,82.3154083251953,0.0,37.0,0.0,U0027,Aeolian Chenopod Shrublands,aeolian,37,2.307
27.0,2018,37.0,70.61084594726563,0.0,37.0,0.0,U0027,Aeolian Chenopod Shrublands,aeolian,37,2.307
27.0,2019,37.0,72.80858001708984,0.0,37.0,0.0,U0027,Aeolian Chenopod Shrublands,aeolian,37,2.307
27.0,2020,37.0,77.45384826660157,4.0,37.0,10.81081081081081,U0027,Aeolian Chenopod Shrublands,aeolian,37,2.307
27.0,2021,37.0,77.66739044189453,4.0,37.0,10.81081081081081,U0027,Aeolian Chenopod Shrublands,aeolian,37,2.307
27.0,2022,37.0,85.81065216064454,26.0,37.0,70.27027027027027,U0027,Aeolian Chenopod Shrublands,aeolian,37,2.307
28.0,1988,215.0,75.89217529296874,58.0,215.0,26.976744186046513,U0028,Aeolian Chenopod Shrublands,aeolian,215,13.4056
28.0,1989,215.0,81.96744842529297,11.0,215.0,5.116279069767442,U0028,Aeolian Chenopod Shrublands,aeolian,215,13.4056
28.0,1990,215.0,74.66820831298828,45.0,215.0,20.930232558139537,U0028,Aeolian Chenopod Shrublands,aeolian,215,13.4056
28.0,1991,215.0,66.27004470825196,31.0,215.0,14.418604651162791,U0028,Aeolian Chenopod Shrublands,aeolian,215,13.4056
28.0,1992,215.0,70.57526092529297,14.0,215.0,6.511627906976744,U0028,Aeolian Chenopod Shrublands,aeolian,215,13.4056
28.0,1993,215.0,68.27157440185547,5.0,215.0,2.3255813953488373,U0028,Aeolian Chenopod Shrublands,aeolian,215,13.4056
28.0,1994,215.0,65.47676315307618,13.0,215.0,6.046511627906977,U0028,Aeolian Chenopod Shrublands,aeolian,215,13.4056
28.0,1995,215.0,67.09158020019531,4.0,215.0,1.8604651162790697,U0028,Aeolian Chenopod Shrublands,aeolian,215,13.4056
28.0,1996,215.0,65.77137145996095,2.0,215.0,0.9302325581395349,U0028,Aeolian Chenopod Shrublands,aeolian,215,13.4056
28.0,1997,215.0,63.423671340942384,1.0,215.0,0.46511627906976744,U0028,Aeolian Chenopod Shrublands,aeolian,215,13.4056
28.0,1998,215.0,57.41072120666504,12.0,215.0,5.5813953488372094,U0028,Aeolian Chenopod Shrublands,aeolian,215,13.4056
28.0,1999,215.0,61.8319709777832,9.0,215.0,4.186046511627907,U0028,Aeolian Chenopod Shrublands,aeolian,215,13.4056
28.0,2000,215.0,67.48234405517579,12.0,215.0,5.5813953488372094,U0028,Aeolian Chenopod Shrublands,aeolian,215,13.4056
28.0,2001,215.0,65.82996292114258,1.0,215.0,0.46511627906976744,U0028,Aeolian Chenopod Shrublands,aeolian,215,13.4056
28.0,2002,215.0,59.732021713256835,14.0,215.0,6.511627906976744,U0028,Aeolian Chenopod Shrublands,aeolian,215,13.4056
28.0,2003,215.0,63.26147193908692,2.0,215.0,0.9302325581395349,U0028,Aeolian Chenopod Shrublands,aeolian,215,13.4056
28.0,2004,215.0,61.5063533782959,10.0,215.0,4.651162790697675,U0028,Aeolian Chenopod Shrublands,aeolian,215,13.4056
28.0,2005,215.0,68.17947921752929,83.0,215.0,38.604651162790695,U0028,Aeolian Chenopod Shrublands,aeolian,215,13.4056
28.0,2006,215.0,62.56413688659668,5.0,215.0,2.3255813953488373,U0028,Aeolian Chenopod Shrublands,aeolian,215,13.4056
28.0,2007,215.0,67.99933624267578,2.0,215.0,0.9302325581395349,U0028,Aeolian Chenopod Shrublands,aeolian,215,13.4056
28.0,2008,215.0,58.100344848632815,8.0,215.0,3.7209302325581395,U0028,Aeolian Chenopod Shrublands,aeolian,215,13.4056
28.0,2009,215.0,57.980401611328126,26.0,215.0,12.093023255813954,U0028,Aeolian Chenopod Shrublands,aeolian,215,13.4056
28.0,2010,215.0,69.3624137878418,21.0,215.0,9.767441860465116,U0028,Aeolian Chenopod Shrublands,aeolian,215,13.4056
28.0,2011,215.0,68.36223373413085,8.0,215.0,3.7209302325581395,U0028,Aeolian Chenopod Shrublands,aeolian,215,13.4056
28.0,2012,215.0,73.04271011352539,4.0,215.0,1.8604651162790697,U0028,Aeolian Chenopod Shrublands,aeolian,215,13.4056
28.0,2013,215.0,68.03667373657227,22.0,215.0,10.232558139534884,U0028,Aeolian Chenopod Shrublands,aeolian,215,13.4056
28.0,2014,215.0,69.26232223510742,8.0,215.0,3.7209302325581395,U0028,Aeolian Chenopod Shrublands,aeolian,215,13.4056
28.0,2015,215.0,72.36858291625977,0.0,215.0,0.0,U0028,Aeolian Chenopod Shrublands,aeolian,215,13.4056
28.0,2016,215.0,80.72426147460938,0.0,215.0,0.0,U0028,Aeolian Chenopod Shrublands,aeolian,215,13.4056
28.0,2017,215.0,75.48466644287109,0.0,215.0,0.0,U0028,Aeolian Chenopod Shrublands,aeolian,215,13.4056
28.0,2018,215.0,66.85908813476563,1.0,215.0,0.46511627906976744,U0028,Aeolian Chenopod Shrublands,aeolian,215,13.4056
28.0,2019,215.0,63.124070739746095,2.0,215.0,0.9302325581395349,U0028,Aeolian Chenopod Shrublands,aeolian,215,13.4056
28.0,2020,215.0,70.45318832397462,5.0,215.0,2.3255813953488373,U0028,Aeolian Chenopod Shrublands,aeolian,215,13.4056
28.0,2021,215.0,72.13947982788086,5.0,215.0,2.3255813953488373,U0028,Aeolian Chenopod Shrublands,aeolian,215,13.4056
28.0,2022,215.0,75.03695678710938,215.0,215.0,100.0,U0028,Aeolian Chenopod Shrublands,aeolian,215,13.4056
31.0,1988,112.0,83.56087455749511,1.0,112.0,0.8928571428571429,U0031,Aeolian Chenopod Shrublands,aeolian,112,6.9834
31.0,1989,112.0,86.35022811889648,0.0,112.0,0.0,U0031,Aeolian Chenopod Shrublands,aeolian,112,6.9834
31.0,1990,112.0,85.99785919189453,11.0,112.0,9.821428571428571,U0031,Aeolian Chenopod Shrublands,aeolian,112,6.9834
31.0,1991,112.0,77.97027549743652,0.0,112.0,0.0,U0031,Aeolian Chenopod Shrublands,aeolian,112,6.9834
31.0,1992,112.0,76.74873657226563,1.0,112.0,0.8928571428571429,U0031,Aeolian Chenopod Shrublands,aeolian,112,6.9834
31.0,1993,112.0,76.69798202514649,0.0,112.0,0.0,U0031,Aeolian Chenopod Shrublands,aeolian,112,6.9834
31.0,1994,112.0,68.2978271484375,0.0,112.0,0.0,U0031,Aeolian Chenopod Shrublands,aeolian,112,6.9834
31.0,1995,112.0,71.48268394470215,0.0,112.0,0.0,U0031,Aeolian Chenopod Shrublands,aeolian,112,6.9834
31.0,1996,112.0,77.34003944396973,0.0,112.0,0.0,U0031,Aeolian Chenopod Shrublands,aeolian,112,6.9834
31.0,1997,112.0,65.46459007263184,0.0,112.0,0.0,U0031,Aeolian Chenopod Shrublands,aeolian,112,6.9834
31.0,1998,112.0,62.837075805664064,1.0,112.0,0.8928571428571429,U0031,Aeolian Chenopod Shrublands,aeolian,112,6.9834
31.0,1999,112.0,74.39755706787109,0.0,112.0,0.0,U0031,Aeolian Chenopod Shrublands,aeolian,112,6.9834
31.0,2000,112.0,76.51478500366211,12.0,112.0,10.714285714285714,U0031,Aeolian Chenopod Shrublands,aeolian,112,6.9834
31.0,2001,112.0,79.99092521667481,0.0,112.0,0.0,U0031,Aeolian Chenopod Shrublands,aeolian,112,6.9834
31.0,2002,112.0,65.26435470581055,4.0,112.0,3.5714285714285716,U0031,Aeolian Chenopod Shrublands,aeolian,112,6.9834
31.0,2003,112.0,79.54903373718261,0.0,112.0,0.0,U0031,Aeolian Chenopod Shrublands,aeolian,112,6.9834
31.0,2004,112.0,70.89244728088379,2.0,112.0,1.7857142857142858,U0031,Aeolian Chenopod Shrublands,aeolian,112,6.9834
31.0,2005,112.0,77.1068546295166,3.0,112.0,2.6785714285714284,U0031,Aeolian Chenopod Shrublands,aeolian,112,6.9834
31.0,2006,112.0,67.21107444763184,0.0,112.0,0.0,U0031,Aeolian Chenopod Shrublands,aeolian,112,6.9834
31.0,2007,112.0,72.84028778076171,0.0,112.0,0.0,U0031,Aeolian Chenopod Shrublands,aeolian,112,6.9834
31.0,2008,112.0,53.35286178588867,0.0,112.0,0.0,U0031,Aeolian Chenopod Shrublands,aeolian,112,6.9834
31.0,2009,112.0,62.61732082366943,0.0,112.0,0.0,U0031,Aeolian Chenopod Shrublands,aeolian,112,6.9834
31.0,2010,112.0,81.14204559326171,2.0,112.0,1.7857142857142858,U0031,Aeolian Chenopod Shrublands,aeolian,112,6.9834
31.0,2011,112.0,85.57395706176757,0.0,112.0,0.0,U0031,Aeolian Chenopod Shrublands,aeolian,112,6.9834
31.0,2012,112.0,79.87787246704102,0.0,112.0,0.0,U0031,Aeolian Chenopod Shrublands,aeolian,112,6.9834
31.0,2013,112.0,71.15636291503907,0.0,112.0,0.0,U0031,Aeolian Chenopod Shrublands,aeolian,112,6.9834
31.0,2014,112.0,69.2457893371582,0.0,112.0,0.0,U0031,Aeolian Chenopod Shrublands,aeolian,112,6.9834
31.0,2015,112.0,68.97655563354492,0.0,112.0,0.0,U0031,Aeolian Chenopod Shrublands,aeolian,112,6.9834
31.0,2016,112.0,81.21142768859863,51.0,112.0,45.535714285714285,U0031,Aeolian Chenopod Shrublands,aeolian,112,6.9834
31.0,2017,112.0,80.55546493530274,0.0,112.0,0.0,U0031,Aeolian Chenopod Shrublands,aeolian,112,6.9834
31.0,2018,112.0,70.1414348602295,0.0,112.0,0.0,U0031,Aeolian Chenopod Shrublands,aeolian,112,6.9834
31.0,2019,112.0,62.05592079162598,0.0,112.0,0.0,U0031,Aeolian Chenopod Shrublands,aeolian,112,6.9834
31.0,2020,112.0,71.09290199279785,0.0,112.0,0.0,U0031,Aeolian Chenopod Shrublands,aeolian,112,6.9834
31.0,2021,112.0,72.94623527526855,4.0,112.0,3.5714285714285716,U0031,Aeolian Chenopod Shrublands,aeolian,112,6.9834
31.0,2022,112.0,78.82161560058594,112.0,112.0,100.0,U0031,Aeolian Chenopod Shrublands,aeolian,112,6.9834
32.0,1988,199.0,68.5213493347168,7.0,199.0,3.5175879396984926,U0032,Aeolian Chenopod Shrublands,aeolian,199,12.4079
32.0,1989,199.0,77.11846313476562,15.0,199.0,7.5376884422110555,U0032,Aeolian Chenopod Shrublands,aeolian,199,12.4079
32.0,1990,199.0,66.626611328125,6.0,199.0,3.0150753768844223,U0032,Aeolian Chenopod Shrublands,aeolian,199,12.4079
32.0,1991,199.0,59.76160926818848,4.0,199.0,2.0100502512562812,U0032,Aeolian Chenopod Shrublands,aeolian,199,12.4079
32.0,1992,199.0,71.54510192871093,7.0,199.0,3.5175879396984926,U0032,Aeolian Chenopod Shrublands,aeolian,199,12.4079
32.0,1993,199.0,60.94954376220703,0.0,199.0,0.0,U0032,Aeolian Chenopod Shrublands,aeolian,199,12.4079
32.0,1994,199.0,44.03216896057129,0.0,199.0,0.0,U0032,Aeolian Chenopod Shrublands,aeolian,199,12.4079
32.0,1995,199.0,62.94603042602539,0.0,199.0,0.0,U0032,Aeolian Chenopod Shrublands,aeolian,199,12.4079
32.0,1996,199.0,36.54428939819336,3.0,199.0,1.5075376884422111,U0032,Aeolian Chenopod Shrublands,aeolian,199,12.4079
32.0,1997,199.0,58.97024993896484,0.0,199.0,0.0,U0032,Aeolian Chenopod Shrublands,aeolian,199,12.4079
32.0,1998,199.0,54.82919578552246,13.0,199.0,6.532663316582915,U0032,Aeolian Chenopod Shrublands,aeolian,199,12.4079
32.0,1999,199.0,63.653784561157224,6.0,199.0,3.0150753768844223,U0032,Aeolian Chenopod Shrublands,aeolian,199,12.4079
32.0,2000,199.0,58.28025779724121,4.0,199.0,2.0100502512562812,U0032,Aeolian Chenopod Shrublands,aeolian,199,12.4079
32.0,2001,199.0,62.794234085083005,7.0,199.0,3.5175879396984926,U0032,Aeolian Chenopod Shrublands,aeolian,199,12.4079
32.0,2002,199.0,56.64182815551758,17.0,199.0,8.542713567839195,U0032,Aeolian Chenopod Shrublands,aeolian,199,12.4079
32.0,2003,199.0,63.9306095123291,0.0,199.0,0.0,U0032,Aeolian Chenopod Shrublands,aeolian,199,12.4079
32.0,2004,199.0,66.6967384338379,1.0,199.0,0.5025125628140703,U0032,Aeolian Chenopod Shrublands,aeolian,199,12.4079
32.0,2005,199.0,72.79428100585938,9.0,199.0,4.522613065326633,U0032,Aeolian Chenopod Shrublands,aeolian,199,12.4079
32.0,2006,199.0,63.698889541625974,1.0,199.0,0.5025125628140703,U0032,Aeolian Chenopod Shrublands,aeolian,199,12.4079
32.0,2007,199.0,66.17011871337891,0.0,199.0,0.0,U0032,Aeolian Chenopod Shrublands,aeolian,199,12.4079
32.0,2008,199.0,47.54037437438965,10.0,199.0,5.025125628140704,U0032,Aeolian Chenopod Shrublands,aeolian,199,12.4079
32.0,2009,199.0,54.4510009765625,13.0,199.0,6.532663316582915,U0032,Aeolian Chenopod Shrublands,aeolian,199,12.4079
32.0,2010,199.0,69.96238174438477,5.0,199.0,2.512562814070352,U0032,Aeolian Chenopod Shrublands,aeolian,199,12.4079
32.0,2011,199.0,70.88304824829102,7.0,199.0,3.5175879396984926,U0032,Aeolian Chenopod Shrublands,aeolian,199,12.4079
32.0,2012,199.0,68.28914184570313,4.0,199.0,2.0100502512562812,U0032,Aeolian Chenopod Shrublands,aeolian,199,12.4079
32.0,2013,199.0,67.71627502441406,7.0,199.0,3.5175879396984926,U0032,Aeolian Chenopod Shrublands,aeolian,199,12.4079
32.0,2014,199.0,64.04688148498535,4.0,199.0,2.0100502512562812,U0032,Aeolian Chenopod Shrublands,aeolian,199,12.4079
32.0,2015,199.0,67.5370376586914,0.0,199.0,0.0,U0032,Aeolian Chenopod Shrublands,aeolian,199,12.4079
32.0,2016,199.0,76.1626693725586,0.0,199.0,0.0,U0032,Aeolian Chenopod Shrublands,aeolian,199,12.4079
32.0,2017,199.0,71.02419891357422,0.0,199.0,0.0,U0032,Aeolian Chenopod Shrublands,aeolian,199,12.4079
32.0,2018,199.0,53.7737922668457,0.0,199.0,0.0,U0032,Aeolian Chenopod Shrublands,aeolian,199,12.4079
32.0,2019,199.0,51.0965690612793,1.0,199.0,0.5025125628140703,U0032,Aeolian Chenopod Shrublands,aeolian,199,12.4079
32.0,2020,199.0,59.36317138671875,3.0,199.0,1.5075376884422111,U0032,Aeolian Chenopod Shrublands,aeolian,199,12.4079
32.0,2021,199.0,68.84076309204102,1.0,199.0,0.5025125628140703,U0032,Aeolian Chenopod Shrublands,aeolian,199,12.4079
32.0,2022,199.0,78.28489379882812,139.0,199.0,69.84924623115577,U0032,Aeolian Chenopod Shrublands,aeolian,199,12.4079
33.0,1988,95.0,71.87627029418945,0.0,95.0,0.0,U0033,Aeolian Chenopod Shrublands,aeolian,95,5.9234
33.0,1989,95.0,78.73443832397462,0.0,95.0,0.0,U0033,Aeolian Chenopod Shrublands,aeolian,95,5.9234
33.0,1990,95.0,73.40096817016601,0.0,95.0,0.0,U0033,Aeolian Chenopod Shrublands,aeolian,95,5.9234
33.0,1991,95.0,67.16643600463867,0.0,95.0,0.0,U0033,Aeolian Chenopod Shrublands,aeolian,95,5.9234
33.0,1992,95.0,66.4374282836914,0.0,95.0,0.0,U0033,Aeolian Chenopod Shrublands,aeolian,95,5.9234
33.0,1993,95.0,67.43315734863282,0.0,95.0,0.0,U0033,Aeolian Chenopod Shrublands,aeolian,95,5.9234
33.0,1994,95.0,30.5079195022583,0.0,95.0,0.0,U0033,Aeolian Chenopod Shrublands,aeolian,95,5.9234
33.0,1995,95.0,53.77663726806641,0.0,95.0,0.0,U0033,Aeolian Chenopod Shrublands,aeolian,95,5.9234
33.0,1996,95.0,40.252220153808594,0.0,95.0,0.0,U0033,Aeolian Chenopod Shrublands,aeolian,95,5.9234
33.0,1997,95.0,59.35601806640625,0.0,95.0,0.0,U0033,Aeolian Chenopod Shrublands,aeolian,95,5.9234
33.0,1998,95.0,51.454290771484374,0.0,95.0,0.0,U0033,Aeolian Chenopod Shrublands,aeolian,95,5.9234
33.0,1999,95.0,66.32486038208008,0.0,95.0,0.0,U0033,Aeolian Chenopod Shrublands,aeolian,95,5.9234
33.0,2000,95.0,66.63330993652343,0.0,95.0,0.0,U0033,Aeolian Chenopod Shrublands,aeolian,95,5.9234
33.0,2001,95.0,68.89642791748047,0.0,95.0,0.0,U0033,Aeolian Chenopod Shrublands,aeolian,95,5.9234
33.0,2002,95.0,49.58951950073242,0.0,95.0,0.0,U0033,Aeolian Chenopod Shrublands,aeolian,95,5.9234
33.0,2003,95.0,69.45019607543945,0.0,95.0,0.0,U0033,Aeolian Chenopod Shrublands,aeolian,95,5.9234
33.0,2004,95.0,64.77432556152344,0.0,95.0,0.0,U0033,Aeolian Chenopod Shrublands,aeolian,95,5.9234
33.0,2005,95.0,69.19600448608398,0.0,95.0,0.0,U0033,Aeolian Chenopod Shrublands,aeolian,95,5.9234
33.0,2006,95.0,55.193918991088864,0.0,95.0,0.0,U0033,Aeolian Chenopod Shrublands,aeolian,95,5.9234
33.0,2007,95.0,55.75172729492188,0.0,95.0,0.0,U0033,Aeolian Chenopod Shrublands,aeolian,95,5.9234
33.0,2008,95.0,42.05661964416504,0.0,95.0,0.0,U0033,Aeolian Chenopod Shrublands,aeolian,95,5.9234
33.0,2009,95.0,59.39817810058594,0.0,95.0,0.0,U0033,Aeolian Chenopod Shrublands,aeolian,95,5.9234
33.0,2010,95.0,75.5232666015625,10.0,95.0,10.526315789473685,U0033,Aeolian Chenopod Shrublands,aeolian,95,5.9234
33.0,2011,95.0,78.0626335144043,0.0,95.0,0.0,U0033,Aeolian Chenopod Shrublands,aeolian,95,5.9234
33.0,2012,95.0,72.42770538330078,0.0,95.0,0.0,U0033,Aeolian Chenopod Shrublands,aeolian,95,5.9234
33.0,2013,95.0,71.07781524658203,0.0,95.0,0.0,U0033,Aeolian Chenopod Shrublands,aeolian,95,5.9234
33.0,2014,95.0,62.90202865600586,0.0,95.0,0.0,U0033,Aeolian Chenopod Shrublands,aeolian,95,5.9234
33.0,2015,95.0,69.95702896118163,0.0,95.0,0.0,U0033,Aeolian Chenopod Shrublands,aeolian,95,5.9234
33.0,2016,95.0,82.58609008789062,0.0,95.0,0.0,U0033,Aeolian Chenopod Shrublands,aeolian,95,5.9234
33.0,2017,95.0,77.68164672851563,0.0,95.0,0.0,U0033,Aeolian Chenopod Shrublands,aeolian,95,5.9234
33.0,2018,95.0,55.393376159667966,0.0,95.0,0.0,U0033,Aeolian Chenopod Shrublands,aeolian,95,5.9234
33.0,2019,95.0,56.626597213745114,0.0,95.0,0.0,U0033,Aeolian Chenopod Shrublands,aeolian,95,5.9234
33.0,2020,95.0,66.31180343627929,1.0,95.0,1.0526315789473684,U0033,Aeolian Chenopod Shrublands,aeolian,95,5.9234
33.0,2021,95.0,68.49889297485352,0.0,95.0,0.0,U0033,Aeolian Chenopod Shrublands,aeolian,95,5.9234
33.0,2022,95.0,82.42698287963867,52.0,95.0,54.73684210526316,U0033,Aeolian Chenopod Shrublands,aeolian,95,5.9234
34.0,1988,42.0,71.18593521118164,0.0,42.0,0.0,U0034,Aeolian Chenopod Shrublands,aeolian,42,2.6188
34.0,1989,42.0,72.56392478942871,0.0,42.0,0.0,U0034,Aeolian Chenopod Shrublands,aeolian,42,2.6188
34.0,1990,42.0,48.14881896972656,0.0,42.0,0.0,U0034,Aeolian Chenopod Shrublands,aeolian,42,2.6188
34.0,1991,42.0,53.5781551361084,0.0,42.0,0.0,U0034,Aeolian Chenopod Shrublands,aeolian,42,2.6188
34.0,1992,42.0,76.68655662536621,0.0,42.0,0.0,U0034,Aeolian Chenopod Shrublands,aeolian,42,2.6188
34.0,1993,42.0,55.892482948303225,0.0,42.0,0.0,U0034,Aeolian Chenopod Shrublands,aeolian,42,2.6188
34.0,1994,42.0,37.93602676391602,0.0,42.0,0.0,U0034,Aeolian Chenopod Shrublands,aeolian,42,2.6188
34.0,1995,42.0,60.0950044631958,0.0,42.0,0.0,U0034,Aeolian Chenopod Shrublands,aeolian,42,2.6188
34.0,1996,42.0,42.89964485168457,0.0,42.0,0.0,U0034,Aeolian Chenopod Shrublands,aeolian,42,2.6188
34.0,1997,42.0,55.70997352600098,0.0,42.0,0.0,U0034,Aeolian Chenopod Shrublands,aeolian,42,2.6188
34.0,1998,42.0,43.5124813079834,0.0,42.0,0.0,U0034,Aeolian Chenopod Shrublands,aeolian,42,2.6188
34.0,1999,42.0,61.594654655456544,0.0,42.0,0.0,U0034,Aeolian Chenopod Shrublands,aeolian,42,2.6188
34.0,2000,42.0,46.712589263916016,0.0,42.0,0.0,U0034,Aeolian Chenopod Shrublands,aeolian,42,2.6188
34.0,2001,42.0,51.370287132263186,0.0,42.0,0.0,U0034,Aeolian Chenopod Shrublands,aeolian,42,2.6188
34.0,2002,42.0,41.31181526184082,0.0,42.0,0.0,U0034,Aeolian Chenopod Shrublands,aeolian,42,2.6188
34.0,2003,42.0,41.191558074951175,0.0,42.0,0.0,U0034,Aeolian Chenopod Shrublands,aeolian,42,2.6188
34.0,2004,42.0,45.214799308776854,0.0,42.0,0.0,U0034,Aeolian Chenopod Shrublands,aeolian,42,2.6188
34.0,2005,42.0,54.43489990234375,0.0,42.0,0.0,U0034,Aeolian Chenopod Shrublands,aeolian,42,2.6188
34.0,2006,42.0,45.29871139526367,0.0,42.0,0.0,U0034,Aeolian Chenopod Shrublands,aeolian,42,2.6188
34.0,2007,42.0,46.51777458190918,0.0,42.0,0.0,U0034,Aeolian Chenopod Shrublands,aeolian,42,2.6188
34.0,2008,42.0,34.07654075622558,0.0,42.0,0.0,U0034,Aeolian Chenopod Shrublands,aeolian,42,2.6188
34.0,2009,42.0,48.49514999389648,0.0,42.0,0.0,U0034,Aeolian Chenopod Shrublands,aeolian,42,2.6188
34.0,2010,42.0,65.4090747833252,0.0,42.0,0.0,U0034,Aeolian Chenopod Shrublands,aeolian,42,2.6188
34.0,2011,42.0,73.73525199890136,0.0,42.0,0.0,U0034,Aeolian Chenopod Shrublands,aeolian,42,2.6188
34.0,2012,42.0,59.301277542114256,0.0,42.0,0.0,U0034,Aeolian Chenopod Shrublands,aeolian,42,2.6188
34.0,2013,42.0,55.1775562286377,0.0,42.0,0.0,U0034,Aeolian Chenopod Shrublands,aeolian,42,2.6188
34.0,2014,42.0,48.119042778015135,0.0,42.0,0.0,U0034,Aeolian Chenopod Shrublands,aeolian,42,2.6188
34.0,2015,42.0,65.619482421875,0.0,42.0,0.0,U0034,Aeolian Chenopod Shrublands,aeolian,42,2.6188
34.0,2016,42.0,81.77767524719238,0.0,42.0,0.0,U0034,Aeolian Chenopod Shrublands,aeolian,42,2.6188
34.0,2017,42.0,78.62132911682129,0.0,42.0,0.0,U0034,Aeolian Chenopod Shrublands,aeolian,42,2.6188
34.0,2018,42.0,55.68236045837402,0.0,42.0,0.0,U0034,Aeolian Chenopod Shrublands,aeolian,42,2.6188
34.0,2019,42.0,51.76655788421631,0.0,42.0,0.0,U0034,Aeolian Chenopod Shrublands,aeolian,42,2.6188
34.0,2020,42.0,64.02474632263184,0.0,42.0,0.0,U0034,Aeolian Chenopod Shrublands,aeolian,42,2.6188
34.0,2021,42.0,69.44641494750977,0.0,42.0,0.0,U0034,Aeolian Chenopod Shrublands,aeolian,42,2.6188
34.0,2022,42.0,81.94326782226562,7.0,42.0,16.666666666666668,U0034,Aeolian Chenopod Shrublands,aeolian,42,2.6188
36.0,1988,134.0,62.13992691040039,0.0,134.0,0.0,U0036,Aeolian Chenopod Shrublands,aeolian,134,8.3551
36.0,1989,134.0,70.12016410827637,0.0,134.0,0.0,U0036,Aeolian Chenopod Shrublands,aeolian,134,8.3551
36.0,1990,134.0,70.502396774292,0.0,134.0,0.0,U0036,Aeolian Chenopod Shrublands,aeolian,134,8.3551
36.0,1991,134.0,50.428157806396484,0.0,134.0,0.0,U0036,Aeolian Chenopod Shrublands,aeolian,134,8.3551
36.0,1992,134.0,55.57318458557129,13.0,134.0,9.701492537313433,U0036,Aeolian Chenopod Shrublands,aeolian,134,8.3551
36.0,1993,134.0,46.99652290344238,1.0,134.0,0.746268656716418,U0036,Aeolian Chenopod Shrublands,aeolian,134,8.3551
36.0,1994,134.0,33.111995697021484,0.0,134.0,0.0,U0036,Aeolian Chenopod Shrublands,aeolian,134,8.3551
36.0,1995,134.0,37.446387100219724,0.0,134.0,0.0,U0036,Aeolian Chenopod Shrublands,aeolian,134,8.3551
36.0,1996,134.0,37.11217975616455,0.0,134.0,0.0,U0036,Aeolian Chenopod Shrublands,aeolian,134,8.3551
36.0,1997,134.0,35.97505836486816,0.0,134.0,0.0,U0036,Aeolian Chenopod Shrublands,aeolian,134,8.3551
36.0,1998,134.0,29.129363822937012,2.0,134.0,1.492537313432836,U0036,Aeolian Chenopod Shrublands,aeolian,134,8.3551
36.0,1999,134.0,38.89559497833252,2.0,134.0,1.492537313432836,U0036,Aeolian Chenopod Shrublands,aeolian,134,8.3551
36.0,2000,134.0,39.02908802032471,6.0,134.0,4.477611940298507,U0036,Aeolian Chenopod Shrublands,aeolian,134,8.3551
36.0,2001,134.0,41.344855880737306,0.0,134.0,0.0,U0036,Aeolian Chenopod Shrublands,aeolian,134,8.3551
36.0,2002,134.0,32.551911163330075,1.0,134.0,0.746268656716418,U0036,Aeolian Chenopod Shrublands,aeolian,134,8.3551
36.0,2003,134.0,35.811981201171875,0.0,134.0,0.0,U0036,Aeolian Chenopod Shrublands,aeolian,134,8.3551
36.0,2004,134.0,34.441943359375,4.0,134.0,2.985074626865672,U0036,Aeolian Chenopod Shrublands,aeolian,134,8.3551
36.0,2005,134.0,39.37106189727783,4.0,134.0,2.985074626865672,U0036,Aeolian Chenopod Shrublands,aeolian,134,8.3551
36.0,2006,134.0,29.513288593292238,0.0,134.0,0.0,U0036,Aeolian Chenopod Shrublands,aeolian,134,8.3551
36.0,2007,134.0,33.75877418518066,0.0,134.0,0.0,U0036,Aeolian Chenopod Shrublands,aeolian,134,8.3551
36.0,2008,134.0,21.74637899398804,0.0,134.0,0.0,U0036,Aeolian Chenopod Shrublands,aeolian,134,8.3551
36.0,2009,134.0,29.260596084594727,12.0,134.0,8.955223880597014,U0036,Aeolian Chenopod Shrublands,aeolian,134,8.3551
36.0,2010,134.0,46.519880294799805,46.0,134.0,34.32835820895522,U0036,Aeolian Chenopod Shrublands,aeolian,134,8.3551
36.0,2011,134.0,48.377159881591794,14.0,134.0,10.447761194029852,U0036,Aeolian Chenopod Shrublands,aeolian,134,8.3551
36.0,2012,134.0,52.09526615142822,7.0,134.0,5.223880597014926,U0036,Aeolian Chenopod Shrublands,aeolian,134,8.3551
36.0,2013,134.0,47.24797096252441,4.0,134.0,2.985074626865672,U0036,Aeolian Chenopod Shrublands,aeolian,134,8.3551
36.0,2014,134.0,43.14597015380859,0.0,134.0,0.0,U0036,Aeolian Chenopod Shrublands,aeolian,134,8.3551
36.0,2015,134.0,48.48294792175293,0.0,134.0,0.0,U0036,Aeolian Chenopod Shrublands,aeolian,134,8.3551
36.0,2016,134.0,64.70759620666504,16.0,134.0,11.940298507462687,U0036,Aeolian Chenopod Shrublands,aeolian,134,8.3551
36.0,2017,134.0,61.049785423278806,0.0,134.0,0.0,U0036,Aeolian Chenopod Shrublands,aeolian,134,8.3551
36.0,2018,134.0,58.9028284072876,0.0,134.0,0.0,U0036,Aeolian Chenopod Shrublands,aeolian,134,8.3551
36.0,2019,134.0,54.92505798339844,2.0,134.0,1.492537313432836,U0036,Aeolian Chenopod Shrublands,aeolian,134,8.3551
36.0,2020,134.0,47.82773914337158,14.0,134.0,10.447761194029852,U0036,Aeolian Chenopod Shrublands,aeolian,134,8.3551
36.0,2021,134.0,51.37882995605469,15.0,134.0,11.194029850746269,U0036,Aeolian Chenopod Shrublands,aeolian,134,8.3551
36.0,2022,134.0,56.16286735534668,49.0,134.0,36.56716417910448,U0036,Aeolian Chenopod Shrublands,aeolian,134,8.3551
47.0,1988,36.0,77.86143493652344,0.0,36.0,0.0,U0047,Aeolian Chenopod Shrublands,aeolian,36,2.2447
47.0,1989,36.0,84.67366790771484,0.0,36.0,0.0,U0047,Aeolian Chenopod Shrublands,aeolian,36,2.2447
47.0,1990,36.0,78.29682540893555,0.0,36.0,0.0,U0047,Aeolian Chenopod Shrublands,aeolian,36,2.2447
47.0,1991,36.0,59.48112773895264,0.0,36.0,0.0,U0047,Aeolian Chenopod Shrublands,aeolian,36,2.2447
47.0,1992,36.0,76.22237968444824,0.0,36.0,0.0,U0047,Aeolian Chenopod Shrublands,aeolian,36,2.2447
47.0,1993,36.0,67.53130149841309,0.0,36.0,0.0,U0047,Aeolian Chenopod Shrublands,aeolian,36,2.2447
47.0,1994,36.0,45.38785648345947,0.0,36.0,0.0,U0047,Aeolian Chenopod Shrublands,aeolian,36,2.2447
47.0,1995,36.0,68.38114166259766,0.0,36.0,0.0,U0047,Aeolian Chenopod Shrublands,aeolian,36,2.2447
47.0,1996,36.0,61.48037147521973,0.0,36.0,0.0,U0047,Aeolian Chenopod Shrublands,aeolian,36,2.2447
47.0,1997,36.0,65.81696128845215,0.0,36.0,0.0,U0047,Aeolian Chenopod Shrublands,aeolian,36,2.2447
47.0,1998,36.0,46.57044315338135,0.0,36.0,0.0,U0047,Aeolian Chenopod Shrublands,aeolian,36,2.2447
47.0,1999,36.0,77.78457450866699,0.0,36.0,0.0,U0047,Aeolian Chenopod Shrublands,aeolian,36,2.2447
47.0,2000,36.0,54.38872146606445,0.0,36.0,0.0,U0047,Aeolian Chenopod Shrublands,aeolian,36,2.2447
47.0,2001,36.0,64.12989044189453,0.0,36.0,0.0,U0047,Aeolian Chenopod Shrublands,aeolian,36,2.2447
47.0,2002,36.0,49.8468542098999,0.0,36.0,0.0,U0047,Aeolian Chenopod Shrublands,aeolian,36,2.2447
47.0,2003,36.0,66.56809997558594,0.0,36.0,0.0,U0047,Aeolian Chenopod Shrublands,aeolian,36,2.2447
47.0,2004,36.0,62.72791576385498,0.0,36.0,0.0,U0047,Aeolian Chenopod Shrublands,aeolian,36,2.2447
47.0,2005,36.0,76.74767303466797,0.0,36.0,0.0,U0047,Aeolian Chenopod Shrublands,aeolian,36,2.2447
47.0,2006,36.0,59.9885835647583,0.0,36.0,0.0,U0047,Aeolian Chenopod Shrublands,aeolian,36,2.2447
47.0,2007,36.0,57.272685050964355,0.0,36.0,0.0,U0047,Aeolian Chenopod Shrublands,aeolian,36,2.2447
47.0,2008,36.0,24.77063274383545,0.0,36.0,0.0,U0047,Aeolian Chenopod Shrublands,aeolian,36,2.2447
47.0,2009,36.0,59.97945594787598,0.0,36.0,0.0,U0047,Aeolian Chenopod Shrublands,aeolian,36,2.2447
47.0,2010,36.0,79.54508209228516,1.0,36.0,2.7777777777777777,U0047,Aeolian Chenopod Shrublands,aeolian,36,2.2447
47.0,2011,36.0,78.09807205200195,0.0,36.0,0.0,U0047,Aeolian Chenopod Shrublands,aeolian,36,2.2447
47.0,2012,36.0,74.67939567565918,0.0,36.0,0.0,U0047,Aeolian Chenopod Shrublands,aeolian,36,2.2447
47.0,2013,36.0,76.70578575134277,0.0,36.0,0.0,U0047,Aeolian Chenopod Shrublands,aeolian,36,2.2447
47.0,2014,36.0,69.33284759521484,0.0,36.0,0.0,U0047,Aeolian Chenopod Shrublands,aeolian,36,2.2447
47.0,2015,36.0,78.05349159240723,0.0,36.0,0.0,U0047,Aeolian Chenopod Shrublands,aeolian,36,2.2447
47.0,2016,36.0,86.87745475769043,0.0,36.0,0.0,U0047,Aeolian Chenopod Shrublands,aeolian,36,2.2447
47.0,2017,36.0,82.79566955566406,0.0,36.0,0.0,U0047,Aeolian Chenopod Shrublands,aeolian,36,2.2447
47.0,2018,36.0,67.16979026794434,0.0,36.0,0.0,U0047,Aeolian Chenopod Shrublands,aeolian,36,2.2447
47.0,2019,36.0,64.13436889648438,0.0,36.0,0.0,U0047,Aeolian Chenopod Shrublands,aeolian,36,2.2447
47.0,2020,36.0,65.06341171264648,0.0,36.0,0.0,U0047,Aeolian Chenopod Shrublands,aeolian,36,2.2447
47.0,2021,36.0,72.8554630279541,0.0,36.0,0.0,U0047,Aeolian Chenopod Shrublands,aeolian,36,2.2447
47.0,2022,36.0,85.64137840270996,0.0,36.0,0.0,U0047,Aeolian Chenopod Shrublands,aeolian,36,2.2447
77.0,1988,35.0,88.40135269165039,1.0,35.0,2.857142857142857,U0077,Inland Floodplain Shrublands / Swamps,inland,35,2.1823
77.0,1989,35.0,88.10649871826172,34.0,35.0,97.14285714285714,U0077,Inland Floodplain Shrublands / Swamps,inland,35,2.1823
77.0,1990,35.0,86.47296447753907,33.0,35.0,94.28571428571429,U0077,Inland Floodplain Shrublands / Swamps,inland,35,2.1823
77.0,1991,35.0,87.87283401489258,23.0,35.0,65.71428571428571,U0077,Inland Floodplain Shrublands / Swamps,inland,35,2.1823
77.0,1992,35.0,89.84800262451172,35.0,35.0,100.0,U0077,Inland Floodplain Shrublands / Swamps,inland,35,2.1823
77.0,1993,35.0,89.13835525512695,28.0,35.0,80.0,U0077,Inland Floodplain Shrublands / Swamps,inland,35,2.1823
77.0,1994,35.0,80.2636589050293,1.0,35.0,2.857142857142857,U0077,Inland Floodplain Shrublands / Swamps,inland,35,2.1823
77.0,1995,35.0,80.73222427368164,1.0,35.0,2.857142857142857,U0077,Inland Floodplain Shrublands / Swamps,inland,35,2.1823
77.0,1996,35.0,74.14136047363282,8.0,35.0,22.857142857142858,U0077,Inland Floodplain Shrublands / Swamps,inland,35,2.1823
77.0,1997,35.0,73.24771728515626,0.0,35.0,0.0,U0077,Inland Floodplain Shrublands / Swamps,inland,35,2.1823
77.0,1998,35.0,72.83042907714844,0.0,35.0,0.0,U0077,Inland Floodplain Shrublands / Swamps,inland,35,2.1823
77.0,1999,35.0,78.31560287475585,0.0,35.0,0.0,U0077,Inland Floodplain Shrublands / Swamps,inland,35,2.1823
77.0,2000,35.0,80.19954986572266,0.0,35.0,0.0,U0077,Inland Floodplain Shrublands / Swamps,inland,35,2.1823
77.0,2001,35.0,74.63487319946289,0.0,35.0,0.0,U0077,Inland Floodplain Shrublands / Swamps,inland,35,2.1823
77.0,2002,35.0,73.53110733032227,0.0,35.0,0.0,U0077,Inland Floodplain Shrublands / Swamps,inland,35,2.1823
77.0,2003,35.0,76.4623794555664,0.0,35.0,0.0,U0077,Inland Floodplain Shrublands / Swamps,inland,35,2.1823
77.0,2004,35.0,73.91613159179687,0.0,35.0,0.0,U0077,Inland Floodplain Shrublands / Swamps,inland,35,2.1823
77.0,2005,35.0,75.61413879394532,1.0,35.0,2.857142857142857,U0077,Inland Floodplain Shrublands / Swamps,inland,35,2.1823
77.0,2006,35.0,67.61644821166992,0.0,35.0,0.0,U0077,Inland Floodplain Shrublands / Swamps,inland,35,2.1823
77.0,2007,35.0,65.89136276245117,0.0,35.0,0.0,U0077,Inland Floodplain Shrublands / Swamps,inland,35,2.1823
77.0,2008,35.0,50.69872512817383,0.0,35.0,0.0,U0077,Inland Floodplain Shrublands / Swamps,inland,35,2.1823
77.0,2009,35.0,68.99618072509766,0.0,35.0,0.0,U0077,Inland Floodplain Shrublands / Swamps,inland,35,2.1823
77.0,2010,35.0,83.93357696533204,19.0,35.0,54.285714285714285,U0077,Inland Floodplain Shrublands / Swamps,inland,35,2.1823
77.0,2011,35.0,83.54970474243164,25.0,35.0,71.42857142857143,U0077,Inland Floodplain Shrublands / Swamps,inland,35,2.1823
77.0,2012,35.0,85.67374420166016,22.0,35.0,62.857142857142854,U0077,Inland Floodplain Shrublands / Swamps,inland,35,2.1823
77.0,2013,35.0,76.49451293945313,0.0,35.0,0.0,U0077,Inland Floodplain Shrublands / Swamps,inland,35,2.1823
77.0,2014,35.0,73.46305313110352,0.0,35.0,0.0,U0077,Inland Floodplain Shrublands / Swamps,inland,35,2.1823
77.0,2015,35.0,79.65474548339844,0.0,35.0,0.0,U0077,Inland Floodplain Shrublands / Swamps,inland,35,2.1823
77.0,2016,35.0,89.42769241333008,22.0,35.0,62.857142857142854,U0077,Inland Floodplain Shrublands / Swamps,inland,35,2.1823
77.0,2017,35.0,81.01100082397461,0.0,35.0,0.0,U0077,Inland Floodplain Shrublands / Swamps,inland,35,2.1823
77.0,2018,35.0,76.19292984008788,0.0,35.0,0.0,U0077,Inland Floodplain Shrublands / Swamps,inland,35,2.1823
77.0,2019,35.0,73.18207702636718,0.0,35.0,0.0,U0077,Inland Floodplain Shrublands / Swamps,inland,35,2.1823
77.0,2020,35.0,78.95843963623047,1.0,35.0,2.857142857142857,U0077,Inland Floodplain Shrublands / Swamps,inland,35,2.1823
77.0,2021,35.0,78.71436080932617,16.0,35.0,45.714285714285715,U0077,Inland Floodplain Shrublands / Swamps,inland,35,2.1823
77.0,2022,35.0,87.80572128295898,35.0,35.0,100.0,U0077,Inland Floodplain Shrublands / Swamps,inland,35,2.1823
78.0,1988,58.0,86.66403236389161,0.0,58.0,0.0,U0078,Inland Floodplain Shrublands / Swamps,inland,58,3.6164
78.0,1989,58.0,89.1893440246582,0.0,58.0,0.0,U0078,Inland Floodplain Shrublands / Swamps,inland,58,3.6164
78.0,1990,58.0,86.7922264099121,0.0,58.0,0.0,U0078,Inland Floodplain Shrublands / Swamps,inland,58,3.6164
78.0,1991,58.0,87.21902313232422,1.0,58.0,1.7241379310344827,U0078,Inland Floodplain Shrublands / Swamps,inland,58,3.6164
78.0,1992,58.0,88.20226860046387,2.0,58.0,3.4482758620689653,U0078,Inland Floodplain Shrublands / Swamps,inland,58,3.6164
78.0,1993,58.0,85.3973819732666,0.0,58.0,0.0,U0078,Inland Floodplain Shrublands / Swamps,inland,58,3.6164
78.0,1994,58.0,79.90541038513183,0.0,58.0,0.0,U0078,Inland Floodplain Shrublands / Swamps,inland,58,3.6164
78.0,1995,58.0,80.40654487609864,0.0,58.0,0.0,U0078,Inland Floodplain Shrublands / Swamps,inland,58,3.6164
78.0,1996,58.0,78.58510818481446,0.0,58.0,0.0,U0078,Inland Floodplain Shrublands / Swamps,inland,58,3.6164
78.0,1997,58.0,76.8690975189209,0.0,58.0,0.0,U0078,Inland Floodplain Shrublands / Swamps,inland,58,3.6164
78.0,1998,58.0,81.70913162231446,0.0,58.0,0.0,U0078,Inland Floodplain Shrublands / Swamps,inland,58,3.6164
78.0,1999,58.0,84.55344276428222,0.0,58.0,0.0,U0078,Inland Floodplain Shrublands / Swamps,inland,58,3.6164
78.0,2000,58.0,85.74235763549805,0.0,58.0,0.0,U0078,Inland Floodplain Shrublands / Swamps,inland,58,3.6164
78.0,2001,58.0,83.53753929138183,0.0,58.0,0.0,U0078,Inland Floodplain Shrublands / Swamps,inland,58,3.6164
78.0,2002,58.0,74.7878433227539,0.0,58.0,0.0,U0078,Inland Floodplain Shrublands / Swamps,inland,58,3.6164
78.0,2003,58.0,71.94120292663574,0.0,58.0,0.0,U0078,Inland Floodplain Shrublands / Swamps,inland,58,3.6164
78.0,2004,58.0,75.12591400146485,12.0,58.0,20.689655172413794,U0078,Inland Floodplain Shrublands / Swamps,inland,58,3.6164
78.0,2005,58.0,77.96421737670899,12.0,58.0,20.689655172413794,U0078,Inland Floodplain Shrublands / Swamps,inland,58,3.6164
78.0,2006,58.0,72.5000774383545,1.0,58.0,1.7241379310344827,U0078,Inland Floodplain Shrublands / Swamps,inland,58,3.6164
78.0,2007,58.0,74.38468894958496,0.0,58.0,0.0,U0078,Inland Floodplain Shrublands / Swamps,inland,58,3.6164
78.0,2008,58.0,47.07809295654297,0.0,58.0,0.0,U0078,Inland Floodplain Shrublands / Swamps,inland,58,3.6164
78.0,2009,58.0,77.59706840515136,0.0,58.0,0.0,U0078,Inland Floodplain Shrublands / Swamps,inland,58,3.6164
78.0,2010,58.0,86.22705688476563,0.0,58.0,0.0,U0078,Inland Floodplain Shrublands / Swamps,inland,58,3.6164
78.0,2011,58.0,85.58958702087402,34.0,58.0,58.62068965517241,U0078,Inland Floodplain Shrublands / Swamps,inland,58,3.6164
78.0,2012,58.0,86.37805137634277,9.0,58.0,15.517241379310345,U0078,Inland Floodplain Shrublands / Swamps,inland,58,3.6164
78.0,2013,58.0,76.7545265197754,0.0,58.0,0.0,U0078,Inland Floodplain Shrublands / Swamps,inland,58,3.6164
78.0,2014,58.0,74.67327575683593,0.0,58.0,0.0,U0078,Inland Floodplain Shrublands / Swamps,inland,58,3.6164
78.0,2015,58.0,80.93198509216309,0.0,58.0,0.0,U0078,Inland Floodplain Shrublands / Swamps,inland,58,3.6164
78.0,2016,58.0,88.52840995788574,58.0,58.0,100.0,U0078,Inland Floodplain Shrublands / Swamps,inland,58,3.6164
78.0,2017,58.0,80.66218795776368,0.0,58.0,0.0,U0078,Inland Floodplain Shrublands / Swamps,inland,58,3.6164
78.0,2018,58.0,74.75116691589355,0.0,58.0,0.0,U0078,Inland Floodplain Shrublands / Swamps,inland,58,3.6164
78.0,2019,58.0,76.84295120239258,0.0,58.0,0.0,U0078,Inland Floodplain Shrublands / Swamps,inland,58,3.6164
78.0,2020,58.0,80.69742813110352,0.0,58.0,0.0,U0078,Inland Floodplain Shrublands / Swamps,inland,58,3.6164
78.0,2021,58.0,78.87128410339355,0.0,58.0,0.0,U0078,Inland Floodplain Shrublands / Swamps,inland,58,3.6164
78.0,2022,58.0,86.61760482788085,58.0,58.0,100.0,U0078,Inland Floodplain Shrublands / Swamps,inland,58,3.6164
81.0,1988,118.0,85.44433822631837,93.0,118.0,78.8135593220339,U0081,Inland Floodplain Shrublands / Swamps,inland,118,7.3575
81.0,1989,118.0,82.08562889099122,100.0,118.0,84.7457627118644,U0081,Inland Floodplain Shrublands / Swamps,inland,118,7.3575
81.0,1990,118.0,80.27018432617187,97.0,118.0,82.20338983050847,U0081,Inland Floodplain Shrublands / Swamps,inland,118,7.3575
81.0,1991,118.0,80.22777519226074,97.0,118.0,82.20338983050847,U0081,Inland Floodplain Shrublands / Swamps,inland,118,7.3575
81.0,1992,118.0,78.27880859375,103.0,118.0,87.28813559322033,U0081,Inland Floodplain Shrublands / Swamps,inland,118,7.3575
81.0,1993,118.0,79.29972648620605,100.0,118.0,84.7457627118644,U0081,Inland Floodplain Shrublands / Swamps,inland,118,7.3575
81.0,1994,118.0,72.75473098754883,0.0,118.0,0.0,U0081,Inland Floodplain Shrublands / Swamps,inland,118,7.3575
81.0,1995,118.0,81.98640632629395,6.0,118.0,5.084745762711864,U0081,Inland Floodplain Shrublands / Swamps,inland,118,7.3575
81.0,1996,118.0,69.88572387695312,25.0,118.0,21.1864406779661,U0081,Inland Floodplain Shrublands / Swamps,inland,118,7.3575
81.0,1997,118.0,53.782464027404785,0.0,118.0,0.0,U0081,Inland Floodplain Shrublands / Swamps,inland,118,7.3575
81.0,1998,118.0,65.14487800598144,0.0,118.0,0.0,U0081,Inland Floodplain Shrublands / Swamps,inland,118,7.3575
81.0,1999,118.0,75.72886352539062,0.0,118.0,0.0,U0081,Inland Floodplain Shrublands / Swamps,inland,118,7.3575
81.0,2000,118.0,78.2486671447754,36.0,118.0,30.508474576271187,U0081,Inland Floodplain Shrublands / Swamps,inland,118,7.3575
81.0,2001,118.0,66.42176132202148,0.0,118.0,0.0,U0081,Inland Floodplain Shrublands / Swamps,inland,118,7.3575
81.0,2002,118.0,67.76816024780274,1.0,118.0,0.847457627118644,U0081,Inland Floodplain Shrublands / Swamps,inland,118,7.3575
81.0,2003,118.0,71.24912528991699,0.0,118.0,0.0,U0081,Inland Floodplain Shrublands / Swamps,inland,118,7.3575
81.0,2004,118.0,70.88944702148437,0.0,118.0,0.0,U0081,Inland Floodplain Shrublands / Swamps,inland,118,7.3575
81.0,2005,118.0,74.02849349975585,0.0,118.0,0.0,U0081,Inland Floodplain Shrublands / Swamps,inland,118,7.3575
81.0,2006,118.0,66.89557304382325,0.0,118.0,0.0,U0081,Inland Floodplain Shrublands / Swamps,inland,118,7.3575
81.0,2007,118.0,60.30786075592041,0.0,118.0,0.0,U0081,Inland Floodplain Shrublands / Swamps,inland,118,7.3575
81.0,2008,118.0,40.976840782165525,0.0,118.0,0.0,U0081,Inland Floodplain Shrublands / Swamps,inland,118,7.3575
81.0,2009,118.0,65.5103759765625,8.0,118.0,6.779661016949152,U0081,Inland Floodplain Shrublands / Swamps,inland,118,7.3575
81.0,2010,118.0,79.38187255859376,103.0,118.0,87.28813559322033,U0081,Inland Floodplain Shrublands / Swamps,inland,118,7.3575
81.0,2011,118.0,85.6314567565918,104.0,118.0,88.13559322033899,U0081,Inland Floodplain Shrublands / Swamps,inland,118,7.3575
81.0,2012,118.0,86.74694175720215,49.0,118.0,41.52542372881356,U0081,Inland Floodplain Shrublands / Swamps,inland,118,7.3575
81.0,2013,118.0,83.11174392700195,0.0,118.0,0.0,U0081,Inland Floodplain Shrublands / Swamps,inland,118,7.3575
81.0,2014,118.0,73.69085922241212,0.0,118.0,0.0,U0081,Inland Floodplain Shrublands / Swamps,inland,118,7.3575
81.0,2015,118.0,72.3507266998291,0.0,118.0,0.0,U0081,Inland Floodplain Shrublands / Swamps,inland,118,7.3575
81.0,2016,118.0,86.77391662597657,95.0,118.0,80.50847457627118,U0081,Inland Floodplain Shrublands / Swamps,inland,118,7.3575
81.0,2017,118.0,82.22048950195312,1.0,118.0,0.847457627118644,U0081,Inland Floodplain Shrublands / Swamps,inland,118,7.3575
81.0,2018,118.0,70.72291641235351,4.0,118.0,3.389830508474576,U0081,Inland Floodplain Shrublands / Swamps,inland,118,7.3575
81.0,2019,118.0,71.13005676269532,0.0,118.0,0.0,U0081,Inland Floodplain Shrublands / Swamps,inland,118,7.3575
81.0,2020,118.0,71.36307144165039,1.0,118.0,0.847457627118644,U0081,Inland Floodplain Shrublands / Swamps,inland,118,7.3575
81.0,2021,118.0,72.52984237670898,98.0,118.0,83.05084745762711,U0081,Inland Floodplain Shrublands / Swamps,inland,118,7.3575
81.0,2022,118.0,84.23304977416993,118.0,118.0,100.0,U0081,Inland Floodplain Shrublands / Swamps,inland,118,7.3575
101.0,1988,2033.0,87.54774475097656,4.0,2033.0,0.19675356615838663,U0101,Inland Floodplain Shrublands / Swamps,inland,2033,126.7605
101.0,1989,2033.0,80.43713989257813,1225.0,2033.0,60.255779636005904,U0101,Inland Floodplain Shrublands / Swamps,inland,2033,126.7605
101.0,1990,2033.0,87.77892761230468,1178.0,2033.0,57.94392523364486,U0101,Inland Floodplain Shrublands / Swamps,inland,2033,126.7605
101.0,1991,2033.0,79.01043090820312,2011.0,2033.0,98.91785538612888,U0101,Inland Floodplain Shrublands / Swamps,inland,2033,126.7605
101.0,1992,2033.0,77.22676239013671,997.0,2033.0,49.04082636497787,U0101,Inland Floodplain Shrublands / Swamps,inland,2033,126.7605
101.0,1993,2033.0,79.76155090332031,6.0,2033.0,0.2951303492375799,U0101,Inland Floodplain Shrublands / Swamps,inland,2033,126.7605
101.0,1994,2033.0,75.3045654296875,0.0,2033.0,0.0,U0101,Inland Floodplain Shrublands / Swamps,inland,2033,126.7605
101.0,1995,2033.0,75.33360290527344,2026.0,2033.0,99.65568125922282,U0101,Inland Floodplain Shrublands / Swamps,inland,2033,126.7605
101.0,1996,2033.0,83.70126800537109,1601.0,2033.0,78.75061485489425,U0101,Inland Floodplain Shrublands / Swamps,inland,2033,126.7605
101.0,1997,2033.0,74.7770751953125,0.0,2033.0,0.0,U0101,Inland Floodplain Shrublands / Swamps,inland,2033,126.7605
101.0,1998,2033.0,70.2822036743164,2032.0,2033.0,99.9508116084604,U0101,Inland Floodplain Shrublands / Swamps,inland,2033,126.7605
101.0,1999,2033.0,81.1261474609375,3.0,2033.0,0.14756517461878996,U0101,Inland Floodplain Shrublands / Swamps,inland,2033,126.7605
101.0,2000,2033.0,77.08866119384766,31.0,2033.0,1.5248401377274963,U0101,Inland Floodplain Shrublands / Swamps,inland,2033,126.7605
101.0,2001,2033.0,62.58954544067383,1.0,2033.0,0.04918839153959666,U0101,Inland Floodplain Shrublands / Swamps,inland,2033,126.7605
101.0,2002,2033.0,57.765010070800784,30.0,2033.0,1.4756517461878997,U0101,Inland Floodplain Shrublands / Swamps,inland,2033,126.7605
101.0,2003,2033.0,63.22172622680664,0.0,2033.0,0.0,U0101,Inland Floodplain Shrublands / Swamps,inland,2033,126.7605
101.0,2004,2033.0,61.43125,0.0,2033.0,0.0,U0101,Inland Floodplain Shrublands / Swamps,inland,2033,126.7605
101.0,2005,2033.0,74.26009521484374,45.0,2033.0,2.2134776192818495,U0101,Inland Floodplain Shrublands / Swamps,inland,2033,126.7605
101.0,2006,2033.0,65.36673431396484,0.0,2033.0,0.0,U0101,Inland Floodplain Shrublands / Swamps,inland,2033,126.7605
101.0,2007,2033.0,52.82006301879883,0.0,2033.0,0.0,U0101,Inland Floodplain Shrublands / Swamps,inland,2033,126.7605
101.0,2008,2033.0,24.9425838470459,0.0,2033.0,0.0,U0101,Inland Floodplain Shrublands / Swamps,inland,2033,126.7605
101.0,2009,2033.0,53.37975387573242,0.0,2033.0,0.0,U0101,Inland Floodplain Shrublands / Swamps,inland,2033,126.7605
101.0,2010,2033.0,88.1639617919922,175.0,2033.0,8.607968519429415,U0101,Inland Floodplain Shrublands / Swamps,inland,2033,126.7605
101.0,2011,2033.0,87.63655853271484,206.0,2033.0,10.132808657156911,U0101,Inland Floodplain Shrublands / Swamps,inland,2033,126.7605
101.0,2012,2033.0,82.47045440673828,38.0,2033.0,1.8691588785046729,U0101,Inland Floodplain Shrublands / Swamps,inland,2033,126.7605
101.0,2013,2033.0,76.39699249267578,0.0,2033.0,0.0,U0101,Inland Floodplain Shrublands / Swamps,inland,2033,126.7605
101.0,2014,2033.0,61.19269943237305,33.0,2033.0,1.6232169208066896,U0101,Inland Floodplain Shrublands / Swamps,inland,2033,126.7605
101.0,2015,2033.0,65.09785614013671,0.0,2033.0,0.0,U0101,Inland Floodplain Shrublands / Swamps,inland,2033,126.7605
101.0,2016,2033.0,86.52639312744141,545.0,2033.0,26.807673389080175,U0101,Inland Floodplain Shrublands / Swamps,inland,2033,126.7605
101.0,2017,2033.0,80.95605926513672,0.0,2033.0,0.0,U0101,Inland Floodplain Shrublands / Swamps,inland,2033,126.7605
101.0,2018,2033.0,53.88175277709961,0.0,2033.0,0.0,U0101,Inland Floodplain Shrublands / Swamps,inland,2033,126.7605
101.0,2019,2033.0,41.41196823120117,0.0,2033.0,0.0,U0101,Inland Floodplain Shrublands / Swamps,inland,2033,126.7605
101.0,2020,2033.0,57.95718536376953,0.0,2033.0,0.0,U0101,Inland Floodplain Shrublands / Swamps,inland,2033,126.7605
101.0,2021,2033.0,53.934818267822266,138.0,2033.0,6.787998032464339,U0101,Inland Floodplain Shrublands / Swamps,inland,2033,126.7605
101.0,2022,2033.0,75.7705795288086,2033.0,2033.0,100.0,U0101,Inland Floodplain Shrublands / Swamps,inland,2033,126.7605
104.0,1988,3921.0,78.29026794433594,2418.0,3921.0,61.66794185156848,U0104,Inland Floodplain Shrublands / Swamps,inland,3921,244.48
104.0,1989,3921.0,78.18666076660156,2122.0,3921.0,54.118847232848765,U0104,Inland Floodplain Shrublands / Swamps,inland,3921,244.48
104.0,1990,3826.0,78.20497512817383,3768.0,3921.0,96.09793420045906,U0104,Inland Floodplain Shrublands / Swamps,inland,3921,244.48
104.0,1991,3921.0,82.59712982177734,432.0,3921.0,11.017597551644988,U0104,Inland Floodplain Shrublands / Swamps,inland,3921,244.48
104.0,1992,3921.0,76.1163330078125,3652.0,3921.0,93.1395052282581,U0104,Inland Floodplain Shrublands / Swamps,inland,3921,244.48
104.0,1993,3921.0,74.25939178466797,1531.0,3921.0,39.04616169344555,U0104,Inland Floodplain Shrublands / Swamps,inland,3921,244.48
104.0,1994,3921.0,59.35979461669922,223.0,3921.0,5.687324662076001,U0104,Inland Floodplain Shrublands / Swamps,inland,3921,244.48
104.0,1995,3921.0,81.29228973388672,2295.0,3921.0,58.530986993114,U0104,Inland Floodplain Shrublands / Swamps,inland,3921,244.48
104.0,1996,3873.0,74.8306671142578,3785.0,3921.0,96.53149706707472,U0104,Inland Floodplain Shrublands / Swamps,inland,3921,244.48
104.0,1997,3921.0,76.739990234375,8.0,3921.0,0.204029584289722,U0104,Inland Floodplain Shrublands / Swamps,inland,3921,244.48
104.0,1998,3921.0,71.82820892333984,3891.0,3921.0,99.23488905891354,U0104,Inland Floodplain Shrublands / Swamps,inland,3921,244.48
104.0,1999,3921.0,77.43926239013672,47.0,3921.0,1.1986738077021168,U0104,Inland Floodplain Shrublands / Swamps,inland,3921,244.48
104.0,2000,3921.0,77.50917053222656,1592.0,3921.0,40.60188727365468,U0104,Inland Floodplain Shrublands / Swamps,inland,3921,244.48
104.0,2001,3921.0,73.13605499267578,69.0,3921.0,1.7597551644988523,U0104,Inland Floodplain Shrublands / Swamps,inland,3921,244.48
104.0,2002,3921.0,63.16817855834961,64.0,3921.0,1.632236674317776,U0104,Inland Floodplain Shrublands / Swamps,inland,3921,244.48
104.0,2003,3921.0,59.27988815307617,0.0,3921.0,0.0,U0104,Inland Floodplain Shrublands / Swamps,inland,3921,244.48
104.0,2004,3921.0,65.44287872314453,17.0,3921.0,0.4335628666156593,U0104,Inland Floodplain Shrublands / Swamps,inland,3921,244.48
104.0,2005,3921.0,76.23133087158203,1801.0,3921.0,45.93216016322367,U0104,Inland Floodplain Shrublands / Swamps,inland,3921,244.48
104.0,2006,3921.0,66.75205993652344,0.0,3921.0,0.0,U0104,Inland Floodplain Shrublands / Swamps,inland,3921,244.48
104.0,2007,3921.0,53.29948806762695,1.0,3921.0,0.02550369803621525,U0104,Inland Floodplain Shrublands / Swamps,inland,3921,244.48
104.0,2008,3921.0,35.08827590942383,0.0,3921.0,0.0,U0104,Inland Floodplain Shrublands / Swamps,inland,3921,244.48
104.0,2009,3921.0,53.50872039794922,12.0,3921.0,0.306044376434583,U0104,Inland Floodplain Shrublands / Swamps,inland,3921,244.48
104.0,2010,3921.0,82.4072265625,1406.0,3921.0,35.858199438918646,U0104,Inland Floodplain Shrublands / Swamps,inland,3921,244.48
104.0,2011,3921.0,85.82271575927734,2052.0,3921.0,52.3335883703137,U0104,Inland Floodplain Shrublands / Swamps,inland,3921,244.48
104.0,2012,3921.0,75.78675079345703,1442.0,3921.0,36.776332568222394,U0104,Inland Floodplain Shrublands / Swamps,inland,3921,244.48
104.0,2013,3921.0,72.80025482177734,692.0,3921.0,17.648559041060953,U0104,Inland Floodplain Shrublands / Swamps,inland,3921,244.48
104.0,2014,3921.0,59.96879959106445,869.0,3921.0,22.162713593471054,U0104,Inland Floodplain Shrublands / Swamps,inland,3921,244.48
104.0,2015,3921.0,59.27956008911133,5.0,3921.0,0.12751849018107625,U0104,Inland Floodplain Shrublands / Swamps,inland,3921,244.48
104.0,2016,3921.0,85.71564483642578,2907.0,3921.0,74.13925019127774,U0104,Inland Floodplain Shrublands / Swamps,inland,3921,244.48
104.0,2017,3921.0,80.52635955810547,8.0,3921.0,0.204029584289722,U0104,Inland Floodplain Shrublands / Swamps,inland,3921,244.48
104.0,2018,3921.0,67.28944396972656,0.0,3921.0,0.0,U0104,Inland Floodplain Shrublands / Swamps,inland,3921,244.48
104.0,2019,3921.0,52.102970123291016,0.0,3921.0,0.0,U0104,Inland Floodplain Shrublands / Swamps,inland,3921,244.48
104.0,2020,3921.0,57.681007385253906,81.0,3921.0,2.0657995409334355,U0104,Inland Floodplain Shrublands / Swamps,inland,3921,244.48
104.0,2021,3921.0,59.30705261230469,1768.0,3921.0,45.09053812802856,U0104,Inland Floodplain Shrublands / Swamps,inland,3921,244.48
104.0,2022,3921.0,81.54489135742188,3919.0,3921.0,99.94899260392756,U0104,Inland Floodplain Shrublands / Swamps,inland,3921,244.48
105.0,1988,1087.0,80.58899154663087,1087.0,1087.0,100.0,U0105,Inland Floodplain Shrublands / Swamps,inland,1087,67.776
105.0,1989,1087.0,77.96705856323243,185.0,1087.0,17.01931922723091,U0105,Inland Floodplain Shrublands / Swamps,inland,1087,67.776
105.0,1990,1087.0,79.25222244262696,923.0,1087.0,84.91260349586017,U0105,Inland Floodplain Shrublands / Swamps,inland,1087,67.776
105.0,1991,1087.0,86.43021087646484,47.0,1087.0,4.323827046918123,U0105,Inland Floodplain Shrublands / Swamps,inland,1087,67.776
105.0,1992,1087.0,78.6501235961914,1053.0,1087.0,96.8721251149954,U0105,Inland Floodplain Shrublands / Swamps,inland,1087,67.776
105.0,1993,1087.0,81.54168319702148,0.0,1087.0,0.0,U0105,Inland Floodplain Shrublands / Swamps,inland,1087,67.776
105.0,1994,1087.0,67.8650619506836,0.0,1087.0,0.0,U0105,Inland Floodplain Shrublands / Swamps,inland,1087,67.776
105.0,1995,1087.0,82.75272216796876,1081.0,1087.0,99.44802207911684,U0105,Inland Floodplain Shrublands / Swamps,inland,1087,67.776
105.0,1996,1087.0,75.67431716918945,1069.0,1087.0,98.3440662373505,U0105,Inland Floodplain Shrublands / Swamps,inland,1087,67.776
105.0,1997,1087.0,77.53415451049804,0.0,1087.0,0.0,U0105,Inland Floodplain Shrublands / Swamps,inland,1087,67.776
105.0,1998,1087.0,76.97035293579101,1087.0,1087.0,100.0,U0105,Inland Floodplain Shrublands / Swamps,inland,1087,67.776
105.0,1999,1087.0,81.66136169433594,0.0,1087.0,0.0,U0105,Inland Floodplain Shrublands / Swamps,inland,1087,67.776
105.0,2000,1087.0,77.68964462280273,1016.0,1087.0,93.46826126954922,U0105,Inland Floodplain Shrublands / Swamps,inland,1087,67.776
105.0,2001,1087.0,81.37048721313477,0.0,1087.0,0.0,U0105,Inland Floodplain Shrublands / Swamps,inland,1087,67.776
105.0,2002,1087.0,68.50463790893555,0.0,1087.0,0.0,U0105,Inland Floodplain Shrublands / Swamps,inland,1087,67.776
105.0,2003,1087.0,67.83021240234375,0.0,1087.0,0.0,U0105,Inland Floodplain Shrublands / Swamps,inland,1087,67.776
105.0,2004,1087.0,71.32128067016602,0.0,1087.0,0.0,U0105,Inland Floodplain Shrublands / Swamps,inland,1087,67.776
105.0,2005,1087.0,80.04237594604493,1086.0,1087.0,99.90800367985281,U0105,Inland Floodplain Shrublands / Swamps,inland,1087,67.776
105.0,2006,1087.0,75.9284439086914,0.0,1087.0,0.0,U0105,Inland Floodplain Shrublands / Swamps,inland,1087,67.776
105.0,2007,1087.0,61.061305618286134,0.0,1087.0,0.0,U0105,Inland Floodplain Shrublands / Swamps,inland,1087,67.776
105.0,2008,1087.0,42.22443046569824,0.0,1087.0,0.0,U0105,Inland Floodplain Shrublands / Swamps,inland,1087,67.776
105.0,2009,1087.0,61.20923614501953,0.0,1087.0,0.0,U0105,Inland Floodplain Shrublands / Swamps,inland,1087,67.776
105.0,2010,1087.0,86.84299240112304,41.0,1087.0,3.7718491260349585,U0105,Inland Floodplain Shrublands / Swamps,inland,1087,67.776
105.0,2011,1087.0,89.10136642456055,1025.0,1087.0,94.29622815087397,U0105,Inland Floodplain Shrublands / Swamps,inland,1087,67.776
105.0,2012,1087.0,87.35125885009765,2.0,1087.0,0.18399264029438822,U0105,Inland Floodplain Shrublands / Swamps,inland,1087,67.776
105.0,2013,1087.0,82.26998443603516,0.0,1087.0,0.0,U0105,Inland Floodplain Shrublands / Swamps,inland,1087,67.776
105.0,2014,1087.0,75.25777816772461,1.0,1087.0,0.09199632014719411,U0105,Inland Floodplain Shrublands / Swamps,inland,1087,67.776
105.0,2015,1087.0,72.62567367553712,0.0,1087.0,0.0,U0105,Inland Floodplain Shrublands / Swamps,inland,1087,67.776
105.0,2016,1087.0,85.24297637939453,1087.0,1087.0,100.0,U0105,Inland Floodplain Shrublands / Swamps,inland,1087,67.776
105.0,2017,1087.0,80.83128433227539,0.0,1087.0,0.0,U0105,Inland Floodplain Shrublands / Swamps,inland,1087,67.776
105.0,2018,1087.0,75.43785858154297,0.0,1087.0,0.0,U0105,Inland Floodplain Shrublands / Swamps,inland,1087,67.776
105.0,2019,1087.0,69.10482788085938,0.0,1087.0,0.0,U0105,Inland Floodplain Shrublands / Swamps,inland,1087,67.776
105.0,2020,1087.0,75.65349044799805,0.0,1087.0,0.0,U0105,Inland Floodplain Shrublands / Swamps,inland,1087,67.776
105.0,2021,1087.0,70.15292129516601,171.0,1087.0,15.731370745170194,U0105,Inland Floodplain Shrublands / Swamps,inland,1087,67.776
105.0,2022,1087.0,84.30062255859374,1087.0,1087.0,100.0,U0105,Inland Floodplain Shrublands / Swamps,inland,1087,67.776
107.0,1988,1943.0,75.0269874572754,948.0,1943.0,48.79053010808029,U0107,Inland Floodplain Shrublands / Swamps,inland,1943,121.1488
107.0,1989,1943.0,81.04182586669921,773.0,1943.0,39.7838394235718,U0107,Inland Floodplain Shrublands / Swamps,inland,1943,121.1488
107.0,1990,1943.0,76.79152603149414,1634.0,1943.0,84.09675759135358,U0107,Inland Floodplain Shrublands / Swamps,inland,1943,121.1488
107.0,1991,1943.0,69.96466827392578,65.0,1943.0,3.3453422542460114,U0107,Inland Floodplain Shrublands / Swamps,inland,1943,121.1488
107.0,1992,1943.0,72.15665588378906,1632.0,1943.0,83.99382398353062,U0107,Inland Floodplain Shrublands / Swamps,inland,1943,121.1488
107.0,1993,1943.0,69.32000122070313,89.0,1943.0,4.580545548121462,U0107,Inland Floodplain Shrublands / Swamps,inland,1943,121.1488
107.0,1994,1943.0,54.10268707275391,0.0,1943.0,0.0,U0107,Inland Floodplain Shrublands / Swamps,inland,1943,121.1488
107.0,1995,1943.0,75.77622146606446,859.0,1943.0,44.209984559958826,U0107,Inland Floodplain Shrublands / Swamps,inland,1943,121.1488
107.0,1996,1943.0,66.96365127563476,272.0,1943.0,13.99897066392177,U0107,Inland Floodplain Shrublands / Swamps,inland,1943,121.1488
107.0,1997,1943.0,54.00555572509766,0.0,1943.0,0.0,U0107,Inland Floodplain Shrublands / Swamps,inland,1943,121.1488
107.0,1998,1943.0,63.42135391235352,1460.0,1943.0,75.14153371075656,U0107,Inland Floodplain Shrublands / Swamps,inland,1943,121.1488
107.0,1999,1943.0,59.496728134155276,0.0,1943.0,0.0,U0107,Inland Floodplain Shrublands / Swamps,inland,1943,121.1488
107.0,2000,1943.0,65.64801712036133,1131.0,1943.0,58.208955223880594,U0107,Inland Floodplain Shrublands / Swamps,inland,1943,121.1488
107.0,2001,1943.0,52.585225677490236,0.0,1943.0,0.0,U0107,Inland Floodplain Shrublands / Swamps,inland,1943,121.1488
107.0,2002,1943.0,58.9499454498291,11.0,1943.0,0.5661348430262481,U0107,Inland Floodplain Shrublands / Swamps,inland,1943,121.1488
107.0,2003,1943.0,58.04076499938965,0.0,1943.0,0.0,U0107,Inland Floodplain Shrublands / Swamps,inland,1943,121.1488
107.0,2004,1943.0,59.90297737121582,714.0,1943.0,36.74729799279465,U0107,Inland Floodplain Shrublands / Swamps,inland,1943,121.1488
107.0,2005,1943.0,72.53959121704102,1051.0,1943.0,54.09161091096243,U0107,Inland Floodplain Shrublands / Swamps,inland,1943,121.1488
107.0,2006,1943.0,58.16202507019043,0.0,1943.0,0.0,U0107,Inland Floodplain Shrublands / Swamps,inland,1943,121.1488
107.0,2007,1943.0,42.651387786865236,0.0,1943.0,0.0,U0107,Inland Floodplain Shrublands / Swamps,inland,1943,121.1488
107.0,2008,1943.0,25.929948234558104,0.0,1943.0,0.0,U0107,Inland Floodplain Shrublands / Swamps,inland,1943,121.1488
107.0,2009,1943.0,48.49378280639648,0.0,1943.0,0.0,U0107,Inland Floodplain Shrublands / Swamps,inland,1943,121.1488
107.0,2010,1943.0,83.02789611816407,366.0,1943.0,18.836850231600618,U0107,Inland Floodplain Shrublands / Swamps,inland,1943,121.1488
107.0,2011,1943.0,83.22692794799805,1257.0,1943.0,64.69377251672671,U0107,Inland Floodplain Shrublands / Swamps,inland,1943,121.1488
107.0,2012,1943.0,74.53821411132813,9.0,1943.0,0.46320123520329387,U0107,Inland Floodplain Shrublands / Swamps,inland,1943,121.1488
107.0,2013,1943.0,66.83987655639649,0.0,1943.0,0.0,U0107,Inland Floodplain Shrublands / Swamps,inland,1943,121.1488
107.0,2014,1943.0,46.35052490234375,13.0,1943.0,0.6690684508492023,U0107,Inland Floodplain Shrublands / Swamps,inland,1943,121.1488
107.0,2015,1943.0,54.19392051696777,30.0,1943.0,1.5440041173443129,U0107,Inland Floodplain Shrublands / Swamps,inland,1943,121.1488
107.0,2016,1943.0,82.10708236694336,1943.0,1943.0,100.0,U0107,Inland Floodplain Shrublands / Swamps,inland,1943,121.1488
107.0,2017,1943.0,78.29674072265625,1.0,1943.0,0.0514668039114771,U0107,Inland Floodplain Shrublands / Swamps,inland,1943,121.1488
107.0,2018,1943.0,60.64457397460937,0.0,1943.0,0.0,U0107,Inland Floodplain Shrublands / Swamps,inland,1943,121.1488
107.0,2019,1943.0,42.735073471069335,0.0,1943.0,0.0,U0107,Inland Floodplain Shrublands / Swamps,inland,1943,121.1488
107.0,2020,1943.0,57.737369537353516,14.0,1943.0,0.7205352547606794,U0107,Inland Floodplain Shrublands / Swamps,inland,1943,121.1488
107.0,2021,1943.0,58.46702117919922,768.0,1943.0,39.52650540401441,U0107,Inland Floodplain Shrublands / Swamps,inland,1943,121.1488
107.0,2022,1943.0,72.55975723266602,1943.0,1943.0,100.0,U0107,Inland Floodplain Shrublands / Swamps,inland,1943,121.1488
109.0,1988,930.0,80.18319931030274,56.0,930.0,6.021505376344086,U0109,Inland Floodplain Shrublands / Swamps,inland,930,57.9868
109.0,1989,930.0,84.64260673522949,905.0,930.0,97.31182795698925,U0109,Inland Floodplain Shrublands / Swamps,inland,930,57.9868
109.0,1990,930.0,87.96450653076172,332.0,930.0,35.69892473118279,U0109,Inland Floodplain Shrublands / Swamps,inland,930,57.9868
109.0,1991,930.0,79.91947631835937,831.0,930.0,89.35483870967742,U0109,Inland Floodplain Shrublands / Swamps,inland,930,57.9868
109.0,1992,930.0,78.68032646179199,316.0,930.0,33.97849462365591,U0109,Inland Floodplain Shrublands / Swamps,inland,930,57.9868
109.0,1993,930.0,82.8782356262207,56.0,930.0,6.021505376344086,U0109,Inland Floodplain Shrublands / Swamps,inland,930,57.9868
109.0,1994,930.0,78.85743675231933,20.0,930.0,2.150537634408602,U0109,Inland Floodplain Shrublands / Swamps,inland,930,57.9868
109.0,1995,930.0,75.04903678894043,874.0,930.0,93.97849462365592,U0109,Inland Floodplain Shrublands / Swamps,inland,930,57.9868
109.0,1996,930.0,80.83672752380372,22.0,930.0,2.3655913978494625,U0109,Inland Floodplain Shrublands / Swamps,inland,930,57.9868
109.0,1997,930.0,74.62610359191895,12.0,930.0,1.2903225806451613,U0109,Inland Floodplain Shrublands / Swamps,inland,930,57.9868
109.0,1998,930.0,69.89576072692871,863.0,930.0,92.79569892473118,U0109,Inland Floodplain Shrublands / Swamps,inland,930,57.9868
109.0,1999,930.0,84.60249404907226,0.0,930.0,0.0,U0109,Inland Floodplain Shrublands / Swamps,inland,930,57.9868
109.0,2000,930.0,72.81051712036133,60.0,930.0,6.451612903225806,U0109,Inland Floodplain Shrublands / Swamps,inland,930,57.9868
109.0,2001,930.0,61.42269058227539,0.0,930.0,0.0,U0109,Inland Floodplain Shrublands / Swamps,inland,930,57.9868
109.0,2002,930.0,62.3987533569336,29.0,930.0,3.118279569892473,U0109,Inland Floodplain Shrublands / Swamps,inland,930,57.9868
109.0,2003,930.0,67.3050666809082,0.0,930.0,0.0,U0109,Inland Floodplain Shrublands / Swamps,inland,930,57.9868
109.0,2004,930.0,74.46847839355469,4.0,930.0,0.43010752688172044,U0109,Inland Floodplain Shrublands / Swamps,inland,930,57.9868
109.0,2005,930.0,83.23606414794922,849.0,930.0,91.29032258064517,U0109,Inland Floodplain Shrublands / Swamps,inland,930,57.9868
109.0,2006,930.0,76.30374870300292,0.0,930.0,0.0,U0109,Inland Floodplain Shrublands / Swamps,inland,930,57.9868
109.0,2007,930.0,70.86050300598144,0.0,930.0,0.0,U0109,Inland Floodplain Shrublands / Swamps,inland,930,57.9868
109.0,2008,930.0,46.94369831085205,10.0,930.0,1.075268817204301,U0109,Inland Floodplain Shrublands / Swamps,inland,930,57.9868
109.0,2009,930.0,56.80083675384522,6.0,930.0,0.6451612903225806,U0109,Inland Floodplain Shrublands / Swamps,inland,930,57.9868
109.0,2010,930.0,83.42630767822266,263.0,930.0,28.27956989247312,U0109,Inland Floodplain Shrublands / Swamps,inland,930,57.9868
109.0,2011,930.0,86.35329132080078,724.0,930.0,77.84946236559139,U0109,Inland Floodplain Shrublands / Swamps,inland,930,57.9868
109.0,2012,930.0,83.03054847717286,100.0,930.0,10.75268817204301,U0109,Inland Floodplain Shrublands / Swamps,inland,930,57.9868
109.0,2013,930.0,78.89389038085938,0.0,930.0,0.0,U0109,Inland Floodplain Shrublands / Swamps,inland,930,57.9868
109.0,2014,930.0,68.5829475402832,15.0,930.0,1.6129032258064515,U0109,Inland Floodplain Shrublands / Swamps,inland,930,57.9868
109.0,2015,930.0,71.01016998291016,0.0,930.0,0.0,U0109,Inland Floodplain Shrublands / Swamps,inland,930,57.9868
109.0,2016,930.0,82.42038192749024,924.0,930.0,99.35483870967742,U0109,Inland Floodplain Shrublands / Swamps,inland,930,57.9868
109.0,2017,930.0,78.4785717010498,1.0,930.0,0.10752688172043011,U0109,Inland Floodplain Shrublands / Swamps,inland,930,57.9868
109.0,2018,930.0,69.56051826477051,0.0,930.0,0.0,U0109,Inland Floodplain Shrublands / Swamps,inland,930,57.9868
109.0,2019,930.0,65.44511528015137,0.0,930.0,0.0,U0109,Inland Floodplain Shrublands / Swamps,inland,930,57.9868
109.0,2020,930.0,69.93492202758789,23.0,930.0,2.4731182795698925,U0109,Inland Floodplain Shrublands / Swamps,inland,930,57.9868
109.0,2021,930.0,72.09200668334961,503.0,930.0,54.086021505376344,U0109,Inland Floodplain Shrublands / Swamps,inland,930,57.9868
109.0,2022,930.0,82.01982727050782,924.0,930.0,99.35483870967742,U0109,Inland Floodplain Shrublands / Swamps,inland,930,57.9868
111.0,1988,346.0,80.20010566711426,127.0,346.0,36.70520231213873,U0111,Inland Floodplain Shrublands / Swamps,inland,346,21.5736
111.0,1989,346.0,85.28076934814453,13.0,346.0,3.7572254335260116,U0111,Inland Floodplain Shrublands / Swamps,inland,346,21.5736
111.0,1990,346.0,81.2504711151123,135.0,346.0,39.017341040462426,U0111,Inland Floodplain Shrublands / Swamps,inland,346,21.5736
111.0,1991,346.0,87.33643913269043,19.0,346.0,5.491329479768786,U0111,Inland Floodplain Shrublands / Swamps,inland,346,21.5736
111.0,1992,346.0,70.13446044921875,346.0,346.0,100.0,U0111,Inland Floodplain Shrublands / Swamps,inland,346,21.5736
111.0,1993,346.0,84.32277870178223,142.0,346.0,41.040462427745666,U0111,Inland Floodplain Shrublands / Swamps,inland,346,21.5736
111.0,1994,346.0,66.31455421447754,0.0,346.0,0.0,U0111,Inland Floodplain Shrublands / Swamps,inland,346,21.5736
111.0,1995,346.0,84.44921493530273,219.0,346.0,63.29479768786127,U0111,Inland Floodplain Shrublands / Swamps,inland,346,21.5736
111.0,1996,346.0,75.00647735595703,270.0,346.0,78.03468208092485,U0111,Inland Floodplain Shrublands / Swamps,inland,346,21.5736
111.0,1997,346.0,70.16170883178711,0.0,346.0,0.0,U0111,Inland Floodplain Shrublands / Swamps,inland,346,21.5736
111.0,1998,346.0,70.7517147064209,340.0,346.0,98.26589595375722,U0111,Inland Floodplain Shrublands / Swamps,inland,346,21.5736
111.0,1999,346.0,81.48337936401367,3.0,346.0,0.8670520231213873,U0111,Inland Floodplain Shrublands / Swamps,inland,346,21.5736
111.0,2000,346.0,75.68621826171875,161.0,346.0,46.53179190751445,U0111,Inland Floodplain Shrublands / Swamps,inland,346,21.5736
111.0,2001,346.0,76.00428771972656,0.0,346.0,0.0,U0111,Inland Floodplain Shrublands / Swamps,inland,346,21.5736
111.0,2002,346.0,62.166404724121094,15.0,346.0,4.335260115606936,U0111,Inland Floodplain Shrublands / Swamps,inland,346,21.5736
111.0,2003,346.0,64.70067977905273,0.0,346.0,0.0,U0111,Inland Floodplain Shrublands / Swamps,inland,346,21.5736
111.0,2004,346.0,69.8731746673584,0.0,346.0,0.0,U0111,Inland Floodplain Shrublands / Swamps,inland,346,21.5736
111.0,2005,346.0,80.0590991973877,13.0,346.0,3.7572254335260116,U0111,Inland Floodplain Shrublands / Swamps,inland,346,21.5736
111.0,2006,346.0,68.98284721374512,0.0,346.0,0.0,U0111,Inland Floodplain Shrublands / Swamps,inland,346,21.5736
111.0,2007,346.0,62.054460525512695,0.0,346.0,0.0,U0111,Inland Floodplain Shrublands / Swamps,inland,346,21.5736
111.0,2008,346.0,31.958516120910645,0.0,346.0,0.0,U0111,Inland Floodplain Shrublands / Swamps,inland,346,21.5736
111.0,2009,346.0,56.90014934539795,0.0,346.0,0.0,U0111,Inland Floodplain Shrublands / Swamps,inland,346,21.5736
111.0,2010,346.0,83.35468864440918,43.0,346.0,12.427745664739884,U0111,Inland Floodplain Shrublands / Swamps,inland,346,21.5736
111.0,2011,346.0,86.82878875732422,213.0,346.0,61.5606936416185,U0111,Inland Floodplain Shrublands / Swamps,inland,346,21.5736
111.0,2012,346.0,84.03991317749023,0.0,346.0,0.0,U0111,Inland Floodplain Shrublands / Swamps,inland,346,21.5736
111.0,2013,346.0,81.89971542358398,6.0,346.0,1.7341040462427746,U0111,Inland Floodplain Shrublands / Swamps,inland,346,21.5736
111.0,2014,346.0,69.5152587890625,0.0,346.0,0.0,U0111,Inland Floodplain Shrublands / Swamps,inland,346,21.5736
111.0,2015,346.0,67.64660835266113,0.0,346.0,0.0,U0111,Inland Floodplain Shrublands / Swamps,inland,346,21.5736
111.0,2016,346.0,87.38946151733398,214.0,346.0,61.84971098265896,U0111,Inland Floodplain Shrublands / Swamps,inland,346,21.5736
111.0,2017,346.0,84.3450813293457,0.0,346.0,0.0,U0111,Inland Floodplain Shrublands / Swamps,inland,346,21.5736
111.0,2018,346.0,62.5968656539917,0.0,346.0,0.0,U0111,Inland Floodplain Shrublands / Swamps,inland,346,21.5736
111.0,2019,346.0,55.08970260620117,0.0,346.0,0.0,U0111,Inland Floodplain Shrublands / Swamps,inland,346,21.5736
111.0,2020,346.0,57.39218330383301,0.0,346.0,0.0,U0111,Inland Floodplain Shrublands / Swamps,inland,346,21.5736
111.0,2021,346.0,60.02847385406494,17.0,346.0,4.913294797687861,U0111,Inland Floodplain Shrublands / Swamps,inland,346,21.5736
111.0,2022,346.0,81.94215202331543,346.0,346.0,100.0,U0111,Inland Floodplain Shrublands / Swamps,inland,346,21.5736
112.0,1988,292.0,84.54265365600585,228.0,292.0,78.08219178082192,U0112,Inland Floodplain Shrublands / Swamps,inland,292,18.2066
112.0,1989,292.0,89.35458564758301,156.0,292.0,53.42465753424658,U0112,Inland Floodplain Shrublands / Swamps,inland,292,18.2066
112.0,1990,292.0,84.14750251770019,120.0,292.0,41.0958904109589,U0112,Inland Floodplain Shrublands / Swamps,inland,292,18.2066
112.0,1991,292.0,80.75179252624511,216.0,292.0,73.97260273972603,U0112,Inland Floodplain Shrublands / Swamps,inland,292,18.2066
112.0,1992,292.0,80.22978134155274,256.0,292.0,87.67123287671232,U0112,Inland Floodplain Shrublands / Swamps,inland,292,18.2066
112.0,1993,292.0,78.98135299682617,238.0,292.0,81.5068493150685,U0112,Inland Floodplain Shrublands / Swamps,inland,292,18.2066
112.0,1994,292.0,51.043918418884275,6.0,292.0,2.0547945205479454,U0112,Inland Floodplain Shrublands / Swamps,inland,292,18.2066
112.0,1995,292.0,78.71674346923828,97.0,292.0,33.21917808219178,U0112,Inland Floodplain Shrublands / Swamps,inland,292,18.2066
112.0,1996,292.0,76.85603828430176,239.0,292.0,81.84931506849315,U0112,Inland Floodplain Shrublands / Swamps,inland,292,18.2066
112.0,1997,292.0,77.98769187927246,1.0,292.0,0.3424657534246575,U0112,Inland Floodplain Shrublands / Swamps,inland,292,18.2066
112.0,1998,292.0,68.01638793945312,170.0,292.0,58.21917808219178,U0112,Inland Floodplain Shrublands / Swamps,inland,292,18.2066
112.0,1999,292.0,73.07536354064942,22.0,292.0,7.534246575342466,U0112,Inland Floodplain Shrublands / Swamps,inland,292,18.2066
112.0,2000,292.0,73.20357246398926,69.0,292.0,23.63013698630137,U0112,Inland Floodplain Shrublands / Swamps,inland,292,18.2066
112.0,2001,292.0,72.85430564880372,0.0,292.0,0.0,U0112,Inland Floodplain Shrublands / Swamps,inland,292,18.2066
112.0,2002,292.0,69.5781463623047,99.0,292.0,33.9041095890411,U0112,Inland Floodplain Shrublands / Swamps,inland,292,18.2066
112.0,2003,292.0,66.86424674987794,0.0,292.0,0.0,U0112,Inland Floodplain Shrublands / Swamps,inland,292,18.2066
112.0,2004,292.0,68.19104690551758,0.0,292.0,0.0,U0112,Inland Floodplain Shrublands / Swamps,inland,292,18.2066
112.0,2005,292.0,73.6422019958496,75.0,292.0,25.684931506849313,U0112,Inland Floodplain Shrublands / Swamps,inland,292,18.2066
112.0,2006,292.0,63.49806175231934,0.0,292.0,0.0,U0112,Inland Floodplain Shrublands / Swamps,inland,292,18.2066
112.0,2007,292.0,51.32523384094238,0.0,292.0,0.0,U0112,Inland Floodplain Shrublands / Swamps,inland,292,18.2066
112.0,2008,292.0,37.75216579437256,0.0,292.0,0.0,U0112,Inland Floodplain Shrublands / Swamps,inland,292,18.2066
112.0,2009,292.0,65.242183303833,1.0,292.0,0.3424657534246575,U0112,Inland Floodplain Shrublands / Swamps,inland,292,18.2066
112.0,2010,292.0,80.09193229675293,150.0,292.0,51.36986301369863,U0112,Inland Floodplain Shrublands / Swamps,inland,292,18.2066
112.0,2011,292.0,81.17340660095215,48.0,292.0,16.438356164383563,U0112,Inland Floodplain Shrublands / Swamps,inland,292,18.2066
112.0,2012,292.0,80.54393424987794,5.0,292.0,1.7123287671232876,U0112,Inland Floodplain Shrublands / Swamps,inland,292,18.2066
112.0,2013,292.0,68.54999732971191,1.0,292.0,0.3424657534246575,U0112,Inland Floodplain Shrublands / Swamps,inland,292,18.2066
112.0,2014,292.0,55.438190650939944,0.0,292.0,0.0,U0112,Inland Floodplain Shrublands / Swamps,inland,292,18.2066
112.0,2015,292.0,64.8432731628418,0.0,292.0,0.0,U0112,Inland Floodplain Shrublands / Swamps,inland,292,18.2066
112.0,2016,292.0,81.37292709350587,127.0,292.0,43.49315068493151,U0112,Inland Floodplain Shrublands / Swamps,inland,292,18.2066
112.0,2017,292.0,81.71500205993652,0.0,292.0,0.0,U0112,Inland Floodplain Shrublands / Swamps,inland,292,18.2066
112.0,2018,292.0,71.14180030822754,1.0,292.0,0.3424657534246575,U0112,Inland Floodplain Shrublands / Swamps,inland,292,18.2066
112.0,2019,292.0,64.49631690979004,0.0,292.0,0.0,U0112,Inland Floodplain Shrublands / Swamps,inland,292,18.2066
112.0,2020,292.0,65.10713996887208,41.0,292.0,14.04109589041096,U0112,Inland Floodplain Shrublands / Swamps,inland,292,18.2066
112.0,2021,292.0,65.19597473144532,103.0,292.0,35.273972602739725,U0112,Inland Floodplain Shrublands / Swamps,inland,292,18.2066
112.0,2022,292.0,81.30535087585449,292.0,292.0,100.0,U0112,Inland Floodplain Shrublands / Swamps,inland,292,18.2066
158.0,1988,2781.0,74.08729553222656,1367.0,2781.0,49.15498022294139,U0158,Inland Floodplain Shrublands / Swamps,inland,2781,173.3993
158.0,1989,2781.0,71.10364532470703,733.0,2781.0,26.3574253865516,U0158,Inland Floodplain Shrublands / Swamps,inland,2781,173.3993
158.0,1990,2781.0,47.02313232421875,1687.0,2781.0,60.6616325062927,U0158,Inland Floodplain Shrublands / Swamps,inland,2781,173.3993
158.0,1991,2764.0,50.61521739959717,646.0,2781.0,23.229054297015463,U0158,Inland Floodplain Shrublands / Swamps,inland,2781,173.3993
158.0,1992,2781.0,58.60603713989258,1254.0,2781.0,45.09169363538295,U0158,Inland Floodplain Shrublands / Swamps,inland,2781,173.3993
158.0,1993,2781.0,61.510963439941406,1332.0,2781.0,47.896440129449836,U0158,Inland Floodplain Shrublands / Swamps,inland,2781,173.3993
158.0,1994,2781.0,41.950599670410156,145.0,2781.0,5.213951815893563,U0158,Inland Floodplain Shrublands / Swamps,inland,2781,173.3993
158.0,1995,2781.0,65.33243560791016,1144.0,2781.0,41.13628191298094,U0158,Inland Floodplain Shrublands / Swamps,inland,2781,173.3993
158.0,1996,2458.0,59.620825958251956,944.0,2781.0,33.94462423588637,U0158,Inland Floodplain Shrublands / Swamps,inland,2781,173.3993
158.0,1997,2781.0,44.31405258178711,104.0,2781.0,3.7396619920891765,U0158,Inland Floodplain Shrublands / Swamps,inland,2781,173.3993
158.0,1998,2781.0,42.205787658691406,238.0,2781.0,8.558072635742539,U0158,Inland Floodplain Shrublands / Swamps,inland,2781,173.3993
158.0,1999,2781.0,64.01823425292969,166.0,2781.0,5.969075871988493,U0158,Inland Floodplain Shrublands / Swamps,inland,2781,173.3993
158.0,2000,2781.0,73.52567291259766,1248.0,2781.0,44.875943905070116,U0158,Inland Floodplain Shrublands / Swamps,inland,2781,173.3993
158.0,2001,2781.0,62.04655075073242,0.0,2781.0,0.0,U0158,Inland Floodplain Shrublands / Swamps,inland,2781,173.3993
158.0,2002,2781.0,43.75086975097656,202.0,2781.0,7.263574253865516,U0158,Inland Floodplain Shrublands / Swamps,inland,2781,173.3993
158.0,2003,2781.0,47.06269454956055,4.0,2781.0,0.1438331535418914,U0158,Inland Floodplain Shrublands / Swamps,inland,2781,173.3993
158.0,2004,2781.0,53.122432708740234,18.0,2781.0,0.6472491909385113,U0158,Inland Floodplain Shrublands / Swamps,inland,2781,173.3993
158.0,2005,2781.0,62.42301559448242,145.0,2781.0,5.213951815893563,U0158,Inland Floodplain Shrublands / Swamps,inland,2781,173.3993
158.0,2006,2781.0,51.90810775756836,0.0,2781.0,0.0,U0158,Inland Floodplain Shrublands / Swamps,inland,2781,173.3993
158.0,2007,2781.0,46.47502899169922,0.0,2781.0,0.0,U0158,Inland Floodplain Shrublands / Swamps,inland,2781,173.3993
158.0,2008,2781.0,23.820703506469727,70.0,2781.0,2.5170801869830997,U0158,Inland Floodplain Shrublands / Swamps,inland,2781,173.3993
158.0,2009,2781.0,39.32412338256836,28.0,2781.0,1.0068320747932398,U0158,Inland Floodplain Shrublands / Swamps,inland,2781,173.3993
158.0,2010,2781.0,65.88385772705078,1937.0,2781.0,69.65120460266091,U0158,Inland Floodplain Shrublands / Swamps,inland,2781,173.3993
158.0,2011,2781.0,77.0861587524414,1472.0,2781.0,52.93060050341604,U0158,Inland Floodplain Shrublands / Swamps,inland,2781,173.3993
158.0,2012,2781.0,76.72819519042969,31.0,2781.0,1.1147069399496583,U0158,Inland Floodplain Shrublands / Swamps,inland,2781,173.3993
158.0,2013,2781.0,67.28339385986328,47.0,2781.0,1.690039554117224,U0158,Inland Floodplain Shrublands / Swamps,inland,2781,173.3993
158.0,2014,2781.0,46.13181686401367,0.0,2781.0,0.0,U0158,Inland Floodplain Shrublands / Swamps,inland,2781,173.3993
158.0,2015,2781.0,47.080650329589844,0.0,2781.0,0.0,U0158,Inland Floodplain Shrublands / Swamps,inland,2781,173.3993
158.0,2016,2781.0,76.09728240966797,2430.0,2781.0,87.37864077669903,U0158,Inland Floodplain Shrublands / Swamps,inland,2781,173.3993
158.0,2017,2781.0,76.34027862548828,128.0,2781.0,4.602660913340525,U0158,Inland Floodplain Shrublands / Swamps,inland,2781,173.3993
158.0,2018,2781.0,55.17283630371094,157.0,2781.0,5.645451276519237,U0158,Inland Floodplain Shrublands / Swamps,inland,2781,173.3993
158.0,2019,2781.0,52.015323638916016,43.0,2781.0,1.5462064005753327,U0158,Inland Floodplain Shrublands / Swamps,inland,2781,173.3993
158.0,2020,2781.0,50.73595428466797,153.0,2781.0,5.501618122977346,U0158,Inland Floodplain Shrublands / Swamps,inland,2781,173.3993
158.0,2021,2781.0,57.71240997314453,1022.0,2781.0,36.749370729953256,U0158,Inland Floodplain Shrublands / Swamps,inland,2781,173.3993
158.0,2022,2781.0,70.48033905029297,2508.0,2781.0,90.1833872707659,U0158,Inland Floodplain Shrublands / Swamps,inland,2781,173.3993
163.0,1988,1473.0,83.15884857177734,690.0,1473.0,46.84317718940937,U0163,Inland Floodplain Shrublands / Swamps,inland,1473,91.8437
163.0,1989,1473.0,85.42130432128906,922.0,1473.0,62.59334691106585,U0163,Inland Floodplain Shrublands / Swamps,inland,1473,91.8437
163.0,1990,1473.0,81.02034454345703,1428.0,1473.0,96.94501018329939,U0163,Inland Floodplain Shrublands / Swamps,inland,1473,91.8437
163.0,1991,1473.0,81.94019622802735,624.0,1473.0,42.36252545824847,U0163,Inland Floodplain Shrublands / Swamps,inland,1473,91.8437
163.0,1992,1473.0,78.93186950683594,1443.0,1473.0,97.9633401221996,U0163,Inland Floodplain Shrublands / Swamps,inland,1473,91.8437
163.0,1993,1473.0,83.75690155029297,577.0,1473.0,39.17175831636117,U0163,Inland Floodplain Shrublands / Swamps,inland,1473,91.8437
163.0,1994,1473.0,74.33372192382812,7.0,1473.0,0.47522063815342835,U0163,Inland Floodplain Shrublands / Swamps,inland,1473,91.8437
163.0,1995,1473.0,81.61178283691406,1067.0,1473.0,72.43720298710116,U0163,Inland Floodplain Shrublands / Swamps,inland,1473,91.8437
163.0,1996,1473.0,81.32616119384765,1076.0,1473.0,73.04820095044127,U0163,Inland Floodplain Shrublands / Swamps,inland,1473,91.8437
163.0,1997,1473.0,76.2144546508789,70.0,1473.0,4.752206381534283,U0163,Inland Floodplain Shrublands / Swamps,inland,1473,91.8437
163.0,1998,1473.0,74.51577758789062,1238.0,1473.0,84.04616429056348,U0163,Inland Floodplain Shrublands / Swamps,inland,1473,91.8437
163.0,1999,1473.0,84.17880096435547,11.0,1473.0,0.7467752885268161,U0163,Inland Floodplain Shrublands / Swamps,inland,1473,91.8437
163.0,2000,1473.0,76.68209075927734,1119.0,1473.0,75.96741344195519,U0163,Inland Floodplain Shrublands / Swamps,inland,1473,91.8437
163.0,2001,1473.0,81.40891723632812,0.0,1473.0,0.0,U0163,Inland Floodplain Shrublands / Swamps,inland,1473,91.8437
163.0,2002,1473.0,79.74634857177735,389.0,1473.0,26.40868974881195,U0163,Inland Floodplain Shrublands / Swamps,inland,1473,91.8437
163.0,2003,1473.0,76.10351867675782,0.0,1473.0,0.0,U0163,Inland Floodplain Shrublands / Swamps,inland,1473,91.8437
163.0,2004,1473.0,74.60082092285157,8.0,1473.0,0.5431093007467753,U0163,Inland Floodplain Shrublands / Swamps,inland,1473,91.8437
163.0,2005,1473.0,79.92038116455078,1170.0,1473.0,79.42973523421588,U0163,Inland Floodplain Shrublands / Swamps,inland,1473,91.8437
163.0,2006,1473.0,77.47306060791016,0.0,1473.0,0.0,U0163,Inland Floodplain Shrublands / Swamps,inland,1473,91.8437
163.0,2007,1473.0,71.99228363037109,0.0,1473.0,0.0,U0163,Inland Floodplain Shrublands / Swamps,inland,1473,91.8437
163.0,2008,1473.0,53.30100631713867,0.0,1473.0,0.0,U0163,Inland Floodplain Shrublands / Swamps,inland,1473,91.8437
163.0,2009,1473.0,59.87637023925781,2.0,1473.0,0.13577732518669383,U0163,Inland Floodplain Shrublands / Swamps,inland,1473,91.8437
163.0,2010,1473.0,81.92737426757813,1382.0,1473.0,93.82213170400543,U0163,Inland Floodplain Shrublands / Swamps,inland,1473,91.8437
163.0,2011,1473.0,82.12805480957032,1067.0,1473.0,72.43720298710116,U0163,Inland Floodplain Shrublands / Swamps,inland,1473,91.8437
163.0,2012,1473.0,84.993017578125,246.0,1473.0,16.70061099796334,U0163,Inland Floodplain Shrublands / Swamps,inland,1473,91.8437
163.0,2013,1473.0,81.11248779296875,364.0,1473.0,24.711473183978274,U0163,Inland Floodplain Shrublands / Swamps,inland,1473,91.8437
163.0,2014,1473.0,73.87325744628906,323.0,1473.0,21.92803801765105,U0163,Inland Floodplain Shrublands / Swamps,inland,1473,91.8437
163.0,2015,1473.0,75.56387481689453,171.0,1473.0,11.608961303462321,U0163,Inland Floodplain Shrublands / Swamps,inland,1473,91.8437
163.0,2016,1473.0,84.59576110839843,1457.0,1473.0,98.91378139850644,U0163,Inland Floodplain Shrublands / Swamps,inland,1473,91.8437
163.0,2017,1473.0,79.83582153320313,240.0,1473.0,16.293279022403258,U0163,Inland Floodplain Shrublands / Swamps,inland,1473,91.8437
163.0,2018,1473.0,75.91144714355468,50.0,1473.0,3.3944331296673456,U0163,Inland Floodplain Shrublands / Swamps,inland,1473,91.8437
163.0,2019,1473.0,72.82105407714843,190.0,1473.0,12.898845892735913,U0163,Inland Floodplain Shrublands / Swamps,inland,1473,91.8437
163.0,2020,1473.0,76.11953582763672,712.0,1473.0,48.336727766463,U0163,Inland Floodplain Shrublands / Swamps,inland,1473,91.8437
163.0,2021,1473.0,77.96754302978516,1351.0,1473.0,91.71758316361168,U0163,Inland Floodplain Shrublands / Swamps,inland,1473,91.8437
163.0,2022,1473.0,87.97073974609376,1468.0,1473.0,99.66055668703326,U0163,Inland Floodplain Shrublands / Swamps,inland,1473,91.8437
168.0,1988,641.0,84.23075866699219,2.0,641.0,0.31201248049922,U0168,Inland Floodplain Shrublands / Swamps,inland,641,39.9673
168.0,1989,641.0,83.66492462158203,65.0,641.0,10.14040561622465,U0168,Inland Floodplain Shrublands / Swamps,inland,641,39.9673
168.0,1990,641.0,83.84551239013672,25.0,641.0,3.9001560062402496,U0168,Inland Floodplain Shrublands / Swamps,inland,641,39.9673
168.0,1991,641.0,76.73133087158203,114.0,641.0,17.784711388455538,U0168,Inland Floodplain Shrublands / Swamps,inland,641,39.9673
168.0,1992,641.0,74.92829895019531,190.0,641.0,29.641185647425896,U0168,Inland Floodplain Shrublands / Swamps,inland,641,39.9673
168.0,1993,641.0,74.7718505859375,595.0,641.0,92.82371294851794,U0168,Inland Floodplain Shrublands / Swamps,inland,641,39.9673
168.0,1994,641.0,72.6232681274414,0.0,641.0,0.0,U0168,Inland Floodplain Shrublands / Swamps,inland,641,39.9673
168.0,1995,641.0,81.27151489257812,6.0,641.0,0.9360374414976599,U0168,Inland Floodplain Shrublands / Swamps,inland,641,39.9673
168.0,1996,641.0,70.43976593017578,3.0,641.0,0.46801872074882994,U0168,Inland Floodplain Shrublands / Swamps,inland,641,39.9673
168.0,1997,641.0,72.11017608642578,0.0,641.0,0.0,U0168,Inland Floodplain Shrublands / Swamps,inland,641,39.9673
168.0,1998,641.0,65.44571685791016,621.0,641.0,96.8798751950078,U0168,Inland Floodplain Shrublands / Swamps,inland,641,39.9673
168.0,1999,641.0,82.87258911132812,0.0,641.0,0.0,U0168,Inland Floodplain Shrublands / Swamps,inland,641,39.9673
168.0,2000,641.0,76.35120391845703,591.0,641.0,92.1996879875195,U0168,Inland Floodplain Shrublands / Swamps,inland,641,39.9673
168.0,2001,641.0,73.0522689819336,0.0,641.0,0.0,U0168,Inland Floodplain Shrublands / Swamps,inland,641,39.9673
168.0,2002,641.0,71.45665740966797,7.0,641.0,1.0920436817472698,U0168,Inland Floodplain Shrublands / Swamps,inland,641,39.9673
168.0,2003,641.0,70.0851821899414,0.0,641.0,0.0,U0168,Inland Floodplain Shrublands / Swamps,inland,641,39.9673
168.0,2004,641.0,59.34332275390625,0.0,641.0,0.0,U0168,Inland Floodplain Shrublands / Swamps,inland,641,39.9673
168.0,2005,641.0,75.0419921875,65.0,641.0,10.14040561622465,U0168,Inland Floodplain Shrublands / Swamps,inland,641,39.9673
168.0,2006,641.0,68.97320556640625,0.0,641.0,0.0,U0168,Inland Floodplain Shrublands / Swamps,inland,641,39.9673
168.0,2007,641.0,65.28314208984375,0.0,641.0,0.0,U0168,Inland Floodplain Shrublands / Swamps,inland,641,39.9673
168.0,2008,641.0,36.78965759277344,0.0,641.0,0.0,U0168,Inland Floodplain Shrublands / Swamps,inland,641,39.9673
168.0,2009,641.0,57.156005859375,0.0,641.0,0.0,U0168,Inland Floodplain Shrublands / Swamps,inland,641,39.9673
168.0,2010,641.0,78.71651458740234,177.0,641.0,27.61310452418097,U0168,Inland Floodplain Shrublands / Swamps,inland,641,39.9673
168.0,2011,641.0,80.26909637451172,598.0,641.0,93.29173166926677,U0168,Inland Floodplain Shrublands / Swamps,inland,641,39.9673
168.0,2012,641.0,76.05355834960938,4.0,641.0,0.62402496099844,U0168,Inland Floodplain Shrublands / Swamps,inland,641,39.9673
168.0,2013,641.0,74.35240173339844,18.0,641.0,2.8081123244929795,U0168,Inland Floodplain Shrublands / Swamps,inland,641,39.9673
168.0,2014,641.0,54.53837966918945,20.0,641.0,3.1201248049921997,U0168,Inland Floodplain Shrublands / Swamps,inland,641,39.9673
168.0,2015,641.0,58.11360168457031,0.0,641.0,0.0,U0168,Inland Floodplain Shrublands / Swamps,inland,641,39.9673
168.0,2016,641.0,87.00442504882812,117.0,641.0,18.252730109204368,U0168,Inland Floodplain Shrublands / Swamps,inland,641,39.9673
168.0,2017,641.0,80.08424377441406,0.0,641.0,0.0,U0168,Inland Floodplain Shrublands / Swamps,inland,641,39.9673
168.0,2018,641.0,58.50363540649414,0.0,641.0,0.0,U0168,Inland Floodplain Shrublands / Swamps,inland,641,39.9673
168.0,2019,641.0,45.98078918457031,0.0,641.0,0.0,U0168,Inland Floodplain Shrublands / Swamps,inland,641,39.9673
168.0,2020,641.0,64.17788696289062,2.0,641.0,0.31201248049922,U0168,Inland Floodplain Shrublands / Swamps,inland,641,39.9673
168.0,2021,641.0,61.88966369628906,217.0,641.0,33.853354134165365,U0168,Inland Floodplain Shrublands / Swamps,inland,641,39.9673
168.0,2022,641.0,80.90160369873047,641.0,641.0,100.0,U0168,Inland Floodplain Shrublands / Swamps,inland,641,39.9673
169.0,1988,440.0,59.187680625915526,84.0,440.0,19.09090909090909,U0169,Inland Floodplain Shrublands / Swamps,inland,440,27.4346
169.0,1989,440.0,63.010175514221196,0.0,440.0,0.0,U0169,Inland Floodplain Shrublands / Swamps,inland,440,27.4346
169.0,1990,440.0,32.69264965057373,99.0,440.0,22.5,U0169,Inland Floodplain Shrublands / Swamps,inland,440,27.4346
169.0,1991,440.0,24.256262493133548,0.0,440.0,0.0,U0169,Inland Floodplain Shrublands / Swamps,inland,440,27.4346
169.0,1992,440.0,42.52663459777832,132.0,440.0,30.0,U0169,Inland Floodplain Shrublands / Swamps,inland,440,27.4346
169.0,1993,440.0,44.06931285858154,0.0,440.0,0.0,U0169,Inland Floodplain Shrublands / Swamps,inland,440,27.4346
169.0,1994,440.0,27.17734889984131,0.0,440.0,0.0,U0169,Inland Floodplain Shrublands / Swamps,inland,440,27.4346
169.0,1995,440.0,36.74438362121582,2.0,440.0,0.45454545454545453,U0169,Inland Floodplain Shrublands / Swamps,inland,440,27.4346
169.0,1996,440.0,32.720917320251466,17.0,440.0,3.8636363636363638,U0169,Inland Floodplain Shrublands / Swamps,inland,440,27.4346
169.0,1997,440.0,29.853683090209962,0.0,440.0,0.0,U0169,Inland Floodplain Shrublands / Swamps,inland,440,27.4346
169.0,1998,440.0,30.9794114112854,0.0,440.0,0.0,U0169,Inland Floodplain Shrublands / Swamps,inland,440,27.4346
169.0,1999,440.0,51.74559211730957,1.0,440.0,0.22727272727272727,U0169,Inland Floodplain Shrublands / Swamps,inland,440,27.4346
169.0,2000,440.0,60.69918346405029,0.0,440.0,0.0,U0169,Inland Floodplain Shrublands / Swamps,inland,440,27.4346
169.0,2001,440.0,55.45867671966553,0.0,440.0,0.0,U0169,Inland Floodplain Shrublands / Swamps,inland,440,27.4346
169.0,2002,440.0,39.321532249450684,0.0,440.0,0.0,U0169,Inland Floodplain Shrublands / Swamps,inland,440,27.4346
169.0,2003,440.0,44.02128105163575,0.0,440.0,0.0,U0169,Inland Floodplain Shrublands / Swamps,inland,440,27.4346
169.0,2004,440.0,47.368509483337405,0.0,440.0,0.0,U0169,Inland Floodplain Shrublands / Swamps,inland,440,27.4346
169.0,2005,440.0,57.06192817687989,0.0,440.0,0.0,U0169,Inland Floodplain Shrublands / Swamps,inland,440,27.4346
169.0,2006,440.0,42.5960750579834,0.0,440.0,0.0,U0169,Inland Floodplain Shrublands / Swamps,inland,440,27.4346
169.0,2007,440.0,41.29489574432373,0.0,440.0,0.0,U0169,Inland Floodplain Shrublands / Swamps,inland,440,27.4346
169.0,2008,440.0,22.88128252029419,0.0,440.0,0.0,U0169,Inland Floodplain Shrublands / Swamps,inland,440,27.4346
169.0,2009,440.0,37.49584197998047,2.0,440.0,0.45454545454545453,U0169,Inland Floodplain Shrublands / Swamps,inland,440,27.4346
169.0,2010,440.0,70.22185554504395,278.0,440.0,63.18181818181818,U0169,Inland Floodplain Shrublands / Swamps,inland,440,27.4346
169.0,2011,440.0,71.8489917755127,291.0,440.0,66.13636363636364,U0169,Inland Floodplain Shrublands / Swamps,inland,440,27.4346
169.0,2012,440.0,66.13720092773437,0.0,440.0,0.0,U0169,Inland Floodplain Shrublands / Swamps,inland,440,27.4346
169.0,2013,440.0,61.135447120666505,1.0,440.0,0.22727272727272727,U0169,Inland Floodplain Shrublands / Swamps,inland,440,27.4346
169.0,2014,440.0,51.153598594665525,0.0,440.0,0.0,U0169,Inland Floodplain Shrublands / Swamps,inland,440,27.4346
169.0,2015,440.0,49.84937152862549,1.0,440.0,0.22727272727272727,U0169,Inland Floodplain Shrublands / Swamps,inland,440,27.4346
169.0,2016,440.0,74.19876098632812,262.0,440.0,59.54545454545455,U0169,Inland Floodplain Shrublands / Swamps,inland,440,27.4346
169.0,2017,440.0,69.65002212524413,1.0,440.0,0.22727272727272727,U0169,Inland Floodplain Shrublands / Swamps,inland,440,27.4346
169.0,2018,440.0,50.58723697662354,25.0,440.0,5.681818181818182,U0169,Inland Floodplain Shrublands / Swamps,inland,440,27.4346
169.0,2019,440.0,61.423081970214845,4.0,440.0,0.9090909090909091,U0169,Inland Floodplain Shrublands / Swamps,inland,440,27.4346
169.0,2020,440.0,53.31262836456299,86.0,440.0,19.545454545454547,U0169,Inland Floodplain Shrublands / Swamps,inland,440,27.4346
169.0,2021,440.0,59.31747589111328,76.0,440.0,17.272727272727273,U0169,Inland Floodplain Shrublands / Swamps,inland,440,27.4346
169.0,2022,440.0,70.64207572937012,437.0,440.0,99.31818181818181,U0169,Inland Floodplain Shrublands / Swamps,inland,440,27.4346
170.0,1988,59.0,69.87278594970704,2.0,59.0,3.389830508474576,U0170,Inland Floodplain Shrublands / Swamps,inland,59,3.6787
170.0,1989,59.0,72.70475311279297,6.0,59.0,10.169491525423728,U0170,Inland Floodplain Shrublands / Swamps,inland,59,3.6787
170.0,1990,59.0,63.61969184875488,45.0,59.0,76.27118644067797,U0170,Inland Floodplain Shrublands / Swamps,inland,59,3.6787
170.0,1991,59.0,64.7656463623047,0.0,59.0,0.0,U0170,Inland Floodplain Shrublands / Swamps,inland,59,3.6787
170.0,1992,59.0,71.2879508972168,52.0,59.0,88.13559322033899,U0170,Inland Floodplain Shrublands / Swamps,inland,59,3.6787
170.0,1993,59.0,76.55796966552734,0.0,59.0,0.0,U0170,Inland Floodplain Shrublands / Swamps,inland,59,3.6787
170.0,1994,59.0,43.69198417663574,0.0,59.0,0.0,U0170,Inland Floodplain Shrublands / Swamps,inland,59,3.6787
170.0,1995,59.0,74.11546936035157,3.0,59.0,5.084745762711864,U0170,Inland Floodplain Shrublands / Swamps,inland,59,3.6787
170.0,1996,59.0,66.71368865966797,33.0,59.0,55.932203389830505,U0170,Inland Floodplain Shrublands / Swamps,inland,59,3.6787
170.0,1997,59.0,67.50321807861329,0.0,59.0,0.0,U0170,Inland Floodplain Shrublands / Swamps,inland,59,3.6787
170.0,1998,59.0,63.82800025939942,42.0,59.0,71.1864406779661,U0170,Inland Floodplain Shrublands / Swamps,inland,59,3.6787
170.0,1999,59.0,74.62270660400391,1.0,59.0,1.694915254237288,U0170,Inland Floodplain Shrublands / Swamps,inland,59,3.6787
170.0,2000,59.0,71.88364486694336,0.0,59.0,0.0,U0170,Inland Floodplain Shrublands / Swamps,inland,59,3.6787
170.0,2001,59.0,70.15305633544922,0.0,59.0,0.0,U0170,Inland Floodplain Shrublands / Swamps,inland,59,3.6787
170.0,2002,59.0,58.015414810180665,0.0,59.0,0.0,U0170,Inland Floodplain Shrublands / Swamps,inland,59,3.6787
170.0,2003,59.0,64.27459411621093,0.0,59.0,0.0,U0170,Inland Floodplain Shrublands / Swamps,inland,59,3.6787
170.0,2004,59.0,63.618092727661136,0.0,59.0,0.0,U0170,Inland Floodplain Shrublands / Swamps,inland,59,3.6787
170.0,2005,59.0,71.98491821289062,53.0,59.0,89.83050847457628,U0170,Inland Floodplain Shrublands / Swamps,inland,59,3.6787
170.0,2006,59.0,60.27204132080078,0.0,59.0,0.0,U0170,Inland Floodplain Shrublands / Swamps,inland,59,3.6787
170.0,2007,59.0,45.70705146789551,0.0,59.0,0.0,U0170,Inland Floodplain Shrublands / Swamps,inland,59,3.6787
170.0,2008,59.0,39.83468475341797,0.0,59.0,0.0,U0170,Inland Floodplain Shrublands / Swamps,inland,59,3.6787
170.0,2009,59.0,62.57558746337891,0.0,59.0,0.0,U0170,Inland Floodplain Shrublands / Swamps,inland,59,3.6787
170.0,2010,59.0,78.72949142456055,24.0,59.0,40.67796610169491,U0170,Inland Floodplain Shrublands / Swamps,inland,59,3.6787
170.0,2011,59.0,81.57949142456054,19.0,59.0,32.20338983050848,U0170,Inland Floodplain Shrublands / Swamps,inland,59,3.6787
170.0,2012,59.0,67.62257385253906,0.0,59.0,0.0,U0170,Inland Floodplain Shrublands / Swamps,inland,59,3.6787
170.0,2013,59.0,66.74577178955079,0.0,59.0,0.0,U0170,Inland Floodplain Shrublands / Swamps,inland,59,3.6787
170.0,2014,59.0,61.228703308105466,0.0,59.0,0.0,U0170,Inland Floodplain Shrublands / Swamps,inland,59,3.6787
170.0,2015,59.0,71.34113464355468,0.0,59.0,0.0,U0170,Inland Floodplain Shrublands / Swamps,inland,59,3.6787
170.0,2016,59.0,80.11718444824218,52.0,59.0,88.13559322033899,U0170,Inland Floodplain Shrublands / Swamps,inland,59,3.6787
170.0,2017,59.0,77.29265441894532,0.0,59.0,0.0,U0170,Inland Floodplain Shrublands / Swamps,inland,59,3.6787
170.0,2018,59.0,60.814863967895505,0.0,59.0,0.0,U0170,Inland Floodplain Shrublands / Swamps,inland,59,3.6787
170.0,2019,59.0,67.64370040893554,0.0,59.0,0.0,U0170,Inland Floodplain Shrublands / Swamps,inland,59,3.6787
170.0,2020,59.0,70.52000427246094,12.0,59.0,20.338983050847457,U0170,Inland Floodplain Shrublands / Swamps,inland,59,3.6787
170.0,2021,59.0,73.34924850463867,52.0,59.0,88.13559322033899,U0170,Inland Floodplain Shrublands / Swamps,inland,59,3.6787
170.0,2022,59.0,81.54837417602539,58.0,59.0,98.30508474576271,U0170,Inland Floodplain Shrublands / Swamps,inland,59,3.6787
186.0,1988,894.0,83.34986763000488,394.0,894.0,44.07158836689038,U0186,Inland Floodplain Shrublands / Swamps,inland,894,55.7422
186.0,1989,894.0,84.46734771728515,565.0,894.0,63.19910514541387,U0186,Inland Floodplain Shrublands / Swamps,inland,894,55.7422
186.0,1990,894.0,79.60826530456544,345.0,894.0,38.59060402684564,U0186,Inland Floodplain Shrublands / Swamps,inland,894,55.7422
186.0,1991,894.0,65.74723587036132,102.0,894.0,11.409395973154362,U0186,Inland Floodplain Shrublands / Swamps,inland,894,55.7422
186.0,1992,894.0,71.64372062683105,524.0,894.0,58.61297539149888,U0186,Inland Floodplain Shrublands / Swamps,inland,894,55.7422
186.0,1993,894.0,72.40150260925293,243.0,894.0,27.181208053691275,U0186,Inland Floodplain Shrublands / Swamps,inland,894,55.7422
186.0,1994,894.0,69.53643455505372,2.0,894.0,0.22371364653243847,U0186,Inland Floodplain Shrublands / Swamps,inland,894,55.7422
186.0,1995,894.0,71.51697463989258,2.0,894.0,0.22371364653243847,U0186,Inland Floodplain Shrublands / Swamps,inland,894,55.7422
186.0,1996,894.0,66.48381538391114,801.0,894.0,89.59731543624162,U0186,Inland Floodplain Shrublands / Swamps,inland,894,55.7422
186.0,1997,894.0,65.85735664367675,1.0,894.0,0.11185682326621924,U0186,Inland Floodplain Shrublands / Swamps,inland,894,55.7422
186.0,1998,894.0,61.904727172851565,893.0,894.0,99.88814317673378,U0186,Inland Floodplain Shrublands / Swamps,inland,894,55.7422
186.0,1999,894.0,76.02347145080566,0.0,894.0,0.0,U0186,Inland Floodplain Shrublands / Swamps,inland,894,55.7422
186.0,2000,894.0,71.29121284484863,860.0,894.0,96.19686800894854,U0186,Inland Floodplain Shrublands / Swamps,inland,894,55.7422
186.0,2001,894.0,67.01764183044433,2.0,894.0,0.22371364653243847,U0186,Inland Floodplain Shrublands / Swamps,inland,894,55.7422
186.0,2002,894.0,65.60966873168945,20.0,894.0,2.237136465324385,U0186,Inland Floodplain Shrublands / Swamps,inland,894,55.7422
186.0,2003,894.0,62.05334892272949,0.0,894.0,0.0,U0186,Inland Floodplain Shrublands / Swamps,inland,894,55.7422
186.0,2004,894.0,56.03972492218018,1.0,894.0,0.11185682326621924,U0186,Inland Floodplain Shrublands / Swamps,inland,894,55.7422
186.0,2005,894.0,68.03956832885743,95.0,894.0,10.626398210290828,U0186,Inland Floodplain Shrublands / Swamps,inland,894,55.7422
186.0,2006,894.0,56.48138771057129,0.0,894.0,0.0,U0186,Inland Floodplain Shrublands / Swamps,inland,894,55.7422
186.0,2007,894.0,43.55069160461426,0.0,894.0,0.0,U0186,Inland Floodplain Shrublands / Swamps,inland,894,55.7422
186.0,2008,894.0,27.574407958984377,0.0,894.0,0.0,U0186,Inland Floodplain Shrublands / Swamps,inland,894,55.7422
186.0,2009,894.0,52.70435905456543,1.0,894.0,0.11185682326621924,U0186,Inland Floodplain Shrublands / Swamps,inland,894,55.7422
186.0,2010,894.0,77.0064624786377,894.0,894.0,100.0,U0186,Inland Floodplain Shrublands / Swamps,inland,894,55.7422
186.0,2011,894.0,73.87311782836915,734.0,894.0,82.10290827740492,U0186,Inland Floodplain Shrublands / Swamps,inland,894,55.7422
186.0,2012,894.0,79.0594554901123,528.0,894.0,59.060402684563755,U0186,Inland Floodplain Shrublands / Swamps,inland,894,55.7422
186.0,2013,894.0,64.43950691223145,20.0,894.0,2.237136465324385,U0186,Inland Floodplain Shrublands / Swamps,inland,894,55.7422
186.0,2014,894.0,49.439860343933105,19.0,894.0,2.1252796420581657,U0186,Inland Floodplain Shrublands / Swamps,inland,894,55.7422
186.0,2015,894.0,55.99949760437012,5.0,894.0,0.5592841163310962,U0186,Inland Floodplain Shrublands / Swamps,inland,894,55.7422
186.0,2016,894.0,79.56663627624512,851.0,894.0,95.19015659955257,U0186,Inland Floodplain Shrublands / Swamps,inland,894,55.7422
186.0,2017,894.0,79.22815322875977,10.0,894.0,1.1185682326621924,U0186,Inland Floodplain Shrublands / Swamps,inland,894,55.7422
186.0,2018,894.0,62.28603267669678,18.0,894.0,2.0134228187919465,U0186,Inland Floodplain Shrublands / Swamps,inland,894,55.7422
186.0,2019,894.0,42.14584846496582,0.0,894.0,0.0,U0186,Inland Floodplain Shrublands / Swamps,inland,894,55.7422
186.0,2020,894.0,53.44391002655029,4.0,894.0,0.44742729306487694,U0186,Inland Floodplain Shrublands / Swamps,inland,894,55.7422
186.0,2021,894.0,59.74839706420899,241.0,894.0,26.957494407158837,U0186,Inland Floodplain Shrublands / Swamps,inland,894,55.7422
186.0,2022,894.0,78.0805606842041,894.0,894.0,100.0,U0186,Inland Floodplain Shrublands / Swamps,inland,894,55.7422
187.0,1988,62.0,89.20205230712891,0.0,62.0,0.0,U0187,Inland Floodplain Shrublands / Swamps,inland,62,3.8658
187.0,1989,62.0,90.02295722961426,50.0,62.0,80.64516129032258,U0187,Inland Floodplain Shrublands / Swamps,inland,62,3.8658
187.0,1990,62.0,87.80382232666015,0.0,62.0,0.0,U0187,Inland Floodplain Shrublands / Swamps,inland,62,3.8658
187.0,1991,62.0,80.74423103332519,62.0,62.0,100.0,U0187,Inland Floodplain Shrublands / Swamps,inland,62,3.8658
187.0,1992,62.0,81.79200057983398,53.0,62.0,85.48387096774194,U0187,Inland Floodplain Shrublands / Swamps,inland,62,3.8658
187.0,1993,62.0,82.27974586486816,2.0,62.0,3.225806451612903,U0187,Inland Floodplain Shrublands / Swamps,inland,62,3.8658
187.0,1994,62.0,79.2015754699707,0.0,62.0,0.0,U0187,Inland Floodplain Shrublands / Swamps,inland,62,3.8658
187.0,1995,62.0,87.56663093566894,0.0,62.0,0.0,U0187,Inland Floodplain Shrublands / Swamps,inland,62,3.8658
187.0,1996,62.0,75.8902374267578,0.0,62.0,0.0,U0187,Inland Floodplain Shrublands / Swamps,inland,62,3.8658
187.0,1997,62.0,76.71982498168946,0.0,62.0,0.0,U0187,Inland Floodplain Shrublands / Swamps,inland,62,3.8658
187.0,1998,62.0,75.54607162475585,62.0,62.0,100.0,U0187,Inland Floodplain Shrublands / Swamps,inland,62,3.8658
187.0,1999,62.0,80.2077392578125,0.0,62.0,0.0,U0187,Inland Floodplain Shrublands / Swamps,inland,62,3.8658
187.0,2000,62.0,81.55426254272462,0.0,62.0,0.0,U0187,Inland Floodplain Shrublands / Swamps,inland,62,3.8658
187.0,2001,62.0,75.69906120300293,0.0,62.0,0.0,U0187,Inland Floodplain Shrublands / Swamps,inland,62,3.8658
187.0,2002,62.0,75.31629333496093,0.0,62.0,0.0,U0187,Inland Floodplain Shrublands / Swamps,inland,62,3.8658
187.0,2003,62.0,72.78305549621582,0.0,62.0,0.0,U0187,Inland Floodplain Shrublands / Swamps,inland,62,3.8658
187.0,2004,62.0,68.96588554382325,0.0,62.0,0.0,U0187,Inland Floodplain Shrublands / Swamps,inland,62,3.8658
187.0,2005,62.0,78.30947761535644,0.0,62.0,0.0,U0187,Inland Floodplain Shrublands / Swamps,inland,62,3.8658
187.0,2006,62.0,71.36516456604004,0.0,62.0,0.0,U0187,Inland Floodplain Shrublands / Swamps,inland,62,3.8658
187.0,2007,62.0,70.1162296295166,0.0,62.0,0.0,U0187,Inland Floodplain Shrublands / Swamps,inland,62,3.8658
187.0,2008,62.0,47.793495178222656,0.0,62.0,0.0,U0187,Inland Floodplain Shrublands / Swamps,inland,62,3.8658
187.0,2009,62.0,68.28086395263672,0.0,62.0,0.0,U0187,Inland Floodplain Shrublands / Swamps,inland,62,3.8658
187.0,2010,62.0,86.77959442138672,62.0,62.0,100.0,U0187,Inland Floodplain Shrublands / Swamps,inland,62,3.8658
187.0,2011,62.0,83.67561187744141,0.0,62.0,0.0,U0187,Inland Floodplain Shrublands / Swamps,inland,62,3.8658
187.0,2012,62.0,81.07381477355958,0.0,62.0,0.0,U0187,Inland Floodplain Shrublands / Swamps,inland,62,3.8658
187.0,2013,62.0,81.46138610839844,0.0,62.0,0.0,U0187,Inland Floodplain Shrublands / Swamps,inland,62,3.8658
187.0,2014,62.0,65.85214958190917,0.0,62.0,0.0,U0187,Inland Floodplain Shrublands / Swamps,inland,62,3.8658
187.0,2015,62.0,67.1021297454834,0.0,62.0,0.0,U0187,Inland Floodplain Shrublands / Swamps,inland,62,3.8658
187.0,2016,62.0,85.04966850280762,62.0,62.0,100.0,U0187,Inland Floodplain Shrublands / Swamps,inland,62,3.8658
187.0,2017,62.0,81.581547164917,0.0,62.0,0.0,U0187,Inland Floodplain Shrublands / Swamps,inland,62,3.8658
187.0,2018,62.0,71.47990379333496,0.0,62.0,0.0,U0187,Inland Floodplain Shrublands / Swamps,inland,62,3.8658
187.0,2019,62.0,61.30157909393311,0.0,62.0,0.0,U0187,Inland Floodplain Shrublands / Swamps,inland,62,3.8658
187.0,2020,62.0,66.72952651977539,0.0,62.0,0.0,U0187,Inland Floodplain Shrublands / Swamps,inland,62,3.8658
187.0,2021,62.0,69.4734992980957,53.0,62.0,85.48387096774194,U0187,Inland Floodplain Shrublands / Swamps,inland,62,3.8658
187.0,2022,62.0,87.31528816223144,62.0,62.0,100.0,U0187,Inland Floodplain Shrublands / Swamps,inland,62,3.8658
192.0,1988,954.0,85.97400588989258,8.0,954.0,0.8385744234800838,U0192,Inland Floodplain Shrublands / Swamps,inland,954,59.4833
192.0,1989,954.0,90.22422142028809,546.0,954.0,57.23270440251572,U0192,Inland Floodplain Shrublands / Swamps,inland,954,59.4833
192.0,1990,954.0,85.84006462097167,444.0,954.0,46.540880503144656,U0192,Inland Floodplain Shrublands / Swamps,inland,954,59.4833
192.0,1991,954.0,76.72168998718261,946.0,954.0,99.16142557651992,U0192,Inland Floodplain Shrublands / Swamps,inland,954,59.4833
192.0,1992,954.0,77.17977485656738,707.0,954.0,74.1090146750524,U0192,Inland Floodplain Shrublands / Swamps,inland,954,59.4833
192.0,1993,954.0,80.98420104980468,346.0,954.0,36.268343815513624,U0192,Inland Floodplain Shrublands / Swamps,inland,954,59.4833
192.0,1994,954.0,73.95914001464844,1.0,954.0,0.10482180293501048,U0192,Inland Floodplain Shrublands / Swamps,inland,954,59.4833
192.0,1995,954.0,88.23590507507325,14.0,954.0,1.4675052410901468,U0192,Inland Floodplain Shrublands / Swamps,inland,954,59.4833
192.0,1996,954.0,67.93337821960449,15.0,954.0,1.5723270440251573,U0192,Inland Floodplain Shrublands / Swamps,inland,954,59.4833
192.0,1997,954.0,63.95497207641601,0.0,954.0,0.0,U0192,Inland Floodplain Shrublands / Swamps,inland,954,59.4833
192.0,1998,954.0,67.85913391113282,933.0,954.0,97.79874213836477,U0192,Inland Floodplain Shrublands / Swamps,inland,954,59.4833
192.0,1999,954.0,73.8460765838623,3.0,954.0,0.31446540880503143,U0192,Inland Floodplain Shrublands / Swamps,inland,954,59.4833
192.0,2000,954.0,73.60055389404297,3.0,954.0,0.31446540880503143,U0192,Inland Floodplain Shrublands / Swamps,inland,954,59.4833
192.0,2001,954.0,52.06000175476074,0.0,954.0,0.0,U0192,Inland Floodplain Shrublands / Swamps,inland,954,59.4833
192.0,2002,954.0,61.509037780761716,6.0,954.0,0.6289308176100629,U0192,Inland Floodplain Shrublands / Swamps,inland,954,59.4833
192.0,2003,954.0,67.31365661621093,0.0,954.0,0.0,U0192,Inland Floodplain Shrublands / Swamps,inland,954,59.4833
192.0,2004,954.0,65.61986656188965,0.0,954.0,0.0,U0192,Inland Floodplain Shrublands / Swamps,inland,954,59.4833
192.0,2005,954.0,77.61651802062988,12.0,954.0,1.2578616352201257,U0192,Inland Floodplain Shrublands / Swamps,inland,954,59.4833
192.0,2006,954.0,66.33753967285156,0.0,954.0,0.0,U0192,Inland Floodplain Shrublands / Swamps,inland,954,59.4833
192.0,2007,954.0,57.290428733825685,0.0,954.0,0.0,U0192,Inland Floodplain Shrublands / Swamps,inland,954,59.4833
192.0,2008,954.0,37.68153533935547,0.0,954.0,0.0,U0192,Inland Floodplain Shrublands / Swamps,inland,954,59.4833
192.0,2009,954.0,55.2720890045166,0.0,954.0,0.0,U0192,Inland Floodplain Shrublands / Swamps,inland,954,59.4833
192.0,2010,954.0,80.17263488769531,954.0,954.0,100.0,U0192,Inland Floodplain Shrublands / Swamps,inland,954,59.4833
192.0,2011,954.0,76.68746223449708,15.0,954.0,1.5723270440251573,U0192,Inland Floodplain Shrublands / Swamps,inland,954,59.4833
192.0,2012,954.0,76.6293758392334,310.0,954.0,32.494758909853246,U0192,Inland Floodplain Shrublands / Swamps,inland,954,59.4833
192.0,2013,954.0,76.00003204345703,12.0,954.0,1.2578616352201257,U0192,Inland Floodplain Shrublands / Swamps,inland,954,59.4833
192.0,2014,954.0,60.44419479370117,12.0,954.0,1.2578616352201257,U0192,Inland Floodplain Shrublands / Swamps,inland,954,59.4833
192.0,2015,954.0,63.88201065063477,0.0,954.0,0.0,U0192,Inland Floodplain Shrublands / Swamps,inland,954,59.4833
192.0,2016,954.0,82.50237083435059,318.0,954.0,33.333333333333336,U0192,Inland Floodplain Shrublands / Swamps,inland,954,59.4833
192.0,2017,954.0,77.33406372070313,27.0,954.0,2.830188679245283,U0192,Inland Floodplain Shrublands / Swamps,inland,954,59.4833
192.0,2018,954.0,60.63004627227783,0.0,954.0,0.0,U0192,Inland Floodplain Shrublands / Swamps,inland,954,59.4833
192.0,2019,954.0,50.60351371765137,0.0,954.0,0.0,U0192,Inland Floodplain Shrublands / Swamps,inland,954,59.4833
192.0,2020,954.0,60.7450029373169,5.0,954.0,0.5241090146750524,U0192,Inland Floodplain Shrublands / Swamps,inland,954,59.4833
192.0,2021,954.0,64.65260810852051,428.0,954.0,44.863731656184484,U0192,Inland Floodplain Shrublands / Swamps,inland,954,59.4833
192.0,2022,954.0,82.95884819030762,954.0,954.0,100.0,U0192,Inland Floodplain Shrublands / Swamps,inland,954,59.4833
205.0,1988,951.0,71.7081527709961,964.0,1001.0,96.3036963036963,U0205,Inland Floodplain Shrublands / Swamps,inland,1001,62.4138
205.0,1989,1001.0,88.98394012451172,749.0,1001.0,74.82517482517483,U0205,Inland Floodplain Shrublands / Swamps,inland,1001,62.4138
205.0,1990,1001.0,78.1953125,518.0,1001.0,51.74825174825175,U0205,Inland Floodplain Shrublands / Swamps,inland,1001,62.4138
205.0,1991,1001.0,76.92508697509766,136.0,1001.0,13.586413586413586,U0205,Inland Floodplain Shrublands / Swamps,inland,1001,62.4138
205.0,1992,1001.0,73.3182601928711,992.0,1001.0,99.1008991008991,U0205,Inland Floodplain Shrublands / Swamps,inland,1001,62.4138
205.0,1993,1001.0,58.707122802734375,166.0,1001.0,16.583416583416582,U0205,Inland Floodplain Shrublands / Swamps,inland,1001,62.4138
205.0,1994,1001.0,55.266849517822266,7.0,1001.0,0.6993006993006993,U0205,Inland Floodplain Shrublands / Swamps,inland,1001,62.4138
205.0,1995,1001.0,77.70222473144531,923.0,1001.0,92.20779220779221,U0205,Inland Floodplain Shrublands / Swamps,inland,1001,62.4138
205.0,1996,1001.0,70.65430450439453,337.0,1001.0,33.666333666333664,U0205,Inland Floodplain Shrublands / Swamps,inland,1001,62.4138
205.0,1997,1001.0,46.409523010253906,0.0,1001.0,0.0,U0205,Inland Floodplain Shrublands / Swamps,inland,1001,62.4138
205.0,1998,1001.0,58.5404052734375,411.0,1001.0,41.05894105894106,U0205,Inland Floodplain Shrublands / Swamps,inland,1001,62.4138
205.0,1999,1001.0,77.30219268798828,6.0,1001.0,0.5994005994005994,U0205,Inland Floodplain Shrublands / Swamps,inland,1001,62.4138
205.0,2000,1001.0,66.60121154785156,978.0,1001.0,97.7022977022977,U0205,Inland Floodplain Shrublands / Swamps,inland,1001,62.4138
205.0,2001,1001.0,48.80241394042969,0.0,1001.0,0.0,U0205,Inland Floodplain Shrublands / Swamps,inland,1001,62.4138
205.0,2002,1001.0,35.13852310180664,226.0,1001.0,22.577422577422578,U0205,Inland Floodplain Shrublands / Swamps,inland,1001,62.4138
205.0,2003,1001.0,65.77333068847656,0.0,1001.0,0.0,U0205,Inland Floodplain Shrublands / Swamps,inland,1001,62.4138
205.0,2004,1001.0,66.09545135498047,6.0,1001.0,0.5994005994005994,U0205,Inland Floodplain Shrublands / Swamps,inland,1001,62.4138
205.0,2005,1001.0,71.92850494384766,136.0,1001.0,13.586413586413586,U0205,Inland Floodplain Shrublands / Swamps,inland,1001,62.4138
205.0,2006,1001.0,48.43771743774414,0.0,1001.0,0.0,U0205,Inland Floodplain Shrublands / Swamps,inland,1001,62.4138
205.0,2007,1001.0,31.186405181884766,0.0,1001.0,0.0,U0205,Inland Floodplain Shrublands / Swamps,inland,1001,62.4138
205.0,2008,1001.0,24.853321075439453,4.0,1001.0,0.3996003996003996,U0205,Inland Floodplain Shrublands / Swamps,inland,1001,62.4138
205.0,2009,1001.0,49.36181640625,5.0,1001.0,0.4995004995004995,U0205,Inland Floodplain Shrublands / Swamps,inland,1001,62.4138
205.0,2010,1001.0,83.87004852294922,34.0,1001.0,3.3966033966033966,U0205,Inland Floodplain Shrublands / Swamps,inland,1001,62.4138
205.0,2011,1001.0,87.71959686279297,240.0,1001.0,23.976023976023978,U0205,Inland Floodplain Shrublands / Swamps,inland,1001,62.4138
205.0,2012,1001.0,78.26466369628906,9.0,1001.0,0.8991008991008991,U0205,Inland Floodplain Shrublands / Swamps,inland,1001,62.4138
205.0,2013,1001.0,71.19356536865234,11.0,1001.0,1.098901098901099,U0205,Inland Floodplain Shrublands / Swamps,inland,1001,62.4138
205.0,2014,1001.0,57.1019287109375,104.0,1001.0,10.38961038961039,U0205,Inland Floodplain Shrublands / Swamps,inland,1001,62.4138
205.0,2015,1001.0,70.2012710571289,0.0,1001.0,0.0,U0205,Inland Floodplain Shrublands / Swamps,inland,1001,62.4138
205.0,2016,1001.0,85.35173797607422,997.0,1001.0,99.6003996003996,U0205,Inland Floodplain Shrublands / Swamps,inland,1001,62.4138
205.0,2017,1001.0,77.2942886352539,0.0,1001.0,0.0,U0205,Inland Floodplain Shrublands / Swamps,inland,1001,62.4138
205.0,2018,1001.0,59.823848724365234,1.0,1001.0,0.0999000999000999,U0205,Inland Floodplain Shrublands / Swamps,inland,1001,62.4138
205.0,2019,1001.0,54.189598083496094,0.0,1001.0,0.0,U0205,Inland Floodplain Shrublands / Swamps,inland,1001,62.4138
205.0,2020,1001.0,63.88877868652344,4.0,1001.0,0.3996003996003996,U0205,Inland Floodplain Shrublands / Swamps,inland,1001,62.4138
205.0,2021,1001.0,61.69126892089844,669.0,1001.0,66.83316683316683,U0205,Inland Floodplain Shrublands / Swamps,inland,1001,62.4138
205.0,2022,1001.0,83.54275512695312,998.0,1001.0,99.7002997002997,U0205,Inland Floodplain Shrublands / Swamps,inland,1001,62.4138
214.0,1988,3218.0,82.23252563476562,665.0,3218.0,20.665009322560596,U0214,Inland Floodplain Shrublands / Swamps,inland,3218,200.6469
214.0,1989,3218.0,81.14709510803223,2196.0,3218.0,68.24114356743318,U0214,Inland Floodplain Shrublands / Swamps,inland,3218,200.6469
214.0,1990,3218.0,81.0869743347168,3160.0,3218.0,98.19763828464885,U0214,Inland Floodplain Shrublands / Swamps,inland,3218,200.6469
214.0,1991,3218.0,77.99178924560547,2659.0,3218.0,82.62896208825357,U0214,Inland Floodplain Shrublands / Swamps,inland,3218,200.6469
214.0,1992,3218.0,82.82869606018066,2095.0,3218.0,65.10254816656308,U0214,Inland Floodplain Shrublands / Swamps,inland,3218,200.6469
214.0,1993,3218.0,76.13909149169922,3218.0,3218.0,100.0,U0214,Inland Floodplain Shrublands / Swamps,inland,3218,200.6469
214.0,1994,3218.0,76.05312995910644,0.0,3218.0,0.0,U0214,Inland Floodplain Shrublands / Swamps,inland,3218,200.6469
214.0,1995,3218.0,84.40417823791503,596.0,3218.0,18.520820385332506,U0214,Inland Floodplain Shrublands / Swamps,inland,3218,200.6469
214.0,1996,3217.0,74.4031753540039,3199.0,3218.0,99.40957116221256,U0214,Inland Floodplain Shrublands / Swamps,inland,3218,200.6469
214.0,1997,3218.0,84.30286750793456,0.0,3218.0,0.0,U0214,Inland Floodplain Shrublands / Swamps,inland,3218,200.6469
214.0,1998,3218.0,73.31627807617187,1537.0,3218.0,47.76258545680547,U0214,Inland Floodplain Shrublands / Swamps,inland,3218,200.6469
214.0,1999,3218.0,80.58446960449218,3.0,3218.0,0.09322560596643878,U0214,Inland Floodplain Shrublands / Swamps,inland,3218,200.6469
214.0,2000,3218.0,83.82415313720703,1.0,3218.0,0.031075201988812928,U0214,Inland Floodplain Shrublands / Swamps,inland,3218,200.6469
214.0,2001,3218.0,76.07224235534667,12.0,3218.0,0.3729024238657551,U0214,Inland Floodplain Shrublands / Swamps,inland,3218,200.6469
214.0,2002,3218.0,71.7257453918457,229.0,3218.0,7.116221255438161,U0214,Inland Floodplain Shrublands / Swamps,inland,3218,200.6469
214.0,2003,3218.0,67.39675979614258,0.0,3218.0,0.0,U0214,Inland Floodplain Shrublands / Swamps,inland,3218,200.6469
214.0,2004,3218.0,66.5094123840332,0.0,3218.0,0.0,U0214,Inland Floodplain Shrublands / Swamps,inland,3218,200.6469
214.0,2005,3218.0,77.80300865173339,3131.0,3218.0,97.29645742697328,U0214,Inland Floodplain Shrublands / Swamps,inland,3218,200.6469
214.0,2006,3218.0,73.0411994934082,0.0,3218.0,0.0,U0214,Inland Floodplain Shrublands / Swamps,inland,3218,200.6469
214.0,2007,3218.0,67.32176208496094,0.0,3218.0,0.0,U0214,Inland Floodplain Shrublands / Swamps,inland,3218,200.6469
214.0,2008,3218.0,47.251933860778806,0.0,3218.0,0.0,U0214,Inland Floodplain Shrublands / Swamps,inland,3218,200.6469
214.0,2009,3218.0,53.49269199371338,1.0,3218.0,0.031075201988812928,U0214,Inland Floodplain Shrublands / Swamps,inland,3218,200.6469
214.0,2010,3218.0,81.83151206970214,3218.0,3218.0,100.0,U0214,Inland Floodplain Shrublands / Swamps,inland,3218,200.6469
214.0,2011,3218.0,81.67264900207519,1596.0,3218.0,49.596022374145434,U0214,Inland Floodplain Shrublands / Swamps,inland,3218,200.6469
214.0,2012,3218.0,79.01900787353516,2501.0,3218.0,77.71908017402113,U0214,Inland Floodplain Shrublands / Swamps,inland,3218,200.6469
214.0,2013,3218.0,80.39528198242188,19.0,3218.0,0.5904288377874456,U0214,Inland Floodplain Shrublands / Swamps,inland,3218,200.6469
214.0,2014,3218.0,67.92362899780274,1.0,3218.0,0.031075201988812928,U0214,Inland Floodplain Shrublands / Swamps,inland,3218,200.6469
214.0,2015,3218.0,69.0159912109375,0.0,3218.0,0.0,U0214,Inland Floodplain Shrublands / Swamps,inland,3218,200.6469
214.0,2016,3218.0,80.08569831848145,3038.0,3218.0,94.40646364201368,U0214,Inland Floodplain Shrublands / Swamps,inland,3218,200.6469
214.0,2017,3218.0,81.39757461547852,6.0,3218.0,0.18645121193287756,U0214,Inland Floodplain Shrublands / Swamps,inland,3218,200.6469
214.0,2018,3218.0,70.18527030944824,1.0,3218.0,0.031075201988812928,U0214,Inland Floodplain Shrublands / Swamps,inland,3218,200.6469
214.0,2019,3218.0,61.59284439086914,0.0,3218.0,0.0,U0214,Inland Floodplain Shrublands / Swamps,inland,3218,200.6469
214.0,2020,3218.0,69.41787910461426,2.0,3218.0,0.062150403977625855,U0214,Inland Floodplain Shrublands / Swamps,inland,3218,200.6469
214.0,2021,3218.0,72.76730117797851,2750.0,3218.0,85.45680546923555,U0214,Inland Floodplain Shrublands / Swamps,inland,3218,200.6469
214.0,2022,3218.0,82.32667770385743,3218.0,3218.0,100.0,U0214,Inland Floodplain Shrublands / Swamps,inland,3218,200.6469
221.0,1988,2298.0,84.47746086120605,1218.0,2298.0,53.00261096605744,U0221,Inland Floodplain Shrublands / Swamps,inland,2298,143.2836
221.0,1989,2298.0,82.14594078063965,468.0,2298.0,20.365535248041777,U0221,Inland Floodplain Shrublands / Swamps,inland,2298,143.2836
221.0,1990,2298.0,82.77370872497559,1845.0,2298.0,80.28720626631853,U0221,Inland Floodplain Shrublands / Swamps,inland,2298,143.2836
221.0,1991,2298.0,70.53229637145996,976.0,2298.0,42.47171453437772,U0221,Inland Floodplain Shrublands / Swamps,inland,2298,143.2836
221.0,1992,2298.0,73.42746963500977,799.0,2298.0,34.76936466492602,U0221,Inland Floodplain Shrublands / Swamps,inland,2298,143.2836
221.0,1993,2298.0,73.11032104492188,1573.0,2298.0,68.45082680591818,U0221,Inland Floodplain Shrublands / Swamps,inland,2298,143.2836
221.0,1994,2298.0,70.650191116333,178.0,2298.0,7.745865970409051,U0221,Inland Floodplain Shrublands / Swamps,inland,2298,143.2836
221.0,1995,2298.0,76.82903594970703,300.0,2298.0,13.054830287206267,U0221,Inland Floodplain Shrublands / Swamps,inland,2298,143.2836
221.0,1996,2298.0,71.14422912597657,168.0,2298.0,7.310704960835509,U0221,Inland Floodplain Shrublands / Swamps,inland,2298,143.2836
221.0,1997,2298.0,64.41428985595704,74.0,2298.0,3.2201914708442123,U0221,Inland Floodplain Shrublands / Swamps,inland,2298,143.2836
221.0,1998,2298.0,63.010382461547856,657.0,2298.0,28.590078328981722,U0221,Inland Floodplain Shrublands / Swamps,inland,2298,143.2836
221.0,1999,2298.0,72.04229965209962,124.0,2298.0,5.395996518711923,U0221,Inland Floodplain Shrublands / Swamps,inland,2298,143.2836
221.0,2000,2298.0,74.15191268920898,150.0,2298.0,6.527415143603133,U0221,Inland Floodplain Shrublands / Swamps,inland,2298,143.2836
221.0,2001,2298.0,65.66135864257812,5.0,2298.0,0.2175805047867711,U0221,Inland Floodplain Shrublands / Swamps,inland,2298,143.2836
221.0,2002,2298.0,68.02573661804199,169.0,2298.0,7.354221061792863,U0221,Inland Floodplain Shrublands / Swamps,inland,2298,143.2836
221.0,2003,2298.0,64.49593963623047,7.0,2298.0,0.30461270670147955,U0221,Inland Floodplain Shrublands / Swamps,inland,2298,143.2836
221.0,2004,2298.0,65.51754150390624,68.0,2298.0,2.959094865100087,U0221,Inland Floodplain Shrublands / Swamps,inland,2298,143.2836
221.0,2005,2298.0,79.15772285461426,160.0,2298.0,6.962576153176675,U0221,Inland Floodplain Shrublands / Swamps,inland,2298,143.2836
221.0,2006,2298.0,71.66733016967774,3.0,2298.0,0.13054830287206268,U0221,Inland Floodplain Shrublands / Swamps,inland,2298,143.2836
221.0,2007,2298.0,61.6046443939209,1.0,2298.0,0.04351610095735422,U0221,Inland Floodplain Shrublands / Swamps,inland,2298,143.2836
221.0,2008,2298.0,40.63300704956055,5.0,2298.0,0.2175805047867711,U0221,Inland Floodplain Shrublands / Swamps,inland,2298,143.2836
221.0,2009,2298.0,62.038295936584475,193.0,2298.0,8.398607484769364,U0221,Inland Floodplain Shrublands / Swamps,inland,2298,143.2836
221.0,2010,2298.0,82.38030624389648,706.0,2298.0,30.72236727589208,U0221,Inland Floodplain Shrublands / Swamps,inland,2298,143.2836
221.0,2011,2298.0,86.41366920471191,542.0,2298.0,23.585726718885986,U0221,Inland Floodplain Shrublands / Swamps,inland,2298,143.2836
221.0,2012,2298.0,85.54749755859375,143.0,2298.0,6.222802436901653,U0221,Inland Floodplain Shrublands / Swamps,inland,2298,143.2836
221.0,2013,2298.0,80.67577018737794,159.0,2298.0,6.919060052219321,U0221,Inland Floodplain Shrublands / Swamps,inland,2298,143.2836
221.0,2014,2298.0,66.54848518371583,133.0,2298.0,5.787641427328111,U0221,Inland Floodplain Shrublands / Swamps,inland,2298,143.2836
221.0,2015,2298.0,72.55633735656738,30.0,2298.0,1.3054830287206267,U0221,Inland Floodplain Shrublands / Swamps,inland,2298,143.2836
221.0,2016,2298.0,86.60065956115723,2137.0,2298.0,92.99390774586597,U0221,Inland Floodplain Shrublands / Swamps,inland,2298,143.2836
221.0,2017,2298.0,83.58036270141602,30.0,2298.0,1.3054830287206267,U0221,Inland Floodplain Shrublands / Swamps,inland,2298,143.2836
221.0,2018,2298.0,71.79442520141602,36.0,2298.0,1.566579634464752,U0221,Inland Floodplain Shrublands / Swamps,inland,2298,143.2836
221.0,2019,2298.0,69.69986839294434,26.0,2298.0,1.1314186248912097,U0221,Inland Floodplain Shrublands / Swamps,inland,2298,143.2836
221.0,2020,2298.0,74.18014106750488,52.0,2298.0,2.2628372497824194,U0221,Inland Floodplain Shrublands / Swamps,inland,2298,143.2836
221.0,2021,2298.0,73.5477367401123,598.0,2298.0,26.022628372497824,U0221,Inland Floodplain Shrublands / Swamps,inland,2298,143.2836
221.0,2022,2298.0,80.96451911926269,2292.0,2298.0,99.73890339425587,U0221,Inland Floodplain Shrublands / Swamps,inland,2298,143.2836
229.0,1988,36.0,83.64997863769531,36.0,36.0,100.0,U0229,Inland Floodplain Shrublands / Swamps,inland,36,2.2447
229.0,1989,36.0,84.69682884216309,9.0,36.0,25.0,U0229,Inland Floodplain Shrublands / Swamps,inland,36,2.2447
229.0,1990,36.0,82.44435501098633,36.0,36.0,100.0,U0229,Inland Floodplain Shrublands / Swamps,inland,36,2.2447
229.0,1991,36.0,73.64257621765137,6.0,36.0,16.666666666666668,U0229,Inland Floodplain Shrublands / Swamps,inland,36,2.2447
229.0,1992,36.0,73.08364486694336,9.0,36.0,25.0,U0229,Inland Floodplain Shrublands / Swamps,inland,36,2.2447
229.0,1993,36.0,81.46805381774902,34.0,36.0,94.44444444444444,U0229,Inland Floodplain Shrublands / Swamps,inland,36,2.2447
229.0,1994,36.0,79.05947494506836,3.0,36.0,8.333333333333334,U0229,Inland Floodplain Shrublands / Swamps,inland,36,2.2447
229.0,1995,36.0,81.75365829467773,27.0,36.0,75.0,U0229,Inland Floodplain Shrublands / Swamps,inland,36,2.2447
229.0,1996,36.0,82.11405372619629,7.0,36.0,19.444444444444443,U0229,Inland Floodplain Shrublands / Swamps,inland,36,2.2447
229.0,1997,36.0,77.23762130737305,0.0,36.0,0.0,U0229,Inland Floodplain Shrublands / Swamps,inland,36,2.2447
229.0,1998,36.0,73.19072341918945,26.0,36.0,72.22222222222223,U0229,Inland Floodplain Shrublands / Swamps,inland,36,2.2447
229.0,1999,36.0,84.26401329040527,1.0,36.0,2.7777777777777777,U0229,Inland Floodplain Shrublands / Swamps,inland,36,2.2447
229.0,2000,36.0,83.84188270568848,5.0,36.0,13.88888888888889,U0229,Inland Floodplain Shrublands / Swamps,inland,36,2.2447
229.0,2001,36.0,78.72546195983887,0.0,36.0,0.0,U0229,Inland Floodplain Shrublands / Swamps,inland,36,2.2447
229.0,2002,36.0,75.47386741638184,9.0,36.0,25.0,U0229,Inland Floodplain Shrublands / Swamps,inland,36,2.2447
229.0,2003,36.0,80.19054985046387,0.0,36.0,0.0,U0229,Inland Floodplain Shrublands / Swamps,inland,36,2.2447
229.0,2004,36.0,77.10956764221191,0.0,36.0,0.0,U0229,Inland Floodplain Shrublands / Swamps,inland,36,2.2447
229.0,2005,36.0,81.46012115478516,8.0,36.0,22.22222222222222,U0229,Inland Floodplain Shrublands / Swamps,inland,36,2.2447
229.0,2006,36.0,74.06158447265625,0.0,36.0,0.0,U0229,Inland Floodplain Shrublands / Swamps,inland,36,2.2447
229.0,2007,36.0,77.95702362060547,0.0,36.0,0.0,U0229,Inland Floodplain Shrublands / Swamps,inland,36,2.2447
229.0,2008,36.0,62.81104850769043,0.0,36.0,0.0,U0229,Inland Floodplain Shrublands / Swamps,inland,36,2.2447
229.0,2009,36.0,70.07611274719238,2.0,36.0,5.555555555555555,U0229,Inland Floodplain Shrublands / Swamps,inland,36,2.2447
229.0,2010,36.0,84.93366050720215,7.0,36.0,19.444444444444443,U0229,Inland Floodplain Shrublands / Swamps,inland,36,2.2447
229.0,2011,36.0,85.95783615112305,5.0,36.0,13.88888888888889,U0229,Inland Floodplain Shrublands / Swamps,inland,36,2.2447
229.0,2012,36.0,87.76578712463379,0.0,36.0,0.0,U0229,Inland Floodplain Shrublands / Swamps,inland,36,2.2447
229.0,2013,36.0,85.1167221069336,0.0,36.0,0.0,U0229,Inland Floodplain Shrublands / Swamps,inland,36,2.2447
229.0,2014,36.0,77.08707618713379,0.0,36.0,0.0,U0229,Inland Floodplain Shrublands / Swamps,inland,36,2.2447
229.0,2015,36.0,81.38884735107422,5.0,36.0,13.88888888888889,U0229,Inland Floodplain Shrublands / Swamps,inland,36,2.2447
229.0,2016,36.0,89.48524856567383,36.0,36.0,100.0,U0229,Inland Floodplain Shrublands / Swamps,inland,36,2.2447
229.0,2017,36.0,85.40341186523438,0.0,36.0,0.0,U0229,Inland Floodplain Shrublands / Swamps,inland,36,2.2447
229.0,2018,36.0,81.88432312011719,5.0,36.0,13.88888888888889,U0229,Inland Floodplain Shrublands / Swamps,inland,36,2.2447
229.0,2019,36.0,80.63454055786133,2.0,36.0,5.555555555555555,U0229,Inland Floodplain Shrublands / Swamps,inland,36,2.2447
229.0,2020,36.0,82.52293395996094,5.0,36.0,13.88888888888889,U0229,Inland Floodplain Shrublands / Swamps,inland,36,2.2447
229.0,2021,36.0,82.55942153930664,18.0,36.0,50.0,U0229,Inland Floodplain Shrublands / Swamps,inland,36,2.2447
229.0,2022,36.0,89.71534729003906,36.0,36.0,100.0,U0229,Inland Floodplain Shrublands / Swamps,inland,36,2.2447
231.0,1988,234.0,88.91023216247558,0.0,234.0,0.0,U0231,Inland Floodplain Shrublands / Swamps,inland,234,14.5902
231.0,1989,234.0,92.07616310119629,93.0,234.0,39.743589743589745,U0231,Inland Floodplain Shrublands / Swamps,inland,234,14.5902
231.0,1990,234.0,90.29286041259766,164.0,234.0,70.08547008547009,U0231,Inland Floodplain Shrublands / Swamps,inland,234,14.5902
231.0,1991,234.0,82.85434379577637,234.0,234.0,100.0,U0231,Inland Floodplain Shrublands / Swamps,inland,234,14.5902
231.0,1992,234.0,79.78892021179199,224.0,234.0,95.72649572649573,U0231,Inland Floodplain Shrublands / Swamps,inland,234,14.5902
231.0,1993,234.0,79.57328910827637,196.0,234.0,83.76068376068376,U0231,Inland Floodplain Shrublands / Swamps,inland,234,14.5902
231.0,1994,234.0,79.63895721435547,0.0,234.0,0.0,U0231,Inland Floodplain Shrublands / Swamps,inland,234,14.5902
231.0,1995,234.0,89.33456001281738,10.0,234.0,4.273504273504273,U0231,Inland Floodplain Shrublands / Swamps,inland,234,14.5902
231.0,1996,234.0,77.00781440734863,13.0,234.0,5.555555555555555,U0231,Inland Floodplain Shrublands / Swamps,inland,234,14.5902
231.0,1997,234.0,77.3084602355957,0.0,234.0,0.0,U0231,Inland Floodplain Shrublands / Swamps,inland,234,14.5902
231.0,1998,234.0,75.98558349609375,234.0,234.0,100.0,U0231,Inland Floodplain Shrublands / Swamps,inland,234,14.5902
231.0,1999,234.0,82.58758163452148,1.0,234.0,0.42735042735042733,U0231,Inland Floodplain Shrublands / Swamps,inland,234,14.5902
231.0,2000,234.0,82.62831420898438,3.0,234.0,1.2820512820512822,U0231,Inland Floodplain Shrublands / Swamps,inland,234,14.5902
231.0,2001,234.0,79.08494911193847,3.0,234.0,1.2820512820512822,U0231,Inland Floodplain Shrublands / Swamps,inland,234,14.5902
231.0,2002,234.0,78.1588363647461,5.0,234.0,2.1367521367521367,U0231,Inland Floodplain Shrublands / Swamps,inland,234,14.5902
231.0,2003,234.0,78.91864318847657,0.0,234.0,0.0,U0231,Inland Floodplain Shrublands / Swamps,inland,234,14.5902
231.0,2004,234.0,75.7027645111084,0.0,234.0,0.0,U0231,Inland Floodplain Shrublands / Swamps,inland,234,14.5902
231.0,2005,234.0,82.8309383392334,1.0,234.0,0.42735042735042733,U0231,Inland Floodplain Shrublands / Swamps,inland,234,14.5902
231.0,2006,234.0,76.60441017150879,0.0,234.0,0.0,U0231,Inland Floodplain Shrublands / Swamps,inland,234,14.5902
231.0,2007,234.0,72.4977020263672,0.0,234.0,0.0,U0231,Inland Floodplain Shrublands / Swamps,inland,234,14.5902
231.0,2008,234.0,59.69472694396973,2.0,234.0,0.8547008547008547,U0231,Inland Floodplain Shrublands / Swamps,inland,234,14.5902
231.0,2009,234.0,65.52865142822266,8.0,234.0,3.4188034188034186,U0231,Inland Floodplain Shrublands / Swamps,inland,234,14.5902
231.0,2010,234.0,77.87724838256835,234.0,234.0,100.0,U0231,Inland Floodplain Shrublands / Swamps,inland,234,14.5902
231.0,2011,234.0,81.10893363952637,16.0,234.0,6.837606837606837,U0231,Inland Floodplain Shrublands / Swamps,inland,234,14.5902
231.0,2012,234.0,83.15866622924804,181.0,234.0,77.35042735042735,U0231,Inland Floodplain Shrublands / Swamps,inland,234,14.5902
231.0,2013,234.0,83.61929244995117,34.0,234.0,14.52991452991453,U0231,Inland Floodplain Shrublands / Swamps,inland,234,14.5902
231.0,2014,234.0,71.8121280670166,17.0,234.0,7.264957264957265,U0231,Inland Floodplain Shrublands / Swamps,inland,234,14.5902
231.0,2015,234.0,72.29566764831543,0.0,234.0,0.0,U0231,Inland Floodplain Shrublands / Swamps,inland,234,14.5902
231.0,2016,234.0,84.36446075439453,85.0,234.0,36.324786324786324,U0231,Inland Floodplain Shrublands / Swamps,inland,234,14.5902
231.0,2017,234.0,82.50736618041992,0.0,234.0,0.0,U0231,Inland Floodplain Shrublands / Swamps,inland,234,14.5902
231.0,2018,234.0,70.96196823120117,0.0,234.0,0.0,U0231,Inland Floodplain Shrublands / Swamps,inland,234,14.5902
231.0,2019,234.0,71.1279899597168,0.0,234.0,0.0,U0231,Inland Floodplain Shrublands / Swamps,inland,234,14.5902
231.0,2020,234.0,76.25761528015137,0.0,234.0,0.0,U0231,Inland Floodplain Shrublands / Swamps,inland,234,14.5902
231.0,2021,234.0,75.36923027038574,176.0,234.0,75.21367521367522,U0231,Inland Floodplain Shrublands / Swamps,inland,234,14.5902
231.0,2022,234.0,88.68817749023438,234.0,234.0,100.0,U0231,Inland Floodplain Shrublands / Swamps,inland,234,14.5902
235.0,1988,2419.0,84.44197845458984,1092.0,2419.0,45.142620917734604,U0235,Inland Floodplain Shrublands / Swamps,inland,2419,150.8281
235.0,1989,2419.0,87.3619270324707,1281.0,2419.0,52.95576684580405,U0235,Inland Floodplain Shrublands / Swamps,inland,2419,150.8281
235.0,1990,2419.0,78.96546173095703,1914.0,2419.0,79.12360479536999,U0235,Inland Floodplain Shrublands / Swamps,inland,2419,150.8281
235.0,1991,2419.0,77.72399215698242,735.0,2419.0,30.38445638693675,U0235,Inland Floodplain Shrublands / Swamps,inland,2419,150.8281
235.0,1992,2387.0,74.9544921875,1997.0,2419.0,82.55477470028937,U0235,Inland Floodplain Shrublands / Swamps,inland,2419,150.8281
235.0,1993,2419.0,77.55756759643555,1589.0,2419.0,65.68830095080612,U0235,Inland Floodplain Shrublands / Swamps,inland,2419,150.8281
235.0,1994,2419.0,76.19674301147461,9.0,2419.0,0.37205456800330716,U0235,Inland Floodplain Shrublands / Swamps,inland,2419,150.8281
235.0,1995,2419.0,80.5454933166504,1747.0,2419.0,72.2199255890864,U0235,Inland Floodplain Shrublands / Swamps,inland,2419,150.8281
235.0,1996,2419.0,77.10651473999023,885.0,2419.0,36.58536585365854,U0235,Inland Floodplain Shrublands / Swamps,inland,2419,150.8281
235.0,1997,2419.0,70.04166030883789,31.0,2419.0,1.281521289789169,U0235,Inland Floodplain Shrublands / Swamps,inland,2419,150.8281
235.0,1998,2419.0,75.84561538696289,2311.0,2419.0,95.53534518396032,U0235,Inland Floodplain Shrublands / Swamps,inland,2419,150.8281
235.0,1999,2419.0,78.00709762573243,425.0,2419.0,17.56924348904506,U0235,Inland Floodplain Shrublands / Swamps,inland,2419,150.8281
235.0,2000,2419.0,78.53532180786132,1357.0,2419.0,56.09756097560975,U0235,Inland Floodplain Shrublands / Swamps,inland,2419,150.8281
235.0,2001,2419.0,74.44062118530273,11.0,2419.0,0.454733360892931,U0235,Inland Floodplain Shrublands / Swamps,inland,2419,150.8281
235.0,2002,2419.0,68.62631912231446,165.0,2419.0,6.821000413393964,U0235,Inland Floodplain Shrublands / Swamps,inland,2419,150.8281
235.0,2003,2419.0,68.47270736694335,17.0,2419.0,0.7027697395618024,U0235,Inland Floodplain Shrublands / Swamps,inland,2419,150.8281
235.0,2004,2419.0,67.57446670532227,150.0,2419.0,6.200909466721786,U0235,Inland Floodplain Shrublands / Swamps,inland,2419,150.8281
235.0,2005,2419.0,71.20035705566406,377.0,2419.0,15.584952459694088,U0235,Inland Floodplain Shrublands / Swamps,inland,2419,150.8281
235.0,2006,2419.0,68.5290740966797,0.0,2419.0,0.0,U0235,Inland Floodplain Shrublands / Swamps,inland,2419,150.8281
235.0,2007,2419.0,69.49706268310547,27.0,2419.0,1.1161637040099215,U0235,Inland Floodplain Shrublands / Swamps,inland,2419,150.8281
235.0,2008,2419.0,46.75774154663086,0.0,2419.0,0.0,U0235,Inland Floodplain Shrublands / Swamps,inland,2419,150.8281
235.0,2009,2419.0,62.16333122253418,8.0,2419.0,0.3307151715584952,U0235,Inland Floodplain Shrublands / Swamps,inland,2419,150.8281
235.0,2010,2419.0,72.26810073852539,2389.0,2419.0,98.75981810665564,U0235,Inland Floodplain Shrublands / Swamps,inland,2419,150.8281
235.0,2011,2419.0,76.06215972900391,715.0,2419.0,29.557668458040514,U0235,Inland Floodplain Shrublands / Swamps,inland,2419,150.8281
235.0,2012,2419.0,76.8447479248047,659.0,2419.0,27.242662257131045,U0235,Inland Floodplain Shrublands / Swamps,inland,2419,150.8281
235.0,2013,2419.0,73.64496612548828,204.0,2419.0,8.43323687474163,U0235,Inland Floodplain Shrublands / Swamps,inland,2419,150.8281
235.0,2014,2419.0,61.79476089477539,236.0,2419.0,9.75609756097561,U0235,Inland Floodplain Shrublands / Swamps,inland,2419,150.8281
235.0,2015,2419.0,66.78045349121093,114.0,2419.0,4.712691194708557,U0235,Inland Floodplain Shrublands / Swamps,inland,2419,150.8281
235.0,2016,2419.0,80.8860237121582,2364.0,2419.0,97.72633319553535,U0235,Inland Floodplain Shrublands / Swamps,inland,2419,150.8281
235.0,2017,2419.0,76.80871047973633,326.0,2419.0,13.47664324100868,U0235,Inland Floodplain Shrublands / Swamps,inland,2419,150.8281
235.0,2018,2419.0,67.10462951660156,172.0,2419.0,7.110376188507648,U0235,Inland Floodplain Shrublands / Swamps,inland,2419,150.8281
235.0,2019,2419.0,63.51822013854981,0.0,2419.0,0.0,U0235,Inland Floodplain Shrublands / Swamps,inland,2419,150.8281
235.0,2020,2419.0,64.48994445800781,184.0,2419.0,7.606448945845391,U0235,Inland Floodplain Shrublands / Swamps,inland,2419,150.8281
235.0,2021,2419.0,68.93191375732422,1678.0,2419.0,69.36750723439438,U0235,Inland Floodplain Shrublands / Swamps,inland,2419,150.8281
235.0,2022,2419.0,79.48294982910156,2414.0,2419.0,99.79330301777594,U0235,Inland Floodplain Shrublands / Swamps,inland,2419,150.8281
238.0,1988,5007.0,79.2712158203125,1221.0,5007.0,24.3858597962852,U0238,Inland Floodplain Shrublands / Swamps,inland,5007,312.1936
238.0,1989,5007.0,85.49405212402344,1124.0,5007.0,22.448571999201118,U0238,Inland Floodplain Shrublands / Swamps,inland,5007,312.1936
238.0,1990,5007.0,83.27052459716796,3066.0,5007.0,61.234272019173154,U0238,Inland Floodplain Shrublands / Swamps,inland,5007,312.1936
238.0,1991,4328.0,64.72789077758789,843.0,5007.0,16.836428999400837,U0238,Inland Floodplain Shrublands / Swamps,inland,5007,312.1936
238.0,1992,5007.0,77.44921798706055,2695.0,5007.0,53.82464549630517,U0238,Inland Floodplain Shrublands / Swamps,inland,5007,312.1936
238.0,1993,5007.0,70.51291275024414,1996.0,5007.0,39.86419013381266,U0238,Inland Floodplain Shrublands / Swamps,inland,5007,312.1936
238.0,1994,5007.0,39.34632186889648,1.0,5007.0,0.019972039145196723,U0238,Inland Floodplain Shrublands / Swamps,inland,5007,312.1936
238.0,1995,5007.0,76.08035583496094,972.0,5007.0,19.412822049131215,U0238,Inland Floodplain Shrublands / Swamps,inland,5007,312.1936
238.0,1996,5007.0,66.68224487304687,4095.0,5007.0,81.78550029958059,U0238,Inland Floodplain Shrublands / Swamps,inland,5007,312.1936
238.0,1997,5007.0,54.33485565185547,15.0,5007.0,0.2995805871779509,U0238,Inland Floodplain Shrublands / Swamps,inland,5007,312.1936
238.0,1998,5007.0,56.52964210510254,2240.0,5007.0,44.73736768524066,U0238,Inland Floodplain Shrublands / Swamps,inland,5007,312.1936
238.0,1999,5007.0,71.11352920532227,126.0,5007.0,2.516476932294787,U0238,Inland Floodplain Shrublands / Swamps,inland,5007,312.1936
238.0,2000,5007.0,68.98985214233399,1305.0,5007.0,26.063511084481725,U0238,Inland Floodplain Shrublands / Swamps,inland,5007,312.1936
238.0,2001,5007.0,58.84558792114258,0.0,5007.0,0.0,U0238,Inland Floodplain Shrublands / Swamps,inland,5007,312.1936
238.0,2002,5007.0,47.83894081115723,197.0,5007.0,3.9344917116037545,U0238,Inland Floodplain Shrublands / Swamps,inland,5007,312.1936
238.0,2003,5007.0,48.85885124206543,0.0,5007.0,0.0,U0238,Inland Floodplain Shrublands / Swamps,inland,5007,312.1936
238.0,2004,5007.0,53.005757904052736,3.0,5007.0,0.05991611743559017,U0238,Inland Floodplain Shrublands / Swamps,inland,5007,312.1936
238.0,2005,5007.0,64.49664688110352,1126.0,5007.0,22.48851607749151,U0238,Inland Floodplain Shrublands / Swamps,inland,5007,312.1936
238.0,2006,5007.0,50.00036125183105,0.0,5007.0,0.0,U0238,Inland Floodplain Shrublands / Swamps,inland,5007,312.1936
238.0,2007,5007.0,38.461670303344725,4.0,5007.0,0.07988815658078689,U0238,Inland Floodplain Shrublands / Swamps,inland,5007,312.1936
238.0,2008,5007.0,24.295531272888184,4.0,5007.0,0.07988815658078689,U0238,Inland Floodplain Shrublands / Swamps,inland,5007,312.1936
238.0,2009,5007.0,45.654049682617185,15.0,5007.0,0.2995805871779509,U0238,Inland Floodplain Shrublands / Swamps,inland,5007,312.1936
238.0,2010,5007.0,77.67914047241212,1980.0,5007.0,39.54463750748951,U0238,Inland Floodplain Shrublands / Swamps,inland,5007,312.1936
238.0,2011,5007.0,82.3403106689453,293.0,5007.0,5.85180746954264,U0238,Inland Floodplain Shrublands / Swamps,inland,5007,312.1936
238.0,2012,5007.0,71.40311203002929,420.0,5007.0,8.388256440982625,U0238,Inland Floodplain Shrublands / Swamps,inland,5007,312.1936
238.0,2013,5007.0,68.68154754638672,9.0,5007.0,0.17974835230677053,U0238,Inland Floodplain Shrublands / Swamps,inland,5007,312.1936
238.0,2014,5007.0,48.927025985717776,18.0,5007.0,0.35949670461354105,U0238,Inland Floodplain Shrublands / Swamps,inland,5007,312.1936
238.0,2015,5007.0,62.413385009765626,12.0,5007.0,0.2396644697423607,U0238,Inland Floodplain Shrublands / Swamps,inland,5007,312.1936
238.0,2016,5007.0,80.47095642089843,3751.0,5007.0,74.91511883363292,U0238,Inland Floodplain Shrublands / Swamps,inland,5007,312.1936
238.0,2017,5007.0,73.96153869628907,5.0,5007.0,0.09986019572598362,U0238,Inland Floodplain Shrublands / Swamps,inland,5007,312.1936
238.0,2018,5007.0,53.76437263488769,71.0,5007.0,1.4180147793089675,U0238,Inland Floodplain Shrublands / Swamps,inland,5007,312.1936
238.0,2019,5007.0,43.4380126953125,21.0,5007.0,0.4194128220491312,U0238,Inland Floodplain Shrublands / Swamps,inland,5007,312.1936
238.0,2020,5007.0,54.20324172973633,42.0,5007.0,0.8388256440982624,U0238,Inland Floodplain Shrublands / Swamps,inland,5007,312.1936
238.0,2021,5007.0,57.71772804260254,2619.0,5007.0,52.306770521270224,U0238,Inland Floodplain Shrublands / Swamps,inland,5007,312.1936
238.0,2022,5007.0,78.20296630859374,5005.0,5007.0,99.96005592170961,U0238,Inland Floodplain Shrublands / Swamps,inland,5007,312.1936
243.0,1988,294.0,88.3516185760498,12.0,294.0,4.081632653061225,U0243,Inland Floodplain Shrublands / Swamps,inland,294,18.3313
243.0,1989,294.0,90.97510414123535,166.0,294.0,56.46258503401361,U0243,Inland Floodplain Shrublands / Swamps,inland,294,18.3313
243.0,1990,294.0,88.84498138427735,193.0,294.0,65.64625850340136,U0243,Inland Floodplain Shrublands / Swamps,inland,294,18.3313
243.0,1991,294.0,81.03228874206543,284.0,294.0,96.59863945578232,U0243,Inland Floodplain Shrublands / Swamps,inland,294,18.3313
243.0,1992,294.0,73.98435096740722,241.0,294.0,81.97278911564626,U0243,Inland Floodplain Shrublands / Swamps,inland,294,18.3313
243.0,1993,294.0,77.97948112487794,11.0,294.0,3.741496598639456,U0243,Inland Floodplain Shrublands / Swamps,inland,294,18.3313
243.0,1994,294.0,76.12289047241211,1.0,294.0,0.3401360544217687,U0243,Inland Floodplain Shrublands / Swamps,inland,294,18.3313
243.0,1995,294.0,86.98424911499023,11.0,294.0,3.741496598639456,U0243,Inland Floodplain Shrublands / Swamps,inland,294,18.3313
243.0,1996,294.0,74.50314826965332,15.0,294.0,5.1020408163265305,U0243,Inland Floodplain Shrublands / Swamps,inland,294,18.3313
243.0,1997,294.0,74.51878433227539,5.0,294.0,1.7006802721088434,U0243,Inland Floodplain Shrublands / Swamps,inland,294,18.3313
243.0,1998,294.0,74.55927543640136,294.0,294.0,100.0,U0243,Inland Floodplain Shrublands / Swamps,inland,294,18.3313
243.0,1999,294.0,83.46220321655274,0.0,294.0,0.0,U0243,Inland Floodplain Shrublands / Swamps,inland,294,18.3313
243.0,2000,294.0,83.72574005126953,7.0,294.0,2.380952380952381,U0243,Inland Floodplain Shrublands / Swamps,inland,294,18.3313
243.0,2001,294.0,83.18510360717774,4.0,294.0,1.3605442176870748,U0243,Inland Floodplain Shrublands / Swamps,inland,294,18.3313
243.0,2002,294.0,78.43541450500489,5.0,294.0,1.7006802721088434,U0243,Inland Floodplain Shrublands / Swamps,inland,294,18.3313
243.0,2003,294.0,78.87086143493653,1.0,294.0,0.3401360544217687,U0243,Inland Floodplain Shrublands / Swamps,inland,294,18.3313
243.0,2004,294.0,75.76146659851074,0.0,294.0,0.0,U0243,Inland Floodplain Shrublands / Swamps,inland,294,18.3313
243.0,2005,294.0,83.19624328613281,0.0,294.0,0.0,U0243,Inland Floodplain Shrublands / Swamps,inland,294,18.3313
243.0,2006,294.0,74.15929641723633,0.0,294.0,0.0,U0243,Inland Floodplain Shrublands / Swamps,inland,294,18.3313
243.0,2007,294.0,73.74423332214356,0.0,294.0,0.0,U0243,Inland Floodplain Shrublands / Swamps,inland,294,18.3313
243.0,2008,294.0,54.506221008300784,0.0,294.0,0.0,U0243,Inland Floodplain Shrublands / Swamps,inland,294,18.3313
243.0,2009,294.0,70.61310234069825,10.0,294.0,3.401360544217687,U0243,Inland Floodplain Shrublands / Swamps,inland,294,18.3313
243.0,2010,294.0,88.45622024536132,294.0,294.0,100.0,U0243,Inland Floodplain Shrublands / Swamps,inland,294,18.3313
243.0,2011,294.0,85.88002510070801,12.0,294.0,4.081632653061225,U0243,Inland Floodplain Shrublands / Swamps,inland,294,18.3313
243.0,2012,294.0,83.94454002380371,4.0,294.0,1.3605442176870748,U0243,Inland Floodplain Shrublands / Swamps,inland,294,18.3313
243.0,2013,294.0,83.955224609375,0.0,294.0,0.0,U0243,Inland Floodplain Shrublands / Swamps,inland,294,18.3313
243.0,2014,294.0,72.2227237701416,0.0,294.0,0.0,U0243,Inland Floodplain Shrublands / Swamps,inland,294,18.3313
243.0,2015,294.0,72.80911216735839,0.0,294.0,0.0,U0243,Inland Floodplain Shrublands / Swamps,inland,294,18.3313
243.0,2016,294.0,85.98460502624512,119.0,294.0,40.476190476190474,U0243,Inland Floodplain Shrublands / Swamps,inland,294,18.3313
243.0,2017,294.0,86.29920654296875,18.0,294.0,6.122448979591836,U0243,Inland Floodplain Shrublands / Swamps,inland,294,18.3313
243.0,2018,294.0,69.12745513916016,0.0,294.0,0.0,U0243,Inland Floodplain Shrublands / Swamps,inland,294,18.3313
243.0,2019,294.0,67.56066398620605,0.0,294.0,0.0,U0243,Inland Floodplain Shrublands / Swamps,inland,294,18.3313
243.0,2020,294.0,73.69632492065429,1.0,294.0,0.3401360544217687,U0243,Inland Floodplain Shrublands / Swamps,inland,294,18.3313
243.0,2021,294.0,75.19718704223632,136.0,294.0,46.25850340136054,U0243,Inland Floodplain Shrublands / Swamps,inland,294,18.3313
243.0,2022,294.0,85.73992385864258,294.0,294.0,100.0,U0243,Inland Floodplain Shrublands / Swamps,inland,294,18.3313
245.0,1988,202.0,89.8668254852295,25.0,202.0,12.376237623762377,U0245,Inland Floodplain Shrublands / Swamps,inland,202,12.595
245.0,1989,202.0,88.43130340576172,0.0,202.0,0.0,U0245,Inland Floodplain Shrublands / Swamps,inland,202,12.595
245.0,1990,202.0,85.47908897399903,84.0,202.0,41.584158415841586,U0245,Inland Floodplain Shrublands / Swamps,inland,202,12.595
245.0,1991,202.0,82.74907913208008,85.0,202.0,42.07920792079208,U0245,Inland Floodplain Shrublands / Swamps,inland,202,12.595
245.0,1992,202.0,87.42516021728515,81.0,202.0,40.0990099009901,U0245,Inland Floodplain Shrublands / Swamps,inland,202,12.595
245.0,1993,202.0,88.12631607055664,19.0,202.0,9.405940594059405,U0245,Inland Floodplain Shrublands / Swamps,inland,202,12.595
245.0,1994,202.0,80.37639389038085,33.0,202.0,16.336633663366335,U0245,Inland Floodplain Shrublands / Swamps,inland,202,12.595
245.0,1995,202.0,86.2220905303955,6.0,202.0,2.9702970297029703,U0245,Inland Floodplain Shrublands / Swamps,inland,202,12.595
245.0,1996,202.0,81.64585075378417,130.0,202.0,64.35643564356435,U0245,Inland Floodplain Shrublands / Swamps,inland,202,12.595
245.0,1997,202.0,84.9503273010254,1.0,202.0,0.49504950495049505,U0245,Inland Floodplain Shrublands / Swamps,inland,202,12.595
245.0,1998,202.0,79.74501190185546,36.0,202.0,17.821782178217823,U0245,Inland Floodplain Shrublands / Swamps,inland,202,12.595
245.0,1999,202.0,83.18261833190918,0.0,202.0,0.0,U0245,Inland Floodplain Shrublands / Swamps,inland,202,12.595
245.0,2000,202.0,87.60014762878419,0.0,202.0,0.0,U0245,Inland Floodplain Shrublands / Swamps,inland,202,12.595
245.0,2001,202.0,79.12551765441894,0.0,202.0,0.0,U0245,Inland Floodplain Shrublands / Swamps,inland,202,12.595
245.0,2002,202.0,83.7637767791748,0.0,202.0,0.0,U0245,Inland Floodplain Shrublands / Swamps,inland,202,12.595
245.0,2003,202.0,68.41520118713379,0.0,202.0,0.0,U0245,Inland Floodplain Shrublands / Swamps,inland,202,12.595
245.0,2004,202.0,74.84739608764649,0.0,202.0,0.0,U0245,Inland Floodplain Shrublands / Swamps,inland,202,12.595
245.0,2005,202.0,79.96437644958496,0.0,202.0,0.0,U0245,Inland Floodplain Shrublands / Swamps,inland,202,12.595
245.0,2006,202.0,74.35406532287598,0.0,202.0,0.0,U0245,Inland Floodplain Shrublands / Swamps,inland,202,12.595
245.0,2007,202.0,66.8290470123291,0.0,202.0,0.0,U0245,Inland Floodplain Shrublands / Swamps,inland,202,12.595
245.0,2008,202.0,47.28595085144043,0.0,202.0,0.0,U0245,Inland Floodplain Shrublands / Swamps,inland,202,12.595
245.0,2009,202.0,56.9151611328125,0.0,202.0,0.0,U0245,Inland Floodplain Shrublands / Swamps,inland,202,12.595
245.0,2010,202.0,79.63903198242187,27.0,202.0,13.366336633663366,U0245,Inland Floodplain Shrublands / Swamps,inland,202,12.595
245.0,2011,202.0,87.78413276672363,180.0,202.0,89.10891089108911,U0245,Inland Floodplain Shrublands / Swamps,inland,202,12.595
245.0,2012,202.0,88.99595375061035,12.0,202.0,5.9405940594059405,U0245,Inland Floodplain Shrublands / Swamps,inland,202,12.595
245.0,2013,202.0,84.75798072814942,0.0,202.0,0.0,U0245,Inland Floodplain Shrublands / Swamps,inland,202,12.595
245.0,2014,202.0,77.72478866577148,0.0,202.0,0.0,U0245,Inland Floodplain Shrublands / Swamps,inland,202,12.595
245.0,2015,202.0,77.55259590148925,0.0,202.0,0.0,U0245,Inland Floodplain Shrublands / Swamps,inland,202,12.595
245.0,2016,202.0,91.62346229553222,109.0,202.0,53.960396039603964,U0245,Inland Floodplain Shrublands / Swamps,inland,202,12.595
245.0,2017,202.0,87.57942771911621,0.0,202.0,0.0,U0245,Inland Floodplain Shrublands / Swamps,inland,202,12.595
245.0,2018,202.0,71.82150039672851,0.0,202.0,0.0,U0245,Inland Floodplain Shrublands / Swamps,inland,202,12.595
245.0,2019,202.0,65.41934852600097,0.0,202.0,0.0,U0245,Inland Floodplain Shrublands / Swamps,inland,202,12.595
245.0,2020,202.0,72.26521644592285,0.0,202.0,0.0,U0245,Inland Floodplain Shrublands / Swamps,inland,202,12.595
245.0,2021,202.0,70.77002182006837,0.0,202.0,0.0,U0245,Inland Floodplain Shrublands / Swamps,inland,202,12.595
245.0,2022,202.0,87.53318939208984,202.0,202.0,100.0,U0245,Inland Floodplain Shrublands / Swamps,inland,202,12.595
246.0,1988,1189.0,81.3878662109375,373.0,1189.0,31.37089991589571,U0246,Inland Floodplain Shrublands / Swamps,inland,1189,74.1358
246.0,1989,1189.0,79.6126693725586,437.0,1189.0,36.75357443229605,U0246,Inland Floodplain Shrublands / Swamps,inland,1189,74.1358
246.0,1990,1189.0,79.66174621582032,1091.0,1189.0,91.75777964676199,U0246,Inland Floodplain Shrublands / Swamps,inland,1189,74.1358
246.0,1991,1189.0,77.62367553710938,782.0,1189.0,65.76955424726661,U0246,Inland Floodplain Shrublands / Swamps,inland,1189,74.1358
246.0,1992,1189.0,76.26183319091797,885.0,1189.0,74.4322960470984,U0246,Inland Floodplain Shrublands / Swamps,inland,1189,74.1358
246.0,1993,1189.0,74.70302124023438,528.0,1189.0,44.407064760302774,U0246,Inland Floodplain Shrublands / Swamps,inland,1189,74.1358
246.0,1994,1189.0,68.83643035888672,1.0,1189.0,0.08410428931875526,U0246,Inland Floodplain Shrublands / Swamps,inland,1189,74.1358
246.0,1995,1189.0,79.96473388671875,581.0,1189.0,48.8645920941968,U0246,Inland Floodplain Shrublands / Swamps,inland,1189,74.1358
246.0,1996,1189.0,71.54259185791015,962.0,1189.0,80.90832632464256,U0246,Inland Floodplain Shrublands / Swamps,inland,1189,74.1358
246.0,1997,1189.0,72.35146026611328,0.0,1189.0,0.0,U0246,Inland Floodplain Shrublands / Swamps,inland,1189,74.1358
246.0,1998,1189.0,67.26752319335938,456.0,1189.0,38.35155592935239,U0246,Inland Floodplain Shrublands / Swamps,inland,1189,74.1358
246.0,1999,1189.0,77.43290710449219,2.0,1189.0,0.16820857863751051,U0246,Inland Floodplain Shrublands / Swamps,inland,1189,74.1358
246.0,2000,1189.0,74.2114028930664,37.0,1189.0,3.1118587047939443,U0246,Inland Floodplain Shrublands / Swamps,inland,1189,74.1358
246.0,2001,1189.0,70.0410400390625,0.0,1189.0,0.0,U0246,Inland Floodplain Shrublands / Swamps,inland,1189,74.1358
246.0,2002,1189.0,68.18748474121094,137.0,1189.0,11.52228763666947,U0246,Inland Floodplain Shrublands / Swamps,inland,1189,74.1358
246.0,2003,1189.0,63.91948623657227,2.0,1189.0,0.16820857863751051,U0246,Inland Floodplain Shrublands / Swamps,inland,1189,74.1358
246.0,2004,1189.0,67.1229248046875,6.0,1189.0,0.5046257359125316,U0246,Inland Floodplain Shrublands / Swamps,inland,1189,74.1358
246.0,2005,1189.0,73.96923217773437,823.0,1189.0,69.21783010933558,U0246,Inland Floodplain Shrublands / Swamps,inland,1189,74.1358
246.0,2006,1189.0,66.26765899658203,0.0,1189.0,0.0,U0246,Inland Floodplain Shrublands / Swamps,inland,1189,74.1358
246.0,2007,1189.0,61.86883316040039,0.0,1189.0,0.0,U0246,Inland Floodplain Shrublands / Swamps,inland,1189,74.1358
246.0,2008,1189.0,42.14320678710938,21.0,1189.0,1.7661900756938604,U0246,Inland Floodplain Shrublands / Swamps,inland,1189,74.1358
246.0,2009,1189.0,56.66343307495117,6.0,1189.0,0.5046257359125316,U0246,Inland Floodplain Shrublands / Swamps,inland,1189,74.1358
246.0,2010,1189.0,73.69583892822266,766.0,1189.0,64.42388561816652,U0246,Inland Floodplain Shrublands / Swamps,inland,1189,74.1358
246.0,2011,1189.0,78.40531921386719,119.0,1189.0,10.008410428931876,U0246,Inland Floodplain Shrublands / Swamps,inland,1189,74.1358
246.0,2012,1189.0,80.5775650024414,181.0,1189.0,15.2228763666947,U0246,Inland Floodplain Shrublands / Swamps,inland,1189,74.1358
246.0,2013,1189.0,77.1203842163086,0.0,1189.0,0.0,U0246,Inland Floodplain Shrublands / Swamps,inland,1189,74.1358
246.0,2014,1189.0,67.09527130126953,1.0,1189.0,0.08410428931875526,U0246,Inland Floodplain Shrublands / Swamps,inland,1189,74.1358
246.0,2015,1189.0,66.1562286376953,0.0,1189.0,0.0,U0246,Inland Floodplain Shrublands / Swamps,inland,1189,74.1358
246.0,2016,1189.0,78.30170135498047,1012.0,1189.0,85.11354079058032,U0246,Inland Floodplain Shrublands / Swamps,inland,1189,74.1358
246.0,2017,1189.0,79.74989013671875,1.0,1189.0,0.08410428931875526,U0246,Inland Floodplain Shrublands / Swamps,inland,1189,74.1358
246.0,2018,1189.0,69.01873931884765,0.0,1189.0,0.0,U0246,Inland Floodplain Shrublands / Swamps,inland,1189,74.1358
246.0,2019,1189.0,64.08074798583985,1.0,1189.0,0.08410428931875526,U0246,Inland Floodplain Shrublands / Swamps,inland,1189,74.1358
246.0,2020,1189.0,70.76974792480469,5.0,1189.0,0.42052144659377627,U0246,Inland Floodplain Shrublands / Swamps,inland,1189,74.1358
246.0,2021,1189.0,67.9005615234375,550.0,1189.0,46.25735912531539,U0246,Inland Floodplain Shrublands / Swamps,inland,1189,74.1358
246.0,2022,1189.0,79.91758270263672,1157.0,1189.0,97.30866274179984,U0246,Inland Floodplain Shrublands / Swamps,inland,1189,74.1358
248.0,1988,2090.0,79.94714889526367,894.0,2090.0,42.77511961722488,U0248,Inland Floodplain Shrublands / Swamps,inland,2090,130.3145
248.0,1989,2090.0,85.17769508361816,546.0,2090.0,26.124401913875598,U0248,Inland Floodplain Shrublands / Swamps,inland,2090,130.3145
248.0,1990,2090.0,82.25618972778321,1204.0,2090.0,57.60765550239235,U0248,Inland Floodplain Shrublands / Swamps,inland,2090,130.3145
248.0,1991,2090.0,74.1100513458252,578.0,2090.0,27.6555023923445,U0248,Inland Floodplain Shrublands / Swamps,inland,2090,130.3145
248.0,1992,2066.0,66.46958923339844,925.0,2090.0,44.25837320574163,U0248,Inland Floodplain Shrublands / Swamps,inland,2090,130.3145
248.0,1993,2090.0,65.4907070159912,1250.0,2090.0,59.80861244019139,U0248,Inland Floodplain Shrublands / Swamps,inland,2090,130.3145
248.0,1994,2090.0,77.72732772827149,718.0,2090.0,34.354066985645936,U0248,Inland Floodplain Shrublands / Swamps,inland,2090,130.3145
248.0,1995,2090.0,75.83170700073242,1123.0,2090.0,53.73205741626794,U0248,Inland Floodplain Shrublands / Swamps,inland,2090,130.3145
248.0,1996,1561.0,70.0,1783.0,2090.0,85.31100478468899,U0248,Inland Floodplain Shrublands / Swamps,inland,2090,130.3145
248.0,1997,2090.0,74.38931732177734,27.0,2090.0,1.291866028708134,U0248,Inland Floodplain Shrublands / Swamps,inland,2090,130.3145
248.0,1998,2090.0,70.16702842712402,1774.0,2090.0,84.88038277511961,U0248,Inland Floodplain Shrublands / Swamps,inland,2090,130.3145
248.0,1999,2090.0,76.61119995117187,5.0,2090.0,0.23923444976076555,U0248,Inland Floodplain Shrublands / Swamps,inland,2090,130.3145
248.0,2000,1781.0,76.580078125,692.0,2090.0,33.110047846889955,U0248,Inland Floodplain Shrublands / Swamps,inland,2090,130.3145
248.0,2001,2090.0,66.22927932739258,42.0,2090.0,2.0095693779904304,U0248,Inland Floodplain Shrublands / Swamps,inland,2090,130.3145
248.0,2002,2090.0,63.718322563171384,90.0,2090.0,4.30622009569378,U0248,Inland Floodplain Shrublands / Swamps,inland,2090,130.3145
248.0,2003,2090.0,73.47941703796387,0.0,2090.0,0.0,U0248,Inland Floodplain Shrublands / Swamps,inland,2090,130.3145
248.0,2004,2090.0,72.73231239318848,357.0,2090.0,17.08133971291866,U0248,Inland Floodplain Shrublands / Swamps,inland,2090,130.3145
248.0,2005,2090.0,73.19003028869629,172.0,2090.0,8.229665071770334,U0248,Inland Floodplain Shrublands / Swamps,inland,2090,130.3145
248.0,2006,2090.0,62.6677906036377,0.0,2090.0,0.0,U0248,Inland Floodplain Shrublands / Swamps,inland,2090,130.3145
248.0,2007,2090.0,60.94355735778809,0.0,2090.0,0.0,U0248,Inland Floodplain Shrublands / Swamps,inland,2090,130.3145
248.0,2008,2090.0,47.332553482055665,0.0,2090.0,0.0,U0248,Inland Floodplain Shrublands / Swamps,inland,2090,130.3145
248.0,2009,2090.0,57.446965026855466,47.0,2090.0,2.248803827751196,U0248,Inland Floodplain Shrublands / Swamps,inland,2090,130.3145
248.0,2010,2090.0,77.4339599609375,630.0,2090.0,30.14354066985646,U0248,Inland Floodplain Shrublands / Swamps,inland,2090,130.3145
248.0,2011,2090.0,86.59624404907227,54.0,2090.0,2.583732057416268,U0248,Inland Floodplain Shrublands / Swamps,inland,2090,130.3145
248.0,2012,2090.0,84.19492416381836,93.0,2090.0,4.44976076555024,U0248,Inland Floodplain Shrublands / Swamps,inland,2090,130.3145
248.0,2013,2090.0,80.28183212280274,36.0,2090.0,1.722488038277512,U0248,Inland Floodplain Shrublands / Swamps,inland,2090,130.3145
248.0,2014,2090.0,67.05580558776856,158.0,2090.0,7.559808612440191,U0248,Inland Floodplain Shrublands / Swamps,inland,2090,130.3145
248.0,2015,2090.0,69.45380668640136,19.0,2090.0,0.9090909090909091,U0248,Inland Floodplain Shrublands / Swamps,inland,2090,130.3145
248.0,2016,2090.0,86.27339515686035,2090.0,2090.0,100.0,U0248,Inland Floodplain Shrublands / Swamps,inland,2090,130.3145
248.0,2017,2090.0,79.15208549499512,91.0,2090.0,4.354066985645933,U0248,Inland Floodplain Shrublands / Swamps,inland,2090,130.3145
248.0,2018,2090.0,66.98555908203124,152.0,2090.0,7.2727272727272725,U0248,Inland Floodplain Shrublands / Swamps,inland,2090,130.3145
248.0,2019,2090.0,66.56099472045898,5.0,2090.0,0.23923444976076555,U0248,Inland Floodplain Shrublands / Swamps,inland,2090,130.3145
248.0,2020,2090.0,69.56027717590332,83.0,2090.0,3.971291866028708,U0248,Inland Floodplain Shrublands / Swamps,inland,2090,130.3145
248.0,2021,2090.0,65.33112831115723,1091.0,2090.0,52.20095693779904,U0248,Inland Floodplain Shrublands / Swamps,inland,2090,130.3145
248.0,2022,2090.0,82.9136360168457,2090.0,2090.0,100.0,U0248,Inland Floodplain Shrublands / Swamps,inland,2090,130.3145
249.0,1988,501.0,84.99359130859375,57.0,501.0,11.377245508982035,U0249,Inland Floodplain Shrublands / Swamps,inland,501,31.2381
249.0,1989,501.0,86.51153564453125,13.0,501.0,2.594810379241517,U0249,Inland Floodplain Shrublands / Swamps,inland,501,31.2381
249.0,1990,501.0,78.8470458984375,290.0,501.0,57.884231536926144,U0249,Inland Floodplain Shrublands / Swamps,inland,501,31.2381
249.0,1991,501.0,80.8708724975586,84.0,501.0,16.766467065868262,U0249,Inland Floodplain Shrublands / Swamps,inland,501,31.2381
249.0,1992,501.0,79.24729919433594,227.0,501.0,45.30938123752495,U0249,Inland Floodplain Shrublands / Swamps,inland,501,31.2381
249.0,1993,501.0,77.6654052734375,216.0,501.0,43.11377245508982,U0249,Inland Floodplain Shrublands / Swamps,inland,501,31.2381
249.0,1994,501.0,72.85978698730469,0.0,501.0,0.0,U0249,Inland Floodplain Shrublands / Swamps,inland,501,31.2381
249.0,1995,501.0,79.080322265625,164.0,501.0,32.734530938123754,U0249,Inland Floodplain Shrublands / Swamps,inland,501,31.2381
249.0,1996,501.0,67.67269897460938,236.0,501.0,47.10578842315369,U0249,Inland Floodplain Shrublands / Swamps,inland,501,31.2381
249.0,1997,501.0,64.21577453613281,0.0,501.0,0.0,U0249,Inland Floodplain Shrublands / Swamps,inland,501,31.2381
249.0,1998,501.0,61.03449249267578,157.0,501.0,31.3373253493014,U0249,Inland Floodplain Shrublands / Swamps,inland,501,31.2381
249.0,1999,501.0,75.77249908447266,59.0,501.0,11.776447105788423,U0249,Inland Floodplain Shrublands / Swamps,inland,501,31.2381
249.0,2000,501.0,72.22496795654297,7.0,501.0,1.3972055888223553,U0249,Inland Floodplain Shrublands / Swamps,inland,501,31.2381
249.0,2001,501.0,62.19492721557617,0.0,501.0,0.0,U0249,Inland Floodplain Shrublands / Swamps,inland,501,31.2381
249.0,2002,501.0,56.33952331542969,3.0,501.0,0.5988023952095808,U0249,Inland Floodplain Shrublands / Swamps,inland,501,31.2381
249.0,2003,501.0,66.79072570800781,0.0,501.0,0.0,U0249,Inland Floodplain Shrublands / Swamps,inland,501,31.2381
249.0,2004,501.0,67.22637176513672,0.0,501.0,0.0,U0249,Inland Floodplain Shrublands / Swamps,inland,501,31.2381
249.0,2005,501.0,73.3089370727539,355.0,501.0,70.85828343313374,U0249,Inland Floodplain Shrublands / Swamps,inland,501,31.2381
249.0,2006,501.0,64.4023666381836,0.0,501.0,0.0,U0249,Inland Floodplain Shrublands / Swamps,inland,501,31.2381
249.0,2007,501.0,51.38148498535156,0.0,501.0,0.0,U0249,Inland Floodplain Shrublands / Swamps,inland,501,31.2381
249.0,2008,501.0,29.225566864013672,0.0,501.0,0.0,U0249,Inland Floodplain Shrublands / Swamps,inland,501,31.2381
249.0,2009,501.0,56.962703704833984,0.0,501.0,0.0,U0249,Inland Floodplain Shrublands / Swamps,inland,501,31.2381
249.0,2010,501.0,81.72732543945312,13.0,501.0,2.594810379241517,U0249,Inland Floodplain Shrublands / Swamps,inland,501,31.2381
249.0,2011,501.0,87.17256927490234,3.0,501.0,0.5988023952095808,U0249,Inland Floodplain Shrublands / Swamps,inland,501,31.2381
249.0,2012,501.0,78.43934631347656,36.0,501.0,7.18562874251497,U0249,Inland Floodplain Shrublands / Swamps,inland,501,31.2381
249.0,2013,501.0,78.94056701660156,0.0,501.0,0.0,U0249,Inland Floodplain Shrublands / Swamps,inland,501,31.2381
249.0,2014,501.0,61.66435623168945,0.0,501.0,0.0,U0249,Inland Floodplain Shrublands / Swamps,inland,501,31.2381
249.0,2015,501.0,73.09257507324219,2.0,501.0,0.3992015968063872,U0249,Inland Floodplain Shrublands / Swamps,inland,501,31.2381
249.0,2016,501.0,85.97164154052734,220.0,501.0,43.91217564870259,U0249,Inland Floodplain Shrublands / Swamps,inland,501,31.2381
249.0,2017,501.0,83.54171752929688,0.0,501.0,0.0,U0249,Inland Floodplain Shrublands / Swamps,inland,501,31.2381
249.0,2018,501.0,63.10963821411133,0.0,501.0,0.0,U0249,Inland Floodplain Shrublands / Swamps,inland,501,31.2381
249.0,2019,501.0,54.26338577270508,0.0,501.0,0.0,U0249,Inland Floodplain Shrublands / Swamps,inland,501,31.2381
249.0,2020,501.0,62.41065979003906,2.0,501.0,0.3992015968063872,U0249,Inland Floodplain Shrublands / Swamps,inland,501,31.2381
249.0,2021,501.0,65.15361022949219,309.0,501.0,61.67664670658683,U0249,Inland Floodplain Shrublands / Swamps,inland,501,31.2381
249.0,2022,501.0,79.20059967041016,494.0,501.0,98.60279441117764,U0249,Inland Floodplain Shrublands / Swamps,inland,501,31.2381
250.0,1988,206.0,81.71023941040039,8.0,206.0,3.883495145631068,U0250,Inland Floodplain Shrublands / Swamps,inland,206,12.8444
250.0,1989,206.0,85.62759399414062,116.0,206.0,56.310679611650485,U0250,Inland Floodplain Shrublands / Swamps,inland,206,12.8444
250.0,1990,206.0,80.87703132629395,169.0,206.0,82.03883495145631,U0250,Inland Floodplain Shrublands / Swamps,inland,206,12.8444
250.0,1991,206.0,68.58550262451172,129.0,206.0,62.62135922330097,U0250,Inland Floodplain Shrublands / Swamps,inland,206,12.8444
250.0,1992,206.0,75.92269515991211,134.0,206.0,65.04854368932038,U0250,Inland Floodplain Shrublands / Swamps,inland,206,12.8444
250.0,1993,206.0,58.45859432220459,132.0,206.0,64.07766990291262,U0250,Inland Floodplain Shrublands / Swamps,inland,206,12.8444
250.0,1994,206.0,52.92936420440674,0.0,206.0,0.0,U0250,Inland Floodplain Shrublands / Swamps,inland,206,12.8444
250.0,1995,206.0,74.53252410888672,206.0,206.0,100.0,U0250,Inland Floodplain Shrublands / Swamps,inland,206,12.8444
250.0,1996,206.0,70.70861625671387,20.0,206.0,9.70873786407767,U0250,Inland Floodplain Shrublands / Swamps,inland,206,12.8444
250.0,1997,206.0,66.1763744354248,12.0,206.0,5.825242718446602,U0250,Inland Floodplain Shrublands / Swamps,inland,206,12.8444
250.0,1998,206.0,64.14766883850098,206.0,206.0,100.0,U0250,Inland Floodplain Shrublands / Swamps,inland,206,12.8444
250.0,1999,206.0,58.50696563720703,1.0,206.0,0.4854368932038835,U0250,Inland Floodplain Shrublands / Swamps,inland,206,12.8444
250.0,2000,206.0,73.04342842102051,183.0,206.0,88.83495145631068,U0250,Inland Floodplain Shrublands / Swamps,inland,206,12.8444
250.0,2001,206.0,77.72342491149902,11.0,206.0,5.339805825242719,U0250,Inland Floodplain Shrublands / Swamps,inland,206,12.8444
250.0,2002,206.0,66.22982597351074,12.0,206.0,5.825242718446602,U0250,Inland Floodplain Shrublands / Swamps,inland,206,12.8444
250.0,2003,206.0,63.340542793273926,2.0,206.0,0.970873786407767,U0250,Inland Floodplain Shrublands / Swamps,inland,206,12.8444
250.0,2004,206.0,59.299017906188965,0.0,206.0,0.0,U0250,Inland Floodplain Shrublands / Swamps,inland,206,12.8444
250.0,2005,206.0,69.93255233764648,3.0,206.0,1.4563106796116505,U0250,Inland Floodplain Shrublands / Swamps,inland,206,12.8444
250.0,2006,206.0,57.404032707214355,0.0,206.0,0.0,U0250,Inland Floodplain Shrublands / Swamps,inland,206,12.8444
250.0,2007,206.0,50.56178665161133,0.0,206.0,0.0,U0250,Inland Floodplain Shrublands / Swamps,inland,206,12.8444
250.0,2008,206.0,34.01885509490967,0.0,206.0,0.0,U0250,Inland Floodplain Shrublands / Swamps,inland,206,12.8444
250.0,2009,206.0,50.673295974731445,3.0,206.0,1.4563106796116505,U0250,Inland Floodplain Shrublands / Swamps,inland,206,12.8444
250.0,2010,206.0,73.4834976196289,205.0,206.0,99.51456310679612,U0250,Inland Floodplain Shrublands / Swamps,inland,206,12.8444
250.0,2011,206.0,76.66100883483887,13.0,206.0,6.310679611650485,U0250,Inland Floodplain Shrublands / Swamps,inland,206,12.8444
250.0,2012,206.0,79.83615112304688,93.0,206.0,45.14563106796116,U0250,Inland Floodplain Shrublands / Swamps,inland,206,12.8444
250.0,2013,206.0,69.2309684753418,2.0,206.0,0.970873786407767,U0250,Inland Floodplain Shrublands / Swamps,inland,206,12.8444
250.0,2014,206.0,58.77629470825195,0.0,206.0,0.0,U0250,Inland Floodplain Shrublands / Swamps,inland,206,12.8444
250.0,2015,206.0,62.46452808380127,0.0,206.0,0.0,U0250,Inland Floodplain Shrublands / Swamps,inland,206,12.8444
250.0,2016,206.0,79.23235130310059,173.0,206.0,83.98058252427184,U0250,Inland Floodplain Shrublands / Swamps,inland,206,12.8444
250.0,2017,206.0,81.10032844543457,0.0,206.0,0.0,U0250,Inland Floodplain Shrublands / Swamps,inland,206,12.8444
250.0,2018,206.0,65.74422073364258,0.0,206.0,0.0,U0250,Inland Floodplain Shrublands / Swamps,inland,206,12.8444
250.0,2019,206.0,55.47526931762695,0.0,206.0,0.0,U0250,Inland Floodplain Shrublands / Swamps,inland,206,12.8444
250.0,2020,206.0,57.46377086639404,1.0,206.0,0.4854368932038835,U0250,Inland Floodplain Shrublands / Swamps,inland,206,12.8444
250.0,2021,206.0,62.449419021606445,65.0,206.0,31.553398058252426,U0250,Inland Floodplain Shrublands / Swamps,inland,206,12.8444
250.0,2022,206.0,78.22391319274902,206.0,206.0,100.0,U0250,Inland Floodplain Shrublands / Swamps,inland,206,12.8444
270.0,1988,269.0,86.55164794921875,4.0,269.0,1.486988847583643,U0270,Inland Floodplain Shrublands / Swamps,inland,269,16.7725
270.0,1989,269.0,88.7350357055664,221.0,269.0,82.15613382899629,U0270,Inland Floodplain Shrublands / Swamps,inland,269,16.7725
270.0,1990,269.0,86.60897369384766,229.0,269.0,85.13011152416357,U0270,Inland Floodplain Shrublands / Swamps,inland,269,16.7725
270.0,1991,269.0,74.18117980957031,1.0,269.0,0.37174721189591076,U0270,Inland Floodplain Shrublands / Swamps,inland,269,16.7725
270.0,1992,269.0,75.391162109375,20.0,269.0,7.434944237918216,U0270,Inland Floodplain Shrublands / Swamps,inland,269,16.7725
270.0,1993,269.0,49.56371383666992,3.0,269.0,1.1152416356877324,U0270,Inland Floodplain Shrublands / Swamps,inland,269,16.7725
270.0,1994,269.0,60.58174057006836,0.0,269.0,0.0,U0270,Inland Floodplain Shrublands / Swamps,inland,269,16.7725
270.0,1995,269.0,71.17390899658203,209.0,269.0,77.69516728624535,U0270,Inland Floodplain Shrublands / Swamps,inland,269,16.7725
270.0,1996,269.0,64.0776382446289,0.0,269.0,0.0,U0270,Inland Floodplain Shrublands / Swamps,inland,269,16.7725
270.0,1997,269.0,70.84664916992188,0.0,269.0,0.0,U0270,Inland Floodplain Shrublands / Swamps,inland,269,16.7725
270.0,1998,269.0,59.0153190612793,207.0,269.0,76.95167286245353,U0270,Inland Floodplain Shrublands / Swamps,inland,269,16.7725
270.0,1999,269.0,70.6270751953125,0.0,269.0,0.0,U0270,Inland Floodplain Shrublands / Swamps,inland,269,16.7725
270.0,2000,269.0,73.71364898681641,211.0,269.0,78.43866171003718,U0270,Inland Floodplain Shrublands / Swamps,inland,269,16.7725
270.0,2001,269.0,75.56696166992188,0.0,269.0,0.0,U0270,Inland Floodplain Shrublands / Swamps,inland,269,16.7725
270.0,2002,269.0,68.97360687255859,3.0,269.0,1.1152416356877324,U0270,Inland Floodplain Shrublands / Swamps,inland,269,16.7725
270.0,2003,269.0,72.09798736572266,0.0,269.0,0.0,U0270,Inland Floodplain Shrublands / Swamps,inland,269,16.7725
270.0,2004,269.0,64.32442474365234,0.0,269.0,0.0,U0270,Inland Floodplain Shrublands / Swamps,inland,269,16.7725
270.0,2005,269.0,73.05138702392578,0.0,269.0,0.0,U0270,Inland Floodplain Shrublands / Swamps,inland,269,16.7725
270.0,2006,269.0,58.78512268066406,0.0,269.0,0.0,U0270,Inland Floodplain Shrublands / Swamps,inland,269,16.7725
270.0,2007,269.0,53.98540115356445,0.0,269.0,0.0,U0270,Inland Floodplain Shrublands / Swamps,inland,269,16.7725
270.0,2008,269.0,40.06872329711914,0.0,269.0,0.0,U0270,Inland Floodplain Shrublands / Swamps,inland,269,16.7725
270.0,2009,269.0,62.06065444946289,0.0,269.0,0.0,U0270,Inland Floodplain Shrublands / Swamps,inland,269,16.7725
270.0,2010,269.0,83.59893188476562,15.0,269.0,5.5762081784386615,U0270,Inland Floodplain Shrublands / Swamps,inland,269,16.7725
270.0,2011,269.0,81.48668365478515,0.0,269.0,0.0,U0270,Inland Floodplain Shrublands / Swamps,inland,269,16.7725
270.0,2012,269.0,76.53580017089844,0.0,269.0,0.0,U0270,Inland Floodplain Shrublands / Swamps,inland,269,16.7725
270.0,2013,269.0,73.05726013183593,0.0,269.0,0.0,U0270,Inland Floodplain Shrublands / Swamps,inland,269,16.7725
270.0,2014,269.0,54.805223846435545,0.0,269.0,0.0,U0270,Inland Floodplain Shrublands / Swamps,inland,269,16.7725
270.0,2015,269.0,64.0471206665039,0.0,269.0,0.0,U0270,Inland Floodplain Shrublands / Swamps,inland,269,16.7725
270.0,2016,269.0,85.45662536621094,215.0,269.0,79.92565055762081,U0270,Inland Floodplain Shrublands / Swamps,inland,269,16.7725
270.0,2017,269.0,79.59871063232421,0.0,269.0,0.0,U0270,Inland Floodplain Shrublands / Swamps,inland,269,16.7725
270.0,2018,269.0,60.612572479248044,0.0,269.0,0.0,U0270,Inland Floodplain Shrublands / Swamps,inland,269,16.7725
270.0,2019,269.0,47.97701568603516,0.0,269.0,0.0,U0270,Inland Floodplain Shrublands / Swamps,inland,269,16.7725
270.0,2020,269.0,59.14002685546875,0.0,269.0,0.0,U0270,Inland Floodplain Shrublands / Swamps,inland,269,16.7725
270.0,2021,269.0,65.30990905761719,6.0,269.0,2.2304832713754648,U0270,Inland Floodplain Shrublands / Swamps,inland,269,16.7725
270.0,2022,269.0,82.17373962402344,259.0,269.0,96.28252788104089,U0270,Inland Floodplain Shrublands / Swamps,inland,269,16.7725
278.0,1988,533.0,82.36896209716797,0.0,533.0,0.0,U0278,Inland Floodplain Shrublands / Swamps,inland,533,33.2333
278.0,1989,533.0,89.55449829101562,1.0,533.0,0.18761726078799248,U0278,Inland Floodplain Shrublands / Swamps,inland,533,33.2333
278.0,1990,533.0,83.8295669555664,185.0,533.0,34.709193245778614,U0278,Inland Floodplain Shrublands / Swamps,inland,533,33.2333
278.0,1991,533.0,59.91317291259766,0.0,533.0,0.0,U0278,Inland Floodplain Shrublands / Swamps,inland,533,33.2333
278.0,1992,533.0,61.56532516479492,158.0,533.0,29.643527204502814,U0278,Inland Floodplain Shrublands / Swamps,inland,533,33.2333
278.0,1993,533.0,64.55371551513672,162.0,533.0,30.393996247654783,U0278,Inland Floodplain Shrublands / Swamps,inland,533,33.2333
278.0,1994,533.0,47.6405387878418,0.0,533.0,0.0,U0278,Inland Floodplain Shrublands / Swamps,inland,533,33.2333
278.0,1995,533.0,74.800048828125,163.0,533.0,30.58161350844278,U0278,Inland Floodplain Shrublands / Swamps,inland,533,33.2333
278.0,1996,533.0,55.22200393676758,46.0,533.0,8.630393996247655,U0278,Inland Floodplain Shrublands / Swamps,inland,533,33.2333
278.0,1997,533.0,53.33881149291992,0.0,533.0,0.0,U0278,Inland Floodplain Shrublands / Swamps,inland,533,33.2333
278.0,1998,533.0,50.08120498657227,7.0,533.0,1.3133208255159474,U0278,Inland Floodplain Shrublands / Swamps,inland,533,33.2333
278.0,1999,533.0,55.78823547363281,0.0,533.0,0.0,U0278,Inland Floodplain Shrublands / Swamps,inland,533,33.2333
278.0,2000,533.0,59.23616104125976,0.0,533.0,0.0,U0278,Inland Floodplain Shrublands / Swamps,inland,533,33.2333
278.0,2001,533.0,62.649732208251955,0.0,533.0,0.0,U0278,Inland Floodplain Shrublands / Swamps,inland,533,33.2333
278.0,2002,533.0,49.52770919799805,0.0,533.0,0.0,U0278,Inland Floodplain Shrublands / Swamps,inland,533,33.2333
278.0,2003,533.0,51.926055145263675,0.0,533.0,0.0,U0278,Inland Floodplain Shrublands / Swamps,inland,533,33.2333
278.0,2004,533.0,49.54533081054687,0.0,533.0,0.0,U0278,Inland Floodplain Shrublands / Swamps,inland,533,33.2333
278.0,2005,533.0,56.358154296875,0.0,533.0,0.0,U0278,Inland Floodplain Shrublands / Swamps,inland,533,33.2333
278.0,2006,533.0,47.09101104736328,0.0,533.0,0.0,U0278,Inland Floodplain Shrublands / Swamps,inland,533,33.2333
278.0,2007,533.0,40.70105972290039,0.0,533.0,0.0,U0278,Inland Floodplain Shrublands / Swamps,inland,533,33.2333
278.0,2008,533.0,17.650260543823244,0.0,533.0,0.0,U0278,Inland Floodplain Shrublands / Swamps,inland,533,33.2333
278.0,2009,533.0,33.04652481079101,0.0,533.0,0.0,U0278,Inland Floodplain Shrublands / Swamps,inland,533,33.2333
278.0,2010,533.0,54.77867965698242,115.0,533.0,21.575984990619137,U0278,Inland Floodplain Shrublands / Swamps,inland,533,33.2333
278.0,2011,533.0,60.219486236572266,0.0,533.0,0.0,U0278,Inland Floodplain Shrublands / Swamps,inland,533,33.2333
278.0,2012,533.0,49.38458480834961,0.0,533.0,0.0,U0278,Inland Floodplain Shrublands / Swamps,inland,533,33.2333
278.0,2013,533.0,54.84425659179688,0.0,533.0,0.0,U0278,Inland Floodplain Shrublands / Swamps,inland,533,33.2333
278.0,2014,533.0,41.618125915527344,0.0,533.0,0.0,U0278,Inland Floodplain Shrublands / Swamps,inland,533,33.2333
278.0,2015,533.0,42.24891891479492,0.0,533.0,0.0,U0278,Inland Floodplain Shrublands / Swamps,inland,533,33.2333
278.0,2016,533.0,55.106848907470706,11.0,533.0,2.0637898686679175,U0278,Inland Floodplain Shrublands / Swamps,inland,533,33.2333
278.0,2017,533.0,55.14106140136719,0.0,533.0,0.0,U0278,Inland Floodplain Shrublands / Swamps,inland,533,33.2333
278.0,2018,533.0,37.773519134521486,0.0,533.0,0.0,U0278,Inland Floodplain Shrublands / Swamps,inland,533,33.2333
278.0,2019,533.0,30.31044120788574,0.0,533.0,0.0,U0278,Inland Floodplain Shrublands / Swamps,inland,533,33.2333
278.0,2020,533.0,36.93479232788086,10.0,533.0,1.876172607879925,U0278,Inland Floodplain Shrublands / Swamps,inland,533,33.2333
278.0,2021,533.0,43.56061630249023,2.0,533.0,0.37523452157598497,U0278,Inland Floodplain Shrublands / Swamps,inland,533,33.2333
278.0,2022,533.0,50.11987838745117,334.0,533.0,62.6641651031895,U0278,Inland Floodplain Shrublands / Swamps,inland,533,33.2333
279.0,1988,75.0,74.58815841674804,11.0,75.0,14.666666666666666,U0279,Inland Floodplain Shrublands / Swamps,inland,75,4.6764
279.0,1989,75.0,74.80254135131835,22.0,75.0,29.333333333333332,U0279,Inland Floodplain Shrublands / Swamps,inland,75,4.6764
279.0,1990,75.0,71.90576477050782,63.0,75.0,84.0,U0279,Inland Floodplain Shrublands / Swamps,inland,75,4.6764
279.0,1991,75.0,66.61414337158203,24.0,75.0,32.0,U0279,Inland Floodplain Shrublands / Swamps,inland,75,4.6764
279.0,1992,75.0,62.9840591430664,23.0,75.0,30.666666666666668,U0279,Inland Floodplain Shrublands / Swamps,inland,75,4.6764
279.0,1993,75.0,67.03980712890625,2.0,75.0,2.6666666666666665,U0279,Inland Floodplain Shrublands / Swamps,inland,75,4.6764
279.0,1994,75.0,56.85771598815918,14.0,75.0,18.666666666666668,U0279,Inland Floodplain Shrublands / Swamps,inland,75,4.6764
279.0,1995,75.0,62.95478477478027,20.0,75.0,26.666666666666668,U0279,Inland Floodplain Shrublands / Swamps,inland,75,4.6764
279.0,1996,45.0,66.19595031738281,10.0,75.0,13.333333333333334,U0279,Inland Floodplain Shrublands / Swamps,inland,75,4.6764
279.0,1997,75.0,66.06114349365234,0.0,75.0,0.0,U0279,Inland Floodplain Shrublands / Swamps,inland,75,4.6764
279.0,1998,75.0,60.81699485778809,48.0,75.0,64.0,U0279,Inland Floodplain Shrublands / Swamps,inland,75,4.6764
279.0,1999,75.0,68.06157302856445,16.0,75.0,21.333333333333332,U0279,Inland Floodplain Shrublands / Swamps,inland,75,4.6764
279.0,2000,75.0,70.959130859375,16.0,75.0,21.333333333333332,U0279,Inland Floodplain Shrublands / Swamps,inland,75,4.6764
279.0,2001,75.0,75.05329513549805,2.0,75.0,2.6666666666666665,U0279,Inland Floodplain Shrublands / Swamps,inland,75,4.6764
279.0,2002,75.0,71.78593444824219,10.0,75.0,13.333333333333334,U0279,Inland Floodplain Shrublands / Swamps,inland,75,4.6764
279.0,2003,75.0,66.62869110107422,0.0,75.0,0.0,U0279,Inland Floodplain Shrublands / Swamps,inland,75,4.6764
279.0,2004,75.0,69.7164421081543,51.0,75.0,68.0,U0279,Inland Floodplain Shrublands / Swamps,inland,75,4.6764
279.0,2005,75.0,78.13264770507813,10.0,75.0,13.333333333333334,U0279,Inland Floodplain Shrublands / Swamps,inland,75,4.6764
279.0,2006,75.0,74.22641525268554,0.0,75.0,0.0,U0279,Inland Floodplain Shrublands / Swamps,inland,75,4.6764
279.0,2007,75.0,69.11816101074218,0.0,75.0,0.0,U0279,Inland Floodplain Shrublands / Swamps,inland,75,4.6764
279.0,2008,75.0,52.66281394958496,0.0,75.0,0.0,U0279,Inland Floodplain Shrublands / Swamps,inland,75,4.6764
279.0,2009,75.0,57.62038154602051,2.0,75.0,2.6666666666666665,U0279,Inland Floodplain Shrublands / Swamps,inland,75,4.6764
279.0,2010,75.0,68.90497131347657,19.0,75.0,25.333333333333332,U0279,Inland Floodplain Shrublands / Swamps,inland,75,4.6764
279.0,2011,75.0,72.59033279418945,0.0,75.0,0.0,U0279,Inland Floodplain Shrublands / Swamps,inland,75,4.6764
279.0,2012,75.0,76.22815399169922,1.0,75.0,1.3333333333333333,U0279,Inland Floodplain Shrublands / Swamps,inland,75,4.6764
279.0,2013,75.0,81.72512359619141,1.0,75.0,1.3333333333333333,U0279,Inland Floodplain Shrublands / Swamps,inland,75,4.6764
279.0,2014,75.0,71.46359786987304,1.0,75.0,1.3333333333333333,U0279,Inland Floodplain Shrublands / Swamps,inland,75,4.6764
279.0,2015,75.0,76.35034637451172,0.0,75.0,0.0,U0279,Inland Floodplain Shrublands / Swamps,inland,75,4.6764
279.0,2016,75.0,78.6774658203125,75.0,75.0,100.0,U0279,Inland Floodplain Shrublands / Swamps,inland,75,4.6764
279.0,2017,75.0,77.36328659057617,4.0,75.0,5.333333333333333,U0279,Inland Floodplain Shrublands / Swamps,inland,75,4.6764
279.0,2018,75.0,71.09513092041016,2.0,75.0,2.6666666666666665,U0279,Inland Floodplain Shrublands / Swamps,inland,75,4.6764
279.0,2019,75.0,71.0122200012207,0.0,75.0,0.0,U0279,Inland Floodplain Shrublands / Swamps,inland,75,4.6764
279.0,2020,75.0,75.86015930175782,0.0,75.0,0.0,U0279,Inland Floodplain Shrublands / Swamps,inland,75,4.6764
279.0,2021,75.0,71.0541763305664,10.0,75.0,13.333333333333334,U0279,Inland Floodplain Shrublands / Swamps,inland,75,4.6764
279.0,2022,75.0,75.192578125,75.0,75.0,100.0,U0279,Inland Floodplain Shrublands / Swamps,inland,75,4.6764
280.0,1988,208.0,88.28772773742676,33.0,208.0,15.865384615384615,U0280,Inland Floodplain Shrublands / Swamps,inland,208,12.9691
280.0,1989,208.0,80.71807518005372,208.0,208.0,100.0,U0280,Inland Floodplain Shrublands / Swamps,inland,208,12.9691
280.0,1990,208.0,78.44165725708008,208.0,208.0,100.0,U0280,Inland Floodplain Shrublands / Swamps,inland,208,12.9691
280.0,1991,208.0,77.79325675964355,6.0,208.0,2.8846153846153846,U0280,Inland Floodplain Shrublands / Swamps,inland,208,12.9691
280.0,1992,208.0,80.84260215759278,195.0,208.0,93.75,U0280,Inland Floodplain Shrublands / Swamps,inland,208,12.9691
280.0,1993,208.0,64.00726947784423,203.0,208.0,97.59615384615384,U0280,Inland Floodplain Shrublands / Swamps,inland,208,12.9691
280.0,1994,208.0,72.92245788574219,0.0,208.0,0.0,U0280,Inland Floodplain Shrublands / Swamps,inland,208,12.9691
280.0,1995,208.0,73.82037124633788,208.0,208.0,100.0,U0280,Inland Floodplain Shrublands / Swamps,inland,208,12.9691
280.0,1996,208.0,75.73769721984863,11.0,208.0,5.288461538461538,U0280,Inland Floodplain Shrublands / Swamps,inland,208,12.9691
280.0,1997,208.0,77.0610366821289,0.0,208.0,0.0,U0280,Inland Floodplain Shrublands / Swamps,inland,208,12.9691
280.0,1998,208.0,68.44783554077148,208.0,208.0,100.0,U0280,Inland Floodplain Shrublands / Swamps,inland,208,12.9691
280.0,1999,208.0,67.93142700195312,0.0,208.0,0.0,U0280,Inland Floodplain Shrublands / Swamps,inland,208,12.9691
280.0,2000,208.0,78.07828178405762,207.0,208.0,99.51923076923077,U0280,Inland Floodplain Shrublands / Swamps,inland,208,12.9691
280.0,2001,208.0,69.39710845947266,0.0,208.0,0.0,U0280,Inland Floodplain Shrublands / Swamps,inland,208,12.9691
280.0,2002,208.0,69.42261276245117,23.0,208.0,11.057692307692308,U0280,Inland Floodplain Shrublands / Swamps,inland,208,12.9691
280.0,2003,208.0,66.96390991210937,0.0,208.0,0.0,U0280,Inland Floodplain Shrublands / Swamps,inland,208,12.9691
280.0,2004,208.0,60.06569347381592,0.0,208.0,0.0,U0280,Inland Floodplain Shrublands / Swamps,inland,208,12.9691
280.0,2005,208.0,72.15017776489258,2.0,208.0,0.9615384615384616,U0280,Inland Floodplain Shrublands / Swamps,inland,208,12.9691
280.0,2006,208.0,65.94416389465331,0.0,208.0,0.0,U0280,Inland Floodplain Shrublands / Swamps,inland,208,12.9691
280.0,2007,208.0,56.373755264282224,0.0,208.0,0.0,U0280,Inland Floodplain Shrublands / Swamps,inland,208,12.9691
280.0,2008,208.0,35.069064140319824,0.0,208.0,0.0,U0280,Inland Floodplain Shrublands / Swamps,inland,208,12.9691
280.0,2009,208.0,48.543678283691406,0.0,208.0,0.0,U0280,Inland Floodplain Shrublands / Swamps,inland,208,12.9691
280.0,2010,208.0,68.82584228515626,208.0,208.0,100.0,U0280,Inland Floodplain Shrublands / Swamps,inland,208,12.9691
280.0,2011,208.0,78.7593547821045,13.0,208.0,6.25,U0280,Inland Floodplain Shrublands / Swamps,inland,208,12.9691
280.0,2012,208.0,78.87080230712891,0.0,208.0,0.0,U0280,Inland Floodplain Shrublands / Swamps,inland,208,12.9691
280.0,2013,208.0,75.61089248657227,0.0,208.0,0.0,U0280,Inland Floodplain Shrublands / Swamps,inland,208,12.9691
280.0,2014,208.0,53.0503454208374,2.0,208.0,0.9615384615384616,U0280,Inland Floodplain Shrublands / Swamps,inland,208,12.9691
280.0,2015,208.0,56.988545417785645,0.0,208.0,0.0,U0280,Inland Floodplain Shrublands / Swamps,inland,208,12.9691
280.0,2016,208.0,80.15909385681152,208.0,208.0,100.0,U0280,Inland Floodplain Shrublands / Swamps,inland,208,12.9691
280.0,2017,208.0,81.22150459289551,1.0,208.0,0.4807692307692308,U0280,Inland Floodplain Shrublands / Swamps,inland,208,12.9691
280.0,2018,208.0,62.07317180633545,0.0,208.0,0.0,U0280,Inland Floodplain Shrublands / Swamps,inland,208,12.9691
280.0,2019,208.0,51.79173183441162,1.0,208.0,0.4807692307692308,U0280,Inland Floodplain Shrublands / Swamps,inland,208,12.9691
280.0,2020,208.0,55.4245361328125,61.0,208.0,29.326923076923077,U0280,Inland Floodplain Shrublands / Swamps,inland,208,12.9691
280.0,2021,208.0,76.46294364929199,208.0,208.0,100.0,U0280,Inland Floodplain Shrublands / Swamps,inland,208,12.9691
280.0,2022,208.0,84.0615234375,208.0,208.0,100.0,U0280,Inland Floodplain Shrublands / Swamps,inland,208,12.9691
286.0,1988,31.0,88.33087539672852,0.0,31.0,0.0,U0286,Inland Floodplain Shrublands / Swamps,inland,31,1.9329
286.0,1989,31.0,90.25614929199219,31.0,31.0,100.0,U0286,Inland Floodplain Shrublands / Swamps,inland,31,1.9329
286.0,1990,31.0,90.99922561645508,31.0,31.0,100.0,U0286,Inland Floodplain Shrublands / Swamps,inland,31,1.9329
286.0,1991,31.0,79.8373031616211,0.0,31.0,0.0,U0286,Inland Floodplain Shrublands / Swamps,inland,31,1.9329
286.0,1992,31.0,77.87394332885742,6.0,31.0,19.35483870967742,U0286,Inland Floodplain Shrublands / Swamps,inland,31,1.9329
286.0,1993,31.0,76.72770309448242,6.0,31.0,19.35483870967742,U0286,Inland Floodplain Shrublands / Swamps,inland,31,1.9329
286.0,1994,31.0,82.48124694824219,0.0,31.0,0.0,U0286,Inland Floodplain Shrublands / Swamps,inland,31,1.9329
286.0,1995,31.0,77.17004776000977,31.0,31.0,100.0,U0286,Inland Floodplain Shrublands / Swamps,inland,31,1.9329
286.0,1996,31.0,82.65591430664062,0.0,31.0,0.0,U0286,Inland Floodplain Shrublands / Swamps,inland,31,1.9329
286.0,1997,31.0,75.3592643737793,0.0,31.0,0.0,U0286,Inland Floodplain Shrublands / Swamps,inland,31,1.9329
286.0,1998,31.0,73.79459381103516,30.0,31.0,96.7741935483871,U0286,Inland Floodplain Shrublands / Swamps,inland,31,1.9329
286.0,1999,31.0,75.15705490112305,0.0,31.0,0.0,U0286,Inland Floodplain Shrublands / Swamps,inland,31,1.9329
286.0,2000,31.0,82.11008834838867,30.0,31.0,96.7741935483871,U0286,Inland Floodplain Shrublands / Swamps,inland,31,1.9329
286.0,2001,31.0,88.1405029296875,0.0,31.0,0.0,U0286,Inland Floodplain Shrublands / Swamps,inland,31,1.9329
286.0,2002,31.0,79.26334762573242,4.0,31.0,12.903225806451612,U0286,Inland Floodplain Shrublands / Swamps,inland,31,1.9329
286.0,2003,31.0,75.62018203735352,0.0,31.0,0.0,U0286,Inland Floodplain Shrublands / Swamps,inland,31,1.9329
286.0,2004,31.0,71.61296463012695,0.0,31.0,0.0,U0286,Inland Floodplain Shrublands / Swamps,inland,31,1.9329
286.0,2005,31.0,77.01433181762695,0.0,31.0,0.0,U0286,Inland Floodplain Shrublands / Swamps,inland,31,1.9329
286.0,2006,31.0,64.60065078735352,0.0,31.0,0.0,U0286,Inland Floodplain Shrublands / Swamps,inland,31,1.9329
286.0,2007,31.0,54.242788314819336,0.0,31.0,0.0,U0286,Inland Floodplain Shrublands / Swamps,inland,31,1.9329
286.0,2008,31.0,31.65357494354248,0.0,31.0,0.0,U0286,Inland Floodplain Shrublands / Swamps,inland,31,1.9329
286.0,2009,31.0,56.04250907897949,0.0,31.0,0.0,U0286,Inland Floodplain Shrublands / Swamps,inland,31,1.9329
286.0,2010,31.0,88.60129928588867,1.0,31.0,3.225806451612903,U0286,Inland Floodplain Shrublands / Swamps,inland,31,1.9329
286.0,2011,31.0,90.00166702270508,3.0,31.0,9.67741935483871,U0286,Inland Floodplain Shrublands / Swamps,inland,31,1.9329
286.0,2012,31.0,87.44982147216797,0.0,31.0,0.0,U0286,Inland Floodplain Shrublands / Swamps,inland,31,1.9329
286.0,2013,31.0,84.40496826171875,0.0,31.0,0.0,U0286,Inland Floodplain Shrublands / Swamps,inland,31,1.9329
286.0,2014,31.0,72.33437728881836,0.0,31.0,0.0,U0286,Inland Floodplain Shrublands / Swamps,inland,31,1.9329
286.0,2015,31.0,71.67343521118164,0.0,31.0,0.0,U0286,Inland Floodplain Shrublands / Swamps,inland,31,1.9329
286.0,2016,31.0,87.84549713134766,31.0,31.0,100.0,U0286,Inland Floodplain Shrublands / Swamps,inland,31,1.9329
286.0,2017,31.0,83.86295318603516,0.0,31.0,0.0,U0286,Inland Floodplain Shrublands / Swamps,inland,31,1.9329
286.0,2018,31.0,64.46645736694336,0.0,31.0,0.0,U0286,Inland Floodplain Shrublands / Swamps,inland,31,1.9329
286.0,2019,31.0,55.28951454162598,0.0,31.0,0.0,U0286,Inland Floodplain Shrublands / Swamps,inland,31,1.9329
286.0,2020,31.0,59.28146171569824,0.0,31.0,0.0,U0286,Inland Floodplain Shrublands / Swamps,inland,31,1.9329
286.0,2021,31.0,61.760520935058594,0.0,31.0,0.0,U0286,Inland Floodplain Shrublands / Swamps,inland,31,1.9329
286.0,2022,31.0,79.65493392944336,31.0,31.0,100.0,U0286,Inland Floodplain Shrublands / Swamps,inland,31,1.9329
293.0,1988,309.0,80.22071380615235,213.0,309.0,68.93203883495146,U0293,Inland Floodplain Shrublands / Swamps,inland,309,19.2666
293.0,1989,309.0,85.3840103149414,240.0,309.0,77.66990291262135,U0293,Inland Floodplain Shrublands / Swamps,inland,309,19.2666
293.0,1990,309.0,85.90902099609374,309.0,309.0,100.0,U0293,Inland Floodplain Shrublands / Swamps,inland,309,19.2666
293.0,1991,309.0,80.90893096923828,267.0,309.0,86.40776699029126,U0293,Inland Floodplain Shrublands / Swamps,inland,309,19.2666
293.0,1992,216.0,79.6671371459961,309.0,309.0,100.0,U0293,Inland Floodplain Shrublands / Swamps,inland,309,19.2666
293.0,1993,309.0,82.16742095947265,116.0,309.0,37.54045307443366,U0293,Inland Floodplain Shrublands / Swamps,inland,309,19.2666
293.0,1994,309.0,82.10845184326172,0.0,309.0,0.0,U0293,Inland Floodplain Shrublands / Swamps,inland,309,19.2666
293.0,1995,309.0,87.15479431152343,175.0,309.0,56.63430420711974,U0293,Inland Floodplain Shrublands / Swamps,inland,309,19.2666
293.0,1996,309.0,76.07762756347657,309.0,309.0,100.0,U0293,Inland Floodplain Shrublands / Swamps,inland,309,19.2666
293.0,1997,309.0,75.63715057373047,0.0,309.0,0.0,U0293,Inland Floodplain Shrublands / Swamps,inland,309,19.2666
293.0,1998,309.0,71.88235168457031,301.0,309.0,97.41100323624596,U0293,Inland Floodplain Shrublands / Swamps,inland,309,19.2666
293.0,1999,309.0,77.92655029296876,0.0,309.0,0.0,U0293,Inland Floodplain Shrublands / Swamps,inland,309,19.2666
293.0,2000,309.0,80.17556457519531,122.0,309.0,39.48220064724919,U0293,Inland Floodplain Shrublands / Swamps,inland,309,19.2666
293.0,2001,309.0,86.65264739990235,0.0,309.0,0.0,U0293,Inland Floodplain Shrublands / Swamps,inland,309,19.2666
293.0,2002,309.0,77.7314453125,5.0,309.0,1.6181229773462784,U0293,Inland Floodplain Shrublands / Swamps,inland,309,19.2666
293.0,2003,309.0,78.51290740966797,0.0,309.0,0.0,U0293,Inland Floodplain Shrublands / Swamps,inland,309,19.2666
293.0,2004,309.0,73.11592864990234,0.0,309.0,0.0,U0293,Inland Floodplain Shrublands / Swamps,inland,309,19.2666
293.0,2005,309.0,80.19032135009766,194.0,309.0,62.7831715210356,U0293,Inland Floodplain Shrublands / Swamps,inland,309,19.2666
293.0,2006,309.0,74.98755645751953,0.0,309.0,0.0,U0293,Inland Floodplain Shrublands / Swamps,inland,309,19.2666
293.0,2007,309.0,63.51486434936523,0.0,309.0,0.0,U0293,Inland Floodplain Shrublands / Swamps,inland,309,19.2666
293.0,2008,309.0,41.320166778564456,0.0,309.0,0.0,U0293,Inland Floodplain Shrublands / Swamps,inland,309,19.2666
293.0,2009,309.0,53.91318359375,0.0,309.0,0.0,U0293,Inland Floodplain Shrublands / Swamps,inland,309,19.2666
293.0,2010,309.0,83.84403991699219,303.0,309.0,98.05825242718447,U0293,Inland Floodplain Shrublands / Swamps,inland,309,19.2666
293.0,2011,309.0,81.39388732910156,140.0,309.0,45.30744336569579,U0293,Inland Floodplain Shrublands / Swamps,inland,309,19.2666
293.0,2012,309.0,79.2134506225586,229.0,309.0,74.11003236245955,U0293,Inland Floodplain Shrublands / Swamps,inland,309,19.2666
293.0,2013,309.0,77.1867431640625,1.0,309.0,0.32362459546925565,U0293,Inland Floodplain Shrublands / Swamps,inland,309,19.2666
293.0,2014,309.0,67.54615020751953,0.0,309.0,0.0,U0293,Inland Floodplain Shrublands / Swamps,inland,309,19.2666
293.0,2015,309.0,61.08320617675781,0.0,309.0,0.0,U0293,Inland Floodplain Shrublands / Swamps,inland,309,19.2666
293.0,2016,309.0,76.74420013427735,309.0,309.0,100.0,U0293,Inland Floodplain Shrublands / Swamps,inland,309,19.2666
293.0,2017,309.0,81.80163116455078,0.0,309.0,0.0,U0293,Inland Floodplain Shrublands / Swamps,inland,309,19.2666
293.0,2018,309.0,70.92038116455078,0.0,309.0,0.0,U0293,Inland Floodplain Shrublands / Swamps,inland,309,19.2666
293.0,2019,309.0,56.31228103637695,0.0,309.0,0.0,U0293,Inland Floodplain Shrublands / Swamps,inland,309,19.2666
293.0,2020,309.0,72.28503112792968,57.0,309.0,18.446601941747574,U0293,Inland Floodplain Shrublands / Swamps,inland,309,19.2666
293.0,2021,309.0,72.38754730224609,279.0,309.0,90.29126213592232,U0293,Inland Floodplain Shrublands / Swamps,inland,309,19.2666
293.0,2022,309.0,86.49627990722657,309.0,309.0,100.0,U0293,Inland Floodplain Shrublands / Swamps,inland,309,19.2666
326.0,1988,293.0,91.68645477294922,209.0,293.0,71.33105802047781,U0326,Inland Floodplain Shrublands / Swamps,inland,293,18.269
326.0,1989,293.0,92.77608337402344,293.0,293.0,100.0,U0326,Inland Floodplain Shrublands / Swamps,inland,293,18.269
326.0,1990,293.0,90.83576965332031,293.0,293.0,100.0,U0326,Inland Floodplain Shrublands / Swamps,inland,293,18.269
326.0,1991,293.0,84.11785278320312,195.0,293.0,66.55290102389078,U0326,Inland Floodplain Shrublands / Swamps,inland,293,18.269
326.0,1992,293.0,90.00322875976562,293.0,293.0,100.0,U0326,Inland Floodplain Shrublands / Swamps,inland,293,18.269
326.0,1993,293.0,78.24956817626953,14.0,293.0,4.778156996587031,U0326,Inland Floodplain Shrublands / Swamps,inland,293,18.269
326.0,1994,293.0,83.48421325683594,0.0,293.0,0.0,U0326,Inland Floodplain Shrublands / Swamps,inland,293,18.269
326.0,1995,293.0,89.34487762451172,3.0,293.0,1.023890784982935,U0326,Inland Floodplain Shrublands / Swamps,inland,293,18.269
326.0,1996,293.0,81.73944396972657,7.0,293.0,2.3890784982935154,U0326,Inland Floodplain Shrublands / Swamps,inland,293,18.269
326.0,1997,293.0,79.94789123535156,0.0,293.0,0.0,U0326,Inland Floodplain Shrublands / Swamps,inland,293,18.269
326.0,1998,293.0,80.9865234375,35.0,293.0,11.945392491467576,U0326,Inland Floodplain Shrublands / Swamps,inland,293,18.269
326.0,1999,293.0,87.11069946289062,0.0,293.0,0.0,U0326,Inland Floodplain Shrublands / Swamps,inland,293,18.269
326.0,2000,293.0,81.87809753417969,6.0,293.0,2.04778156996587,U0326,Inland Floodplain Shrublands / Swamps,inland,293,18.269
326.0,2001,293.0,88.85490264892579,0.0,293.0,0.0,U0326,Inland Floodplain Shrublands / Swamps,inland,293,18.269
326.0,2002,293.0,75.85265045166015,6.0,293.0,2.04778156996587,U0326,Inland Floodplain Shrublands / Swamps,inland,293,18.269
326.0,2003,293.0,81.42787475585938,0.0,293.0,0.0,U0326,Inland Floodplain Shrublands / Swamps,inland,293,18.269
326.0,2004,293.0,76.69505462646484,0.0,293.0,0.0,U0326,Inland Floodplain Shrublands / Swamps,inland,293,18.269
326.0,2005,293.0,83.96880950927735,288.0,293.0,98.29351535836177,U0326,Inland Floodplain Shrublands / Swamps,inland,293,18.269
326.0,2006,293.0,82.10157775878906,0.0,293.0,0.0,U0326,Inland Floodplain Shrublands / Swamps,inland,293,18.269
326.0,2007,293.0,72.7436294555664,0.0,293.0,0.0,U0326,Inland Floodplain Shrublands / Swamps,inland,293,18.269
326.0,2008,293.0,60.55735549926758,0.0,293.0,0.0,U0326,Inland Floodplain Shrublands / Swamps,inland,293,18.269
326.0,2009,293.0,65.82074127197265,3.0,293.0,1.023890784982935,U0326,Inland Floodplain Shrublands / Swamps,inland,293,18.269
326.0,2010,293.0,87.51045989990234,184.0,293.0,62.79863481228669,U0326,Inland Floodplain Shrublands / Swamps,inland,293,18.269
326.0,2011,293.0,86.83195190429687,276.0,293.0,94.19795221843003,U0326,Inland Floodplain Shrublands / Swamps,inland,293,18.269
326.0,2012,293.0,90.18652801513672,0.0,293.0,0.0,U0326,Inland Floodplain Shrublands / Swamps,inland,293,18.269
326.0,2013,293.0,87.02002716064453,0.0,293.0,0.0,U0326,Inland Floodplain Shrublands / Swamps,inland,293,18.269
326.0,2014,293.0,78.20528564453124,0.0,293.0,0.0,U0326,Inland Floodplain Shrublands / Swamps,inland,293,18.269
326.0,2015,293.0,78.65427856445312,0.0,293.0,0.0,U0326,Inland Floodplain Shrublands / Swamps,inland,293,18.269
326.0,2016,293.0,87.54538116455078,293.0,293.0,100.0,U0326,Inland Floodplain Shrublands / Swamps,inland,293,18.269
326.0,2017,293.0,85.7284942626953,0.0,293.0,0.0,U0326,Inland Floodplain Shrublands / Swamps,inland,293,18.269
326.0,2018,293.0,71.19756622314453,10.0,293.0,3.4129692832764507,U0326,Inland Floodplain Shrublands / Swamps,inland,293,18.269
326.0,2019,293.0,72.9736312866211,3.0,293.0,1.023890784982935,U0326,Inland Floodplain Shrublands / Swamps,inland,293,18.269
326.0,2020,293.0,77.4748748779297,5.0,293.0,1.7064846416382253,U0326,Inland Floodplain Shrublands / Swamps,inland,293,18.269
326.0,2021,293.0,76.2633560180664,193.0,293.0,65.8703071672355,U0326,Inland Floodplain Shrublands / Swamps,inland,293,18.269
326.0,2022,293.0,89.53493194580078,293.0,293.0,100.0,U0326,Inland Floodplain Shrublands / Swamps,inland,293,18.269
335.0,1988,1068.0,77.87775344848633,106.0,1068.0,9.925093632958802,U0335,Inland Floodplain Shrublands / Swamps,inland,1068,66.5913
335.0,1989,1068.0,85.21913986206054,450.0,1068.0,42.13483146067416,U0335,Inland Floodplain Shrublands / Swamps,inland,1068,66.5913
335.0,1990,1068.0,89.67375450134277,732.0,1068.0,68.53932584269663,U0335,Inland Floodplain Shrublands / Swamps,inland,1068,66.5913
335.0,1991,1068.0,62.928334617614745,93.0,1068.0,8.707865168539326,U0335,Inland Floodplain Shrublands / Swamps,inland,1068,66.5913
335.0,1992,1068.0,78.77870750427246,413.0,1068.0,38.670411985018724,U0335,Inland Floodplain Shrublands / Swamps,inland,1068,66.5913
335.0,1993,1068.0,79.94531288146973,739.0,1068.0,69.19475655430712,U0335,Inland Floodplain Shrublands / Swamps,inland,1068,66.5913
335.0,1994,1068.0,65.41828918457031,4.0,1068.0,0.37453183520599254,U0335,Inland Floodplain Shrublands / Swamps,inland,1068,66.5913
335.0,1995,1068.0,81.15217170715331,472.0,1068.0,44.19475655430712,U0335,Inland Floodplain Shrublands / Swamps,inland,1068,66.5913
335.0,1996,1068.0,34.50202808380127,3.0,1068.0,0.2808988764044944,U0335,Inland Floodplain Shrublands / Swamps,inland,1068,66.5913
335.0,1997,1068.0,51.36731796264648,0.0,1068.0,0.0,U0335,Inland Floodplain Shrublands / Swamps,inland,1068,66.5913
335.0,1998,1068.0,58.69213027954102,475.0,1068.0,44.47565543071161,U0335,Inland Floodplain Shrublands / Swamps,inland,1068,66.5913
335.0,1999,1068.0,76.79344825744629,0.0,1068.0,0.0,U0335,Inland Floodplain Shrublands / Swamps,inland,1068,66.5913
335.0,2000,1068.0,72.19762725830078,14.0,1068.0,1.3108614232209739,U0335,Inland Floodplain Shrublands / Swamps,inland,1068,66.5913
335.0,2001,1068.0,55.8024658203125,0.0,1068.0,0.0,U0335,Inland Floodplain Shrublands / Swamps,inland,1068,66.5913
335.0,2002,1068.0,52.59015464782715,20.0,1068.0,1.8726591760299625,U0335,Inland Floodplain Shrublands / Swamps,inland,1068,66.5913
335.0,2003,1068.0,67.65803718566895,0.0,1068.0,0.0,U0335,Inland Floodplain Shrublands / Swamps,inland,1068,66.5913
335.0,2004,1068.0,68.78113746643066,0.0,1068.0,0.0,U0335,Inland Floodplain Shrublands / Swamps,inland,1068,66.5913
335.0,2005,1068.0,61.918854331970216,14.0,1068.0,1.3108614232209739,U0335,Inland Floodplain Shrublands / Swamps,inland,1068,66.5913
335.0,2006,1068.0,46.42075805664062,0.0,1068.0,0.0,U0335,Inland Floodplain Shrublands / Swamps,inland,1068,66.5913
335.0,2007,1068.0,55.67373275756836,0.0,1068.0,0.0,U0335,Inland Floodplain Shrublands / Swamps,inland,1068,66.5913
335.0,2008,1068.0,30.781982612609863,0.0,1068.0,0.0,U0335,Inland Floodplain Shrublands / Swamps,inland,1068,66.5913
335.0,2009,1068.0,55.101474380493165,0.0,1068.0,0.0,U0335,Inland Floodplain Shrublands / Swamps,inland,1068,66.5913
335.0,2010,1068.0,79.04667930603027,230.0,1068.0,21.53558052434457,U0335,Inland Floodplain Shrublands / Swamps,inland,1068,66.5913
335.0,2011,1068.0,80.19487228393555,657.0,1068.0,61.51685393258427,U0335,Inland Floodplain Shrublands / Swamps,inland,1068,66.5913
335.0,2012,1068.0,77.96194801330566,0.0,1068.0,0.0,U0335,Inland Floodplain Shrublands / Swamps,inland,1068,66.5913
335.0,2013,1068.0,76.48405609130859,2.0,1068.0,0.18726591760299627,U0335,Inland Floodplain Shrublands / Swamps,inland,1068,66.5913
335.0,2014,1068.0,63.31024341583252,19.0,1068.0,1.7790262172284643,U0335,Inland Floodplain Shrublands / Swamps,inland,1068,66.5913
335.0,2015,1068.0,70.46222610473633,2.0,1068.0,0.18726591760299627,U0335,Inland Floodplain Shrublands / Swamps,inland,1068,66.5913
335.0,2016,1068.0,87.32428894042968,778.0,1068.0,72.84644194756554,U0335,Inland Floodplain Shrublands / Swamps,inland,1068,66.5913
335.0,2017,1068.0,83.90415802001954,11.0,1068.0,1.0299625468164795,U0335,Inland Floodplain Shrublands / Swamps,inland,1068,66.5913
335.0,2018,1068.0,63.44256706237793,12.0,1068.0,1.1235955056179776,U0335,Inland Floodplain Shrublands / Swamps,inland,1068,66.5913
335.0,2019,1068.0,61.838796615600586,14.0,1068.0,1.3108614232209739,U0335,Inland Floodplain Shrublands / Swamps,inland,1068,66.5913
335.0,2020,1068.0,68.04422340393066,39.0,1068.0,3.651685393258427,U0335,Inland Floodplain Shrublands / Swamps,inland,1068,66.5913
335.0,2021,1068.0,67.49225807189941,481.0,1068.0,45.0374531835206,U0335,Inland Floodplain Shrublands / Swamps,inland,1068,66.5913
335.0,2022,1068.0,76.82290153503418,886.0,1068.0,82.95880149812734,U0335,Inland Floodplain Shrublands / Swamps,inland,1068,66.5913
347.0,1988,2979.0,83.0096534729004,1961.0,2979.0,65.82745887881839,U0347,Inland Floodplain Shrublands / Swamps,inland,2979,185.7449
347.0,1989,2979.0,88.24589309692382,2401.0,2979.0,80.59751594494797,U0347,Inland Floodplain Shrublands / Swamps,inland,2979,185.7449
347.0,1990,2979.0,85.65898971557617,2942.0,2979.0,98.75797247398455,U0347,Inland Floodplain Shrublands / Swamps,inland,2979,185.7449
347.0,1991,2978.0,77.01419067382812,2080.0,2979.0,69.82208794897616,U0347,Inland Floodplain Shrublands / Swamps,inland,2979,185.7449
347.0,1992,2685.0,79.55158996582031,2777.0,2979.0,93.21920107418597,U0347,Inland Floodplain Shrublands / Swamps,inland,2979,185.7449
347.0,1993,2979.0,78.94423294067383,958.0,2979.0,32.15844243034575,U0347,Inland Floodplain Shrublands / Swamps,inland,2979,185.7449
347.0,1994,2979.0,71.3018424987793,0.0,2979.0,0.0,U0347,Inland Floodplain Shrublands / Swamps,inland,2979,185.7449
347.0,1995,2979.0,83.30779724121093,103.0,2979.0,3.4575360859348776,U0347,Inland Floodplain Shrublands / Swamps,inland,2979,185.7449
347.0,1996,2979.0,72.6069839477539,2978.0,2979.0,99.96643168848607,U0347,Inland Floodplain Shrublands / Swamps,inland,2979,185.7449
347.0,1997,2979.0,83.19780731201172,0.0,2979.0,0.0,U0347,Inland Floodplain Shrublands / Swamps,inland,2979,185.7449
347.0,1998,2979.0,71.03487625122071,995.0,2979.0,33.40046995636119,U0347,Inland Floodplain Shrublands / Swamps,inland,2979,185.7449
347.0,1999,2979.0,77.85570831298828,34.0,2979.0,1.141322591473649,U0347,Inland Floodplain Shrublands / Swamps,inland,2979,185.7449
347.0,2000,2979.0,83.45397720336913,62.0,2979.0,2.0812353138637127,U0347,Inland Floodplain Shrublands / Swamps,inland,2979,185.7449
347.0,2001,2979.0,77.2615577697754,13.0,2979.0,0.43638804968110106,U0347,Inland Floodplain Shrublands / Swamps,inland,2979,185.7449
347.0,2002,2979.0,71.35425109863282,239.0,2979.0,8.022826451829474,U0347,Inland Floodplain Shrublands / Swamps,inland,2979,185.7449
347.0,2003,2979.0,69.84612884521485,0.0,2979.0,0.0,U0347,Inland Floodplain Shrublands / Swamps,inland,2979,185.7449
347.0,2004,2979.0,61.59907455444336,1.0,2979.0,0.03356831151393085,U0347,Inland Floodplain Shrublands / Swamps,inland,2979,185.7449
347.0,2005,2979.0,78.9859519958496,1107.0,2979.0,37.16012084592145,U0347,Inland Floodplain Shrublands / Swamps,inland,2979,185.7449
347.0,2006,2979.0,71.25181350708007,0.0,2979.0,0.0,U0347,Inland Floodplain Shrublands / Swamps,inland,2979,185.7449
347.0,2007,2979.0,66.35546340942383,0.0,2979.0,0.0,U0347,Inland Floodplain Shrublands / Swamps,inland,2979,185.7449
347.0,2008,2979.0,52.241311645507814,0.0,2979.0,0.0,U0347,Inland Floodplain Shrublands / Swamps,inland,2979,185.7449
347.0,2009,2979.0,47.53655738830567,3.0,2979.0,0.10070493454179255,U0347,Inland Floodplain Shrublands / Swamps,inland,2979,185.7449
347.0,2010,2979.0,80.05432586669922,2853.0,2979.0,95.7703927492447,U0347,Inland Floodplain Shrublands / Swamps,inland,2979,185.7449
347.0,2011,2977.0,71.95243225097656,2146.0,2979.0,72.0375965088956,U0347,Inland Floodplain Shrublands / Swamps,inland,2979,185.7449
347.0,2012,2979.0,81.41255187988281,881.0,2979.0,29.573682443773077,U0347,Inland Floodplain Shrublands / Swamps,inland,2979,185.7449
347.0,2013,2979.0,73.41233444213867,46.0,2979.0,1.544142329640819,U0347,Inland Floodplain Shrublands / Swamps,inland,2979,185.7449
347.0,2014,2979.0,64.65988311767578,28.0,2979.0,0.9399127223900637,U0347,Inland Floodplain Shrublands / Swamps,inland,2979,185.7449
347.0,2015,2979.0,64.02704315185547,8.0,2979.0,0.2685464921114468,U0347,Inland Floodplain Shrublands / Swamps,inland,2979,185.7449
347.0,2016,2979.0,74.17844696044922,2775.0,2979.0,93.15206445115811,U0347,Inland Floodplain Shrublands / Swamps,inland,2979,185.7449
347.0,2017,2979.0,77.82317733764648,23.0,2979.0,0.7720711648204095,U0347,Inland Floodplain Shrublands / Swamps,inland,2979,185.7449
347.0,2018,2979.0,65.60214157104492,602.0,2979.0,20.20812353138637,U0347,Inland Floodplain Shrublands / Swamps,inland,2979,185.7449
347.0,2019,2979.0,61.81141319274902,0.0,2979.0,0.0,U0347,Inland Floodplain Shrublands / Swamps,inland,2979,185.7449
347.0,2020,2979.0,67.33919525146484,6.0,2979.0,0.2014098690835851,U0347,Inland Floodplain Shrublands / Swamps,inland,2979,185.7449
347.0,2021,2979.0,66.95892105102538,2659.0,2979.0,89.25814031554212,U0347,Inland Floodplain Shrublands / Swamps,inland,2979,185.7449
347.0,2022,2979.0,79.91449356079102,2975.0,2979.0,99.86572675394427,U0347,Inland Floodplain Shrublands / Swamps,inland,2979,185.7449
380.0,1988,1379.0,79.5262664794922,90.0,1379.0,6.5264684554024655,U0380,Inland Floodplain Shrublands / Swamps,inland,1379,85.9826
380.0,1989,1379.0,77.19450988769532,889.0,1379.0,64.46700507614213,U0380,Inland Floodplain Shrublands / Swamps,inland,1379,85.9826
380.0,1990,1379.0,78.36884384155273,1110.0,1379.0,80.49311094996374,U0380,Inland Floodplain Shrublands / Swamps,inland,1379,85.9826
380.0,1991,789.0,69.88238677978515,863.0,1379.0,62.58158085569253,U0380,Inland Floodplain Shrublands / Swamps,inland,1379,85.9826
380.0,1992,1379.0,85.30182647705078,679.0,1379.0,49.23857868020305,U0380,Inland Floodplain Shrublands / Swamps,inland,1379,85.9826
380.0,1993,1379.0,76.11678924560547,216.0,1379.0,15.663524292965917,U0380,Inland Floodplain Shrublands / Swamps,inland,1379,85.9826
380.0,1994,1379.0,51.313467025756836,1.0,1379.0,0.0725163161711385,U0380,Inland Floodplain Shrublands / Swamps,inland,1379,85.9826
380.0,1995,1379.0,83.54474868774415,283.0,1379.0,20.522117476432197,U0380,Inland Floodplain Shrublands / Swamps,inland,1379,85.9826
380.0,1996,1379.0,72.01414489746094,0.0,1379.0,0.0,U0380,Inland Floodplain Shrublands / Swamps,inland,1379,85.9826
380.0,1997,1379.0,56.962745666503906,1.0,1379.0,0.0725163161711385,U0380,Inland Floodplain Shrublands / Swamps,inland,1379,85.9826
380.0,1998,1379.0,70.7395751953125,286.0,1379.0,20.739666424945614,U0380,Inland Floodplain Shrublands / Swamps,inland,1379,85.9826
380.0,1999,1379.0,75.06692047119141,0.0,1379.0,0.0,U0380,Inland Floodplain Shrublands / Swamps,inland,1379,85.9826
380.0,2000,1379.0,74.39488525390625,2.0,1379.0,0.145032632342277,U0380,Inland Floodplain Shrublands / Swamps,inland,1379,85.9826
380.0,2001,1379.0,68.83309707641601,0.0,1379.0,0.0,U0380,Inland Floodplain Shrublands / Swamps,inland,1379,85.9826
380.0,2002,1379.0,63.069309616088866,65.0,1379.0,4.713560551124003,U0380,Inland Floodplain Shrublands / Swamps,inland,1379,85.9826
380.0,2003,1379.0,39.49303131103516,0.0,1379.0,0.0,U0380,Inland Floodplain Shrublands / Swamps,inland,1379,85.9826
380.0,2004,1379.0,47.86650352478027,2.0,1379.0,0.145032632342277,U0380,Inland Floodplain Shrublands / Swamps,inland,1379,85.9826
380.0,2005,1379.0,68.87010650634765,1179.0,1379.0,85.4967367657723,U0380,Inland Floodplain Shrublands / Swamps,inland,1379,85.9826
380.0,2006,1379.0,59.42884292602539,0.0,1379.0,0.0,U0380,Inland Floodplain Shrublands / Swamps,inland,1379,85.9826
380.0,2007,1379.0,31.029382514953614,0.0,1379.0,0.0,U0380,Inland Floodplain Shrublands / Swamps,inland,1379,85.9826
380.0,2008,1379.0,25.736389350891113,0.0,1379.0,0.0,U0380,Inland Floodplain Shrublands / Swamps,inland,1379,85.9826
380.0,2009,1379.0,35.27148132324219,1.0,1379.0,0.0725163161711385,U0380,Inland Floodplain Shrublands / Swamps,inland,1379,85.9826
380.0,2010,1379.0,77.81537704467773,292.0,1379.0,21.174764321972443,U0380,Inland Floodplain Shrublands / Swamps,inland,1379,85.9826
380.0,2011,1379.0,87.33265762329101,918.0,1379.0,66.56997824510515,U0380,Inland Floodplain Shrublands / Swamps,inland,1379,85.9826
380.0,2012,1379.0,85.40371780395508,1.0,1379.0,0.0725163161711385,U0380,Inland Floodplain Shrublands / Swamps,inland,1379,85.9826
380.0,2013,1379.0,82.32603149414062,0.0,1379.0,0.0,U0380,Inland Floodplain Shrublands / Swamps,inland,1379,85.9826
380.0,2014,1379.0,62.23641738891602,0.0,1379.0,0.0,U0380,Inland Floodplain Shrublands / Swamps,inland,1379,85.9826
380.0,2015,1379.0,57.80442123413086,0.0,1379.0,0.0,U0380,Inland Floodplain Shrublands / Swamps,inland,1379,85.9826
380.0,2016,1379.0,82.30670928955078,1379.0,1379.0,100.0,U0380,Inland Floodplain Shrublands / Swamps,inland,1379,85.9826
380.0,2017,1379.0,81.71288223266602,1.0,1379.0,0.0725163161711385,U0380,Inland Floodplain Shrublands / Swamps,inland,1379,85.9826
380.0,2018,1379.0,67.20236587524414,1.0,1379.0,0.0725163161711385,U0380,Inland Floodplain Shrublands / Swamps,inland,1379,85.9826
380.0,2019,1379.0,56.73752365112305,0.0,1379.0,0.0,U0380,Inland Floodplain Shrublands / Swamps,inland,1379,85.9826
380.0,2020,1379.0,48.941178512573245,1.0,1379.0,0.0725163161711385,U0380,Inland Floodplain Shrublands / Swamps,inland,1379,85.9826
380.0,2021,1379.0,52.757313919067386,542.0,1379.0,39.30384336475707,U0380,Inland Floodplain Shrublands / Swamps,inland,1379,85.9826
380.0,2022,1379.0,67.99489364624023,1379.0,1379.0,100.0,U0380,Inland Floodplain Shrublands / Swamps,inland,1379,85.9826
393.0,1988,56.0,88.08850479125977,7.0,56.0,12.5,U0393,Inland Floodplain Shrublands / Swamps,inland,56,3.4917
393.0,1989,56.0,91.07064247131348,10.0,56.0,17.857142857142858,U0393,Inland Floodplain Shrublands / Swamps,inland,56,3.4917
393.0,1990,56.0,77.36398506164551,16.0,56.0,28.571428571428573,U0393,Inland Floodplain Shrublands / Swamps,inland,56,3.4917
393.0,1991,56.0,74.51333999633789,13.0,56.0,23.214285714285715,U0393,Inland Floodplain Shrublands / Swamps,inland,56,3.4917
393.0,1992,56.0,80.45245552062988,4.0,56.0,7.142857142857143,U0393,Inland Floodplain Shrublands / Swamps,inland,56,3.4917
393.0,1993,56.0,79.83218193054199,0.0,56.0,0.0,U0393,Inland Floodplain Shrublands / Swamps,inland,56,3.4917
393.0,1994,56.0,59.08902072906494,7.0,56.0,12.5,U0393,Inland Floodplain Shrublands / Swamps,inland,56,3.4917
393.0,1995,56.0,86.14135360717773,9.0,56.0,16.071428571428573,U0393,Inland Floodplain Shrublands / Swamps,inland,56,3.4917
393.0,1996,56.0,85.49324798583984,37.0,56.0,66.07142857142857,U0393,Inland Floodplain Shrublands / Swamps,inland,56,3.4917
393.0,1997,56.0,80.48113822937012,0.0,56.0,0.0,U0393,Inland Floodplain Shrublands / Swamps,inland,56,3.4917
393.0,1998,56.0,74.35906410217285,56.0,56.0,100.0,U0393,Inland Floodplain Shrublands / Swamps,inland,56,3.4917
393.0,1999,56.0,80.30795669555664,0.0,56.0,0.0,U0393,Inland Floodplain Shrublands / Swamps,inland,56,3.4917
393.0,2000,56.0,80.04276275634766,5.0,56.0,8.928571428571429,U0393,Inland Floodplain Shrublands / Swamps,inland,56,3.4917
393.0,2001,56.0,80.45058822631836,0.0,56.0,0.0,U0393,Inland Floodplain Shrublands / Swamps,inland,56,3.4917
393.0,2002,56.0,70.18447494506836,1.0,56.0,1.7857142857142858,U0393,Inland Floodplain Shrublands / Swamps,inland,56,3.4917
393.0,2003,56.0,75.74832534790039,0.0,56.0,0.0,U0393,Inland Floodplain Shrublands / Swamps,inland,56,3.4917
393.0,2004,56.0,77.24702262878418,0.0,56.0,0.0,U0393,Inland Floodplain Shrublands / Swamps,inland,56,3.4917
393.0,2005,56.0,77.77525901794434,0.0,56.0,0.0,U0393,Inland Floodplain Shrublands / Swamps,inland,56,3.4917
393.0,2006,56.0,66.05143928527832,0.0,56.0,0.0,U0393,Inland Floodplain Shrublands / Swamps,inland,56,3.4917
393.0,2007,56.0,49.5133056640625,0.0,56.0,0.0,U0393,Inland Floodplain Shrublands / Swamps,inland,56,3.4917
393.0,2008,56.0,36.053916931152344,0.0,56.0,0.0,U0393,Inland Floodplain Shrublands / Swamps,inland,56,3.4917
393.0,2009,56.0,46.16066074371338,0.0,56.0,0.0,U0393,Inland Floodplain Shrublands / Swamps,inland,56,3.4917
393.0,2010,56.0,74.34953308105469,6.0,56.0,10.714285714285714,U0393,Inland Floodplain Shrublands / Swamps,inland,56,3.4917
393.0,2011,56.0,85.83773803710938,2.0,56.0,3.5714285714285716,U0393,Inland Floodplain Shrublands / Swamps,inland,56,3.4917
393.0,2012,56.0,80.97449111938477,0.0,56.0,0.0,U0393,Inland Floodplain Shrublands / Swamps,inland,56,3.4917
393.0,2013,56.0,80.80603218078613,0.0,56.0,0.0,U0393,Inland Floodplain Shrublands / Swamps,inland,56,3.4917
393.0,2014,56.0,70.93294334411621,0.0,56.0,0.0,U0393,Inland Floodplain Shrublands / Swamps,inland,56,3.4917
393.0,2015,56.0,72.4609546661377,0.0,56.0,0.0,U0393,Inland Floodplain Shrublands / Swamps,inland,56,3.4917
393.0,2016,56.0,79.10087776184082,53.0,56.0,94.64285714285714,U0393,Inland Floodplain Shrublands / Swamps,inland,56,3.4917
393.0,2017,56.0,84.63241004943848,0.0,56.0,0.0,U0393,Inland Floodplain Shrublands / Swamps,inland,56,3.4917
393.0,2018,56.0,68.6000919342041,0.0,56.0,0.0,U0393,Inland Floodplain Shrublands / Swamps,inland,56,3.4917
393.0,2019,56.0,61.0311861038208,0.0,56.0,0.0,U0393,Inland Floodplain Shrublands / Swamps,inland,56,3.4917
393.0,2020,56.0,70.10660171508789,6.0,56.0,10.714285714285714,U0393,Inland Floodplain Shrublands / Swamps,inland,56,3.4917
393.0,2021,56.0,65.22138977050781,13.0,56.0,23.214285714285715,U0393,Inland Floodplain Shrublands / Swamps,inland,56,3.4917
393.0,2022,56.0,74.7024040222168,56.0,56.0,100.0,U0393,Inland Floodplain Shrublands / Swamps,inland,56,3.4917
403.0,1988,34.0,90.94404220581055,34.0,34.0,100.0,U0403,Inland Floodplain Shrublands / Swamps,inland,34,2.1199
403.0,1989,34.0,89.8005157470703,34.0,34.0,100.0,U0403,Inland Floodplain Shrublands / Swamps,inland,34,2.1199
403.0,1990,34.0,89.79173622131347,34.0,34.0,100.0,U0403,Inland Floodplain Shrublands / Swamps,inland,34,2.1199
403.0,1991,34.0,83.78564186096192,34.0,34.0,100.0,U0403,Inland Floodplain Shrublands / Swamps,inland,34,2.1199
403.0,1992,34.0,70.98804206848145,34.0,34.0,100.0,U0403,Inland Floodplain Shrublands / Swamps,inland,34,2.1199
403.0,1993,34.0,81.7200740814209,0.0,34.0,0.0,U0403,Inland Floodplain Shrublands / Swamps,inland,34,2.1199
403.0,1994,34.0,71.59942512512207,0.0,34.0,0.0,U0403,Inland Floodplain Shrublands / Swamps,inland,34,2.1199
403.0,1995,34.0,80.72441520690919,34.0,34.0,100.0,U0403,Inland Floodplain Shrublands / Swamps,inland,34,2.1199
403.0,1996,34.0,84.48170890808106,0.0,34.0,0.0,U0403,Inland Floodplain Shrublands / Swamps,inland,34,2.1199
403.0,1997,34.0,74.99246177673339,0.0,34.0,0.0,U0403,Inland Floodplain Shrublands / Swamps,inland,34,2.1199
403.0,1998,34.0,70.55360984802246,34.0,34.0,100.0,U0403,Inland Floodplain Shrublands / Swamps,inland,34,2.1199
403.0,1999,34.0,81.8344711303711,0.0,34.0,0.0,U0403,Inland Floodplain Shrublands / Swamps,inland,34,2.1199
403.0,2000,34.0,80.27981452941894,1.0,34.0,2.9411764705882355,U0403,Inland Floodplain Shrublands / Swamps,inland,34,2.1199
403.0,2001,34.0,84.67546920776367,0.0,34.0,0.0,U0403,Inland Floodplain Shrublands / Swamps,inland,34,2.1199
403.0,2002,34.0,74.87840919494629,1.0,34.0,2.9411764705882355,U0403,Inland Floodplain Shrublands / Swamps,inland,34,2.1199
403.0,2003,34.0,73.3087345123291,0.0,34.0,0.0,U0403,Inland Floodplain Shrublands / Swamps,inland,34,2.1199
403.0,2004,34.0,73.9378818511963,0.0,34.0,0.0,U0403,Inland Floodplain Shrublands / Swamps,inland,34,2.1199
403.0,2005,34.0,80.1170425415039,34.0,34.0,100.0,U0403,Inland Floodplain Shrublands / Swamps,inland,34,2.1199
403.0,2006,34.0,77.66241455078125,0.0,34.0,0.0,U0403,Inland Floodplain Shrublands / Swamps,inland,34,2.1199
403.0,2007,34.0,69.25246658325196,0.0,34.0,0.0,U0403,Inland Floodplain Shrublands / Swamps,inland,34,2.1199
403.0,2008,34.0,53.66166381835937,0.0,34.0,0.0,U0403,Inland Floodplain Shrublands / Swamps,inland,34,2.1199
403.0,2009,34.0,62.8207929611206,0.0,34.0,0.0,U0403,Inland Floodplain Shrublands / Swamps,inland,34,2.1199
403.0,2010,34.0,83.09800796508789,34.0,34.0,100.0,U0403,Inland Floodplain Shrublands / Swamps,inland,34,2.1199
403.0,2011,34.0,82.48736343383788,0.0,34.0,0.0,U0403,Inland Floodplain Shrublands / Swamps,inland,34,2.1199
403.0,2012,34.0,78.94035758972169,0.0,34.0,0.0,U0403,Inland Floodplain Shrublands / Swamps,inland,34,2.1199
403.0,2013,34.0,80.08855628967285,0.0,34.0,0.0,U0403,Inland Floodplain Shrublands / Swamps,inland,34,2.1199
403.0,2014,34.0,67.11429557800292,0.0,34.0,0.0,U0403,Inland Floodplain Shrublands / Swamps,inland,34,2.1199
403.0,2015,34.0,67.98865623474121,0.0,34.0,0.0,U0403,Inland Floodplain Shrublands / Swamps,inland,34,2.1199
403.0,2016,34.0,74.87567939758301,34.0,34.0,100.0,U0403,Inland Floodplain Shrublands / Swamps,inland,34,2.1199
403.0,2017,34.0,79.14276924133301,0.0,34.0,0.0,U0403,Inland Floodplain Shrublands / Swamps,inland,34,2.1199
403.0,2018,34.0,71.04095726013183,11.0,34.0,32.35294117647059,U0403,Inland Floodplain Shrublands / Swamps,inland,34,2.1199
403.0,2019,34.0,70.16901779174805,0.0,34.0,0.0,U0403,Inland Floodplain Shrublands / Swamps,inland,34,2.1199
403.0,2020,34.0,71.27189865112305,0.0,34.0,0.0,U0403,Inland Floodplain Shrublands / Swamps,inland,34,2.1199
403.0,2021,34.0,72.24398956298828,7.0,34.0,20.58823529411765,U0403,Inland Floodplain Shrublands / Swamps,inland,34,2.1199
403.0,2022,34.0,81.05508117675781,34.0,34.0,100.0,U0403,Inland Floodplain Shrublands / Swamps,inland,34,2.1199
419.0,1988,17727.0,81.26476593017578,857.0,17727.0,4.8344333502566705,U0419,Inland Floodplain Shrublands / Swamps,inland,17727,1105.3038
419.0,1989,17727.0,83.88823318481445,1918.0,17727.0,10.819653635696959,U0419,Inland Floodplain Shrublands / Swamps,inland,17727,1105.3038
419.0,1990,17727.0,86.30384521484375,3862.0,17727.0,21.785976194505558,U0419,Inland Floodplain Shrublands / Swamps,inland,17727,1105.3038
419.0,1991,17590.0,62.07208595275879,1022.0,17727.0,5.765216900772832,U0419,Inland Floodplain Shrublands / Swamps,inland,17727,1105.3038
419.0,1992,17727.0,73.49547119140625,3355.0,17727.0,18.925932193828622,U0419,Inland Floodplain Shrublands / Swamps,inland,17727,1105.3038
419.0,1993,17727.0,74.32456283569336,2407.0,17727.0,13.57815761268122,U0419,Inland Floodplain Shrublands / Swamps,inland,17727,1105.3038
419.0,1994,17727.0,51.83381958007813,0.0,17727.0,0.0,U0419,Inland Floodplain Shrublands / Swamps,inland,17727,1105.3038
419.0,1995,17727.0,58.30852355957031,2100.0,17727.0,11.846336097478423,U0419,Inland Floodplain Shrublands / Swamps,inland,17727,1105.3038
419.0,1996,17727.0,48.86004676818848,834.0,17727.0,4.704687764427145,U0419,Inland Floodplain Shrublands / Swamps,inland,17727,1105.3038
419.0,1997,17727.0,40.34420967102051,0.0,17727.0,0.0,U0419,Inland Floodplain Shrublands / Swamps,inland,17727,1105.3038
419.0,1998,17727.0,38.633759307861325,1150.0,17727.0,6.487279291476279,U0419,Inland Floodplain Shrublands / Swamps,inland,17727,1105.3038
419.0,1999,17727.0,65.48268051147461,51.0,17727.0,0.28769673379590455,U0419,Inland Floodplain Shrublands / Swamps,inland,17727,1105.3038
419.0,2000,17727.0,71.15765914916992,631.0,17727.0,3.5595419416708975,U0419,Inland Floodplain Shrublands / Swamps,inland,17727,1105.3038
419.0,2001,17727.0,62.52290916442871,247.0,17727.0,1.3933547695605573,U0419,Inland Floodplain Shrublands / Swamps,inland,17727,1105.3038
419.0,2002,17727.0,42.55698738098145,476.0,17727.0,2.6851695154284423,U0419,Inland Floodplain Shrublands / Swamps,inland,17727,1105.3038
419.0,2003,17727.0,50.223384094238284,0.0,17727.0,0.0,U0419,Inland Floodplain Shrublands / Swamps,inland,17727,1105.3038
419.0,2004,17727.0,59.19320526123047,80.0,17727.0,0.4512889941896542,U0419,Inland Floodplain Shrublands / Swamps,inland,17727,1105.3038
419.0,2005,17727.0,71.98211441040038,1088.0,17727.0,6.137530320979297,U0419,Inland Floodplain Shrublands / Swamps,inland,17727,1105.3038
419.0,2006,17727.0,54.14919738769531,0.0,17727.0,0.0,U0419,Inland Floodplain Shrublands / Swamps,inland,17727,1105.3038
419.0,2007,17727.0,39.547431564331056,66.0,17727.0,0.37231342020646474,U0419,Inland Floodplain Shrublands / Swamps,inland,17727,1105.3038
419.0,2008,17727.0,12.084666538238526,313.0,17727.0,1.7656681897670221,U0419,Inland Floodplain Shrublands / Swamps,inland,17727,1105.3038
419.0,2009,17727.0,33.95382080078125,1442.0,17727.0,8.134484120268517,U0419,Inland Floodplain Shrublands / Swamps,inland,17727,1105.3038
419.0,2010,17727.0,75.36308898925782,6358.0,17727.0,35.86619281322277,U0419,Inland Floodplain Shrublands / Swamps,inland,17727,1105.3038
419.0,2011,17727.0,77.83134765625,4082.0,17727.0,23.027020928527104,U0419,Inland Floodplain Shrublands / Swamps,inland,17727,1105.3038
419.0,2012,17727.0,72.98435516357422,2354.0,17727.0,13.279178654030575,U0419,Inland Floodplain Shrublands / Swamps,inland,17727,1105.3038
419.0,2013,17727.0,74.07276229858398,3449.0,17727.0,19.45619676200147,U0419,Inland Floodplain Shrublands / Swamps,inland,17727,1105.3038
419.0,2014,17727.0,53.41758575439453,2788.0,17727.0,15.72742144750945,U0419,Inland Floodplain Shrublands / Swamps,inland,17727,1105.3038
419.0,2015,17727.0,69.90273513793946,509.0,17727.0,2.871326225531675,U0419,Inland Floodplain Shrublands / Swamps,inland,17727,1105.3038
419.0,2016,17727.0,88.3921905517578,7313.0,17727.0,41.253455181361765,U0419,Inland Floodplain Shrublands / Swamps,inland,17727,1105.3038
419.0,2017,17727.0,82.81065979003907,32.0,17727.0,0.18051559767586167,U0419,Inland Floodplain Shrublands / Swamps,inland,17727,1105.3038
419.0,2018,17727.0,56.62251243591309,429.0,17727.0,2.420037231342021,U0419,Inland Floodplain Shrublands / Swamps,inland,17727,1105.3038
419.0,2019,17727.0,47.73409156799316,120.0,17727.0,0.6769334912844813,U0419,Inland Floodplain Shrublands / Swamps,inland,17727,1105.3038
419.0,2020,17727.0,61.310447692871094,381.0,17727.0,2.1492638348282282,U0419,Inland Floodplain Shrublands / Swamps,inland,17727,1105.3038
419.0,2021,17727.0,55.84166412353515,4698.0,17727.0,26.501946183787442,U0419,Inland Floodplain Shrublands / Swamps,inland,17727,1105.3038
419.0,2022,17727.0,78.73652038574218,12377.0,17727.0,69.82004851356687,U0419,Inland Floodplain Shrublands / Swamps,inland,17727,1105.3038
440.0,1988,113.0,73.90523071289063,86.0,113.0,76.10619469026548,U0440,Inland Floodplain Shrublands / Swamps,inland,113,7.0457
440.0,1989,113.0,88.74763641357421,69.0,113.0,61.06194690265487,U0440,Inland Floodplain Shrublands / Swamps,inland,113,7.0457
440.0,1990,113.0,82.27408142089844,42.0,113.0,37.16814159292036,U0440,Inland Floodplain Shrublands / Swamps,inland,113,7.0457
440.0,1991,75.0,73.78780517578124,0.0,113.0,0.0,U0440,Inland Floodplain Shrublands / Swamps,inland,113,7.0457
440.0,1992,113.0,88.31746215820313,78.0,113.0,69.02654867256638,U0440,Inland Floodplain Shrublands / Swamps,inland,113,7.0457
440.0,1993,113.0,74.25365600585937,70.0,113.0,61.94690265486726,U0440,Inland Floodplain Shrublands / Swamps,inland,113,7.0457
440.0,1994,113.0,54.75959091186523,0.0,113.0,0.0,U0440,Inland Floodplain Shrublands / Swamps,inland,113,7.0457
440.0,1995,113.0,85.15335998535156,95.0,113.0,84.070796460177,U0440,Inland Floodplain Shrublands / Swamps,inland,113,7.0457
440.0,1996,113.0,73.47504119873047,18.0,113.0,15.929203539823009,U0440,Inland Floodplain Shrublands / Swamps,inland,113,7.0457
440.0,1997,113.0,60.46653671264649,0.0,113.0,0.0,U0440,Inland Floodplain Shrublands / Swamps,inland,113,7.0457
440.0,1998,113.0,76.7162109375,83.0,113.0,73.45132743362832,U0440,Inland Floodplain Shrublands / Swamps,inland,113,7.0457
440.0,1999,113.0,79.62086334228516,19.0,113.0,16.8141592920354,U0440,Inland Floodplain Shrublands / Swamps,inland,113,7.0457
440.0,2000,113.0,69.60362396240234,0.0,113.0,0.0,U0440,Inland Floodplain Shrublands / Swamps,inland,113,7.0457
440.0,2001,113.0,69.54678039550781,0.0,113.0,0.0,U0440,Inland Floodplain Shrublands / Swamps,inland,113,7.0457
440.0,2002,113.0,68.19314727783203,0.0,113.0,0.0,U0440,Inland Floodplain Shrublands / Swamps,inland,113,7.0457
440.0,2003,113.0,60.08241348266601,0.0,113.0,0.0,U0440,Inland Floodplain Shrublands / Swamps,inland,113,7.0457
440.0,2004,113.0,62.850965118408205,0.0,113.0,0.0,U0440,Inland Floodplain Shrublands / Swamps,inland,113,7.0457
440.0,2005,113.0,75.49444427490235,113.0,113.0,100.0,U0440,Inland Floodplain Shrublands / Swamps,inland,113,7.0457
440.0,2006,113.0,69.36593017578124,0.0,113.0,0.0,U0440,Inland Floodplain Shrublands / Swamps,inland,113,7.0457
440.0,2007,113.0,50.71963348388672,0.0,113.0,0.0,U0440,Inland Floodplain Shrublands / Swamps,inland,113,7.0457
440.0,2008,113.0,39.04558410644531,0.0,113.0,0.0,U0440,Inland Floodplain Shrublands / Swamps,inland,113,7.0457
440.0,2009,113.0,41.828050994873045,0.0,113.0,0.0,U0440,Inland Floodplain Shrublands / Swamps,inland,113,7.0457
440.0,2010,113.0,75.35649261474609,21.0,113.0,18.58407079646018,U0440,Inland Floodplain Shrublands / Swamps,inland,113,7.0457
440.0,2011,113.0,80.65862731933593,60.0,113.0,53.097345132743364,U0440,Inland Floodplain Shrublands / Swamps,inland,113,7.0457
440.0,2012,113.0,84.7834259033203,0.0,113.0,0.0,U0440,Inland Floodplain Shrublands / Swamps,inland,113,7.0457
440.0,2013,113.0,82.73272857666015,0.0,113.0,0.0,U0440,Inland Floodplain Shrublands / Swamps,inland,113,7.0457
440.0,2014,113.0,70.22228088378907,6.0,113.0,5.3097345132743365,U0440,Inland Floodplain Shrublands / Swamps,inland,113,7.0457
440.0,2015,113.0,67.81203918457031,0.0,113.0,0.0,U0440,Inland Floodplain Shrublands / Swamps,inland,113,7.0457
440.0,2016,113.0,80.24955749511719,113.0,113.0,100.0,U0440,Inland Floodplain Shrublands / Swamps,inland,113,7.0457
440.0,2017,113.0,81.30171966552734,0.0,113.0,0.0,U0440,Inland Floodplain Shrublands / Swamps,inland,113,7.0457
440.0,2018,113.0,67.10161437988282,0.0,113.0,0.0,U0440,Inland Floodplain Shrublands / Swamps,inland,113,7.0457
440.0,2019,113.0,61.859528350830075,0.0,113.0,0.0,U0440,Inland Floodplain Shrublands / Swamps,inland,113,7.0457
440.0,2020,113.0,64.12569122314453,0.0,113.0,0.0,U0440,Inland Floodplain Shrublands / Swamps,inland,113,7.0457
440.0,2021,113.0,65.49517517089843,90.0,113.0,79.64601769911505,U0440,Inland Floodplain Shrublands / Swamps,inland,113,7.0457
440.0,2022,113.0,80.74484100341797,113.0,113.0,100.0,U0440,Inland Floodplain Shrublands / Swamps,inland,113,7.0457
444.0,1988,98.0,81.63956184387207,85.0,98.0,86.73469387755102,U0444,Inland Floodplain Shrublands / Swamps,inland,98,6.1104
444.0,1989,98.0,89.8927661895752,14.0,98.0,14.285714285714286,U0444,Inland Floodplain Shrublands / Swamps,inland,98,6.1104
444.0,1990,98.0,90.03043251037597,23.0,98.0,23.46938775510204,U0444,Inland Floodplain Shrublands / Swamps,inland,98,6.1104
444.0,1991,98.0,74.2199161529541,82.0,98.0,83.6734693877551,U0444,Inland Floodplain Shrublands / Swamps,inland,98,6.1104
444.0,1992,98.0,74.62118339538574,91.0,98.0,92.85714285714286,U0444,Inland Floodplain Shrublands / Swamps,inland,98,6.1104
444.0,1993,98.0,77.33980178833008,81.0,98.0,82.65306122448979,U0444,Inland Floodplain Shrublands / Swamps,inland,98,6.1104
444.0,1994,98.0,75.85952644348144,0.0,98.0,0.0,U0444,Inland Floodplain Shrublands / Swamps,inland,98,6.1104
444.0,1995,98.0,76.88064537048339,61.0,98.0,62.244897959183675,U0444,Inland Floodplain Shrublands / Swamps,inland,98,6.1104
444.0,1996,98.0,78.04734230041504,63.0,98.0,64.28571428571429,U0444,Inland Floodplain Shrublands / Swamps,inland,98,6.1104
444.0,1997,98.0,68.53947410583496,0.0,98.0,0.0,U0444,Inland Floodplain Shrublands / Swamps,inland,98,6.1104
444.0,1998,98.0,66.85264434814454,77.0,98.0,78.57142857142857,U0444,Inland Floodplain Shrublands / Swamps,inland,98,6.1104
444.0,1999,98.0,78.20013771057128,6.0,98.0,6.122448979591836,U0444,Inland Floodplain Shrublands / Swamps,inland,98,6.1104
444.0,2000,98.0,75.15184020996094,90.0,98.0,91.83673469387755,U0444,Inland Floodplain Shrublands / Swamps,inland,98,6.1104
444.0,2001,98.0,72.11837387084961,0.0,98.0,0.0,U0444,Inland Floodplain Shrublands / Swamps,inland,98,6.1104
444.0,2002,98.0,73.3159553527832,81.0,98.0,82.65306122448979,U0444,Inland Floodplain Shrublands / Swamps,inland,98,6.1104
444.0,2003,98.0,73.01120567321777,0.0,98.0,0.0,U0444,Inland Floodplain Shrublands / Swamps,inland,98,6.1104
444.0,2004,98.0,74.12406349182129,6.0,98.0,6.122448979591836,U0444,Inland Floodplain Shrublands / Swamps,inland,98,6.1104
444.0,2005,98.0,74.57981071472167,86.0,98.0,87.75510204081633,U0444,Inland Floodplain Shrublands / Swamps,inland,98,6.1104
444.0,2006,98.0,69.73119926452637,0.0,98.0,0.0,U0444,Inland Floodplain Shrublands / Swamps,inland,98,6.1104
444.0,2007,98.0,75.67105178833008,18.0,98.0,18.367346938775512,U0444,Inland Floodplain Shrublands / Swamps,inland,98,6.1104
444.0,2008,98.0,57.03660259246826,26.0,98.0,26.53061224489796,U0444,Inland Floodplain Shrublands / Swamps,inland,98,6.1104
444.0,2009,98.0,69.24967346191406,86.0,98.0,87.75510204081633,U0444,Inland Floodplain Shrublands / Swamps,inland,98,6.1104
444.0,2010,98.0,79.61316680908203,98.0,98.0,100.0,U0444,Inland Floodplain Shrublands / Swamps,inland,98,6.1104
444.0,2011,98.0,78.06712226867675,72.0,98.0,73.46938775510205,U0444,Inland Floodplain Shrublands / Swamps,inland,98,6.1104
444.0,2012,98.0,79.37458572387695,35.0,98.0,35.714285714285715,U0444,Inland Floodplain Shrublands / Swamps,inland,98,6.1104
444.0,2013,98.0,74.29380874633789,67.0,98.0,68.36734693877551,U0444,Inland Floodplain Shrublands / Swamps,inland,98,6.1104
444.0,2014,98.0,72.24381256103516,44.0,98.0,44.89795918367347,U0444,Inland Floodplain Shrublands / Swamps,inland,98,6.1104
444.0,2015,98.0,70.86921157836915,60.0,98.0,61.224489795918366,U0444,Inland Floodplain Shrublands / Swamps,inland,98,6.1104
444.0,2016,98.0,79.30629806518554,72.0,98.0,73.46938775510205,U0444,Inland Floodplain Shrublands / Swamps,inland,98,6.1104
444.0,2017,98.0,76.35041732788086,54.0,98.0,55.10204081632653,U0444,Inland Floodplain Shrublands / Swamps,inland,98,6.1104
444.0,2018,98.0,65.9887767791748,74.0,98.0,75.51020408163265,U0444,Inland Floodplain Shrublands / Swamps,inland,98,6.1104
444.0,2019,98.0,67.41716766357422,6.0,98.0,6.122448979591836,U0444,Inland Floodplain Shrublands / Swamps,inland,98,6.1104
444.0,2020,98.0,70.1829662322998,6.0,98.0,6.122448979591836,U0444,Inland Floodplain Shrublands / Swamps,inland,98,6.1104
444.0,2021,98.0,72.35018157958984,94.0,98.0,95.91836734693878,U0444,Inland Floodplain Shrublands / Swamps,inland,98,6.1104
444.0,2022,98.0,80.79583282470703,98.0,98.0,100.0,U0444,Inland Floodplain Shrublands / Swamps,inland,98,6.1104
445.0,1988,131.0,86.11191940307617,126.0,131.0,96.18320610687023,U0445,Inland Floodplain Shrublands / Swamps,inland,131,8.168
445.0,1989,131.0,84.41576766967773,80.0,131.0,61.06870229007634,U0445,Inland Floodplain Shrublands / Swamps,inland,131,8.168
445.0,1990,131.0,87.2289047241211,128.0,131.0,97.70992366412214,U0445,Inland Floodplain Shrublands / Swamps,inland,131,8.168
445.0,1991,131.0,67.46722030639648,59.0,131.0,45.038167938931295,U0445,Inland Floodplain Shrublands / Swamps,inland,131,8.168
445.0,1992,131.0,82.9705696105957,131.0,131.0,100.0,U0445,Inland Floodplain Shrublands / Swamps,inland,131,8.168
445.0,1993,131.0,75.85039901733398,120.0,131.0,91.6030534351145,U0445,Inland Floodplain Shrublands / Swamps,inland,131,8.168
445.0,1994,131.0,73.2939567565918,0.0,131.0,0.0,U0445,Inland Floodplain Shrublands / Swamps,inland,131,8.168
445.0,1995,131.0,78.12695693969727,100.0,131.0,76.33587786259542,U0445,Inland Floodplain Shrublands / Swamps,inland,131,8.168
445.0,1996,131.0,73.90964889526367,131.0,131.0,100.0,U0445,Inland Floodplain Shrublands / Swamps,inland,131,8.168
445.0,1997,131.0,69.50248718261719,0.0,131.0,0.0,U0445,Inland Floodplain Shrublands / Swamps,inland,131,8.168
445.0,1998,131.0,69.89826965332031,131.0,131.0,100.0,U0445,Inland Floodplain Shrublands / Swamps,inland,131,8.168
445.0,1999,131.0,73.98147583007812,3.0,131.0,2.2900763358778624,U0445,Inland Floodplain Shrublands / Swamps,inland,131,8.168
445.0,2000,131.0,80.2052001953125,0.0,131.0,0.0,U0445,Inland Floodplain Shrublands / Swamps,inland,131,8.168
445.0,2001,131.0,75.9265365600586,17.0,131.0,12.977099236641221,U0445,Inland Floodplain Shrublands / Swamps,inland,131,8.168
445.0,2002,131.0,73.9674301147461,33.0,131.0,25.19083969465649,U0445,Inland Floodplain Shrublands / Swamps,inland,131,8.168
445.0,2003,131.0,66.30928421020508,1.0,131.0,0.7633587786259542,U0445,Inland Floodplain Shrublands / Swamps,inland,131,8.168
445.0,2004,131.0,73.25767517089844,1.0,131.0,0.7633587786259542,U0445,Inland Floodplain Shrublands / Swamps,inland,131,8.168
445.0,2005,131.0,78.44886779785156,56.0,131.0,42.74809160305343,U0445,Inland Floodplain Shrublands / Swamps,inland,131,8.168
445.0,2006,131.0,75.8658561706543,0.0,131.0,0.0,U0445,Inland Floodplain Shrublands / Swamps,inland,131,8.168
445.0,2007,131.0,70.53761291503906,0.0,131.0,0.0,U0445,Inland Floodplain Shrublands / Swamps,inland,131,8.168
445.0,2008,131.0,55.38349533081055,0.0,131.0,0.0,U0445,Inland Floodplain Shrublands / Swamps,inland,131,8.168
445.0,2009,131.0,55.32399559020996,0.0,131.0,0.0,U0445,Inland Floodplain Shrublands / Swamps,inland,131,8.168
445.0,2010,131.0,73.09497451782227,130.0,131.0,99.23664122137404,U0445,Inland Floodplain Shrublands / Swamps,inland,131,8.168
445.0,2011,131.0,78.48983764648438,131.0,131.0,100.0,U0445,Inland Floodplain Shrublands / Swamps,inland,131,8.168
445.0,2012,131.0,82.96265411376953,0.0,131.0,0.0,U0445,Inland Floodplain Shrublands / Swamps,inland,131,8.168
445.0,2013,131.0,79.4446792602539,15.0,131.0,11.450381679389313,U0445,Inland Floodplain Shrublands / Swamps,inland,131,8.168
445.0,2014,131.0,74.71392822265625,0.0,131.0,0.0,U0445,Inland Floodplain Shrublands / Swamps,inland,131,8.168
445.0,2015,131.0,71.82540893554688,0.0,131.0,0.0,U0445,Inland Floodplain Shrublands / Swamps,inland,131,8.168
445.0,2016,131.0,84.1217041015625,131.0,131.0,100.0,U0445,Inland Floodplain Shrublands / Swamps,inland,131,8.168
445.0,2017,131.0,78.28118515014648,28.0,131.0,21.374045801526716,U0445,Inland Floodplain Shrublands / Swamps,inland,131,8.168
445.0,2018,131.0,68.2562026977539,61.0,131.0,46.56488549618321,U0445,Inland Floodplain Shrublands / Swamps,inland,131,8.168
445.0,2019,131.0,72.18693542480469,2.0,131.0,1.5267175572519085,U0445,Inland Floodplain Shrublands / Swamps,inland,131,8.168
445.0,2020,131.0,71.6433334350586,2.0,131.0,1.5267175572519085,U0445,Inland Floodplain Shrublands / Swamps,inland,131,8.168
445.0,2021,131.0,70.5364875793457,51.0,131.0,38.93129770992366,U0445,Inland Floodplain Shrublands / Swamps,inland,131,8.168
445.0,2022,131.0,76.02000045776367,131.0,131.0,100.0,U0445,Inland Floodplain Shrublands / Swamps,inland,131,8.168
451.0,1988,344.0,80.14464492797852,344.0,344.0,100.0,U0451,Inland Floodplain Shrublands / Swamps,inland,344,21.4489
451.0,1989,344.0,90.08628273010254,290.0,344.0,84.30232558139535,U0451,Inland Floodplain Shrublands / Swamps,inland,344,21.4489
451.0,1990,344.0,87.76019821166992,13.0,344.0,3.7790697674418605,U0451,Inland Floodplain Shrublands / Swamps,inland,344,21.4489
451.0,1991,344.0,79.158349609375,28.0,344.0,8.13953488372093,U0451,Inland Floodplain Shrublands / Swamps,inland,344,21.4489
451.0,1992,344.0,89.58170623779297,308.0,344.0,89.53488372093024,U0451,Inland Floodplain Shrublands / Swamps,inland,344,21.4489
451.0,1993,344.0,80.14072189331054,337.0,344.0,97.96511627906976,U0451,Inland Floodplain Shrublands / Swamps,inland,344,21.4489
451.0,1994,344.0,70.3724151611328,0.0,344.0,0.0,U0451,Inland Floodplain Shrublands / Swamps,inland,344,21.4489
451.0,1995,344.0,88.42068519592286,339.0,344.0,98.54651162790698,U0451,Inland Floodplain Shrublands / Swamps,inland,344,21.4489
451.0,1996,344.0,81.55276336669922,184.0,344.0,53.48837209302326,U0451,Inland Floodplain Shrublands / Swamps,inland,344,21.4489
451.0,1997,344.0,67.8848918914795,0.0,344.0,0.0,U0451,Inland Floodplain Shrublands / Swamps,inland,344,21.4489
451.0,1998,344.0,77.95411529541016,344.0,344.0,100.0,U0451,Inland Floodplain Shrublands / Swamps,inland,344,21.4489
451.0,1999,344.0,80.61503639221192,4.0,344.0,1.1627906976744187,U0451,Inland Floodplain Shrublands / Swamps,inland,344,21.4489
451.0,2000,344.0,79.50783767700196,6.0,344.0,1.744186046511628,U0451,Inland Floodplain Shrublands / Swamps,inland,344,21.4489
451.0,2001,344.0,72.98716239929199,0.0,344.0,0.0,U0451,Inland Floodplain Shrublands / Swamps,inland,344,21.4489
451.0,2002,344.0,67.17530403137206,0.0,344.0,0.0,U0451,Inland Floodplain Shrublands / Swamps,inland,344,21.4489
451.0,2003,344.0,58.22715892791748,0.0,344.0,0.0,U0451,Inland Floodplain Shrublands / Swamps,inland,344,21.4489
451.0,2004,344.0,60.833030700683594,0.0,344.0,0.0,U0451,Inland Floodplain Shrublands / Swamps,inland,344,21.4489
451.0,2005,344.0,76.87339897155762,344.0,344.0,100.0,U0451,Inland Floodplain Shrublands / Swamps,inland,344,21.4489
451.0,2006,344.0,72.98034973144532,0.0,344.0,0.0,U0451,Inland Floodplain Shrublands / Swamps,inland,344,21.4489
451.0,2007,344.0,55.44801692962646,0.0,344.0,0.0,U0451,Inland Floodplain Shrublands / Swamps,inland,344,21.4489
451.0,2008,344.0,46.31903266906738,0.0,344.0,0.0,U0451,Inland Floodplain Shrublands / Swamps,inland,344,21.4489
451.0,2009,344.0,56.07084999084473,0.0,344.0,0.0,U0451,Inland Floodplain Shrublands / Swamps,inland,344,21.4489
451.0,2010,344.0,79.46149635314941,198.0,344.0,57.55813953488372,U0451,Inland Floodplain Shrublands / Swamps,inland,344,21.4489
451.0,2011,344.0,89.09635353088379,327.0,344.0,95.05813953488372,U0451,Inland Floodplain Shrublands / Swamps,inland,344,21.4489
451.0,2012,344.0,88.51988143920899,0.0,344.0,0.0,U0451,Inland Floodplain Shrublands / Swamps,inland,344,21.4489
451.0,2013,344.0,85.99066581726075,0.0,344.0,0.0,U0451,Inland Floodplain Shrublands / Swamps,inland,344,21.4489
451.0,2014,344.0,77.08662452697754,15.0,344.0,4.3604651162790695,U0451,Inland Floodplain Shrublands / Swamps,inland,344,21.4489
451.0,2015,344.0,75.8771411895752,0.0,344.0,0.0,U0451,Inland Floodplain Shrublands / Swamps,inland,344,21.4489
451.0,2016,344.0,84.22455978393555,344.0,344.0,100.0,U0451,Inland Floodplain Shrublands / Swamps,inland,344,21.4489
451.0,2017,344.0,85.00582237243653,0.0,344.0,0.0,U0451,Inland Floodplain Shrublands / Swamps,inland,344,21.4489
451.0,2018,344.0,70.95562973022462,0.0,344.0,0.0,U0451,Inland Floodplain Shrublands / Swamps,inland,344,21.4489
451.0,2019,344.0,70.12128868103028,0.0,344.0,0.0,U0451,Inland Floodplain Shrublands / Swamps,inland,344,21.4489
451.0,2020,344.0,69.96596984863281,183.0,344.0,53.19767441860465,U0451,Inland Floodplain Shrublands / Swamps,inland,344,21.4489
451.0,2021,344.0,79.3442539215088,344.0,344.0,100.0,U0451,Inland Floodplain Shrublands / Swamps,inland,344,21.4489
451.0,2022,344.0,91.47167701721192,344.0,344.0,100.0,U0451,Inland Floodplain Shrublands / Swamps,inland,344,21.4489
464.0,1988,678.0,76.154496383667,144.0,678.0,21.238938053097346,U0464,Inland Floodplain Shrublands / Swamps,inland,678,42.2743
464.0,1989,678.0,77.7390380859375,628.0,678.0,92.62536873156343,U0464,Inland Floodplain Shrublands / Swamps,inland,678,42.2743
464.0,1990,678.0,79.27115097045899,164.0,678.0,24.188790560471976,U0464,Inland Floodplain Shrublands / Swamps,inland,678,42.2743
464.0,1991,552.0,65.54403038024903,476.0,678.0,70.20648967551622,U0464,Inland Floodplain Shrublands / Swamps,inland,678,42.2743
464.0,1992,678.0,76.04667663574219,421.0,678.0,62.094395280235986,U0464,Inland Floodplain Shrublands / Swamps,inland,678,42.2743
464.0,1993,678.0,73.53515815734863,474.0,678.0,69.91150442477876,U0464,Inland Floodplain Shrublands / Swamps,inland,678,42.2743
464.0,1994,678.0,53.35667781829834,0.0,678.0,0.0,U0464,Inland Floodplain Shrublands / Swamps,inland,678,42.2743
464.0,1995,678.0,59.550926971435544,88.0,678.0,12.979351032448378,U0464,Inland Floodplain Shrublands / Swamps,inland,678,42.2743
464.0,1996,678.0,65.42388000488282,570.0,678.0,84.070796460177,U0464,Inland Floodplain Shrublands / Swamps,inland,678,42.2743
464.0,1997,678.0,64.86925811767578,0.0,678.0,0.0,U0464,Inland Floodplain Shrublands / Swamps,inland,678,42.2743
464.0,1998,678.0,51.513071060180664,150.0,678.0,22.123893805309734,U0464,Inland Floodplain Shrublands / Swamps,inland,678,42.2743
464.0,1999,678.0,54.047611999511716,21.0,678.0,3.0973451327433628,U0464,Inland Floodplain Shrublands / Swamps,inland,678,42.2743
464.0,2000,678.0,68.69998703002929,130.0,678.0,19.174041297935105,U0464,Inland Floodplain Shrublands / Swamps,inland,678,42.2743
464.0,2001,678.0,68.81597480773925,9.0,678.0,1.3274336283185841,U0464,Inland Floodplain Shrublands / Swamps,inland,678,42.2743
464.0,2002,678.0,62.69232311248779,209.0,678.0,30.825958702064895,U0464,Inland Floodplain Shrublands / Swamps,inland,678,42.2743
464.0,2003,678.0,62.30410194396973,1.0,678.0,0.14749262536873156,U0464,Inland Floodplain Shrublands / Swamps,inland,678,42.2743
464.0,2004,678.0,56.393540382385254,6.0,678.0,0.8849557522123894,U0464,Inland Floodplain Shrublands / Swamps,inland,678,42.2743
464.0,2005,678.0,64.2378044128418,364.0,678.0,53.68731563421829,U0464,Inland Floodplain Shrublands / Swamps,inland,678,42.2743
464.0,2006,678.0,56.37555770874023,0.0,678.0,0.0,U0464,Inland Floodplain Shrublands / Swamps,inland,678,42.2743
464.0,2007,678.0,48.6853006362915,0.0,678.0,0.0,U0464,Inland Floodplain Shrublands / Swamps,inland,678,42.2743
464.0,2008,678.0,27.596931648254394,76.0,678.0,11.2094395280236,U0464,Inland Floodplain Shrublands / Swamps,inland,678,42.2743
464.0,2009,678.0,44.17035312652588,26.0,678.0,3.8348082595870205,U0464,Inland Floodplain Shrublands / Swamps,inland,678,42.2743
464.0,2010,678.0,61.12988910675049,201.0,678.0,29.646017699115045,U0464,Inland Floodplain Shrublands / Swamps,inland,678,42.2743
464.0,2011,678.0,68.79771461486817,125.0,678.0,18.436578171091444,U0464,Inland Floodplain Shrublands / Swamps,inland,678,42.2743
464.0,2012,678.0,74.30931854248047,34.0,678.0,5.014749262536873,U0464,Inland Floodplain Shrublands / Swamps,inland,678,42.2743
464.0,2013,678.0,65.50880508422851,109.0,678.0,16.07669616519174,U0464,Inland Floodplain Shrublands / Swamps,inland,678,42.2743
464.0,2014,678.0,59.13617343902588,42.0,678.0,6.1946902654867255,U0464,Inland Floodplain Shrublands / Swamps,inland,678,42.2743
464.0,2015,678.0,53.64194526672363,0.0,678.0,0.0,U0464,Inland Floodplain Shrublands / Swamps,inland,678,42.2743
464.0,2016,678.0,68.49664688110352,488.0,678.0,71.976401179941,U0464,Inland Floodplain Shrublands / Swamps,inland,678,42.2743
464.0,2017,678.0,73.71403694152832,4.0,678.0,0.5899705014749262,U0464,Inland Floodplain Shrublands / Swamps,inland,678,42.2743
464.0,2018,678.0,61.46877746582031,28.0,678.0,4.129793510324483,U0464,Inland Floodplain Shrublands / Swamps,inland,678,42.2743
464.0,2019,678.0,48.99212532043457,0.0,678.0,0.0,U0464,Inland Floodplain Shrublands / Swamps,inland,678,42.2743
464.0,2020,678.0,54.09633083343506,4.0,678.0,0.5899705014749262,U0464,Inland Floodplain Shrublands / Swamps,inland,678,42.2743
464.0,2021,678.0,56.27444572448731,94.0,678.0,13.864306784660767,U0464,Inland Floodplain Shrublands / Swamps,inland,678,42.2743
464.0,2022,678.0,65.72076377868652,581.0,678.0,85.69321533923303,U0464,Inland Floodplain Shrublands / Swamps,inland,678,42.2743
467.0,1988,25833.0,86.63687133789062,107.0,25833.0,0.4141988928889405,U0467,Inland Floodplain Shrublands / Swamps,inland,25833,1610.7244
467.0,1989,25833.0,89.16177368164062,1556.0,25833.0,6.023303526497116,U0467,Inland Floodplain Shrublands / Swamps,inland,25833,1610.7244
467.0,1990,25833.0,82.60473937988282,10803.0,25833.0,41.81860411102079,U0467,Inland Floodplain Shrublands / Swamps,inland,25833,1610.7244
467.0,1991,25833.0,65.88440246582032,843.0,25833.0,3.263267913134363,U0467,Inland Floodplain Shrublands / Swamps,inland,25833,1610.7244
467.0,1992,25833.0,71.02504425048828,15900.0,25833.0,61.54918127975845,U0467,Inland Floodplain Shrublands / Swamps,inland,25833,1610.7244
467.0,1993,25833.0,72.77410888671875,5064.0,25833.0,19.602833584949483,U0467,Inland Floodplain Shrublands / Swamps,inland,25833,1610.7244
467.0,1994,25833.0,66.20927276611329,21.0,25833.0,0.08129137150156776,U0467,Inland Floodplain Shrublands / Swamps,inland,25833,1610.7244
467.0,1995,25833.0,75.27920684814453,4898.0,25833.0,18.960244648318042,U0467,Inland Floodplain Shrublands / Swamps,inland,25833,1610.7244
467.0,1996,25833.0,64.31925506591797,14848.0,25833.0,57.47687066929896,U0467,Inland Floodplain Shrublands / Swamps,inland,25833,1610.7244
467.0,1997,25833.0,51.25219879150391,15.0,25833.0,0.05806526535826269,U0467,Inland Floodplain Shrublands / Swamps,inland,25833,1610.7244
467.0,1998,25833.0,51.62520751953125,16583.0,25833.0,64.19308636240467,U0467,Inland Floodplain Shrublands / Swamps,inland,25833,1610.7244
467.0,1999,25833.0,78.06578674316407,515.0,25833.0,1.9935741106336855,U0467,Inland Floodplain Shrublands / Swamps,inland,25833,1610.7244
467.0,2000,25833.0,80.22148895263672,5034.0,25833.0,19.486703054232958,U0467,Inland Floodplain Shrublands / Swamps,inland,25833,1610.7244
467.0,2001,25833.0,68.6744598388672,2.0,25833.0,0.007742035381101691,U0467,Inland Floodplain Shrublands / Swamps,inland,25833,1610.7244
467.0,2002,25833.0,37.58142929077148,748.0,25833.0,2.8955212325320328,U0467,Inland Floodplain Shrublands / Swamps,inland,25833,1610.7244
467.0,2003,25833.0,61.368168640136716,0.0,25833.0,0.0,U0467,Inland Floodplain Shrublands / Swamps,inland,25833,1610.7244
467.0,2004,25833.0,53.774756622314456,248.0,25833.0,0.9600123872566098,U0467,Inland Floodplain Shrublands / Swamps,inland,25833,1610.7244
467.0,2005,25833.0,71.0813201904297,536.0,25833.0,2.0748654821352535,U0467,Inland Floodplain Shrublands / Swamps,inland,25833,1610.7244
467.0,2006,25833.0,54.19355010986328,10.0,25833.0,0.03871017690550846,U0467,Inland Floodplain Shrublands / Swamps,inland,25833,1610.7244
467.0,2007,25833.0,54.944007110595706,2.0,25833.0,0.007742035381101691,U0467,Inland Floodplain Shrublands / Swamps,inland,25833,1610.7244
467.0,2008,25833.0,24.74769706726074,282.0,25833.0,1.0916269887353385,U0467,Inland Floodplain Shrublands / Swamps,inland,25833,1610.7244
467.0,2009,25833.0,62.94693603515625,1174.0,25833.0,4.544574768706693,U0467,Inland Floodplain Shrublands / Swamps,inland,25833,1610.7244
467.0,2010,25833.0,80.10796508789062,8910.0,25833.0,34.490767622808036,U0467,Inland Floodplain Shrublands / Swamps,inland,25833,1610.7244
467.0,2011,25833.0,81.37859344482422,9401.0,25833.0,36.391437308868504,U0467,Inland Floodplain Shrublands / Swamps,inland,25833,1610.7244
467.0,2012,25833.0,78.27914886474609,503.0,25833.0,1.9471218983470755,U0467,Inland Floodplain Shrublands / Swamps,inland,25833,1610.7244
467.0,2013,25833.0,79.06463928222657,999.0,25833.0,3.867146672860295,U0467,Inland Floodplain Shrublands / Swamps,inland,25833,1610.7244
467.0,2014,25833.0,60.846598052978514,612.0,25833.0,2.3690628266171174,U0467,Inland Floodplain Shrublands / Swamps,inland,25833,1610.7244
467.0,2015,25833.0,72.77177276611329,343.0,25833.0,1.3277590678589402,U0467,Inland Floodplain Shrublands / Swamps,inland,25833,1610.7244
467.0,2016,25833.0,87.92428283691406,20389.0,25833.0,78.9261796926412,U0467,Inland Floodplain Shrublands / Swamps,inland,25833,1610.7244
467.0,2017,25833.0,82.68694305419922,12.0,25833.0,0.04645221228661015,U0467,Inland Floodplain Shrublands / Swamps,inland,25833,1610.7244
467.0,2018,25833.0,67.45713806152344,4.0,25833.0,0.015484070762203383,U0467,Inland Floodplain Shrublands / Swamps,inland,25833,1610.7244
467.0,2019,25833.0,64.36321716308593,0.0,25833.0,0.0,U0467,Inland Floodplain Shrublands / Swamps,inland,25833,1610.7244
467.0,2020,25833.0,61.54448623657227,5.0,25833.0,0.01935508845275423,U0467,Inland Floodplain Shrublands / Swamps,inland,25833,1610.7244
467.0,2021,25833.0,71.99318389892578,2138.0,25833.0,8.276235822397709,U0467,Inland Floodplain Shrublands / Swamps,inland,25833,1610.7244
467.0,2022,25833.0,84.19758911132813,16722.0,25833.0,64.73115782139125,U0467,Inland Floodplain Shrublands / Swamps,inland,25833,1610.7244
470.0,1988,6328.0,88.96927261352539,11.0,6328.0,0.1738305941845765,U0470,Inland Floodplain Shrublands / Swamps,inland,6328,394.5598
470.0,1989,6328.0,86.19527168273926,1617.0,6328.0,25.553097345132745,U0470,Inland Floodplain Shrublands / Swamps,inland,6328,394.5598
470.0,1990,6328.0,87.69611320495605,5311.0,6328.0,83.92857142857143,U0470,Inland Floodplain Shrublands / Swamps,inland,6328,394.5598
470.0,1991,6328.0,77.22372550964356,1124.0,6328.0,17.762326169405814,U0470,Inland Floodplain Shrublands / Swamps,inland,6328,394.5598
470.0,1992,6328.0,84.1151969909668,2053.0,6328.0,32.44310998735777,U0470,Inland Floodplain Shrublands / Swamps,inland,6328,394.5598
470.0,1993,6328.0,79.60721855163574,1243.0,6328.0,19.642857142857142,U0470,Inland Floodplain Shrublands / Swamps,inland,6328,394.5598
470.0,1994,6328.0,65.2786636352539,0.0,6328.0,0.0,U0470,Inland Floodplain Shrublands / Swamps,inland,6328,394.5598
470.0,1995,6328.0,75.739111328125,0.0,6328.0,0.0,U0470,Inland Floodplain Shrublands / Swamps,inland,6328,394.5598
470.0,1996,6328.0,71.67964706420898,16.0,6328.0,0.2528445006321112,U0470,Inland Floodplain Shrublands / Swamps,inland,6328,394.5598
470.0,1997,6328.0,58.43775405883789,0.0,6328.0,0.0,U0470,Inland Floodplain Shrublands / Swamps,inland,6328,394.5598
470.0,1998,6328.0,55.56304759979248,0.0,6328.0,0.0,U0470,Inland Floodplain Shrublands / Swamps,inland,6328,394.5598
470.0,1999,6328.0,77.67745742797851,0.0,6328.0,0.0,U0470,Inland Floodplain Shrublands / Swamps,inland,6328,394.5598
470.0,2000,6328.0,76.70162506103516,0.0,6328.0,0.0,U0470,Inland Floodplain Shrublands / Swamps,inland,6328,394.5598
470.0,2001,6328.0,73.48965950012207,0.0,6328.0,0.0,U0470,Inland Floodplain Shrublands / Swamps,inland,6328,394.5598
470.0,2002,6328.0,58.23257942199707,3.0,6328.0,0.04740834386852086,U0470,Inland Floodplain Shrublands / Swamps,inland,6328,394.5598
470.0,2003,6328.0,65.57656402587891,0.0,6328.0,0.0,U0470,Inland Floodplain Shrublands / Swamps,inland,6328,394.5598
470.0,2004,6328.0,70.82651863098144,0.0,6328.0,0.0,U0470,Inland Floodplain Shrublands / Swamps,inland,6328,394.5598
470.0,2005,6328.0,76.02156829833984,0.0,6328.0,0.0,U0470,Inland Floodplain Shrublands / Swamps,inland,6328,394.5598
470.0,2006,6328.0,64.06108169555664,0.0,6328.0,0.0,U0470,Inland Floodplain Shrublands / Swamps,inland,6328,394.5598
470.0,2007,6328.0,54.34045009613037,0.0,6328.0,0.0,U0470,Inland Floodplain Shrublands / Swamps,inland,6328,394.5598
470.0,2008,6328.0,23.500107097625733,0.0,6328.0,0.0,U0470,Inland Floodplain Shrublands / Swamps,inland,6328,394.5598
470.0,2009,6328.0,55.31980113983154,124.0,6328.0,1.9595448798988622,U0470,Inland Floodplain Shrublands / Swamps,inland,6328,394.5598
470.0,2010,6328.0,84.01107788085938,5667.0,6328.0,89.55436156763591,U0470,Inland Floodplain Shrublands / Swamps,inland,6328,394.5598
470.0,2011,6328.0,88.73394050598145,5250.0,6328.0,82.96460176991151,U0470,Inland Floodplain Shrublands / Swamps,inland,6328,394.5598
470.0,2012,6328.0,88.11662673950195,1093.0,6328.0,17.2724399494311,U0470,Inland Floodplain Shrublands / Swamps,inland,6328,394.5598
470.0,2013,6328.0,84.57137260437011,1278.0,6328.0,20.195954487989887,U0470,Inland Floodplain Shrublands / Swamps,inland,6328,394.5598
470.0,2014,6328.0,71.89775466918945,356.0,6328.0,5.625790139064476,U0470,Inland Floodplain Shrublands / Swamps,inland,6328,394.5598
470.0,2015,6328.0,80.05531845092773,0.0,6328.0,0.0,U0470,Inland Floodplain Shrublands / Swamps,inland,6328,394.5598
470.0,2016,6328.0,91.06978492736816,6271.0,6328.0,99.0992414664981,U0470,Inland Floodplain Shrublands / Swamps,inland,6328,394.5598
470.0,2017,6328.0,85.76981201171876,0.0,6328.0,0.0,U0470,Inland Floodplain Shrublands / Swamps,inland,6328,394.5598
470.0,2018,6328.0,67.82355575561523,0.0,6328.0,0.0,U0470,Inland Floodplain Shrublands / Swamps,inland,6328,394.5598
470.0,2019,6328.0,67.59380073547364,0.0,6328.0,0.0,U0470,Inland Floodplain Shrublands / Swamps,inland,6328,394.5598
470.0,2020,6328.0,66.87083435058594,0.0,6328.0,0.0,U0470,Inland Floodplain Shrublands / Swamps,inland,6328,394.5598
470.0,2021,6328.0,71.0714485168457,656.0,6328.0,10.366624525916562,U0470,Inland Floodplain Shrublands / Swamps,inland,6328,394.5598
470.0,2022,6328.0,85.72935791015625,6120.0,6328.0,96.71302149178256,U0470,Inland Floodplain Shrublands / Swamps,inland,6328,394.5598
486.0,1988,31750.0,85.06314506530762,2040.0,31750.0,6.425196850393701,U0486,Inland Floodplain Shrublands / Swamps,inland,31750,1979.6579
486.0,1989,31750.0,82.74448928833007,10284.0,31750.0,32.39055118110236,U0486,Inland Floodplain Shrublands / Swamps,inland,31750,1979.6579
486.0,1990,31750.0,87.77676391601562,9835.0,31750.0,30.976377952755904,U0486,Inland Floodplain Shrublands / Swamps,inland,31750,1979.6579
486.0,1991,27236.0,62.060035705566406,5730.0,31750.0,18.04724409448819,U0486,Inland Floodplain Shrublands / Swamps,inland,31750,1979.6579
486.0,1992,31750.0,75.028324508667,8457.0,31750.0,26.636220472440947,U0486,Inland Floodplain Shrublands / Swamps,inland,31750,1979.6579
486.0,1993,31750.0,68.3610855102539,10034.0,31750.0,31.603149606299212,U0486,Inland Floodplain Shrublands / Swamps,inland,31750,1979.6579
486.0,1994,31750.0,55.25291500091553,10.0,31750.0,0.031496062992125984,U0486,Inland Floodplain Shrublands / Swamps,inland,31750,1979.6579
486.0,1995,31750.0,72.6210781097412,6055.0,31750.0,19.070866141732285,U0486,Inland Floodplain Shrublands / Swamps,inland,31750,1979.6579
486.0,1996,31750.0,64.70478401184081,2462.0,31750.0,7.754330708661417,U0486,Inland Floodplain Shrublands / Swamps,inland,31750,1979.6579
486.0,1997,31750.0,50.918265151977536,0.0,31750.0,0.0,U0486,Inland Floodplain Shrublands / Swamps,inland,31750,1979.6579
486.0,1998,31750.0,44.983056449890135,8034.0,31750.0,25.303937007874016,U0486,Inland Floodplain Shrublands / Swamps,inland,31750,1979.6579
486.0,1999,31750.0,66.47528877258301,96.0,31750.0,0.30236220472440944,U0486,Inland Floodplain Shrublands / Swamps,inland,31750,1979.6579
486.0,2000,31750.0,69.31392631530761,4614.0,31750.0,14.532283464566929,U0486,Inland Floodplain Shrublands / Swamps,inland,31750,1979.6579
486.0,2001,31750.0,63.316044616699216,416.0,31750.0,1.310236220472441,U0486,Inland Floodplain Shrublands / Swamps,inland,31750,1979.6579
486.0,2002,31750.0,50.63104705810547,999.0,31750.0,3.146456692913386,U0486,Inland Floodplain Shrublands / Swamps,inland,31750,1979.6579
486.0,2003,31750.0,57.549880027770996,421.0,31750.0,1.325984251968504,U0486,Inland Floodplain Shrublands / Swamps,inland,31750,1979.6579
486.0,2004,31750.0,62.75276889801025,591.0,31750.0,1.8614173228346456,U0486,Inland Floodplain Shrublands / Swamps,inland,31750,1979.6579
486.0,2005,31750.0,71.6982048034668,9813.0,31750.0,30.907086614173227,U0486,Inland Floodplain Shrublands / Swamps,inland,31750,1979.6579
486.0,2006,31750.0,58.85290107727051,2.0,31750.0,0.006299212598425197,U0486,Inland Floodplain Shrublands / Swamps,inland,31750,1979.6579
486.0,2007,31750.0,47.16478328704834,149.0,31750.0,0.4692913385826772,U0486,Inland Floodplain Shrublands / Swamps,inland,31750,1979.6579
486.0,2008,31750.0,22.608505058288575,140.0,31750.0,0.4409448818897638,U0486,Inland Floodplain Shrublands / Swamps,inland,31750,1979.6579
486.0,2009,31750.0,39.09411754608154,2349.0,31750.0,7.398425196850393,U0486,Inland Floodplain Shrublands / Swamps,inland,31750,1979.6579
486.0,2010,31750.0,76.03194313049316,15556.0,31750.0,48.99527559055118,U0486,Inland Floodplain Shrublands / Swamps,inland,31750,1979.6579
486.0,2011,31750.0,76.75794868469238,4251.0,31750.0,13.388976377952757,U0486,Inland Floodplain Shrublands / Swamps,inland,31750,1979.6579
486.0,2012,31750.0,73.95337753295898,4038.0,31750.0,12.718110236220472,U0486,Inland Floodplain Shrublands / Swamps,inland,31750,1979.6579
486.0,2013,31750.0,74.20447845458985,1919.0,31750.0,6.044094488188977,U0486,Inland Floodplain Shrublands / Swamps,inland,31750,1979.6579
486.0,2014,31750.0,61.876729011535645,1291.0,31750.0,4.066141732283465,U0486,Inland Floodplain Shrublands / Swamps,inland,31750,1979.6579
486.0,2015,31750.0,64.18143653869629,89.0,31750.0,0.2803149606299213,U0486,Inland Floodplain Shrublands / Swamps,inland,31750,1979.6579
486.0,2016,31750.0,81.67415618896484,10143.0,31750.0,31.946456692913387,U0486,Inland Floodplain Shrublands / Swamps,inland,31750,1979.6579
486.0,2017,31750.0,79.76071434020996,57.0,31750.0,0.1795275590551181,U0486,Inland Floodplain Shrublands / Swamps,inland,31750,1979.6579
486.0,2018,31750.0,57.55032920837402,82.0,31750.0,0.25826771653543307,U0486,Inland Floodplain Shrublands / Swamps,inland,31750,1979.6579
486.0,2019,31750.0,47.91172332763672,4.0,31750.0,0.012598425196850394,U0486,Inland Floodplain Shrublands / Swamps,inland,31750,1979.6579
486.0,2020,31750.0,62.67251720428467,47.0,31750.0,0.14803149606299212,U0486,Inland Floodplain Shrublands / Swamps,inland,31750,1979.6579
486.0,2021,31750.0,58.22098808288574,8098.0,31750.0,25.505511811023624,U0486,Inland Floodplain Shrublands / Swamps,inland,31750,1979.6579
486.0,2022,31750.0,76.38278045654297,20218.0,31750.0,63.67874015748031,U0486,Inland Floodplain Shrublands / Swamps,inland,31750,1979.6579
488.0,1988,548.0,85.29735794067383,0.0,548.0,0.0,U0488,Inland Floodplain Shrublands / Swamps,inland,548,34.1686
488.0,1989,548.0,87.3850601196289,0.0,548.0,0.0,U0488,Inland Floodplain Shrublands / Swamps,inland,548,34.1686
488.0,1990,548.0,91.242232131958,6.0,548.0,1.094890510948905,U0488,Inland Floodplain Shrublands / Swamps,inland,548,34.1686
488.0,1991,548.0,77.60586242675781,0.0,548.0,0.0,U0488,Inland Floodplain Shrublands / Swamps,inland,548,34.1686
488.0,1992,548.0,76.61534843444824,0.0,548.0,0.0,U0488,Inland Floodplain Shrublands / Swamps,inland,548,34.1686
488.0,1993,548.0,77.41438751220703,0.0,548.0,0.0,U0488,Inland Floodplain Shrublands / Swamps,inland,548,34.1686
488.0,1994,548.0,62.914900398254396,0.0,548.0,0.0,U0488,Inland Floodplain Shrublands / Swamps,inland,548,34.1686
488.0,1995,548.0,74.10648078918457,0.0,548.0,0.0,U0488,Inland Floodplain Shrublands / Swamps,inland,548,34.1686
488.0,1996,548.0,66.27500228881836,0.0,548.0,0.0,U0488,Inland Floodplain Shrublands / Swamps,inland,548,34.1686
488.0,1997,548.0,51.085915184021,0.0,548.0,0.0,U0488,Inland Floodplain Shrublands / Swamps,inland,548,34.1686
488.0,1998,548.0,40.493398666381836,0.0,548.0,0.0,U0488,Inland Floodplain Shrublands / Swamps,inland,548,34.1686
488.0,1999,548.0,67.77938842773438,0.0,548.0,0.0,U0488,Inland Floodplain Shrublands / Swamps,inland,548,34.1686
488.0,2000,548.0,63.012199020385744,0.0,548.0,0.0,U0488,Inland Floodplain Shrublands / Swamps,inland,548,34.1686
488.0,2001,548.0,48.44792461395264,0.0,548.0,0.0,U0488,Inland Floodplain Shrublands / Swamps,inland,548,34.1686
488.0,2002,548.0,48.68374042510986,0.0,548.0,0.0,U0488,Inland Floodplain Shrublands / Swamps,inland,548,34.1686
488.0,2003,548.0,58.24905414581299,0.0,548.0,0.0,U0488,Inland Floodplain Shrublands / Swamps,inland,548,34.1686
488.0,2004,548.0,54.64149703979492,0.0,548.0,0.0,U0488,Inland Floodplain Shrublands / Swamps,inland,548,34.1686
488.0,2005,548.0,57.97123374938965,0.0,548.0,0.0,U0488,Inland Floodplain Shrublands / Swamps,inland,548,34.1686
488.0,2006,548.0,41.24552574157715,0.0,548.0,0.0,U0488,Inland Floodplain Shrublands / Swamps,inland,548,34.1686
488.0,2007,548.0,53.54820785522461,0.0,548.0,0.0,U0488,Inland Floodplain Shrublands / Swamps,inland,548,34.1686
488.0,2008,548.0,22.59593677520752,0.0,548.0,0.0,U0488,Inland Floodplain Shrublands / Swamps,inland,548,34.1686
488.0,2009,548.0,61.65289840698242,68.0,548.0,12.408759124087592,U0488,Inland Floodplain Shrublands / Swamps,inland,548,34.1686
488.0,2010,548.0,82.04560089111328,106.0,548.0,19.343065693430656,U0488,Inland Floodplain Shrublands / Swamps,inland,548,34.1686
488.0,2011,548.0,83.37565574645996,298.0,548.0,54.37956204379562,U0488,Inland Floodplain Shrublands / Swamps,inland,548,34.1686
488.0,2012,548.0,76.72535057067871,0.0,548.0,0.0,U0488,Inland Floodplain Shrublands / Swamps,inland,548,34.1686
488.0,2013,548.0,66.3319263458252,0.0,548.0,0.0,U0488,Inland Floodplain Shrublands / Swamps,inland,548,34.1686
488.0,2014,548.0,46.917777633666994,0.0,548.0,0.0,U0488,Inland Floodplain Shrublands / Swamps,inland,548,34.1686
488.0,2015,548.0,66.33004493713379,0.0,548.0,0.0,U0488,Inland Floodplain Shrublands / Swamps,inland,548,34.1686
488.0,2016,548.0,92.57759475708008,314.0,548.0,57.2992700729927,U0488,Inland Floodplain Shrublands / Swamps,inland,548,34.1686
488.0,2017,548.0,85.79514236450196,0.0,548.0,0.0,U0488,Inland Floodplain Shrublands / Swamps,inland,548,34.1686
488.0,2018,548.0,69.3854736328125,0.0,548.0,0.0,U0488,Inland Floodplain Shrublands / Swamps,inland,548,34.1686
488.0,2019,548.0,71.47711486816407,0.0,548.0,0.0,U0488,Inland Floodplain Shrublands / Swamps,inland,548,34.1686
488.0,2020,548.0,60.28171997070312,0.0,548.0,0.0,U0488,Inland Floodplain Shrublands / Swamps,inland,548,34.1686
488.0,2021,548.0,60.54333229064942,2.0,548.0,0.36496350364963503,U0488,Inland Floodplain Shrublands / Swamps,inland,548,34.1686
488.0,2022,548.0,82.14565391540528,84.0,548.0,15.328467153284672,U0488,Inland Floodplain Shrublands / Swamps,inland,548,34.1686
492.0,1988,906.0,86.25830078125,0.0,906.0,0.0,U0492,Inland Floodplain Shrublands / Swamps,inland,906,56.4904
492.0,1989,906.0,89.43171691894531,142.0,906.0,15.673289183222957,U0492,Inland Floodplain Shrublands / Swamps,inland,906,56.4904
492.0,1990,906.0,88.81316566467285,849.0,906.0,93.70860927152317,U0492,Inland Floodplain Shrublands / Swamps,inland,906,56.4904
492.0,1991,906.0,83.48085975646973,0.0,906.0,0.0,U0492,Inland Floodplain Shrublands / Swamps,inland,906,56.4904
492.0,1992,906.0,83.32857131958008,198.0,906.0,21.85430463576159,U0492,Inland Floodplain Shrublands / Swamps,inland,906,56.4904
492.0,1993,906.0,79.26440238952637,355.0,906.0,39.18322295805739,U0492,Inland Floodplain Shrublands / Swamps,inland,906,56.4904
492.0,1994,906.0,72.87930107116699,0.0,906.0,0.0,U0492,Inland Floodplain Shrublands / Swamps,inland,906,56.4904
492.0,1995,906.0,78.01838302612305,0.0,906.0,0.0,U0492,Inland Floodplain Shrublands / Swamps,inland,906,56.4904
492.0,1996,906.0,72.85760879516602,0.0,906.0,0.0,U0492,Inland Floodplain Shrublands / Swamps,inland,906,56.4904
492.0,1997,906.0,62.84252738952637,0.0,906.0,0.0,U0492,Inland Floodplain Shrublands / Swamps,inland,906,56.4904
492.0,1998,906.0,56.6820125579834,0.0,906.0,0.0,U0492,Inland Floodplain Shrublands / Swamps,inland,906,56.4904
492.0,1999,906.0,74.99122047424316,0.0,906.0,0.0,U0492,Inland Floodplain Shrublands / Swamps,inland,906,56.4904
492.0,2000,906.0,74.18626022338867,3.0,906.0,0.33112582781456956,U0492,Inland Floodplain Shrublands / Swamps,inland,906,56.4904
492.0,2001,906.0,68.3558464050293,0.0,906.0,0.0,U0492,Inland Floodplain Shrublands / Swamps,inland,906,56.4904
492.0,2002,906.0,62.32115650177002,4.0,906.0,0.44150110375275936,U0492,Inland Floodplain Shrublands / Swamps,inland,906,56.4904
492.0,2003,906.0,65.15607833862305,0.0,906.0,0.0,U0492,Inland Floodplain Shrublands / Swamps,inland,906,56.4904
492.0,2004,906.0,68.11289024353027,0.0,906.0,0.0,U0492,Inland Floodplain Shrublands / Swamps,inland,906,56.4904
492.0,2005,906.0,73.62060737609863,0.0,906.0,0.0,U0492,Inland Floodplain Shrublands / Swamps,inland,906,56.4904
492.0,2006,906.0,63.295830726623535,0.0,906.0,0.0,U0492,Inland Floodplain Shrublands / Swamps,inland,906,56.4904
492.0,2007,906.0,57.28352928161621,0.0,906.0,0.0,U0492,Inland Floodplain Shrublands / Swamps,inland,906,56.4904
492.0,2008,906.0,29.118767261505127,0.0,906.0,0.0,U0492,Inland Floodplain Shrublands / Swamps,inland,906,56.4904
492.0,2009,906.0,68.23585319519043,0.0,906.0,0.0,U0492,Inland Floodplain Shrublands / Swamps,inland,906,56.4904
492.0,2010,906.0,85.03499794006348,618.0,906.0,68.21192052980132,U0492,Inland Floodplain Shrublands / Swamps,inland,906,56.4904
492.0,2011,906.0,86.58841323852539,715.0,906.0,78.91832229580574,U0492,Inland Floodplain Shrublands / Swamps,inland,906,56.4904
492.0,2012,906.0,88.8353328704834,466.0,906.0,51.434878587196465,U0492,Inland Floodplain Shrublands / Swamps,inland,906,56.4904
492.0,2013,906.0,82.87471771240234,176.0,906.0,19.426048565121413,U0492,Inland Floodplain Shrublands / Swamps,inland,906,56.4904
492.0,2014,906.0,66.09786224365234,0.0,906.0,0.0,U0492,Inland Floodplain Shrublands / Swamps,inland,906,56.4904
492.0,2015,906.0,70.51237297058105,0.0,906.0,0.0,U0492,Inland Floodplain Shrublands / Swamps,inland,906,56.4904
492.0,2016,906.0,88.10332107543945,881.0,906.0,97.24061810154525,U0492,Inland Floodplain Shrublands / Swamps,inland,906,56.4904
492.0,2017,906.0,81.3289737701416,0.0,906.0,0.0,U0492,Inland Floodplain Shrublands / Swamps,inland,906,56.4904
492.0,2018,906.0,73.13081741333008,0.0,906.0,0.0,U0492,Inland Floodplain Shrublands / Swamps,inland,906,56.4904
492.0,2019,906.0,72.38821220397949,0.0,906.0,0.0,U0492,Inland Floodplain Shrublands / Swamps,inland,906,56.4904
492.0,2020,906.0,66.98011016845703,0.0,906.0,0.0,U0492,Inland Floodplain Shrublands / Swamps,inland,906,56.4904
492.0,2021,906.0,73.55961799621582,7.0,906.0,0.7726269315673289,U0492,Inland Floodplain Shrublands / Swamps,inland,906,56.4904
492.0,2022,906.0,84.61043930053711,850.0,906.0,93.81898454746137,U0492,Inland Floodplain Shrublands / Swamps,inland,906,56.4904
501.0,1988,2904.0,79.7323070526123,52.0,2904.0,1.790633608815427,U0501,Riverine Chenopod Shrublands,riverine,2904,181.0685
501.0,1989,2904.0,80.47827835083008,81.0,2904.0,2.7892561983471076,U0501,Riverine Chenopod Shrublands,riverine,2904,181.0685
501.0,1990,2904.0,77.35239791870117,698.0,2904.0,24.03581267217631,U0501,Riverine Chenopod Shrublands,riverine,2904,181.0685
501.0,1991,2904.0,53.95116004943848,55.0,2904.0,1.893939393939394,U0501,Riverine Chenopod Shrublands,riverine,2904,181.0685
501.0,1992,2904.0,62.87000961303711,466.0,2904.0,16.046831955922865,U0501,Riverine Chenopod Shrublands,riverine,2904,181.0685
501.0,1993,2904.0,61.363339233398435,343.0,2904.0,11.81129476584022,U0501,Riverine Chenopod Shrublands,riverine,2904,181.0685
501.0,1994,2904.0,53.96797904968262,68.0,2904.0,2.3415977961432506,U0501,Riverine Chenopod Shrublands,riverine,2904,181.0685
501.0,1995,2904.0,78.35702896118164,122.0,2904.0,4.201101928374656,U0501,Riverine Chenopod Shrublands,riverine,2904,181.0685
501.0,1996,2904.0,69.1084373474121,28.0,2904.0,0.9641873278236914,U0501,Riverine Chenopod Shrublands,riverine,2904,181.0685
501.0,1997,2904.0,58.54849720001221,8.0,2904.0,0.27548209366391185,U0501,Riverine Chenopod Shrublands,riverine,2904,181.0685
501.0,1998,2904.0,70.84558258056641,34.0,2904.0,1.1707988980716253,U0501,Riverine Chenopod Shrublands,riverine,2904,181.0685
501.0,1999,2904.0,80.53321647644043,15.0,2904.0,0.5165289256198347,U0501,Riverine Chenopod Shrublands,riverine,2904,181.0685
501.0,2000,2904.0,84.16580047607422,737.0,2904.0,25.37878787878788,U0501,Riverine Chenopod Shrublands,riverine,2904,181.0685
501.0,2001,2904.0,81.94359741210937,0.0,2904.0,0.0,U0501,Riverine Chenopod Shrublands,riverine,2904,181.0685
501.0,2002,2904.0,72.83152236938477,323.0,2904.0,11.122589531680442,U0501,Riverine Chenopod Shrublands,riverine,2904,181.0685
501.0,2003,2904.0,72.8995491027832,0.0,2904.0,0.0,U0501,Riverine Chenopod Shrublands,riverine,2904,181.0685
501.0,2004,2904.0,74.59707069396973,24.0,2904.0,0.8264462809917356,U0501,Riverine Chenopod Shrublands,riverine,2904,181.0685
501.0,2005,2904.0,74.22688064575195,271.0,2904.0,9.331955922865014,U0501,Riverine Chenopod Shrublands,riverine,2904,181.0685
501.0,2006,2904.0,63.85861091613769,2.0,2904.0,0.06887052341597796,U0501,Riverine Chenopod Shrublands,riverine,2904,181.0685
501.0,2007,2904.0,63.57647075653076,0.0,2904.0,0.0,U0501,Riverine Chenopod Shrublands,riverine,2904,181.0685
501.0,2008,2904.0,35.67585792541504,0.0,2904.0,0.0,U0501,Riverine Chenopod Shrublands,riverine,2904,181.0685
501.0,2009,2904.0,70.53329734802246,3.0,2904.0,0.10330578512396695,U0501,Riverine Chenopod Shrublands,riverine,2904,181.0685
501.0,2010,2904.0,83.55151557922363,346.0,2904.0,11.914600550964188,U0501,Riverine Chenopod Shrublands,riverine,2904,181.0685
501.0,2011,2904.0,84.39040107727051,1011.0,2904.0,34.81404958677686,U0501,Riverine Chenopod Shrublands,riverine,2904,181.0685
501.0,2012,2904.0,74.42356567382812,117.0,2904.0,4.028925619834711,U0501,Riverine Chenopod Shrublands,riverine,2904,181.0685
501.0,2013,2904.0,69.8074234008789,0.0,2904.0,0.0,U0501,Riverine Chenopod Shrublands,riverine,2904,181.0685
501.0,2014,2904.0,62.196051597595215,0.0,2904.0,0.0,U0501,Riverine Chenopod Shrublands,riverine,2904,181.0685
501.0,2015,2904.0,68.5476448059082,0.0,2904.0,0.0,U0501,Riverine Chenopod Shrublands,riverine,2904,181.0685
501.0,2016,2904.0,89.93865547180175,1206.0,2904.0,41.52892561983471,U0501,Riverine Chenopod Shrublands,riverine,2904,181.0685
501.0,2017,2904.0,82.87162551879882,0.0,2904.0,0.0,U0501,Riverine Chenopod Shrublands,riverine,2904,181.0685
501.0,2018,2904.0,62.87469539642334,0.0,2904.0,0.0,U0501,Riverine Chenopod Shrublands,riverine,2904,181.0685
501.0,2019,2904.0,71.03947792053222,0.0,2904.0,0.0,U0501,Riverine Chenopod Shrublands,riverine,2904,181.0685
501.0,2020,2904.0,71.99393730163574,0.0,2904.0,0.0,U0501,Riverine Chenopod Shrublands,riverine,2904,181.0685
501.0,2021,2904.0,74.26484336853028,122.0,2904.0,4.201101928374656,U0501,Riverine Chenopod Shrublands,riverine,2904,181.0685
501.0,2022,2904.0,83.77245178222657,2904.0,2904.0,100.0,U0501,Riverine Chenopod Shrublands,riverine,2904,181.0685
506.0,1988,77.0,71.00754089355469,0.0,77.0,0.0,U0506,Riverine Chenopod Shrublands,riverine,77,4.8011
506.0,1989,77.0,56.58133316040039,1.0,77.0,1.2987012987012987,U0506,Riverine Chenopod Shrublands,riverine,77,4.8011
506.0,1990,77.0,49.49641342163086,1.0,77.0,1.2987012987012987,U0506,Riverine Chenopod Shrublands,riverine,77,4.8011
506.0,1991,77.0,48.809207916259766,11.0,77.0,14.285714285714286,U0506,Riverine Chenopod Shrublands,riverine,77,4.8011
506.0,1992,77.0,44.16681060791016,42.0,77.0,54.54545454545455,U0506,Riverine Chenopod Shrublands,riverine,77,4.8011
506.0,1993,77.0,26.308100509643555,41.0,77.0,53.246753246753244,U0506,Riverine Chenopod Shrublands,riverine,77,4.8011
506.0,1994,77.0,25.448140335083007,0.0,77.0,0.0,U0506,Riverine Chenopod Shrublands,riverine,77,4.8011
506.0,1995,77.0,24.929436111450197,0.0,77.0,0.0,U0506,Riverine Chenopod Shrublands,riverine,77,4.8011
506.0,1996,77.0,21.13605842590332,0.0,77.0,0.0,U0506,Riverine Chenopod Shrublands,riverine,77,4.8011
506.0,1997,77.0,19.65026435852051,0.0,77.0,0.0,U0506,Riverine Chenopod Shrublands,riverine,77,4.8011
506.0,1998,77.0,21.352667236328127,0.0,77.0,0.0,U0506,Riverine Chenopod Shrublands,riverine,77,4.8011
506.0,1999,77.0,21.14750518798828,0.0,77.0,0.0,U0506,Riverine Chenopod Shrublands,riverine,77,4.8011
506.0,2000,77.0,27.921022415161133,27.0,77.0,35.064935064935064,U0506,Riverine Chenopod Shrublands,riverine,77,4.8011
506.0,2001,77.0,24.882012176513673,0.0,77.0,0.0,U0506,Riverine Chenopod Shrublands,riverine,77,4.8011
506.0,2002,77.0,20.661497116088867,0.0,77.0,0.0,U0506,Riverine Chenopod Shrublands,riverine,77,4.8011
506.0,2003,77.0,25.079130172729492,0.0,77.0,0.0,U0506,Riverine Chenopod Shrublands,riverine,77,4.8011
506.0,2004,77.0,25.498681640625,0.0,77.0,0.0,U0506,Riverine Chenopod Shrublands,riverine,77,4.8011
506.0,2005,77.0,25.38335609436035,0.0,77.0,0.0,U0506,Riverine Chenopod Shrublands,riverine,77,4.8011
506.0,2006,77.0,18.859091567993165,0.0,77.0,0.0,U0506,Riverine Chenopod Shrublands,riverine,77,4.8011
506.0,2007,77.0,22.236948776245118,0.0,77.0,0.0,U0506,Riverine Chenopod Shrublands,riverine,77,4.8011
506.0,2008,77.0,17.09720573425293,0.0,77.0,0.0,U0506,Riverine Chenopod Shrublands,riverine,77,4.8011
506.0,2009,77.0,24.1241024017334,5.0,77.0,6.4935064935064934,U0506,Riverine Chenopod Shrublands,riverine,77,4.8011
506.0,2010,77.0,44.29428634643555,5.0,77.0,6.4935064935064934,U0506,Riverine Chenopod Shrublands,riverine,77,4.8011
506.0,2011,77.0,39.89151153564453,30.0,77.0,38.96103896103896,U0506,Riverine Chenopod Shrublands,riverine,77,4.8011
506.0,2012,77.0,31.90744972229004,0.0,77.0,0.0,U0506,Riverine Chenopod Shrublands,riverine,77,4.8011
506.0,2013,77.0,28.526778411865234,0.0,77.0,0.0,U0506,Riverine Chenopod Shrublands,riverine,77,4.8011
506.0,2014,77.0,30.505346298217773,0.0,77.0,0.0,U0506,Riverine Chenopod Shrublands,riverine,77,4.8011
506.0,2015,77.0,39.254276275634766,0.0,77.0,0.0,U0506,Riverine Chenopod Shrublands,riverine,77,4.8011
506.0,2016,77.0,63.40752944946289,15.0,77.0,19.48051948051948,U0506,Riverine Chenopod Shrublands,riverine,77,4.8011
506.0,2017,77.0,60.96882553100586,0.0,77.0,0.0,U0506,Riverine Chenopod Shrublands,riverine,77,4.8011
506.0,2018,77.0,44.45350036621094,0.0,77.0,0.0,U0506,Riverine Chenopod Shrublands,riverine,77,4.8011
506.0,2019,77.0,42.59250335693359,0.0,77.0,0.0,U0506,Riverine Chenopod Shrublands,riverine,77,4.8011
506.0,2020,77.0,36.023992919921874,0.0,77.0,0.0,U0506,Riverine Chenopod Shrublands,riverine,77,4.8011
506.0,2021,77.0,46.93731155395508,0.0,77.0,0.0,U0506,Riverine Chenopod Shrublands,riverine,77,4.8011
506.0,2022,77.0,57.79719467163086,63.0,77.0,81.81818181818181,U0506,Riverine Chenopod Shrublands,riverine,77,4.8011
508.0,1988,3568.0,74.96348037719727,1584.0,3568.0,44.39461883408072,U0508,Riverine Chenopod Shrublands,riverine,3568,222.4699
508.0,1989,3568.0,80.32003631591797,2844.0,3568.0,79.7085201793722,U0508,Riverine Chenopod Shrublands,riverine,3568,222.4699
508.0,1990,3568.0,80.31991920471192,1949.0,3568.0,54.624439461883405,U0508,Riverine Chenopod Shrublands,riverine,3568,222.4699
508.0,1991,3568.0,78.8610237121582,3482.0,3568.0,97.58968609865471,U0508,Riverine Chenopod Shrublands,riverine,3568,222.4699
508.0,1992,3568.0,76.34437789916993,2191.0,3568.0,61.40695067264574,U0508,Riverine Chenopod Shrublands,riverine,3568,222.4699
508.0,1993,3568.0,76.99576797485352,3155.0,3568.0,88.42488789237669,U0508,Riverine Chenopod Shrublands,riverine,3568,222.4699
508.0,1994,3568.0,56.028791999816896,1.0,3568.0,0.028026905829596414,U0508,Riverine Chenopod Shrublands,riverine,3568,222.4699
508.0,1995,3568.0,75.79690475463867,3.0,3568.0,0.08408071748878924,U0508,Riverine Chenopod Shrublands,riverine,3568,222.4699
508.0,1996,3568.0,73.81657791137695,3441.0,3568.0,96.44058295964126,U0508,Riverine Chenopod Shrublands,riverine,3568,222.4699
508.0,1997,3568.0,73.00424041748047,0.0,3568.0,0.0,U0508,Riverine Chenopod Shrublands,riverine,3568,222.4699
508.0,1998,3568.0,66.43923873901367,2565.0,3568.0,71.8890134529148,U0508,Riverine Chenopod Shrublands,riverine,3568,222.4699
508.0,1999,3568.0,69.60592269897461,10.0,3568.0,0.2802690582959641,U0508,Riverine Chenopod Shrublands,riverine,3568,222.4699
508.0,2000,3568.0,69.27263603210449,30.0,3568.0,0.8408071748878924,U0508,Riverine Chenopod Shrublands,riverine,3568,222.4699
508.0,2001,3568.0,74.70435066223145,24.0,3568.0,0.672645739910314,U0508,Riverine Chenopod Shrublands,riverine,3568,222.4699
508.0,2002,3568.0,60.626568984985354,59.0,3568.0,1.6535874439461884,U0508,Riverine Chenopod Shrublands,riverine,3568,222.4699
508.0,2003,3568.0,64.16216278076172,0.0,3568.0,0.0,U0508,Riverine Chenopod Shrublands,riverine,3568,222.4699
508.0,2004,3568.0,60.81506538391113,5.0,3568.0,0.14013452914798205,U0508,Riverine Chenopod Shrublands,riverine,3568,222.4699
508.0,2005,3568.0,67.57723045349121,15.0,3568.0,0.4204035874439462,U0508,Riverine Chenopod Shrublands,riverine,3568,222.4699
508.0,2006,3568.0,55.70938949584961,2.0,3568.0,0.05605381165919283,U0508,Riverine Chenopod Shrublands,riverine,3568,222.4699
508.0,2007,3568.0,45.68253402709961,3.0,3568.0,0.08408071748878924,U0508,Riverine Chenopod Shrublands,riverine,3568,222.4699
508.0,2008,3568.0,33.3137149810791,10.0,3568.0,0.2802690582959641,U0508,Riverine Chenopod Shrublands,riverine,3568,222.4699
508.0,2009,3568.0,59.91244525909424,12.0,3568.0,0.336322869955157,U0508,Riverine Chenopod Shrublands,riverine,3568,222.4699
508.0,2010,3568.0,80.2370475769043,52.0,3568.0,1.4573991031390134,U0508,Riverine Chenopod Shrublands,riverine,3568,222.4699
508.0,2011,3568.0,83.75857658386231,31.0,3568.0,0.8688340807174888,U0508,Riverine Chenopod Shrublands,riverine,3568,222.4699
508.0,2012,3568.0,78.24931526184082,49.0,3568.0,1.3733183856502242,U0508,Riverine Chenopod Shrublands,riverine,3568,222.4699
508.0,2013,3568.0,63.947906494140625,12.0,3568.0,0.336322869955157,U0508,Riverine Chenopod Shrublands,riverine,3568,222.4699
508.0,2014,3568.0,50.55995769500733,7.0,3568.0,0.1961883408071749,U0508,Riverine Chenopod Shrublands,riverine,3568,222.4699
508.0,2015,3568.0,59.28464012145996,3.0,3568.0,0.08408071748878924,U0508,Riverine Chenopod Shrublands,riverine,3568,222.4699
508.0,2016,3568.0,82.64236412048339,1932.0,3568.0,54.14798206278027,U0508,Riverine Chenopod Shrublands,riverine,3568,222.4699
508.0,2017,3568.0,81.03736305236816,0.0,3568.0,0.0,U0508,Riverine Chenopod Shrublands,riverine,3568,222.4699
508.0,2018,3568.0,59.75314559936523,6.0,3568.0,0.1681614349775785,U0508,Riverine Chenopod Shrublands,riverine,3568,222.4699
508.0,2019,3568.0,55.52560958862305,3.0,3568.0,0.08408071748878924,U0508,Riverine Chenopod Shrublands,riverine,3568,222.4699
508.0,2020,3568.0,60.775247955322264,5.0,3568.0,0.14013452914798205,U0508,Riverine Chenopod Shrublands,riverine,3568,222.4699
508.0,2021,3568.0,63.362233543395995,248.0,3568.0,6.95067264573991,U0508,Riverine Chenopod Shrublands,riverine,3568,222.4699
508.0,2022,3568.0,77.80448379516602,3559.0,3568.0,99.74775784753363,U0508,Riverine Chenopod Shrublands,riverine,3568,222.4699
512.0,1988,421.0,69.78148651123047,0.0,421.0,0.0,U0512,Riverine Chenopod Shrublands,riverine,421,26.25
512.0,1989,421.0,80.99360656738281,133.0,421.0,31.59144893111639,U0512,Riverine Chenopod Shrublands,riverine,421,26.25
512.0,1990,421.0,52.51966094970703,223.0,421.0,52.96912114014252,U0512,Riverine Chenopod Shrublands,riverine,421,26.25
512.0,1991,421.0,53.59992599487305,0.0,421.0,0.0,U0512,Riverine Chenopod Shrublands,riverine,421,26.25
512.0,1992,421.0,62.66439437866211,300.0,421.0,71.25890736342043,U0512,Riverine Chenopod Shrublands,riverine,421,26.25
512.0,1993,421.0,65.76620483398438,169.0,421.0,40.142517814726844,U0512,Riverine Chenopod Shrublands,riverine,421,26.25
512.0,1994,421.0,39.92692184448242,0.0,421.0,0.0,U0512,Riverine Chenopod Shrublands,riverine,421,26.25
512.0,1995,421.0,74.11162567138672,0.0,421.0,0.0,U0512,Riverine Chenopod Shrublands,riverine,421,26.25
512.0,1996,421.0,57.1358528137207,126.0,421.0,29.928741092636578,U0512,Riverine Chenopod Shrublands,riverine,421,26.25
512.0,1997,421.0,52.7642707824707,0.0,421.0,0.0,U0512,Riverine Chenopod Shrublands,riverine,421,26.25
512.0,1998,421.0,55.10757827758789,195.0,421.0,46.318289786223275,U0512,Riverine Chenopod Shrublands,riverine,421,26.25
512.0,1999,421.0,65.86688232421875,0.0,421.0,0.0,U0512,Riverine Chenopod Shrublands,riverine,421,26.25
512.0,2000,421.0,53.2993049621582,0.0,421.0,0.0,U0512,Riverine Chenopod Shrublands,riverine,421,26.25
512.0,2001,421.0,57.5222053527832,0.0,421.0,0.0,U0512,Riverine Chenopod Shrublands,riverine,421,26.25
512.0,2002,421.0,51.645328521728516,0.0,421.0,0.0,U0512,Riverine Chenopod Shrublands,riverine,421,26.25
512.0,2003,421.0,58.33770751953125,0.0,421.0,0.0,U0512,Riverine Chenopod Shrublands,riverine,421,26.25
512.0,2004,421.0,55.99269104003906,0.0,421.0,0.0,U0512,Riverine Chenopod Shrublands,riverine,421,26.25
512.0,2005,421.0,64.61317443847656,0.0,421.0,0.0,U0512,Riverine Chenopod Shrublands,riverine,421,26.25
512.0,2006,421.0,47.322357177734375,0.0,421.0,0.0,U0512,Riverine Chenopod Shrublands,riverine,421,26.25
512.0,2007,421.0,38.22108840942383,0.0,421.0,0.0,U0512,Riverine Chenopod Shrublands,riverine,421,26.25
512.0,2008,421.0,24.249439239501953,0.0,421.0,0.0,U0512,Riverine Chenopod Shrublands,riverine,421,26.25
512.0,2009,421.0,43.76546859741211,2.0,421.0,0.4750593824228028,U0512,Riverine Chenopod Shrublands,riverine,421,26.25
512.0,2010,421.0,74.3067626953125,2.0,421.0,0.4750593824228028,U0512,Riverine Chenopod Shrublands,riverine,421,26.25
512.0,2011,421.0,77.45205688476562,0.0,421.0,0.0,U0512,Riverine Chenopod Shrublands,riverine,421,26.25
512.0,2012,421.0,65.58110046386719,0.0,421.0,0.0,U0512,Riverine Chenopod Shrublands,riverine,421,26.25
512.0,2013,421.0,62.77165603637695,0.0,421.0,0.0,U0512,Riverine Chenopod Shrublands,riverine,421,26.25
512.0,2014,421.0,55.33747482299805,0.0,421.0,0.0,U0512,Riverine Chenopod Shrublands,riverine,421,26.25
512.0,2015,421.0,55.20716857910156,0.0,421.0,0.0,U0512,Riverine Chenopod Shrublands,riverine,421,26.25
512.0,2016,421.0,76.5155029296875,6.0,421.0,1.4251781472684086,U0512,Riverine Chenopod Shrublands,riverine,421,26.25
512.0,2017,421.0,67.94120025634766,0.0,421.0,0.0,U0512,Riverine Chenopod Shrublands,riverine,421,26.25
512.0,2018,421.0,47.957984924316406,0.0,421.0,0.0,U0512,Riverine Chenopod Shrublands,riverine,421,26.25
512.0,2019,421.0,47.700687408447266,0.0,421.0,0.0,U0512,Riverine Chenopod Shrublands,riverine,421,26.25
512.0,2020,421.0,54.73992156982422,4.0,421.0,0.9501187648456056,U0512,Riverine Chenopod Shrublands,riverine,421,26.25
512.0,2021,421.0,59.53520965576172,8.0,421.0,1.9002375296912113,U0512,Riverine Chenopod Shrublands,riverine,421,26.25
512.0,2022,421.0,74.40025329589844,397.0,421.0,94.29928741092637,U0512,Riverine Chenopod Shrublands,riverine,421,26.25
513.0,1988,162.0,92.82446746826172,162.0,162.0,100.0,U0513,Riverine Chenopod Shrublands,riverine,162,10.1009
513.0,1989,162.0,85.59137306213378,6.0,162.0,3.7037037037037037,U0513,Riverine Chenopod Shrublands,riverine,162,10.1009
513.0,1990,162.0,79.20034675598144,162.0,162.0,100.0,U0513,Riverine Chenopod Shrublands,riverine,162,10.1009
513.0,1991,162.0,80.2030475616455,28.0,162.0,17.28395061728395,U0513,Riverine Chenopod Shrublands,riverine,162,10.1009
513.0,1992,162.0,73.9922420501709,162.0,162.0,100.0,U0513,Riverine Chenopod Shrublands,riverine,162,10.1009
513.0,1993,162.0,78.82556495666503,1.0,162.0,0.6172839506172839,U0513,Riverine Chenopod Shrublands,riverine,162,10.1009
513.0,1994,162.0,71.29070587158203,0.0,162.0,0.0,U0513,Riverine Chenopod Shrublands,riverine,162,10.1009
513.0,1995,162.0,88.03110809326172,1.0,162.0,0.6172839506172839,U0513,Riverine Chenopod Shrublands,riverine,162,10.1009
513.0,1996,162.0,69.14242210388184,162.0,162.0,100.0,U0513,Riverine Chenopod Shrublands,riverine,162,10.1009
513.0,1997,162.0,76.18404235839844,0.0,162.0,0.0,U0513,Riverine Chenopod Shrublands,riverine,162,10.1009
513.0,1998,162.0,63.17946529388428,162.0,162.0,100.0,U0513,Riverine Chenopod Shrublands,riverine,162,10.1009
513.0,1999,162.0,74.367626953125,0.0,162.0,0.0,U0513,Riverine Chenopod Shrublands,riverine,162,10.1009
513.0,2000,162.0,70.1544849395752,0.0,162.0,0.0,U0513,Riverine Chenopod Shrublands,riverine,162,10.1009
513.0,2001,162.0,64.24640693664551,0.0,162.0,0.0,U0513,Riverine Chenopod Shrublands,riverine,162,10.1009
513.0,2002,162.0,49.23319492340088,0.0,162.0,0.0,U0513,Riverine Chenopod Shrublands,riverine,162,10.1009
513.0,2003,162.0,47.80902328491211,0.0,162.0,0.0,U0513,Riverine Chenopod Shrublands,riverine,162,10.1009
513.0,2004,162.0,59.52050971984863,0.0,162.0,0.0,U0513,Riverine Chenopod Shrublands,riverine,162,10.1009
513.0,2005,162.0,67.11546173095704,0.0,162.0,0.0,U0513,Riverine Chenopod Shrublands,riverine,162,10.1009
513.0,2006,162.0,56.91048603057861,0.0,162.0,0.0,U0513,Riverine Chenopod Shrublands,riverine,162,10.1009
513.0,2007,162.0,46.271837615966795,0.0,162.0,0.0,U0513,Riverine Chenopod Shrublands,riverine,162,10.1009
513.0,2008,162.0,32.169885063171385,0.0,162.0,0.0,U0513,Riverine Chenopod Shrublands,riverine,162,10.1009
513.0,2009,162.0,60.23635196685791,0.0,162.0,0.0,U0513,Riverine Chenopod Shrublands,riverine,162,10.1009
513.0,2010,162.0,83.981929397583,152.0,162.0,93.82716049382717,U0513,Riverine Chenopod Shrublands,riverine,162,10.1009
513.0,2011,162.0,88.28708686828614,0.0,162.0,0.0,U0513,Riverine Chenopod Shrublands,riverine,162,10.1009
513.0,2012,162.0,71.77622032165527,0.0,162.0,0.0,U0513,Riverine Chenopod Shrublands,riverine,162,10.1009
513.0,2013,162.0,67.05930633544922,0.0,162.0,0.0,U0513,Riverine Chenopod Shrublands,riverine,162,10.1009
513.0,2014,162.0,53.96223373413086,0.0,162.0,0.0,U0513,Riverine Chenopod Shrublands,riverine,162,10.1009
513.0,2015,162.0,54.60551414489746,0.0,162.0,0.0,U0513,Riverine Chenopod Shrublands,riverine,162,10.1009
513.0,2016,162.0,80.90166816711425,7.0,162.0,4.320987654320987,U0513,Riverine Chenopod Shrublands,riverine,162,10.1009
513.0,2017,162.0,80.01005668640137,0.0,162.0,0.0,U0513,Riverine Chenopod Shrublands,riverine,162,10.1009
513.0,2018,162.0,59.652903175354005,0.0,162.0,0.0,U0513,Riverine Chenopod Shrublands,riverine,162,10.1009
513.0,2019,162.0,44.57626037597656,0.0,162.0,0.0,U0513,Riverine Chenopod Shrublands,riverine,162,10.1009
513.0,2020,162.0,49.108307456970216,0.0,162.0,0.0,U0513,Riverine Chenopod Shrublands,riverine,162,10.1009
513.0,2021,162.0,54.498329162597656,0.0,162.0,0.0,U0513,Riverine Chenopod Shrublands,riverine,162,10.1009
513.0,2022,162.0,76.05242118835449,162.0,162.0,100.0,U0513,Riverine Chenopod Shrublands,riverine,162,10.1009
521.0,1988,663.0,78.12972869873047,384.0,663.0,57.918552036199095,U0521,Riverine Chenopod Shrublands,riverine,663,41.339
521.0,1989,663.0,74.12206802368163,3.0,663.0,0.45248868778280543,U0521,Riverine Chenopod Shrublands,riverine,663,41.339
521.0,1990,663.0,72.28391876220704,386.0,663.0,58.22021116138763,U0521,Riverine Chenopod Shrublands,riverine,663,41.339
521.0,1991,663.0,77.03466033935547,1.0,663.0,0.15082956259426847,U0521,Riverine Chenopod Shrublands,riverine,663,41.339
521.0,1992,663.0,62.522883605957034,663.0,663.0,100.0,U0521,Riverine Chenopod Shrublands,riverine,663,41.339
521.0,1993,663.0,79.65029602050781,51.0,663.0,7.6923076923076925,U0521,Riverine Chenopod Shrublands,riverine,663,41.339
521.0,1994,663.0,57.26580810546875,0.0,663.0,0.0,U0521,Riverine Chenopod Shrublands,riverine,663,41.339
521.0,1995,663.0,82.74003753662109,280.0,663.0,42.23227752639517,U0521,Riverine Chenopod Shrublands,riverine,663,41.339
521.0,1996,663.0,68.9525650024414,423.0,663.0,63.800904977375566,U0521,Riverine Chenopod Shrublands,riverine,663,41.339
521.0,1997,663.0,61.039380645751955,0.0,663.0,0.0,U0521,Riverine Chenopod Shrublands,riverine,663,41.339
521.0,1998,663.0,67.20837478637695,640.0,663.0,96.53092006033182,U0521,Riverine Chenopod Shrublands,riverine,663,41.339
521.0,1999,663.0,68.55375137329102,0.0,663.0,0.0,U0521,Riverine Chenopod Shrublands,riverine,663,41.339
521.0,2000,663.0,66.62043380737305,123.0,663.0,18.552036199095024,U0521,Riverine Chenopod Shrublands,riverine,663,41.339
521.0,2001,663.0,69.97145538330078,0.0,663.0,0.0,U0521,Riverine Chenopod Shrublands,riverine,663,41.339
521.0,2002,663.0,52.99911956787109,2.0,663.0,0.30165912518853694,U0521,Riverine Chenopod Shrublands,riverine,663,41.339
521.0,2003,663.0,51.57061614990234,0.0,663.0,0.0,U0521,Riverine Chenopod Shrublands,riverine,663,41.339
521.0,2004,663.0,65.39427490234375,0.0,663.0,0.0,U0521,Riverine Chenopod Shrublands,riverine,663,41.339
521.0,2005,663.0,74.27761154174804,5.0,663.0,0.7541478129713424,U0521,Riverine Chenopod Shrublands,riverine,663,41.339
521.0,2006,663.0,59.217145156860354,0.0,663.0,0.0,U0521,Riverine Chenopod Shrublands,riverine,663,41.339
521.0,2007,663.0,45.00804138183594,0.0,663.0,0.0,U0521,Riverine Chenopod Shrublands,riverine,663,41.339
521.0,2008,663.0,29.20480442047119,0.0,663.0,0.0,U0521,Riverine Chenopod Shrublands,riverine,663,41.339
521.0,2009,663.0,49.02833518981934,0.0,663.0,0.0,U0521,Riverine Chenopod Shrublands,riverine,663,41.339
521.0,2010,663.0,78.66846771240235,111.0,663.0,16.742081447963802,U0521,Riverine Chenopod Shrublands,riverine,663,41.339
521.0,2011,663.0,84.00925140380859,276.0,663.0,41.6289592760181,U0521,Riverine Chenopod Shrublands,riverine,663,41.339
521.0,2012,663.0,74.21232986450195,0.0,663.0,0.0,U0521,Riverine Chenopod Shrublands,riverine,663,41.339
521.0,2013,663.0,75.84342956542969,2.0,663.0,0.30165912518853694,U0521,Riverine Chenopod Shrublands,riverine,663,41.339
521.0,2014,663.0,62.28804664611816,0.0,663.0,0.0,U0521,Riverine Chenopod Shrublands,riverine,663,41.339
521.0,2015,663.0,61.09322242736816,0.0,663.0,0.0,U0521,Riverine Chenopod Shrublands,riverine,663,41.339
521.0,2016,663.0,85.13552627563476,272.0,663.0,41.02564102564103,U0521,Riverine Chenopod Shrublands,riverine,663,41.339
521.0,2017,663.0,81.22219543457031,0.0,663.0,0.0,U0521,Riverine Chenopod Shrublands,riverine,663,41.339
521.0,2018,663.0,56.73155212402344,0.0,663.0,0.0,U0521,Riverine Chenopod Shrublands,riverine,663,41.339
521.0,2019,663.0,41.888159942626956,0.0,663.0,0.0,U0521,Riverine Chenopod Shrublands,riverine,663,41.339
521.0,2020,663.0,51.19965858459473,0.0,663.0,0.0,U0521,Riverine Chenopod Shrublands,riverine,663,41.339
521.0,2021,663.0,55.559048080444335,3.0,663.0,0.45248868778280543,U0521,Riverine Chenopod Shrublands,riverine,663,41.339
521.0,2022,663.0,73.0216667175293,663.0,663.0,100.0,U0521,Riverine Chenopod Shrublands,riverine,663,41.339
525.0,1988,45.0,72.64993896484376,0.0,45.0,0.0,U0525,Riverine Chenopod Shrublands,riverine,45,2.8058
525.0,1989,45.0,74.30738677978516,0.0,45.0,0.0,U0525,Riverine Chenopod Shrublands,riverine,45,2.8058
525.0,1990,45.0,70.85289306640625,0.0,45.0,0.0,U0525,Riverine Chenopod Shrublands,riverine,45,2.8058
525.0,1991,45.0,61.757441711425784,0.0,45.0,0.0,U0525,Riverine Chenopod Shrublands,riverine,45,2.8058
525.0,1992,45.0,71.81260833740234,1.0,45.0,2.2222222222222223,U0525,Riverine Chenopod Shrublands,riverine,45,2.8058
525.0,1993,45.0,65.76930236816406,0.0,45.0,0.0,U0525,Riverine Chenopod Shrublands,riverine,45,2.8058
525.0,1994,45.0,70.17737426757813,0.0,45.0,0.0,U0525,Riverine Chenopod Shrublands,riverine,45,2.8058
525.0,1995,45.0,66.28843688964844,0.0,45.0,0.0,U0525,Riverine Chenopod Shrublands,riverine,45,2.8058
525.0,1996,45.0,57.766092681884764,0.0,45.0,0.0,U0525,Riverine Chenopod Shrublands,riverine,45,2.8058
525.0,1997,45.0,66.37773132324219,3.0,45.0,6.666666666666667,U0525,Riverine Chenopod Shrublands,riverine,45,2.8058
525.0,1998,45.0,59.0746467590332,0.0,45.0,0.0,U0525,Riverine Chenopod Shrublands,riverine,45,2.8058
525.0,1999,45.0,67.56198272705078,0.0,45.0,0.0,U0525,Riverine Chenopod Shrublands,riverine,45,2.8058
525.0,2000,45.0,70.43325958251953,0.0,45.0,0.0,U0525,Riverine Chenopod Shrublands,riverine,45,2.8058
525.0,2001,45.0,67.31451873779297,0.0,45.0,0.0,U0525,Riverine Chenopod Shrublands,riverine,45,2.8058
525.0,2002,45.0,62.15126419067383,0.0,45.0,0.0,U0525,Riverine Chenopod Shrublands,riverine,45,2.8058
525.0,2003,45.0,67.53494262695312,0.0,45.0,0.0,U0525,Riverine Chenopod Shrublands,riverine,45,2.8058
525.0,2004,45.0,67.8207794189453,0.0,45.0,0.0,U0525,Riverine Chenopod Shrublands,riverine,45,2.8058
525.0,2005,45.0,70.14230346679688,0.0,45.0,0.0,U0525,Riverine Chenopod Shrublands,riverine,45,2.8058
525.0,2006,45.0,67.52342376708984,0.0,45.0,0.0,U0525,Riverine Chenopod Shrublands,riverine,45,2.8058
525.0,2007,45.0,62.83416519165039,0.0,45.0,0.0,U0525,Riverine Chenopod Shrublands,riverine,45,2.8058
525.0,2008,45.0,40.61172256469727,0.0,45.0,0.0,U0525,Riverine Chenopod Shrublands,riverine,45,2.8058
525.0,2009,45.0,67.39431304931641,2.0,45.0,4.444444444444445,U0525,Riverine Chenopod Shrublands,riverine,45,2.8058
525.0,2010,45.0,74.3925552368164,12.0,45.0,26.666666666666668,U0525,Riverine Chenopod Shrublands,riverine,45,2.8058
525.0,2011,45.0,76.03195037841797,11.0,45.0,24.444444444444443,U0525,Riverine Chenopod Shrublands,riverine,45,2.8058
525.0,2012,45.0,75.39757232666015,2.0,45.0,4.444444444444445,U0525,Riverine Chenopod Shrublands,riverine,45,2.8058
525.0,2013,45.0,74.83853149414062,4.0,45.0,8.88888888888889,U0525,Riverine Chenopod Shrublands,riverine,45,2.8058
525.0,2014,45.0,69.25674896240234,19.0,45.0,42.22222222222222,U0525,Riverine Chenopod Shrublands,riverine,45,2.8058
525.0,2015,45.0,68.98188018798828,0.0,45.0,0.0,U0525,Riverine Chenopod Shrublands,riverine,45,2.8058
525.0,2016,45.0,78.70493011474609,1.0,45.0,2.2222222222222223,U0525,Riverine Chenopod Shrublands,riverine,45,2.8058
525.0,2017,45.0,77.135791015625,0.0,45.0,0.0,U0525,Riverine Chenopod Shrublands,riverine,45,2.8058
525.0,2018,45.0,57.98201065063477,1.0,45.0,2.2222222222222223,U0525,Riverine Chenopod Shrublands,riverine,45,2.8058
525.0,2019,45.0,66.5273941040039,0.0,45.0,0.0,U0525,Riverine Chenopod Shrublands,riverine,45,2.8058
525.0,2020,45.0,71.36268157958985,1.0,45.0,2.2222222222222223,U0525,Riverine Chenopod Shrublands,riverine,45,2.8058
525.0,2021,45.0,72.73991394042969,5.0,45.0,11.11111111111111,U0525,Riverine Chenopod Shrublands,riverine,45,2.8058
525.0,2022,45.0,78.81941528320313,26.0,45.0,57.77777777777778,U0525,Riverine Chenopod Shrublands,riverine,45,2.8058
526.0,1988,571.0,72.07776641845703,0.0,571.0,0.0,U0526,Riverine Chenopod Shrublands,riverine,571,35.6027
526.0,1989,571.0,72.32586669921875,0.0,571.0,0.0,U0526,Riverine Chenopod Shrublands,riverine,571,35.6027
526.0,1990,571.0,56.27189636230469,0.0,571.0,0.0,U0526,Riverine Chenopod Shrublands,riverine,571,35.6027
526.0,1991,571.0,51.40419387817383,0.0,571.0,0.0,U0526,Riverine Chenopod Shrublands,riverine,571,35.6027
526.0,1992,571.0,60.08956336975098,14.0,571.0,2.4518388791593697,U0526,Riverine Chenopod Shrublands,riverine,571,35.6027
526.0,1993,571.0,46.72448921203613,52.0,571.0,9.106830122591944,U0526,Riverine Chenopod Shrublands,riverine,571,35.6027
526.0,1994,571.0,56.231801986694336,0.0,571.0,0.0,U0526,Riverine Chenopod Shrublands,riverine,571,35.6027
526.0,1995,571.0,65.47668838500977,0.0,571.0,0.0,U0526,Riverine Chenopod Shrublands,riverine,571,35.6027
526.0,1996,571.0,34.690006256103516,4.0,571.0,0.7005253940455342,U0526,Riverine Chenopod Shrublands,riverine,571,35.6027
526.0,1997,571.0,49.75921440124512,0.0,571.0,0.0,U0526,Riverine Chenopod Shrublands,riverine,571,35.6027
526.0,1998,571.0,34.96745681762695,152.0,571.0,26.619964973730298,U0526,Riverine Chenopod Shrublands,riverine,571,35.6027
526.0,1999,571.0,59.87930679321289,0.0,571.0,0.0,U0526,Riverine Chenopod Shrublands,riverine,571,35.6027
526.0,2000,571.0,54.17622184753418,91.0,571.0,15.936952714535902,U0526,Riverine Chenopod Shrublands,riverine,571,35.6027
526.0,2001,571.0,54.43975830078125,16.0,571.0,2.8021015761821366,U0526,Riverine Chenopod Shrublands,riverine,571,35.6027
526.0,2002,571.0,49.32973861694336,0.0,571.0,0.0,U0526,Riverine Chenopod Shrublands,riverine,571,35.6027
526.0,2003,571.0,62.65588569641113,1.0,571.0,0.17513134851138354,U0526,Riverine Chenopod Shrublands,riverine,571,35.6027
526.0,2004,571.0,53.185956954956055,0.0,571.0,0.0,U0526,Riverine Chenopod Shrublands,riverine,571,35.6027
526.0,2005,571.0,64.46164512634277,0.0,571.0,0.0,U0526,Riverine Chenopod Shrublands,riverine,571,35.6027
526.0,2006,571.0,43.13874053955078,0.0,571.0,0.0,U0526,Riverine Chenopod Shrublands,riverine,571,35.6027
526.0,2007,571.0,44.68092155456543,0.0,571.0,0.0,U0526,Riverine Chenopod Shrublands,riverine,571,35.6027
526.0,2008,571.0,26.081358909606934,0.0,571.0,0.0,U0526,Riverine Chenopod Shrublands,riverine,571,35.6027
526.0,2009,571.0,49.14693260192871,2.0,571.0,0.3502626970227671,U0526,Riverine Chenopod Shrublands,riverine,571,35.6027
526.0,2010,571.0,78.00808715820312,19.0,571.0,3.327495621716287,U0526,Riverine Chenopod Shrublands,riverine,571,35.6027
526.0,2011,571.0,75.78252792358398,57.0,571.0,9.982486865148863,U0526,Riverine Chenopod Shrublands,riverine,571,35.6027
526.0,2012,571.0,65.93973922729492,12.0,571.0,2.1015761821366024,U0526,Riverine Chenopod Shrublands,riverine,571,35.6027
526.0,2013,571.0,66.34199905395508,1.0,571.0,0.17513134851138354,U0526,Riverine Chenopod Shrublands,riverine,571,35.6027
526.0,2014,571.0,59.41790771484375,1.0,571.0,0.17513134851138354,U0526,Riverine Chenopod Shrublands,riverine,571,35.6027
526.0,2015,571.0,70.2660903930664,0.0,571.0,0.0,U0526,Riverine Chenopod Shrublands,riverine,571,35.6027
526.0,2016,571.0,87.49713134765625,8.0,571.0,1.4010507880910683,U0526,Riverine Chenopod Shrublands,riverine,571,35.6027
526.0,2017,571.0,79.20071029663086,0.0,571.0,0.0,U0526,Riverine Chenopod Shrublands,riverine,571,35.6027
526.0,2018,571.0,55.00727462768555,1.0,571.0,0.17513134851138354,U0526,Riverine Chenopod Shrublands,riverine,571,35.6027
526.0,2019,571.0,59.47548866271973,1.0,571.0,0.17513134851138354,U0526,Riverine Chenopod Shrublands,riverine,571,35.6027
526.0,2020,571.0,69.19804000854492,5.0,571.0,0.8756567425569177,U0526,Riverine Chenopod Shrublands,riverine,571,35.6027
526.0,2021,571.0,70.76280975341797,4.0,571.0,0.7005253940455342,U0526,Riverine Chenopod Shrublands,riverine,571,35.6027
526.0,2022,571.0,81.52569198608398,500.0,571.0,87.56567425569177,U0526,Riverine Chenopod Shrublands,riverine,571,35.6027
528.0,1988,53.0,81.09625854492188,9.0,53.0,16.9811320754717,U0528,Riverine Chenopod Shrublands,riverine,53,3.3046
528.0,1989,53.0,80.59877014160156,1.0,53.0,1.8867924528301887,U0528,Riverine Chenopod Shrublands,riverine,53,3.3046
528.0,1990,53.0,73.83853149414062,19.0,53.0,35.84905660377358,U0528,Riverine Chenopod Shrublands,riverine,53,3.3046
528.0,1991,53.0,67.18248748779297,13.0,53.0,24.528301886792452,U0528,Riverine Chenopod Shrublands,riverine,53,3.3046
528.0,1992,53.0,66.44277648925781,19.0,53.0,35.84905660377358,U0528,Riverine Chenopod Shrublands,riverine,53,3.3046
528.0,1993,53.0,69.33593139648437,18.0,53.0,33.9622641509434,U0528,Riverine Chenopod Shrublands,riverine,53,3.3046
528.0,1994,53.0,58.77928237915039,6.0,53.0,11.320754716981131,U0528,Riverine Chenopod Shrublands,riverine,53,3.3046
528.0,1995,53.0,66.78080291748047,12.0,53.0,22.641509433962263,U0528,Riverine Chenopod Shrublands,riverine,53,3.3046
528.0,1996,53.0,68.81244049072265,1.0,53.0,1.8867924528301887,U0528,Riverine Chenopod Shrublands,riverine,53,3.3046
528.0,1997,53.0,61.9683120727539,0.0,53.0,0.0,U0528,Riverine Chenopod Shrublands,riverine,53,3.3046
528.0,1998,53.0,60.43308639526367,3.0,53.0,5.660377358490566,U0528,Riverine Chenopod Shrublands,riverine,53,3.3046
528.0,1999,53.0,65.44351196289062,7.0,53.0,13.20754716981132,U0528,Riverine Chenopod Shrublands,riverine,53,3.3046
528.0,2000,53.0,74.76502685546875,7.0,53.0,13.20754716981132,U0528,Riverine Chenopod Shrublands,riverine,53,3.3046
528.0,2001,53.0,71.42137451171875,0.0,53.0,0.0,U0528,Riverine Chenopod Shrublands,riverine,53,3.3046
528.0,2002,53.0,70.25529174804687,13.0,53.0,24.528301886792452,U0528,Riverine Chenopod Shrublands,riverine,53,3.3046
528.0,2003,53.0,64.28852081298828,0.0,53.0,0.0,U0528,Riverine Chenopod Shrublands,riverine,53,3.3046
528.0,2004,53.0,60.958909606933595,4.0,53.0,7.547169811320755,U0528,Riverine Chenopod Shrublands,riverine,53,3.3046
528.0,2005,53.0,74.76097869873047,21.0,53.0,39.62264150943396,U0528,Riverine Chenopod Shrublands,riverine,53,3.3046
528.0,2006,53.0,68.16095275878907,0.0,53.0,0.0,U0528,Riverine Chenopod Shrublands,riverine,53,3.3046
528.0,2007,53.0,63.81955261230469,0.0,53.0,0.0,U0528,Riverine Chenopod Shrublands,riverine,53,3.3046
528.0,2008,53.0,41.456138610839844,0.0,53.0,0.0,U0528,Riverine Chenopod Shrublands,riverine,53,3.3046
528.0,2009,53.0,65.10883026123047,0.0,53.0,0.0,U0528,Riverine Chenopod Shrublands,riverine,53,3.3046
528.0,2010,53.0,74.26586151123047,7.0,53.0,13.20754716981132,U0528,Riverine Chenopod Shrublands,riverine,53,3.3046
528.0,2011,53.0,79.74901580810547,18.0,53.0,33.9622641509434,U0528,Riverine Chenopod Shrublands,riverine,53,3.3046
528.0,2012,53.0,83.89141998291015,16.0,53.0,30.18867924528302,U0528,Riverine Chenopod Shrublands,riverine,53,3.3046
528.0,2013,53.0,75.6909896850586,0.0,53.0,0.0,U0528,Riverine Chenopod Shrublands,riverine,53,3.3046
528.0,2014,53.0,67.40996551513672,0.0,53.0,0.0,U0528,Riverine Chenopod Shrublands,riverine,53,3.3046
528.0,2015,53.0,70.07769317626953,0.0,53.0,0.0,U0528,Riverine Chenopod Shrublands,riverine,53,3.3046
528.0,2016,53.0,77.12087860107422,53.0,53.0,100.0,U0528,Riverine Chenopod Shrublands,riverine,53,3.3046
528.0,2017,53.0,78.92760467529297,0.0,53.0,0.0,U0528,Riverine Chenopod Shrublands,riverine,53,3.3046
528.0,2018,53.0,65.2117691040039,0.0,53.0,0.0,U0528,Riverine Chenopod Shrublands,riverine,53,3.3046
528.0,2019,53.0,74.16552734375,0.0,53.0,0.0,U0528,Riverine Chenopod Shrublands,riverine,53,3.3046
528.0,2020,53.0,70.71922912597657,0.0,53.0,0.0,U0528,Riverine Chenopod Shrublands,riverine,53,3.3046
528.0,2021,53.0,68.53911437988282,27.0,53.0,50.943396226415096,U0528,Riverine Chenopod Shrublands,riverine,53,3.3046
528.0,2022,53.0,74.06329650878907,53.0,53.0,100.0,U0528,Riverine Chenopod Shrublands,riverine,53,3.3046
533.0,1988,120.0,31.66214790344238,0.0,120.0,0.0,U0533,Riverine Chenopod Shrublands,riverine,120,7.4822
533.0,1989,120.0,48.41875057220459,0.0,120.0,0.0,U0533,Riverine Chenopod Shrublands,riverine,120,7.4822
533.0,1990,120.0,33.59199390411377,19.0,120.0,15.833333333333334,U0533,Riverine Chenopod Shrublands,riverine,120,7.4822
533.0,1991,120.0,24.664611339569092,0.0,120.0,0.0,U0533,Riverine Chenopod Shrublands,riverine,120,7.4822
533.0,1992,120.0,36.1967269897461,12.0,120.0,10.0,U0533,Riverine Chenopod Shrublands,riverine,120,7.4822
533.0,1993,120.0,28.041950225830078,0.0,120.0,0.0,U0533,Riverine Chenopod Shrublands,riverine,120,7.4822
533.0,1994,120.0,21.026587867736815,0.0,120.0,0.0,U0533,Riverine Chenopod Shrublands,riverine,120,7.4822
533.0,1995,120.0,30.46660108566284,0.0,120.0,0.0,U0533,Riverine Chenopod Shrublands,riverine,120,7.4822
533.0,1996,120.0,26.175198459625243,8.0,120.0,6.666666666666667,U0533,Riverine Chenopod Shrublands,riverine,120,7.4822
533.0,1997,120.0,23.598888301849364,0.0,120.0,0.0,U0533,Riverine Chenopod Shrublands,riverine,120,7.4822
533.0,1998,120.0,24.585903453826905,0.0,120.0,0.0,U0533,Riverine Chenopod Shrublands,riverine,120,7.4822
533.0,1999,120.0,27.709741878509522,0.0,120.0,0.0,U0533,Riverine Chenopod Shrublands,riverine,120,7.4822
533.0,2000,120.0,27.82353992462158,0.0,120.0,0.0,U0533,Riverine Chenopod Shrublands,riverine,120,7.4822
533.0,2001,120.0,30.081167125701903,0.0,120.0,0.0,U0533,Riverine Chenopod Shrublands,riverine,120,7.4822
533.0,2002,120.0,24.77381238937378,0.0,120.0,0.0,U0533,Riverine Chenopod Shrublands,riverine,120,7.4822
533.0,2003,120.0,24.91928014755249,0.0,120.0,0.0,U0533,Riverine Chenopod Shrublands,riverine,120,7.4822
533.0,2004,120.0,26.88647174835205,0.0,120.0,0.0,U0533,Riverine Chenopod Shrublands,riverine,120,7.4822
533.0,2005,120.0,27.390316486358643,0.0,120.0,0.0,U0533,Riverine Chenopod Shrublands,riverine,120,7.4822
533.0,2006,120.0,21.844346523284912,0.0,120.0,0.0,U0533,Riverine Chenopod Shrublands,riverine,120,7.4822
533.0,2007,120.0,22.2514705657959,0.0,120.0,0.0,U0533,Riverine Chenopod Shrublands,riverine,120,7.4822
533.0,2008,120.0,16.06394934654236,0.0,120.0,0.0,U0533,Riverine Chenopod Shrublands,riverine,120,7.4822
533.0,2009,120.0,25.99268741607666,0.0,120.0,0.0,U0533,Riverine Chenopod Shrublands,riverine,120,7.4822
533.0,2010,120.0,30.07186441421509,0.0,120.0,0.0,U0533,Riverine Chenopod Shrublands,riverine,120,7.4822
533.0,2011,120.0,29.188606929779052,0.0,120.0,0.0,U0533,Riverine Chenopod Shrublands,riverine,120,7.4822
533.0,2012,120.0,23.221138286590577,0.0,120.0,0.0,U0533,Riverine Chenopod Shrublands,riverine,120,7.4822
533.0,2013,120.0,32.21507349014282,0.0,120.0,0.0,U0533,Riverine Chenopod Shrublands,riverine,120,7.4822
533.0,2014,120.0,26.466147327423094,0.0,120.0,0.0,U0533,Riverine Chenopod Shrublands,riverine,120,7.4822
533.0,2015,120.0,31.49154043197632,0.0,120.0,0.0,U0533,Riverine Chenopod Shrublands,riverine,120,7.4822
533.0,2016,120.0,32.96693782806396,7.0,120.0,5.833333333333333,U0533,Riverine Chenopod Shrublands,riverine,120,7.4822
533.0,2017,120.0,30.36085376739502,2.0,120.0,1.6666666666666667,U0533,Riverine Chenopod Shrublands,riverine,120,7.4822
533.0,2018,120.0,25.74208860397339,10.0,120.0,8.333333333333334,U0533,Riverine Chenopod Shrublands,riverine,120,7.4822
533.0,2019,120.0,26.126126289367676,4.0,120.0,3.3333333333333335,U0533,Riverine Chenopod Shrublands,riverine,120,7.4822
533.0,2020,120.0,25.012083435058592,43.0,120.0,35.833333333333336,U0533,Riverine Chenopod Shrublands,riverine,120,7.4822
533.0,2021,120.0,29.091066551208495,16.0,120.0,13.333333333333334,U0533,Riverine Chenopod Shrublands,riverine,120,7.4822
533.0,2022,120.0,33.40062007904053,17.0,120.0,14.166666666666666,U0533,Riverine Chenopod Shrublands,riverine,120,7.4822
534.0,1988,41.0,84.95152282714844,9.0,41.0,21.951219512195124,U0534,Riverine Chenopod Shrublands,riverine,41,2.5564
534.0,1989,41.0,85.76786804199219,41.0,41.0,100.0,U0534,Riverine Chenopod Shrublands,riverine,41,2.5564
534.0,1990,41.0,82.00164031982422,39.0,41.0,95.1219512195122,U0534,Riverine Chenopod Shrublands,riverine,41,2.5564
534.0,1991,41.0,74.27813720703125,1.0,41.0,2.4390243902439024,U0534,Riverine Chenopod Shrublands,riverine,41,2.5564
534.0,1992,41.0,81.2008285522461,28.0,41.0,68.29268292682927,U0534,Riverine Chenopod Shrublands,riverine,41,2.5564
534.0,1993,41.0,84.36943817138672,41.0,41.0,100.0,U0534,Riverine Chenopod Shrublands,riverine,41,2.5564
534.0,1994,41.0,73.08142852783203,0.0,41.0,0.0,U0534,Riverine Chenopod Shrublands,riverine,41,2.5564
534.0,1995,41.0,83.88629913330078,1.0,41.0,2.4390243902439024,U0534,Riverine Chenopod Shrublands,riverine,41,2.5564
534.0,1996,41.0,72.6776123046875,0.0,41.0,0.0,U0534,Riverine Chenopod Shrublands,riverine,41,2.5564
534.0,1997,41.0,75.03642272949219,0.0,41.0,0.0,U0534,Riverine Chenopod Shrublands,riverine,41,2.5564
534.0,1998,41.0,65.61455535888672,3.0,41.0,7.317073170731708,U0534,Riverine Chenopod Shrublands,riverine,41,2.5564
534.0,1999,41.0,79.60001373291016,2.0,41.0,4.878048780487805,U0534,Riverine Chenopod Shrublands,riverine,41,2.5564
534.0,2000,41.0,78.04969024658203,1.0,41.0,2.4390243902439024,U0534,Riverine Chenopod Shrublands,riverine,41,2.5564
534.0,2001,41.0,71.75345611572266,0.0,41.0,0.0,U0534,Riverine Chenopod Shrublands,riverine,41,2.5564
534.0,2002,41.0,65.69363403320312,6.0,41.0,14.634146341463415,U0534,Riverine Chenopod Shrublands,riverine,41,2.5564
534.0,2003,41.0,77.0760726928711,0.0,41.0,0.0,U0534,Riverine Chenopod Shrublands,riverine,41,2.5564
534.0,2004,41.0,71.97179412841797,0.0,41.0,0.0,U0534,Riverine Chenopod Shrublands,riverine,41,2.5564
534.0,2005,41.0,80.56965637207031,5.0,41.0,12.195121951219512,U0534,Riverine Chenopod Shrublands,riverine,41,2.5564
534.0,2006,41.0,71.01905059814453,0.0,41.0,0.0,U0534,Riverine Chenopod Shrublands,riverine,41,2.5564
534.0,2007,41.0,67.1590805053711,0.0,41.0,0.0,U0534,Riverine Chenopod Shrublands,riverine,41,2.5564
534.0,2008,41.0,49.990760803222656,0.0,41.0,0.0,U0534,Riverine Chenopod Shrublands,riverine,41,2.5564
534.0,2009,41.0,65.52035522460938,0.0,41.0,0.0,U0534,Riverine Chenopod Shrublands,riverine,41,2.5564
534.0,2010,41.0,81.51226806640625,35.0,41.0,85.36585365853658,U0534,Riverine Chenopod Shrublands,riverine,41,2.5564
534.0,2011,41.0,84.04975891113281,36.0,41.0,87.8048780487805,U0534,Riverine Chenopod Shrublands,riverine,41,2.5564
534.0,2012,41.0,80.24540710449219,4.0,41.0,9.75609756097561,U0534,Riverine Chenopod Shrublands,riverine,41,2.5564
534.0,2013,41.0,80.19241333007812,6.0,41.0,14.634146341463415,U0534,Riverine Chenopod Shrublands,riverine,41,2.5564
534.0,2014,41.0,72.79454040527344,0.0,41.0,0.0,U0534,Riverine Chenopod Shrublands,riverine,41,2.5564
534.0,2015,41.0,75.00679016113281,0.0,41.0,0.0,U0534,Riverine Chenopod Shrublands,riverine,41,2.5564
534.0,2016,41.0,81.33851623535156,41.0,41.0,100.0,U0534,Riverine Chenopod Shrublands,riverine,41,2.5564
534.0,2017,41.0,77.10189819335938,0.0,41.0,0.0,U0534,Riverine Chenopod Shrublands,riverine,41,2.5564
534.0,2018,41.0,68.4704360961914,3.0,41.0,7.317073170731708,U0534,Riverine Chenopod Shrublands,riverine,41,2.5564
534.0,2019,41.0,66.6047592163086,0.0,41.0,0.0,U0534,Riverine Chenopod Shrublands,riverine,41,2.5564
534.0,2020,41.0,70.88774871826172,7.0,41.0,17.073170731707318,U0534,Riverine Chenopod Shrublands,riverine,41,2.5564
534.0,2021,41.0,73.52257537841797,14.0,41.0,34.146341463414636,U0534,Riverine Chenopod Shrublands,riverine,41,2.5564
534.0,2022,41.0,85.97212219238281,41.0,41.0,100.0,U0534,Riverine Chenopod Shrublands,riverine,41,2.5564
535.0,1988,287.0,79.70840377807617,0.0,287.0,0.0,U0535,Riverine Chenopod Shrublands,riverine,287,17.8949
535.0,1989,287.0,86.9021728515625,0.0,287.0,0.0,U0535,Riverine Chenopod Shrublands,riverine,287,17.8949
535.0,1990,287.0,89.64414978027344,0.0,287.0,0.0,U0535,Riverine Chenopod Shrublands,riverine,287,17.8949
535.0,1991,287.0,74.85806503295899,0.0,287.0,0.0,U0535,Riverine Chenopod Shrublands,riverine,287,17.8949
535.0,1992,287.0,72.89349670410157,0.0,287.0,0.0,U0535,Riverine Chenopod Shrublands,riverine,287,17.8949
535.0,1993,287.0,68.26636276245117,0.0,287.0,0.0,U0535,Riverine Chenopod Shrublands,riverine,287,17.8949
535.0,1994,287.0,33.052819442749026,0.0,287.0,0.0,U0535,Riverine Chenopod Shrublands,riverine,287,17.8949
535.0,1995,287.0,70.36177139282226,0.0,287.0,0.0,U0535,Riverine Chenopod Shrublands,riverine,287,17.8949
535.0,1996,287.0,57.59450759887695,0.0,287.0,0.0,U0535,Riverine Chenopod Shrublands,riverine,287,17.8949
535.0,1997,287.0,44.9360767364502,0.0,287.0,0.0,U0535,Riverine Chenopod Shrublands,riverine,287,17.8949
535.0,1998,287.0,54.845040512084964,0.0,287.0,0.0,U0535,Riverine Chenopod Shrublands,riverine,287,17.8949
535.0,1999,287.0,78.21099243164062,0.0,287.0,0.0,U0535,Riverine Chenopod Shrublands,riverine,287,17.8949
535.0,2000,287.0,78.27006454467774,0.0,287.0,0.0,U0535,Riverine Chenopod Shrublands,riverine,287,17.8949
535.0,2001,287.0,46.25524253845215,0.0,287.0,0.0,U0535,Riverine Chenopod Shrublands,riverine,287,17.8949
535.0,2002,287.0,27.244861793518066,0.0,287.0,0.0,U0535,Riverine Chenopod Shrublands,riverine,287,17.8949
535.0,2003,287.0,32.38303108215332,0.0,287.0,0.0,U0535,Riverine Chenopod Shrublands,riverine,287,17.8949
535.0,2004,287.0,32.842843246459964,0.0,287.0,0.0,U0535,Riverine Chenopod Shrublands,riverine,287,17.8949
535.0,2005,287.0,49.88157081604004,0.0,287.0,0.0,U0535,Riverine Chenopod Shrublands,riverine,287,17.8949
535.0,2006,287.0,35.26488761901855,0.0,287.0,0.0,U0535,Riverine Chenopod Shrublands,riverine,287,17.8949
535.0,2007,287.0,43.99800071716309,0.0,287.0,0.0,U0535,Riverine Chenopod Shrublands,riverine,287,17.8949
535.0,2008,287.0,16.724275398254395,0.0,287.0,0.0,U0535,Riverine Chenopod Shrublands,riverine,287,17.8949
535.0,2009,287.0,44.31926727294922,31.0,287.0,10.801393728222996,U0535,Riverine Chenopod Shrublands,riverine,287,17.8949
535.0,2010,287.0,70.29979019165039,91.0,287.0,31.70731707317073,U0535,Riverine Chenopod Shrublands,riverine,287,17.8949
535.0,2011,287.0,64.85996704101562,2.0,287.0,0.6968641114982579,U0535,Riverine Chenopod Shrublands,riverine,287,17.8949
535.0,2012,287.0,51.50473403930664,0.0,287.0,0.0,U0535,Riverine Chenopod Shrublands,riverine,287,17.8949
535.0,2013,287.0,48.479365539550784,0.0,287.0,0.0,U0535,Riverine Chenopod Shrublands,riverine,287,17.8949
535.0,2014,287.0,34.39527931213379,0.0,287.0,0.0,U0535,Riverine Chenopod Shrublands,riverine,287,17.8949
535.0,2015,287.0,59.7600341796875,0.0,287.0,0.0,U0535,Riverine Chenopod Shrublands,riverine,287,17.8949
535.0,2016,287.0,84.9058120727539,66.0,287.0,22.99651567944251,U0535,Riverine Chenopod Shrublands,riverine,287,17.8949
535.0,2017,287.0,79.96460800170898,0.0,287.0,0.0,U0535,Riverine Chenopod Shrublands,riverine,287,17.8949
535.0,2018,287.0,55.821909713745114,0.0,287.0,0.0,U0535,Riverine Chenopod Shrublands,riverine,287,17.8949
535.0,2019,287.0,54.52272033691406,0.0,287.0,0.0,U0535,Riverine Chenopod Shrublands,riverine,287,17.8949
535.0,2020,287.0,71.4133918762207,0.0,287.0,0.0,U0535,Riverine Chenopod Shrublands,riverine,287,17.8949
535.0,2021,287.0,72.62313232421874,0.0,287.0,0.0,U0535,Riverine Chenopod Shrublands,riverine,287,17.8949
535.0,2022,287.0,82.77560424804688,202.0,287.0,70.38327526132404,U0535,Riverine Chenopod Shrublands,riverine,287,17.8949
538.0,1988,18361.0,84.2483139038086,140.0,18361.0,0.7624857033930614,U0538,Riverine Chenopod Shrublands,riverine,18361,1144.8346
538.0,1989,18361.0,88.53213500976562,122.0,18361.0,0.6644518272425249,U0538,Riverine Chenopod Shrublands,riverine,18361,1144.8346
538.0,1990,18361.0,90.3824234008789,389.0,18361.0,2.118620990142149,U0538,Riverine Chenopod Shrublands,riverine,18361,1144.8346
538.0,1991,18361.0,77.65048217773438,204.0,18361.0,1.1110505963727466,U0538,Riverine Chenopod Shrublands,riverine,18361,1144.8346
538.0,1992,18361.0,77.37064361572266,379.0,18361.0,2.0641577256140735,U0538,Riverine Chenopod Shrublands,riverine,18361,1144.8346
538.0,1993,18361.0,78.18782806396484,326.0,18361.0,1.7755024236152714,U0538,Riverine Chenopod Shrublands,riverine,18361,1144.8346
538.0,1994,18361.0,32.131317138671875,0.0,18361.0,0.0,U0538,Riverine Chenopod Shrublands,riverine,18361,1144.8346
538.0,1995,18361.0,65.13237762451172,228.0,18361.0,1.2417624312401285,U0538,Riverine Chenopod Shrublands,riverine,18361,1144.8346
538.0,1996,18361.0,57.365081787109375,266.0,18361.0,1.4487228364468165,U0538,Riverine Chenopod Shrublands,riverine,18361,1144.8346
538.0,1997,18361.0,37.214637756347656,1.0,18361.0,0.005446326452807581,U0538,Riverine Chenopod Shrublands,riverine,18361,1144.8346
538.0,1998,18361.0,27.89768409729004,344.0,18361.0,1.873536299765808,U0538,Riverine Chenopod Shrublands,riverine,18361,1144.8346
538.0,1999,18361.0,56.833839416503906,266.0,18361.0,1.4487228364468165,U0538,Riverine Chenopod Shrublands,riverine,18361,1144.8346
538.0,2000,18361.0,58.16049575805664,383.0,18361.0,2.0859430314253036,U0538,Riverine Chenopod Shrublands,riverine,18361,1144.8346
538.0,2001,18361.0,38.592552185058594,0.0,18361.0,0.0,U0538,Riverine Chenopod Shrublands,riverine,18361,1144.8346
538.0,2002,18361.0,24.230117797851562,351.0,18361.0,1.911660584935461,U0538,Riverine Chenopod Shrublands,riverine,18361,1144.8346
538.0,2003,18361.0,44.362117767333984,0.0,18361.0,0.0,U0538,Riverine Chenopod Shrublands,riverine,18361,1144.8346
538.0,2004,18361.0,34.053993225097656,185.0,18361.0,1.0075703937694025,U0538,Riverine Chenopod Shrublands,riverine,18361,1144.8346
538.0,2005,18361.0,45.60799789428711,338.0,18361.0,1.8408583410489625,U0538,Riverine Chenopod Shrublands,riverine,18361,1144.8346
538.0,2006,18361.0,24.92890739440918,0.0,18361.0,0.0,U0538,Riverine Chenopod Shrublands,riverine,18361,1144.8346
538.0,2007,18361.0,33.04131317138672,112.0,18361.0,0.6099885627144491,U0538,Riverine Chenopod Shrublands,riverine,18361,1144.8346
538.0,2008,18361.0,12.94823169708252,152.0,18361.0,0.8278416208267524,U0538,Riverine Chenopod Shrublands,riverine,18361,1144.8346
538.0,2009,18361.0,35.29762649536133,1732.0,18361.0,9.433037416262732,U0538,Riverine Chenopod Shrublands,riverine,18361,1144.8346
538.0,2010,18361.0,72.90559387207031,2923.0,18361.0,15.91961222155656,U0538,Riverine Chenopod Shrublands,riverine,18361,1144.8346
538.0,2011,18361.0,76.13735961914062,4303.0,18361.0,23.435542726431024,U0538,Riverine Chenopod Shrublands,riverine,18361,1144.8346
538.0,2012,18361.0,60.98383712768555,249.0,18361.0,1.3561352867490877,U0538,Riverine Chenopod Shrublands,riverine,18361,1144.8346
538.0,2013,18361.0,48.812400817871094,307.0,18361.0,1.6720222210119275,U0538,Riverine Chenopod Shrublands,riverine,18361,1144.8346
538.0,2014,18361.0,27.3254451751709,274.0,18361.0,1.4922934480692773,U0538,Riverine Chenopod Shrublands,riverine,18361,1144.8346
538.0,2015,18361.0,53.91429901123047,243.0,18361.0,1.3234573280322421,U0538,Riverine Chenopod Shrublands,riverine,18361,1144.8346
538.0,2016,18361.0,85.37315368652344,1768.0,18361.0,9.629105168563804,U0538,Riverine Chenopod Shrublands,riverine,18361,1144.8346
538.0,2017,18361.0,79.34698486328125,42.0,18361.0,0.2287457110179184,U0538,Riverine Chenopod Shrublands,riverine,18361,1144.8346
538.0,2018,18361.0,49.255210876464844,343.0,18361.0,1.8680899733130003,U0538,Riverine Chenopod Shrublands,riverine,18361,1144.8346
538.0,2019,18361.0,53.09595489501953,3.0,18361.0,0.016338979358422743,U0538,Riverine Chenopod Shrublands,riverine,18361,1144.8346
538.0,2020,18361.0,49.25358581542969,31.0,18361.0,0.16883612003703502,U0538,Riverine Chenopod Shrublands,riverine,18361,1144.8346
538.0,2021,18361.0,59.51297378540039,596.0,18361.0,3.2460105658733185,U0538,Riverine Chenopod Shrublands,riverine,18361,1144.8346
538.0,2022,18361.0,81.85585021972656,4122.0,18361.0,22.44975763847285,U0538,Riverine Chenopod Shrublands,riverine,18361,1144.8346
544.0,1988,19916.0,86.23886489868164,485.0,19916.0,2.435227957421169,U0544,Riverine Chenopod Shrublands,riverine,19916,1241.791
544.0,1989,19916.0,82.60841178894043,1956.0,19916.0,9.821249246836715,U0544,Riverine Chenopod Shrublands,riverine,19916,1241.791
544.0,1990,19916.0,84.47635650634766,6238.0,19916.0,31.321550512151035,U0544,Riverine Chenopod Shrublands,riverine,19916,1241.791
544.0,1991,19916.0,71.43053436279297,659.0,19916.0,3.308897368949588,U0544,Riverine Chenopod Shrublands,riverine,19916,1241.791
544.0,1992,19916.0,78.93150520324707,1741.0,19916.0,8.741715203856195,U0544,Riverine Chenopod Shrublands,riverine,19916,1241.791
544.0,1993,19916.0,74.58773422241211,1257.0,19916.0,6.311508335007029,U0544,Riverine Chenopod Shrublands,riverine,19916,1241.791
544.0,1994,19916.0,50.10609817504883,2.0,19916.0,0.01004217714400482,U0544,Riverine Chenopod Shrublands,riverine,19916,1241.791
544.0,1995,19916.0,69.7264404296875,681.0,19916.0,3.4193613175336415,U0544,Riverine Chenopod Shrublands,riverine,19916,1241.791
544.0,1996,19916.0,60.60257339477539,907.0,19916.0,4.554127334806186,U0544,Riverine Chenopod Shrublands,riverine,19916,1241.791
544.0,1997,19916.0,49.72924995422363,13.0,19916.0,0.06527415143603134,U0544,Riverine Chenopod Shrublands,riverine,19916,1241.791
544.0,1998,19916.0,49.66535186767578,96.0,19916.0,0.48202450291223137,U0544,Riverine Chenopod Shrublands,riverine,19916,1241.791
544.0,1999,19916.0,71.36105537414551,104.0,19916.0,0.5221932114882507,U0544,Riverine Chenopod Shrublands,riverine,19916,1241.791
544.0,2000,19916.0,74.53045654296875,212.0,19916.0,1.064470777264511,U0544,Riverine Chenopod Shrublands,riverine,19916,1241.791
544.0,2001,19916.0,66.81928062438965,63.0,19916.0,0.31632858003615183,U0544,Riverine Chenopod Shrublands,riverine,19916,1241.791
544.0,2002,19916.0,44.00428581237793,185.0,19916.0,0.9289013858204459,U0544,Riverine Chenopod Shrublands,riverine,19916,1241.791
544.0,2003,19916.0,59.37092876434326,42.0,19916.0,0.21088572002410122,U0544,Riverine Chenopod Shrublands,riverine,19916,1241.791
544.0,2004,19916.0,65.19365501403809,113.0,19916.0,0.5673830086362723,U0544,Riverine Chenopod Shrublands,riverine,19916,1241.791
544.0,2005,19916.0,70.74736022949219,611.0,19916.0,3.0678851174934727,U0544,Riverine Chenopod Shrublands,riverine,19916,1241.791
544.0,2006,19916.0,51.186336517333984,0.0,19916.0,0.0,U0544,Riverine Chenopod Shrublands,riverine,19916,1241.791
544.0,2007,19916.0,43.40408229827881,24.0,19916.0,0.12050612572805784,U0544,Riverine Chenopod Shrublands,riverine,19916,1241.791
544.0,2008,19916.0,13.070291996002197,124.0,19916.0,0.6226149829282989,U0544,Riverine Chenopod Shrublands,riverine,19916,1241.791
544.0,2009,19916.0,43.95786476135254,1403.0,19916.0,7.044587266519382,U0544,Riverine Chenopod Shrublands,riverine,19916,1241.791
544.0,2010,19916.0,78.55691528320312,9255.0,19916.0,46.4701747338823,U0544,Riverine Chenopod Shrublands,riverine,19916,1241.791
544.0,2011,19916.0,79.63408660888672,6013.0,19916.0,30.191805583450492,U0544,Riverine Chenopod Shrublands,riverine,19916,1241.791
544.0,2012,19916.0,71.93098449707031,2262.0,19916.0,11.357702349869452,U0544,Riverine Chenopod Shrublands,riverine,19916,1241.791
544.0,2013,19916.0,70.067138671875,3090.0,19916.0,15.515163687487448,U0544,Riverine Chenopod Shrublands,riverine,19916,1241.791
544.0,2014,19916.0,53.80399036407471,2529.0,19916.0,12.698332998594095,U0544,Riverine Chenopod Shrublands,riverine,19916,1241.791
544.0,2015,19916.0,66.36551856994629,167.0,19916.0,0.8385217915244025,U0544,Riverine Chenopod Shrublands,riverine,19916,1241.791
544.0,2016,19916.0,88.81454086303711,10156.0,19916.0,50.994175537256474,U0544,Riverine Chenopod Shrublands,riverine,19916,1241.791
544.0,2017,19916.0,81.66168403625488,13.0,19916.0,0.06527415143603134,U0544,Riverine Chenopod Shrublands,riverine,19916,1241.791
544.0,2018,19916.0,53.33280277252197,156.0,19916.0,0.783289817232376,U0544,Riverine Chenopod Shrublands,riverine,19916,1241.791
544.0,2019,19916.0,50.679938316345215,2.0,19916.0,0.01004217714400482,U0544,Riverine Chenopod Shrublands,riverine,19916,1241.791
544.0,2020,19916.0,57.49433422088623,31.0,19916.0,0.15565374573207472,U0544,Riverine Chenopod Shrublands,riverine,19916,1241.791
544.0,2021,19916.0,64.4776668548584,3117.0,19916.0,15.650733078931513,U0544,Riverine Chenopod Shrublands,riverine,19916,1241.791
544.0,2022,19916.0,78.73341178894043,14211.0,19916.0,71.35468969672625,U0544,Riverine Chenopod Shrublands,riverine,19916,1241.791
547.0,1988,294.0,74.42602653503418,54.0,294.0,18.367346938775512,U0547,Riverine Chenopod Shrublands,riverine,294,18.3313
547.0,1989,294.0,66.91486167907715,196.0,294.0,66.66666666666667,U0547,Riverine Chenopod Shrublands,riverine,294,18.3313
547.0,1990,294.0,66.07091445922852,118.0,294.0,40.136054421768705,U0547,Riverine Chenopod Shrublands,riverine,294,18.3313
547.0,1991,264.0,64.00952854156495,233.0,294.0,79.25170068027211,U0547,Riverine Chenopod Shrublands,riverine,294,18.3313
547.0,1992,294.0,58.59950714111328,236.0,294.0,80.27210884353741,U0547,Riverine Chenopod Shrublands,riverine,294,18.3313
547.0,1993,294.0,56.61582908630371,241.0,294.0,81.97278911564626,U0547,Riverine Chenopod Shrublands,riverine,294,18.3313
547.0,1994,294.0,39.16692333221435,0.0,294.0,0.0,U0547,Riverine Chenopod Shrublands,riverine,294,18.3313
547.0,1995,294.0,72.19658317565919,135.0,294.0,45.91836734693877,U0547,Riverine Chenopod Shrublands,riverine,294,18.3313
547.0,1996,294.0,63.129811477661136,262.0,294.0,89.1156462585034,U0547,Riverine Chenopod Shrublands,riverine,294,18.3313
547.0,1997,294.0,53.53123378753662,0.0,294.0,0.0,U0547,Riverine Chenopod Shrublands,riverine,294,18.3313
547.0,1998,294.0,46.458920097351076,185.0,294.0,62.925170068027214,U0547,Riverine Chenopod Shrublands,riverine,294,18.3313
547.0,1999,294.0,54.4977367401123,73.0,294.0,24.829931972789115,U0547,Riverine Chenopod Shrublands,riverine,294,18.3313
547.0,2000,294.0,66.06275177001953,83.0,294.0,28.231292517006803,U0547,Riverine Chenopod Shrublands,riverine,294,18.3313
547.0,2001,294.0,58.61729984283447,0.0,294.0,0.0,U0547,Riverine Chenopod Shrublands,riverine,294,18.3313
547.0,2002,294.0,54.797244453430174,111.0,294.0,37.755102040816325,U0547,Riverine Chenopod Shrublands,riverine,294,18.3313
547.0,2003,294.0,53.9115047454834,0.0,294.0,0.0,U0547,Riverine Chenopod Shrublands,riverine,294,18.3313
547.0,2004,294.0,55.58050384521484,9.0,294.0,3.061224489795918,U0547,Riverine Chenopod Shrublands,riverine,294,18.3313
547.0,2005,294.0,58.80751476287842,199.0,294.0,67.68707482993197,U0547,Riverine Chenopod Shrublands,riverine,294,18.3313
547.0,2006,294.0,52.76521053314209,0.0,294.0,0.0,U0547,Riverine Chenopod Shrublands,riverine,294,18.3313
547.0,2007,294.0,48.534401512146,0.0,294.0,0.0,U0547,Riverine Chenopod Shrublands,riverine,294,18.3313
547.0,2008,294.0,35.277109909057614,108.0,294.0,36.734693877551024,U0547,Riverine Chenopod Shrublands,riverine,294,18.3313
547.0,2009,294.0,45.116041374206546,44.0,294.0,14.965986394557824,U0547,Riverine Chenopod Shrublands,riverine,294,18.3313
547.0,2010,294.0,54.375204467773436,154.0,294.0,52.38095238095238,U0547,Riverine Chenopod Shrublands,riverine,294,18.3313
547.0,2011,294.0,61.11930332183838,136.0,294.0,46.25850340136054,U0547,Riverine Chenopod Shrublands,riverine,294,18.3313
547.0,2012,294.0,66.88892974853516,60.0,294.0,20.408163265306122,U0547,Riverine Chenopod Shrublands,riverine,294,18.3313
547.0,2013,294.0,57.21122570037842,121.0,294.0,41.156462585034014,U0547,Riverine Chenopod Shrublands,riverine,294,18.3313
547.0,2014,294.0,53.20410270690918,121.0,294.0,41.156462585034014,U0547,Riverine Chenopod Shrublands,riverine,294,18.3313
547.0,2015,294.0,52.67740097045898,103.0,294.0,35.034013605442176,U0547,Riverine Chenopod Shrublands,riverine,294,18.3313
547.0,2016,294.0,60.17889633178711,236.0,294.0,80.27210884353741,U0547,Riverine Chenopod Shrublands,riverine,294,18.3313
547.0,2017,294.0,59.07507667541504,88.0,294.0,29.931972789115648,U0547,Riverine Chenopod Shrublands,riverine,294,18.3313
547.0,2018,294.0,49.214312362670896,80.0,294.0,27.210884353741495,U0547,Riverine Chenopod Shrublands,riverine,294,18.3313
547.0,2019,294.0,44.92875003814697,63.0,294.0,21.428571428571427,U0547,Riverine Chenopod Shrublands,riverine,294,18.3313
547.0,2020,294.0,45.487081146240236,132.0,294.0,44.89795918367347,U0547,Riverine Chenopod Shrublands,riverine,294,18.3313
547.0,2021,294.0,47.47629661560059,195.0,294.0,66.3265306122449,U0547,Riverine Chenopod Shrublands,riverine,294,18.3313
547.0,2022,294.0,54.5788480758667,276.0,294.0,93.87755102040816,U0547,Riverine Chenopod Shrublands,riverine,294,18.3313
554.0,1988,130.0,84.10530853271484,65.0,130.0,50.0,U0554,Riverine Chenopod Shrublands,riverine,130,8.1057
554.0,1989,130.0,76.92436752319335,113.0,130.0,86.92307692307692,U0554,Riverine Chenopod Shrublands,riverine,130,8.1057
554.0,1990,130.0,75.41142463684082,13.0,130.0,10.0,U0554,Riverine Chenopod Shrublands,riverine,130,8.1057
554.0,1991,130.0,78.06396446228027,130.0,130.0,100.0,U0554,Riverine Chenopod Shrublands,riverine,130,8.1057
554.0,1992,130.0,70.75072212219239,63.0,130.0,48.46153846153846,U0554,Riverine Chenopod Shrublands,riverine,130,8.1057
554.0,1993,130.0,66.26672477722168,60.0,130.0,46.15384615384615,U0554,Riverine Chenopod Shrublands,riverine,130,8.1057
554.0,1994,130.0,67.16480407714843,0.0,130.0,0.0,U0554,Riverine Chenopod Shrublands,riverine,130,8.1057
554.0,1995,130.0,79.6499237060547,56.0,130.0,43.07692307692308,U0554,Riverine Chenopod Shrublands,riverine,130,8.1057
554.0,1996,130.0,65.57751998901367,64.0,130.0,49.23076923076923,U0554,Riverine Chenopod Shrublands,riverine,130,8.1057
554.0,1997,130.0,52.633455467224124,0.0,130.0,0.0,U0554,Riverine Chenopod Shrublands,riverine,130,8.1057
554.0,1998,130.0,49.87267169952393,47.0,130.0,36.15384615384615,U0554,Riverine Chenopod Shrublands,riverine,130,8.1057
554.0,1999,130.0,60.889770698547366,0.0,130.0,0.0,U0554,Riverine Chenopod Shrublands,riverine,130,8.1057
554.0,2000,130.0,67.13332481384278,13.0,130.0,10.0,U0554,Riverine Chenopod Shrublands,riverine,130,8.1057
554.0,2001,130.0,60.54658813476563,0.0,130.0,0.0,U0554,Riverine Chenopod Shrublands,riverine,130,8.1057
554.0,2002,130.0,57.29642448425293,21.0,130.0,16.153846153846153,U0554,Riverine Chenopod Shrublands,riverine,130,8.1057
554.0,2003,130.0,56.466033363342284,2.0,130.0,1.5384615384615385,U0554,Riverine Chenopod Shrublands,riverine,130,8.1057
554.0,2004,130.0,62.07741298675537,2.0,130.0,1.5384615384615385,U0554,Riverine Chenopod Shrublands,riverine,130,8.1057
554.0,2005,130.0,63.637688064575194,57.0,130.0,43.84615384615385,U0554,Riverine Chenopod Shrublands,riverine,130,8.1057
554.0,2006,130.0,56.227870559692384,0.0,130.0,0.0,U0554,Riverine Chenopod Shrublands,riverine,130,8.1057
554.0,2007,130.0,49.69532928466797,0.0,130.0,0.0,U0554,Riverine Chenopod Shrublands,riverine,130,8.1057
554.0,2008,130.0,29.28218584060669,50.0,130.0,38.46153846153846,U0554,Riverine Chenopod Shrublands,riverine,130,8.1057
554.0,2009,130.0,49.45326328277588,4.0,130.0,3.076923076923077,U0554,Riverine Chenopod Shrublands,riverine,130,8.1057
554.0,2010,130.0,60.468888664245604,72.0,130.0,55.38461538461539,U0554,Riverine Chenopod Shrublands,riverine,130,8.1057
554.0,2011,130.0,67.96882934570313,34.0,130.0,26.153846153846153,U0554,Riverine Chenopod Shrublands,riverine,130,8.1057
554.0,2012,130.0,70.23498229980468,37.0,130.0,28.46153846153846,U0554,Riverine Chenopod Shrublands,riverine,130,8.1057
554.0,2013,130.0,61.01841983795166,100.0,130.0,76.92307692307692,U0554,Riverine Chenopod Shrublands,riverine,130,8.1057
554.0,2014,130.0,58.157743263244626,104.0,130.0,80.0,U0554,Riverine Chenopod Shrublands,riverine,130,8.1057
554.0,2015,130.0,56.329942512512204,42.0,130.0,32.30769230769231,U0554,Riverine Chenopod Shrublands,riverine,130,8.1057
554.0,2016,130.0,68.15288619995117,109.0,130.0,83.84615384615384,U0554,Riverine Chenopod Shrublands,riverine,130,8.1057
554.0,2017,130.0,67.33566741943359,13.0,130.0,10.0,U0554,Riverine Chenopod Shrublands,riverine,130,8.1057
554.0,2018,130.0,55.35551795959473,18.0,130.0,13.846153846153847,U0554,Riverine Chenopod Shrublands,riverine,130,8.1057
554.0,2019,130.0,55.55964260101318,26.0,130.0,20.0,U0554,Riverine Chenopod Shrublands,riverine,130,8.1057
554.0,2020,130.0,53.98244724273682,46.0,130.0,35.38461538461539,U0554,Riverine Chenopod Shrublands,riverine,130,8.1057
554.0,2021,130.0,51.68305625915527,72.0,130.0,55.38461538461539,U0554,Riverine Chenopod Shrublands,riverine,130,8.1057
554.0,2022,130.0,60.894982719421385,130.0,130.0,100.0,U0554,Riverine Chenopod Shrublands,riverine,130,8.1057
562.0,1988,64.0,91.60876502990723,64.0,64.0,100.0,U0562,Riverine Chenopod Shrublands,riverine,64,3.9905
562.0,1989,64.0,93.14200439453126,64.0,64.0,100.0,U0562,Riverine Chenopod Shrublands,riverine,64,3.9905
562.0,1990,64.0,91.30676383972168,64.0,64.0,100.0,U0562,Riverine Chenopod Shrublands,riverine,64,3.9905
562.0,1992,64.0,84.65353927612304,34.0,64.0,53.125,U0562,Riverine Chenopod Shrublands,riverine,64,3.9905
562.0,1993,64.0,86.96326217651367,61.0,64.0,95.3125,U0562,Riverine Chenopod Shrublands,riverine,64,3.9905
562.0,1994,64.0,81.92531394958496,0.0,64.0,0.0,U0562,Riverine Chenopod Shrublands,riverine,64,3.9905
562.0,1995,64.0,88.68404579162598,64.0,64.0,100.0,U0562,Riverine Chenopod Shrublands,riverine,64,3.9905
562.0,1996,64.0,81.37349128723145,18.0,64.0,28.125,U0562,Riverine Chenopod Shrublands,riverine,64,3.9905
562.0,1997,64.0,82.34176101684571,0.0,64.0,0.0,U0562,Riverine Chenopod Shrublands,riverine,64,3.9905
562.0,1998,64.0,85.1114486694336,64.0,64.0,100.0,U0562,Riverine Chenopod Shrublands,riverine,64,3.9905
562.0,1999,64.0,90.82784042358398,0.0,64.0,0.0,U0562,Riverine Chenopod Shrublands,riverine,64,3.9905
562.0,2000,64.0,83.03133850097656,5.0,64.0,7.8125,U0562,Riverine Chenopod Shrublands,riverine,64,3.9905
562.0,2001,64.0,79.51814002990723,0.0,64.0,0.0,U0562,Riverine Chenopod Shrublands,riverine,64,3.9905
562.0,2002,64.0,79.13639297485352,0.0,64.0,0.0,U0562,Riverine Chenopod Shrublands,riverine,64,3.9905
562.0,2003,64.0,79.9770622253418,0.0,64.0,0.0,U0562,Riverine Chenopod Shrublands,riverine,64,3.9905
562.0,2004,64.0,81.50864486694336,0.0,64.0,0.0,U0562,Riverine Chenopod Shrublands,riverine,64,3.9905
562.0,2005,64.0,81.5808650970459,21.0,64.0,32.8125,U0562,Riverine Chenopod Shrublands,riverine,64,3.9905
562.0,2006,64.0,79.25406951904297,0.0,64.0,0.0,U0562,Riverine Chenopod Shrublands,riverine,64,3.9905
562.0,2007,64.0,71.60092544555664,0.0,64.0,0.0,U0562,Riverine Chenopod Shrublands,riverine,64,3.9905
562.0,2008,64.0,67.5408863067627,0.0,64.0,0.0,U0562,Riverine Chenopod Shrublands,riverine,64,3.9905
562.0,2009,64.0,69.66090354919433,0.0,64.0,0.0,U0562,Riverine Chenopod Shrublands,riverine,64,3.9905
562.0,2010,64.0,84.51265296936035,64.0,64.0,100.0,U0562,Riverine Chenopod Shrublands,riverine,64,3.9905
562.0,2011,64.0,86.35116729736328,32.0,64.0,50.0,U0562,Riverine Chenopod Shrublands,riverine,64,3.9905
562.0,2012,64.0,84.41628646850586,0.0,64.0,0.0,U0562,Riverine Chenopod Shrublands,riverine,64,3.9905
562.0,2013,64.0,80.1513885498047,0.0,64.0,0.0,U0562,Riverine Chenopod Shrublands,riverine,64,3.9905
562.0,2014,64.0,77.57081031799316,0.0,64.0,0.0,U0562,Riverine Chenopod Shrublands,riverine,64,3.9905
562.0,2015,64.0,81.81197738647461,0.0,64.0,0.0,U0562,Riverine Chenopod Shrublands,riverine,64,3.9905
562.0,2016,64.0,83.97927513122559,64.0,64.0,100.0,U0562,Riverine Chenopod Shrublands,riverine,64,3.9905
562.0,2017,64.0,82.7820945739746,35.0,64.0,54.6875,U0562,Riverine Chenopod Shrublands,riverine,64,3.9905
562.0,2018,64.0,75.63993797302246,22.0,64.0,34.375,U0562,Riverine Chenopod Shrublands,riverine,64,3.9905
562.0,2019,64.0,83.70331993103028,0.0,64.0,0.0,U0562,Riverine Chenopod Shrublands,riverine,64,3.9905
562.0,2020,64.0,80.69581565856933,0.0,64.0,0.0,U0562,Riverine Chenopod Shrublands,riverine,64,3.9905
562.0,2021,64.0,79.41553077697753,64.0,64.0,100.0,U0562,Riverine Chenopod Shrublands,riverine,64,3.9905
562.0,2022,60.0,79.22313804626465,64.0,64.0,100.0,U0562,Riverine Chenopod Shrublands,riverine,64,3.9905
563.0,1988,503.0,87.1836181640625,214.0,503.0,42.54473161033797,U0563,Riverine Chenopod Shrublands,riverine,503,31.3628
563.0,1989,503.0,81.5319953918457,490.0,503.0,97.4155069582505,U0563,Riverine Chenopod Shrublands,riverine,503,31.3628
563.0,1990,503.0,89.2534309387207,453.0,503.0,90.0596421471173,U0563,Riverine Chenopod Shrublands,riverine,503,31.3628
563.0,1991,241.0,73.8792495727539,366.0,503.0,72.76341948310139,U0563,Riverine Chenopod Shrublands,riverine,503,31.3628
563.0,1992,503.0,76.69038467407226,323.0,503.0,64.21471172962227,U0563,Riverine Chenopod Shrublands,riverine,503,31.3628
563.0,1993,503.0,77.12182083129883,296.0,503.0,58.84691848906561,U0563,Riverine Chenopod Shrublands,riverine,503,31.3628
563.0,1994,503.0,73.13008880615234,0.0,503.0,0.0,U0563,Riverine Chenopod Shrublands,riverine,503,31.3628
563.0,1995,503.0,81.2043357849121,189.0,503.0,37.57455268389662,U0563,Riverine Chenopod Shrublands,riverine,503,31.3628
563.0,1996,503.0,71.63214645385742,100.0,503.0,19.880715705765407,U0563,Riverine Chenopod Shrublands,riverine,503,31.3628
563.0,1997,503.0,62.09272003173828,0.0,503.0,0.0,U0563,Riverine Chenopod Shrublands,riverine,503,31.3628
563.0,1998,503.0,56.583264923095705,422.0,503.0,83.89662027833002,U0563,Riverine Chenopod Shrublands,riverine,503,31.3628
563.0,1999,503.0,64.59299774169922,113.0,503.0,22.46520874751491,U0563,Riverine Chenopod Shrublands,riverine,503,31.3628
563.0,2000,503.0,68.0608283996582,155.0,503.0,30.81510934393638,U0563,Riverine Chenopod Shrublands,riverine,503,31.3628
563.0,2001,503.0,68.87030944824218,0.0,503.0,0.0,U0563,Riverine Chenopod Shrublands,riverine,503,31.3628
563.0,2002,503.0,63.449161529541016,260.0,503.0,51.68986083499006,U0563,Riverine Chenopod Shrublands,riverine,503,31.3628
563.0,2003,503.0,60.29259262084961,0.0,503.0,0.0,U0563,Riverine Chenopod Shrublands,riverine,503,31.3628
563.0,2004,503.0,64.13704833984374,66.0,503.0,13.121272365805169,U0563,Riverine Chenopod Shrublands,riverine,503,31.3628
563.0,2005,503.0,69.21252746582032,318.0,503.0,63.220675944334,U0563,Riverine Chenopod Shrublands,riverine,503,31.3628
563.0,2006,503.0,64.70164031982422,0.0,503.0,0.0,U0563,Riverine Chenopod Shrublands,riverine,503,31.3628
563.0,2007,503.0,52.18653450012207,0.0,503.0,0.0,U0563,Riverine Chenopod Shrublands,riverine,503,31.3628
563.0,2008,503.0,35.73202247619629,45.0,503.0,8.946322067594433,U0563,Riverine Chenopod Shrublands,riverine,503,31.3628
563.0,2009,503.0,51.16948890686035,149.0,503.0,29.62226640159046,U0563,Riverine Chenopod Shrublands,riverine,503,31.3628
563.0,2010,503.0,67.7678237915039,498.0,503.0,99.00596421471172,U0563,Riverine Chenopod Shrublands,riverine,503,31.3628
563.0,2011,503.0,71.61533889770507,372.0,503.0,73.95626242544732,U0563,Riverine Chenopod Shrublands,riverine,503,31.3628
563.0,2012,503.0,77.92445220947266,93.0,503.0,18.48906560636183,U0563,Riverine Chenopod Shrublands,riverine,503,31.3628
563.0,2013,503.0,67.15825729370117,226.0,503.0,44.93041749502982,U0563,Riverine Chenopod Shrublands,riverine,503,31.3628
563.0,2014,503.0,63.21593704223633,128.0,503.0,25.447316103379723,U0563,Riverine Chenopod Shrublands,riverine,503,31.3628
563.0,2015,503.0,67.7903205871582,155.0,503.0,30.81510934393638,U0563,Riverine Chenopod Shrublands,riverine,503,31.3628
563.0,2016,503.0,73.23364639282227,503.0,503.0,100.0,U0563,Riverine Chenopod Shrublands,riverine,503,31.3628
563.0,2017,503.0,72.801953125,139.0,503.0,27.634194831013918,U0563,Riverine Chenopod Shrublands,riverine,503,31.3628
563.0,2018,503.0,61.78648567199707,281.0,503.0,55.864811133200796,U0563,Riverine Chenopod Shrublands,riverine,503,31.3628
563.0,2019,503.0,68.45317001342774,2.0,503.0,0.3976143141153082,U0563,Riverine Chenopod Shrublands,riverine,503,31.3628
563.0,2020,503.0,68.79618759155274,0.0,503.0,0.0,U0563,Riverine Chenopod Shrublands,riverine,503,31.3628
563.0,2021,503.0,65.39233016967773,403.0,503.0,80.11928429423459,U0563,Riverine Chenopod Shrublands,riverine,503,31.3628
563.0,2022,503.0,71.20444412231446,503.0,503.0,100.0,U0563,Riverine Chenopod Shrublands,riverine,503,31.3628
571.0,1988,1851.0,80.07870864868164,37.0,1851.0,1.998919502971367,U0571,Riverine Chenopod Shrublands,riverine,1851,115.4125
571.0,1989,1851.0,82.8629264831543,782.0,1851.0,42.247433819556996,U0571,Riverine Chenopod Shrublands,riverine,1851,115.4125
571.0,1990,1851.0,62.95712089538574,26.0,1851.0,1.4046461372231227,U0571,Riverine Chenopod Shrublands,riverine,1851,115.4125
571.0,1991,1850.0,70.13122062683105,1204.0,1851.0,65.04592112371691,U0571,Riverine Chenopod Shrublands,riverine,1851,115.4125
571.0,1992,1851.0,73.56242752075195,745.0,1851.0,40.24851431658563,U0571,Riverine Chenopod Shrublands,riverine,1851,115.4125
571.0,1993,1851.0,74.45389175415039,1242.0,1851.0,67.09886547811993,U0571,Riverine Chenopod Shrublands,riverine,1851,115.4125
571.0,1994,1851.0,59.9826545715332,0.0,1851.0,0.0,U0571,Riverine Chenopod Shrublands,riverine,1851,115.4125
571.0,1995,1851.0,61.03469657897949,1.0,1851.0,0.05402485143165856,U0571,Riverine Chenopod Shrublands,riverine,1851,115.4125
571.0,1996,1851.0,32.23550796508789,0.0,1851.0,0.0,U0571,Riverine Chenopod Shrublands,riverine,1851,115.4125
571.0,1997,1851.0,53.42435646057129,3.0,1851.0,0.1620745542949757,U0571,Riverine Chenopod Shrublands,riverine,1851,115.4125
571.0,1998,1851.0,74.17480850219727,237.0,1851.0,12.80388978930308,U0571,Riverine Chenopod Shrublands,riverine,1851,115.4125
571.0,1999,1851.0,76.79093551635742,9.0,1851.0,0.4862236628849271,U0571,Riverine Chenopod Shrublands,riverine,1851,115.4125
571.0,2000,1851.0,62.41636085510254,229.0,1851.0,12.371690977849811,U0571,Riverine Chenopod Shrublands,riverine,1851,115.4125
571.0,2001,1851.0,76.3867073059082,0.0,1851.0,0.0,U0571,Riverine Chenopod Shrublands,riverine,1851,115.4125
571.0,2002,1851.0,75.40375137329102,116.0,1851.0,6.266882766072393,U0571,Riverine Chenopod Shrublands,riverine,1851,115.4125
571.0,2003,1851.0,75.06955337524414,0.0,1851.0,0.0,U0571,Riverine Chenopod Shrublands,riverine,1851,115.4125
571.0,2004,1851.0,74.2310791015625,127.0,1851.0,6.861156131820637,U0571,Riverine Chenopod Shrublands,riverine,1851,115.4125
571.0,2005,1851.0,78.11109924316406,144.0,1851.0,7.779578606158833,U0571,Riverine Chenopod Shrublands,riverine,1851,115.4125
571.0,2006,1851.0,65.19483947753906,0.0,1851.0,0.0,U0571,Riverine Chenopod Shrublands,riverine,1851,115.4125
571.0,2007,1851.0,64.5575942993164,0.0,1851.0,0.0,U0571,Riverine Chenopod Shrublands,riverine,1851,115.4125
571.0,2008,1851.0,52.93111038208008,2.0,1851.0,0.10804970286331712,U0571,Riverine Chenopod Shrublands,riverine,1851,115.4125
571.0,2009,1851.0,58.55129051208496,4.0,1851.0,0.21609940572663425,U0571,Riverine Chenopod Shrublands,riverine,1851,115.4125
571.0,2010,1851.0,74.63652038574219,46.0,1851.0,2.485143165856294,U0571,Riverine Chenopod Shrublands,riverine,1851,115.4125
571.0,2011,1851.0,79.04086685180664,0.0,1851.0,0.0,U0571,Riverine Chenopod Shrublands,riverine,1851,115.4125
571.0,2012,1851.0,81.20585632324219,0.0,1851.0,0.0,U0571,Riverine Chenopod Shrublands,riverine,1851,115.4125
571.0,2013,1851.0,77.39425659179688,0.0,1851.0,0.0,U0571,Riverine Chenopod Shrublands,riverine,1851,115.4125
571.0,2014,1851.0,71.56146621704102,0.0,1851.0,0.0,U0571,Riverine Chenopod Shrublands,riverine,1851,115.4125
571.0,2015,1851.0,68.78022766113281,0.0,1851.0,0.0,U0571,Riverine Chenopod Shrublands,riverine,1851,115.4125
571.0,2016,1851.0,75.51270294189453,1851.0,1851.0,100.0,U0571,Riverine Chenopod Shrublands,riverine,1851,115.4125
571.0,2017,1851.0,76.16571807861328,540.0,1851.0,29.173419773095624,U0571,Riverine Chenopod Shrublands,riverine,1851,115.4125
571.0,2018,1851.0,74.93725204467773,7.0,1851.0,0.37817396002160997,U0571,Riverine Chenopod Shrublands,riverine,1851,115.4125
571.0,2019,1851.0,66.7673568725586,0.0,1851.0,0.0,U0571,Riverine Chenopod Shrublands,riverine,1851,115.4125
571.0,2020,1851.0,76.33263778686523,1850.0,1851.0,99.94597514856834,U0571,Riverine Chenopod Shrublands,riverine,1851,115.4125
571.0,2021,1851.0,81.33258438110352,1841.0,1851.0,99.45975148568341,U0571,Riverine Chenopod Shrublands,riverine,1851,115.4125
571.0,2022,1851.0,90.51414489746094,1851.0,1851.0,100.0,U0571,Riverine Chenopod Shrublands,riverine,1851,115.4125
573.0,1988,84.0,91.82041397094727,74.0,84.0,88.0952380952381,U0573,Riverine Chenopod Shrublands,riverine,84,5.2375
573.0,1989,84.0,91.8672061920166,84.0,84.0,100.0,U0573,Riverine Chenopod Shrublands,riverine,84,5.2375
573.0,1990,84.0,90.77283782958985,84.0,84.0,100.0,U0573,Riverine Chenopod Shrublands,riverine,84,5.2375
573.0,1992,84.0,84.75327415466309,10.0,84.0,11.904761904761905,U0573,Riverine Chenopod Shrublands,riverine,84,5.2375
573.0,1993,84.0,84.92633743286133,83.0,84.0,98.80952380952381,U0573,Riverine Chenopod Shrublands,riverine,84,5.2375
573.0,1994,84.0,81.77720565795899,0.0,84.0,0.0,U0573,Riverine Chenopod Shrublands,riverine,84,5.2375
573.0,1995,84.0,91.35989112854004,15.0,84.0,17.857142857142858,U0573,Riverine Chenopod Shrublands,riverine,84,5.2375
573.0,1996,84.0,82.26509475708008,0.0,84.0,0.0,U0573,Riverine Chenopod Shrublands,riverine,84,5.2375
573.0,1997,84.0,85.23859901428223,0.0,84.0,0.0,U0573,Riverine Chenopod Shrublands,riverine,84,5.2375
573.0,1998,84.0,83.98425674438477,84.0,84.0,100.0,U0573,Riverine Chenopod Shrublands,riverine,84,5.2375
573.0,1999,84.0,89.17453994750977,0.0,84.0,0.0,U0573,Riverine Chenopod Shrublands,riverine,84,5.2375
573.0,2000,84.0,81.78126029968261,0.0,84.0,0.0,U0573,Riverine Chenopod Shrublands,riverine,84,5.2375
573.0,2001,84.0,78.94231758117675,0.0,84.0,0.0,U0573,Riverine Chenopod Shrublands,riverine,84,5.2375
573.0,2002,84.0,80.57803764343262,0.0,84.0,0.0,U0573,Riverine Chenopod Shrublands,riverine,84,5.2375
573.0,2003,84.0,80.78573532104492,0.0,84.0,0.0,U0573,Riverine Chenopod Shrublands,riverine,84,5.2375
573.0,2004,84.0,82.20604705810547,0.0,84.0,0.0,U0573,Riverine Chenopod Shrublands,riverine,84,5.2375
573.0,2005,84.0,83.47571258544922,0.0,84.0,0.0,U0573,Riverine Chenopod Shrublands,riverine,84,5.2375
573.0,2006,84.0,78.85326461791992,0.0,84.0,0.0,U0573,Riverine Chenopod Shrublands,riverine,84,5.2375
573.0,2007,84.0,68.36632270812989,0.0,84.0,0.0,U0573,Riverine Chenopod Shrublands,riverine,84,5.2375
573.0,2008,84.0,62.93962860107422,0.0,84.0,0.0,U0573,Riverine Chenopod Shrublands,riverine,84,5.2375
573.0,2009,84.0,65.38382301330566,0.0,84.0,0.0,U0573,Riverine Chenopod Shrublands,riverine,84,5.2375
573.0,2010,84.0,83.12334251403809,84.0,84.0,100.0,U0573,Riverine Chenopod Shrublands,riverine,84,5.2375
573.0,2011,84.0,87.00629692077636,84.0,84.0,100.0,U0573,Riverine Chenopod Shrublands,riverine,84,5.2375
573.0,2012,84.0,85.7802074432373,0.0,84.0,0.0,U0573,Riverine Chenopod Shrublands,riverine,84,5.2375
573.0,2013,84.0,78.40117454528809,0.0,84.0,0.0,U0573,Riverine Chenopod Shrublands,riverine,84,5.2375
573.0,2014,84.0,73.37963981628418,0.0,84.0,0.0,U0573,Riverine Chenopod Shrublands,riverine,84,5.2375
573.0,2015,84.0,80.70970802307129,0.0,84.0,0.0,U0573,Riverine Chenopod Shrublands,riverine,84,5.2375
573.0,2016,84.0,90.06981582641602,67.0,84.0,79.76190476190476,U0573,Riverine Chenopod Shrublands,riverine,84,5.2375
573.0,2017,84.0,85.59193153381348,1.0,84.0,1.1904761904761905,U0573,Riverine Chenopod Shrublands,riverine,84,5.2375
573.0,2018,84.0,74.41401824951171,4.0,84.0,4.761904761904762,U0573,Riverine Chenopod Shrublands,riverine,84,5.2375
573.0,2019,84.0,78.50963973999023,0.0,84.0,0.0,U0573,Riverine Chenopod Shrublands,riverine,84,5.2375
573.0,2020,84.0,74.84378395080566,0.0,84.0,0.0,U0573,Riverine Chenopod Shrublands,riverine,84,5.2375
573.0,2021,84.0,74.82443275451661,37.0,84.0,44.04761904761905,U0573,Riverine Chenopod Shrublands,riverine,84,5.2375
573.0,2022,84.0,87.09490356445312,84.0,84.0,100.0,U0573,Riverine Chenopod Shrublands,riverine,84,5.2375
574.0,1988,53.0,84.44415435791015,0.0,53.0,0.0,U0574,Riverine Chenopod Shrublands,riverine,53,3.3046
574.0,1989,53.0,81.48232421875,34.0,53.0,64.15094339622641,U0574,Riverine Chenopod Shrublands,riverine,53,3.3046
574.0,1990,53.0,93.15025329589844,0.0,53.0,0.0,U0574,Riverine Chenopod Shrublands,riverine,53,3.3046
574.0,1991,53.0,78.16519012451172,4.0,53.0,7.547169811320755,U0574,Riverine Chenopod Shrublands,riverine,53,3.3046
574.0,1992,53.0,88.85987243652343,0.0,53.0,0.0,U0574,Riverine Chenopod Shrublands,riverine,53,3.3046
574.0,1993,53.0,82.33163757324219,0.0,53.0,0.0,U0574,Riverine Chenopod Shrublands,riverine,53,3.3046
574.0,1994,53.0,65.54829711914063,0.0,53.0,0.0,U0574,Riverine Chenopod Shrublands,riverine,53,3.3046
574.0,1995,53.0,74.05630187988281,0.0,53.0,0.0,U0574,Riverine Chenopod Shrublands,riverine,53,3.3046
574.0,1996,53.0,71.18891143798828,0.0,53.0,0.0,U0574,Riverine Chenopod Shrublands,riverine,53,3.3046
574.0,1997,53.0,55.24046096801758,0.0,53.0,0.0,U0574,Riverine Chenopod Shrublands,riverine,53,3.3046
574.0,1998,53.0,50.523681640625,0.0,53.0,0.0,U0574,Riverine Chenopod Shrublands,riverine,53,3.3046
574.0,1999,53.0,72.84189910888672,0.0,53.0,0.0,U0574,Riverine Chenopod Shrublands,riverine,53,3.3046
574.0,2000,53.0,66.85427398681641,0.0,53.0,0.0,U0574,Riverine Chenopod Shrublands,riverine,53,3.3046
574.0,2001,53.0,54.795903015136716,0.0,53.0,0.0,U0574,Riverine Chenopod Shrublands,riverine,53,3.3046
574.0,2002,53.0,42.66453247070312,0.0,53.0,0.0,U0574,Riverine Chenopod Shrublands,riverine,53,3.3046
574.0,2003,53.0,63.28817596435547,0.0,53.0,0.0,U0574,Riverine Chenopod Shrublands,riverine,53,3.3046
574.0,2004,53.0,65.17944641113282,0.0,53.0,0.0,U0574,Riverine Chenopod Shrublands,riverine,53,3.3046
574.0,2005,53.0,69.93099822998047,0.0,53.0,0.0,U0574,Riverine Chenopod Shrublands,riverine,53,3.3046
574.0,2006,53.0,56.815992736816405,0.0,53.0,0.0,U0574,Riverine Chenopod Shrublands,riverine,53,3.3046
574.0,2007,53.0,41.90748977661133,0.0,53.0,0.0,U0574,Riverine Chenopod Shrublands,riverine,53,3.3046
574.0,2008,53.0,21.616172790527344,0.0,53.0,0.0,U0574,Riverine Chenopod Shrublands,riverine,53,3.3046
574.0,2009,53.0,50.96425247192383,0.0,53.0,0.0,U0574,Riverine Chenopod Shrublands,riverine,53,3.3046
574.0,2010,53.0,78.76254272460938,1.0,53.0,1.8867924528301887,U0574,Riverine Chenopod Shrublands,riverine,53,3.3046
574.0,2011,53.0,80.14131622314453,0.0,53.0,0.0,U0574,Riverine Chenopod Shrublands,riverine,53,3.3046
574.0,2012,53.0,63.54807891845703,0.0,53.0,0.0,U0574,Riverine Chenopod Shrublands,riverine,53,3.3046
574.0,2013,53.0,77.5674545288086,0.0,53.0,0.0,U0574,Riverine Chenopod Shrublands,riverine,53,3.3046
574.0,2014,53.0,52.64652709960937,0.0,53.0,0.0,U0574,Riverine Chenopod Shrublands,riverine,53,3.3046
574.0,2015,53.0,61.58154525756836,0.0,53.0,0.0,U0574,Riverine Chenopod Shrublands,riverine,53,3.3046
574.0,2016,53.0,89.3592315673828,0.0,53.0,0.0,U0574,Riverine Chenopod Shrublands,riverine,53,3.3046
574.0,2017,53.0,84.2021484375,0.0,53.0,0.0,U0574,Riverine Chenopod Shrublands,riverine,53,3.3046
574.0,2018,53.0,55.21984939575195,0.0,53.0,0.0,U0574,Riverine Chenopod Shrublands,riverine,53,3.3046
574.0,2019,53.0,51.63233947753906,0.0,53.0,0.0,U0574,Riverine Chenopod Shrublands,riverine,53,3.3046
574.0,2020,53.0,58.57815780639648,0.0,53.0,0.0,U0574,Riverine Chenopod Shrublands,riverine,53,3.3046
574.0,2021,53.0,48.852867126464844,0.0,53.0,0.0,U0574,Riverine Chenopod Shrublands,riverine,53,3.3046
574.0,2022,53.0,74.34667205810547,43.0,53.0,81.13207547169812,U0574,Riverine Chenopod Shrublands,riverine,53,3.3046
593.0,1988,104.0,85.0361255645752,0.0,104.0,0.0,U0593,Riverine Chenopod Shrublands,riverine,104,6.4845
593.0,1989,104.0,78.21219482421876,104.0,104.0,100.0,U0593,Riverine Chenopod Shrublands,riverine,104,6.4845
593.0,1990,104.0,83.61965065002441,92.0,104.0,88.46153846153847,U0593,Riverine Chenopod Shrublands,riverine,104,6.4845
593.0,1991,104.0,86.53925018310547,89.0,104.0,85.57692307692308,U0593,Riverine Chenopod Shrublands,riverine,104,6.4845
593.0,1992,104.0,72.59620628356933,74.0,104.0,71.15384615384616,U0593,Riverine Chenopod Shrublands,riverine,104,6.4845
593.0,1993,104.0,73.527787399292,12.0,104.0,11.538461538461538,U0593,Riverine Chenopod Shrublands,riverine,104,6.4845
593.0,1994,104.0,47.94594135284424,0.0,104.0,0.0,U0593,Riverine Chenopod Shrublands,riverine,104,6.4845
593.0,1995,104.0,74.57700042724609,10.0,104.0,9.615384615384615,U0593,Riverine Chenopod Shrublands,riverine,104,6.4845
593.0,1996,104.0,68.69681434631347,57.0,104.0,54.80769230769231,U0593,Riverine Chenopod Shrublands,riverine,104,6.4845
593.0,1997,104.0,55.32578125,0.0,104.0,0.0,U0593,Riverine Chenopod Shrublands,riverine,104,6.4845
593.0,1998,104.0,48.57725811004639,41.0,104.0,39.42307692307692,U0593,Riverine Chenopod Shrublands,riverine,104,6.4845
593.0,1999,104.0,56.02998447418213,32.0,104.0,30.76923076923077,U0593,Riverine Chenopod Shrublands,riverine,104,6.4845
593.0,2000,104.0,64.60991401672364,14.0,104.0,13.461538461538462,U0593,Riverine Chenopod Shrublands,riverine,104,6.4845
593.0,2001,104.0,59.18565406799316,0.0,104.0,0.0,U0593,Riverine Chenopod Shrublands,riverine,104,6.4845
593.0,2002,104.0,57.523289108276366,86.0,104.0,82.6923076923077,U0593,Riverine Chenopod Shrublands,riverine,104,6.4845
593.0,2003,104.0,54.52818622589111,0.0,104.0,0.0,U0593,Riverine Chenopod Shrublands,riverine,104,6.4845
593.0,2004,104.0,59.94363250732422,27.0,104.0,25.96153846153846,U0593,Riverine Chenopod Shrublands,riverine,104,6.4845
593.0,2005,104.0,64.07757949829102,89.0,104.0,85.57692307692308,U0593,Riverine Chenopod Shrublands,riverine,104,6.4845
593.0,2006,104.0,49.07721424102783,0.0,104.0,0.0,U0593,Riverine Chenopod Shrublands,riverine,104,6.4845
593.0,2007,104.0,48.840890121459964,0.0,104.0,0.0,U0593,Riverine Chenopod Shrublands,riverine,104,6.4845
593.0,2008,104.0,34.79364910125732,48.0,104.0,46.15384615384615,U0593,Riverine Chenopod Shrublands,riverine,104,6.4845
593.0,2009,104.0,45.06898212432861,72.0,104.0,69.23076923076923,U0593,Riverine Chenopod Shrublands,riverine,104,6.4845
593.0,2010,104.0,53.995075416564944,104.0,104.0,100.0,U0593,Riverine Chenopod Shrublands,riverine,104,6.4845
593.0,2011,104.0,65.03225402832031,82.0,104.0,78.84615384615384,U0593,Riverine Chenopod Shrublands,riverine,104,6.4845
593.0,2012,104.0,71.2064769744873,26.0,104.0,25.0,U0593,Riverine Chenopod Shrublands,riverine,104,6.4845
593.0,2013,104.0,58.757978439331055,88.0,104.0,84.61538461538461,U0593,Riverine Chenopod Shrublands,riverine,104,6.4845
593.0,2014,104.0,56.006649780273435,62.0,104.0,59.61538461538461,U0593,Riverine Chenopod Shrublands,riverine,104,6.4845
593.0,2015,104.0,57.43340148925781,4.0,104.0,3.8461538461538463,U0593,Riverine Chenopod Shrublands,riverine,104,6.4845
593.0,2016,104.0,64.16596565246581,104.0,104.0,100.0,U0593,Riverine Chenopod Shrublands,riverine,104,6.4845
593.0,2017,104.0,68.50090446472169,38.0,104.0,36.53846153846154,U0593,Riverine Chenopod Shrublands,riverine,104,6.4845
593.0,2018,104.0,57.11757678985596,97.0,104.0,93.26923076923077,U0593,Riverine Chenopod Shrublands,riverine,104,6.4845
593.0,2019,104.0,60.41514911651611,5.0,104.0,4.8076923076923075,U0593,Riverine Chenopod Shrublands,riverine,104,6.4845
593.0,2020,104.0,60.560350036621095,1.0,104.0,0.9615384615384616,U0593,Riverine Chenopod Shrublands,riverine,104,6.4845
593.0,2021,104.0,55.581953811645505,102.0,104.0,98.07692307692308,U0593,Riverine Chenopod Shrublands,riverine,104,6.4845
593.0,2022,104.0,66.26090393066406,104.0,104.0,100.0,U0593,Riverine Chenopod Shrublands,riverine,104,6.4845
608.0,1988,54.0,77.45855674743652,0.0,54.0,0.0,U0608,Riverine Chenopod Shrublands,riverine,54,3.367
608.0,1989,54.0,80.82908897399902,54.0,54.0,100.0,U0608,Riverine Chenopod Shrublands,riverine,54,3.367
608.0,1990,54.0,82.8118221282959,0.0,54.0,0.0,U0608,Riverine Chenopod Shrublands,riverine,54,3.367
608.0,1991,54.0,62.946092414855954,44.0,54.0,81.48148148148148,U0608,Riverine Chenopod Shrublands,riverine,54,3.367
608.0,1992,54.0,66.02560348510742,0.0,54.0,0.0,U0608,Riverine Chenopod Shrublands,riverine,54,3.367
608.0,1993,54.0,66.34381370544433,0.0,54.0,0.0,U0608,Riverine Chenopod Shrublands,riverine,54,3.367
608.0,1994,54.0,54.46393718719482,0.0,54.0,0.0,U0608,Riverine Chenopod Shrublands,riverine,54,3.367
608.0,1995,54.0,64.90937576293945,0.0,54.0,0.0,U0608,Riverine Chenopod Shrublands,riverine,54,3.367
608.0,1996,54.0,69.11786727905273,0.0,54.0,0.0,U0608,Riverine Chenopod Shrublands,riverine,54,3.367
608.0,1997,54.0,61.357045364379886,0.0,54.0,0.0,U0608,Riverine Chenopod Shrublands,riverine,54,3.367
608.0,1998,54.0,58.871300315856935,0.0,54.0,0.0,U0608,Riverine Chenopod Shrublands,riverine,54,3.367
608.0,1999,54.0,67.3405605316162,0.0,54.0,0.0,U0608,Riverine Chenopod Shrublands,riverine,54,3.367
608.0,2000,54.0,61.667968940734866,0.0,54.0,0.0,U0608,Riverine Chenopod Shrublands,riverine,54,3.367
608.0,2001,54.0,69.44599113464355,0.0,54.0,0.0,U0608,Riverine Chenopod Shrublands,riverine,54,3.367
608.0,2002,54.0,65.43511123657227,0.0,54.0,0.0,U0608,Riverine Chenopod Shrublands,riverine,54,3.367
608.0,2003,54.0,61.663200759887694,0.0,54.0,0.0,U0608,Riverine Chenopod Shrublands,riverine,54,3.367
608.0,2004,54.0,58.90365219116211,0.0,54.0,0.0,U0608,Riverine Chenopod Shrublands,riverine,54,3.367
608.0,2005,54.0,63.17260322570801,0.0,54.0,0.0,U0608,Riverine Chenopod Shrublands,riverine,54,3.367
608.0,2006,54.0,56.68822975158692,0.0,54.0,0.0,U0608,Riverine Chenopod Shrublands,riverine,54,3.367
608.0,2007,54.0,61.05574893951416,0.0,54.0,0.0,U0608,Riverine Chenopod Shrublands,riverine,54,3.367
608.0,2008,54.0,40.48624839782715,0.0,54.0,0.0,U0608,Riverine Chenopod Shrublands,riverine,54,3.367
608.0,2009,54.0,48.9700382232666,0.0,54.0,0.0,U0608,Riverine Chenopod Shrublands,riverine,54,3.367
608.0,2010,54.0,64.21921367645264,13.0,54.0,24.074074074074073,U0608,Riverine Chenopod Shrublands,riverine,54,3.367
608.0,2011,54.0,64.82726364135742,0.0,54.0,0.0,U0608,Riverine Chenopod Shrublands,riverine,54,3.367
608.0,2012,54.0,72.5165641784668,0.0,54.0,0.0,U0608,Riverine Chenopod Shrublands,riverine,54,3.367
608.0,2013,54.0,68.7029022216797,0.0,54.0,0.0,U0608,Riverine Chenopod Shrublands,riverine,54,3.367
608.0,2014,54.0,62.670105361938475,0.0,54.0,0.0,U0608,Riverine Chenopod Shrublands,riverine,54,3.367
608.0,2015,54.0,63.3739429473877,0.0,54.0,0.0,U0608,Riverine Chenopod Shrublands,riverine,54,3.367
608.0,2016,54.0,77.28774642944336,0.0,54.0,0.0,U0608,Riverine Chenopod Shrublands,riverine,54,3.367
608.0,2017,54.0,75.457373046875,0.0,54.0,0.0,U0608,Riverine Chenopod Shrublands,riverine,54,3.367
608.0,2018,54.0,72.66885833740234,0.0,54.0,0.0,U0608,Riverine Chenopod Shrublands,riverine,54,3.367
608.0,2019,54.0,65.65310592651367,0.0,54.0,0.0,U0608,Riverine Chenopod Shrublands,riverine,54,3.367
608.0,2020,54.0,61.07395420074463,0.0,54.0,0.0,U0608,Riverine Chenopod Shrublands,riverine,54,3.367
608.0,2021,54.0,62.27173900604248,0.0,54.0,0.0,U0608,Riverine Chenopod Shrublands,riverine,54,3.367
608.0,2022,54.0,71.45676002502441,54.0,54.0,100.0,U0608,Riverine Chenopod Shrublands,riverine,54,3.367
610.0,1988,123.0,57.63797874450684,0.0,123.0,0.0,U0610,Riverine Chenopod Shrublands,riverine,123,7.6692
610.0,1989,123.0,72.7267433166504,79.0,123.0,64.22764227642277,U0610,Riverine Chenopod Shrublands,riverine,123,7.6692
610.0,1990,123.0,64.0703109741211,0.0,123.0,0.0,U0610,Riverine Chenopod Shrublands,riverine,123,7.6692
610.0,1991,123.0,51.179805755615234,28.0,123.0,22.764227642276424,U0610,Riverine Chenopod Shrublands,riverine,123,7.6692
610.0,1992,123.0,56.70615158081055,81.0,123.0,65.85365853658537,U0610,Riverine Chenopod Shrublands,riverine,123,7.6692
610.0,1993,123.0,51.87491683959961,28.0,123.0,22.764227642276424,U0610,Riverine Chenopod Shrublands,riverine,123,7.6692
610.0,1994,123.0,30.552530097961426,0.0,123.0,0.0,U0610,Riverine Chenopod Shrublands,riverine,123,7.6692
610.0,1995,123.0,48.238840866088864,0.0,123.0,0.0,U0610,Riverine Chenopod Shrublands,riverine,123,7.6692
610.0,1996,123.0,40.62959442138672,4.0,123.0,3.252032520325203,U0610,Riverine Chenopod Shrublands,riverine,123,7.6692
610.0,1997,123.0,39.001395034790036,0.0,123.0,0.0,U0610,Riverine Chenopod Shrublands,riverine,123,7.6692
610.0,1998,123.0,30.66457004547119,13.0,123.0,10.56910569105691,U0610,Riverine Chenopod Shrublands,riverine,123,7.6692
610.0,1999,123.0,50.04834098815918,0.0,123.0,0.0,U0610,Riverine Chenopod Shrublands,riverine,123,7.6692
610.0,2000,123.0,38.88698501586914,39.0,123.0,31.70731707317073,U0610,Riverine Chenopod Shrublands,riverine,123,7.6692
610.0,2001,123.0,48.77267303466797,0.0,123.0,0.0,U0610,Riverine Chenopod Shrublands,riverine,123,7.6692
610.0,2002,123.0,35.01397476196289,3.0,123.0,2.4390243902439024,U0610,Riverine Chenopod Shrublands,riverine,123,7.6692
610.0,2003,123.0,42.116190338134764,0.0,123.0,0.0,U0610,Riverine Chenopod Shrublands,riverine,123,7.6692
610.0,2004,123.0,38.60704803466797,1.0,123.0,0.8130081300813008,U0610,Riverine Chenopod Shrublands,riverine,123,7.6692
610.0,2005,123.0,47.51695022583008,3.0,123.0,2.4390243902439024,U0610,Riverine Chenopod Shrublands,riverine,123,7.6692
610.0,2006,123.0,37.682077407836914,0.0,123.0,0.0,U0610,Riverine Chenopod Shrublands,riverine,123,7.6692
610.0,2007,123.0,40.49941749572754,0.0,123.0,0.0,U0610,Riverine Chenopod Shrublands,riverine,123,7.6692
610.0,2008,123.0,16.311272048950197,0.0,123.0,0.0,U0610,Riverine Chenopod Shrublands,riverine,123,7.6692
610.0,2009,123.0,31.711379241943362,3.0,123.0,2.4390243902439024,U0610,Riverine Chenopod Shrublands,riverine,123,7.6692
610.0,2010,123.0,51.860605239868164,44.0,123.0,35.77235772357724,U0610,Riverine Chenopod Shrublands,riverine,123,7.6692
610.0,2011,123.0,51.180952835083005,1.0,123.0,0.8130081300813008,U0610,Riverine Chenopod Shrublands,riverine,123,7.6692
610.0,2012,123.0,43.84416198730469,0.0,123.0,0.0,U0610,Riverine Chenopod Shrublands,riverine,123,7.6692
610.0,2013,123.0,48.08920516967773,0.0,123.0,0.0,U0610,Riverine Chenopod Shrublands,riverine,123,7.6692
610.0,2014,123.0,41.50193977355957,0.0,123.0,0.0,U0610,Riverine Chenopod Shrublands,riverine,123,7.6692
610.0,2015,123.0,47.58065338134766,0.0,123.0,0.0,U0610,Riverine Chenopod Shrublands,riverine,123,7.6692
610.0,2016,123.0,68.23186569213867,0.0,123.0,0.0,U0610,Riverine Chenopod Shrublands,riverine,123,7.6692
610.0,2017,123.0,60.708256530761716,0.0,123.0,0.0,U0610,Riverine Chenopod Shrublands,riverine,123,7.6692
610.0,2018,123.0,48.67630462646484,0.0,123.0,0.0,U0610,Riverine Chenopod Shrublands,riverine,123,7.6692
610.0,2019,123.0,41.573290252685545,0.0,123.0,0.0,U0610,Riverine Chenopod Shrublands,riverine,123,7.6692
610.0,2020,123.0,44.09440650939941,0.0,123.0,0.0,U0610,Riverine Chenopod Shrublands,riverine,123,7.6692
610.0,2021,123.0,49.471384811401364,0.0,123.0,0.0,U0610,Riverine Chenopod Shrublands,riverine,123,7.6692
610.0,2022,123.0,58.05881462097168,121.0,123.0,98.3739837398374,U0610,Riverine Chenopod Shrublands,riverine,123,7.6692
