zone_fid,community,n_cells,veg_p05_temporal_mean,veg_p50_temporal_mean,n_cells_missing_p05,mean_share_cells_wet,area_ha,zone_name,grazing_treatment,community_short,part_id,paddock_cells,share_of_paddock_pct,n_parts_in_paddock,support_level,unit,period_label,weighting,scope_filter,pixel_constant_ha,denominator,y_basis,x_quantity,min_cells_filter,estimand
51,Aeolian Chenopod Shrublands,2417,40.16631,76.15153,0,0.99769497,150.70340244082388,Dinan 3,14-day grazing,aeolian,Dinan 3 / aeolian,9590,25.203336809176225,3,pixel,paddock x community part,1988-2022 (35 water years),unweighted mean over the part's cells,treed_context_flag = 0 AND regime_band <> 'context',0.06235142839918241,the part's own non-treed census cells,SEASONAL basis: each cell's percentile is taken over the 140 seasonal composites (4 per water year x 35 water years) with MIN_SEASONS = 50. Identical to the TEMPORAL-1 paddock figure. Ruling CT.,"Share of the part's cells seen wet, MEAN OVER YEARS (%). Rulings AZ / CX - this is NOT a between-year flood frequency and is not labelled as one. Computed as the mean over the part's cells of the census parquet's COUNTED per-cell flood_freq_pct, which is exactly equal to the mean over years of the part's within-year wet share because valid_years == 35 on every cell.",500,BETWEEN-PART description: how a paddock x community area's mean per-cell temporal cover percentile relates to how wet that area is. Not a within-unit response and no cause is attributed.
37,Aeolian Chenopod Shrublands,615,43.027386,77.4019,0,1.5238096,38.34612846549718,Mara 7,14-day grazing,aeolian,Mara 7 / aeolian,14876,4.13417585372412,3,pixel,paddock x community part,1988-2022 (35 water years),unweighted mean over the part's cells,treed_context_flag = 0 AND regime_band <> 'context',0.06235142839918241,the part's own non-treed census cells,SEASONAL basis: each cell's percentile is taken over the 140 seasonal composites (4 per water year x 35 water years) with MIN_SEASONS = 50. Identical to the TEMPORAL-1 paddock figure. Ruling CT.,"Share of the part's cells seen wet, MEAN OVER YEARS (%). Rulings AZ / CX - this is NOT a between-year flood frequency and is not labelled as one. Computed as the mean over the part's cells of the census parquet's COUNTED per-cell flood_freq_pct, which is exactly equal to the mean over years of the part's within-year wet share because valid_years == 35 on every cell.",500,BETWEEN-PART description: how a paddock x community area's mean per-cell temporal cover percentile relates to how wet that area is. Not a within-unit response and no cause is attributed.
60,Aeolian Chenopod Shrublands,7555,49.451958,77.903725,0,1.5274652,471.0650415558231,Dinan 14,14-day grazing,aeolian,Dinan 14 / aeolian,7721,97.85001942753529,1,pixel,paddock x community part,1988-2022 (35 water years),unweighted mean over the part's cells,treed_context_flag = 0 AND regime_band <> 'context',0.06235142839918241,the part's own non-treed census cells,SEASONAL basis: each cell's percentile is taken over the 140 seasonal composites (4 per water year x 35 water years) with MIN_SEASONS = 50. Identical to the TEMPORAL-1 paddock figure. Ruling CT.,"Share of the part's cells seen wet, MEAN OVER YEARS (%). Rulings AZ / CX - this is NOT a between-year flood frequency and is not labelled as one. Computed as the mean over the part's cells of the census parquet's COUNTED per-cell flood_freq_pct, which is exactly equal to the mean over years of the part's within-year wet share because valid_years == 35 on every cell.",500,BETWEEN-PART description: how a paddock x community area's mean per-cell temporal cover percentile relates to how wet that area is. Not a within-unit response and no cause is attributed.
61,Aeolian Chenopod Shrublands,2003,57.6968,79.43286,0,1.8885957,124.88991108356237,Dinan 11,14-day grazing,aeolian,Dinan 11 / aeolian,9556,20.96065299288405,3,pixel,paddock x community part,1988-2022 (35 water years),unweighted mean over the part's cells,treed_context_flag = 0 AND regime_band <> 'context',0.06235142839918241,the part's own non-treed census cells,SEASONAL basis: each cell's percentile is taken over the 140 seasonal composites (4 per water year x 35 water years) with MIN_SEASONS = 50. Identical to the TEMPORAL-1 paddock figure. Ruling CT.,"Share of the part's cells seen wet, MEAN OVER YEARS (%). Rulings AZ / CX - this is NOT a between-year flood frequency and is not labelled as one. Computed as the mean over the part's cells of the census parquet's COUNTED per-cell flood_freq_pct, which is exactly equal to the mean over years of the part's within-year wet share because valid_years == 35 on every cell.",500,BETWEEN-PART description: how a paddock x community area's mean per-cell temporal cover percentile relates to how wet that area is. Not a within-unit response and no cause is attributed.
59,Aeolian Chenopod Shrublands,4464,54.29222,77.83904,0,2.204301,278.3367763739503,Dinan 12,14-day grazing,aeolian,Dinan 12 / aeolian,26488,16.85291452733313,2,pixel,paddock x community part,1988-2022 (35 water years),unweighted mean over the part's cells,treed_context_flag = 0 AND regime_band <> 'context',0.06235142839918241,the part's own non-treed census cells,SEASONAL basis: each cell's percentile is taken over the 140 seasonal composites (4 per water year x 35 water years) with MIN_SEASONS = 50. Identical to the TEMPORAL-1 paddock figure. Ruling CT.,"Share of the part's cells seen wet, MEAN OVER YEARS (%). Rulings AZ / CX - this is NOT a between-year flood frequency and is not labelled as one. Computed as the mean over the part's cells of the census parquet's COUNTED per-cell flood_freq_pct, which is exactly equal to the mean over years of the part's within-year wet share because valid_years == 35 on every cell.",500,BETWEEN-PART description: how a paddock x community area's mean per-cell temporal cover percentile relates to how wet that area is. Not a within-unit response and no cause is attributed.
62,Aeolian Chenopod Shrublands,1197,35.783474,70.18386,0,2.530135,74.63465979382134,Dinan 1,14-day grazing,aeolian,Dinan 1 / aeolian,12527,9.555360421489583,3,pixel,paddock x community part,1988-2022 (35 water years),unweighted mean over the part's cells,treed_context_flag = 0 AND regime_band <> 'context',0.06235142839918241,the part's own non-treed census cells,SEASONAL basis: each cell's percentile is taken over the 140 seasonal composites (4 per water year x 35 water years) with MIN_SEASONS = 50. Identical to the TEMPORAL-1 paddock figure. Ruling CT.,"Share of the part's cells seen wet, MEAN OVER YEARS (%). Rulings AZ / CX - this is NOT a between-year flood frequency and is not labelled as one. Computed as the mean over the part's cells of the census parquet's COUNTED per-cell flood_freq_pct, which is exactly equal to the mean over years of the part's within-year wet share because valid_years == 35 on every cell.",500,BETWEEN-PART description: how a paddock x community area's mean per-cell temporal cover percentile relates to how wet that area is. Not a within-unit response and no cause is attributed.
4,Aeolian Chenopod Shrublands,11848,46.768585,69.22479,0,2.8161473,738.7397236735131,Bala 29ca,No grazing,aeolian,Bala 29ca / aeolian,36676,32.30450430799433,3,pixel,paddock x community part,1988-2022 (35 water years),unweighted mean over the part's cells,treed_context_flag = 0 AND regime_band <> 'context',0.06235142839918241,the part's own non-treed census cells,SEASONAL basis: each cell's percentile is taken over the 140 seasonal composites (4 per water year x 35 water years) with MIN_SEASONS = 50. Identical to the TEMPORAL-1 paddock figure. Ruling CT.,"Share of the part's cells seen wet, MEAN OVER YEARS (%). Rulings AZ / CX - this is NOT a between-year flood frequency and is not labelled as one. Computed as the mean over the part's cells of the census parquet's COUNTED per-cell flood_freq_pct, which is exactly equal to the mean over years of the part's within-year wet share because valid_years == 35 on every cell.",500,BETWEEN-PART description: how a paddock x community area's mean per-cell temporal cover percentile relates to how wet that area is. Not a within-unit response and no cause is attributed.
6,Riverine Chenopod Shrublands,1956,36.137226,76.660675,0,3.0222027,121.9593939488008,Bala 2,14-day grazing,riverine,Bala 2 / riverine,28043,6.975002674464216,2,pixel,paddock x community part,1988-2022 (35 water years),unweighted mean over the part's cells,treed_context_flag = 0 AND regime_band <> 'context',0.06235142839918241,the part's own non-treed census cells,SEASONAL basis: each cell's percentile is taken over the 140 seasonal composites (4 per water year x 35 water years) with MIN_SEASONS = 50. Identical to the TEMPORAL-1 paddock figure. Ruling CT.,"Share of the part's cells seen wet, MEAN OVER YEARS (%). Rulings AZ / CX - this is NOT a between-year flood frequency and is not labelled as one. Computed as the mean over the part's cells of the census parquet's COUNTED per-cell flood_freq_pct, which is exactly equal to the mean over years of the part's within-year wet share because valid_years == 35 on every cell.",500,BETWEEN-PART description: how a paddock x community area's mean per-cell temporal cover percentile relates to how wet that area is. Not a within-unit response and no cause is attributed.
10,Riverine Chenopod Shrublands,13478,38.41304,77.440155,0,3.1210651,840.3725519641805,Bala 6,14-day grazing,riverine,Bala 6 / riverine,32425,41.56669236700077,2,pixel,paddock x community part,1988-2022 (35 water years),unweighted mean over the part's cells,treed_context_flag = 0 AND regime_band <> 'context',0.06235142839918241,the part's own non-treed census cells,SEASONAL basis: each cell's percentile is taken over the 140 seasonal composites (4 per water year x 35 water years) with MIN_SEASONS = 50. Identical to the TEMPORAL-1 paddock figure. Ruling CT.,"Share of the part's cells seen wet, MEAN OVER YEARS (%). Rulings AZ / CX - this is NOT a between-year flood frequency and is not labelled as one. Computed as the mean over the part's cells of the census parquet's COUNTED per-cell flood_freq_pct, which is exactly equal to the mean over years of the part's within-year wet share because valid_years == 35 on every cell.",500,BETWEEN-PART description: how a paddock x community area's mean per-cell temporal cover percentile relates to how wet that area is. Not a within-unit response and no cause is attributed.
58,Aeolian Chenopod Shrublands,1004,44.41363,69.64985,0,3.7706318,62.60083411277914,Dinan 13,14-day grazing,aeolian,Dinan 13 / aeolian,20212,4.96734613101128,3,pixel,paddock x community part,1988-2022 (35 water years),unweighted mean over the part's cells,treed_context_flag = 0 AND regime_band <> 'context',0.06235142839918241,the part's own non-treed census cells,SEASONAL basis: each cell's percentile is taken over the 140 seasonal composites (4 per water year x 35 water years) with MIN_SEASONS = 50. Identical to the TEMPORAL-1 paddock figure. Ruling CT.,"Share of the part's cells seen wet, MEAN OVER YEARS (%). Rulings AZ / CX - this is NOT a between-year flood frequency and is not labelled as one. Computed as the mean over the part's cells of the census parquet's COUNTED per-cell flood_freq_pct, which is exactly equal to the mean over years of the part's within-year wet share because valid_years == 35 on every cell.",500,BETWEEN-PART description: how a paddock x community area's mean per-cell temporal cover percentile relates to how wet that area is. Not a within-unit response and no cause is attributed.
38,Aeolian Chenopod Shrublands,1894,50.29376,78.92148,0,3.9749584,118.09360538805149,Mara 8,14-day grazing,aeolian,Mara 8 / aeolian,3784,50.05285412262157,3,pixel,paddock x community part,1988-2022 (35 water years),unweighted mean over the part's cells,treed_context_flag = 0 AND regime_band <> 'context',0.06235142839918241,the part's own non-treed census cells,SEASONAL basis: each cell's percentile is taken over the 140 seasonal composites (4 per water year x 35 water years) with MIN_SEASONS = 50. Identical to the TEMPORAL-1 paddock figure. Ruling CT.,"Share of the part's cells seen wet, MEAN OVER YEARS (%). Rulings AZ / CX - this is NOT a between-year flood frequency and is not labelled as one. Computed as the mean over the part's cells of the census parquet's COUNTED per-cell flood_freq_pct, which is exactly equal to the mean over years of the part's within-year wet share because valid_years == 35 on every cell.",500,BETWEEN-PART description: how a paddock x community area's mean per-cell temporal cover percentile relates to how wet that area is. Not a within-unit response and no cause is attributed.
57,Aeolian Chenopod Shrublands,8780,39.648724,63.518517,0,4.602343,547.4455413448215,Dinan 10,14-day grazing,aeolian,Dinan 10 / aeolian,13489,65.09007339313514,3,pixel,paddock x community part,1988-2022 (35 water years),unweighted mean over the part's cells,treed_context_flag = 0 AND regime_band <> 'context',0.06235142839918241,the part's own non-treed census cells,SEASONAL basis: each cell's percentile is taken over the 140 seasonal composites (4 per water year x 35 water years) with MIN_SEASONS = 50. Identical to the TEMPORAL-1 paddock figure. Ruling CT.,"Share of the part's cells seen wet, MEAN OVER YEARS (%). Rulings AZ / CX - this is NOT a between-year flood frequency and is not labelled as one. Computed as the mean over the part's cells of the census parquet's COUNTED per-cell flood_freq_pct, which is exactly equal to the mean over years of the part's within-year wet share because valid_years == 35 on every cell.",500,BETWEEN-PART description: how a paddock x community area's mean per-cell temporal cover percentile relates to how wet that area is. Not a within-unit response and no cause is attributed.
9,Riverine Chenopod Shrublands,2132,36.046444,76.44533,0,5.8214955,132.9332453470569,Bala 5,14-day grazing,riverine,Bala 5 / riverine,24384,8.743438320209973,2,pixel,paddock x community part,1988-2022 (35 water years),unweighted mean over the part's cells,treed_context_flag = 0 AND regime_band <> 'context',0.06235142839918241,the part's own non-treed census cells,SEASONAL basis: each cell's percentile is taken over the 140 seasonal composites (4 per water year x 35 water years) with MIN_SEASONS = 50. Identical to the TEMPORAL-1 paddock figure. Ruling CT.,"Share of the part's cells seen wet, MEAN OVER YEARS (%). Rulings AZ / CX - this is NOT a between-year flood frequency and is not labelled as one. Computed as the mean over the part's cells of the census parquet's COUNTED per-cell flood_freq_pct, which is exactly equal to the mean over years of the part's within-year wet share because valid_years == 35 on every cell.",500,BETWEEN-PART description: how a paddock x community area's mean per-cell temporal cover percentile relates to how wet that area is. Not a within-unit response and no cause is attributed.
57,Inland Floodplain Shrublands / Swamps,3765,45.255733,69.47392,0,5.929805,234.75312792292178,Dinan 10,14-day grazing,inland,Dinan 10 / inland,13489,27.911631699903626,3,pixel,paddock x community part,1988-2022 (35 water years),unweighted mean over the part's cells,treed_context_flag = 0 AND regime_band <> 'context',0.06235142839918241,the part's own non-treed census cells,SEASONAL basis: each cell's percentile is taken over the 140 seasonal composites (4 per water year x 35 water years) with MIN_SEASONS = 50. Identical to the TEMPORAL-1 paddock figure. Ruling CT.,"Share of the part's cells seen wet, MEAN OVER YEARS (%). Rulings AZ / CX - this is NOT a between-year flood frequency and is not labelled as one. Computed as the mean over the part's cells of the census parquet's COUNTED per-cell flood_freq_pct, which is exactly equal to the mean over years of the part's within-year wet share because valid_years == 35 on every cell.",500,BETWEEN-PART description: how a paddock x community area's mean per-cell temporal cover percentile relates to how wet that area is. Not a within-unit response and no cause is attributed.
55,Aeolian Chenopod Shrublands,16554,44.85537,73.04865,0,6.06103,1032.1655457200657,Dinan 8,14-day grazing,aeolian,Dinan 8 / aeolian,42843,38.63875078775996,3,pixel,paddock x community part,1988-2022 (35 water years),unweighted mean over the part's cells,treed_context_flag = 0 AND regime_band <> 'context',0.06235142839918241,the part's own non-treed census cells,SEASONAL basis: each cell's percentile is taken over the 140 seasonal composites (4 per water year x 35 water years) with MIN_SEASONS = 50. Identical to the TEMPORAL-1 paddock figure. Ruling CT.,"Share of the part's cells seen wet, MEAN OVER YEARS (%). Rulings AZ / CX - this is NOT a between-year flood frequency and is not labelled as one. Computed as the mean over the part's cells of the census parquet's COUNTED per-cell flood_freq_pct, which is exactly equal to the mean over years of the part's within-year wet share because valid_years == 35 on every cell.",500,BETWEEN-PART description: how a paddock x community area's mean per-cell temporal cover percentile relates to how wet that area is. Not a within-unit response and no cause is attributed.
57,Riverine Chenopod Shrublands,944,46.30303,72.021,0,6.2167068,58.859748408828196,Dinan 10,14-day grazing,riverine,Dinan 10 / riverine,13489,6.9982949069612275,3,pixel,paddock x community part,1988-2022 (35 water years),unweighted mean over the part's cells,treed_context_flag = 0 AND regime_band <> 'context',0.06235142839918241,the part's own non-treed census cells,SEASONAL basis: each cell's percentile is taken over the 140 seasonal composites (4 per water year x 35 water years) with MIN_SEASONS = 50. Identical to the TEMPORAL-1 paddock figure. Ruling CT.,"Share of the part's cells seen wet, MEAN OVER YEARS (%). Rulings AZ / CX - this is NOT a between-year flood frequency and is not labelled as one. Computed as the mean over the part's cells of the census parquet's COUNTED per-cell flood_freq_pct, which is exactly equal to the mean over years of the part's within-year wet share because valid_years == 35 on every cell.",500,BETWEEN-PART description: how a paddock x community area's mean per-cell temporal cover percentile relates to how wet that area is. Not a within-unit response and no cause is attributed.
4,Riverine Chenopod Shrublands,12141,50.299076,72.00086,0,6.375563,757.0086921944736,Bala 29ca,No grazing,riverine,Bala 29ca / riverine,36676,33.10339186388919,3,pixel,paddock x community part,1988-2022 (35 water years),unweighted mean over the part's cells,treed_context_flag = 0 AND regime_band <> 'context',0.06235142839918241,the part's own non-treed census cells,SEASONAL basis: each cell's percentile is taken over the 140 seasonal composites (4 per water year x 35 water years) with MIN_SEASONS = 50. Identical to the TEMPORAL-1 paddock figure. Ruling CT.,"Share of the part's cells seen wet, MEAN OVER YEARS (%). Rulings AZ / CX - this is NOT a between-year flood frequency and is not labelled as one. Computed as the mean over the part's cells of the census parquet's COUNTED per-cell flood_freq_pct, which is exactly equal to the mean over years of the part's within-year wet share because valid_years == 35 on every cell.",500,BETWEEN-PART description: how a paddock x community area's mean per-cell temporal cover percentile relates to how wet that area is. Not a within-unit response and no cause is attributed.
63,Riverine Chenopod Shrublands,4032,35.500774,59.13296,0,7.0202665,251.40095930550348,Dinan 4,14-day grazing,riverine,Dinan 4 / riverine,10879,37.062229984373566,2,pixel,paddock x community part,1988-2022 (35 water years),unweighted mean over the part's cells,treed_context_flag = 0 AND regime_band <> 'context',0.06235142839918241,the part's own non-treed census cells,SEASONAL basis: each cell's percentile is taken over the 140 seasonal composites (4 per water year x 35 water years) with MIN_SEASONS = 50. Identical to the TEMPORAL-1 paddock figure. Ruling CT.,"Share of the part's cells seen wet, MEAN OVER YEARS (%). Rulings AZ / CX - this is NOT a between-year flood frequency and is not labelled as one. Computed as the mean over the part's cells of the census parquet's COUNTED per-cell flood_freq_pct, which is exactly equal to the mean over years of the part's within-year wet share because valid_years == 35 on every cell.",500,BETWEEN-PART description: how a paddock x community area's mean per-cell temporal cover percentile relates to how wet that area is. Not a within-unit response and no cause is attributed.
62,Riverine Chenopod Shrublands,1288,32.82772,60.960155,0,7.7196097,80.30863977814694,Dinan 1,14-day grazing,riverine,Dinan 1 / riverine,12527,10.281791330725632,3,pixel,paddock x community part,1988-2022 (35 water years),unweighted mean over the part's cells,treed_context_flag = 0 AND regime_band <> 'context',0.06235142839918241,the part's own non-treed census cells,SEASONAL basis: each cell's percentile is taken over the 140 seasonal composites (4 per water year x 35 water years) with MIN_SEASONS = 50. Identical to the TEMPORAL-1 paddock figure. Ruling CT.,"Share of the part's cells seen wet, MEAN OVER YEARS (%). Rulings AZ / CX - this is NOT a between-year flood frequency and is not labelled as one. Computed as the mean over the part's cells of the census parquet's COUNTED per-cell flood_freq_pct, which is exactly equal to the mean over years of the part's within-year wet share because valid_years == 35 on every cell.",500,BETWEEN-PART description: how a paddock x community area's mean per-cell temporal cover percentile relates to how wet that area is. Not a within-unit response and no cause is attributed.
39,Inland Floodplain Shrublands / Swamps,14841,48.870075,77.78801,0,8.242803,925.3575488722662,Mara 11,14-day grazing,inland,Mara 11 / inland,15194,97.67671449256285,1,pixel,paddock x community part,1988-2022 (35 water years),unweighted mean over the part's cells,treed_context_flag = 0 AND regime_band <> 'context',0.06235142839918241,the part's own non-treed census cells,SEASONAL basis: each cell's percentile is taken over the 140 seasonal composites (4 per water year x 35 water years) with MIN_SEASONS = 50. Identical to the TEMPORAL-1 paddock figure. Ruling CT.,"Share of the part's cells seen wet, MEAN OVER YEARS (%). Rulings AZ / CX - this is NOT a between-year flood frequency and is not labelled as one. Computed as the mean over the part's cells of the census parquet's COUNTED per-cell flood_freq_pct, which is exactly equal to the mean over years of the part's within-year wet share because valid_years == 35 on every cell.",500,BETWEEN-PART description: how a paddock x community area's mean per-cell temporal cover percentile relates to how wet that area is. Not a within-unit response and no cause is attributed.
54,Riverine Chenopod Shrublands,11273,43.16671,72.50141,0,8.674836,702.8876523439833,Dinan 7,14-day grazing,riverine,Dinan 7 / riverine,11360,99.23415492957747,1,pixel,paddock x community part,1988-2022 (35 water years),unweighted mean over the part's cells,treed_context_flag = 0 AND regime_band <> 'context',0.06235142839918241,the part's own non-treed census cells,SEASONAL basis: each cell's percentile is taken over the 140 seasonal composites (4 per water year x 35 water years) with MIN_SEASONS = 50. Identical to the TEMPORAL-1 paddock figure. Ruling CT.,"Share of the part's cells seen wet, MEAN OVER YEARS (%). Rulings AZ / CX - this is NOT a between-year flood frequency and is not labelled as one. Computed as the mean over the part's cells of the census parquet's COUNTED per-cell flood_freq_pct, which is exactly equal to the mean over years of the part's within-year wet share because valid_years == 35 on every cell.",500,BETWEEN-PART description: how a paddock x community area's mean per-cell temporal cover percentile relates to how wet that area is. Not a within-unit response and no cause is attributed.
56,Riverine Chenopod Shrublands,4988,44.017708,70.89138,0,9.176309,311.00892485512185,Dinan 9,14-day grazing,riverine,Dinan 9 / riverine,27306,18.267047535340218,3,pixel,paddock x community part,1988-2022 (35 water years),unweighted mean over the part's cells,treed_context_flag = 0 AND regime_band <> 'context',0.06235142839918241,the part's own non-treed census cells,SEASONAL basis: each cell's percentile is taken over the 140 seasonal composites (4 per water year x 35 water years) with MIN_SEASONS = 50. Identical to the TEMPORAL-1 paddock figure. Ruling CT.,"Share of the part's cells seen wet, MEAN OVER YEARS (%). Rulings AZ / CX - this is NOT a between-year flood frequency and is not labelled as one. Computed as the mean over the part's cells of the census parquet's COUNTED per-cell flood_freq_pct, which is exactly equal to the mean over years of the part's within-year wet share because valid_years == 35 on every cell.",500,BETWEEN-PART description: how a paddock x community area's mean per-cell temporal cover percentile relates to how wet that area is. Not a within-unit response and no cause is attributed.
6,Inland Floodplain Shrublands / Swamps,26087,55.498085,81.797874,0,11.349495,1626.5617126494715,Bala 2,14-day grazing,inland,Bala 2 / inland,28043,93.02499732553578,2,pixel,paddock x community part,1988-2022 (35 water years),unweighted mean over the part's cells,treed_context_flag = 0 AND regime_band <> 'context',0.06235142839918241,the part's own non-treed census cells,SEASONAL basis: each cell's percentile is taken over the 140 seasonal composites (4 per water year x 35 water years) with MIN_SEASONS = 50. Identical to the TEMPORAL-1 paddock figure. Ruling CT.,"Share of the part's cells seen wet, MEAN OVER YEARS (%). Rulings AZ / CX - this is NOT a between-year flood frequency and is not labelled as one. Computed as the mean over the part's cells of the census parquet's COUNTED per-cell flood_freq_pct, which is exactly equal to the mean over years of the part's within-year wet share because valid_years == 35 on every cell.",500,BETWEEN-PART description: how a paddock x community area's mean per-cell temporal cover percentile relates to how wet that area is. Not a within-unit response and no cause is attributed.
52,Riverine Chenopod Shrublands,1060,36.45687,68.42663,0,11.498652,66.09251410313335,Dinan 2,14-day grazing,riverine,Dinan 2 / riverine,13883,7.635237340632428,2,pixel,paddock x community part,1988-2022 (35 water years),unweighted mean over the part's cells,treed_context_flag = 0 AND regime_band <> 'context',0.06235142839918241,the part's own non-treed census cells,SEASONAL basis: each cell's percentile is taken over the 140 seasonal composites (4 per water year x 35 water years) with MIN_SEASONS = 50. Identical to the TEMPORAL-1 paddock figure. Ruling CT.,"Share of the part's cells seen wet, MEAN OVER YEARS (%). Rulings AZ / CX - this is NOT a between-year flood frequency and is not labelled as one. Computed as the mean over the part's cells of the census parquet's COUNTED per-cell flood_freq_pct, which is exactly equal to the mean over years of the part's within-year wet share because valid_years == 35 on every cell.",500,BETWEEN-PART description: how a paddock x community area's mean per-cell temporal cover percentile relates to how wet that area is. Not a within-unit response and no cause is attributed.
7,Inland Floodplain Shrublands / Swamps,20725,53.45408,78.78262,0,11.5934515,1292.2333535730554,Bala 3,14-day grazing,inland,Bala 3 / inland,20725,100.0,1,pixel,paddock x community part,1988-2022 (35 water years),unweighted mean over the part's cells,treed_context_flag = 0 AND regime_band <> 'context',0.06235142839918241,the part's own non-treed census cells,SEASONAL basis: each cell's percentile is taken over the 140 seasonal composites (4 per water year x 35 water years) with MIN_SEASONS = 50. Identical to the TEMPORAL-1 paddock figure. Ruling CT.,"Share of the part's cells seen wet, MEAN OVER YEARS (%). Rulings AZ / CX - this is NOT a between-year flood frequency and is not labelled as one. Computed as the mean over the part's cells of the census parquet's COUNTED per-cell flood_freq_pct, which is exactly equal to the mean over years of the part's within-year wet share because valid_years == 35 on every cell.",500,BETWEEN-PART description: how a paddock x community area's mean per-cell temporal cover percentile relates to how wet that area is. Not a within-unit response and no cause is attributed.
56,Aeolian Chenopod Shrublands,5730,43.795628,70.31737,0,11.866866,357.2736847273152,Dinan 9,14-day grazing,aeolian,Dinan 9 / aeolian,27306,20.98439903317952,3,pixel,paddock x community part,1988-2022 (35 water years),unweighted mean over the part's cells,treed_context_flag = 0 AND regime_band <> 'context',0.06235142839918241,the part's own non-treed census cells,SEASONAL basis: each cell's percentile is taken over the 140 seasonal composites (4 per water year x 35 water years) with MIN_SEASONS = 50. Identical to the TEMPORAL-1 paddock figure. Ruling CT.,"Share of the part's cells seen wet, MEAN OVER YEARS (%). Rulings AZ / CX - this is NOT a between-year flood frequency and is not labelled as one. Computed as the mean over the part's cells of the census parquet's COUNTED per-cell flood_freq_pct, which is exactly equal to the mean over years of the part's within-year wet share because valid_years == 35 on every cell.",500,BETWEEN-PART description: how a paddock x community area's mean per-cell temporal cover percentile relates to how wet that area is. Not a within-unit response and no cause is attributed.
56,Inland Floodplain Shrublands / Swamps,16588,45.720955,75.17333,0,12.09308,1034.285494285638,Dinan 9,14-day grazing,inland,Dinan 9 / inland,27306,60.74855343148026,3,pixel,paddock x community part,1988-2022 (35 water years),unweighted mean over the part's cells,treed_context_flag = 0 AND regime_band <> 'context',0.06235142839918241,the part's own non-treed census cells,SEASONAL basis: each cell's percentile is taken over the 140 seasonal composites (4 per water year x 35 water years) with MIN_SEASONS = 50. Identical to the TEMPORAL-1 paddock figure. Ruling CT.,"Share of the part's cells seen wet, MEAN OVER YEARS (%). Rulings AZ / CX - this is NOT a between-year flood frequency and is not labelled as one. Computed as the mean over the part's cells of the census parquet's COUNTED per-cell flood_freq_pct, which is exactly equal to the mean over years of the part's within-year wet share because valid_years == 35 on every cell.",500,BETWEEN-PART description: how a paddock x community area's mean per-cell temporal cover percentile relates to how wet that area is. Not a within-unit response and no cause is attributed.
3,Riverine Chenopod Shrublands,3704,50.028507,76.14681,0,12.156741,230.94969079057165,Bala 28ca,No grazing,riverine,Bala 28ca / riverine,21986,16.84708450832348,2,pixel,paddock x community part,1988-2022 (35 water years),unweighted mean over the part's cells,treed_context_flag = 0 AND regime_band <> 'context',0.06235142839918241,the part's own non-treed census cells,SEASONAL basis: each cell's percentile is taken over the 140 seasonal composites (4 per water year x 35 water years) with MIN_SEASONS = 50. Identical to the TEMPORAL-1 paddock figure. Ruling CT.,"Share of the part's cells seen wet, MEAN OVER YEARS (%). Rulings AZ / CX - this is NOT a between-year flood frequency and is not labelled as one. Computed as the mean over the part's cells of the census parquet's COUNTED per-cell flood_freq_pct, which is exactly equal to the mean over years of the part's within-year wet share because valid_years == 35 on every cell.",500,BETWEEN-PART description: how a paddock x community area's mean per-cell temporal cover percentile relates to how wet that area is. Not a within-unit response and no cause is attributed.
28,Riverine Chenopod Shrublands,844,48.684143,73.05444,0,12.369668,52.624605568909956,Mara 2,14-day grazing,riverine,Mara 2 / riverine,1985,42.51889168765743,2,pixel,paddock x community part,1988-2022 (35 water years),unweighted mean over the part's cells,treed_context_flag = 0 AND regime_band <> 'context',0.06235142839918241,the part's own non-treed census cells,SEASONAL basis: each cell's percentile is taken over the 140 seasonal composites (4 per water year x 35 water years) with MIN_SEASONS = 50. Identical to the TEMPORAL-1 paddock figure. Ruling CT.,"Share of the part's cells seen wet, MEAN OVER YEARS (%). Rulings AZ / CX - this is NOT a between-year flood frequency and is not labelled as one. Computed as the mean over the part's cells of the census parquet's COUNTED per-cell flood_freq_pct, which is exactly equal to the mean over years of the part's within-year wet share because valid_years == 35 on every cell.",500,BETWEEN-PART description: how a paddock x community area's mean per-cell temporal cover percentile relates to how wet that area is. Not a within-unit response and no cause is attributed.
1,Riverine Chenopod Shrublands,636,26.855742,69.44804,0,13.342318,39.65550846188001,Bala 26ca,No grazing,riverine,Bala 26ca / riverine,33035,1.9252308158014226,2,pixel,paddock x community part,1988-2022 (35 water years),unweighted mean over the part's cells,treed_context_flag = 0 AND regime_band <> 'context',0.06235142839918241,the part's own non-treed census cells,SEASONAL basis: each cell's percentile is taken over the 140 seasonal composites (4 per water year x 35 water years) with MIN_SEASONS = 50. Identical to the TEMPORAL-1 paddock figure. Ruling CT.,"Share of the part's cells seen wet, MEAN OVER YEARS (%). Rulings AZ / CX - this is NOT a between-year flood frequency and is not labelled as one. Computed as the mean over the part's cells of the census parquet's COUNTED per-cell flood_freq_pct, which is exactly equal to the mean over years of the part's within-year wet share because valid_years == 35 on every cell.",500,BETWEEN-PART description: how a paddock x community area's mean per-cell temporal cover percentile relates to how wet that area is. Not a within-unit response and no cause is attributed.
51,Riverine Chenopod Shrublands,2674,36.575436,61.923428,0,13.509991,166.72771953941376,Dinan 3,14-day grazing,riverine,Dinan 3 / riverine,9590,27.883211678832115,3,pixel,paddock x community part,1988-2022 (35 water years),unweighted mean over the part's cells,treed_context_flag = 0 AND regime_band <> 'context',0.06235142839918241,the part's own non-treed census cells,SEASONAL basis: each cell's percentile is taken over the 140 seasonal composites (4 per water year x 35 water years) with MIN_SEASONS = 50. Identical to the TEMPORAL-1 paddock figure. Ruling CT.,"Share of the part's cells seen wet, MEAN OVER YEARS (%). Rulings AZ / CX - this is NOT a between-year flood frequency and is not labelled as one. Computed as the mean over the part's cells of the census parquet's COUNTED per-cell flood_freq_pct, which is exactly equal to the mean over years of the part's within-year wet share because valid_years == 35 on every cell.",500,BETWEEN-PART description: how a paddock x community area's mean per-cell temporal cover percentile relates to how wet that area is. Not a within-unit response and no cause is attributed.
37,Riverine Chenopod Shrublands,686,56.59033,80.63552,0,14.219074,42.77307988183913,Mara 7,14-day grazing,riverine,Mara 7 / riverine,14876,4.611454692121538,3,pixel,paddock x community part,1988-2022 (35 water years),unweighted mean over the part's cells,treed_context_flag = 0 AND regime_band <> 'context',0.06235142839918241,the part's own non-treed census cells,SEASONAL basis: each cell's percentile is taken over the 140 seasonal composites (4 per water year x 35 water years) with MIN_SEASONS = 50. Identical to the TEMPORAL-1 paddock figure. Ruling CT.,"Share of the part's cells seen wet, MEAN OVER YEARS (%). Rulings AZ / CX - this is NOT a between-year flood frequency and is not labelled as one. Computed as the mean over the part's cells of the census parquet's COUNTED per-cell flood_freq_pct, which is exactly equal to the mean over years of the part's within-year wet share because valid_years == 35 on every cell.",500,BETWEEN-PART description: how a paddock x community area's mean per-cell temporal cover percentile relates to how wet that area is. Not a within-unit response and no cause is attributed.
5,Inland Floodplain Shrublands / Swamps,9808,64.61129,83.20978,0,15.615824,611.542809739181,Bala 1,14-day grazing,inland,Bala 1 / inland,10126,96.85956942524196,1,pixel,paddock x community part,1988-2022 (35 water years),unweighted mean over the part's cells,treed_context_flag = 0 AND regime_band <> 'context',0.06235142839918241,the part's own non-treed census cells,SEASONAL basis: each cell's percentile is taken over the 140 seasonal composites (4 per water year x 35 water years) with MIN_SEASONS = 50. Identical to the TEMPORAL-1 paddock figure. Ruling CT.,"Share of the part's cells seen wet, MEAN OVER YEARS (%). Rulings AZ / CX - this is NOT a between-year flood frequency and is not labelled as one. Computed as the mean over the part's cells of the census parquet's COUNTED per-cell flood_freq_pct, which is exactly equal to the mean over years of the part's within-year wet share because valid_years == 35 on every cell.",500,BETWEEN-PART description: how a paddock x community area's mean per-cell temporal cover percentile relates to how wet that area is. Not a within-unit response and no cause is attributed.
10,Inland Floodplain Shrublands / Swamps,18947,62.19501,83.24998,0,15.826102,1181.372513879309,Bala 6,14-day grazing,inland,Bala 6 / inland,32425,58.43330763299923,2,pixel,paddock x community part,1988-2022 (35 water years),unweighted mean over the part's cells,treed_context_flag = 0 AND regime_band <> 'context',0.06235142839918241,the part's own non-treed census cells,SEASONAL basis: each cell's percentile is taken over the 140 seasonal composites (4 per water year x 35 water years) with MIN_SEASONS = 50. Identical to the TEMPORAL-1 paddock figure. Ruling CT.,"Share of the part's cells seen wet, MEAN OVER YEARS (%). Rulings AZ / CX - this is NOT a between-year flood frequency and is not labelled as one. Computed as the mean over the part's cells of the census parquet's COUNTED per-cell flood_freq_pct, which is exactly equal to the mean over years of the part's within-year wet share because valid_years == 35 on every cell.",500,BETWEEN-PART description: how a paddock x community area's mean per-cell temporal cover percentile relates to how wet that area is. Not a within-unit response and no cause is attributed.
4,Inland Floodplain Shrublands / Swamps,12687,55.772614,79.797615,0,15.920008,791.0525721004273,Bala 29ca,No grazing,inland,Bala 29ca / inland,36676,34.59210382811648,3,pixel,paddock x community part,1988-2022 (35 water years),unweighted mean over the part's cells,treed_context_flag = 0 AND regime_band <> 'context',0.06235142839918241,the part's own non-treed census cells,SEASONAL basis: each cell's percentile is taken over the 140 seasonal composites (4 per water year x 35 water years) with MIN_SEASONS = 50. Identical to the TEMPORAL-1 paddock figure. Ruling CT.,"Share of the part's cells seen wet, MEAN OVER YEARS (%). Rulings AZ / CX - this is NOT a between-year flood frequency and is not labelled as one. Computed as the mean over the part's cells of the census parquet's COUNTED per-cell flood_freq_pct, which is exactly equal to the mean over years of the part's within-year wet share because valid_years == 35 on every cell.",500,BETWEEN-PART description: how a paddock x community area's mean per-cell temporal cover percentile relates to how wet that area is. Not a within-unit response and no cause is attributed.
55,Riverine Chenopod Shrublands,22565,39.721504,70.15671,0,16.32123,1406.959981827551,Dinan 8,14-day grazing,riverine,Dinan 8 / riverine,42843,52.669047452325934,3,pixel,paddock x community part,1988-2022 (35 water years),unweighted mean over the part's cells,treed_context_flag = 0 AND regime_band <> 'context',0.06235142839918241,the part's own non-treed census cells,SEASONAL basis: each cell's percentile is taken over the 140 seasonal composites (4 per water year x 35 water years) with MIN_SEASONS = 50. Identical to the TEMPORAL-1 paddock figure. Ruling CT.,"Share of the part's cells seen wet, MEAN OVER YEARS (%). Rulings AZ / CX - this is NOT a between-year flood frequency and is not labelled as one. Computed as the mean over the part's cells of the census parquet's COUNTED per-cell flood_freq_pct, which is exactly equal to the mean over years of the part's within-year wet share because valid_years == 35 on every cell.",500,BETWEEN-PART description: how a paddock x community area's mean per-cell temporal cover percentile relates to how wet that area is. Not a within-unit response and no cause is attributed.
43,Inland Floodplain Shrublands / Swamps,3580,47.612103,82.70981,0,17.160416,223.21811366907303,Mara 18,14-day grazing,inland,Mara 18 / inland,3580,100.0,1,pixel,paddock x community part,1988-2022 (35 water years),unweighted mean over the part's cells,treed_context_flag = 0 AND regime_band <> 'context',0.06235142839918241,the part's own non-treed census cells,SEASONAL basis: each cell's percentile is taken over the 140 seasonal composites (4 per water year x 35 water years) with MIN_SEASONS = 50. Identical to the TEMPORAL-1 paddock figure. Ruling CT.,"Share of the part's cells seen wet, MEAN OVER YEARS (%). Rulings AZ / CX - this is NOT a between-year flood frequency and is not labelled as one. Computed as the mean over the part's cells of the census parquet's COUNTED per-cell flood_freq_pct, which is exactly equal to the mean over years of the part's within-year wet share because valid_years == 35 on every cell.",500,BETWEEN-PART description: how a paddock x community area's mean per-cell temporal cover percentile relates to how wet that area is. Not a within-unit response and no cause is attributed.
9,Inland Floodplain Shrublands / Swamps,22252,52.63987,80.91935,0,17.170078,1387.443984738607,Bala 5,14-day grazing,inland,Bala 5 / inland,24384,91.25656167979002,2,pixel,paddock x community part,1988-2022 (35 water years),unweighted mean over the part's cells,treed_context_flag = 0 AND regime_band <> 'context',0.06235142839918241,the part's own non-treed census cells,SEASONAL basis: each cell's percentile is taken over the 140 seasonal composites (4 per water year x 35 water years) with MIN_SEASONS = 50. Identical to the TEMPORAL-1 paddock figure. Ruling CT.,"Share of the part's cells seen wet, MEAN OVER YEARS (%). Rulings AZ / CX - this is NOT a between-year flood frequency and is not labelled as one. Computed as the mean over the part's cells of the census parquet's COUNTED per-cell flood_freq_pct, which is exactly equal to the mean over years of the part's within-year wet share because valid_years == 35 on every cell.",500,BETWEEN-PART description: how a paddock x community area's mean per-cell temporal cover percentile relates to how wet that area is. Not a within-unit response and no cause is attributed.
59,Riverine Chenopod Shrublands,22024,52.08284,77.48165,0,17.654507,1373.2278590635933,Dinan 12,14-day grazing,riverine,Dinan 12 / riverine,26488,83.14708547266687,2,pixel,paddock x community part,1988-2022 (35 water years),unweighted mean over the part's cells,treed_context_flag = 0 AND regime_band <> 'context',0.06235142839918241,the part's own non-treed census cells,SEASONAL basis: each cell's percentile is taken over the 140 seasonal composites (4 per water year x 35 water years) with MIN_SEASONS = 50. Identical to the TEMPORAL-1 paddock figure. Ruling CT.,"Share of the part's cells seen wet, MEAN OVER YEARS (%). Rulings AZ / CX - this is NOT a between-year flood frequency and is not labelled as one. Computed as the mean over the part's cells of the census parquet's COUNTED per-cell flood_freq_pct, which is exactly equal to the mean over years of the part's within-year wet share because valid_years == 35 on every cell.",500,BETWEEN-PART description: how a paddock x community area's mean per-cell temporal cover percentile relates to how wet that area is. Not a within-unit response and no cause is attributed.
55,Inland Floodplain Shrublands / Swamps,3724,41.12752,74.39536,0,18.069664,232.1967193585553,Dinan 8,14-day grazing,inland,Dinan 8 / inland,42843,8.692201759914106,3,pixel,paddock x community part,1988-2022 (35 water years),unweighted mean over the part's cells,treed_context_flag = 0 AND regime_band <> 'context',0.06235142839918241,the part's own non-treed census cells,SEASONAL basis: each cell's percentile is taken over the 140 seasonal composites (4 per water year x 35 water years) with MIN_SEASONS = 50. Identical to the TEMPORAL-1 paddock figure. Ruling CT.,"Share of the part's cells seen wet, MEAN OVER YEARS (%). Rulings AZ / CX - this is NOT a between-year flood frequency and is not labelled as one. Computed as the mean over the part's cells of the census parquet's COUNTED per-cell flood_freq_pct, which is exactly equal to the mean over years of the part's within-year wet share because valid_years == 35 on every cell.",500,BETWEEN-PART description: how a paddock x community area's mean per-cell temporal cover percentile relates to how wet that area is. Not a within-unit response and no cause is attributed.
58,Riverine Chenopod Shrublands,11694,40.92441,73.07195,0,18.263578,729.1376037000391,Dinan 13,14-day grazing,riverine,Dinan 13 / riverine,20212,57.85671878092222,3,pixel,paddock x community part,1988-2022 (35 water years),unweighted mean over the part's cells,treed_context_flag = 0 AND regime_band <> 'context',0.06235142839918241,the part's own non-treed census cells,SEASONAL basis: each cell's percentile is taken over the 140 seasonal composites (4 per water year x 35 water years) with MIN_SEASONS = 50. Identical to the TEMPORAL-1 paddock figure. Ruling CT.,"Share of the part's cells seen wet, MEAN OVER YEARS (%). Rulings AZ / CX - this is NOT a between-year flood frequency and is not labelled as one. Computed as the mean over the part's cells of the census parquet's COUNTED per-cell flood_freq_pct, which is exactly equal to the mean over years of the part's within-year wet share because valid_years == 35 on every cell.",500,BETWEEN-PART description: how a paddock x community area's mean per-cell temporal cover percentile relates to how wet that area is. Not a within-unit response and no cause is attributed.
53,Riverine Chenopod Shrublands,811,52.270638,78.67597,0,18.30192,50.56700843173694,Dinan 6,14-day grazing,riverine,Dinan 6 / riverine,6827,11.87930276841951,2,pixel,paddock x community part,1988-2022 (35 water years),unweighted mean over the part's cells,treed_context_flag = 0 AND regime_band <> 'context',0.06235142839918241,the part's own non-treed census cells,SEASONAL basis: each cell's percentile is taken over the 140 seasonal composites (4 per water year x 35 water years) with MIN_SEASONS = 50. Identical to the TEMPORAL-1 paddock figure. Ruling CT.,"Share of the part's cells seen wet, MEAN OVER YEARS (%). Rulings AZ / CX - this is NOT a between-year flood frequency and is not labelled as one. Computed as the mean over the part's cells of the census parquet's COUNTED per-cell flood_freq_pct, which is exactly equal to the mean over years of the part's within-year wet share because valid_years == 35 on every cell.",500,BETWEEN-PART description: how a paddock x community area's mean per-cell temporal cover percentile relates to how wet that area is. Not a within-unit response and no cause is attributed.
64,Riverine Chenopod Shrublands,2615,51.724564,76.25756,0,19.054903,163.048985263862,Dinan 5,14-day grazing,riverine,Dinan 5 / riverine,7078,36.945464820570784,2,pixel,paddock x community part,1988-2022 (35 water years),unweighted mean over the part's cells,treed_context_flag = 0 AND regime_band <> 'context',0.06235142839918241,the part's own non-treed census cells,SEASONAL basis: each cell's percentile is taken over the 140 seasonal composites (4 per water year x 35 water years) with MIN_SEASONS = 50. Identical to the TEMPORAL-1 paddock figure. Ruling CT.,"Share of the part's cells seen wet, MEAN OVER YEARS (%). Rulings AZ / CX - this is NOT a between-year flood frequency and is not labelled as one. Computed as the mean over the part's cells of the census parquet's COUNTED per-cell flood_freq_pct, which is exactly equal to the mean over years of the part's within-year wet share because valid_years == 35 on every cell.",500,BETWEEN-PART description: how a paddock x community area's mean per-cell temporal cover percentile relates to how wet that area is. Not a within-unit response and no cause is attributed.
38,Riverine Chenopod Shrublands,1232,53.354294,77.93884,0,20.452227,76.81695978779273,Mara 8,14-day grazing,riverine,Mara 8 / riverine,3784,32.55813953488372,3,pixel,paddock x community part,1988-2022 (35 water years),unweighted mean over the part's cells,treed_context_flag = 0 AND regime_band <> 'context',0.06235142839918241,the part's own non-treed census cells,SEASONAL basis: each cell's percentile is taken over the 140 seasonal composites (4 per water year x 35 water years) with MIN_SEASONS = 50. Identical to the TEMPORAL-1 paddock figure. Ruling CT.,"Share of the part's cells seen wet, MEAN OVER YEARS (%). Rulings AZ / CX - this is NOT a between-year flood frequency and is not labelled as one. Computed as the mean over the part's cells of the census parquet's COUNTED per-cell flood_freq_pct, which is exactly equal to the mean over years of the part's within-year wet share because valid_years == 35 on every cell.",500,BETWEEN-PART description: how a paddock x community area's mean per-cell temporal cover percentile relates to how wet that area is. Not a within-unit response and no cause is attributed.
28,Inland Floodplain Shrublands / Swamps,1141,52.323757,77.352,0,20.833855,71.14297980346713,Mara 2,14-day grazing,inland,Mara 2 / inland,1985,57.48110831234257,2,pixel,paddock x community part,1988-2022 (35 water years),unweighted mean over the part's cells,treed_context_flag = 0 AND regime_band <> 'context',0.06235142839918241,the part's own non-treed census cells,SEASONAL basis: each cell's percentile is taken over the 140 seasonal composites (4 per water year x 35 water years) with MIN_SEASONS = 50. Identical to the TEMPORAL-1 paddock figure. Ruling CT.,"Share of the part's cells seen wet, MEAN OVER YEARS (%). Rulings AZ / CX - this is NOT a between-year flood frequency and is not labelled as one. Computed as the mean over the part's cells of the census parquet's COUNTED per-cell flood_freq_pct, which is exactly equal to the mean over years of the part's within-year wet share because valid_years == 35 on every cell.",500,BETWEEN-PART description: how a paddock x community area's mean per-cell temporal cover percentile relates to how wet that area is. Not a within-unit response and no cause is attributed.
53,Inland Floodplain Shrublands / Swamps,6016,51.215263,78.57951,0,22.388393,375.10619324948135,Dinan 6,14-day grazing,inland,Dinan 6 / inland,6827,88.1206972315805,2,pixel,paddock x community part,1988-2022 (35 water years),unweighted mean over the part's cells,treed_context_flag = 0 AND regime_band <> 'context',0.06235142839918241,the part's own non-treed census cells,SEASONAL basis: each cell's percentile is taken over the 140 seasonal composites (4 per water year x 35 water years) with MIN_SEASONS = 50. Identical to the TEMPORAL-1 paddock figure. Ruling CT.,"Share of the part's cells seen wet, MEAN OVER YEARS (%). Rulings AZ / CX - this is NOT a between-year flood frequency and is not labelled as one. Computed as the mean over the part's cells of the census parquet's COUNTED per-cell flood_freq_pct, which is exactly equal to the mean over years of the part's within-year wet share because valid_years == 35 on every cell.",500,BETWEEN-PART description: how a paddock x community area's mean per-cell temporal cover percentile relates to how wet that area is. Not a within-unit response and no cause is attributed.
18,Riverine Chenopod Shrublands,2845,46.971497,76.940025,0,22.796886,177.38981379567394,Bala 20,14-day grazing,riverine,Bala 20 / riverine,12653,22.4847862167075,2,pixel,paddock x community part,1988-2022 (35 water years),unweighted mean over the part's cells,treed_context_flag = 0 AND regime_band <> 'context',0.06235142839918241,the part's own non-treed census cells,SEASONAL basis: each cell's percentile is taken over the 140 seasonal composites (4 per water year x 35 water years) with MIN_SEASONS = 50. Identical to the TEMPORAL-1 paddock figure. Ruling CT.,"Share of the part's cells seen wet, MEAN OVER YEARS (%). Rulings AZ / CX - this is NOT a between-year flood frequency and is not labelled as one. Computed as the mean over the part's cells of the census parquet's COUNTED per-cell flood_freq_pct, which is exactly equal to the mean over years of the part's within-year wet share because valid_years == 35 on every cell.",500,BETWEEN-PART description: how a paddock x community area's mean per-cell temporal cover percentile relates to how wet that area is. Not a within-unit response and no cause is attributed.
61,Riverine Chenopod Shrublands,5522,47.532295,75.38716,0,23.208982,344.30458762028525,Dinan 11,14-day grazing,riverine,Dinan 11 / riverine,9556,57.78568438677271,3,pixel,paddock x community part,1988-2022 (35 water years),unweighted mean over the part's cells,treed_context_flag = 0 AND regime_band <> 'context',0.06235142839918241,the part's own non-treed census cells,SEASONAL basis: each cell's percentile is taken over the 140 seasonal composites (4 per water year x 35 water years) with MIN_SEASONS = 50. Identical to the TEMPORAL-1 paddock figure. Ruling CT.,"Share of the part's cells seen wet, MEAN OVER YEARS (%). Rulings AZ / CX - this is NOT a between-year flood frequency and is not labelled as one. Computed as the mean over the part's cells of the census parquet's COUNTED per-cell flood_freq_pct, which is exactly equal to the mean over years of the part's within-year wet share because valid_years == 35 on every cell.",500,BETWEEN-PART description: how a paddock x community area's mean per-cell temporal cover percentile relates to how wet that area is. Not a within-unit response and no cause is attributed.
11,Inland Floodplain Shrublands / Swamps,4101,51.566048,76.962296,0,23.385933,255.70320786504706,Bala 9,14-day grazing,inland,Bala 9 / inland,4101,100.0,1,pixel,paddock x community part,1988-2022 (35 water years),unweighted mean over the part's cells,treed_context_flag = 0 AND regime_band <> 'context',0.06235142839918241,the part's own non-treed census cells,SEASONAL basis: each cell's percentile is taken over the 140 seasonal composites (4 per water year x 35 water years) with MIN_SEASONS = 50. Identical to the TEMPORAL-1 paddock figure. Ruling CT.,"Share of the part's cells seen wet, MEAN OVER YEARS (%). Rulings AZ / CX - this is NOT a between-year flood frequency and is not labelled as one. Computed as the mean over the part's cells of the census parquet's COUNTED per-cell flood_freq_pct, which is exactly equal to the mean over years of the part's within-year wet share because valid_years == 35 on every cell.",500,BETWEEN-PART description: how a paddock x community area's mean per-cell temporal cover percentile relates to how wet that area is. Not a within-unit response and no cause is attributed.
22,Inland Floodplain Shrublands / Swamps,5667,64.757225,85.402405,0,23.74751,353.3455447381667,Bala 24,14-day grazing,inland,Bala 24 / inland,5667,100.0,1,pixel,paddock x community part,1988-2022 (35 water years),unweighted mean over the part's cells,treed_context_flag = 0 AND regime_band <> 'context',0.06235142839918241,the part's own non-treed census cells,SEASONAL basis: each cell's percentile is taken over the 140 seasonal composites (4 per water year x 35 water years) with MIN_SEASONS = 50. Identical to the TEMPORAL-1 paddock figure. Ruling CT.,"Share of the part's cells seen wet, MEAN OVER YEARS (%). Rulings AZ / CX - this is NOT a between-year flood frequency and is not labelled as one. Computed as the mean over the part's cells of the census parquet's COUNTED per-cell flood_freq_pct, which is exactly equal to the mean over years of the part's within-year wet share because valid_years == 35 on every cell.",500,BETWEEN-PART description: how a paddock x community area's mean per-cell temporal cover percentile relates to how wet that area is. Not a within-unit response and no cause is attributed.
47,Inland Floodplain Shrublands / Swamps,6395,60.56213,82.86937,0,24.310959,398.7373846127715,Mara 22,14-day grazing,inland,Mara 22 / inland,6395,100.0,1,pixel,paddock x community part,1988-2022 (35 water years),unweighted mean over the part's cells,treed_context_flag = 0 AND regime_band <> 'context',0.06235142839918241,the part's own non-treed census cells,SEASONAL basis: each cell's percentile is taken over the 140 seasonal composites (4 per water year x 35 water years) with MIN_SEASONS = 50. Identical to the TEMPORAL-1 paddock figure. Ruling CT.,"Share of the part's cells seen wet, MEAN OVER YEARS (%). Rulings AZ / CX - this is NOT a between-year flood frequency and is not labelled as one. Computed as the mean over the part's cells of the census parquet's COUNTED per-cell flood_freq_pct, which is exactly equal to the mean over years of the part's within-year wet share because valid_years == 35 on every cell.",500,BETWEEN-PART description: how a paddock x community area's mean per-cell temporal cover percentile relates to how wet that area is. Not a within-unit response and no cause is attributed.
63,Inland Floodplain Shrublands / Swamps,6777,52.083355,79.65671,0,24.984085,422.5556302612592,Dinan 4,14-day grazing,inland,Dinan 4 / inland,10879,62.29432852284217,2,pixel,paddock x community part,1988-2022 (35 water years),unweighted mean over the part's cells,treed_context_flag = 0 AND regime_band <> 'context',0.06235142839918241,the part's own non-treed census cells,SEASONAL basis: each cell's percentile is taken over the 140 seasonal composites (4 per water year x 35 water years) with MIN_SEASONS = 50. Identical to the TEMPORAL-1 paddock figure. Ruling CT.,"Share of the part's cells seen wet, MEAN OVER YEARS (%). Rulings AZ / CX - this is NOT a between-year flood frequency and is not labelled as one. Computed as the mean over the part's cells of the census parquet's COUNTED per-cell flood_freq_pct, which is exactly equal to the mean over years of the part's within-year wet share because valid_years == 35 on every cell.",500,BETWEEN-PART description: how a paddock x community area's mean per-cell temporal cover percentile relates to how wet that area is. Not a within-unit response and no cause is attributed.
62,Inland Floodplain Shrublands / Swamps,10042,57.62702,81.6466,0,25.09062,626.1330439845898,Dinan 1,14-day grazing,inland,Dinan 1 / inland,12527,80.16284824778478,3,pixel,paddock x community part,1988-2022 (35 water years),unweighted mean over the part's cells,treed_context_flag = 0 AND regime_band <> 'context',0.06235142839918241,the part's own non-treed census cells,SEASONAL basis: each cell's percentile is taken over the 140 seasonal composites (4 per water year x 35 water years) with MIN_SEASONS = 50. Identical to the TEMPORAL-1 paddock figure. Ruling CT.,"Share of the part's cells seen wet, MEAN OVER YEARS (%). Rulings AZ / CX - this is NOT a between-year flood frequency and is not labelled as one. Computed as the mean over the part's cells of the census parquet's COUNTED per-cell flood_freq_pct, which is exactly equal to the mean over years of the part's within-year wet share because valid_years == 35 on every cell.",500,BETWEEN-PART description: how a paddock x community area's mean per-cell temporal cover percentile relates to how wet that area is. Not a within-unit response and no cause is attributed.
51,Inland Floodplain Shrublands / Swamps,4499,58.155502,82.45038,0,25.105896,280.5190763679217,Dinan 3,14-day grazing,inland,Dinan 3 / inland,9590,46.91345151199166,3,pixel,paddock x community part,1988-2022 (35 water years),unweighted mean over the part's cells,treed_context_flag = 0 AND regime_band <> 'context',0.06235142839918241,the part's own non-treed census cells,SEASONAL basis: each cell's percentile is taken over the 140 seasonal composites (4 per water year x 35 water years) with MIN_SEASONS = 50. Identical to the TEMPORAL-1 paddock figure. Ruling CT.,"Share of the part's cells seen wet, MEAN OVER YEARS (%). Rulings AZ / CX - this is NOT a between-year flood frequency and is not labelled as one. Computed as the mean over the part's cells of the census parquet's COUNTED per-cell flood_freq_pct, which is exactly equal to the mean over years of the part's within-year wet share because valid_years == 35 on every cell.",500,BETWEEN-PART description: how a paddock x community area's mean per-cell temporal cover percentile relates to how wet that area is. Not a within-unit response and no cause is attributed.
14,Inland Floodplain Shrublands / Swamps,8452,52.98071,76.34477,0,25.60138,526.9942728298897,Bala 15,14-day grazing,inland,Bala 15 / inland,8475,99.72861356932154,1,pixel,paddock x community part,1988-2022 (35 water years),unweighted mean over the part's cells,treed_context_flag = 0 AND regime_band <> 'context',0.06235142839918241,the part's own non-treed census cells,SEASONAL basis: each cell's percentile is taken over the 140 seasonal composites (4 per water year x 35 water years) with MIN_SEASONS = 50. Identical to the TEMPORAL-1 paddock figure. Ruling CT.,"Share of the part's cells seen wet, MEAN OVER YEARS (%). Rulings AZ / CX - this is NOT a between-year flood frequency and is not labelled as one. Computed as the mean over the part's cells of the census parquet's COUNTED per-cell flood_freq_pct, which is exactly equal to the mean over years of the part's within-year wet share because valid_years == 35 on every cell.",500,BETWEEN-PART description: how a paddock x community area's mean per-cell temporal cover percentile relates to how wet that area is. Not a within-unit response and no cause is attributed.
27,Inland Floodplain Shrublands / Swamps,588,64.10545,85.532,0,26.48688,36.662639898719256,Mara 1,14-day grazing,inland,Mara 1 / inland,850,69.17647058823529,1,pixel,paddock x community part,1988-2022 (35 water years),unweighted mean over the part's cells,treed_context_flag = 0 AND regime_band <> 'context',0.06235142839918241,the part's own non-treed census cells,SEASONAL basis: each cell's percentile is taken over the 140 seasonal composites (4 per water year x 35 water years) with MIN_SEASONS = 50. Identical to the TEMPORAL-1 paddock figure. Ruling CT.,"Share of the part's cells seen wet, MEAN OVER YEARS (%). Rulings AZ / CX - this is NOT a between-year flood frequency and is not labelled as one. Computed as the mean over the part's cells of the census parquet's COUNTED per-cell flood_freq_pct, which is exactly equal to the mean over years of the part's within-year wet share because valid_years == 35 on every cell.",500,BETWEEN-PART description: how a paddock x community area's mean per-cell temporal cover percentile relates to how wet that area is. Not a within-unit response and no cause is attributed.
8,Inland Floodplain Shrublands / Swamps,5578,71.8309,85.62668,0,26.644983,347.79626761063946,Bala 4,14-day grazing,inland,Bala 4 / inland,5578,100.0,1,pixel,paddock x community part,1988-2022 (35 water years),unweighted mean over the part's cells,treed_context_flag = 0 AND regime_band <> 'context',0.06235142839918241,the part's own non-treed census cells,SEASONAL basis: each cell's percentile is taken over the 140 seasonal composites (4 per water year x 35 water years) with MIN_SEASONS = 50. Identical to the TEMPORAL-1 paddock figure. Ruling CT.,"Share of the part's cells seen wet, MEAN OVER YEARS (%). Rulings AZ / CX - this is NOT a between-year flood frequency and is not labelled as one. Computed as the mean over the part's cells of the census parquet's COUNTED per-cell flood_freq_pct, which is exactly equal to the mean over years of the part's within-year wet share because valid_years == 35 on every cell.",500,BETWEEN-PART description: how a paddock x community area's mean per-cell temporal cover percentile relates to how wet that area is. Not a within-unit response and no cause is attributed.
15,Inland Floodplain Shrublands / Swamps,11970,61.8669,79.40573,0,27.415682,746.3465979382134,Bala 17,14-day grazing,inland,Bala 17 / inland,11970,100.0,1,pixel,paddock x community part,1988-2022 (35 water years),unweighted mean over the part's cells,treed_context_flag = 0 AND regime_band <> 'context',0.06235142839918241,the part's own non-treed census cells,SEASONAL basis: each cell's percentile is taken over the 140 seasonal composites (4 per water year x 35 water years) with MIN_SEASONS = 50. Identical to the TEMPORAL-1 paddock figure. Ruling CT.,"Share of the part's cells seen wet, MEAN OVER YEARS (%). Rulings AZ / CX - this is NOT a between-year flood frequency and is not labelled as one. Computed as the mean over the part's cells of the census parquet's COUNTED per-cell flood_freq_pct, which is exactly equal to the mean over years of the part's within-year wet share because valid_years == 35 on every cell.",500,BETWEEN-PART description: how a paddock x community area's mean per-cell temporal cover percentile relates to how wet that area is. Not a within-unit response and no cause is attributed.
64,Inland Floodplain Shrublands / Swamps,4463,57.743534,81.32241,0,27.84994,278.2744249455511,Dinan 5,14-day grazing,inland,Dinan 5 / inland,7078,63.054535179429216,2,pixel,paddock x community part,1988-2022 (35 water years),unweighted mean over the part's cells,treed_context_flag = 0 AND regime_band <> 'context',0.06235142839918241,the part's own non-treed census cells,SEASONAL basis: each cell's percentile is taken over the 140 seasonal composites (4 per water year x 35 water years) with MIN_SEASONS = 50. Identical to the TEMPORAL-1 paddock figure. Ruling CT.,"Share of the part's cells seen wet, MEAN OVER YEARS (%). Rulings AZ / CX - this is NOT a between-year flood frequency and is not labelled as one. Computed as the mean over the part's cells of the census parquet's COUNTED per-cell flood_freq_pct, which is exactly equal to the mean over years of the part's within-year wet share because valid_years == 35 on every cell.",500,BETWEEN-PART description: how a paddock x community area's mean per-cell temporal cover percentile relates to how wet that area is. Not a within-unit response and no cause is attributed.
16,Riverine Chenopod Shrublands,623,67.47844,84.86051,0,28.562256,38.84493989269064,Bala 18,14-day grazing,riverine,Bala 18 / riverine,12096,5.150462962962963,2,pixel,paddock x community part,1988-2022 (35 water years),unweighted mean over the part's cells,treed_context_flag = 0 AND regime_band <> 'context',0.06235142839918241,the part's own non-treed census cells,SEASONAL basis: each cell's percentile is taken over the 140 seasonal composites (4 per water year x 35 water years) with MIN_SEASONS = 50. Identical to the TEMPORAL-1 paddock figure. Ruling CT.,"Share of the part's cells seen wet, MEAN OVER YEARS (%). Rulings AZ / CX - this is NOT a between-year flood frequency and is not labelled as one. Computed as the mean over the part's cells of the census parquet's COUNTED per-cell flood_freq_pct, which is exactly equal to the mean over years of the part's within-year wet share because valid_years == 35 on every cell.",500,BETWEEN-PART description: how a paddock x community area's mean per-cell temporal cover percentile relates to how wet that area is. Not a within-unit response and no cause is attributed.
17,Inland Floodplain Shrublands / Swamps,13332,60.087364,81.06156,0,29.148344,831.2692434178999,Bala 19,14-day grazing,inland,Bala 19 / inland,13332,100.0,1,pixel,paddock x community part,1988-2022 (35 water years),unweighted mean over the part's cells,treed_context_flag = 0 AND regime_band <> 'context',0.06235142839918241,the part's own non-treed census cells,SEASONAL basis: each cell's percentile is taken over the 140 seasonal composites (4 per water year x 35 water years) with MIN_SEASONS = 50. Identical to the TEMPORAL-1 paddock figure. Ruling CT.,"Share of the part's cells seen wet, MEAN OVER YEARS (%). Rulings AZ / CX - this is NOT a between-year flood frequency and is not labelled as one. Computed as the mean over the part's cells of the census parquet's COUNTED per-cell flood_freq_pct, which is exactly equal to the mean over years of the part's within-year wet share because valid_years == 35 on every cell.",500,BETWEEN-PART description: how a paddock x community area's mean per-cell temporal cover percentile relates to how wet that area is. Not a within-unit response and no cause is attributed.
21,Riverine Chenopod Shrublands,4486,59.123127,80.73739,0,29.657984,279.7085077987323,Bala 23,14-day grazing,riverine,Bala 23 / riverine,24369,18.408633920144446,2,pixel,paddock x community part,1988-2022 (35 water years),unweighted mean over the part's cells,treed_context_flag = 0 AND regime_band <> 'context',0.06235142839918241,the part's own non-treed census cells,SEASONAL basis: each cell's percentile is taken over the 140 seasonal composites (4 per water year x 35 water years) with MIN_SEASONS = 50. Identical to the TEMPORAL-1 paddock figure. Ruling CT.,"Share of the part's cells seen wet, MEAN OVER YEARS (%). Rulings AZ / CX - this is NOT a between-year flood frequency and is not labelled as one. Computed as the mean over the part's cells of the census parquet's COUNTED per-cell flood_freq_pct, which is exactly equal to the mean over years of the part's within-year wet share because valid_years == 35 on every cell.",500,BETWEEN-PART description: how a paddock x community area's mean per-cell temporal cover percentile relates to how wet that area is. Not a within-unit response and no cause is attributed.
46,Inland Floodplain Shrublands / Swamps,2397,53.269184,81.634026,0,29.65969,149.45637387284023,Mara 20,14-day grazing,inland,Mara 20 / inland,2397,100.0,1,pixel,paddock x community part,1988-2022 (35 water years),unweighted mean over the part's cells,treed_context_flag = 0 AND regime_band <> 'context',0.06235142839918241,the part's own non-treed census cells,SEASONAL basis: each cell's percentile is taken over the 140 seasonal composites (4 per water year x 35 water years) with MIN_SEASONS = 50. Identical to the TEMPORAL-1 paddock figure. Ruling CT.,"Share of the part's cells seen wet, MEAN OVER YEARS (%). Rulings AZ / CX - this is NOT a between-year flood frequency and is not labelled as one. Computed as the mean over the part's cells of the census parquet's COUNTED per-cell flood_freq_pct, which is exactly equal to the mean over years of the part's within-year wet share because valid_years == 35 on every cell.",500,BETWEEN-PART description: how a paddock x community area's mean per-cell temporal cover percentile relates to how wet that area is. Not a within-unit response and no cause is attributed.
2,Inland Floodplain Shrublands / Swamps,23908,59.904243,81.73009,0,29.690243,1490.697950167653,Bala 27ca,No grazing,inland,Bala 27ca / inland,23908,100.0,1,pixel,paddock x community part,1988-2022 (35 water years),unweighted mean over the part's cells,treed_context_flag = 0 AND regime_band <> 'context',0.06235142839918241,the part's own non-treed census cells,SEASONAL basis: each cell's percentile is taken over the 140 seasonal composites (4 per water year x 35 water years) with MIN_SEASONS = 50. Identical to the TEMPORAL-1 paddock figure. Ruling CT.,"Share of the part's cells seen wet, MEAN OVER YEARS (%). Rulings AZ / CX - this is NOT a between-year flood frequency and is not labelled as one. Computed as the mean over the part's cells of the census parquet's COUNTED per-cell flood_freq_pct, which is exactly equal to the mean over years of the part's within-year wet share because valid_years == 35 on every cell.",500,BETWEEN-PART description: how a paddock x community area's mean per-cell temporal cover percentile relates to how wet that area is. Not a within-unit response and no cause is attributed.
30,Inland Floodplain Shrublands / Swamps,3992,60.830124,81.78701,0,29.899084,248.90690216953618,Mara 10,14-day grazing,inland,Mara 10 / inland,3992,100.0,1,pixel,paddock x community part,1988-2022 (35 water years),unweighted mean over the part's cells,treed_context_flag = 0 AND regime_band <> 'context',0.06235142839918241,the part's own non-treed census cells,SEASONAL basis: each cell's percentile is taken over the 140 seasonal composites (4 per water year x 35 water years) with MIN_SEASONS = 50. Identical to the TEMPORAL-1 paddock figure. Ruling CT.,"Share of the part's cells seen wet, MEAN OVER YEARS (%). Rulings AZ / CX - this is NOT a between-year flood frequency and is not labelled as one. Computed as the mean over the part's cells of the census parquet's COUNTED per-cell flood_freq_pct, which is exactly equal to the mean over years of the part's within-year wet share because valid_years == 35 on every cell.",500,BETWEEN-PART description: how a paddock x community area's mean per-cell temporal cover percentile relates to how wet that area is. Not a within-unit response and no cause is attributed.
13,Inland Floodplain Shrublands / Swamps,12762,61.4781,82.71624,0,30.285221,795.7289292303659,Bala 13,14-day grazing,inland,Bala 13 / inland,12762,100.0,1,pixel,paddock x community part,1988-2022 (35 water years),unweighted mean over the part's cells,treed_context_flag = 0 AND regime_band <> 'context',0.06235142839918241,the part's own non-treed census cells,SEASONAL basis: each cell's percentile is taken over the 140 seasonal composites (4 per water year x 35 water years) with MIN_SEASONS = 50. Identical to the TEMPORAL-1 paddock figure. Ruling CT.,"Share of the part's cells seen wet, MEAN OVER YEARS (%). Rulings AZ / CX - this is NOT a between-year flood frequency and is not labelled as one. Computed as the mean over the part's cells of the census parquet's COUNTED per-cell flood_freq_pct, which is exactly equal to the mean over years of the part's within-year wet share because valid_years == 35 on every cell.",500,BETWEEN-PART description: how a paddock x community area's mean per-cell temporal cover percentile relates to how wet that area is. Not a within-unit response and no cause is attributed.
48,Inland Floodplain Shrublands / Swamps,720,67.55483,83.60328,0,30.460316,44.89302844741133,Mara 4,14-day grazing,inland,Mara 4 / inland,950,75.78947368421052,1,pixel,paddock x community part,1988-2022 (35 water years),unweighted mean over the part's cells,treed_context_flag = 0 AND regime_band <> 'context',0.06235142839918241,the part's own non-treed census cells,SEASONAL basis: each cell's percentile is taken over the 140 seasonal composites (4 per water year x 35 water years) with MIN_SEASONS = 50. Identical to the TEMPORAL-1 paddock figure. Ruling CT.,"Share of the part's cells seen wet, MEAN OVER YEARS (%). Rulings AZ / CX - this is NOT a between-year flood frequency and is not labelled as one. Computed as the mean over the part's cells of the census parquet's COUNTED per-cell flood_freq_pct, which is exactly equal to the mean over years of the part's within-year wet share because valid_years == 35 on every cell.",500,BETWEEN-PART description: how a paddock x community area's mean per-cell temporal cover percentile relates to how wet that area is. Not a within-unit response and no cause is attributed.
40,Inland Floodplain Shrublands / Swamps,16594,62.72559,83.88091,0,30.932007,1034.659602856033,Mara 15,14-day grazing,inland,Mara 15 / inland,16594,100.0,1,pixel,paddock x community part,1988-2022 (35 water years),unweighted mean over the part's cells,treed_context_flag = 0 AND regime_band <> 'context',0.06235142839918241,the part's own non-treed census cells,SEASONAL basis: each cell's percentile is taken over the 140 seasonal composites (4 per water year x 35 water years) with MIN_SEASONS = 50. Identical to the TEMPORAL-1 paddock figure. Ruling CT.,"Share of the part's cells seen wet, MEAN OVER YEARS (%). Rulings AZ / CX - this is NOT a between-year flood frequency and is not labelled as one. Computed as the mean over the part's cells of the census parquet's COUNTED per-cell flood_freq_pct, which is exactly equal to the mean over years of the part's within-year wet share because valid_years == 35 on every cell.",500,BETWEEN-PART description: how a paddock x community area's mean per-cell temporal cover percentile relates to how wet that area is. Not a within-unit response and no cause is attributed.
31,Inland Floodplain Shrublands / Swamps,784,57.157207,78.84828,0,31.11516,48.88351986495901,Mara 13,14-day grazing,inland,Mara 13 / inland,1835,42.724795640326974,2,pixel,paddock x community part,1988-2022 (35 water years),unweighted mean over the part's cells,treed_context_flag = 0 AND regime_band <> 'context',0.06235142839918241,the part's own non-treed census cells,SEASONAL basis: each cell's percentile is taken over the 140 seasonal composites (4 per water year x 35 water years) with MIN_SEASONS = 50. Identical to the TEMPORAL-1 paddock figure. Ruling CT.,"Share of the part's cells seen wet, MEAN OVER YEARS (%). Rulings AZ / CX - this is NOT a between-year flood frequency and is not labelled as one. Computed as the mean over the part's cells of the census parquet's COUNTED per-cell flood_freq_pct, which is exactly equal to the mean over years of the part's within-year wet share because valid_years == 35 on every cell.",500,BETWEEN-PART description: how a paddock x community area's mean per-cell temporal cover percentile relates to how wet that area is. Not a within-unit response and no cause is attributed.
42,Inland Floodplain Shrublands / Swamps,4586,65.07351,85.0215,0,31.213633,285.9436506386505,Mara 17,14-day grazing,inland,Mara 17 / inland,4586,100.0,1,pixel,paddock x community part,1988-2022 (35 water years),unweighted mean over the part's cells,treed_context_flag = 0 AND regime_band <> 'context',0.06235142839918241,the part's own non-treed census cells,SEASONAL basis: each cell's percentile is taken over the 140 seasonal composites (4 per water year x 35 water years) with MIN_SEASONS = 50. Identical to the TEMPORAL-1 paddock figure. Ruling CT.,"Share of the part's cells seen wet, MEAN OVER YEARS (%). Rulings AZ / CX - this is NOT a between-year flood frequency and is not labelled as one. Computed as the mean over the part's cells of the census parquet's COUNTED per-cell flood_freq_pct, which is exactly equal to the mean over years of the part's within-year wet share because valid_years == 35 on every cell.",500,BETWEEN-PART description: how a paddock x community area's mean per-cell temporal cover percentile relates to how wet that area is. Not a within-unit response and no cause is attributed.
31,Riverine Chenopod Shrublands,1004,65.33306,81.90561,0,31.838362,62.60083411277914,Mara 13,14-day grazing,riverine,Mara 13 / riverine,1835,54.71389645776567,2,pixel,paddock x community part,1988-2022 (35 water years),unweighted mean over the part's cells,treed_context_flag = 0 AND regime_band <> 'context',0.06235142839918241,the part's own non-treed census cells,SEASONAL basis: each cell's percentile is taken over the 140 seasonal composites (4 per water year x 35 water years) with MIN_SEASONS = 50. Identical to the TEMPORAL-1 paddock figure. Ruling CT.,"Share of the part's cells seen wet, MEAN OVER YEARS (%). Rulings AZ / CX - this is NOT a between-year flood frequency and is not labelled as one. Computed as the mean over the part's cells of the census parquet's COUNTED per-cell flood_freq_pct, which is exactly equal to the mean over years of the part's within-year wet share because valid_years == 35 on every cell.",500,BETWEEN-PART description: how a paddock x community area's mean per-cell temporal cover percentile relates to how wet that area is. Not a within-unit response and no cause is attributed.
25,Inland Floodplain Shrublands / Swamps,24831,61.82701,82.13581,0,32.008263,1548.2483185800984,Bala 8/11,14-day grazing,inland,Bala 8/11 / inland,24880,99.80305466237942,1,pixel,paddock x community part,1988-2022 (35 water years),unweighted mean over the part's cells,treed_context_flag = 0 AND regime_band <> 'context',0.06235142839918241,the part's own non-treed census cells,SEASONAL basis: each cell's percentile is taken over the 140 seasonal composites (4 per water year x 35 water years) with MIN_SEASONS = 50. Identical to the TEMPORAL-1 paddock figure. Ruling CT.,"Share of the part's cells seen wet, MEAN OVER YEARS (%). Rulings AZ / CX - this is NOT a between-year flood frequency and is not labelled as one. Computed as the mean over the part's cells of the census parquet's COUNTED per-cell flood_freq_pct, which is exactly equal to the mean over years of the part's within-year wet share because valid_years == 35 on every cell.",500,BETWEEN-PART description: how a paddock x community area's mean per-cell temporal cover percentile relates to how wet that area is. Not a within-unit response and no cause is attributed.
52,Inland Floodplain Shrublands / Swamps,12823,69.9462,86.58325,0,32.127094,799.5323663627161,Dinan 2,14-day grazing,inland,Dinan 2 / inland,13883,92.36476265936757,2,pixel,paddock x community part,1988-2022 (35 water years),unweighted mean over the part's cells,treed_context_flag = 0 AND regime_band <> 'context',0.06235142839918241,the part's own non-treed census cells,SEASONAL basis: each cell's percentile is taken over the 140 seasonal composites (4 per water year x 35 water years) with MIN_SEASONS = 50. Identical to the TEMPORAL-1 paddock figure. Ruling CT.,"Share of the part's cells seen wet, MEAN OVER YEARS (%). Rulings AZ / CX - this is NOT a between-year flood frequency and is not labelled as one. Computed as the mean over the part's cells of the census parquet's COUNTED per-cell flood_freq_pct, which is exactly equal to the mean over years of the part's within-year wet share because valid_years == 35 on every cell.",500,BETWEEN-PART description: how a paddock x community area's mean per-cell temporal cover percentile relates to how wet that area is. Not a within-unit response and no cause is attributed.
23,Inland Floodplain Shrublands / Swamps,9115,64.00511,84.69225,0,32.383354,568.3332698585476,Bala 25,14-day grazing,inland,Bala 25 / inland,9115,100.0,1,pixel,paddock x community part,1988-2022 (35 water years),unweighted mean over the part's cells,treed_context_flag = 0 AND regime_band <> 'context',0.06235142839918241,the part's own non-treed census cells,SEASONAL basis: each cell's percentile is taken over the 140 seasonal composites (4 per water year x 35 water years) with MIN_SEASONS = 50. Identical to the TEMPORAL-1 paddock figure. Ruling CT.,"Share of the part's cells seen wet, MEAN OVER YEARS (%). Rulings AZ / CX - this is NOT a between-year flood frequency and is not labelled as one. Computed as the mean over the part's cells of the census parquet's COUNTED per-cell flood_freq_pct, which is exactly equal to the mean over years of the part's within-year wet share because valid_years == 35 on every cell.",500,BETWEEN-PART description: how a paddock x community area's mean per-cell temporal cover percentile relates to how wet that area is. Not a within-unit response and no cause is attributed.
29,Inland Floodplain Shrublands / Swamps,5294,60.278168,81.17626,0,32.979652,330.08846194527166,Mara 3,14-day grazing,inland,Mara 3 / inland,5295,99.98111425873465,1,pixel,paddock x community part,1988-2022 (35 water years),unweighted mean over the part's cells,treed_context_flag = 0 AND regime_band <> 'context',0.06235142839918241,the part's own non-treed census cells,SEASONAL basis: each cell's percentile is taken over the 140 seasonal composites (4 per water year x 35 water years) with MIN_SEASONS = 50. Identical to the TEMPORAL-1 paddock figure. Ruling CT.,"Share of the part's cells seen wet, MEAN OVER YEARS (%). Rulings AZ / CX - this is NOT a between-year flood frequency and is not labelled as one. Computed as the mean over the part's cells of the census parquet's COUNTED per-cell flood_freq_pct, which is exactly equal to the mean over years of the part's within-year wet share because valid_years == 35 on every cell.",500,BETWEEN-PART description: how a paddock x community area's mean per-cell temporal cover percentile relates to how wet that area is. Not a within-unit response and no cause is attributed.
45,Riverine Chenopod Shrublands,3275,55.01658,80.49954,0,33.261505,204.2009280073224,Mara 21,14-day grazing,riverine,Mara 21 / riverine,13640,24.01026392961877,2,pixel,paddock x community part,1988-2022 (35 water years),unweighted mean over the part's cells,treed_context_flag = 0 AND regime_band <> 'context',0.06235142839918241,the part's own non-treed census cells,SEASONAL basis: each cell's percentile is taken over the 140 seasonal composites (4 per water year x 35 water years) with MIN_SEASONS = 50. Identical to the TEMPORAL-1 paddock figure. Ruling CT.,"Share of the part's cells seen wet, MEAN OVER YEARS (%). Rulings AZ / CX - this is NOT a between-year flood frequency and is not labelled as one. Computed as the mean over the part's cells of the census parquet's COUNTED per-cell flood_freq_pct, which is exactly equal to the mean over years of the part's within-year wet share because valid_years == 35 on every cell.",500,BETWEEN-PART description: how a paddock x community area's mean per-cell temporal cover percentile relates to how wet that area is. Not a within-unit response and no cause is attributed.
35,Inland Floodplain Shrublands / Swamps,4952,65.549484,82.97928,0,33.548927,308.7642734327513,Mara 9,14-day grazing,inland,Mara 9 / inland,4952,100.0,1,pixel,paddock x community part,1988-2022 (35 water years),unweighted mean over the part's cells,treed_context_flag = 0 AND regime_band <> 'context',0.06235142839918241,the part's own non-treed census cells,SEASONAL basis: each cell's percentile is taken over the 140 seasonal composites (4 per water year x 35 water years) with MIN_SEASONS = 50. Identical to the TEMPORAL-1 paddock figure. Ruling CT.,"Share of the part's cells seen wet, MEAN OVER YEARS (%). Rulings AZ / CX - this is NOT a between-year flood frequency and is not labelled as one. Computed as the mean over the part's cells of the census parquet's COUNTED per-cell flood_freq_pct, which is exactly equal to the mean over years of the part's within-year wet share because valid_years == 35 on every cell.",500,BETWEEN-PART description: how a paddock x community area's mean per-cell temporal cover percentile relates to how wet that area is. Not a within-unit response and no cause is attributed.
37,Inland Floodplain Shrublands / Swamps,13575,64.98891,83.63018,0,33.570324,846.4206405189012,Mara 7,14-day grazing,inland,Mara 7 / inland,14876,91.25436945415434,3,pixel,paddock x community part,1988-2022 (35 water years),unweighted mean over the part's cells,treed_context_flag = 0 AND regime_band <> 'context',0.06235142839918241,the part's own non-treed census cells,SEASONAL basis: each cell's percentile is taken over the 140 seasonal composites (4 per water year x 35 water years) with MIN_SEASONS = 50. Identical to the TEMPORAL-1 paddock figure. Ruling CT.,"Share of the part's cells seen wet, MEAN OVER YEARS (%). Rulings AZ / CX - this is NOT a between-year flood frequency and is not labelled as one. Computed as the mean over the part's cells of the census parquet's COUNTED per-cell flood_freq_pct, which is exactly equal to the mean over years of the part's within-year wet share because valid_years == 35 on every cell.",500,BETWEEN-PART description: how a paddock x community area's mean per-cell temporal cover percentile relates to how wet that area is. Not a within-unit response and no cause is attributed.
24,Inland Floodplain Shrublands / Swamps,3938,71.122444,86.02019,0,35.53435,245.53992503598033,Bala 7/10,14-day grazing,inland,Bala 7/10 / inland,3981,98.91986937955288,1,pixel,paddock x community part,1988-2022 (35 water years),unweighted mean over the part's cells,treed_context_flag = 0 AND regime_band <> 'context',0.06235142839918241,the part's own non-treed census cells,SEASONAL basis: each cell's percentile is taken over the 140 seasonal composites (4 per water year x 35 water years) with MIN_SEASONS = 50. Identical to the TEMPORAL-1 paddock figure. Ruling CT.,"Share of the part's cells seen wet, MEAN OVER YEARS (%). Rulings AZ / CX - this is NOT a between-year flood frequency and is not labelled as one. Computed as the mean over the part's cells of the census parquet's COUNTED per-cell flood_freq_pct, which is exactly equal to the mean over years of the part's within-year wet share because valid_years == 35 on every cell.",500,BETWEEN-PART description: how a paddock x community area's mean per-cell temporal cover percentile relates to how wet that area is. Not a within-unit response and no cause is attributed.
61,Inland Floodplain Shrublands / Swamps,2031,47.29993,79.38612,0,36.42822,126.63575107873947,Dinan 11,14-day grazing,inland,Dinan 11 / inland,9556,21.25366262034324,3,pixel,paddock x community part,1988-2022 (35 water years),unweighted mean over the part's cells,treed_context_flag = 0 AND regime_band <> 'context',0.06235142839918241,the part's own non-treed census cells,SEASONAL basis: each cell's percentile is taken over the 140 seasonal composites (4 per water year x 35 water years) with MIN_SEASONS = 50. Identical to the TEMPORAL-1 paddock figure. Ruling CT.,"Share of the part's cells seen wet, MEAN OVER YEARS (%). Rulings AZ / CX - this is NOT a between-year flood frequency and is not labelled as one. Computed as the mean over the part's cells of the census parquet's COUNTED per-cell flood_freq_pct, which is exactly equal to the mean over years of the part's within-year wet share because valid_years == 35 on every cell.",500,BETWEEN-PART description: how a paddock x community area's mean per-cell temporal cover percentile relates to how wet that area is. Not a within-unit response and no cause is attributed.
32,Inland Floodplain Shrublands / Swamps,3923,66.087135,82.92301,0,36.884308,244.6046536099926,Mara 12,14-day grazing,inland,Mara 12 / inland,4153,94.46183481820371,1,pixel,paddock x community part,1988-2022 (35 water years),unweighted mean over the part's cells,treed_context_flag = 0 AND regime_band <> 'context',0.06235142839918241,the part's own non-treed census cells,SEASONAL basis: each cell's percentile is taken over the 140 seasonal composites (4 per water year x 35 water years) with MIN_SEASONS = 50. Identical to the TEMPORAL-1 paddock figure. Ruling CT.,"Share of the part's cells seen wet, MEAN OVER YEARS (%). Rulings AZ / CX - this is NOT a between-year flood frequency and is not labelled as one. Computed as the mean over the part's cells of the census parquet's COUNTED per-cell flood_freq_pct, which is exactly equal to the mean over years of the part's within-year wet share because valid_years == 35 on every cell.",500,BETWEEN-PART description: how a paddock x community area's mean per-cell temporal cover percentile relates to how wet that area is. Not a within-unit response and no cause is attributed.
36,Inland Floodplain Shrublands / Swamps,10314,69.38823,84.50745,0,36.903793,643.0926325091674,Mara 6,14-day grazing,inland,Mara 6 / inland,10314,100.0,1,pixel,paddock x community part,1988-2022 (35 water years),unweighted mean over the part's cells,treed_context_flag = 0 AND regime_band <> 'context',0.06235142839918241,the part's own non-treed census cells,SEASONAL basis: each cell's percentile is taken over the 140 seasonal composites (4 per water year x 35 water years) with MIN_SEASONS = 50. Identical to the TEMPORAL-1 paddock figure. Ruling CT.,"Share of the part's cells seen wet, MEAN OVER YEARS (%). Rulings AZ / CX - this is NOT a between-year flood frequency and is not labelled as one. Computed as the mean over the part's cells of the census parquet's COUNTED per-cell flood_freq_pct, which is exactly equal to the mean over years of the part's within-year wet share because valid_years == 35 on every cell.",500,BETWEEN-PART description: how a paddock x community area's mean per-cell temporal cover percentile relates to how wet that area is. Not a within-unit response and no cause is attributed.
26,Inland Floodplain Shrublands / Swamps,8576,76.46192,86.875824,2,38.638725,534.7258499513883,Bala 14/16,14-day grazing,inland,Bala 14/16 / inland,8775,97.73219373219374,1,pixel,paddock x community part,1988-2022 (35 water years),unweighted mean over the part's cells,treed_context_flag = 0 AND regime_band <> 'context',0.06235142839918241,the part's own non-treed census cells,SEASONAL basis: each cell's percentile is taken over the 140 seasonal composites (4 per water year x 35 water years) with MIN_SEASONS = 50. Identical to the TEMPORAL-1 paddock figure. Ruling CT.,"Share of the part's cells seen wet, MEAN OVER YEARS (%). Rulings AZ / CX - this is NOT a between-year flood frequency and is not labelled as one. Computed as the mean over the part's cells of the census parquet's COUNTED per-cell flood_freq_pct, which is exactly equal to the mean over years of the part's within-year wet share because valid_years == 35 on every cell.",500,BETWEEN-PART description: how a paddock x community area's mean per-cell temporal cover percentile relates to how wet that area is. Not a within-unit response and no cause is attributed.
12,Inland Floodplain Shrublands / Swamps,15076,73.91186,87.20884,0,40.346054,940.010134546074,Bala 12,14-day grazing,inland,Bala 12 / inland,15571,96.82101342238778,1,pixel,paddock x community part,1988-2022 (35 water years),unweighted mean over the part's cells,treed_context_flag = 0 AND regime_band <> 'context',0.06235142839918241,the part's own non-treed census cells,SEASONAL basis: each cell's percentile is taken over the 140 seasonal composites (4 per water year x 35 water years) with MIN_SEASONS = 50. Identical to the TEMPORAL-1 paddock figure. Ruling CT.,"Share of the part's cells seen wet, MEAN OVER YEARS (%). Rulings AZ / CX - this is NOT a between-year flood frequency and is not labelled as one. Computed as the mean over the part's cells of the census parquet's COUNTED per-cell flood_freq_pct, which is exactly equal to the mean over years of the part's within-year wet share because valid_years == 35 on every cell.",500,BETWEEN-PART description: how a paddock x community area's mean per-cell temporal cover percentile relates to how wet that area is. Not a within-unit response and no cause is attributed.
19,Inland Floodplain Shrublands / Swamps,10258,62.55599,83.537735,0,40.38994,639.6009525188132,Bala 21,14-day grazing,inland,Bala 21 / inland,10258,100.0,1,pixel,paddock x community part,1988-2022 (35 water years),unweighted mean over the part's cells,treed_context_flag = 0 AND regime_band <> 'context',0.06235142839918241,the part's own non-treed census cells,SEASONAL basis: each cell's percentile is taken over the 140 seasonal composites (4 per water year x 35 water years) with MIN_SEASONS = 50. Identical to the TEMPORAL-1 paddock figure. Ruling CT.,"Share of the part's cells seen wet, MEAN OVER YEARS (%). Rulings AZ / CX - this is NOT a between-year flood frequency and is not labelled as one. Computed as the mean over the part's cells of the census parquet's COUNTED per-cell flood_freq_pct, which is exactly equal to the mean over years of the part's within-year wet share because valid_years == 35 on every cell.",500,BETWEEN-PART description: how a paddock x community area's mean per-cell temporal cover percentile relates to how wet that area is. Not a within-unit response and no cause is attributed.
21,Inland Floodplain Shrublands / Swamps,19883,74.169365,87.93022,0,40.622066,1239.7334508609438,Bala 23,14-day grazing,inland,Bala 23 / inland,24369,81.59136607985556,2,pixel,paddock x community part,1988-2022 (35 water years),unweighted mean over the part's cells,treed_context_flag = 0 AND regime_band <> 'context',0.06235142839918241,the part's own non-treed census cells,SEASONAL basis: each cell's percentile is taken over the 140 seasonal composites (4 per water year x 35 water years) with MIN_SEASONS = 50. Identical to the TEMPORAL-1 paddock figure. Ruling CT.,"Share of the part's cells seen wet, MEAN OVER YEARS (%). Rulings AZ / CX - this is NOT a between-year flood frequency and is not labelled as one. Computed as the mean over the part's cells of the census parquet's COUNTED per-cell flood_freq_pct, which is exactly equal to the mean over years of the part's within-year wet share because valid_years == 35 on every cell.",500,BETWEEN-PART description: how a paddock x community area's mean per-cell temporal cover percentile relates to how wet that area is. Not a within-unit response and no cause is attributed.
38,Inland Floodplain Shrublands / Swamps,658,70.57722,86.24078,0,40.85975,41.027239886662024,Mara 8,14-day grazing,inland,Mara 8 / inland,3784,17.389006342494714,3,pixel,paddock x community part,1988-2022 (35 water years),unweighted mean over the part's cells,treed_context_flag = 0 AND regime_band <> 'context',0.06235142839918241,the part's own non-treed census cells,SEASONAL basis: each cell's percentile is taken over the 140 seasonal composites (4 per water year x 35 water years) with MIN_SEASONS = 50. Identical to the TEMPORAL-1 paddock figure. Ruling CT.,"Share of the part's cells seen wet, MEAN OVER YEARS (%). Rulings AZ / CX - this is NOT a between-year flood frequency and is not labelled as one. Computed as the mean over the part's cells of the census parquet's COUNTED per-cell flood_freq_pct, which is exactly equal to the mean over years of the part's within-year wet share because valid_years == 35 on every cell.",500,BETWEEN-PART description: how a paddock x community area's mean per-cell temporal cover percentile relates to how wet that area is. Not a within-unit response and no cause is attributed.
49,Inland Floodplain Shrublands / Swamps,1842,69.01555,84.99561,0,41.15868,114.851331111294,Mara 5a,14-day grazing,inland,Mara 5a / inland,1842,100.0,1,pixel,paddock x community part,1988-2022 (35 water years),unweighted mean over the part's cells,treed_context_flag = 0 AND regime_band <> 'context',0.06235142839918241,the part's own non-treed census cells,SEASONAL basis: each cell's percentile is taken over the 140 seasonal composites (4 per water year x 35 water years) with MIN_SEASONS = 50. Identical to the TEMPORAL-1 paddock figure. Ruling CT.,"Share of the part's cells seen wet, MEAN OVER YEARS (%). Rulings AZ / CX - this is NOT a between-year flood frequency and is not labelled as one. Computed as the mean over the part's cells of the census parquet's COUNTED per-cell flood_freq_pct, which is exactly equal to the mean over years of the part's within-year wet share because valid_years == 35 on every cell.",500,BETWEEN-PART description: how a paddock x community area's mean per-cell temporal cover percentile relates to how wet that area is. Not a within-unit response and no cause is attributed.
44,Inland Floodplain Shrublands / Swamps,4801,70.485306,87.960144,0,42.06743,299.34920774447477,Mara 19,14-day grazing,inland,Mara 19 / inland,4801,100.0,1,pixel,paddock x community part,1988-2022 (35 water years),unweighted mean over the part's cells,treed_context_flag = 0 AND regime_band <> 'context',0.06235142839918241,the part's own non-treed census cells,SEASONAL basis: each cell's percentile is taken over the 140 seasonal composites (4 per water year x 35 water years) with MIN_SEASONS = 50. Identical to the TEMPORAL-1 paddock figure. Ruling CT.,"Share of the part's cells seen wet, MEAN OVER YEARS (%). Rulings AZ / CX - this is NOT a between-year flood frequency and is not labelled as one. Computed as the mean over the part's cells of the census parquet's COUNTED per-cell flood_freq_pct, which is exactly equal to the mean over years of the part's within-year wet share because valid_years == 35 on every cell.",500,BETWEEN-PART description: how a paddock x community area's mean per-cell temporal cover percentile relates to how wet that area is. Not a within-unit response and no cause is attributed.
18,Inland Floodplain Shrublands / Swamps,9651,71.79583,86.42953,0,42.12887,601.7536354805094,Bala 20,14-day grazing,inland,Bala 20 / inland,12653,76.27440132774836,2,pixel,paddock x community part,1988-2022 (35 water years),unweighted mean over the part's cells,treed_context_flag = 0 AND regime_band <> 'context',0.06235142839918241,the part's own non-treed census cells,SEASONAL basis: each cell's percentile is taken over the 140 seasonal composites (4 per water year x 35 water years) with MIN_SEASONS = 50. Identical to the TEMPORAL-1 paddock figure. Ruling CT.,"Share of the part's cells seen wet, MEAN OVER YEARS (%). Rulings AZ / CX - this is NOT a between-year flood frequency and is not labelled as one. Computed as the mean over the part's cells of the census parquet's COUNTED per-cell flood_freq_pct, which is exactly equal to the mean over years of the part's within-year wet share because valid_years == 35 on every cell.",500,BETWEEN-PART description: how a paddock x community area's mean per-cell temporal cover percentile relates to how wet that area is. Not a within-unit response and no cause is attributed.
33,Inland Floodplain Shrublands / Swamps,16075,72.44011,86.220665,0,42.314686,1002.2992115168572,Mara 14,14-day grazing,inland,Mara 14 / inland,16075,100.0,1,pixel,paddock x community part,1988-2022 (35 water years),unweighted mean over the part's cells,treed_context_flag = 0 AND regime_band <> 'context',0.06235142839918241,the part's own non-treed census cells,SEASONAL basis: each cell's percentile is taken over the 140 seasonal composites (4 per water year x 35 water years) with MIN_SEASONS = 50. Identical to the TEMPORAL-1 paddock figure. Ruling CT.,"Share of the part's cells seen wet, MEAN OVER YEARS (%). Rulings AZ / CX - this is NOT a between-year flood frequency and is not labelled as one. Computed as the mean over the part's cells of the census parquet's COUNTED per-cell flood_freq_pct, which is exactly equal to the mean over years of the part's within-year wet share because valid_years == 35 on every cell.",500,BETWEEN-PART description: how a paddock x community area's mean per-cell temporal cover percentile relates to how wet that area is. Not a within-unit response and no cause is attributed.
41,Inland Floodplain Shrublands / Swamps,10926,72.55102,87.24468,0,42.949715,681.251706689467,Mara 16,14-day grazing,inland,Mara 16 / inland,10926,100.0,1,pixel,paddock x community part,1988-2022 (35 water years),unweighted mean over the part's cells,treed_context_flag = 0 AND regime_band <> 'context',0.06235142839918241,the part's own non-treed census cells,SEASONAL basis: each cell's percentile is taken over the 140 seasonal composites (4 per water year x 35 water years) with MIN_SEASONS = 50. Identical to the TEMPORAL-1 paddock figure. Ruling CT.,"Share of the part's cells seen wet, MEAN OVER YEARS (%). Rulings AZ / CX - this is NOT a between-year flood frequency and is not labelled as one. Computed as the mean over the part's cells of the census parquet's COUNTED per-cell flood_freq_pct, which is exactly equal to the mean over years of the part's within-year wet share because valid_years == 35 on every cell.",500,BETWEEN-PART description: how a paddock x community area's mean per-cell temporal cover percentile relates to how wet that area is. Not a within-unit response and no cause is attributed.
45,Inland Floodplain Shrublands / Swamps,10365,71.43351,86.618805,0,44.003586,646.2725553575257,Mara 21,14-day grazing,inland,Mara 21 / inland,13640,75.98973607038123,2,pixel,paddock x community part,1988-2022 (35 water years),unweighted mean over the part's cells,treed_context_flag = 0 AND regime_band <> 'context',0.06235142839918241,the part's own non-treed census cells,SEASONAL basis: each cell's percentile is taken over the 140 seasonal composites (4 per water year x 35 water years) with MIN_SEASONS = 50. Identical to the TEMPORAL-1 paddock figure. Ruling CT.,"Share of the part's cells seen wet, MEAN OVER YEARS (%). Rulings AZ / CX - this is NOT a between-year flood frequency and is not labelled as one. Computed as the mean over the part's cells of the census parquet's COUNTED per-cell flood_freq_pct, which is exactly equal to the mean over years of the part's within-year wet share because valid_years == 35 on every cell.",500,BETWEEN-PART description: how a paddock x community area's mean per-cell temporal cover percentile relates to how wet that area is. Not a within-unit response and no cause is attributed.
34,Inland Floodplain Shrublands / Swamps,5075,67.24107,84.487564,0,44.87882,316.43349912585074,Mara 5,14-day grazing,inland,Mara 5 / inland,5075,100.0,1,pixel,paddock x community part,1988-2022 (35 water years),unweighted mean over the part's cells,treed_context_flag = 0 AND regime_band <> 'context',0.06235142839918241,the part's own non-treed census cells,SEASONAL basis: each cell's percentile is taken over the 140 seasonal composites (4 per water year x 35 water years) with MIN_SEASONS = 50. Identical to the TEMPORAL-1 paddock figure. Ruling CT.,"Share of the part's cells seen wet, MEAN OVER YEARS (%). Rulings AZ / CX - this is NOT a between-year flood frequency and is not labelled as one. Computed as the mean over the part's cells of the census parquet's COUNTED per-cell flood_freq_pct, which is exactly equal to the mean over years of the part's within-year wet share because valid_years == 35 on every cell.",500,BETWEEN-PART description: how a paddock x community area's mean per-cell temporal cover percentile relates to how wet that area is. Not a within-unit response and no cause is attributed.
16,Inland Floodplain Shrublands / Swamps,11473,72.91186,86.64183,0,45.874912,715.3579380238198,Bala 18,14-day grazing,inland,Bala 18 / inland,12096,94.84953703703704,2,pixel,paddock x community part,1988-2022 (35 water years),unweighted mean over the part's cells,treed_context_flag = 0 AND regime_band <> 'context',0.06235142839918241,the part's own non-treed census cells,SEASONAL basis: each cell's percentile is taken over the 140 seasonal composites (4 per water year x 35 water years) with MIN_SEASONS = 50. Identical to the TEMPORAL-1 paddock figure. Ruling CT.,"Share of the part's cells seen wet, MEAN OVER YEARS (%). Rulings AZ / CX - this is NOT a between-year flood frequency and is not labelled as one. Computed as the mean over the part's cells of the census parquet's COUNTED per-cell flood_freq_pct, which is exactly equal to the mean over years of the part's within-year wet share because valid_years == 35 on every cell.",500,BETWEEN-PART description: how a paddock x community area's mean per-cell temporal cover percentile relates to how wet that area is. Not a within-unit response and no cause is attributed.
1,Inland Floodplain Shrublands / Swamps,32399,71.12144,86.002716,0,45.91914,2020.123928705111,Bala 26ca,No grazing,inland,Bala 26ca / inland,33035,98.07476918419857,2,pixel,paddock x community part,1988-2022 (35 water years),unweighted mean over the part's cells,treed_context_flag = 0 AND regime_band <> 'context',0.06235142839918241,the part's own non-treed census cells,SEASONAL basis: each cell's percentile is taken over the 140 seasonal composites (4 per water year x 35 water years) with MIN_SEASONS = 50. Identical to the TEMPORAL-1 paddock figure. Ruling CT.,"Share of the part's cells seen wet, MEAN OVER YEARS (%). Rulings AZ / CX - this is NOT a between-year flood frequency and is not labelled as one. Computed as the mean over the part's cells of the census parquet's COUNTED per-cell flood_freq_pct, which is exactly equal to the mean over years of the part's within-year wet share because valid_years == 35 on every cell.",500,BETWEEN-PART description: how a paddock x community area's mean per-cell temporal cover percentile relates to how wet that area is. Not a within-unit response and no cause is attributed.
58,Inland Floodplain Shrublands / Swamps,7514,40.820328,81.700325,0,46.36602,468.50863299145664,Dinan 13,14-day grazing,inland,Dinan 13 / inland,20212,37.175935088066495,3,pixel,paddock x community part,1988-2022 (35 water years),unweighted mean over the part's cells,treed_context_flag = 0 AND regime_band <> 'context',0.06235142839918241,the part's own non-treed census cells,SEASONAL basis: each cell's percentile is taken over the 140 seasonal composites (4 per water year x 35 water years) with MIN_SEASONS = 50. Identical to the TEMPORAL-1 paddock figure. Ruling CT.,"Share of the part's cells seen wet, MEAN OVER YEARS (%). Rulings AZ / CX - this is NOT a between-year flood frequency and is not labelled as one. Computed as the mean over the part's cells of the census parquet's COUNTED per-cell flood_freq_pct, which is exactly equal to the mean over years of the part's within-year wet share because valid_years == 35 on every cell.",500,BETWEEN-PART description: how a paddock x community area's mean per-cell temporal cover percentile relates to how wet that area is. Not a within-unit response and no cause is attributed.
50,Inland Floodplain Shrublands / Swamps,1595,72.36136,87.188324,0,48.087776,99.45052829669595,Mara 22a,14-day grazing,inland,Mara 22a / inland,1595,100.0,1,pixel,paddock x community part,1988-2022 (35 water years),unweighted mean over the part's cells,treed_context_flag = 0 AND regime_band <> 'context',0.06235142839918241,the part's own non-treed census cells,SEASONAL basis: each cell's percentile is taken over the 140 seasonal composites (4 per water year x 35 water years) with MIN_SEASONS = 50. Identical to the TEMPORAL-1 paddock figure. Ruling CT.,"Share of the part's cells seen wet, MEAN OVER YEARS (%). Rulings AZ / CX - this is NOT a between-year flood frequency and is not labelled as one. Computed as the mean over the part's cells of the census parquet's COUNTED per-cell flood_freq_pct, which is exactly equal to the mean over years of the part's within-year wet share because valid_years == 35 on every cell.",500,BETWEEN-PART description: how a paddock x community area's mean per-cell temporal cover percentile relates to how wet that area is. Not a within-unit response and no cause is attributed.
3,Inland Floodplain Shrublands / Swamps,18272,74.918495,88.32665,0,49.682106,1139.285299709861,Bala 28ca,No grazing,inland,Bala 28ca / inland,21986,83.1074320021832,2,pixel,paddock x community part,1988-2022 (35 water years),unweighted mean over the part's cells,treed_context_flag = 0 AND regime_band <> 'context',0.06235142839918241,the part's own non-treed census cells,SEASONAL basis: each cell's percentile is taken over the 140 seasonal composites (4 per water year x 35 water years) with MIN_SEASONS = 50. Identical to the TEMPORAL-1 paddock figure. Ruling CT.,"Share of the part's cells seen wet, MEAN OVER YEARS (%). Rulings AZ / CX - this is NOT a between-year flood frequency and is not labelled as one. Computed as the mean over the part's cells of the census parquet's COUNTED per-cell flood_freq_pct, which is exactly equal to the mean over years of the part's within-year wet share because valid_years == 35 on every cell.",500,BETWEEN-PART description: how a paddock x community area's mean per-cell temporal cover percentile relates to how wet that area is. Not a within-unit response and no cause is attributed.
20,Inland Floodplain Shrublands / Swamps,5266,80.319954,88.737114,0,58.89751,328.34262195009455,Bala 22,14-day grazing,inland,Bala 22 / inland,5266,100.0,1,pixel,paddock x community part,1988-2022 (35 water years),unweighted mean over the part's cells,treed_context_flag = 0 AND regime_band <> 'context',0.06235142839918241,the part's own non-treed census cells,SEASONAL basis: each cell's percentile is taken over the 140 seasonal composites (4 per water year x 35 water years) with MIN_SEASONS = 50. Identical to the TEMPORAL-1 paddock figure. Ruling CT.,"Share of the part's cells seen wet, MEAN OVER YEARS (%). Rulings AZ / CX - this is NOT a between-year flood frequency and is not labelled as one. Computed as the mean over the part's cells of the census parquet's COUNTED per-cell flood_freq_pct, which is exactly equal to the mean over years of the part's within-year wet share because valid_years == 35 on every cell.",500,BETWEEN-PART description: how a paddock x community area's mean per-cell temporal cover percentile relates to how wet that area is. Not a within-unit response and no cause is attributed.
