part_id,zone_fid,paddock_name,community,community_short,conserved,n_pixels_part,area_ha,period,period_label,n_years,floor_mean,inund_mean,published_predicted_floor,published_residual,support_level,unit,cluster_column,weighting,estimand,y_variable,x_variable
01_inland,1,Bala 26ca,Inland Floodplain Shrublands / Swamps,inland,1,32399,2020.123928705111,cropping_era,1988-2013,26,69.86149911146899,43.19613076923077,77.91459853818348,-8.053099426714496,pixel,part (paddock x community),zone_fid (paddock),pixel-weighted by the unit's cell count (n_pixels_part / n_cells),BETWEEN-UNIT: how the across-year mean floor differs between parts that differ in wetness,floor_mean = mean over years of veg_p05_spatial (%),inund_mean = mean over years of the share of the part's cells seen wet (%)
01_riverine,1,Bala 26ca,Riverine Chenopod Shrublands,riverine,1,636,39.65550846188001,cropping_era,1988-2013,26,57.422561590488144,10.722065384615384,58.68211265939371,-1.2595510689055658,pixel,part (paddock x community),zone_fid (paddock),pixel-weighted by the unit's cell count (n_pixels_part / n_cells),BETWEEN-UNIT: how the across-year mean floor differs between parts that differ in wetness,floor_mean = mean over years of veg_p05_spatial (%),inund_mean = mean over years of the share of the part's cells seen wet (%)
02_inland,2,Bala 27ca,Inland Floodplain Shrublands / Swamps,inland,1,23908,1490.697950167653,cropping_era,1988-2013,26,68.56388569611771,28.275692307692307,69.07809720648275,-0.514211510365044,pixel,part (paddock x community),zone_fid (paddock),pixel-weighted by the unit's cell count (n_pixels_part / n_cells),BETWEEN-UNIT: how the across-year mean floor differs between parts that differ in wetness,floor_mean = mean over years of veg_p05_spatial (%),inund_mean = mean over years of the share of the part's cells seen wet (%)
03_inland,3,Bala 28ca,Inland Floodplain Shrublands / Swamps,inland,1,18272,1139.285299709861,cropping_era,1988-2013,26,76.6926547563993,48.255426923076925,80.91092316471327,-4.2182684083139605,pixel,part (paddock x community),zone_fid (paddock),pixel-weighted by the unit's cell count (n_pixels_part / n_cells),BETWEEN-UNIT: how the across-year mean floor differs between parts that differ in wetness,floor_mean = mean over years of veg_p05_spatial (%),inund_mean = mean over years of the share of the part's cells seen wet (%)
03_riverine,3,Bala 28ca,Riverine Chenopod Shrublands,riverine,1,3704,230.94969079057165,cropping_era,1988-2013,26,53.67338712398821,8.92175,57.615891359353256,-3.9425042353650426,pixel,part (paddock x community),zone_fid (paddock),pixel-weighted by the unit's cell count (n_pixels_part / n_cells),BETWEEN-UNIT: how the across-year mean floor differs between parts that differ in wetness,floor_mean = mean over years of veg_p05_spatial (%),inund_mean = mean over years of the share of the part's cells seen wet (%)
04_aeolian,4,Bala 29ca,Aeolian Chenopod Shrublands,aeolian,1,11848,738.7397236735131,cropping_era,1988-2013,26,25.983657239033622,2.894023076923077,54.04602194028757,-28.06236470125395,pixel,part (paddock x community),zone_fid (paddock),pixel-weighted by the unit's cell count (n_pixels_part / n_cells),BETWEEN-UNIT: how the across-year mean floor differs between parts that differ in wetness,floor_mean = mean over years of veg_p05_spatial (%),inund_mean = mean over years of the share of the part's cells seen wet (%)
04_inland,4,Bala 29ca,Inland Floodplain Shrublands / Swamps,inland,1,12687,791.0525721004273,cropping_era,1988-2013,26,67.03089615748478,13.848219230769232,60.53355038328158,6.497345774203197,pixel,part (paddock x community),zone_fid (paddock),pixel-weighted by the unit's cell count (n_pixels_part / n_cells),BETWEEN-UNIT: how the across-year mean floor differs between parts that differ in wetness,floor_mean = mean over years of veg_p05_spatial (%),inund_mean = mean over years of the share of the part's cells seen wet (%)
04_riverine,4,Bala 29ca,Riverine Chenopod Shrublands,riverine,1,12141,757.0086921944736,cropping_era,1988-2013,26,31.084563174614537,5.106034615384616,55.35606674599077,-24.27150357137624,pixel,part (paddock x community),zone_fid (paddock),pixel-weighted by the unit's cell count (n_pixels_part / n_cells),BETWEEN-UNIT: how the across-year mean floor differs between parts that differ in wetness,floor_mean = mean over years of veg_p05_spatial (%),inund_mean = mean over years of the share of the part's cells seen wet (%)
05_inland,5,Bala 1,Inland Floodplain Shrublands / Swamps,inland,0,9808,611.542809739181,cropping_era,1988-2013,26,70.98385945833647,11.86551153846154,59.359308807967736,11.624550650368732,pixel,part (paddock x community),zone_fid (paddock),pixel-weighted by the unit's cell count (n_pixels_part / n_cells),BETWEEN-UNIT: how the across-year mean floor differs between parts that differ in wetness,floor_mean = mean over years of veg_p05_spatial (%),inund_mean = mean over years of the share of the part's cells seen wet (%)
05_riverine,5,Bala 1,Riverine Chenopod Shrublands,riverine,0,318,19.827754230940005,cropping_era,1988-2013,26,63.46602213932918,2.455246153846154,53.78616008199946,9.67986205732972,pixel,part (paddock x community),zone_fid (paddock),pixel-weighted by the unit's cell count (n_pixels_part / n_cells),BETWEEN-UNIT: how the across-year mean floor differs between parts that differ in wetness,floor_mean = mean over years of veg_p05_spatial (%),inund_mean = mean over years of the share of the part's cells seen wet (%)
06_inland,6,Bala 2,Inland Floodplain Shrublands / Swamps,inland,0,26087,1626.5617126494717,cropping_era,1988-2013,26,68.38748791768002,8.934888461538462,57.62367250018101,10.76381541749901,pixel,part (paddock x community),zone_fid (paddock),pixel-weighted by the unit's cell count (n_pixels_part / n_cells),BETWEEN-UNIT: how the across-year mean floor differs between parts that differ in wetness,floor_mean = mean over years of veg_p05_spatial (%),inund_mean = mean over years of the share of the part's cells seen wet (%)
06_riverine,6,Bala 2,Riverine Chenopod Shrublands,riverine,0,1956,121.9593939488008,cropping_era,1988-2013,26,61.61932785694416,1.213226923076923,53.050584876553486,8.568742980390674,pixel,part (paddock x community),zone_fid (paddock),pixel-weighted by the unit's cell count (n_pixels_part / n_cells),BETWEEN-UNIT: how the across-year mean floor differs between parts that differ in wetness,floor_mean = mean over years of veg_p05_spatial (%),inund_mean = mean over years of the share of the part's cells seen wet (%)
07_inland,7,Bala 3,Inland Floodplain Shrublands / Swamps,inland,0,20725,1292.2333535730554,cropping_era,1988-2013,26,63.57180519104004,8.30620769230769,57.25134172258069,6.320463468459344,pixel,part (paddock x community),zone_fid (paddock),pixel-weighted by the unit's cell count (n_pixels_part / n_cells),BETWEEN-UNIT: how the across-year mean floor differs between parts that differ in wetness,floor_mean = mean over years of veg_p05_spatial (%),inund_mean = mean over years of the share of the part's cells seen wet (%)
08_inland,8,Bala 4,Inland Floodplain Shrublands / Swamps,inland,0,5578,347.79626761063946,cropping_era,1988-2013,26,76.95702555729794,25.876380769230767,67.65712558695341,9.299899970344526,pixel,part (paddock x community),zone_fid (paddock),pixel-weighted by the unit's cell count (n_pixels_part / n_cells),BETWEEN-UNIT: how the across-year mean floor differs between parts that differ in wetness,floor_mean = mean over years of veg_p05_spatial (%),inund_mean = mean over years of the share of the part's cells seen wet (%)
09_inland,9,Bala 5,Inland Floodplain Shrublands / Swamps,inland,0,22252,1387.443984738607,cropping_era,1988-2013,26,66.40538740158081,15.654596153846152,61.6033615773339,4.802025824246911,pixel,part (paddock x community),zone_fid (paddock),pixel-weighted by the unit's cell count (n_pixels_part / n_cells),BETWEEN-UNIT: how the across-year mean floor differs between parts that differ in wetness,floor_mean = mean over years of veg_p05_spatial (%),inund_mean = mean over years of the share of the part's cells seen wet (%)
09_riverine,9,Bala 5,Riverine Chenopod Shrublands,riverine,0,2132,132.9332453470569,cropping_era,1988-2013,26,62.05178554608272,2.7763730769230768,53.97634473982497,8.075440806257753,pixel,part (paddock x community),zone_fid (paddock),pixel-weighted by the unit's cell count (n_pixels_part / n_cells),BETWEEN-UNIT: how the across-year mean floor differs between parts that differ in wetness,floor_mean = mean over years of veg_p05_spatial (%),inund_mean = mean over years of the share of the part's cells seen wet (%)
10_inland,10,Bala 6,Inland Floodplain Shrublands / Swamps,inland,0,18947,1181.372513879309,cropping_era,1988-2013,26,73.01189754926241,14.342442307692307,60.82624974923156,12.185647800030855,pixel,part (paddock x community),zone_fid (paddock),pixel-weighted by the unit's cell count (n_pixels_part / n_cells),BETWEEN-UNIT: how the across-year mean floor differs between parts that differ in wetness,floor_mean = mean over years of veg_p05_spatial (%),inund_mean = mean over years of the share of the part's cells seen wet (%)
10_riverine,10,Bala 6,Riverine Chenopod Shrublands,riverine,0,13478,840.3725519641805,cropping_era,1988-2013,26,64.48795618644128,2.683573076923077,53.92138473810011,10.566571448341172,pixel,part (paddock x community),zone_fid (paddock),pixel-weighted by the unit's cell count (n_pixels_part / n_cells),BETWEEN-UNIT: how the across-year mean floor differs between parts that differ in wetness,floor_mean = mean over years of veg_p05_spatial (%),inund_mean = mean over years of the share of the part's cells seen wet (%)
11_inland,11,Bala 9,Inland Floodplain Shrublands / Swamps,inland,0,4101,255.70320786504703,cropping_era,1988-2013,26,65.7152024782621,25.95426923076923,67.70325435829501,-1.9880518800329128,pixel,part (paddock x community),zone_fid (paddock),pixel-weighted by the unit's cell count (n_pixels_part / n_cells),BETWEEN-UNIT: how the across-year mean floor differs between parts that differ in wetness,floor_mean = mean over years of veg_p05_spatial (%),inund_mean = mean over years of the share of the part's cells seen wet (%)
12_inland,12,Bala 12,Inland Floodplain Shrublands / Swamps,inland,0,15076,940.010134546074,cropping_era,1988-2013,26,72.31059998732347,40.2614,76.17652948496232,-3.865929497638845,pixel,part (paddock x community),zone_fid (paddock),pixel-weighted by the unit's cell count (n_pixels_part / n_cells),BETWEEN-UNIT: how the across-year mean floor differs between parts that differ in wetness,floor_mean = mean over years of veg_p05_spatial (%),inund_mean = mean over years of the share of the part's cells seen wet (%)
12_riverine,12,Bala 12,Riverine Chenopod Shrublands,riverine,0,495,30.863957057595293,cropping_era,1988-2013,26,58.2317698625418,12.719500000000002,59.86507612821735,-1.6333062656755573,pixel,part (paddock x community),zone_fid (paddock),pixel-weighted by the unit's cell count (n_pixels_part / n_cells),BETWEEN-UNIT: how the across-year mean floor differs between parts that differ in wetness,floor_mean = mean over years of veg_p05_spatial (%),inund_mean = mean over years of the share of the part's cells seen wet (%)
13_inland,13,Bala 13,Inland Floodplain Shrublands / Swamps,inland,0,12762,795.7289292303659,cropping_era,1988-2013,26,75.08313151873075,28.32326538461538,69.10627195206195,5.976859566668807,pixel,part (paddock x community),zone_fid (paddock),pixel-weighted by the unit's cell count (n_pixels_part / n_cells),BETWEEN-UNIT: how the across-year mean floor differs between parts that differ in wetness,floor_mean = mean over years of veg_p05_spatial (%),inund_mean = mean over years of the share of the part's cells seen wet (%)
14_inland,14,Bala 15,Inland Floodplain Shrublands / Swamps,inland,0,8452,526.9942728298897,cropping_era,1988-2013,26,46.10995915119464,25.30807692307692,67.32055252267689,-21.21059337148225,pixel,part (paddock x community),zone_fid (paddock),pixel-weighted by the unit's cell count (n_pixels_part / n_cells),BETWEEN-UNIT: how the across-year mean floor differs between parts that differ in wetness,floor_mean = mean over years of veg_p05_spatial (%),inund_mean = mean over years of the share of the part's cells seen wet (%)
15_inland,15,Bala 17,Inland Floodplain Shrublands / Swamps,inland,0,11970,746.3465979382134,cropping_era,1988-2013,26,74.33585524192223,26.13552692307692,67.81060266736694,6.525252574555296,pixel,part (paddock x community),zone_fid (paddock),pixel-weighted by the unit's cell count (n_pixels_part / n_cells),BETWEEN-UNIT: how the across-year mean floor differs between parts that differ in wetness,floor_mean = mean over years of veg_p05_spatial (%),inund_mean = mean over years of the share of the part's cells seen wet (%)
16_inland,16,Bala 18,Inland Floodplain Shrublands / Swamps,inland,0,11473,715.3579380238198,cropping_era,1988-2013,26,79.26470876840446,40.68950384615385,76.43007030525364,2.8346384631508244,pixel,part (paddock x community),zone_fid (paddock),pixel-weighted by the unit's cell count (n_pixels_part / n_cells),BETWEEN-UNIT: how the across-year mean floor differs between parts that differ in wetness,floor_mean = mean over years of veg_p05_spatial (%),inund_mean = mean over years of the share of the part's cells seen wet (%)
16_riverine,16,Bala 18,Riverine Chenopod Shrublands,riverine,0,623,38.84493989269064,cropping_era,1988-2013,26,77.85298582223746,27.095942307692304,68.37940041731353,9.473585404923924,pixel,part (paddock x community),zone_fid (paddock),pixel-weighted by the unit's cell count (n_pixels_part / n_cells),BETWEEN-UNIT: how the across-year mean floor differs between parts that differ in wetness,floor_mean = mean over years of veg_p05_spatial (%),inund_mean = mean over years of the share of the part's cells seen wet (%)
17_inland,17,Bala 19,Inland Floodplain Shrublands / Swamps,inland,0,13332,831.2692434178999,cropping_era,1988-2013,26,73.00188997708834,28.37822307692308,69.13882017257946,3.863069804508882,pixel,part (paddock x community),zone_fid (paddock),pixel-weighted by the unit's cell count (n_pixels_part / n_cells),BETWEEN-UNIT: how the across-year mean floor differs between parts that differ in wetness,floor_mean = mean over years of veg_p05_spatial (%),inund_mean = mean over years of the share of the part's cells seen wet (%)
18_aeolian,18,Bala 20,Aeolian Chenopod Shrublands,aeolian,0,157,9.789174258671638,cropping_era,1988-2013,26,52.79366713303786,18.863303846153848,63.50369110646972,-10.71002397343186,pixel,part (paddock x community),zone_fid (paddock),pixel-weighted by the unit's cell count (n_pixels_part / n_cells),BETWEEN-UNIT: how the across-year mean floor differs between parts that differ in wetness,floor_mean = mean over years of veg_p05_spatial (%),inund_mean = mean over years of the share of the part's cells seen wet (%)
18_inland,18,Bala 20,Inland Floodplain Shrublands / Swamps,inland,0,9651,601.7536354805094,cropping_era,1988-2013,26,77.91701214130109,35.92055769230769,73.60570296860331,4.311309172697776,pixel,part (paddock x community),zone_fid (paddock),pixel-weighted by the unit's cell count (n_pixels_part / n_cells),BETWEEN-UNIT: how the across-year mean floor differs between parts that differ in wetness,floor_mean = mean over years of veg_p05_spatial (%),inund_mean = mean over years of the share of the part's cells seen wet (%)
18_riverine,18,Bala 20,Riverine Chenopod Shrublands,riverine,0,2845,177.38981379567394,cropping_era,1988-2013,26,61.85382578923152,22.060292307692308,65.39708002199248,-3.543254232760958,pixel,part (paddock x community),zone_fid (paddock),pixel-weighted by the unit's cell count (n_pixels_part / n_cells),BETWEEN-UNIT: how the across-year mean floor differs between parts that differ in wetness,floor_mean = mean over years of veg_p05_spatial (%),inund_mean = mean over years of the share of the part's cells seen wet (%)
19_inland,19,Bala 21,Inland Floodplain Shrublands / Swamps,inland,0,10258,639.6009525188132,cropping_era,1988-2013,26,75.22538053806012,37.86238461538461,74.75573326000081,0.4696472780593126,pixel,part (paddock x community),zone_fid (paddock),pixel-weighted by the unit's cell count (n_pixels_part / n_cells),BETWEEN-UNIT: how the across-year mean floor differs between parts that differ in wetness,floor_mean = mean over years of veg_p05_spatial (%),inund_mean = mean over years of the share of the part's cells seen wet (%)
20_inland,20,Bala 22,Inland Floodplain Shrublands / Swamps,inland,0,5266,328.3426219500945,cropping_era,1988-2013,26,83.19101619720459,53.313707692307695,83.90664643843904,-0.7156302412344502,pixel,part (paddock x community),zone_fid (paddock),pixel-weighted by the unit's cell count (n_pixels_part / n_cells),BETWEEN-UNIT: how the across-year mean floor differs between parts that differ in wetness,floor_mean = mean over years of veg_p05_spatial (%),inund_mean = mean over years of the share of the part's cells seen wet (%)
21_inland,21,Bala 23,Inland Floodplain Shrublands / Swamps,inland,0,19883,1239.7334508609438,cropping_era,1988-2013,26,73.1464739212623,37.25775769230769,74.39764816587144,-1.251174244609146,pixel,part (paddock x community),zone_fid (paddock),pixel-weighted by the unit's cell count (n_pixels_part / n_cells),BETWEEN-UNIT: how the across-year mean floor differs between parts that differ in wetness,floor_mean = mean over years of veg_p05_spatial (%),inund_mean = mean over years of the share of the part's cells seen wet (%)
21_riverine,21,Bala 23,Riverine Chenopod Shrublands,riverine,0,4486,279.7085077987323,cropping_era,1988-2013,26,62.65991795980013,26.430088461538464,67.98505420467215,-5.32513624487202,pixel,part (paddock x community),zone_fid (paddock),pixel-weighted by the unit's cell count (n_pixels_part / n_cells),BETWEEN-UNIT: how the across-year mean floor differs between parts that differ in wetness,floor_mean = mean over years of veg_p05_spatial (%),inund_mean = mean over years of the share of the part's cells seen wet (%)
22_inland,22,Bala 24,Inland Floodplain Shrublands / Swamps,inland,0,5667,353.3455447381667,cropping_era,1988-2013,26,70.07129677259005,21.59398076923077,65.12091102459843,4.950385747991618,pixel,part (paddock x community),zone_fid (paddock),pixel-weighted by the unit's cell count (n_pixels_part / n_cells),BETWEEN-UNIT: how the across-year mean floor differs between parts that differ in wetness,floor_mean = mean over years of veg_p05_spatial (%),inund_mean = mean over years of the share of the part's cells seen wet (%)
23_inland,23,Bala 25,Inland Floodplain Shrublands / Swamps,inland,0,9115,568.3332698585476,cropping_era,1988-2013,26,68.47513657349808,28.79952307692308,69.38833147351355,-0.9131949000154692,pixel,part (paddock x community),zone_fid (paddock),pixel-weighted by the unit's cell count (n_pixels_part / n_cells),BETWEEN-UNIT: how the across-year mean floor differs between parts that differ in wetness,floor_mean = mean over years of veg_p05_spatial (%),inund_mean = mean over years of the share of the part's cells seen wet (%)
24_inland,24,Bala 7/10,Inland Floodplain Shrublands / Swamps,inland,0,3938,245.53992503598036,cropping_era,1988-2013,26,75.58809917156512,33.57913076923077,72.21901301460608,3.3690861569590425,pixel,part (paddock x community),zone_fid (paddock),pixel-weighted by the unit's cell count (n_pixels_part / n_cells),BETWEEN-UNIT: how the across-year mean floor differs between parts that differ in wetness,floor_mean = mean over years of veg_p05_spatial (%),inund_mean = mean over years of the share of the part's cells seen wet (%)
24_riverine,24,Bala 7/10,Riverine Chenopod Shrublands,riverine,0,43,2.6811114211648435,cropping_era,1988-2013,26,57.28305941361646,15.742403846153849,61.65536492777234,-4.372305514155876,pixel,part (paddock x community),zone_fid (paddock),pixel-weighted by the unit's cell count (n_pixels_part / n_cells),BETWEEN-UNIT: how the across-year mean floor differs between parts that differ in wetness,floor_mean = mean over years of veg_p05_spatial (%),inund_mean = mean over years of the share of the part's cells seen wet (%)
25_inland,25,Bala 8/11,Inland Floodplain Shrublands / Swamps,inland,0,24831,1548.2483185800984,cropping_era,1988-2013,26,73.03117363269513,31.168696153846152,70.79145384845089,2.239719784244244,pixel,part (paddock x community),zone_fid (paddock),pixel-weighted by the unit's cell count (n_pixels_part / n_cells),BETWEEN-UNIT: how the across-year mean floor differs between parts that differ in wetness,floor_mean = mean over years of veg_p05_spatial (%),inund_mean = mean over years of the share of the part's cells seen wet (%)
25_riverine,25,Bala 8/11,Riverine Chenopod Shrublands,riverine,0,49,3.0552199915599383,cropping_era,1988-2013,26,60.53947397378775,8.634211538461539,57.4455991789425,3.0938747948452487,pixel,part (paddock x community),zone_fid (paddock),pixel-weighted by the unit's cell count (n_pixels_part / n_cells),BETWEEN-UNIT: how the across-year mean floor differs between parts that differ in wetness,floor_mean = mean over years of veg_p05_spatial (%),inund_mean = mean over years of the share of the part's cells seen wet (%)
26_inland,26,Bala 14/16,Inland Floodplain Shrublands / Swamps,inland,0,8576,534.7258499513883,cropping_era,1988-2013,26,79.34202311589168,37.41658076923078,74.49170976696671,4.850313348924971,pixel,part (paddock x community),zone_fid (paddock),pixel-weighted by the unit's cell count (n_pixels_part / n_cells),BETWEEN-UNIT: how the across-year mean floor differs between parts that differ in wetness,floor_mean = mean over years of veg_p05_spatial (%),inund_mean = mean over years of the share of the part's cells seen wet (%)
26_riverine,26,Bala 14/16,Riverine Chenopod Shrublands,riverine,0,199,12.4079342514373,cropping_era,1988-2013,26,64.8495138315054,8.735988461538462,57.505875686139255,7.34363814536615,pixel,part (paddock x community),zone_fid (paddock),pixel-weighted by the unit's cell count (n_pixels_part / n_cells),BETWEEN-UNIT: how the across-year mean floor differs between parts that differ in wetness,floor_mean = mean over years of veg_p05_spatial (%),inund_mean = mean over years of the share of the part's cells seen wet (%)
27_inland,27,Mara 1,Inland Floodplain Shrublands / Swamps,inland,0,588,36.662639898719256,cropping_era,1988-2013,26,77.13913008616521,25.68681153846154,67.54485484072434,9.594275245440867,pixel,part (paddock x community),zone_fid (paddock),pixel-weighted by the unit's cell count (n_pixels_part / n_cells),BETWEEN-UNIT: how the across-year mean floor differs between parts that differ in wetness,floor_mean = mean over years of veg_p05_spatial (%),inund_mean = mean over years of the share of the part's cells seen wet (%)
27_riverine,27,Mara 1,Riverine Chenopod Shrublands,riverine,0,262,16.33607424058579,cropping_era,1988-2013,26,55.50941783831669,5.989426923076923,55.879248241190105,-0.3698304028734114,pixel,part (paddock x community),zone_fid (paddock),pixel-weighted by the unit's cell count (n_pixels_part / n_cells),BETWEEN-UNIT: how the across-year mean floor differs between parts that differ in wetness,floor_mean = mean over years of veg_p05_spatial (%),inund_mean = mean over years of the share of the part's cells seen wet (%)
28_inland,28,Mara 2,Inland Floodplain Shrublands / Swamps,inland,0,1141,71.14297980346713,cropping_era,1988-2013,26,68.29179132901706,19.733015384615385,64.01877028377551,4.273021045241549,pixel,part (paddock x community),zone_fid (paddock),pixel-weighted by the unit's cell count (n_pixels_part / n_cells),BETWEEN-UNIT: how the across-year mean floor differs between parts that differ in wetness,floor_mean = mean over years of veg_p05_spatial (%),inund_mean = mean over years of the share of the part's cells seen wet (%)
28_riverine,28,Mara 2,Riverine Chenopod Shrublands,riverine,0,844,52.62460556890996,cropping_era,1988-2013,26,60.81154998632579,10.421988461538463,58.50439468299394,2.3071553033318466,pixel,part (paddock x community),zone_fid (paddock),pixel-weighted by the unit's cell count (n_pixels_part / n_cells),BETWEEN-UNIT: how the across-year mean floor differs between parts that differ in wetness,floor_mean = mean over years of veg_p05_spatial (%),inund_mean = mean over years of the share of the part's cells seen wet (%)
29_inland,29,Mara 3,Inland Floodplain Shrublands / Swamps,inland,0,5294,330.08846194527166,cropping_era,1988-2013,26,73.89564401920025,32.97637307692308,71.86203495632049,2.033609062879762,pixel,part (paddock x community),zone_fid (paddock),pixel-weighted by the unit's cell count (n_pixels_part / n_cells),BETWEEN-UNIT: how the across-year mean floor differs between parts that differ in wetness,floor_mean = mean over years of veg_p05_spatial (%),inund_mean = mean over years of the share of the part's cells seen wet (%)
30_inland,30,Mara 10,Inland Floodplain Shrublands / Swamps,inland,0,3992,248.90690216953615,cropping_era,1988-2013,26,74.27993096571703,29.121711538461533,69.57914481836144,4.700786147355586,pixel,part (paddock x community),zone_fid (paddock),pixel-weighted by the unit's cell count (n_pixels_part / n_cells),BETWEEN-UNIT: how the across-year mean floor differs between parts that differ in wetness,floor_mean = mean over years of veg_p05_spatial (%),inund_mean = mean over years of the share of the part's cells seen wet (%)
31_aeolian,31,Mara 13,Aeolian Chenopod Shrublands,aeolian,0,47,2.930517134761573,cropping_era,1988-2013,26,72.00158056112437,0.9001653846153845,52.86517687338718,19.136403687737197,pixel,part (paddock x community),zone_fid (paddock),pixel-weighted by the unit's cell count (n_pixels_part / n_cells),BETWEEN-UNIT: how the across-year mean floor differs between parts that differ in wetness,floor_mean = mean over years of veg_p05_spatial (%),inund_mean = mean over years of the share of the part's cells seen wet (%)
31_inland,31,Mara 13,Inland Floodplain Shrublands / Swamps,inland,0,784,48.88351986495901,cropping_era,1988-2013,26,68.82174081802368,33.673473076923074,72.27488643479462,-3.45314561677094,pixel,part (paddock x community),zone_fid (paddock),pixel-weighted by the unit's cell count (n_pixels_part / n_cells),BETWEEN-UNIT: how the across-year mean floor differs between parts that differ in wetness,floor_mean = mean over years of veg_p05_spatial (%),inund_mean = mean over years of the share of the part's cells seen wet (%)
31_riverine,31,Mara 13,Riverine Chenopod Shrublands,riverine,0,1004,62.60083411277914,cropping_era,1988-2013,26,71.25804636295025,32.33603846153846,71.48280228858313,-0.224755925632877,pixel,part (paddock x community),zone_fid (paddock),pixel-weighted by the unit's cell count (n_pixels_part / n_cells),BETWEEN-UNIT: how the across-year mean floor differs between parts that differ in wetness,floor_mean = mean over years of veg_p05_spatial (%),inund_mean = mean over years of the share of the part's cells seen wet (%)
32_inland,32,Mara 12,Inland Floodplain Shrublands / Swamps,inland,0,3923,244.6046536099926,cropping_era,1988-2013,26,76.716278222891,35.082069230769235,73.10911539002109,3.6071628328699177,pixel,part (paddock x community),zone_fid (paddock),pixel-weighted by the unit's cell count (n_pixels_part / n_cells),BETWEEN-UNIT: how the across-year mean floor differs between parts that differ in wetness,floor_mean = mean over years of veg_p05_spatial (%),inund_mean = mean over years of the share of the part's cells seen wet (%)
32_riverine,32,Mara 12,Riverine Chenopod Shrublands,riverine,0,230,14.340828531811956,cropping_era,1988-2013,26,78.70928589013907,20.183946153846158,64.28583015289959,14.42345573723948,pixel,part (paddock x community),zone_fid (paddock),pixel-weighted by the unit's cell count (n_pixels_part / n_cells),BETWEEN-UNIT: how the across-year mean floor differs between parts that differ in wetness,floor_mean = mean over years of veg_p05_spatial (%),inund_mean = mean over years of the share of the part's cells seen wet (%)
33_inland,33,Mara 14,Inland Floodplain Shrublands / Swamps,inland,0,16075,1002.2992115168572,cropping_era,1988-2013,26,77.31085225618803,39.594684615384615,75.78167303357813,1.5291792226098977,pixel,part (paddock x community),zone_fid (paddock),pixel-weighted by the unit's cell count (n_pixels_part / n_cells),BETWEEN-UNIT: how the across-year mean floor differs between parts that differ in wetness,floor_mean = mean over years of veg_p05_spatial (%),inund_mean = mean over years of the share of the part's cells seen wet (%)
34_inland,34,Mara 5,Inland Floodplain Shrublands / Swamps,inland,0,5075,316.43349912585074,cropping_era,1988-2013,26,76.44876389136681,41.41416538461538,76.85924486779443,-0.4104809764276211,pixel,part (paddock x community),zone_fid (paddock),pixel-weighted by the unit's cell count (n_pixels_part / n_cells),BETWEEN-UNIT: how the across-year mean floor differs between parts that differ in wetness,floor_mean = mean over years of veg_p05_spatial (%),inund_mean = mean over years of the share of the part's cells seen wet (%)
35_inland,35,Mara 9,Inland Floodplain Shrublands / Swamps,inland,0,4952,308.7642734327513,cropping_era,1988-2013,26,75.21780451261081,30.718746153846155,70.52497483146705,4.692829681143763,pixel,part (paddock x community),zone_fid (paddock),pixel-weighted by the unit's cell count (n_pixels_part / n_cells),BETWEEN-UNIT: how the across-year mean floor differs between parts that differ in wetness,floor_mean = mean over years of veg_p05_spatial (%),inund_mean = mean over years of the share of the part's cells seen wet (%)
36_inland,36,Mara 6,Inland Floodplain Shrublands / Swamps,inland,0,10314,643.0926325091674,cropping_era,1988-2013,26,79.12653086735652,36.330388461538455,73.84842171627382,5.278109151082703,pixel,part (paddock x community),zone_fid (paddock),pixel-weighted by the unit's cell count (n_pixels_part / n_cells),BETWEEN-UNIT: how the across-year mean floor differs between parts that differ in wetness,floor_mean = mean over years of veg_p05_spatial (%),inund_mean = mean over years of the share of the part's cells seen wet (%)
37_aeolian,37,Mara 7,Aeolian Chenopod Shrublands,aeolian,0,615,38.34612846549718,cropping_era,1988-2013,26,66.77825149389413,0.3752307692307691,52.55428886296716,14.22396263092697,pixel,part (paddock x community),zone_fid (paddock),pixel-weighted by the unit's cell count (n_pixels_part / n_cells),BETWEEN-UNIT: how the across-year mean floor differs between parts that differ in wetness,floor_mean = mean over years of veg_p05_spatial (%),inund_mean = mean over years of the share of the part's cells seen wet (%)
37_inland,37,Mara 7,Inland Floodplain Shrublands / Swamps,inland,0,13575,846.4206405189012,cropping_era,1988-2013,26,76.42885387127215,32.2176,71.4126581285568,5.016195742715354,pixel,part (paddock x community),zone_fid (paddock),pixel-weighted by the unit's cell count (n_pixels_part / n_cells),BETWEEN-UNIT: how the across-year mean floor differs between parts that differ in wetness,floor_mean = mean over years of veg_p05_spatial (%),inund_mean = mean over years of the share of the part's cells seen wet (%)
37_riverine,37,Mara 7,Riverine Chenopod Shrublands,riverine,0,686,42.77307988183913,cropping_era,1988-2013,26,68.22297881933359,12.5028,59.73673741729303,8.486241402040562,pixel,part (paddock x community),zone_fid (paddock),pixel-weighted by the unit's cell count (n_pixels_part / n_cells),BETWEEN-UNIT: how the across-year mean floor differs between parts that differ in wetness,floor_mean = mean over years of veg_p05_spatial (%),inund_mean = mean over years of the share of the part's cells seen wet (%)
38_aeolian,38,Mara 8,Aeolian Chenopod Shrublands,aeolian,0,1894,118.09360538805149,cropping_era,1988-2013,26,65.99310500805194,3.3953423076923075,54.34292394231109,11.650181065740853,pixel,part (paddock x community),zone_fid (paddock),pixel-weighted by the unit's cell count (n_pixels_part / n_cells),BETWEEN-UNIT: how the across-year mean floor differs between parts that differ in wetness,floor_mean = mean over years of veg_p05_spatial (%),inund_mean = mean over years of the share of the part's cells seen wet (%)
38_inland,38,Mara 8,Inland Floodplain Shrublands / Swamps,inland,0,658,41.02723988666202,cropping_era,1988-2013,26,73.99721063467172,44.16062692307693,78.4858130886038,-4.488602453932089,pixel,part (paddock x community),zone_fid (paddock),pixel-weighted by the unit's cell count (n_pixels_part / n_cells),BETWEEN-UNIT: how the across-year mean floor differs between parts that differ in wetness,floor_mean = mean over years of veg_p05_spatial (%),inund_mean = mean over years of the share of the part's cells seen wet (%)
38_riverine,38,Mara 8,Riverine Chenopod Shrublands,riverine,0,1232,76.81695978779273,cropping_era,1988-2013,26,66.86797897999104,21.1476,64.85654585383476,2.011433126156277,pixel,part (paddock x community),zone_fid (paddock),pixel-weighted by the unit's cell count (n_pixels_part / n_cells),BETWEEN-UNIT: how the across-year mean floor differs between parts that differ in wetness,floor_mean = mean over years of veg_p05_spatial (%),inund_mean = mean over years of the share of the part's cells seen wet (%)
39_inland,39,Mara 11,Inland Floodplain Shrublands / Swamps,inland,0,14841,925.3575488722662,cropping_era,1988-2013,26,64.27479516542874,3.9915461538461536,54.696020541588936,9.578774623839806,pixel,part (paddock x community),zone_fid (paddock),pixel-weighted by the unit's cell count (n_pixels_part / n_cells),BETWEEN-UNIT: how the across-year mean floor differs between parts that differ in wetness,floor_mean = mean over years of veg_p05_spatial (%),inund_mean = mean over years of the share of the part's cells seen wet (%)
39_riverine,39,Mara 11,Riverine Chenopod Shrublands,riverine,0,353,22.01005422491139,cropping_era,1988-2013,26,48.95003791222207,2.7456961538461537,53.9581765960187,-5.008138683796638,pixel,part (paddock x community),zone_fid (paddock),pixel-weighted by the unit's cell count (n_pixels_part / n_cells),BETWEEN-UNIT: how the across-year mean floor differs between parts that differ in wetness,floor_mean = mean over years of veg_p05_spatial (%),inund_mean = mean over years of the share of the part's cells seen wet (%)
40_inland,40,Mara 15,Inland Floodplain Shrublands / Swamps,inland,0,16594,1034.659602856033,cropping_era,1988-2013,26,75.59940447440515,31.082830769230764,70.74060081303529,4.858803661369862,pixel,part (paddock x community),zone_fid (paddock),pixel-weighted by the unit's cell count (n_pixels_part / n_cells),BETWEEN-UNIT: how the across-year mean floor differs between parts that differ in wetness,floor_mean = mean over years of veg_p05_spatial (%),inund_mean = mean over years of the share of the part's cells seen wet (%)
41_inland,41,Mara 16,Inland Floodplain Shrublands / Swamps,inland,0,10926,681.251706689467,cropping_era,1988-2013,26,77.00241642731886,42.366123076923074,77.42303362222574,-0.4206171949068817,pixel,part (paddock x community),zone_fid (paddock),pixel-weighted by the unit's cell count (n_pixels_part / n_cells),BETWEEN-UNIT: how the across-year mean floor differs between parts that differ in wetness,floor_mean = mean over years of veg_p05_spatial (%),inund_mean = mean over years of the share of the part's cells seen wet (%)
42_inland,42,Mara 17,Inland Floodplain Shrublands / Swamps,inland,0,4586,285.9436506386505,cropping_era,1988-2013,26,78.00719517194308,31.95510769230769,71.25719931731184,6.749995854631237,pixel,part (paddock x community),zone_fid (paddock),pixel-weighted by the unit's cell count (n_pixels_part / n_cells),BETWEEN-UNIT: how the across-year mean floor differs between parts that differ in wetness,floor_mean = mean over years of veg_p05_spatial (%),inund_mean = mean over years of the share of the part's cells seen wet (%)
43_inland,43,Mara 18,Inland Floodplain Shrublands / Swamps,inland,0,3580,223.21811366907303,cropping_era,1988-2013,26,72.56653762964102,16.68886923076923,62.21590091021827,10.350636719422752,pixel,part (paddock x community),zone_fid (paddock),pixel-weighted by the unit's cell count (n_pixels_part / n_cells),BETWEEN-UNIT: how the across-year mean floor differs between parts that differ in wetness,floor_mean = mean over years of veg_p05_spatial (%),inund_mean = mean over years of the share of the part's cells seen wet (%)
44_inland,44,Mara 19,Inland Floodplain Shrublands / Swamps,inland,0,4801,299.3492077444748,cropping_era,1988-2013,26,79.0286499463595,37.59072307692309,74.59484405070745,4.433805895652043,pixel,part (paddock x community),zone_fid (paddock),pixel-weighted by the unit's cell count (n_pixels_part / n_cells),BETWEEN-UNIT: how the across-year mean floor differs between parts that differ in wetness,floor_mean = mean over years of veg_p05_spatial (%),inund_mean = mean over years of the share of the part's cells seen wet (%)
45_inland,45,Mara 21,Inland Floodplain Shrublands / Swamps,inland,0,10365,646.2725553575257,cropping_era,1988-2013,26,71.08545348827656,41.44382692307692,76.87681165879668,-5.791358170520127,pixel,part (paddock x community),zone_fid (paddock),pixel-weighted by the unit's cell count (n_pixels_part / n_cells),BETWEEN-UNIT: how the across-year mean floor differs between parts that differ in wetness,floor_mean = mean over years of veg_p05_spatial (%),inund_mean = mean over years of the share of the part's cells seen wet (%)
45_riverine,45,Mara 21,Riverine Chenopod Shrublands,riverine,0,3275,204.2009280073224,cropping_era,1988-2013,26,69.97230001596304,30.38755384615384,70.32882903618655,-0.3565290202235047,pixel,part (paddock x community),zone_fid (paddock),pixel-weighted by the unit's cell count (n_pixels_part / n_cells),BETWEEN-UNIT: how the across-year mean floor differs between parts that differ in wetness,floor_mean = mean over years of veg_p05_spatial (%),inund_mean = mean over years of the share of the part's cells seen wet (%)
46_inland,46,Mara 20,Inland Floodplain Shrublands / Swamps,inland,0,2397,149.45637387284023,cropping_era,1988-2013,26,71.76938071617714,27.183011538461543,68.43096642025813,3.3384142959190086,pixel,part (paddock x community),zone_fid (paddock),pixel-weighted by the unit's cell count (n_pixels_part / n_cells),BETWEEN-UNIT: how the across-year mean floor differs between parts that differ in wetness,floor_mean = mean over years of veg_p05_spatial (%),inund_mean = mean over years of the share of the part's cells seen wet (%)
47_inland,47,Mara 22,Inland Floodplain Shrublands / Swamps,inland,0,6395,398.7373846127715,cropping_era,1988-2013,26,67.91006672198957,19.56275769230769,63.91793663008045,3.992130091909118,pixel,part (paddock x community),zone_fid (paddock),pixel-weighted by the unit's cell count (n_pixels_part / n_cells),BETWEEN-UNIT: how the across-year mean floor differs between parts that differ in wetness,floor_mean = mean over years of veg_p05_spatial (%),inund_mean = mean over years of the share of the part's cells seen wet (%)
48_aeolian,48,Mara 4,Aeolian Chenopod Shrublands,aeolian,0,33,2.0575971371730195,cropping_era,1988-2013,26,63.6341557429387,0.11655,52.40108740258881,11.233068340349895,pixel,part (paddock x community),zone_fid (paddock),pixel-weighted by the unit's cell count (n_pixels_part / n_cells),BETWEEN-UNIT: how the across-year mean floor differs between parts that differ in wetness,floor_mean = mean over years of veg_p05_spatial (%),inund_mean = mean over years of the share of the part's cells seen wet (%)
48_inland,48,Mara 4,Inland Floodplain Shrublands / Swamps,inland,0,720,44.89302844741133,cropping_era,1988-2013,26,76.77534077717708,29.37500769230769,69.72915728659727,7.046183490579807,pixel,part (paddock x community),zone_fid (paddock),pixel-weighted by the unit's cell count (n_pixels_part / n_cells),BETWEEN-UNIT: how the across-year mean floor differs between parts that differ in wetness,floor_mean = mean over years of veg_p05_spatial (%),inund_mean = mean over years of the share of the part's cells seen wet (%)
48_riverine,48,Mara 4,Riverine Chenopod Shrublands,riverine,0,197,12.283231394638936,cropping_era,1988-2013,26,63.15337195763221,8.453723076923076,57.33870644017665,5.814665517455559,pixel,part (paddock x community),zone_fid (paddock),pixel-weighted by the unit's cell count (n_pixels_part / n_cells),BETWEEN-UNIT: how the across-year mean floor differs between parts that differ in wetness,floor_mean = mean over years of veg_p05_spatial (%),inund_mean = mean over years of the share of the part's cells seen wet (%)
49_inland,49,Mara 5a,Inland Floodplain Shrublands / Swamps,inland,0,1842,114.851331111294,cropping_era,1988-2013,26,77.5926881129925,36.88925,74.17940265504326,3.413285457949243,pixel,part (paddock x community),zone_fid (paddock),pixel-weighted by the unit's cell count (n_pixels_part / n_cells),BETWEEN-UNIT: how the across-year mean floor differs between parts that differ in wetness,floor_mean = mean over years of veg_p05_spatial (%),inund_mean = mean over years of the share of the part's cells seen wet (%)
50_inland,50,Mara 22a,Inland Floodplain Shrublands / Swamps,inland,0,1595,99.45052829669596,cropping_era,1988-2013,26,76.78168854346643,51.92187692307693,83.08234663803347,-6.300658094567041,pixel,part (paddock x community),zone_fid (paddock),pixel-weighted by the unit's cell count (n_pixels_part / n_cells),BETWEEN-UNIT: how the across-year mean floor differs between parts that differ in wetness,floor_mean = mean over years of veg_p05_spatial (%),inund_mean = mean over years of the share of the part's cells seen wet (%)
51_aeolian,51,Dinan 3,Aeolian Chenopod Shrublands,aeolian,0,2417,150.70340244082388,cropping_era,1988-2013,26,60.596031966576206,0.5362576923076923,52.64965567298932,7.946376293586887,pixel,part (paddock x community),zone_fid (paddock),pixel-weighted by the unit's cell count (n_pixels_part / n_cells),BETWEEN-UNIT: how the across-year mean floor differs between parts that differ in wetness,floor_mean = mean over years of veg_p05_spatial (%),inund_mean = mean over years of the share of the part's cells seen wet (%)
51_inland,51,Dinan 3,Inland Floodplain Shrublands / Swamps,inland,0,4499,280.5190763679217,cropping_era,1988-2013,26,72.85006407224215,24.254103846153843,66.69634603425395,6.153718037988199,pixel,part (paddock x community),zone_fid (paddock),pixel-weighted by the unit's cell count (n_pixels_part / n_cells),BETWEEN-UNIT: how the across-year mean floor differs between parts that differ in wetness,floor_mean = mean over years of veg_p05_spatial (%),inund_mean = mean over years of the share of the part's cells seen wet (%)
51_riverine,51,Dinan 3,Riverine Chenopod Shrublands,riverine,0,2674,166.72771953941376,cropping_era,1988-2013,26,40.83435744505663,13.04441923076923,60.05750674765181,-19.22314930259517,pixel,part (paddock x community),zone_fid (paddock),pixel-weighted by the unit's cell count (n_pixels_part / n_cells),BETWEEN-UNIT: how the across-year mean floor differs between parts that differ in wetness,floor_mean = mean over years of veg_p05_spatial (%),inund_mean = mean over years of the share of the part's cells seen wet (%)
52_inland,52,Dinan 2,Inland Floodplain Shrublands / Swamps,inland,0,12823,799.5323663627161,cropping_era,1988-2013,26,75.98874467703013,31.52028846153846,70.99968136824849,4.989063308781638,pixel,part (paddock x community),zone_fid (paddock),pixel-weighted by the unit's cell count (n_pixels_part / n_cells),BETWEEN-UNIT: how the across-year mean floor differs between parts that differ in wetness,floor_mean = mean over years of veg_p05_spatial (%),inund_mean = mean over years of the share of the part's cells seen wet (%)
52_riverine,52,Dinan 2,Riverine Chenopod Shrublands,riverine,0,1060,66.09251410313335,cropping_era,1988-2013,26,43.135466733345616,8.425249999999998,57.321843505297295,-14.18637677195168,pixel,part (paddock x community),zone_fid (paddock),pixel-weighted by the unit's cell count (n_pixels_part / n_cells),BETWEEN-UNIT: how the across-year mean floor differs between parts that differ in wetness,floor_mean = mean over years of veg_p05_spatial (%),inund_mean = mean over years of the share of the part's cells seen wet (%)
53_inland,53,Dinan 6,Inland Floodplain Shrublands / Swamps,inland,0,6016,375.10619324948135,cropping_era,1988-2013,26,62.92236579381503,22.19338076923077,65.47590051849801,-2.553534724682983,pixel,part (paddock x community),zone_fid (paddock),pixel-weighted by the unit's cell count (n_pixels_part / n_cells),BETWEEN-UNIT: how the across-year mean floor differs between parts that differ in wetness,floor_mean = mean over years of veg_p05_spatial (%),inund_mean = mean over years of the share of the part's cells seen wet (%)
53_riverine,53,Dinan 6,Riverine Chenopod Shrublands,riverine,0,811,50.56700843173694,cropping_era,1988-2013,26,67.52258634567261,16.703023076923078,62.224283403850045,5.298302941822563,pixel,part (paddock x community),zone_fid (paddock),pixel-weighted by the unit's cell count (n_pixels_part / n_cells),BETWEEN-UNIT: how the across-year mean floor differs between parts that differ in wetness,floor_mean = mean over years of veg_p05_spatial (%),inund_mean = mean over years of the share of the part's cells seen wet (%)
54_aeolian,54,Dinan 7,Aeolian Chenopod Shrublands,aeolian,0,87,5.424574270728869,cropping_era,1988-2013,26,67.11386002760668,2.4314807692307694,53.77208523739328,13.341774790213393,pixel,part (paddock x community),zone_fid (paddock),pixel-weighted by the unit's cell count (n_pixels_part / n_cells),BETWEEN-UNIT: how the across-year mean floor differs between parts that differ in wetness,floor_mean = mean over years of veg_p05_spatial (%),inund_mean = mean over years of the share of the part's cells seen wet (%)
54_riverine,54,Dinan 7,Riverine Chenopod Shrublands,riverine,0,11273,702.8876523439833,cropping_era,1988-2013,26,60.02052619640643,7.555153846153846,56.80653654283847,3.213989653567964,pixel,part (paddock x community),zone_fid (paddock),pixel-weighted by the unit's cell count (n_pixels_part / n_cells),BETWEEN-UNIT: how the across-year mean floor differs between parts that differ in wetness,floor_mean = mean over years of veg_p05_spatial (%),inund_mean = mean over years of the share of the part's cells seen wet (%)
55_aeolian,55,Dinan 8,Aeolian Chenopod Shrublands,aeolian,0,16554,1032.1655457200657,cropping_era,1988-2013,26,46.59564371109009,5.6835,55.69806565261264,-9.102421941522543,pixel,part (paddock x community),zone_fid (paddock),pixel-weighted by the unit's cell count (n_pixels_part / n_cells),BETWEEN-UNIT: how the across-year mean floor differs between parts that differ in wetness,floor_mean = mean over years of veg_p05_spatial (%),inund_mean = mean over years of the share of the part's cells seen wet (%)
55_inland,55,Dinan 8,Inland Floodplain Shrublands / Swamps,inland,0,3724,232.1967193585553,cropping_era,1988-2013,26,61.158561057310834,21.32632692307692,64.96239533659971,-3.8038342792888784,pixel,part (paddock x community),zone_fid (paddock),pixel-weighted by the unit's cell count (n_pixels_part / n_cells),BETWEEN-UNIT: how the across-year mean floor differs between parts that differ in wetness,floor_mean = mean over years of veg_p05_spatial (%),inund_mean = mean over years of the share of the part's cells seen wet (%)
55_riverine,55,Dinan 8,Riverine Chenopod Shrublands,riverine,0,22565,1406.959981827551,cropping_era,1988-2013,26,46.810958392803485,16.561557692307694,62.140501746711365,-15.32954335390788,pixel,part (paddock x community),zone_fid (paddock),pixel-weighted by the unit's cell count (n_pixels_part / n_cells),BETWEEN-UNIT: how the across-year mean floor differs between parts that differ in wetness,floor_mean = mean over years of veg_p05_spatial (%),inund_mean = mean over years of the share of the part's cells seen wet (%)
56_aeolian,56,Dinan 9,Aeolian Chenopod Shrublands,aeolian,0,5730,357.2736847273152,cropping_era,1988-2013,26,49.80444155106178,10.579273076923077,58.59754514347705,-8.793103592415271,pixel,part (paddock x community),zone_fid (paddock),pixel-weighted by the unit's cell count (n_pixels_part / n_cells),BETWEEN-UNIT: how the across-year mean floor differs between parts that differ in wetness,floor_mean = mean over years of veg_p05_spatial (%),inund_mean = mean over years of the share of the part's cells seen wet (%)
56_inland,56,Dinan 9,Inland Floodplain Shrublands / Swamps,inland,0,16588,1034.285494285638,cropping_era,1988-2013,26,59.54472395823552,10.553738461538462,58.582422487166895,0.9623014710686206,pixel,part (paddock x community),zone_fid (paddock),pixel-weighted by the unit's cell count (n_pixels_part / n_cells),BETWEEN-UNIT: how the across-year mean floor differs between parts that differ in wetness,floor_mean = mean over years of veg_p05_spatial (%),inund_mean = mean over years of the share of the part's cells seen wet (%)
56_riverine,56,Dinan 9,Riverine Chenopod Shrublands,riverine,0,4988,311.00892485512185,cropping_era,1988-2013,26,47.21526309160086,8.410942307692308,57.313369897604304,-10.098106806003443,pixel,part (paddock x community),zone_fid (paddock),pixel-weighted by the unit's cell count (n_pixels_part / n_cells),BETWEEN-UNIT: how the across-year mean floor differs between parts that differ in wetness,floor_mean = mean over years of veg_p05_spatial (%),inund_mean = mean over years of the share of the part's cells seen wet (%)
57_aeolian,57,Dinan 10,Aeolian Chenopod Shrublands,aeolian,0,8780,547.4455413448215,cropping_era,1988-2013,26,33.59653800450839,2.1403576923076923,53.599670099356224,-20.003132094847835,pixel,part (paddock x community),zone_fid (paddock),pixel-weighted by the unit's cell count (n_pixels_part / n_cells),BETWEEN-UNIT: how the across-year mean floor differs between parts that differ in wetness,floor_mean = mean over years of veg_p05_spatial (%),inund_mean = mean over years of the share of the part's cells seen wet (%)
57_inland,57,Dinan 10,Inland Floodplain Shrublands / Swamps,inland,0,3765,234.75312792292175,cropping_era,1988-2013,26,57.377065687913166,2.240265384615385,53.65883957070922,3.718226117203948,pixel,part (paddock x community),zone_fid (paddock),pixel-weighted by the unit's cell count (n_pixels_part / n_cells),BETWEEN-UNIT: how the across-year mean floor differs between parts that differ in wetness,floor_mean = mean over years of veg_p05_spatial (%),inund_mean = mean over years of the share of the part's cells seen wet (%)
57_riverine,57,Dinan 10,Riverine Chenopod Shrublands,riverine,0,944,58.8597484088282,cropping_era,1988-2013,26,40.429204456622784,3.548723076923077,54.43376238349087,-14.004557926868088,pixel,part (paddock x community),zone_fid (paddock),pixel-weighted by the unit's cell count (n_pixels_part / n_cells),BETWEEN-UNIT: how the across-year mean floor differs between parts that differ in wetness,floor_mean = mean over years of veg_p05_spatial (%),inund_mean = mean over years of the share of the part's cells seen wet (%)
58_aeolian,58,Dinan 13,Aeolian Chenopod Shrublands,aeolian,0,1004,62.60083411277914,cropping_era,1988-2013,26,42.78639985598051,1.2258576923076925,53.05806534097923,-10.27166548499872,pixel,part (paddock x community),zone_fid (paddock),pixel-weighted by the unit's cell count (n_pixels_part / n_cells),BETWEEN-UNIT: how the across-year mean floor differs between parts that differ in wetness,floor_mean = mean over years of veg_p05_spatial (%),inund_mean = mean over years of the share of the part's cells seen wet (%)
58_inland,58,Dinan 13,Inland Floodplain Shrublands / Swamps,inland,0,7514,468.50863299145664,cropping_era,1988-2013,26,68.59729258830731,34.99876538461538,73.05977940372472,-4.462486815417407,pixel,part (paddock x community),zone_fid (paddock),pixel-weighted by the unit's cell count (n_pixels_part / n_cells),BETWEEN-UNIT: how the across-year mean floor differs between parts that differ in wetness,floor_mean = mean over years of veg_p05_spatial (%),inund_mean = mean over years of the share of the part's cells seen wet (%)
58_riverine,58,Dinan 13,Riverine Chenopod Shrublands,riverine,0,11694,729.1376037000391,cropping_era,1988-2013,26,46.40798351214482,14.67057307692308,61.02058237469387,-14.61259886254905,pixel,part (paddock x community),zone_fid (paddock),pixel-weighted by the unit's cell count (n_pixels_part / n_cells),BETWEEN-UNIT: how the across-year mean floor differs between parts that differ in wetness,floor_mean = mean over years of veg_p05_spatial (%),inund_mean = mean over years of the share of the part's cells seen wet (%)
59_aeolian,59,Dinan 12,Aeolian Chenopod Shrublands,aeolian,0,4464,278.3367763739503,cropping_era,1988-2013,26,60.347239501659686,0.8116192307692308,52.81273617545491,7.534503326204778,pixel,part (paddock x community),zone_fid (paddock),pixel-weighted by the unit's cell count (n_pixels_part / n_cells),BETWEEN-UNIT: how the across-year mean floor differs between parts that differ in wetness,floor_mean = mean over years of veg_p05_spatial (%),inund_mean = mean over years of the share of the part's cells seen wet (%)
59_riverine,59,Dinan 12,Riverine Chenopod Shrublands,riverine,0,22024,1373.227859063593,cropping_era,1988-2013,26,62.74751837803768,12.28223076923077,59.60610718772915,3.141411190308524,pixel,part (paddock x community),zone_fid (paddock),pixel-weighted by the unit's cell count (n_pixels_part / n_cells),BETWEEN-UNIT: how the across-year mean floor differs between parts that differ in wetness,floor_mean = mean over years of veg_p05_spatial (%),inund_mean = mean over years of the share of the part's cells seen wet (%)
60_aeolian,60,Dinan 14,Aeolian Chenopod Shrublands,aeolian,0,7555,471.0650415558231,cropping_era,1988-2013,26,57.89442911881667,0.7081423076923077,52.75145285788173,5.142976260934937,pixel,part (paddock x community),zone_fid (paddock),pixel-weighted by the unit's cell count (n_pixels_part / n_cells),BETWEEN-UNIT: how the across-year mean floor differs between parts that differ in wetness,floor_mean = mean over years of veg_p05_spatial (%),inund_mean = mean over years of the share of the part's cells seen wet (%)
60_riverine,60,Dinan 14,Riverine Chenopod Shrublands,riverine,0,166,10.35033711426428,cropping_era,1988-2013,26,70.21302656026987,5.491196153846155,55.58417535394548,14.628851206324391,pixel,part (paddock x community),zone_fid (paddock),pixel-weighted by the unit's cell count (n_pixels_part / n_cells),BETWEEN-UNIT: how the across-year mean floor differs between parts that differ in wetness,floor_mean = mean over years of veg_p05_spatial (%),inund_mean = mean over years of the share of the part's cells seen wet (%)
61_aeolian,61,Dinan 11,Aeolian Chenopod Shrublands,aeolian,0,2003,124.88991108356235,cropping_era,1988-2013,26,65.74174135648288,0.9793115384615386,52.912050502179206,12.82969085430367,pixel,part (paddock x community),zone_fid (paddock),pixel-weighted by the unit's cell count (n_pixels_part / n_cells),BETWEEN-UNIT: how the across-year mean floor differs between parts that differ in wetness,floor_mean = mean over years of veg_p05_spatial (%),inund_mean = mean over years of the share of the part's cells seen wet (%)
61_inland,61,Dinan 11,Inland Floodplain Shrublands / Swamps,inland,0,2031,126.63575107873947,cropping_era,1988-2013,26,68.16028195161086,32.49252307692307,71.57547895594791,-3.41519700433706,pixel,part (paddock x community),zone_fid (paddock),pixel-weighted by the unit's cell count (n_pixels_part / n_cells),BETWEEN-UNIT: how the across-year mean floor differs between parts that differ in wetness,floor_mean = mean over years of veg_p05_spatial (%),inund_mean = mean over years of the share of the part's cells seen wet (%)
61_riverine,61,Dinan 11,Riverine Chenopod Shrublands,riverine,0,5522,344.30458762028525,cropping_era,1988-2013,26,54.5008160334367,15.62142692307692,61.58371738573596,-7.08290135229926,pixel,part (paddock x community),zone_fid (paddock),pixel-weighted by the unit's cell count (n_pixels_part / n_cells),BETWEEN-UNIT: how the across-year mean floor differs between parts that differ in wetness,floor_mean = mean over years of veg_p05_spatial (%),inund_mean = mean over years of the share of the part's cells seen wet (%)
62_aeolian,62,Dinan 1,Aeolian Chenopod Shrublands,aeolian,0,1197,74.63465979382134,cropping_era,1988-2013,26,53.060293300335225,0.3341692307692308,52.52997052002889,0.5303227803063351,pixel,part (paddock x community),zone_fid (paddock),pixel-weighted by the unit's cell count (n_pixels_part / n_cells),BETWEEN-UNIT: how the across-year mean floor differs between parts that differ in wetness,floor_mean = mean over years of veg_p05_spatial (%),inund_mean = mean over years of the share of the part's cells seen wet (%)
62_inland,62,Dinan 1,Inland Floodplain Shrublands / Swamps,inland,0,10042,626.1330439845898,cropping_era,1988-2013,26,69.49688915839562,23.73569615384616,66.38932353788098,3.1075656205146345,pixel,part (paddock x community),zone_fid (paddock),pixel-weighted by the unit's cell count (n_pixels_part / n_cells),BETWEEN-UNIT: how the across-year mean floor differs between parts that differ in wetness,floor_mean = mean over years of veg_p05_spatial (%),inund_mean = mean over years of the share of the part's cells seen wet (%)
62_riverine,62,Dinan 1,Riverine Chenopod Shrublands,riverine,0,1288,80.30863977814694,cropping_era,1988-2013,26,28.8398059459833,4.034273076923077,54.72132519423986,-25.88151924825656,pixel,part (paddock x community),zone_fid (paddock),pixel-weighted by the unit's cell count (n_pixels_part / n_cells),BETWEEN-UNIT: how the across-year mean floor differs between parts that differ in wetness,floor_mean = mean over years of veg_p05_spatial (%),inund_mean = mean over years of the share of the part's cells seen wet (%)
63_aeolian,63,Dinan 4,Aeolian Chenopod Shrublands,aeolian,0,70,4.364599987942769,cropping_era,1988-2013,26,59.43667353116549,1.2087923076923075,53.04795851373896,6.388715017426527,pixel,part (paddock x community),zone_fid (paddock),pixel-weighted by the unit's cell count (n_pixels_part / n_cells),BETWEEN-UNIT: how the across-year mean floor differs between parts that differ in wetness,floor_mean = mean over years of veg_p05_spatial (%),inund_mean = mean over years of the share of the part's cells seen wet (%)
63_inland,63,Dinan 4,Inland Floodplain Shrublands / Swamps,inland,0,6777,422.5556302612592,cropping_era,1988-2013,26,68.84737827594464,28.734069230769236,69.34956699616966,-0.5021887202250213,pixel,part (paddock x community),zone_fid (paddock),pixel-weighted by the unit's cell count (n_pixels_part / n_cells),BETWEEN-UNIT: how the across-year mean floor differs between parts that differ in wetness,floor_mean = mean over years of veg_p05_spatial (%),inund_mean = mean over years of the share of the part's cells seen wet (%)
63_riverine,63,Dinan 4,Riverine Chenopod Shrublands,riverine,0,4032,251.40095930550348,cropping_era,1988-2013,26,45.4065109362969,4.640753846153846,55.08050821280686,-9.673997276509963,pixel,part (paddock x community),zone_fid (paddock),pixel-weighted by the unit's cell count (n_pixels_part / n_cells),BETWEEN-UNIT: how the across-year mean floor differs between parts that differ in wetness,floor_mean = mean over years of veg_p05_spatial (%),inund_mean = mean over years of the share of the part's cells seen wet (%)
64_inland,64,Dinan 5,Inland Floodplain Shrublands / Swamps,inland,0,4463,278.2744249455511,cropping_era,1988-2013,26,68.93858013886671,30.22112307692307,70.23026184476421,-1.2916817058975028,pixel,part (paddock x community),zone_fid (paddock),pixel-weighted by the unit's cell count (n_pixels_part / n_cells),BETWEEN-UNIT: how the across-year mean floor differs between parts that differ in wetness,floor_mean = mean over years of veg_p05_spatial (%),inund_mean = mean over years of the share of the part's cells seen wet (%)
64_riverine,64,Dinan 5,Riverine Chenopod Shrublands,riverine,0,2615,163.048985263862,cropping_era,1988-2013,26,64.5145376425523,19.817615384615387,64.06887390603761,0.4456637365146889,pixel,part (paddock x community),zone_fid (paddock),pixel-weighted by the unit's cell count (n_pixels_part / n_cells),BETWEEN-UNIT: how the across-year mean floor differs between parts that differ in wetness,floor_mean = mean over years of veg_p05_spatial (%),inund_mean = mean over years of the share of the part's cells seen wet (%)
01_inland,1,Bala 26ca,Inland Floodplain Shrublands / Swamps,inland,1,32399,2020.123928705111,post_management,2018-2022,5,69.04310386657714,58.69256,73.10770450757977,-4.064600641002627,pixel,part (paddock x community),zone_fid (paddock),pixel-weighted by the unit's cell count (n_pixels_part / n_cells),BETWEEN-UNIT: how the across-year mean floor differs between parts that differ in wetness,floor_mean = mean over years of veg_p05_spatial (%),inund_mean = mean over years of the share of the part's cells seen wet (%)
01_riverine,1,Bala 26ca,Riverine Chenopod Shrublands,riverine,1,636,39.65550846188001,post_management,2018-2022,5,50.47613687515259,20.22012,60.63397405889051,-10.157837183737918,pixel,part (paddock x community),zone_fid (paddock),pixel-weighted by the unit's cell count (n_pixels_part / n_cells),BETWEEN-UNIT: how the across-year mean floor differs between parts that differ in wetness,floor_mean = mean over years of veg_p05_spatial (%),inund_mean = mean over years of the share of the part's cells seen wet (%)
02_inland,2,Bala 27ca,Inland Floodplain Shrublands / Swamps,inland,1,23908,1490.697950167653,post_management,2018-2022,5,66.3914395904541,41.340140000000005,67.481614514004,-1.0901749235498954,pixel,part (paddock x community),zone_fid (paddock),pixel-weighted by the unit's cell count (n_pixels_part / n_cells),BETWEEN-UNIT: how the across-year mean floor differs between parts that differ in wetness,floor_mean = mean over years of veg_p05_spatial (%),inund_mean = mean over years of the share of the part's cells seen wet (%)
03_inland,3,Bala 28ca,Inland Floodplain Shrublands / Swamps,inland,1,18272,1139.285299709861,post_management,2018-2022,5,71.5950089263916,54.757000000000005,71.83169719937048,-0.2366882729788813,pixel,part (paddock x community),zone_fid (paddock),pixel-weighted by the unit's cell count (n_pixels_part / n_cells),BETWEEN-UNIT: how the across-year mean floor differs between parts that differ in wetness,floor_mean = mean over years of veg_p05_spatial (%),inund_mean = mean over years of the share of the part's cells seen wet (%)
03_riverine,3,Bala 28ca,Riverine Chenopod Shrublands,riverine,1,3704,230.94969079057165,post_management,2018-2022,5,61.68513614654542,20.96112,60.874224853029865,0.8109112935155522,pixel,part (paddock x community),zone_fid (paddock),pixel-weighted by the unit's cell count (n_pixels_part / n_cells),BETWEEN-UNIT: how the across-year mean floor differs between parts that differ in wetness,floor_mean = mean over years of veg_p05_spatial (%),inund_mean = mean over years of the share of the part's cells seen wet (%)
04_aeolian,4,Bala 29ca,Aeolian Chenopod Shrublands,aeolian,1,11848,738.7397236735131,post_management,2018-2022,5,38.56456077575683,4.48682,55.532843398387485,-16.968282622630653,pixel,part (paddock x community),zone_fid (paddock),pixel-weighted by the unit's cell count (n_pixels_part / n_cells),BETWEEN-UNIT: how the across-year mean floor differs between parts that differ in wetness,floor_mean = mean over years of veg_p05_spatial (%),inund_mean = mean over years of the share of the part's cells seen wet (%)
04_inland,4,Bala 29ca,Inland Floodplain Shrublands / Swamps,inland,1,12687,791.0525721004273,post_management,2018-2022,5,61.88486061096192,25.45442,62.33106546477935,-0.4462048538174343,pixel,part (paddock x community),zone_fid (paddock),pixel-weighted by the unit's cell count (n_pixels_part / n_cells),BETWEEN-UNIT: how the across-year mean floor differs between parts that differ in wetness,floor_mean = mean over years of veg_p05_spatial (%),inund_mean = mean over years of the share of the part's cells seen wet (%)
04_riverine,4,Bala 29ca,Riverine Chenopod Shrublands,riverine,1,12141,757.0086921944736,post_management,2018-2022,5,43.56175033569336,15.32824,59.04790380945132,-15.48615347375796,pixel,part (paddock x community),zone_fid (paddock),pixel-weighted by the unit's cell count (n_pixels_part / n_cells),BETWEEN-UNIT: how the across-year mean floor differs between parts that differ in wetness,floor_mean = mean over years of veg_p05_spatial (%),inund_mean = mean over years of the share of the part's cells seen wet (%)
05_inland,5,Bala 1,Inland Floodplain Shrublands / Swamps,inland,0,9808,611.542809739181,post_management,2018-2022,5,69.41702293395997,27.601940000000003,63.02734533715473,6.389677596805242,pixel,part (paddock x community),zone_fid (paddock),pixel-weighted by the unit's cell count (n_pixels_part / n_cells),BETWEEN-UNIT: how the across-year mean floor differs between parts that differ in wetness,floor_mean = mean over years of veg_p05_spatial (%),inund_mean = mean over years of the share of the part's cells seen wet (%)
05_riverine,5,Bala 1,Riverine Chenopod Shrublands,riverine,0,318,19.827754230940005,post_management,2018-2022,5,63.83315956115723,6.729560000000001,56.25999598414741,7.573163577009822,pixel,part (paddock x community),zone_fid (paddock),pixel-weighted by the unit's cell count (n_pixels_part / n_cells),BETWEEN-UNIT: how the across-year mean floor differs between parts that differ in wetness,floor_mean = mean over years of veg_p05_spatial (%),inund_mean = mean over years of the share of the part's cells seen wet (%)
06_inland,6,Bala 2,Inland Floodplain Shrublands / Swamps,inland,0,26087,1626.5617126494717,post_management,2018-2022,5,73.08309509277345,20.2668,60.649108886246005,12.433986206527443,pixel,part (paddock x community),zone_fid (paddock),pixel-weighted by the unit's cell count (n_pixels_part / n_cells),BETWEEN-UNIT: how the across-year mean floor differs between parts that differ in wetness,floor_mean = mean over years of veg_p05_spatial (%),inund_mean = mean over years of the share of the part's cells seen wet (%)
06_riverine,6,Bala 2,Riverine Chenopod Shrublands,riverine,0,1956,121.9593939488008,post_management,2018-2022,5,69.47949104309082,12.14724,58.01654378764661,11.462947255444206,pixel,part (paddock x community),zone_fid (paddock),pixel-weighted by the unit's cell count (n_pixels_part / n_cells),BETWEEN-UNIT: how the across-year mean floor differs between parts that differ in wetness,floor_mean = mean over years of veg_p05_spatial (%),inund_mean = mean over years of the share of the part's cells seen wet (%)
07_inland,7,Bala 3,Inland Floodplain Shrublands / Swamps,inland,0,20725,1292.2333535730554,post_management,2018-2022,5,63.00943420410156,21.3771,61.00909600734308,2.0003381967584843,pixel,part (paddock x community),zone_fid (paddock),pixel-weighted by the unit's cell count (n_pixels_part / n_cells),BETWEEN-UNIT: how the across-year mean floor differs between parts that differ in wetness,floor_mean = mean over years of veg_p05_spatial (%),inund_mean = mean over years of the share of the part's cells seen wet (%)
08_inland,8,Bala 4,Inland Floodplain Shrublands / Swamps,inland,0,5578,347.79626761063946,post_management,2018-2022,5,74.06669326782227,27.16744,62.886469534113495,11.18022373370878,pixel,part (paddock x community),zone_fid (paddock),pixel-weighted by the unit's cell count (n_pixels_part / n_cells),BETWEEN-UNIT: how the across-year mean floor differs between parts that differ in wetness,floor_mean = mean over years of veg_p05_spatial (%),inund_mean = mean over years of the share of the part's cells seen wet (%)
09_inland,9,Bala 5,Inland Floodplain Shrublands / Swamps,inland,0,22252,1387.443984738607,post_management,2018-2022,5,69.89804630279541,21.40664,61.01867361659932,8.879372686196092,pixel,part (paddock x community),zone_fid (paddock),pixel-weighted by the unit's cell count (n_pixels_part / n_cells),BETWEEN-UNIT: how the across-year mean floor differs between parts that differ in wetness,floor_mean = mean over years of veg_p05_spatial (%),inund_mean = mean over years of the share of the part's cells seen wet (%)
09_riverine,9,Bala 5,Riverine Chenopod Shrublands,riverine,0,2132,132.9332453470569,post_management,2018-2022,5,69.41909832000731,16.73546,59.50415984525265,9.914938474754656,pixel,part (paddock x community),zone_fid (paddock),pixel-weighted by the unit's cell count (n_pixels_part / n_cells),BETWEEN-UNIT: how the across-year mean floor differs between parts that differ in wetness,floor_mean = mean over years of veg_p05_spatial (%),inund_mean = mean over years of the share of the part's cells seen wet (%)
10_inland,10,Bala 6,Inland Floodplain Shrublands / Swamps,inland,0,18947,1181.372513879309,post_management,2018-2022,5,74.42868392944335,17.52468,59.7600447733912,14.668639156052151,pixel,part (paddock x community),zone_fid (paddock),pixel-weighted by the unit's cell count (n_pixels_part / n_cells),BETWEEN-UNIT: how the across-year mean floor differs between parts that differ in wetness,floor_mean = mean over years of veg_p05_spatial (%),inund_mean = mean over years of the share of the part's cells seen wet (%)
10_riverine,10,Bala 6,Riverine Chenopod Shrublands,riverine,0,13478,840.3725519641805,post_management,2018-2022,5,67.90946376800537,2.37424,54.84789195077221,13.061571817233158,pixel,part (paddock x community),zone_fid (paddock),pixel-weighted by the unit's cell count (n_pixels_part / n_cells),BETWEEN-UNIT: how the across-year mean floor differs between parts that differ in wetness,floor_mean = mean over years of veg_p05_spatial (%),inund_mean = mean over years of the share of the part's cells seen wet (%)
11_inland,11,Bala 9,Inland Floodplain Shrublands / Swamps,inland,0,4101,255.70320786504703,post_management,2018-2022,5,61.18750610351562,21.32164,60.99111448366836,0.1963916198472688,pixel,part (paddock x community),zone_fid (paddock),pixel-weighted by the unit's cell count (n_pixels_part / n_cells),BETWEEN-UNIT: how the across-year mean floor differs between parts that differ in wetness,floor_mean = mean over years of veg_p05_spatial (%),inund_mean = mean over years of the share of the part's cells seen wet (%)
12_inland,12,Bala 12,Inland Floodplain Shrublands / Swamps,inland,0,15076,940.010134546074,post_management,2018-2022,5,65.1108377456665,47.92518,69.61664972242427,-4.505811976757769,pixel,part (paddock x community),zone_fid (paddock),pixel-weighted by the unit's cell count (n_pixels_part / n_cells),BETWEEN-UNIT: how the across-year mean floor differs between parts that differ in wetness,floor_mean = mean over years of veg_p05_spatial (%),inund_mean = mean over years of the share of the part's cells seen wet (%)
12_riverine,12,Bala 12,Riverine Chenopod Shrublands,riverine,0,495,30.863957057595293,post_management,2018-2022,5,54.82730323791505,34.66666,65.31790483833177,-10.490601600416724,pixel,part (paddock x community),zone_fid (paddock),pixel-weighted by the unit's cell count (n_pixels_part / n_cells),BETWEEN-UNIT: how the across-year mean floor differs between parts that differ in wetness,floor_mean = mean over years of veg_p05_spatial (%),inund_mean = mean over years of the share of the part's cells seen wet (%)
13_inland,13,Bala 13,Inland Floodplain Shrublands / Swamps,inland,0,12762,795.7289292303659,post_management,2018-2022,5,71.49505714416503,43.96334,68.33212177876291,3.16293536540212,pixel,part (paddock x community),zone_fid (paddock),pixel-weighted by the unit's cell count (n_pixels_part / n_cells),BETWEEN-UNIT: how the across-year mean floor differs between parts that differ in wetness,floor_mean = mean over years of veg_p05_spatial (%),inund_mean = mean over years of the share of the part's cells seen wet (%)
14_inland,14,Bala 15,Inland Floodplain Shrublands / Swamps,inland,0,8452,526.9942728298897,post_management,2018-2022,5,56.75576660156249,29.72076,63.71431994935223,-6.9585533477897386,pixel,part (paddock x community),zone_fid (paddock),pixel-weighted by the unit's cell count (n_pixels_part / n_cells),BETWEEN-UNIT: how the across-year mean floor differs between parts that differ in wetness,floor_mean = mean over years of veg_p05_spatial (%),inund_mean = mean over years of the share of the part's cells seen wet (%)
15_inland,15,Bala 17,Inland Floodplain Shrublands / Swamps,inland,0,11970,746.3465979382134,post_management,2018-2022,5,71.93116790771484,37.0476,66.08986533198652,5.841302575728321,pixel,part (paddock x community),zone_fid (paddock),pixel-weighted by the unit's cell count (n_pixels_part / n_cells),BETWEEN-UNIT: how the across-year mean floor differs between parts that differ in wetness,floor_mean = mean over years of veg_p05_spatial (%),inund_mean = mean over years of the share of the part's cells seen wet (%)
16_inland,16,Bala 18,Inland Floodplain Shrublands / Swamps,inland,0,11473,715.3579380238198,post_management,2018-2022,5,79.9787255859375,71.80338,77.35856134539105,2.620164240546444,pixel,part (paddock x community),zone_fid (paddock),pixel-weighted by the unit's cell count (n_pixels_part / n_cells),BETWEEN-UNIT: how the across-year mean floor differs between parts that differ in wetness,floor_mean = mean over years of veg_p05_spatial (%),inund_mean = mean over years of the share of the part's cells seen wet (%)
16_riverine,16,Bala 18,Riverine Chenopod Shrublands,riverine,0,623,38.84493989269064,post_management,2018-2022,5,74.67984375,41.31622,67.47385904977213,7.205984700227873,pixel,part (paddock x community),zone_fid (paddock),pixel-weighted by the unit's cell count (n_pixels_part / n_cells),BETWEEN-UNIT: how the across-year mean floor differs between parts that differ in wetness,floor_mean = mean over years of veg_p05_spatial (%),inund_mean = mean over years of the share of the part's cells seen wet (%)
17_inland,17,Bala 19,Inland Floodplain Shrublands / Swamps,inland,0,13332,831.2692434178999,post_management,2018-2022,5,71.99754287719726,38.72786,66.63464778726397,5.362895089933289,pixel,part (paddock x community),zone_fid (paddock),pixel-weighted by the unit's cell count (n_pixels_part / n_cells),BETWEEN-UNIT: how the across-year mean floor differs between parts that differ in wetness,floor_mean = mean over years of veg_p05_spatial (%),inund_mean = mean over years of the share of the part's cells seen wet (%)
18_aeolian,18,Bala 20,Aeolian Chenopod Shrublands,aeolian,0,157,9.789174258671638,post_management,2018-2022,5,55.72067886352539,27.6433,63.04075528701384,-7.320076423488445,pixel,part (paddock x community),zone_fid (paddock),pixel-weighted by the unit's cell count (n_pixels_part / n_cells),BETWEEN-UNIT: how the across-year mean floor differs between parts that differ in wetness,floor_mean = mean over years of veg_p05_spatial (%),inund_mean = mean over years of the share of the part's cells seen wet (%)
18_inland,18,Bala 20,Inland Floodplain Shrublands / Swamps,inland,0,9651,601.7536354805094,post_management,2018-2022,5,78.90093002319335,73.00176,77.74710621270647,1.153823810486884,pixel,part (paddock x community),zone_fid (paddock),pixel-weighted by the unit's cell count (n_pixels_part / n_cells),BETWEEN-UNIT: how the across-year mean floor differs between parts that differ in wetness,floor_mean = mean over years of veg_p05_spatial (%),inund_mean = mean over years of the share of the part's cells seen wet (%)
18_riverine,18,Bala 20,Riverine Chenopod Shrublands,riverine,0,2845,177.38981379567394,post_management,2018-2022,5,63.18490112304687,40.5835,67.23629283940534,-4.0513917163584665,pixel,part (paddock x community),zone_fid (paddock),pixel-weighted by the unit's cell count (n_pixels_part / n_cells),BETWEEN-UNIT: how the across-year mean floor differs between parts that differ in wetness,floor_mean = mean over years of veg_p05_spatial (%),inund_mean = mean over years of the share of the part's cells seen wet (%)
19_inland,19,Bala 21,Inland Floodplain Shrublands / Swamps,inland,0,10258,639.6009525188132,post_management,2018-2022,5,75.29219528198243,64.37512000000001,74.95013305379373,0.3420622281886949,pixel,part (paddock x community),zone_fid (paddock),pixel-weighted by the unit's cell count (n_pixels_part / n_cells),BETWEEN-UNIT: how the across-year mean floor differs between parts that differ in wetness,floor_mean = mean over years of veg_p05_spatial (%),inund_mean = mean over years of the share of the part's cells seen wet (%)
20_inland,20,Bala 22,Inland Floodplain Shrublands / Swamps,inland,0,5266,328.3426219500945,post_management,2018-2022,5,88.05918235778809,83.87392,81.27213330313852,6.787049054649572,pixel,part (paddock x community),zone_fid (paddock),pixel-weighted by the unit's cell count (n_pixels_part / n_cells),BETWEEN-UNIT: how the across-year mean floor differs between parts that differ in wetness,floor_mean = mean over years of veg_p05_spatial (%),inund_mean = mean over years of the share of the part's cells seen wet (%)
21_inland,21,Bala 23,Inland Floodplain Shrublands / Swamps,inland,0,19883,1239.7334508609438,post_management,2018-2022,5,72.40818878173827,62.06508,74.20116011925435,-1.7929713375160787,pixel,part (paddock x community),zone_fid (paddock),pixel-weighted by the unit's cell count (n_pixels_part / n_cells),BETWEEN-UNIT: how the across-year mean floor differs between parts that differ in wetness,floor_mean = mean over years of veg_p05_spatial (%),inund_mean = mean over years of the share of the part's cells seen wet (%)
21_riverine,21,Bala 23,Riverine Chenopod Shrublands,riverine,0,4486,279.7085077987323,post_management,2018-2022,5,58.954494667053225,49.26882,70.05229152679324,-11.097796859740017,pixel,part (paddock x community),zone_fid (paddock),pixel-weighted by the unit's cell count (n_pixels_part / n_cells),BETWEEN-UNIT: how the across-year mean floor differs between parts that differ in wetness,floor_mean = mean over years of veg_p05_spatial (%),inund_mean = mean over years of the share of the part's cells seen wet (%)
22_inland,22,Bala 24,Inland Floodplain Shrublands / Swamps,inland,0,5667,353.3455447381667,post_management,2018-2022,5,66.83373947143555,31.367560000000005,64.24825383300768,2.585485638427869,pixel,part (paddock x community),zone_fid (paddock),pixel-weighted by the unit's cell count (n_pixels_part / n_cells),BETWEEN-UNIT: how the across-year mean floor differs between parts that differ in wetness,floor_mean = mean over years of veg_p05_spatial (%),inund_mean = mean over years of the share of the part's cells seen wet (%)
23_inland,23,Bala 25,Inland Floodplain Shrublands / Swamps,inland,0,9115,568.3332698585476,post_management,2018-2022,5,66.3957151031494,53.40646,71.3938182418577,-4.998103138708302,pixel,part (paddock x community),zone_fid (paddock),pixel-weighted by the unit's cell count (n_pixels_part / n_cells),BETWEEN-UNIT: how the across-year mean floor differs between parts that differ in wetness,floor_mean = mean over years of veg_p05_spatial (%),inund_mean = mean over years of the share of the part's cells seen wet (%)
24_inland,24,Bala 7/10,Inland Floodplain Shrublands / Swamps,inland,0,3938,245.53992503598036,post_management,2018-2022,5,71.8044618988037,46.20112,69.05766620806004,2.746795690743653,pixel,part (paddock x community),zone_fid (paddock),pixel-weighted by the unit's cell count (n_pixels_part / n_cells),BETWEEN-UNIT: how the across-year mean floor differs between parts that differ in wetness,floor_mean = mean over years of veg_p05_spatial (%),inund_mean = mean over years of the share of the part's cells seen wet (%)
24_riverine,24,Bala 7/10,Riverine Chenopod Shrublands,riverine,0,43,2.6811114211648435,post_management,2018-2022,5,51.176511459350586,42.32558,67.80111888995094,-16.624607430600356,pixel,part (paddock x community),zone_fid (paddock),pixel-weighted by the unit's cell count (n_pixels_part / n_cells),BETWEEN-UNIT: how the across-year mean floor differs between parts that differ in wetness,floor_mean = mean over years of veg_p05_spatial (%),inund_mean = mean over years of the share of the part's cells seen wet (%)
25_inland,25,Bala 8/11,Inland Floodplain Shrublands / Swamps,inland,0,24831,1548.2483185800984,post_management,2018-2022,5,68.54785614013672,40.93592,67.35055624678805,1.1972998933486707,pixel,part (paddock x community),zone_fid (paddock),pixel-weighted by the unit's cell count (n_pixels_part / n_cells),BETWEEN-UNIT: how the across-year mean floor differs between parts that differ in wetness,floor_mean = mean over years of veg_p05_spatial (%),inund_mean = mean over years of the share of the part's cells seen wet (%)
25_riverine,25,Bala 8/11,Riverine Chenopod Shrublands,riverine,0,49,3.0552199915599383,post_management,2018-2022,5,51.79722442626953,40.0,67.0471074974616,-15.249883071192066,pixel,part (paddock x community),zone_fid (paddock),pixel-weighted by the unit's cell count (n_pixels_part / n_cells),BETWEEN-UNIT: how the across-year mean floor differs between parts that differ in wetness,floor_mean = mean over years of veg_p05_spatial (%),inund_mean = mean over years of the share of the part's cells seen wet (%)
26_inland,26,Bala 14/16,Inland Floodplain Shrublands / Swamps,inland,0,8576,534.7258499513883,post_management,2018-2022,5,79.14946746826172,43.09702,68.05123909593051,11.098228372331208,pixel,part (paddock x community),zone_fid (paddock),pixel-weighted by the unit's cell count (n_pixels_part / n_cells),BETWEEN-UNIT: how the across-year mean floor differs between parts that differ in wetness,floor_mean = mean over years of veg_p05_spatial (%),inund_mean = mean over years of the share of the part's cells seen wet (%)
26_riverine,26,Bala 14/16,Riverine Chenopod Shrublands,riverine,0,199,12.4079342514373,post_management,2018-2022,5,55.79125648498534,23.21608,61.60533946942998,-5.814082984444639,pixel,part (paddock x community),zone_fid (paddock),pixel-weighted by the unit's cell count (n_pixels_part / n_cells),BETWEEN-UNIT: how the across-year mean floor differs between parts that differ in wetness,floor_mean = mean over years of veg_p05_spatial (%),inund_mean = mean over years of the share of the part's cells seen wet (%)
27_inland,27,Mara 1,Inland Floodplain Shrublands / Swamps,inland,0,588,36.662639898719256,post_management,2018-2022,5,71.6897061920166,31.87076,64.411403899959,7.278302292057603,pixel,part (paddock x community),zone_fid (paddock),pixel-weighted by the unit's cell count (n_pixels_part / n_cells),BETWEEN-UNIT: how the across-year mean floor differs between parts that differ in wetness,floor_mean = mean over years of veg_p05_spatial (%),inund_mean = mean over years of the share of the part's cells seen wet (%)
27_riverine,27,Mara 1,Riverine Chenopod Shrublands,riverine,0,262,16.33607424058579,post_management,2018-2022,5,69.29891094207764,9.61832,57.196604464684526,12.102306477393114,pixel,part (paddock x community),zone_fid (paddock),pixel-weighted by the unit's cell count (n_pixels_part / n_cells),BETWEEN-UNIT: how the across-year mean floor differs between parts that differ in wetness,floor_mean = mean over years of veg_p05_spatial (%),inund_mean = mean over years of the share of the part's cells seen wet (%)
28_inland,28,Mara 2,Inland Floodplain Shrublands / Swamps,inland,0,1141,71.14297980346713,post_management,2018-2022,5,59.96235122680664,22.96232,61.52306410975278,-1.5607128829461416,pixel,part (paddock x community),zone_fid (paddock),pixel-weighted by the unit's cell count (n_pixels_part / n_cells),BETWEEN-UNIT: how the across-year mean floor differs between parts that differ in wetness,floor_mean = mean over years of veg_p05_spatial (%),inund_mean = mean over years of the share of the part's cells seen wet (%)
28_riverine,28,Mara 2,Riverine Chenopod Shrublands,riverine,0,844,52.62460556890996,post_management,2018-2022,5,48.66719360351563,17.08532,59.6175932363965,-10.950399632880874,pixel,part (paddock x community),zone_fid (paddock),pixel-weighted by the unit's cell count (n_pixels_part / n_cells),BETWEEN-UNIT: how the across-year mean floor differs between parts that differ in wetness,floor_mean = mean over years of veg_p05_spatial (%),inund_mean = mean over years of the share of the part's cells seen wet (%)
29_inland,29,Mara 3,Inland Floodplain Shrublands / Swamps,inland,0,5294,330.08846194527166,post_management,2018-2022,5,71.40372871398925,39.07822,66.74824329095448,4.655485423034776,pixel,part (paddock x community),zone_fid (paddock),pixel-weighted by the unit's cell count (n_pixels_part / n_cells),BETWEEN-UNIT: how the across-year mean floor differs between parts that differ in wetness,floor_mean = mean over years of veg_p05_spatial (%),inund_mean = mean over years of the share of the part's cells seen wet (%)
30_inland,30,Mara 10,Inland Floodplain Shrublands / Swamps,inland,0,3992,248.90690216953615,post_management,2018-2022,5,69.83506408691406,38.93284,66.70110744688972,3.133956640024337,pixel,part (paddock x community),zone_fid (paddock),pixel-weighted by the unit's cell count (n_pixels_part / n_cells),BETWEEN-UNIT: how the across-year mean floor differs between parts that differ in wetness,floor_mean = mean over years of veg_p05_spatial (%),inund_mean = mean over years of the share of the part's cells seen wet (%)
31_aeolian,31,Mara 13,Aeolian Chenopod Shrublands,aeolian,0,47,2.930517134761573,post_management,2018-2022,5,75.09864044189453,10.21276,57.38933682914903,17.7093036127455,pixel,part (paddock x community),zone_fid (paddock),pixel-weighted by the unit's cell count (n_pixels_part / n_cells),BETWEEN-UNIT: how the across-year mean floor differs between parts that differ in wetness,floor_mean = mean over years of veg_p05_spatial (%),inund_mean = mean over years of the share of the part's cells seen wet (%)
31_inland,31,Mara 13,Inland Floodplain Shrublands / Swamps,inland,0,784,48.88351986495901,post_management,2018-2022,5,65.5186390686035,22.7041,61.43934270615944,4.079296362444069,pixel,part (paddock x community),zone_fid (paddock),pixel-weighted by the unit's cell count (n_pixels_part / n_cells),BETWEEN-UNIT: how the across-year mean floor differs between parts that differ in wetness,floor_mean = mean over years of veg_p05_spatial (%),inund_mean = mean over years of the share of the part's cells seen wet (%)
31_riverine,31,Mara 13,Riverine Chenopod Shrublands,riverine,0,1004,62.60083411277914,post_management,2018-2022,5,67.84348358154297,34.60158,65.29680426925945,2.546679312283516,pixel,part (paddock x community),zone_fid (paddock),pixel-weighted by the unit's cell count (n_pixels_part / n_cells),BETWEEN-UNIT: how the across-year mean floor differs between parts that differ in wetness,floor_mean = mean over years of veg_p05_spatial (%),inund_mean = mean over years of the share of the part's cells seen wet (%)
32_inland,32,Mara 12,Inland Floodplain Shrublands / Swamps,inland,0,3923,244.6046536099926,post_management,2018-2022,5,75.09513732910156,52.96966,71.25219672110188,3.84294060799968,pixel,part (paddock x community),zone_fid (paddock),pixel-weighted by the unit's cell count (n_pixels_part / n_cells),BETWEEN-UNIT: how the across-year mean floor differs between parts that differ in wetness,floor_mean = mean over years of veg_p05_spatial (%),inund_mean = mean over years of the share of the part's cells seen wet (%)
32_riverine,32,Mara 12,Riverine Chenopod Shrublands,riverine,0,230,14.340828531811956,post_management,2018-2022,5,70.85882026672364,21.91306,61.182867688351074,9.675952578372566,pixel,part (paddock x community),zone_fid (paddock),pixel-weighted by the unit's cell count (n_pixels_part / n_cells),BETWEEN-UNIT: how the across-year mean floor differs between parts that differ in wetness,floor_mean = mean over years of veg_p05_spatial (%),inund_mean = mean over years of the share of the part's cells seen wet (%)
33_inland,33,Mara 14,Inland Floodplain Shrublands / Swamps,inland,0,16075,1002.2992115168572,post_management,2018-2022,5,75.7514356994629,62.38755999999999,74.3057162273435,1.445719472119407,pixel,part (paddock x community),zone_fid (paddock),pixel-weighted by the unit's cell count (n_pixels_part / n_cells),BETWEEN-UNIT: how the across-year mean floor differs between parts that differ in wetness,floor_mean = mean over years of veg_p05_spatial (%),inund_mean = mean over years of the share of the part's cells seen wet (%)
34_inland,34,Mara 5,Inland Floodplain Shrublands / Swamps,inland,0,5075,316.43349912585074,post_management,2018-2022,5,78.18069061279297,55.456140000000005,72.05837593110407,6.122314681688906,pixel,part (paddock x community),zone_fid (paddock),pixel-weighted by the unit's cell count (n_pixels_part / n_cells),BETWEEN-UNIT: how the across-year mean floor differs between parts that differ in wetness,floor_mean = mean over years of veg_p05_spatial (%),inund_mean = mean over years of the share of the part's cells seen wet (%)
35_inland,35,Mara 9,Inland Floodplain Shrublands / Swamps,inland,0,4952,308.7642734327513,post_management,2018-2022,5,72.46430545806885,44.10338,68.37752626082941,4.086779197239437,pixel,part (paddock x community),zone_fid (paddock),pixel-weighted by the unit's cell count (n_pixels_part / n_cells),BETWEEN-UNIT: how the across-year mean floor differs between parts that differ in wetness,floor_mean = mean over years of veg_p05_spatial (%),inund_mean = mean over years of the share of the part's cells seen wet (%)
36_inland,36,Mara 6,Inland Floodplain Shrublands / Swamps,inland,0,10314,643.0926325091674,post_management,2018-2022,5,80.01348243713377,48.67558,69.8599482324407,10.153534204693074,pixel,part (paddock x community),zone_fid (paddock),pixel-weighted by the unit's cell count (n_pixels_part / n_cells),BETWEEN-UNIT: how the across-year mean floor differs between parts that differ in wetness,floor_mean = mean over years of veg_p05_spatial (%),inund_mean = mean over years of the share of the part's cells seen wet (%)
37_aeolian,37,Mara 7,Aeolian Chenopod Shrublands,aeolian,0,615,38.34612846549718,post_management,2018-2022,5,61.14829055786133,7.642280000000001,56.55592271130918,4.592367846552151,pixel,part (paddock x community),zone_fid (paddock),pixel-weighted by the unit's cell count (n_pixels_part / n_cells),BETWEEN-UNIT: how the across-year mean floor differs between parts that differ in wetness,floor_mean = mean over years of veg_p05_spatial (%),inund_mean = mean over years of the share of the part's cells seen wet (%)
37_inland,37,Mara 7,Inland Floodplain Shrublands / Swamps,inland,0,13575,846.4206405189012,post_management,2018-2022,5,73.49278343200683,46.17162,69.04810156780752,4.44468186419931,pixel,part (paddock x community),zone_fid (paddock),pixel-weighted by the unit's cell count (n_pixels_part / n_cells),BETWEEN-UNIT: how the across-year mean floor differs between parts that differ in wetness,floor_mean = mean over years of veg_p05_spatial (%),inund_mean = mean over years of the share of the part's cells seen wet (%)
37_riverine,37,Mara 7,Riverine Chenopod Shrublands,riverine,0,686,42.77307988183913,post_management,2018-2022,5,59.591560173034665,19.650160000000003,60.44917872471012,-0.8576185516754578,pixel,part (paddock x community),zone_fid (paddock),pixel-weighted by the unit's cell count (n_pixels_part / n_cells),BETWEEN-UNIT: how the across-year mean floor differs between parts that differ in wetness,floor_mean = mean over years of veg_p05_spatial (%),inund_mean = mean over years of the share of the part's cells seen wet (%)
38_aeolian,38,Mara 8,Aeolian Chenopod Shrublands,aeolian,0,1894,118.09360538805149,post_management,2018-2022,5,68.66415405273438,7.63464,56.553445631596325,12.11070842113805,pixel,part (paddock x community),zone_fid (paddock),pixel-weighted by the unit's cell count (n_pixels_part / n_cells),BETWEEN-UNIT: how the across-year mean floor differs between parts that differ in wetness,floor_mean = mean over years of veg_p05_spatial (%),inund_mean = mean over years of the share of the part's cells seen wet (%)
38_inland,38,Mara 8,Inland Floodplain Shrublands / Swamps,inland,0,658,41.02723988666202,post_management,2018-2022,5,71.82132286071777,28.96658,63.469795868483104,8.351526992234668,pixel,part (paddock x community),zone_fid (paddock),pixel-weighted by the unit's cell count (n_pixels_part / n_cells),BETWEEN-UNIT: how the across-year mean floor differs between parts that differ in wetness,floor_mean = mean over years of veg_p05_spatial (%),inund_mean = mean over years of the share of the part's cells seen wet (%)
38_riverine,38,Mara 8,Riverine Chenopod Shrublands,riverine,0,1232,76.81695978779273,post_management,2018-2022,5,61.10338024139404,20.9091,60.85735866367611,0.2460215777179328,pixel,part (paddock x community),zone_fid (paddock),pixel-weighted by the unit's cell count (n_pixels_part / n_cells),BETWEEN-UNIT: how the across-year mean floor differs between parts that differ in wetness,floor_mean = mean over years of veg_p05_spatial (%),inund_mean = mean over years of the share of the part's cells seen wet (%)
39_inland,39,Mara 11,Inland Floodplain Shrublands / Swamps,inland,0,14841,925.3575488722662,post_management,2018-2022,5,58.71935882568359,23.408120000000004,61.66760365634836,-2.9482448306647697,pixel,part (paddock x community),zone_fid (paddock),pixel-weighted by the unit's cell count (n_pixels_part / n_cells),BETWEEN-UNIT: how the across-year mean floor differs between parts that differ in wetness,floor_mean = mean over years of veg_p05_spatial (%),inund_mean = mean over years of the share of the part's cells seen wet (%)
39_riverine,39,Mara 11,Riverine Chenopod Shrublands,riverine,0,353,22.01005422491139,post_management,2018-2022,5,44.21641052246093,22.54958,61.38924344474188,-17.172832922280946,pixel,part (paddock x community),zone_fid (paddock),pixel-weighted by the unit's cell count (n_pixels_part / n_cells),BETWEEN-UNIT: how the across-year mean floor differs between parts that differ in wetness,floor_mean = mean over years of veg_p05_spatial (%),inund_mean = mean over years of the share of the part's cells seen wet (%)
40_inland,40,Mara 15,Inland Floodplain Shrublands / Swamps,inland,0,16594,1034.659602856033,post_management,2018-2022,5,72.65944458007813,38.60552,66.59498208934897,6.064462490729156,pixel,part (paddock x community),zone_fid (paddock),pixel-weighted by the unit's cell count (n_pixels_part / n_cells),BETWEEN-UNIT: how the across-year mean floor differs between parts that differ in wetness,floor_mean = mean over years of veg_p05_spatial (%),inund_mean = mean over years of the share of the part's cells seen wet (%)
41_inland,41,Mara 16,Inland Floodplain Shrublands / Swamps,inland,0,10926,681.251706689467,post_management,2018-2022,5,76.37842262268066,46.56416,69.17537288593365,7.203049736747005,pixel,part (paddock x community),zone_fid (paddock),pixel-weighted by the unit's cell count (n_pixels_part / n_cells),BETWEEN-UNIT: how the across-year mean floor differs between parts that differ in wetness,floor_mean = mean over years of veg_p05_spatial (%),inund_mean = mean over years of the share of the part's cells seen wet (%)
42_inland,42,Mara 17,Inland Floodplain Shrublands / Swamps,inland,0,4586,285.9436506386505,post_management,2018-2022,5,74.83337593078613,32.50762,64.61788989288152,10.215486037904611,pixel,part (paddock x community),zone_fid (paddock),pixel-weighted by the unit's cell count (n_pixels_part / n_cells),BETWEEN-UNIT: how the across-year mean floor differs between parts that differ in wetness,floor_mean = mean over years of veg_p05_spatial (%),inund_mean = mean over years of the share of the part's cells seen wet (%)
43_inland,43,Mara 18,Inland Floodplain Shrublands / Swamps,inland,0,3580,223.21811366907303,post_management,2018-2022,5,63.56793956756592,30.63686,64.01134255732937,-0.4434029897634559,pixel,part (paddock x community),zone_fid (paddock),pixel-weighted by the unit's cell count (n_pixels_part / n_cells),BETWEEN-UNIT: how the across-year mean floor differs between parts that differ in wetness,floor_mean = mean over years of veg_p05_spatial (%),inund_mean = mean over years of the share of the part's cells seen wet (%)
44_inland,44,Mara 19,Inland Floodplain Shrublands / Swamps,inland,0,4801,299.3492077444748,post_management,2018-2022,5,80.84533386230468,68.30244,76.2234687472342,4.621865115070492,pixel,part (paddock x community),zone_fid (paddock),pixel-weighted by the unit's cell count (n_pixels_part / n_cells),BETWEEN-UNIT: how the across-year mean floor differs between parts that differ in wetness,floor_mean = mean over years of veg_p05_spatial (%),inund_mean = mean over years of the share of the part's cells seen wet (%)
45_inland,45,Mara 21,Inland Floodplain Shrublands / Swamps,inland,0,10365,646.2725553575257,post_management,2018-2022,5,68.85534713745116,62.95224,74.48879965303124,-5.633452515580075,pixel,part (paddock x community),zone_fid (paddock),pixel-weighted by the unit's cell count (n_pixels_part / n_cells),BETWEEN-UNIT: how the across-year mean floor differs between parts that differ in wetness,floor_mean = mean over years of veg_p05_spatial (%),inund_mean = mean over years of the share of the part's cells seen wet (%)
45_riverine,45,Mara 21,Riverine Chenopod Shrublands,riverine,0,3275,204.2009280073224,post_management,2018-2022,5,61.39983848571778,52.87326,71.22094142210723,-9.821102936389453,pixel,part (paddock x community),zone_fid (paddock),pixel-weighted by the unit's cell count (n_pixels_part / n_cells),BETWEEN-UNIT: how the across-year mean floor differs between parts that differ in wetness,floor_mean = mean over years of veg_p05_spatial (%),inund_mean = mean over years of the share of the part's cells seen wet (%)
46_inland,46,Mara 20,Inland Floodplain Shrublands / Swamps,inland,0,2397,149.45637387284023,post_management,2018-2022,5,72.10345123291015,45.95744,68.97865903732335,3.1247921955867923,pixel,part (paddock x community),zone_fid (paddock),pixel-weighted by the unit's cell count (n_pixels_part / n_cells),BETWEEN-UNIT: how the across-year mean floor differs between parts that differ in wetness,floor_mean = mean over years of veg_p05_spatial (%),inund_mean = mean over years of the share of the part's cells seen wet (%)
47_inland,47,Mara 22,Inland Floodplain Shrublands / Swamps,inland,0,6395,398.7373846127715,post_management,2018-2022,5,65.51904548645021,48.66304,69.85588244977065,-4.336836963320437,pixel,part (paddock x community),zone_fid (paddock),pixel-weighted by the unit's cell count (n_pixels_part / n_cells),BETWEEN-UNIT: how the across-year mean floor differs between parts that differ in wetness,floor_mean = mean over years of veg_p05_spatial (%),inund_mean = mean over years of the share of the part's cells seen wet (%)
48_aeolian,48,Mara 4,Aeolian Chenopod Shrublands,aeolian,0,33,2.0575971371730195,post_management,2018-2022,5,66.80320358276367,10.30304,57.41860787057265,9.384595712191022,pixel,part (paddock x community),zone_fid (paddock),pixel-weighted by the unit's cell count (n_pixels_part / n_cells),BETWEEN-UNIT: how the across-year mean floor differs between parts that differ in wetness,floor_mean = mean over years of veg_p05_spatial (%),inund_mean = mean over years of the share of the part's cells seen wet (%)
48_inland,48,Mara 4,Inland Floodplain Shrublands / Swamps,inland,0,720,44.89302844741133,post_management,2018-2022,5,73.54287139892578,37.75,66.31760103752427,7.225270361401513,pixel,part (paddock x community),zone_fid (paddock),pixel-weighted by the unit's cell count (n_pixels_part / n_cells),BETWEEN-UNIT: how the across-year mean floor differs between parts that differ in wetness,floor_mean = mean over years of veg_p05_spatial (%),inund_mean = mean over years of the share of the part's cells seen wet (%)
48_riverine,48,Mara 4,Riverine Chenopod Shrublands,riverine,0,197,12.283231394638936,post_management,2018-2022,5,51.87574279785156,23.04568,61.55009151353072,-9.674348715679166,pixel,part (paddock x community),zone_fid (paddock),pixel-weighted by the unit's cell count (n_pixels_part / n_cells),BETWEEN-UNIT: how the across-year mean floor differs between parts that differ in wetness,floor_mean = mean over years of veg_p05_spatial (%),inund_mean = mean over years of the share of the part's cells seen wet (%)
49_inland,49,Mara 5a,Inland Floodplain Shrublands / Swamps,inland,0,1842,114.851331111294,post_management,2018-2022,5,79.28232749938965,54.9837,71.90519902802284,7.377128471366817,pixel,part (paddock x community),zone_fid (paddock),pixel-weighted by the unit's cell count (n_pixels_part / n_cells),BETWEEN-UNIT: how the across-year mean floor differs between parts that differ in wetness,floor_mean = mean over years of veg_p05_spatial (%),inund_mean = mean over years of the share of the part's cells seen wet (%)
50_inland,50,Mara 22a,Inland Floodplain Shrublands / Swamps,inland,0,1595,99.45052829669596,post_management,2018-2022,5,71.47693374633789,36.37616,65.87216763533749,5.6047661110004015,pixel,part (paddock x community),zone_fid (paddock),pixel-weighted by the unit's cell count (n_pixels_part / n_cells),BETWEEN-UNIT: how the across-year mean floor differs between parts that differ in wetness,floor_mean = mean over years of veg_p05_spatial (%),inund_mean = mean over years of the share of the part's cells seen wet (%)
51_aeolian,51,Dinan 3,Aeolian Chenopod Shrublands,aeolian,0,2417,150.70340244082388,post_management,2018-2022,5,70.3420344543457,3.9967,55.37393419565661,14.968100258689084,pixel,part (paddock x community),zone_fid (paddock),pixel-weighted by the unit's cell count (n_pixels_part / n_cells),BETWEEN-UNIT: how the across-year mean floor differs between parts that differ in wetness,floor_mean = mean over years of veg_p05_spatial (%),inund_mean = mean over years of the share of the part's cells seen wet (%)
51_inland,51,Dinan 3,Inland Floodplain Shrublands / Swamps,inland,0,4499,280.5190763679217,post_management,2018-2022,5,70.99244018554688,24.48098,62.01545178995207,8.976988395594816,pixel,part (paddock x community),zone_fid (paddock),pixel-weighted by the unit's cell count (n_pixels_part / n_cells),BETWEEN-UNIT: how the across-year mean floor differs between parts that differ in wetness,floor_mean = mean over years of veg_p05_spatial (%),inund_mean = mean over years of the share of the part's cells seen wet (%)
51_riverine,51,Dinan 3,Riverine Chenopod Shrublands,riverine,0,2674,166.72771953941376,post_management,2018-2022,5,42.17490707397461,19.30442,60.33708114095069,-18.16217406697608,pixel,part (paddock x community),zone_fid (paddock),pixel-weighted by the unit's cell count (n_pixels_part / n_cells),BETWEEN-UNIT: how the across-year mean floor differs between parts that differ in wetness,floor_mean = mean over years of veg_p05_spatial (%),inund_mean = mean over years of the share of the part's cells seen wet (%)
52_inland,52,Dinan 2,Inland Floodplain Shrublands / Swamps,inland,0,12823,799.5323663627161,post_management,2018-2022,5,77.34548797607421,37.36256,66.191983267374,11.153504708700211,pixel,part (paddock x community),zone_fid (paddock),pixel-weighted by the unit's cell count (n_pixels_part / n_cells),BETWEEN-UNIT: how the across-year mean floor differs between parts that differ in wetness,floor_mean = mean over years of veg_p05_spatial (%),inund_mean = mean over years of the share of the part's cells seen wet (%)
52_riverine,52,Dinan 2,Riverine Chenopod Shrublands,riverine,0,1060,66.09251410313335,post_management,2018-2022,5,46.93840393066406,21.77358,61.13764477233683,-14.199240841672768,pixel,part (paddock x community),zone_fid (paddock),pixel-weighted by the unit's cell count (n_pixels_part / n_cells),BETWEEN-UNIT: how the across-year mean floor differs between parts that differ in wetness,floor_mean = mean over years of veg_p05_spatial (%),inund_mean = mean over years of the share of the part's cells seen wet (%)
53_inland,53,Dinan 6,Inland Floodplain Shrublands / Swamps,inland,0,6016,375.10619324948135,post_management,2018-2022,5,54.900231742858885,21.6722,61.10477483237752,-6.204543089518637,pixel,part (paddock x community),zone_fid (paddock),pixel-weighted by the unit's cell count (n_pixels_part / n_cells),BETWEEN-UNIT: how the across-year mean floor differs between parts that differ in wetness,floor_mean = mean over years of veg_p05_spatial (%),inund_mean = mean over years of the share of the part's cells seen wet (%)
53_riverine,53,Dinan 6,Riverine Chenopod Shrublands,riverine,0,811,50.56700843173694,post_management,2018-2022,5,65.35185317993164,20.76448,60.81046923068227,4.541383949249365,pixel,part (paddock x community),zone_fid (paddock),pixel-weighted by the unit's cell count (n_pixels_part / n_cells),BETWEEN-UNIT: how the across-year mean floor differs between parts that differ in wetness,floor_mean = mean over years of veg_p05_spatial (%),inund_mean = mean over years of the share of the part's cells seen wet (%)
54_aeolian,54,Dinan 7,Aeolian Chenopod Shrublands,aeolian,0,87,5.424574270728869,post_management,2018-2022,5,70.87565124511718,5.05748,55.71786569013319,15.157785554983995,pixel,part (paddock x community),zone_fid (paddock),pixel-weighted by the unit's cell count (n_pixels_part / n_cells),BETWEEN-UNIT: how the across-year mean floor differs between parts that differ in wetness,floor_mean = mean over years of veg_p05_spatial (%),inund_mean = mean over years of the share of the part's cells seen wet (%)
54_riverine,54,Dinan 7,Riverine Chenopod Shrublands,riverine,0,11273,702.8876523439833,post_management,2018-2022,5,49.31302307128907,19.95388,60.54765237004886,-11.234629298759792,pixel,part (paddock x community),zone_fid (paddock),pixel-weighted by the unit's cell count (n_pixels_part / n_cells),BETWEEN-UNIT: how the across-year mean floor differs between parts that differ in wetness,floor_mean = mean over years of veg_p05_spatial (%),inund_mean = mean over years of the share of the part's cells seen wet (%)
55_aeolian,55,Dinan 8,Aeolian Chenopod Shrublands,aeolian,0,16554,1032.1655457200657,post_management,2018-2022,5,55.17914035797119,10.1643,57.37362488112745,-2.1944845231562624,pixel,part (paddock x community),zone_fid (paddock),pixel-weighted by the unit's cell count (n_pixels_part / n_cells),BETWEEN-UNIT: how the across-year mean floor differs between parts that differ in wetness,floor_mean = mean over years of veg_p05_spatial (%),inund_mean = mean over years of the share of the part's cells seen wet (%)
55_inland,55,Dinan 8,Inland Floodplain Shrublands / Swamps,inland,0,3724,232.1967193585553,post_management,2018-2022,5,58.193931274414055,10.8969,57.61115218448304,0.5827790899310159,pixel,part (paddock x community),zone_fid (paddock),pixel-weighted by the unit's cell count (n_pixels_part / n_cells),BETWEEN-UNIT: how the across-year mean floor differs between parts that differ in wetness,floor_mean = mean over years of veg_p05_spatial (%),inund_mean = mean over years of the share of the part's cells seen wet (%)
55_riverine,55,Dinan 8,Riverine Chenopod Shrublands,riverine,0,22565,1406.959981827551,post_management,2018-2022,5,50.10849670410157,22.73522,61.4494325910631,-11.340935886961532,pixel,part (paddock x community),zone_fid (paddock),pixel-weighted by the unit's cell count (n_pixels_part / n_cells),BETWEEN-UNIT: how the across-year mean floor differs between parts that differ in wetness,floor_mean = mean over years of veg_p05_spatial (%),inund_mean = mean over years of the share of the part's cells seen wet (%)
56_aeolian,56,Dinan 9,Aeolian Chenopod Shrublands,aeolian,0,5730,357.2736847273152,post_management,2018-2022,5,51.87349990844727,19.61258,60.436994345703695,-8.563494437256423,pixel,part (paddock x community),zone_fid (paddock),pixel-weighted by the unit's cell count (n_pixels_part / n_cells),BETWEEN-UNIT: how the across-year mean floor differs between parts that differ in wetness,floor_mean = mean over years of veg_p05_spatial (%),inund_mean = mean over years of the share of the part's cells seen wet (%)
56_inland,56,Dinan 9,Inland Floodplain Shrublands / Swamps,inland,0,16588,1034.285494285638,post_management,2018-2022,5,55.26577438354493,26.87244,62.79082313158838,-7.525048748043453,pixel,part (paddock x community),zone_fid (paddock),pixel-weighted by the unit's cell count (n_pixels_part / n_cells),BETWEEN-UNIT: how the across-year mean floor differs between parts that differ in wetness,floor_mean = mean over years of veg_p05_spatial (%),inund_mean = mean over years of the share of the part's cells seen wet (%)
56_riverine,56,Dinan 9,Riverine Chenopod Shrublands,riverine,0,4988,311.00892485512185,post_management,2018-2022,5,48.23905220031738,18.70892,60.14400509788727,-11.904952897569892,pixel,part (paddock x community),zone_fid (paddock),pixel-weighted by the unit's cell count (n_pixels_part / n_cells),BETWEEN-UNIT: how the across-year mean floor differs between parts that differ in wetness,floor_mean = mean over years of veg_p05_spatial (%),inund_mean = mean over years of the share of the part's cells seen wet (%)
57_aeolian,57,Dinan 10,Aeolian Chenopod Shrublands,aeolian,0,8780,547.4455413448215,post_management,2018-2022,5,41.00616592407227,14.95902,58.928193420501074,-17.922027496428804,pixel,part (paddock x community),zone_fid (paddock),pixel-weighted by the unit's cell count (n_pixels_part / n_cells),BETWEEN-UNIT: how the across-year mean floor differs between parts that differ in wetness,floor_mean = mean over years of veg_p05_spatial (%),inund_mean = mean over years of the share of the part's cells seen wet (%)
57_inland,57,Dinan 10,Inland Floodplain Shrublands / Swamps,inland,0,3765,234.75312792292175,post_management,2018-2022,5,59.93231018066406,19.02256,60.2456950561516,-0.313384875487543,pixel,part (paddock x community),zone_fid (paddock),pixel-weighted by the unit's cell count (n_pixels_part / n_cells),BETWEEN-UNIT: how the across-year mean floor differs between parts that differ in wetness,floor_mean = mean over years of veg_p05_spatial (%),inund_mean = mean over years of the share of the part's cells seen wet (%)
57_riverine,57,Dinan 10,Riverine Chenopod Shrublands,riverine,0,944,58.8597484088282,post_management,2018-2022,5,58.41239379882813,15.995780000000002,59.26433702823646,-0.8519432294083273,pixel,part (paddock x community),zone_fid (paddock),pixel-weighted by the unit's cell count (n_pixels_part / n_cells),BETWEEN-UNIT: how the across-year mean floor differs between parts that differ in wetness,floor_mean = mean over years of veg_p05_spatial (%),inund_mean = mean over years of the share of the part's cells seen wet (%)
58_aeolian,58,Dinan 13,Aeolian Chenopod Shrublands,aeolian,0,1004,62.60083411277914,post_management,2018-2022,5,51.48605770111085,18.16732,59.96840478735303,-8.482347086242179,pixel,part (paddock x community),zone_fid (paddock),pixel-weighted by the unit's cell count (n_pixels_part / n_cells),BETWEEN-UNIT: how the across-year mean floor differs between parts that differ in wetness,floor_mean = mean over years of veg_p05_spatial (%),inund_mean = mean over years of the share of the part's cells seen wet (%)
58_inland,58,Dinan 13,Inland Floodplain Shrublands / Swamps,inland,0,7514,468.50863299145664,post_management,2018-2022,5,72.06661727905274,64.62868,75.03234356845226,-2.965726289399526,pixel,part (paddock x community),zone_fid (paddock),pixel-weighted by the unit's cell count (n_pixels_part / n_cells),BETWEEN-UNIT: how the across-year mean floor differs between parts that differ in wetness,floor_mean = mean over years of veg_p05_spatial (%),inund_mean = mean over years of the share of the part's cells seen wet (%)
58_riverine,58,Dinan 13,Riverine Chenopod Shrublands,riverine,0,11694,729.1376037000391,post_management,2018-2022,5,51.98979267120361,34.0397,65.11462867383298,-13.124836002629372,pixel,part (paddock x community),zone_fid (paddock),pixel-weighted by the unit's cell count (n_pixels_part / n_cells),BETWEEN-UNIT: how the across-year mean floor differs between parts that differ in wetness,floor_mean = mean over years of veg_p05_spatial (%),inund_mean = mean over years of the share of the part's cells seen wet (%)
59_aeolian,59,Dinan 12,Aeolian Chenopod Shrublands,aeolian,0,4464,278.3367763739503,post_management,2018-2022,5,62.27843441009522,10.945339999999998,57.62685764800276,4.651576762092468,pixel,part (paddock x community),zone_fid (paddock),pixel-weighted by the unit's cell count (n_pixels_part / n_cells),BETWEEN-UNIT: how the across-year mean floor differs between parts that differ in wetness,floor_mean = mean over years of veg_p05_spatial (%),inund_mean = mean over years of the share of the part's cells seen wet (%)
59_riverine,59,Dinan 12,Riverine Chenopod Shrublands,riverine,0,22024,1373.227859063593,post_management,2018-2022,5,55.16438716888428,41.58012,67.55942205189544,-12.395034883011164,pixel,part (paddock x community),zone_fid (paddock),pixel-weighted by the unit's cell count (n_pixels_part / n_cells),BETWEEN-UNIT: how the across-year mean floor differs between parts that differ in wetness,floor_mean = mean over years of veg_p05_spatial (%),inund_mean = mean over years of the share of the part's cells seen wet (%)
60_aeolian,60,Dinan 14,Aeolian Chenopod Shrublands,aeolian,0,7555,471.0650415558231,post_management,2018-2022,5,63.92857177734375,6.774299999999999,56.27450181482189,7.654069962521859,pixel,part (paddock x community),zone_fid (paddock),pixel-weighted by the unit's cell count (n_pixels_part / n_cells),BETWEEN-UNIT: how the across-year mean floor differs between parts that differ in wetness,floor_mean = mean over years of veg_p05_spatial (%),inund_mean = mean over years of the share of the part's cells seen wet (%)
60_riverine,60,Dinan 14,Riverine Chenopod Shrublands,riverine,0,166,10.35033711426428,post_management,2018-2022,5,72.05777645111084,38.55422,66.57834934206241,5.47942710904843,pixel,part (paddock x community),zone_fid (paddock),pixel-weighted by the unit's cell count (n_pixels_part / n_cells),BETWEEN-UNIT: how the across-year mean floor differs between parts that differ in wetness,floor_mean = mean over years of veg_p05_spatial (%),inund_mean = mean over years of the share of the part's cells seen wet (%)
61_aeolian,61,Dinan 11,Aeolian Chenopod Shrublands,aeolian,0,2003,124.88991108356235,post_management,2018-2022,5,64.99966972351073,7.27908,56.43816415742063,8.561505566090105,pixel,part (paddock x community),zone_fid (paddock),pixel-weighted by the unit's cell count (n_pixels_part / n_cells),BETWEEN-UNIT: how the across-year mean floor differs between parts that differ in wetness,floor_mean = mean over years of veg_p05_spatial (%),inund_mean = mean over years of the share of the part's cells seen wet (%)
61_inland,61,Dinan 11,Inland Floodplain Shrublands / Swamps,inland,0,2031,126.63575107873947,post_management,2018-2022,5,83.60857238769532,60.0,73.53160936357108,10.07696302412424,pixel,part (paddock x community),zone_fid (paddock),pixel-weighted by the unit's cell count (n_pixels_part / n_cells),BETWEEN-UNIT: how the across-year mean floor differs between parts that differ in wetness,floor_mean = mean over years of veg_p05_spatial (%),inund_mean = mean over years of the share of the part's cells seen wet (%)
61_riverine,61,Dinan 11,Riverine Chenopod Shrublands,riverine,0,5522,344.30458762028525,post_management,2018-2022,5,59.65746444702148,52.40129999999999,71.06792014707077,-11.410455700049283,pixel,part (paddock x community),zone_fid (paddock),pixel-weighted by the unit's cell count (n_pixels_part / n_cells),BETWEEN-UNIT: how the across-year mean floor differs between parts that differ in wetness,floor_mean = mean over years of veg_p05_spatial (%),inund_mean = mean over years of the share of the part's cells seen wet (%)
62_aeolian,62,Dinan 1,Aeolian Chenopod Shrublands,aeolian,0,1197,74.63465979382134,post_management,2018-2022,5,66.95669036865235,14.55304,58.79656451712092,8.160125851531426,pixel,part (paddock x community),zone_fid (paddock),pixel-weighted by the unit's cell count (n_pixels_part / n_cells),BETWEEN-UNIT: how the across-year mean floor differs between parts that differ in wetness,floor_mean = mean over years of veg_p05_spatial (%),inund_mean = mean over years of the share of the part's cells seen wet (%)
62_inland,62,Dinan 1,Inland Floodplain Shrublands / Swamps,inland,0,10042,626.1330439845898,post_management,2018-2022,5,65.82417083740233,36.8831,66.03653030413776,-0.2123594667354211,pixel,part (paddock x community),zone_fid (paddock),pixel-weighted by the unit's cell count (n_pixels_part / n_cells),BETWEEN-UNIT: how the across-year mean floor differs between parts that differ in wetness,floor_mean = mean over years of veg_p05_spatial (%),inund_mean = mean over years of the share of the part's cells seen wet (%)
62_riverine,62,Dinan 1,Riverine Chenopod Shrublands,riverine,0,1288,80.30863977814694,post_management,2018-2022,5,29.66432233810425,24.51864,62.02766210696596,-32.36333976886171,pixel,part (paddock x community),zone_fid (paddock),pixel-weighted by the unit's cell count (n_pixels_part / n_cells),BETWEEN-UNIT: how the across-year mean floor differs between parts that differ in wetness,floor_mean = mean over years of veg_p05_spatial (%),inund_mean = mean over years of the share of the part's cells seen wet (%)
63_aeolian,63,Dinan 4,Aeolian Chenopod Shrublands,aeolian,0,70,4.364599987942769,post_management,2018-2022,5,69.04264251708985,4.28572,55.46764173212375,13.575000784966091,pixel,part (paddock x community),zone_fid (paddock),pixel-weighted by the unit's cell count (n_pixels_part / n_cells),BETWEEN-UNIT: how the across-year mean floor differs between parts that differ in wetness,floor_mean = mean over years of veg_p05_spatial (%),inund_mean = mean over years of the share of the part's cells seen wet (%)
63_inland,63,Dinan 4,Inland Floodplain Shrublands / Swamps,inland,0,6777,422.5556302612592,post_management,2018-2022,5,58.56155899047851,20.56958,60.74727775999704,-2.1857187695185303,pixel,part (paddock x community),zone_fid (paddock),pixel-weighted by the unit's cell count (n_pixels_part / n_cells),BETWEEN-UNIT: how the across-year mean floor differs between parts that differ in wetness,floor_mean = mean over years of veg_p05_spatial (%),inund_mean = mean over years of the share of the part's cells seen wet (%)
63_riverine,63,Dinan 4,Riverine Chenopod Shrublands,riverine,0,4032,251.40095930550348,post_management,2018-2022,5,40.38488304138183,16.84522,59.53974679149386,-19.15486375011203,pixel,part (paddock x community),zone_fid (paddock),pixel-weighted by the unit's cell count (n_pixels_part / n_cells),BETWEEN-UNIT: how the across-year mean floor differs between parts that differ in wetness,floor_mean = mean over years of veg_p05_spatial (%),inund_mean = mean over years of the share of the part's cells seen wet (%)
64_inland,64,Dinan 5,Inland Floodplain Shrublands / Swamps,inland,0,4463,278.2744249455511,post_management,2018-2022,5,63.50631896972656,21.88662,61.17429517688408,2.3320237928424845,pixel,part (paddock x community),zone_fid (paddock),pixel-weighted by the unit's cell count (n_pixels_part / n_cells),BETWEEN-UNIT: how the across-year mean floor differs between parts that differ in wetness,floor_mean = mean over years of veg_p05_spatial (%),inund_mean = mean over years of the share of the part's cells seen wet (%)
64_riverine,64,Dinan 5,Riverine Chenopod Shrublands,riverine,0,2615,163.048985263862,post_management,2018-2022,5,58.47456657409669,18.95984,60.22535965829948,-1.7507930842027974,pixel,part (paddock x community),zone_fid (paddock),pixel-weighted by the unit's cell count (n_pixels_part / n_cells),BETWEEN-UNIT: how the across-year mean floor differs between parts that differ in wetness,floor_mean = mean over years of veg_p05_spatial (%),inund_mean = mean over years of the share of the part's cells seen wet (%)
01_inland,1,Bala 26ca,Inland Floodplain Shrublands / Swamps,inland,1,32399,2020.123928705111,whole_record,1988-2022,35,70.20472220284597,45.91914285714286,77.82753687605073,-7.622814673204758,pixel,part (paddock x community),zone_fid (paddock),pixel-weighted by the unit's cell count (n_pixels_part / n_cells),BETWEEN-UNIT: how the across-year mean floor differs between parts that differ in wetness,floor_mean = mean over years of veg_p05_spatial (%),inund_mean = mean over years of the share of the part's cells seen wet (%)
01_riverine,1,Bala 26ca,Riverine Chenopod Shrublands,riverine,1,636,39.65550846188001,whole_record,1988-2022,35,56.01220839364188,13.34232,59.99909741171136,-3.9868890180694834,pixel,part (paddock x community),zone_fid (paddock),pixel-weighted by the unit's cell count (n_pixels_part / n_cells),BETWEEN-UNIT: how the across-year mean floor differs between parts that differ in wetness,floor_mean = mean over years of veg_p05_spatial (%),inund_mean = mean over years of the share of the part's cells seen wet (%)
02_inland,2,Bala 27ca,Inland Floodplain Shrublands / Swamps,inland,1,23908,1490.697950167653,whole_record,1988-2022,35,68.01172067369733,29.690237142857143,68.94588305829134,-0.9341623845940176,pixel,part (paddock x community),zone_fid (paddock),pixel-weighted by the unit's cell count (n_pixels_part / n_cells),BETWEEN-UNIT: how the across-year mean floor differs between parts that differ in wetness,floor_mean = mean over years of veg_p05_spatial (%),inund_mean = mean over years of the share of the part's cells seen wet (%)
03_inland,3,Bala 28ca,Inland Floodplain Shrublands / Swamps,inland,1,18272,1139.285299709861,whole_record,1988-2022,35,76.07393078395297,49.68210857142857,79.88690917081757,-3.8129783868646,pixel,part (paddock x community),zone_fid (paddock),pixel-weighted by the unit's cell count (n_pixels_part / n_cells),BETWEEN-UNIT: how the across-year mean floor differs between parts that differ in wetness,floor_mean = mean over years of veg_p05_spatial (%),inund_mean = mean over years of the share of the part's cells seen wet (%)
03_riverine,3,Bala 28ca,Riverine Chenopod Shrublands,riverine,1,3704,230.94969079057165,whole_record,1988-2022,35,56.40976436070033,12.156742857142858,59.3502621826154,-2.9404978219150664,pixel,part (paddock x community),zone_fid (paddock),pixel-weighted by the unit's cell count (n_pixels_part / n_cells),BETWEEN-UNIT: how the across-year mean floor differs between parts that differ in wetness,floor_mean = mean over years of veg_p05_spatial (%),inund_mean = mean over years of the share of the part's cells seen wet (%)
04_aeolian,4,Bala 29ca,Aeolian Chenopod Shrublands,aeolian,1,11848,738.7397236735131,whole_record,1988-2022,35,29.393016899653848,2.81614,54.2383955856402,-24.84537868598635,pixel,part (paddock x community),zone_fid (paddock),pixel-weighted by the unit's cell count (n_pixels_part / n_cells),BETWEEN-UNIT: how the across-year mean floor differs between parts that differ in wetness,floor_mean = mean over years of veg_p05_spatial (%),inund_mean = mean over years of the share of the part's cells seen wet (%)
04_inland,4,Bala 29ca,Inland Floodplain Shrublands / Swamps,inland,1,12687,791.0525721004273,whole_record,1988-2022,35,67.28281574794224,15.920014285714284,61.40980178678071,5.873013961161526,pixel,part (paddock x community),zone_fid (paddock),pixel-weighted by the unit's cell count (n_pixels_part / n_cells),BETWEEN-UNIT: how the across-year mean floor differs between parts that differ in wetness,floor_mean = mean over years of veg_p05_spatial (%),inund_mean = mean over years of the share of the part's cells seen wet (%)
04_riverine,4,Bala 29ca,Riverine Chenopod Shrublands,riverine,1,12141,757.0086921944736,whole_record,1988-2022,35,34.61109939030238,6.375568571428572,56.1863773483688,-21.575277958066412,pixel,part (paddock x community),zone_fid (paddock),pixel-weighted by the unit's cell count (n_pixels_part / n_cells),BETWEEN-UNIT: how the across-year mean floor differs between parts that differ in wetness,floor_mean = mean over years of veg_p05_spatial (%),inund_mean = mean over years of the share of the part's cells seen wet (%)
05_inland,5,Bala 1,Inland Floodplain Shrublands / Swamps,inland,0,9808,611.542809739181,whole_record,1988-2022,35,70.98712807791573,15.615819999999998,61.24332424438692,9.743803833528808,pixel,part (paddock x community),zone_fid (paddock),pixel-weighted by the unit's cell count (n_pixels_part / n_cells),BETWEEN-UNIT: how the across-year mean floor differs between parts that differ in wetness,floor_mean = mean over years of veg_p05_spatial (%),inund_mean = mean over years of the share of the part's cells seen wet (%)
05_riverine,5,Bala 1,Riverine Chenopod Shrublands,riverine,0,318,19.827754230940005,whole_record,1988-2022,35,64.09714926583426,4.348605714285714,55.07707381826373,9.020075447570534,pixel,part (paddock x community),zone_fid (paddock),pixel-weighted by the unit's cell count (n_pixels_part / n_cells),BETWEEN-UNIT: how the across-year mean floor differs between parts that differ in wetness,floor_mean = mean over years of veg_p05_spatial (%),inund_mean = mean over years of the share of the part's cells seen wet (%)
06_inland,6,Bala 2,Inland Floodplain Shrublands / Swamps,inland,0,26087,1626.5617126494717,whole_record,1988-2022,35,69.53055072784424,11.349488571428571,58.90847311594372,10.622077611900522,pixel,part (paddock x community),zone_fid (paddock),pixel-weighted by the unit's cell count (n_pixels_part / n_cells),BETWEEN-UNIT: how the across-year mean floor differs between parts that differ in wetness,floor_mean = mean over years of veg_p05_spatial (%),inund_mean = mean over years of the share of the part's cells seen wet (%)
06_riverine,6,Bala 2,Riverine Chenopod Shrublands,riverine,0,1956,121.9593939488008,whole_record,1988-2022,35,63.61493913105556,3.0222,54.35116681112563,9.263772319929927,pixel,part (paddock x community),zone_fid (paddock),pixel-weighted by the unit's cell count (n_pixels_part / n_cells),BETWEEN-UNIT: how the across-year mean floor differs between parts that differ in wetness,floor_mean = mean over years of veg_p05_spatial (%),inund_mean = mean over years of the share of the part's cells seen wet (%)
07_inland,7,Bala 3,Inland Floodplain Shrublands / Swamps,inland,0,20725,1292.2333535730554,whole_record,1988-2022,35,63.8278942653111,11.593454285714284,59.0419891432,4.785905122111103,pixel,part (paddock x community),zone_fid (paddock),pixel-weighted by the unit's cell count (n_pixels_part / n_cells),BETWEEN-UNIT: how the across-year mean floor differs between parts that differ in wetness,floor_mean = mean over years of veg_p05_spatial (%),inund_mean = mean over years of the share of the part's cells seen wet (%)
08_inland,8,Bala 4,Inland Floodplain Shrublands / Swamps,inland,0,5578,347.79626761063946,whole_record,1988-2022,35,76.49731472560337,26.64498,67.2792938128373,9.21802091276608,pixel,part (paddock x community),zone_fid (paddock),pixel-weighted by the unit's cell count (n_pixels_part / n_cells),BETWEEN-UNIT: how the across-year mean floor differs between parts that differ in wetness,floor_mean = mean over years of veg_p05_spatial (%),inund_mean = mean over years of the share of the part's cells seen wet (%)
09_inland,9,Bala 5,Inland Floodplain Shrublands / Swamps,inland,0,22252,1387.443984738607,whole_record,1988-2022,35,67.29686429159982,17.17008,62.09392991711809,5.202934374481728,pixel,part (paddock x community),zone_fid (paddock),pixel-weighted by the unit's cell count (n_pixels_part / n_cells),BETWEEN-UNIT: how the across-year mean floor differs between parts that differ in wetness,floor_mean = mean over years of veg_p05_spatial (%),inund_mean = mean over years of the share of the part's cells seen wet (%)
09_riverine,9,Bala 5,Riverine Chenopod Shrublands,riverine,0,2132,132.9332453470569,whole_record,1988-2022,35,64.07095714296614,5.8214942857142855,55.88314704549602,8.18781009747012,pixel,part (paddock x community),zone_fid (paddock),pixel-weighted by the unit's cell count (n_pixels_part / n_cells),BETWEEN-UNIT: how the across-year mean floor differs between parts that differ in wetness,floor_mean = mean over years of veg_p05_spatial (%),inund_mean = mean over years of the share of the part's cells seen wet (%)
10_inland,10,Bala 6,Inland Floodplain Shrublands / Swamps,inland,0,18947,1181.372513879309,whole_record,1988-2022,35,73.57435193198069,15.826108571428572,61.35840965594463,12.21594227603606,pixel,part (paddock x community),zone_fid (paddock),pixel-weighted by the unit's cell count (n_pixels_part / n_cells),BETWEEN-UNIT: how the across-year mean floor differs between parts that differ in wetness,floor_mean = mean over years of veg_p05_spatial (%),inund_mean = mean over years of the share of the part's cells seen wet (%)
10_riverine,10,Bala 6,Riverine Chenopod Shrublands,riverine,0,13478,840.3725519641805,whole_record,1988-2022,35,65.7905723135812,3.1210657142857148,54.40527341967893,11.385298893902268,pixel,part (paddock x community),zone_fid (paddock),pixel-weighted by the unit's cell count (n_pixels_part / n_cells),BETWEEN-UNIT: how the across-year mean floor differs between parts that differ in wetness,floor_mean = mean over years of veg_p05_spatial (%),inund_mean = mean over years of the share of the part's cells seen wet (%)
11_inland,11,Bala 9,Inland Floodplain Shrublands / Swamps,inland,0,4101,255.70320786504703,whole_record,1988-2022,35,64.9800057547433,23.38593714285714,65.49570526139821,-0.5156995066549115,pixel,part (paddock x community),zone_fid (paddock),pixel-weighted by the unit's cell count (n_pixels_part / n_cells),BETWEEN-UNIT: how the across-year mean floor differs between parts that differ in wetness,floor_mean = mean over years of veg_p05_spatial (%),inund_mean = mean over years of the share of the part's cells seen wet (%)
12_inland,12,Bala 12,Inland Floodplain Shrublands / Swamps,inland,0,15076,940.010134546074,whole_record,1988-2022,35,70.9974444253104,40.34606,74.77753501478779,-3.780090589477382,pixel,part (paddock x community),zone_fid (paddock),pixel-weighted by the unit's cell count (n_pixels_part / n_cells),BETWEEN-UNIT: how the across-year mean floor differs between parts that differ in wetness,floor_mean = mean over years of veg_p05_spatial (%),inund_mean = mean over years of the share of the part's cells seen wet (%)
12_riverine,12,Bala 12,Riverine Chenopod Shrublands,riverine,0,495,30.863957057595293,whole_record,1988-2022,35,57.972144944327226,17.050502857142856,62.02848848772837,-4.056343543401141,pixel,part (paddock x community),zone_fid (paddock),pixel-weighted by the unit's cell count (n_pixels_part / n_cells),BETWEEN-UNIT: how the across-year mean floor differs between parts that differ in wetness,floor_mean = mean over years of veg_p05_spatial (%),inund_mean = mean over years of the share of the part's cells seen wet (%)
13_inland,13,Bala 13,Inland Floodplain Shrublands / Swamps,inland,0,12762,795.7289292303659,whole_record,1988-2022,35,74.24027906690323,30.285225714285712,69.2715046750526,4.96877439185063,pixel,part (paddock x community),zone_fid (paddock),pixel-weighted by the unit's cell count (n_pixels_part / n_cells),BETWEEN-UNIT: how the across-year mean floor differs between parts that differ in wetness,floor_mean = mean over years of veg_p05_spatial (%),inund_mean = mean over years of the share of the part's cells seen wet (%)
14_inland,14,Bala 15,Inland Floodplain Shrublands / Swamps,inland,0,8452,526.9942728298897,whole_record,1988-2022,35,49.05402621405466,25.601377142857142,66.70815738111791,-17.654131167063255,pixel,part (paddock x community),zone_fid (paddock),pixel-weighted by the unit's cell count (n_pixels_part / n_cells),BETWEEN-UNIT: how the across-year mean floor differs between parts that differ in wetness,floor_mean = mean over years of veg_p05_spatial (%),inund_mean = mean over years of the share of the part's cells seen wet (%)
15_inland,15,Bala 17,Inland Floodplain Shrublands / Swamps,inland,0,11970,746.3465979382134,whole_record,1988-2022,35,73.93299360002788,27.415677142857145,67.70107611545848,6.231917484569408,pixel,part (paddock x community),zone_fid (paddock),pixel-weighted by the unit's cell count (n_pixels_part / n_cells),BETWEEN-UNIT: how the across-year mean floor differs between parts that differ in wetness,floor_mean = mean over years of veg_p05_spatial (%),inund_mean = mean over years of the share of the part's cells seen wet (%)
16_inland,16,Bala 18,Inland Floodplain Shrublands / Swamps,inland,0,11473,715.3579380238198,whole_record,1988-2022,35,79.30751713344029,45.87490857142858,77.80332861336765,1.5041885200726313,pixel,part (paddock x community),zone_fid (paddock),pixel-weighted by the unit's cell count (n_pixels_part / n_cells),BETWEEN-UNIT: how the across-year mean floor differs between parts that differ in wetness,floor_mean = mean over years of veg_p05_spatial (%),inund_mean = mean over years of the share of the part's cells seen wet (%)
16_riverine,16,Bala 18,Riverine Chenopod Shrublands,riverine,0,623,38.84493989269064,whole_record,1988-2022,35,77.49997709001813,28.56226,68.32857079623392,9.171406293784216,pixel,part (paddock x community),zone_fid (paddock),pixel-weighted by the unit's cell count (n_pixels_part / n_cells),BETWEEN-UNIT: how the across-year mean floor differs between parts that differ in wetness,floor_mean = mean over years of veg_p05_spatial (%),inund_mean = mean over years of the share of the part's cells seen wet (%)
17_inland,17,Bala 19,Inland Floodplain Shrublands / Swamps,inland,0,13332,831.2692434178999,whole_record,1988-2022,35,73.08549037388391,29.14834,68.64931698585102,4.436173388032898,pixel,part (paddock x community),zone_fid (paddock),pixel-weighted by the unit's cell count (n_pixels_part / n_cells),BETWEEN-UNIT: how the across-year mean floor differs between parts that differ in wetness,floor_mean = mean over years of veg_p05_spatial (%),inund_mean = mean over years of the share of the part's cells seen wet (%)
18_aeolian,18,Bala 20,Aeolian Chenopod Shrublands,aeolian,0,157,9.789174258671638,whole_record,1988-2022,35,53.32201148986817,19.70882857142857,63.48332032573395,-10.161308835865782,pixel,part (paddock x community),zone_fid (paddock),pixel-weighted by the unit's cell count (n_pixels_part / n_cells),BETWEEN-UNIT: how the across-year mean floor differs between parts that differ in wetness,floor_mean = mean over years of veg_p05_spatial (%),inund_mean = mean over years of the share of the part's cells seen wet (%)
18_inland,18,Bala 20,Inland Floodplain Shrublands / Swamps,inland,0,9651,601.7536354805094,whole_record,1988-2022,35,77.78816996983119,42.128877142857135,75.75322400836457,2.0349459614666188,pixel,part (paddock x community),zone_fid (paddock),pixel-weighted by the unit's cell count (n_pixels_part / n_cells),BETWEEN-UNIT: how the across-year mean floor differs between parts that differ in wetness,floor_mean = mean over years of veg_p05_spatial (%),inund_mean = mean over years of the share of the part's cells seen wet (%)
18_riverine,18,Bala 20,Riverine Chenopod Shrublands,riverine,0,2845,177.38981379567394,whole_record,1988-2022,35,62.443485085623614,22.79688857142857,65.17333445061281,-2.7298493649891995,pixel,part (paddock x community),zone_fid (paddock),pixel-weighted by the unit's cell count (n_pixels_part / n_cells),BETWEEN-UNIT: how the across-year mean floor differs between parts that differ in wetness,floor_mean = mean over years of veg_p05_spatial (%),inund_mean = mean over years of the share of the part's cells seen wet (%)
19_inland,19,Bala 21,Inland Floodplain Shrublands / Swamps,inland,0,10258,639.6009525188132,whole_record,1988-2022,35,75.51308974674771,40.38994,74.80154938620532,0.7115403605423865,pixel,part (paddock x community),zone_fid (paddock),pixel-weighted by the unit's cell count (n_pixels_part / n_cells),BETWEEN-UNIT: how the across-year mean floor differs between parts that differ in wetness,floor_mean = mean over years of veg_p05_spatial (%),inund_mean = mean over years of the share of the part's cells seen wet (%)
20_inland,20,Bala 22,Inland Floodplain Shrublands / Swamps,inland,0,5266,328.3426219500945,whole_record,1988-2022,35,84.0552551814488,58.897508571428574,84.93025553274339,-0.8750003512945881,pixel,part (paddock x community),zone_fid (paddock),pixel-weighted by the unit's cell count (n_pixels_part / n_cells),BETWEEN-UNIT: how the across-year mean floor differs between parts that differ in wetness,floor_mean = mean over years of veg_p05_spatial (%),inund_mean = mean over years of the share of the part's cells seen wet (%)
21_inland,21,Bala 23,Inland Floodplain Shrublands / Swamps,inland,0,19883,1239.7334508609438,whole_record,1988-2022,35,73.45671078818185,40.62206285714286,74.92858412882,-1.4718733406381546,pixel,part (paddock x community),zone_fid (paddock),pixel-weighted by the unit's cell count (n_pixels_part / n_cells),BETWEEN-UNIT: how the across-year mean floor differs between parts that differ in wetness,floor_mean = mean over years of veg_p05_spatial (%),inund_mean = mean over years of the share of the part's cells seen wet (%)
21_riverine,21,Bala 23,Riverine Chenopod Shrublands,riverine,0,4486,279.7085077987323,whole_record,1988-2022,35,62.79301263264247,29.65798,68.92822957129407,-6.135216938651595,pixel,part (paddock x community),zone_fid (paddock),pixel-weighted by the unit's cell count (n_pixels_part / n_cells),BETWEEN-UNIT: how the across-year mean floor differs between parts that differ in wetness,floor_mean = mean over years of veg_p05_spatial (%),inund_mean = mean over years of the share of the part's cells seen wet (%)
22_inland,22,Bala 24,Inland Floodplain Shrublands / Swamps,inland,0,5667,353.3455447381667,whole_record,1988-2022,35,70.42801449911934,23.74750857142857,65.69358380696998,4.73443069214936,pixel,part (paddock x community),zone_fid (paddock),pixel-weighted by the unit's cell count (n_pixels_part / n_cells),BETWEEN-UNIT: how the across-year mean floor differs between parts that differ in wetness,floor_mean = mean over years of veg_p05_spatial (%),inund_mean = mean over years of the share of the part's cells seen wet (%)
23_inland,23,Bala 25,Inland Floodplain Shrublands / Swamps,inland,0,9115,568.3332698585476,whole_record,1988-2022,35,68.9355041231428,32.38334857142857,70.41975220401986,-1.4842480808770515,pixel,part (paddock x community),zone_fid (paddock),pixel-weighted by the unit's cell count (n_pixels_part / n_cells),BETWEEN-UNIT: how the across-year mean floor differs between parts that differ in wetness,floor_mean = mean over years of veg_p05_spatial (%),inund_mean = mean over years of the share of the part's cells seen wet (%)
24_inland,24,Bala 7/10,Inland Floodplain Shrublands / Swamps,inland,0,3938,245.53992503598036,whole_record,1988-2022,35,75.2548671068464,35.53435428571429,72.14421486495158,3.110652241894826,pixel,part (paddock x community),zone_fid (paddock),pixel-weighted by the unit's cell count (n_pixels_part / n_cells),BETWEEN-UNIT: how the across-year mean floor differs between parts that differ in wetness,floor_mean = mean over years of veg_p05_spatial (%),inund_mean = mean over years of the share of the part's cells seen wet (%)
24_riverine,24,Bala 7/10,Riverine Chenopod Shrublands,riverine,0,43,2.6811114211648435,whole_record,1988-2022,35,55.73937923976354,20.59801142857143,63.96994674755592,-8.230567507792387,pixel,part (paddock x community),zone_fid (paddock),pixel-weighted by the unit's cell count (n_pixels_part / n_cells),BETWEEN-UNIT: how the across-year mean floor differs between parts that differ in wetness,floor_mean = mean over years of veg_p05_spatial (%),inund_mean = mean over years of the share of the part's cells seen wet (%)
25_inland,25,Bala 8/11,Inland Floodplain Shrublands / Swamps,inland,0,24831,1548.2483185800984,whole_record,1988-2022,35,72.19363534109932,32.00825714285714,70.21447451757376,1.9791608235255609,pixel,part (paddock x community),zone_fid (paddock),pixel-weighted by the unit's cell count (n_pixels_part / n_cells),BETWEEN-UNIT: how the across-year mean floor differs between parts that differ in wetness,floor_mean = mean over years of veg_p05_spatial (%),inund_mean = mean over years of the share of the part's cells seen wet (%)
25_riverine,25,Bala 8/11,Riverine Chenopod Shrublands,riverine,0,49,3.0552199915599383,whole_record,1988-2022,35,58.25602370125907,14.985414285714285,60.89831975563113,-2.6422960543720606,pixel,part (paddock x community),zone_fid (paddock),pixel-weighted by the unit's cell count (n_pixels_part / n_cells),BETWEEN-UNIT: how the across-year mean floor differs between parts that differ in wetness,floor_mean = mean over years of veg_p05_spatial (%),inund_mean = mean over years of the share of the part's cells seen wet (%)
26_inland,26,Bala 14/16,Inland Floodplain Shrublands / Swamps,inland,0,8576,534.7258499513883,whole_record,1988-2022,35,79.27703001839774,38.63872285714286,73.84315424260107,5.433875775796665,pixel,part (paddock x community),zone_fid (paddock),pixel-weighted by the unit's cell count (n_pixels_part / n_cells),BETWEEN-UNIT: how the across-year mean floor differs between parts that differ in wetness,floor_mean = mean over years of veg_p05_spatial (%),inund_mean = mean over years of the share of the part's cells seen wet (%)
26_riverine,26,Bala 14/16,Riverine Chenopod Shrublands,riverine,0,199,12.4079342514373,whole_record,1988-2022,35,63.03370924813406,12.663317142857144,59.62749698315605,3.4062122649780093,pixel,part (paddock x community),zone_fid (paddock),pixel-weighted by the unit's cell count (n_pixels_part / n_cells),BETWEEN-UNIT: how the across-year mean floor differs between parts that differ in wetness,floor_mean = mean over years of veg_p05_spatial (%),inund_mean = mean over years of the share of the part's cells seen wet (%)
27_inland,27,Mara 1,Inland Floodplain Shrublands / Swamps,inland,0,588,36.662639898719256,whole_record,1988-2022,35,76.26112483978272,26.486882857142856,67.19277139924056,9.068353440542168,pixel,part (paddock x community),zone_fid (paddock),pixel-weighted by the unit's cell count (n_pixels_part / n_cells),BETWEEN-UNIT: how the across-year mean floor differs between parts that differ in wetness,floor_mean = mean over years of veg_p05_spatial (%),inund_mean = mean over years of the share of the part's cells seen wet (%)
27_riverine,27,Mara 1,Riverine Chenopod Shrublands,riverine,0,262,16.33607424058579,whole_record,1988-2022,35,59.51139564241682,6.346782857142857,56.17062368304571,3.3407719593711107,pixel,part (paddock x community),zone_fid (paddock),pixel-weighted by the unit's cell count (n_pixels_part / n_cells),BETWEEN-UNIT: how the across-year mean floor differs between parts that differ in wetness,floor_mean = mean over years of veg_p05_spatial (%),inund_mean = mean over years of the share of the part's cells seen wet (%)
28_inland,28,Mara 2,Inland Floodplain Shrublands / Swamps,inland,0,1141,71.14297980346713,whole_record,1988-2022,35,67.00987766810826,20.833845714285715,64.09901265754078,2.910865010567477,pixel,part (paddock x community),zone_fid (paddock),pixel-weighted by the unit's cell count (n_pixels_part / n_cells),BETWEEN-UNIT: how the across-year mean floor differs between parts that differ in wetness,floor_mean = mean over years of veg_p05_spatial (%),inund_mean = mean over years of the share of the part's cells seen wet (%)
28_riverine,28,Mara 2,Riverine Chenopod Shrublands,riverine,0,844,52.62460556890996,whole_record,1988-2022,35,58.71168035234725,12.369671428571428,59.46679239682904,-0.7551120444817911,pixel,part (paddock x community),zone_fid (paddock),pixel-weighted by the unit's cell count (n_pixels_part / n_cells),BETWEEN-UNIT: how the across-year mean floor differs between parts that differ in wetness,floor_mean = mean over years of veg_p05_spatial (%),inund_mean = mean over years of the share of the part's cells seen wet (%)
29_inland,29,Mara 3,Inland Floodplain Shrublands / Swamps,inland,0,5294,330.08846194527166,whole_record,1988-2022,35,73.2409908403669,32.97965428571429,70.74609465846984,2.4948961818970616,pixel,part (paddock x community),zone_fid (paddock),pixel-weighted by the unit's cell count (n_pixels_part / n_cells),BETWEEN-UNIT: how the across-year mean floor differs between parts that differ in wetness,floor_mean = mean over years of veg_p05_spatial (%),inund_mean = mean over years of the share of the part's cells seen wet (%)
30_inland,30,Mara 10,Inland Floodplain Shrublands / Swamps,inland,0,3992,248.90690216953615,whole_record,1988-2022,35,73.74629792349678,29.89908571428572,69.06018039567309,4.686117527823697,pixel,part (paddock x community),zone_fid (paddock),pixel-weighted by the unit's cell count (n_pixels_part / n_cells),BETWEEN-UNIT: how the across-year mean floor differs between parts that differ in wetness,floor_mean = mean over years of veg_p05_spatial (%),inund_mean = mean over years of the share of the part's cells seen wet (%)
31_aeolian,31,Mara 13,Aeolian Chenopod Shrublands,aeolian,0,47,2.930517134761573,whole_record,1988-2022,35,72.80433928353445,2.12766,53.86160856573236,18.942730717802085,pixel,part (paddock x community),zone_fid (paddock),pixel-weighted by the unit's cell count (n_pixels_part / n_cells),BETWEEN-UNIT: how the across-year mean floor differs between parts that differ in wetness,floor_mean = mean over years of veg_p05_spatial (%),inund_mean = mean over years of the share of the part's cells seen wet (%)
31_inland,31,Mara 13,Inland Floodplain Shrublands / Swamps,inland,0,784,48.88351986495901,whole_record,1988-2022,35,68.12953432900565,31.115165714285716,69.72570903727417,-1.5961747082685207,pixel,part (paddock x community),zone_fid (paddock),pixel-weighted by the unit's cell count (n_pixels_part / n_cells),BETWEEN-UNIT: how the across-year mean floor differs between parts that differ in wetness,floor_mean = mean over years of veg_p05_spatial (%),inund_mean = mean over years of the share of the part's cells seen wet (%)
31_riverine,31,Mara 13,Riverine Chenopod Shrublands,riverine,0,1004,62.60083411277914,whole_record,1988-2022,35,70.63745429992674,31.83835714285713,70.12149271028474,0.5159615896420036,pixel,part (paddock x community),zone_fid (paddock),pixel-weighted by the unit's cell count (n_pixels_part / n_cells),BETWEEN-UNIT: how the across-year mean floor differs between parts that differ in wetness,floor_mean = mean over years of veg_p05_spatial (%),inund_mean = mean over years of the share of the part's cells seen wet (%)
32_inland,32,Mara 12,Inland Floodplain Shrublands / Swamps,inland,0,3923,244.6046536099926,whole_record,1988-2022,35,76.15952538626534,36.88431428571428,72.88301251396794,3.276512872297402,pixel,part (paddock x community),zone_fid (paddock),pixel-weighted by the unit's cell count (n_pixels_part / n_cells),BETWEEN-UNIT: how the across-year mean floor differs between parts that differ in wetness,floor_mean = mean over years of veg_p05_spatial (%),inund_mean = mean over years of the share of the part's cells seen wet (%)
32_riverine,32,Mara 12,Riverine Chenopod Shrublands,riverine,0,230,14.340828531811956,whole_record,1988-2022,35,77.08048863547188,21.00621428571429,64.19334544913146,12.887143186340424,pixel,part (paddock x community),zone_fid (paddock),pixel-weighted by the unit's cell count (n_pixels_part / n_cells),BETWEEN-UNIT: how the across-year mean floor differs between parts that differ in wetness,floor_mean = mean over years of veg_p05_spatial (%),inund_mean = mean over years of the share of the part's cells seen wet (%)
33_inland,33,Mara 14,Inland Floodplain Shrublands / Swamps,inland,0,16075,1002.2992115168572,whole_record,1988-2022,35,76.92922374180384,42.31468285714286,75.85491059529167,1.0743131465121678,pixel,part (paddock x community),zone_fid (paddock),pixel-weighted by the unit's cell count (n_pixels_part / n_cells),BETWEEN-UNIT: how the across-year mean floor differs between parts that differ in wetness,floor_mean = mean over years of veg_p05_spatial (%),inund_mean = mean over years of the share of the part's cells seen wet (%)
34_inland,34,Mara 5,Inland Floodplain Shrublands / Swamps,inland,0,5075,316.43349912585074,whole_record,1988-2022,35,77.08641967773436,44.87881142857143,77.25819081125888,-0.1717711335245297,pixel,part (paddock x community),zone_fid (paddock),pixel-weighted by the unit's cell count (n_pixels_part / n_cells),BETWEEN-UNIT: how the across-year mean floor differs between parts that differ in wetness,floor_mean = mean over years of veg_p05_spatial (%),inund_mean = mean over years of the share of the part's cells seen wet (%)
35_inland,35,Mara 9,Inland Floodplain Shrublands / Swamps,inland,0,4952,308.7642734327513,whole_record,1988-2022,35,74.95367767878943,33.54892571428571,71.05764195844966,3.896035720339768,pixel,part (paddock x community),zone_fid (paddock),pixel-weighted by the unit's cell count (n_pixels_part / n_cells),BETWEEN-UNIT: how the across-year mean floor differs between parts that differ in wetness,floor_mean = mean over years of veg_p05_spatial (%),inund_mean = mean over years of the share of the part's cells seen wet (%)
36_inland,36,Mara 6,Inland Floodplain Shrublands / Swamps,inland,0,10314,643.0926325091674,whole_record,1988-2022,35,78.98186160496302,36.9038,72.89367653357127,6.088185071391749,pixel,part (paddock x community),zone_fid (paddock),pixel-weighted by the unit's cell count (n_pixels_part / n_cells),BETWEEN-UNIT: how the across-year mean floor differs between parts that differ in wetness,floor_mean = mean over years of veg_p05_spatial (%),inund_mean = mean over years of the share of the part's cells seen wet (%)
37_aeolian,37,Mara 7,Aeolian Chenopod Shrublands,aeolian,0,615,38.34612846549718,whole_record,1988-2022,35,65.91667600904194,1.5238085714285714,53.53113654005475,12.385539468987185,pixel,part (paddock x community),zone_fid (paddock),pixel-weighted by the unit's cell count (n_pixels_part / n_cells),BETWEEN-UNIT: how the across-year mean floor differs between parts that differ in wetness,floor_mean = mean over years of veg_p05_spatial (%),inund_mean = mean over years of the share of the part's cells seen wet (%)
37_inland,37,Mara 7,Inland Floodplain Shrublands / Swamps,inland,0,13575,846.4206405189012,whole_record,1988-2022,35,75.77464066641672,33.570328571428576,71.0693551799817,4.705285486435017,pixel,part (paddock x community),zone_fid (paddock),pixel-weighted by the unit's cell count (n_pixels_part / n_cells),BETWEEN-UNIT: how the across-year mean floor differs between parts that differ in wetness,floor_mean = mean over years of veg_p05_spatial (%),inund_mean = mean over years of the share of the part's cells seen wet (%)
37_riverine,37,Mara 7,Riverine Chenopod Shrublands,riverine,0,686,42.77307988183913,whole_record,1988-2022,35,67.12141991206578,14.219077142857142,60.478923566487175,6.6424963455786,pixel,part (paddock x community),zone_fid (paddock),pixel-weighted by the unit's cell count (n_pixels_part / n_cells),BETWEEN-UNIT: how the across-year mean floor differs between parts that differ in wetness,floor_mean = mean over years of veg_p05_spatial (%),inund_mean = mean over years of the share of the part's cells seen wet (%)
38_aeolian,38,Mara 8,Aeolian Chenopod Shrublands,aeolian,0,1894,118.09360538805149,whole_record,1988-2022,35,67.13301653180805,3.974962857142857,54.87258889691133,12.260427634896727,pixel,part (paddock x community),zone_fid (paddock),pixel-weighted by the unit's cell count (n_pixels_part / n_cells),BETWEEN-UNIT: how the across-year mean floor differs between parts that differ in wetness,floor_mean = mean over years of veg_p05_spatial (%),inund_mean = mean over years of the share of the part's cells seen wet (%)
38_inland,38,Mara 8,Inland Floodplain Shrublands / Swamps,inland,0,658,41.02723988666202,whole_record,1988-2022,35,74.023756779262,40.85975142857143,75.05866484067035,-1.0349080614083448,pixel,part (paddock x community),zone_fid (paddock),pixel-weighted by the unit's cell count (n_pixels_part / n_cells),BETWEEN-UNIT: how the across-year mean floor differs between parts that differ in wetness,floor_mean = mean over years of veg_p05_spatial (%),inund_mean = mean over years of the share of the part's cells seen wet (%)
38_riverine,38,Mara 8,Riverine Chenopod Shrublands,riverine,0,1232,76.81695978779273,whole_record,1988-2022,35,65.66642253603254,20.452225714285717,63.89016205543582,1.7762604805967186,pixel,part (paddock x community),zone_fid (paddock),pixel-weighted by the unit's cell count (n_pixels_part / n_cells),BETWEEN-UNIT: how the across-year mean floor differs between parts that differ in wetness,floor_mean = mean over years of veg_p05_spatial (%),inund_mean = mean over years of the share of the part's cells seen wet (%)
39_inland,39,Mara 11,Inland Floodplain Shrublands / Swamps,inland,0,14841,925.3575488722662,whole_record,1988-2022,35,64.22858325413296,8.242805714285714,57.20826719051144,7.020316063621522,pixel,part (paddock x community),zone_fid (paddock),pixel-weighted by the unit's cell count (n_pixels_part / n_cells),BETWEEN-UNIT: how the across-year mean floor differs between parts that differ in wetness,floor_mean = mean over years of veg_p05_spatial (%),inund_mean = mean over years of the share of the part's cells seen wet (%)
39_riverine,39,Mara 11,Riverine Chenopod Shrublands,riverine,0,353,22.01005422491139,whole_record,1988-2022,35,49.26400220598494,6.742211428571428,56.38703135358804,-7.123029147603106,pixel,part (paddock x community),zone_fid (paddock),pixel-weighted by the unit's cell count (n_pixels_part / n_cells),BETWEEN-UNIT: how the across-year mean floor differs between parts that differ in wetness,floor_mean = mean over years of veg_p05_spatial (%),inund_mean = mean over years of the share of the part's cells seen wet (%)
40_inland,40,Mara 15,Inland Floodplain Shrublands / Swamps,inland,0,16594,1034.659602856033,whole_record,1988-2022,35,75.27959930964879,30.93200857142857,69.62547194392073,5.654127365728058,pixel,part (paddock x community),zone_fid (paddock),pixel-weighted by the unit's cell count (n_pixels_part / n_cells),BETWEEN-UNIT: how the across-year mean floor differs between parts that differ in wetness,floor_mean = mean over years of veg_p05_spatial (%),inund_mean = mean over years of the share of the part's cells seen wet (%)
41_inland,41,Mara 16,Inland Floodplain Shrublands / Swamps,inland,0,10926,681.251706689467,whole_record,1988-2022,35,77.13650107792446,42.94970857142857,76.20244348869534,0.934057589229127,pixel,part (paddock x community),zone_fid (paddock),pixel-weighted by the unit's cell count (n_pixels_part / n_cells),BETWEEN-UNIT: how the across-year mean floor differs between parts that differ in wetness,floor_mean = mean over years of veg_p05_spatial (%),inund_mean = mean over years of the share of the part's cells seen wet (%)
42_inland,42,Mara 17,Inland Floodplain Shrublands / Swamps,inland,0,4586,285.9436506386505,whole_record,1988-2022,35,77.73911502838135,31.213625714285712,69.77959360905567,7.959521419325682,pixel,part (paddock x community),zone_fid (paddock),pixel-weighted by the unit's cell count (n_pixels_part / n_cells),BETWEEN-UNIT: how the across-year mean floor differs between parts that differ in wetness,floor_mean = mean over years of veg_p05_spatial (%),inund_mean = mean over years of the share of the part's cells seen wet (%)
43_inland,43,Mara 18,Inland Floodplain Shrublands / Swamps,inland,0,3580,223.21811366907303,whole_record,1988-2022,35,71.82233742850167,17.16041428571429,62.08864012557586,9.733697302925812,pixel,part (paddock x community),zone_fid (paddock),pixel-weighted by the unit's cell count (n_pixels_part / n_cells),BETWEEN-UNIT: how the across-year mean floor differs between parts that differ in wetness,floor_mean = mean over years of veg_p05_spatial (%),inund_mean = mean over years of the share of the part's cells seen wet (%)
44_inland,44,Mara 19,Inland Floodplain Shrublands / Swamps,inland,0,4801,299.3492077444748,whole_record,1988-2022,35,79.68815337044853,42.06742571428572,75.71959325563319,3.968560114815346,pixel,part (paddock x community),zone_fid (paddock),pixel-weighted by the unit's cell count (n_pixels_part / n_cells),BETWEEN-UNIT: how the across-year mean floor differs between parts that differ in wetness,floor_mean = mean over years of veg_p05_spatial (%),inund_mean = mean over years of the share of the part's cells seen wet (%)
45_inland,45,Mara 21,Inland Floodplain Shrublands / Swamps,inland,0,10365,646.2725553575257,whole_record,1988-2022,35,71.37451696123397,44.00357428571429,76.77919651255769,-5.404679551323724,pixel,part (paddock x community),zone_fid (paddock),pixel-weighted by the unit's cell count (n_pixels_part / n_cells),BETWEEN-UNIT: how the across-year mean floor differs between parts that differ in wetness,floor_mean = mean over years of veg_p05_spatial (%),inund_mean = mean over years of the share of the part's cells seen wet (%)
45_riverine,45,Mara 21,Riverine Chenopod Shrublands,riverine,0,3275,204.2009280073224,whole_record,1988-2022,35,68.34594944545199,33.26150571428572,70.9003445420223,-2.5543950965703037,pixel,part (paddock x community),zone_fid (paddock),pixel-weighted by the unit's cell count (n_pixels_part / n_cells),BETWEEN-UNIT: how the across-year mean floor differs between parts that differ in wetness,floor_mean = mean over years of veg_p05_spatial (%),inund_mean = mean over years of the share of the part's cells seen wet (%)
46_inland,46,Mara 20,Inland Floodplain Shrublands / Swamps,inland,0,2397,149.45637387284023,whole_record,1988-2022,35,72.23029632568361,29.65968857142857,68.92916462755841,3.301131698125204,pixel,part (paddock x community),zone_fid (paddock),pixel-weighted by the unit's cell count (n_pixels_part / n_cells),BETWEEN-UNIT: how the across-year mean floor differs between parts that differ in wetness,floor_mean = mean over years of veg_p05_spatial (%),inund_mean = mean over years of the share of the part's cells seen wet (%)
47_inland,47,Mara 22,Inland Floodplain Shrublands / Swamps,inland,0,6395,398.7373846127715,whole_record,1988-2022,35,68.04318117414203,24.31096,66.00194597382195,2.041235200320088,pixel,part (paddock x community),zone_fid (paddock),pixel-weighted by the unit's cell count (n_pixels_part / n_cells),BETWEEN-UNIT: how the across-year mean floor differs between parts that differ in wetness,floor_mean = mean over years of veg_p05_spatial (%),inund_mean = mean over years of the share of the part's cells seen wet (%)
48_aeolian,48,Mara 4,Aeolian Chenopod Shrublands,aeolian,0,33,2.0575971371730195,whole_record,1988-2022,35,65.27297293526786,1.818182857142857,53.692239854387466,11.580733080880393,pixel,part (paddock x community),zone_fid (paddock),pixel-weighted by the unit's cell count (n_pixels_part / n_cells),BETWEEN-UNIT: how the across-year mean floor differs between parts that differ in wetness,floor_mean = mean over years of veg_p05_spatial (%),inund_mean = mean over years of the share of the part's cells seen wet (%)
48_inland,48,Mara 4,Inland Floodplain Shrublands / Swamps,inland,0,720,44.89302844741133,whole_record,1988-2022,35,76.22058472224646,30.46032571428572,69.36733230575481,6.853252416491642,pixel,part (paddock x community),zone_fid (paddock),pixel-weighted by the unit's cell count (n_pixels_part / n_cells),BETWEEN-UNIT: how the across-year mean floor differs between parts that differ in wetness,floor_mean = mean over years of veg_p05_spatial (%),inund_mean = mean over years of the share of the part's cells seen wet (%)
48_riverine,48,Mara 4,Riverine Chenopod Shrublands,riverine,0,197,12.283231394638936,whole_record,1988-2022,35,61.13479590279714,12.400285714285715,59.483546791264445,1.6512491115326924,pixel,part (paddock x community),zone_fid (paddock),pixel-weighted by the unit's cell count (n_pixels_part / n_cells),BETWEEN-UNIT: how the across-year mean floor differs between parts that differ in wetness,floor_mean = mean over years of veg_p05_spatial (%),inund_mean = mean over years of the share of the part's cells seen wet (%)
49_inland,49,Mara 5a,Inland Floodplain Shrublands / Swamps,inland,0,1842,114.851331111294,whole_record,1988-2022,35,78.08956571851458,41.15867428571429,75.22225746867,2.867308249844584,pixel,part (paddock x community),zone_fid (paddock),pixel-weighted by the unit's cell count (n_pixels_part / n_cells),BETWEEN-UNIT: how the across-year mean floor differs between parts that differ in wetness,floor_mean = mean over years of veg_p05_spatial (%),inund_mean = mean over years of the share of the part's cells seen wet (%)
50_inland,50,Mara 22a,Inland Floodplain Shrublands / Swamps,inland,0,1595,99.45052829669596,whole_record,1988-2022,35,76.01271612984793,48.087774285714296,79.0143718941339,-3.001655764285971,pixel,part (paddock x community),zone_fid (paddock),pixel-weighted by the unit's cell count (n_pixels_part / n_cells),BETWEEN-UNIT: how the across-year mean floor differs between parts that differ in wetness,floor_mean = mean over years of veg_p05_spatial (%),inund_mean = mean over years of the share of the part's cells seen wet (%)
51_aeolian,51,Dinan 3,Aeolian Chenopod Shrublands,aeolian,0,2417,150.70340244082388,whole_record,1988-2022,35,63.51856923784528,0.9976914285714285,53.24320644712603,10.275362790719257,pixel,part (paddock x community),zone_fid (paddock),pixel-weighted by the unit's cell count (n_pixels_part / n_cells),BETWEEN-UNIT: how the across-year mean floor differs between parts that differ in wetness,floor_mean = mean over years of veg_p05_spatial (%),inund_mean = mean over years of the share of the part's cells seen wet (%)
51_inland,51,Dinan 3,Inland Floodplain Shrublands / Swamps,inland,0,4499,280.5190763679217,whole_record,1988-2022,35,72.82664937700545,25.105891428571432,66.43699106446003,6.389658312545421,pixel,part (paddock x community),zone_fid (paddock),pixel-weighted by the unit's cell count (n_pixels_part / n_cells),BETWEEN-UNIT: how the across-year mean floor differs between parts that differ in wetness,floor_mean = mean over years of veg_p05_spatial (%),inund_mean = mean over years of the share of the part's cells seen wet (%)
51_riverine,51,Dinan 3,Riverine Chenopod Shrublands,riverine,0,2674,166.72771953941376,whole_record,1988-2022,35,41.65237833023072,13.50999714285714,60.0908627076732,-18.43848437744248,pixel,part (paddock x community),zone_fid (paddock),pixel-weighted by the unit's cell count (n_pixels_part / n_cells),BETWEEN-UNIT: how the across-year mean floor differs between parts that differ in wetness,floor_mean = mean over years of veg_p05_spatial (%),inund_mean = mean over years of the share of the part's cells seen wet (%)
52_inland,52,Dinan 2,Inland Floodplain Shrublands / Swamps,inland,0,12823,799.5323663627161,whole_record,1988-2022,35,76.54792988368443,32.127097142857146,70.27951252804009,6.268417355644345,pixel,part (paddock x community),zone_fid (paddock),pixel-weighted by the unit's cell count (n_pixels_part / n_cells),BETWEEN-UNIT: how the across-year mean floor differs between parts that differ in wetness,floor_mean = mean over years of veg_p05_spatial (%),inund_mean = mean over years of the share of the part's cells seen wet (%)
52_riverine,52,Dinan 2,Riverine Chenopod Shrublands,riverine,0,1060,66.09251410313335,whole_record,1988-2022,35,44.30831089564733,11.498651428571428,58.99010602964317,-14.681795133995848,pixel,part (paddock x community),zone_fid (paddock),pixel-weighted by the unit's cell count (n_pixels_part / n_cells),BETWEEN-UNIT: how the across-year mean floor differs between parts that differ in wetness,floor_mean = mean over years of veg_p05_spatial (%),inund_mean = mean over years of the share of the part's cells seen wet (%)
53_inland,53,Dinan 6,Inland Floodplain Shrublands / Swamps,inland,0,6016,375.10619324948135,whole_record,1988-2022,35,61.98812646865845,22.38838857142857,64.94977313055652,-2.9616466618980724,pixel,part (paddock x community),zone_fid (paddock),pixel-weighted by the unit's cell count (n_pixels_part / n_cells),BETWEEN-UNIT: how the across-year mean floor differs between parts that differ in wetness,floor_mean = mean over years of veg_p05_spatial (%),inund_mean = mean over years of the share of the part's cells seen wet (%)
53_riverine,53,Dinan 6,Riverine Chenopod Shrublands,riverine,0,811,50.56700843173694,whole_record,1988-2022,35,67.38871277400426,18.301917142857143,62.71335465578608,4.675358118218178,pixel,part (paddock x community),zone_fid (paddock),pixel-weighted by the unit's cell count (n_pixels_part / n_cells),BETWEEN-UNIT: how the across-year mean floor differs between parts that differ in wetness,floor_mean = mean over years of veg_p05_spatial (%),inund_mean = mean over years of the share of the part's cells seen wet (%)
54_aeolian,54,Dinan 7,Aeolian Chenopod Shrublands,aeolian,0,87,5.424574270728869,whole_record,1988-2022,35,68.90894208635602,2.857148571428571,54.26083849962354,14.648103586732482,pixel,part (paddock x community),zone_fid (paddock),pixel-weighted by the unit's cell count (n_pixels_part / n_cells),BETWEEN-UNIT: how the across-year mean floor differs between parts that differ in wetness,floor_mean = mean over years of veg_p05_spatial (%),inund_mean = mean over years of the share of the part's cells seen wet (%)
54_riverine,54,Dinan 7,Riverine Chenopod Shrublands,riverine,0,11273,702.8876523439833,whole_record,1988-2022,35,58.6092431967599,8.674840000000001,57.44470820697131,1.164534989788585,pixel,part (paddock x community),zone_fid (paddock),pixel-weighted by the unit's cell count (n_pixels_part / n_cells),BETWEEN-UNIT: how the across-year mean floor differs between parts that differ in wetness,floor_mean = mean over years of veg_p05_spatial (%),inund_mean = mean over years of the share of the part's cells seen wet (%)
55_aeolian,55,Dinan 8,Aeolian Chenopod Shrublands,aeolian,0,16554,1032.1655457200657,whole_record,1988-2022,35,49.41774563925607,6.061031428571429,56.01423943193336,-6.596493792677286,pixel,part (paddock x community),zone_fid (paddock),pixel-weighted by the unit's cell count (n_pixels_part / n_cells),BETWEEN-UNIT: how the across-year mean floor differs between parts that differ in wetness,floor_mean = mean over years of veg_p05_spatial (%),inund_mean = mean over years of the share of the part's cells seen wet (%)
55_inland,55,Dinan 8,Inland Floodplain Shrublands / Swamps,inland,0,3724,232.1967193585553,whole_record,1988-2022,35,60.96687563487462,18.06966857142857,62.58625111304494,-1.6193754781703191,pixel,part (paddock x community),zone_fid (paddock),pixel-weighted by the unit's cell count (n_pixels_part / n_cells),BETWEEN-UNIT: how the across-year mean floor differs between parts that differ in wetness,floor_mean = mean over years of veg_p05_spatial (%),inund_mean = mean over years of the share of the part's cells seen wet (%)
55_riverine,55,Dinan 8,Riverine Chenopod Shrublands,riverine,0,22565,1406.959981827551,whole_record,1988-2022,35,48.21640413556781,16.321231428571433,61.62937739041928,-13.412973254851472,pixel,part (paddock x community),zone_fid (paddock),pixel-weighted by the unit's cell count (n_pixels_part / n_cells),BETWEEN-UNIT: how the across-year mean floor differs between parts that differ in wetness,floor_mean = mean over years of veg_p05_spatial (%),inund_mean = mean over years of the share of the part's cells seen wet (%)
56_aeolian,56,Dinan 9,Aeolian Chenopod Shrublands,aeolian,0,5730,357.2736847273152,whole_record,1988-2022,35,51.48827734538488,11.86686857142857,59.19162160008257,-7.70334425469769,pixel,part (paddock x community),zone_fid (paddock),pixel-weighted by the unit's cell count (n_pixels_part / n_cells),BETWEEN-UNIT: how the across-year mean floor differs between parts that differ in wetness,floor_mean = mean over years of veg_p05_spatial (%),inund_mean = mean over years of the share of the part's cells seen wet (%)
56_inland,56,Dinan 9,Inland Floodplain Shrublands / Swamps,inland,0,16588,1034.285494285638,whole_record,1988-2022,35,59.84132524762836,12.093082857142855,59.31542273675301,0.5259025108753406,pixel,part (paddock x community),zone_fid (paddock),pixel-weighted by the unit's cell count (n_pixels_part / n_cells),BETWEEN-UNIT: how the across-year mean floor differs between parts that differ in wetness,floor_mean = mean over years of veg_p05_spatial (%),inund_mean = mean over years of the share of the part's cells seen wet (%)
56_riverine,56,Dinan 9,Riverine Chenopod Shrublands,riverine,0,4988,311.00892485512185,whole_record,1988-2022,35,48.58410177230835,9.176302857142856,57.71914565691514,-9.135043884606787,pixel,part (paddock x community),zone_fid (paddock),pixel-weighted by the unit's cell count (n_pixels_part / n_cells),BETWEEN-UNIT: how the across-year mean floor differs between parts that differ in wetness,floor_mean = mean over years of veg_p05_spatial (%),inund_mean = mean over years of the share of the part's cells seen wet (%)
57_aeolian,57,Dinan 10,Aeolian Chenopod Shrublands,aeolian,0,8780,547.4455413448215,whole_record,1988-2022,35,35.88198380334037,4.602348571428571,55.21594061899252,-19.33395681565215,pixel,part (paddock x community),zone_fid (paddock),pixel-weighted by the unit's cell count (n_pixels_part / n_cells),BETWEEN-UNIT: how the across-year mean floor differs between parts that differ in wetness,floor_mean = mean over years of veg_p05_spatial (%),inund_mean = mean over years of the share of the part's cells seen wet (%)
57_inland,57,Dinan 10,Inland Floodplain Shrublands / Swamps,inland,0,3765,234.75312792292175,whole_record,1988-2022,35,58.73552710396904,5.9298,55.94241991809174,2.7931071858772967,pixel,part (paddock x community),zone_fid (paddock),pixel-weighted by the unit's cell count (n_pixels_part / n_cells),BETWEEN-UNIT: how the across-year mean floor differs between parts that differ in wetness,floor_mean = mean over years of veg_p05_spatial (%),inund_mean = mean over years of the share of the part's cells seen wet (%)
57_riverine,57,Dinan 10,Riverine Chenopod Shrublands,riverine,0,944,58.8597484088282,whole_record,1988-2022,35,45.210151857648576,6.216705714285714,56.09943587945626,-10.889284021807685,pixel,part (paddock x community),zone_fid (paddock),pixel-weighted by the unit's cell count (n_pixels_part / n_cells),BETWEEN-UNIT: how the across-year mean floor differs between parts that differ in wetness,floor_mean = mean over years of veg_p05_spatial (%),inund_mean = mean over years of the share of the part's cells seen wet (%)
58_aeolian,58,Dinan 13,Aeolian Chenopod Shrublands,aeolian,0,1004,62.60083411277914,whole_record,1988-2022,35,45.39771205357143,3.770622857142857,54.76075898224718,-9.36304692867575,pixel,part (paddock x community),zone_fid (paddock),pixel-weighted by the unit's cell count (n_pixels_part / n_cells),BETWEEN-UNIT: how the across-year mean floor differs between parts that differ in wetness,floor_mean = mean over years of veg_p05_spatial (%),inund_mean = mean over years of the share of the part's cells seen wet (%)
58_inland,58,Dinan 13,Inland Floodplain Shrublands / Swamps,inland,0,7514,468.50863299145664,whole_record,1988-2022,35,70.04031420843943,46.366014285714286,78.07209787107365,-8.031783662634226,pixel,part (paddock x community),zone_fid (paddock),pixel-weighted by the unit's cell count (n_pixels_part / n_cells),BETWEEN-UNIT: how the across-year mean floor differs between parts that differ in wetness,floor_mean = mean over years of veg_p05_spatial (%),inund_mean = mean over years of the share of the part's cells seen wet (%)
58_riverine,58,Dinan 13,Riverine Chenopod Shrublands,riverine,0,11694,729.1376037000391,whole_record,1988-2022,35,48.36200639724731,18.263582857142858,62.69237530812954,-14.330368910882228,pixel,part (paddock x community),zone_fid (paddock),pixel-weighted by the unit's cell count (n_pixels_part / n_cells),BETWEEN-UNIT: how the across-year mean floor differs between parts that differ in wetness,floor_mean = mean over years of veg_p05_spatial (%),inund_mean = mean over years of the share of the part's cells seen wet (%)
59_aeolian,59,Dinan 12,Aeolian Chenopod Shrublands,aeolian,0,4464,278.3367763739503,whole_record,1988-2022,35,61.514462116786426,2.2043,53.90355162465308,7.610910492133343,pixel,part (paddock x community),zone_fid (paddock),pixel-weighted by the unit's cell count (n_pixels_part / n_cells),BETWEEN-UNIT: how the across-year mean floor differs between parts that differ in wetness,floor_mean = mean over years of veg_p05_spatial (%),inund_mean = mean over years of the share of the part's cells seen wet (%)
59_riverine,59,Dinan 12,Riverine Chenopod Shrublands,riverine,0,22024,1373.227859063593,whole_record,1988-2022,35,61.70631425585066,17.654514285714285,62.3590480772033,-0.6527338213526335,pixel,part (paddock x community),zone_fid (paddock),pixel-weighted by the unit's cell count (n_pixels_part / n_cells),BETWEEN-UNIT: how the across-year mean floor differs between parts that differ in wetness,floor_mean = mean over years of veg_p05_spatial (%),inund_mean = mean over years of the share of the part's cells seen wet (%)
60_aeolian,60,Dinan 14,Aeolian Chenopod Shrublands,aeolian,0,7555,471.0650415558231,whole_record,1988-2022,35,60.79689029148646,1.5274628571428572,53.53313643464018,7.263753856846279,pixel,part (paddock x community),zone_fid (paddock),pixel-weighted by the unit's cell count (n_pixels_part / n_cells),BETWEEN-UNIT: how the across-year mean floor differs between parts that differ in wetness,floor_mean = mean over years of veg_p05_spatial (%),inund_mean = mean over years of the share of the part's cells seen wet (%)
60_riverine,60,Dinan 14,Riverine Chenopod Shrublands,riverine,0,166,10.35033711426428,whole_record,1988-2022,35,71.65500120435442,10.17211714285714,58.26412865873935,13.390872545615068,pixel,part (paddock x community),zone_fid (paddock),pixel-weighted by the unit's cell count (n_pixels_part / n_cells),BETWEEN-UNIT: how the across-year mean floor differs between parts that differ in wetness,floor_mean = mean over years of veg_p05_spatial (%),inund_mean = mean over years of the share of the part's cells seen wet (%)
61_aeolian,61,Dinan 11,Aeolian Chenopod Shrublands,aeolian,0,2003,124.88991108356235,whole_record,1988-2022,35,66.53173513139997,1.8886057142857144,53.73078043432625,12.80095469707372,pixel,part (paddock x community),zone_fid (paddock),pixel-weighted by the unit's cell count (n_pixels_part / n_cells),BETWEEN-UNIT: how the across-year mean floor differs between parts that differ in wetness,floor_mean = mean over years of veg_p05_spatial (%),inund_mean = mean over years of the share of the part's cells seen wet (%)
61_inland,61,Dinan 11,Inland Floodplain Shrublands / Swamps,inland,0,2031,126.63575107873947,whole_record,1988-2022,35,70.4037521634783,36.42822,72.63340409148468,-2.229651928006376,pixel,part (paddock x community),zone_fid (paddock),pixel-weighted by the unit's cell count (n_pixels_part / n_cells),BETWEEN-UNIT: how the across-year mean floor differs between parts that differ in wetness,floor_mean = mean over years of veg_p05_spatial (%),inund_mean = mean over years of the share of the part's cells seen wet (%)
61_riverine,61,Dinan 11,Riverine Chenopod Shrublands,riverine,0,5522,344.30458762028525,whole_record,1988-2022,35,55.6646787234715,23.208977142857147,65.39885970155206,-9.734180978080552,pixel,part (paddock x community),zone_fid (paddock),pixel-weighted by the unit's cell count (n_pixels_part / n_cells),BETWEEN-UNIT: how the across-year mean floor differs between parts that differ in wetness,floor_mean = mean over years of veg_p05_spatial (%),inund_mean = mean over years of the share of the part's cells seen wet (%)
62_aeolian,62,Dinan 1,Aeolian Chenopod Shrublands,aeolian,0,1197,74.63465979382134,whole_record,1988-2022,35,56.65576724461147,2.530134285714285,54.081872170635656,2.5738950739758124,pixel,part (paddock x community),zone_fid (paddock),pixel-weighted by the unit's cell count (n_pixels_part / n_cells),BETWEEN-UNIT: how the across-year mean floor differs between parts that differ in wetness,floor_mean = mean over years of veg_p05_spatial (%),inund_mean = mean over years of the share of the part's cells seen wet (%)
62_inland,62,Dinan 1,Inland Floodplain Shrublands / Swamps,inland,0,10042,626.1330439845898,whole_record,1988-2022,35,69.44660315377372,25.09062571428571,66.42863654001128,3.0179666137624395,pixel,part (paddock x community),zone_fid (paddock),pixel-weighted by the unit's cell count (n_pixels_part / n_cells),BETWEEN-UNIT: how the across-year mean floor differs between parts that differ in wetness,floor_mean = mean over years of veg_p05_spatial (%),inund_mean = mean over years of the share of the part's cells seen wet (%)
62_riverine,62,Dinan 1,Riverine Chenopod Shrublands,riverine,0,1288,80.30863977814694,whole_record,1988-2022,35,29.28343184743609,7.719602857142857,56.92193200960549,-27.6385001621694,pixel,part (paddock x community),zone_fid (paddock),pixel-weighted by the unit's cell count (n_pixels_part / n_cells),BETWEEN-UNIT: how the across-year mean floor differs between parts that differ in wetness,floor_mean = mean over years of veg_p05_spatial (%),inund_mean = mean over years of the share of the part's cells seen wet (%)
63_aeolian,63,Dinan 4,Aeolian Chenopod Shrublands,aeolian,0,70,4.364599987942769,whole_record,1988-2022,35,61.62826466151646,4.326531428571428,55.06499314151077,6.563271520005692,pixel,part (paddock x community),zone_fid (paddock),pixel-weighted by the unit's cell count (n_pixels_part / n_cells),BETWEEN-UNIT: how the across-year mean floor differs between parts that differ in wetness,floor_mean = mean over years of veg_p05_spatial (%),inund_mean = mean over years of the share of the part's cells seen wet (%)
63_inland,63,Dinan 4,Inland Floodplain Shrublands / Swamps,inland,0,6777,422.5556302612592,whole_record,1988-2022,35,67.41733594621931,24.98408857142857,66.37033156010389,1.047004386115418,pixel,part (paddock x community),zone_fid (paddock),pixel-weighted by the unit's cell count (n_pixels_part / n_cells),BETWEEN-UNIT: how the across-year mean floor differs between parts that differ in wetness,floor_mean = mean over years of veg_p05_spatial (%),inund_mean = mean over years of the share of the part's cells seen wet (%)
63_riverine,63,Dinan 4,Riverine Chenopod Shrublands,riverine,0,4032,251.40095930550348,whole_record,1988-2022,35,45.05703501837594,7.02026,56.53920003331469,-11.48216501493875,pixel,part (paddock x community),zone_fid (paddock),pixel-weighted by the unit's cell count (n_pixels_part / n_cells),BETWEEN-UNIT: how the across-year mean floor differs between parts that differ in wetness,floor_mean = mean over years of veg_p05_spatial (%),inund_mean = mean over years of the share of the part's cells seen wet (%)
64_inland,64,Dinan 5,Inland Floodplain Shrublands / Swamps,inland,0,4463,278.2744249455511,whole_record,1988-2022,35,68.36589886801585,27.849934285714284,67.93873364324554,0.4271652247703059,pixel,part (paddock x community),zone_fid (paddock),pixel-weighted by the unit's cell count (n_pixels_part / n_cells),BETWEEN-UNIT: how the across-year mean floor differs between parts that differ in wetness,floor_mean = mean over years of veg_p05_spatial (%),inund_mean = mean over years of the share of the part's cells seen wet (%)
64_riverine,64,Dinan 5,Riverine Chenopod Shrublands,riverine,0,2615,163.048985263862,whole_record,1988-2022,35,63.39604016440256,19.054897142857143,63.12544083149229,0.2705993329102725,pixel,part (paddock x community),zone_fid (paddock),pixel-weighted by the unit's cell count (n_pixels_part / n_cells),BETWEEN-UNIT: how the across-year mean floor differs between parts that differ in wetness,floor_mean = mean over years of veg_p05_spatial (%),inund_mean = mean over years of the share of the part's cells seen wet (%)
