_blk,community_short,n_cells,y,x,cx,cy,rung,block_m
0,aeolian,1273,56.53131,1.0616093,8999267.324141325,4339798.579327792,1000 m,1000.0
1,aeolian,1206,49.530815,0.25823265,8999333.974727497,4340746.171248571,1000 m,1000.0
2,aeolian,994,50.58161,1.6930152,8999221.12126586,4341635.608410373,1000 m,1000.0
1000000,aeolian,1159,48.678112,2.6919758,9000236.190991122,4339727.511191845,1000 m,1000.0
1000001,aeolian,886,47.421047,1.3544018,9000102.034227757,4340655.345659976,1000 m,1000.0
1000002,inland,1087,43.066578,46.46603,9000360.438188566,4341824.620548465,1000 m,1000.0
1000003,inland,1559,38.952488,46.93852,9000233.204684818,4342728.381332077,1000 m,1000.0
1000004,inland,922,37.796528,47.133564,9000183.338326633,4343529.360807041,1000 m,1000.0
1000004,riverine,643,49.55131,43.11042,9000340.914184948,4343990.605603472,1000 m,1000.0
1000005,aeolian,600,43.93304,0.21904762,9000097.557240957,4344774.694154092,1000 m,1000.0
2000000,aeolian,1089,47.60558,2.0595567,9001117.600255547,4339729.606049566,1000 m,1000.0
2000001,riverine,560,42.278645,20.091837,9001230.398847146,4340994.356101879,1000 m,1000.0
2000002,inland,1505,44.812138,48.57333,9001211.210730905,4341751.218613013,1000 m,1000.0
2000003,inland,1270,42.716743,46.519684,9001148.09246208,4342676.831834202,1000 m,1000.0
2000004,riverine,1206,46.426876,14.397062,9001317.102645524,4343795.132073642,1000 m,1000.0
2000005,riverine,915,47.96408,8.393442,9001308.009402998,4344630.798550125,1000 m,1000.0
2000007,riverine,760,59.24414,9.349624,9001473.305108348,4346640.9457,1000 m,1000.0
2000008,aeolian,570,59.15124,2.2305765,9001298.995114705,4347785.262990509,1000 m,1000.0
3000002,riverine,1189,43.5301,22.645681,9002271.7202259,4341717.638005449,1000 m,1000.0
3000003,riverine,1468,42.380352,17.119501,9002209.978864487,4342762.9628116125,1000 m,1000.0
3000004,riverine,1201,48.516224,18.215773,9002252.571484992,4343726.558526386,1000 m,1000.0
3000005,riverine,796,56.939896,20.839914,9002445.203281676,4344708.270731634,1000 m,1000.0
3000006,riverine,927,58.81185,13.801819,9002319.537751181,4345891.069044127,1000 m,1000.0
3000007,riverine,1556,57.496475,10.209328,9002223.377363572,4346715.268481388,1000 m,1000.0
3000009,aeolian,554,65.511345,4.100052,9002200.15056268,4348587.9308241485,1000 m,1000.0
4000001,riverine,556,43.457237,8.761562,9003255.813504338,4340984.699691199,1000 m,1000.0
4000002,riverine,1329,41.478382,17.336344,9003171.845907584,4341754.093818316,1000 m,1000.0
4000003,riverine,1569,39.037052,15.165255,9003244.313597405,4342736.889361948,1000 m,1000.0
4000004,riverine,1373,48.193623,14.916242,9003242.765761796,4343742.520573495,1000 m,1000.0
4000005,riverine,1149,54.613853,14.345394,9003197.503657952,4344686.546065544,1000 m,1000.0
4000006,riverine,1270,51.955162,3.9235098,9003189.32339384,4345772.987773309,1000 m,1000.0
5000001,aeolian,681,31.802559,3.5535977,9004375.11521783,4340914.621091337,1000 m,1000.0
5000002,aeolian,734,40.983948,4.745037,9004328.30127306,4341706.914385967,1000 m,1000.0
5000003,riverine,1040,32.892014,5.8076925,9004134.084297558,4342836.170615599,1000 m,1000.0
5000004,riverine,1225,50.580444,14.572594,9004166.076816438,4343717.447910952,1000 m,1000.0
5000005,riverine,1203,56.55893,10.585442,9004187.21098164,4344718.232496644,1000 m,1000.0
5000006,riverine,562,53.86668,9.603457,9004174.561013125,4345898.659234119,1000 m,1000.0
5000007,aeolian,807,54.943783,2.0570014,9004022.460701752,4346750.324121345,1000 m,1000.0
5000008,aeolian,817,54.588932,1.3009268,9004116.250574939,4347641.518397951,1000 m,1000.0
5000009,riverine,1142,63.23402,18.088566,9004330.326114817,4348775.460667454,1000 m,1000.0
6000001,aeolian,900,42.17602,7.5873013,9005198.344864506,4340941.314100049,1000 m,1000.0
6000002,aeolian,912,35.7809,5.8583965,9005232.310635049,4341597.48272957,1000 m,1000.0
6000003,aeolian,910,37.802742,7.268446,9005296.738391485,4342776.471781182,1000 m,1000.0
6000004,aeolian,964,45.612305,3.8648489,9005261.579967216,4343608.759813371,1000 m,1000.0
6000005,riverine,1375,52.06581,20.737661,9005233.47525711,4344753.569307363,1000 m,1000.0
6000006,riverine,1600,51.17398,30.616072,9005232.776089605,4345726.311067613,1000 m,1000.0
6000007,riverine,1600,49.343185,33.6,9005232.776089605,4346725.121787656,1000 m,1000.0
6000008,riverine,1268,58.14502,31.117619,9005328.876174657,4347686.162023452,1000 m,1000.0
6000009,riverine,1381,49.928223,19.34623,9005196.007776802,4348724.32534103,1000 m,1000.0
6000010,riverine,509,66.59849,30.502384,9004959.893740378,4349677.426725651,1000 m,1000.0
6000019,inland,642,46.88392,25.358255,9005307.764682604,4358669.777837818,1000 m,1000.0
7000001,inland,1035,47.695164,5.1014495,9006300.309329843,4340847.229266584,1000 m,1000.0
7000002,aeolian,555,37.086353,7.140283,9006121.15523702,4341761.594902465,1000 m,1000.0
7000002,inland,513,41.974712,7.440824,9006372.18450774,4341475.500171573,1000 m,1000.0
7000003,aeolian,1148,43.657177,2.3419614,9006177.948585875,4342779.819443485,1000 m,1000.0
7000004,aeolian,1265,48.39133,1.7933372,9006241.32817507,4343669.007726102,1000 m,1000.0
7000005,riverine,1488,47.993168,25.011522,9006251.237470824,4344733.793257852,1000 m,1000.0
7000006,riverine,1600,47.520016,28.342857,9006231.586809648,4345726.311067613,1000 m,1000.0
7000007,riverine,1533,39.48079,18.90411,9006227.262213333,4346734.381798979,1000 m,1000.0
7000008,riverine,1180,43.589832,23.641645,9006201.601326803,4347651.43408552,1000 m,1000.0
7000009,inland,668,49.002926,36.090675,9006490.260843433,4348648.280991428,1000 m,1000.0
7000009,riverine,547,43.80126,13.705928,9006050.426830558,4348715.46213497,1000 m,1000.0
7000014,inland,670,72.96962,33.650322,9006330.387079008,4353589.746613607,1000 m,1000.0
7000019,riverine,693,48.032257,3.838384,9006504.728392018,4358711.589086897,1000 m,1000.0
8000001,aeolian,739,33.41027,4.4732265,9007437.170946516,4340873.310760726,1000 m,1000.0
8000001,inland,567,44.059925,4.459562,9006979.615887484,4340758.967286696,1000 m,1000.0
8000002,aeolian,791,32.42127,6.9243274,9007207.273988212,4341705.703319754,1000 m,1000.0
8000003,aeolian,1070,41.6712,1.623498,9007134.133646043,4342817.671569371,1000 m,1000.0
8000003,inland,521,46.155144,5.7252536,9007420.166773744,4342544.135579962,1000 m,1000.0
8000004,aeolian,1483,48.531033,0.8611887,9007228.941071039,4343720.919041766,1000 m,1000.0
8000005,aeolian,1060,36.209873,7.9649596,9007328.535394307,4344652.141963291,1000 m,1000.0
8000005,riverine,540,37.793453,24.5291,9007037.756536188,4344875.426064857,1000 m,1000.0
8000006,riverine,1256,38.690086,21.82666,9007197.037569735,4345799.651289473,1000 m,1000.0
8000007,riverine,1441,43.80296,32.217705,9007249.43281033,4346700.81866422,1000 m,1000.0
8000008,inland,804,50.367405,40.2914,9007103.589564208,4347756.698220064,1000 m,1000.0
8000008,riverine,771,46.766865,37.320732,9007358.01794611,4347680.550310569,1000 m,1000.0
8000009,riverine,626,40.17605,26.02921,9007293.70074905,4348643.843563036,1000 m,1000.0
8000010,aeolian,576,50.960896,4.3055553,9007515.518107198,4349679.286567055,1000 m,1000.0
8000014,inland,1559,65.520454,36.111057,9007230.805959348,4353717.717796792,1000 m,1000.0
8000015,inland,994,62.349308,30.405289,9007329.374245914,4354796.848842485,1000 m,1000.0
9000001,inland,997,38.588703,7.4767156,9008346.658672797,4340697.456878241,1000 m,1000.0
9000002,aeolian,684,41.451805,12.873851,9008106.291740436,4341602.383692259,1000 m,1000.0
9000003,inland,1000,44.690407,8.048572,9008096.865829328,4342754.424680928,1000 m,1000.0
9000004,inland,730,48.25221,12.872798,9008476.995402338,4343647.5191536,1000 m,1000.0
9000004,riverine,654,43.41349,8.820445,9008093.399009246,4343792.986158588,1000 m,1000.0
9000005,aeolian,643,41.643593,10.20662,9008010.747530233,4344751.907522435,1000 m,1000.0
9000005,riverine,784,35.756718,7.281341,9008373.105789058,4344771.262016235,1000 m,1000.0
9000006,aeolian,1041,35.5657,4.2514067,9008257.620624805,4345738.916135658,1000 m,1000.0
9000006,riverine,522,28.98246,15.440613,9008145.878351541,4345698.805504202,1000 m,1000.0
9000007,aeolian,815,46.748096,1.1849256,9008458.490459044,4346739.292031768,1000 m,1000.0
9000007,riverine,736,43.147278,28.815992,9007964.306276157,4346731.160792689,1000 m,1000.0
9000008,aeolian,1145,45.94908,0.5140362,9008356.055030372,4347764.222961963,1000 m,1000.0
9000009,aeolian,1599,51.28817,1.5599035,9008229.512765199,4348723.047743206,1000 m,1000.0
9000010,aeolian,1067,50.03622,7.296827,9008241.8103953,4349568.725142555,1000 m,1000.0
9000014,inland,1575,62.974716,36.736507,9008235.478561478,4353709.448434805,1000 m,1000.0
9000015,inland,989,64.81151,34.1586,9008176.47781018,4354637.452376518,1000 m,1000.0
9000019,inland,595,57.35954,20.533012,9008264.901044585,4358765.428299664,1000 m,1000.0
10000001,inland,1127,46.090397,10.333375,9009212.587033965,4340868.153775102,1000 m,1000.0
10000002,inland,1218,48.13139,10.694346,9009295.057374017,4341660.68811351,1000 m,1000.0
10000003,inland,552,43.35896,10.238095,9009489.618715884,4342613.3509901455,1000 m,1000.0
10000004,inland,652,39.075775,12.204207,9008968.66520459,4343722.370464612,1000 m,1000.0
10000004,riverine,670,35.587883,3.8294244,9009428.41468775,4343779.450082776,1000 m,1000.0
10000005,riverine,1021,43.092033,10.225269,9009218.224070333,4344759.917673951,1000 m,1000.0
10000006,riverine,1517,37.917973,14.877107,9009238.644090407,4345722.566350427,1000 m,1000.0
10000007,riverine,1271,40.792816,11.509498,9009329.24580367,4346708.982468094,1000 m,1000.0
10000008,aeolian,502,47.637722,12.09448,9008959.016560715,4347848.982813983,1000 m,1000.0
10000008,riverine,1031,29.582874,14.280172,9009372.33064959,4347665.6725856075,1000 m,1000.0
10000009,aeolian,1409,39.29435,12.655378,9009187.426777545,4348712.030291613,1000 m,1000.0
10000010,aeolian,621,49.200726,17.612146,9009111.91325504,4349475.369622767,1000 m,1000.0
10000010,inland,680,38.481865,22.844538,9009321.363706924,4349814.935405914,1000 m,1000.0
10000014,inland,1558,66.60724,48.1258,9009220.870869953,4353704.023205624,1000 m,1000.0
10000015,inland,1217,57.915264,32.825447,9009167.029551838,4354797.915050128,1000 m,1000.0
10000019,inland,578,61.82083,23.356401,9009276.620269954,4358455.877207167,1000 m,1000.0
10000021,inland,1041,57.487415,26.943872,9009370.968357053,4360738.37142548,1000 m,1000.0
10000022,inland,630,60.272972,27.736961,9009123.936551094,4361569.4308548,1000 m,1000.0
11000001,inland,1401,55.52194,13.255837,9010210.655158622,4340782.759433407,1000 m,1000.0
11000002,inland,1319,56.8871,18.098125,9010184.54682888,4341748.040018572,1000 m,1000.0
11000003,inland,1600,40.978615,11.257142,9010226.829689823,4342729.878907483,1000 m,1000.0
11000004,inland,1504,41.53766,11.643236,9010232.491166808,4343705.529039852,1000 m,1000.0
11000005,aeolian,622,45.046326,4.1157556,9010306.15645762,4344876.2380371895,1000 m,1000.0
11000005,riverine,743,49.676796,16.83907,9010127.503139246,4344733.062365543,1000 m,1000.0
11000006,aeolian,571,48.556328,4.7885914,9010413.581930624,4345641.8013602365,1000 m,1000.0
11000006,riverine,870,42.038097,12.876847,9010092.793883426,4345795.969504898,1000 m,1000.0
11000007,riverine,1512,40.70592,8.163265,9010207.424884994,4346730.918457014,1000 m,1000.0
11000008,riverine,1544,27.332254,8.863804,9010223.595199147,4347726.875894212,1000 m,1000.0
11000009,riverine,1107,37.876553,12.236417,9010281.834205197,4348596.053516606,1000 m,1000.0
11000010,inland,1132,36.46008,16.072691,9010208.432866931,4349599.901096173,1000 m,1000.0
11000013,inland,579,59.388397,35.22329,9010255.444150647,4353034.815251041,1000 m,1000.0
11000014,inland,1483,69.40753,44.45044,9010222.35928783,4353683.517168684,1000 m,1000.0
11000018,inland,948,67.71938,32.537674,9010195.985614052,4357657.832101015,1000 m,1000.0
11000020,inland,1125,61.520603,31.517458,9010167.844367856,4359858.2952812575,1000 m,1000.0
11000021,inland,1600,61.561913,33.051785,9010226.829689823,4360733.442136263,1000 m,1000.0
11000022,inland,1259,50.401512,27.570635,9010301.909077842,4361700.17230945,1000 m,1000.0
11000023,inland,1462,46.310966,19.353136,9010269.716381306,4362735.675048552,1000 m,1000.0
11000024,inland,1016,50.88723,23.675478,9010361.438112896,4363621.587878269,1000 m,1000.0
12000004,inland,619,44.77069,13.994924,9011098.590556765,4343868.527162301,1000 m,1000.0
12000005,inland,1185,39.084415,10.567812,9011301.699635476,4344652.199712378,1000 m,1000.0
12000006,aeolian,1167,42.209263,7.1710124,9011189.319047455,4345774.422162386,1000 m,1000.0
12000007,aeolian,1151,48.246292,10.07571,9011213.871191453,4346645.297199376,1000 m,1000.0
12000008,riverine,1600,35.816666,11.969643,9011225.640409864,4347723.932507699,1000 m,1000.0
12000009,riverine,1212,33.189236,10.898161,9011149.926107138,4348633.719689762,1000 m,1000.0
12000010,inland,966,37.378876,14.439515,9011190.899167428,4349554.490964254,1000 m,1000.0
12000013,inland,761,63.990166,32.79895,9011244.786469495,4352978.762986941,1000 m,1000.0
12000014,inland,1339,73.954475,42.71418,9011214.367424795,4353640.067800557,1000 m,1000.0
12000018,inland,768,68.34504,32.67113,9011194.915275412,4357925.424954084,1000 m,1000.0
12000019,inland,1089,68.34957,46.183918,9011250.874367565,4358799.1406182,1000 m,1000.0
12000020,inland,1111,64.20596,36.22219,9011285.84100648,4359677.015500809,1000 m,1000.0
12000021,inland,980,60.64674,36.9242,9011121.58063995,4360839.540295402,1000 m,1000.0
12000022,inland,1159,54.307735,28.68729,9011132.319688685,4361730.927859342,1000 m,1000.0
12000023,inland,939,40.389397,15.183326,9011092.984199084,4362635.211253655,1000 m,1000.0
12000024,inland,1225,57.34506,25.366764,9011161.11519896,4363822.671965841,1000 m,1000.0
12000025,inland,1399,53.565536,23.396303,9011269.610570852,4364678.039458571,1000 m,1000.0
13000005,inland,1070,52.784794,14.782376,9012078.526750647,4344667.851744756,1000 m,1000.0
13000006,aeolian,1540,46.58442,13.435992,9012237.55241338,4345740.450076507,1000 m,1000.0
13000007,aeolian,570,51.66344,26.681704,9012075.63709412,4346481.8588083405,1000 m,1000.0
13000007,riverine,861,54.859634,9.255019,9012303.552646717,4346857.586014247,1000 m,1000.0
13000008,riverine,1402,51.303577,12.57795,9012192.499160726,4347695.186421713,1000 m,1000.0
13000009,aeolian,572,42.013054,9.39061,9011982.300646339,4348680.398542495,1000 m,1000.0
13000009,riverine,1014,43.851913,15.483234,9012362.378616175,4348750.668557046,1000 m,1000.0
13000010,riverine,596,50.70516,14.813039,9012347.16575235,4349451.196331324,1000 m,1000.0
13000013,inland,907,65.362816,32.997322,9012231.650385788,4352934.032610825,1000 m,1000.0
13000014,inland,1170,69.41676,41.55067,9012212.456864424,4353587.356934432,1000 m,1000.0
13000018,inland,749,65.8838,41.831013,9012233.769140463,4357977.361307447,1000 m,1000.0
13000019,inland,1503,68.61305,47.70269,9012224.193618828,4358686.6028525615,1000 m,1000.0
13000020,inland,1640,69.33906,38.69164,9012224.45112991,4359722.146282218,1000 m,1000.0
13000021,inland,1335,67.480835,37.782772,9012300.587066911,4360720.171420797,1000 m,1000.0
13000022,inland,1160,72.5687,40.85468,9012353.801423373,4361711.932224415,1000 m,1000.0
13000023,inland,518,60.455055,31.98566,9012328.429639712,4362654.369181775,1000 m,1000.0
13000024,inland,581,49.82548,20.467175,9012048.434378449,4363767.888413513,1000 m,1000.0
13000025,inland,956,56.482525,22.352062,9012095.44678508,4364859.465489116,1000 m,1000.0
14000003,aeolian,541,57.980152,8.001056,9013532.48238687,4342819.998035528,1000 m,1000.0
14000004,aeolian,1245,50.83649,4.43603,9013311.640553523,4343794.344384395,1000 m,1000.0
14000005,aeolian,1600,42.95576,1.7464285,9013223.261849951,4344727.50034757,1000 m,1000.0
14000006,aeolian,1600,47.601093,3.3553572,9013223.261849951,4345726.311067613,1000 m,1000.0
14000007,aeolian,710,58.703697,2.5714288,9013196.357265415,4346467.259808806,1000 m,1000.0
14000007,riverine,505,57.263535,5.957567,9013221.654852506,4346821.022450603,1000 m,1000.0
14000008,riverine,1409,44.51292,5.0998683,9013221.852952644,4347747.103994861,1000 m,1000.0
14000009,riverine,1600,46.6434,8.758929,9013223.261849951,4348722.743227743,1000 m,1000.0
14000010,riverine,1488,51.801014,19.320276,9013217.724088904,4349687.001675061,1000 m,1000.0
14000013,inland,1209,70.46603,36.459885,9013274.038858952,4352827.8532217555,1000 m,1000.0
14000014,inland,989,73.250786,39.647552,9013206.105836699,4353530.731721757,1000 m,1000.0
14000018,inland,850,62.982727,38.873947,9013236.510780385,4357945.526402335,1000 m,1000.0
14000019,inland,1504,68.80452,42.602585,9013223.261849951,4358693.3181123445,1000 m,1000.0
14000020,inland,1640,71.88879,33.46167,9013223.261849951,4359722.146282218,1000 m,1000.0
14000021,inland,1600,66.00559,36.532143,9013223.261849951,4360733.442136263,1000 m,1000.0
14000022,inland,1427,71.16393,40.51857,9013199.73520291,4361681.253664933,1000 m,1000.0
14000024,inland,1301,62.40972,30.46887,9013240.027052948,4363730.977901627,1000 m,1000.0
15000003,aeolian,1041,55.67615,6.194593,9014076.124831617,4342704.225015431,1000 m,1000.0
15000003,riverine,529,40.21522,5.622468,9014526.695678776,4342807.409465501,1000 m,1000.0
15000004,aeolian,659,25.571356,3.8283114,9013960.453123238,4343624.470018821,1000 m,1000.0
15000004,riverine,596,20.700607,4.194631,9014388.904125666,4343657.172433771,1000 m,1000.0
15000005,inland,1014,75.73061,57.402084,9014375.90813627,4344732.179194631,1000 m,1000.0
15000006,inland,528,63.899982,43.28463,9014333.20917947,4345511.793765239,1000 m,1000.0
15000007,inland,871,56.803696,7.2330656,9014272.600810353,4346943.934153349,1000 m,1000.0
15000007,riverine,583,51.81635,6.733644,9014146.369398996,4346498.354919849,1000 m,1000.0
15000008,riverine,819,41.56177,4.563056,9014161.842088386,4347930.264972531,1000 m,1000.0
15000009,riverine,1600,35.381947,6.9660716,9014222.072569994,4348722.743227743,1000 m,1000.0
15000010,riverine,1265,36.617416,10.491248,9014204.159116864,4349619.07715227,1000 m,1000.0
15000013,inland,1600,73.168594,40.89107,9014222.072569994,4352717.986107916,1000 m,1000.0
15000014,inland,1133,56.652206,22.642794,9014295.539814815,4353641.698691848,1000 m,1000.0
15000015,inland,728,39.008415,3.4105182,9014487.004369501,4354678.289345276,1000 m,1000.0
15000018,inland,985,62.452442,41.151558,9014233.822538745,4357903.448853861,1000 m,1000.0
15000019,inland,1504,67.60871,41.164513,9014222.072569994,4358699.69349992,1000 m,1000.0
15000020,inland,1640,69.26359,34.90418,9014222.072569994,4359722.146282218,1000 m,1000.0
15000021,inland,1600,66.08223,36.985714,9014222.072569994,4360733.442136263,1000 m,1000.0
15000022,inland,1231,71.096565,39.06464,9014257.35752628,4361630.06948908,1000 m,1000.0
15000024,inland,626,47.922127,22.770426,9014151.709067192,4363912.364673558,1000 m,1000.0
15000024,riverine,965,47.69902,14.022206,9014271.17213842,4363610.935605339,1000 m,1000.0
15000025,inland,954,55.998642,24.68703,9014205.268678948,4364608.702093462,1000 m,1000.0
16000003,riverine,1533,54.466927,7.4755383,9015202.566873621,4342745.99637662,1000 m,1000.0
16000004,riverine,1144,45.580246,10.417083,9015221.407141814,4343613.682335483,1000 m,1000.0
16000005,riverine,743,55.248623,3.9338589,9015342.928415537,4344880.565065754,1000 m,1000.0
16000006,riverine,1539,47.76164,2.7494664,9015204.828657037,4345710.094184658,1000 m,1000.0
16000007,inland,1436,47.883804,6.1002784,9015247.470713278,4346772.3322873935,1000 m,1000.0
16000008,inland,641,56.86854,11.366169,9015254.404219234,4347429.645628426,1000 m,1000.0
16000008,riverine,754,45.633507,5.63471,9015251.284756914,4347880.940519096,1000 m,1000.0
16000009,riverine,1422,40.552048,6.5099454,9015189.591435201,4348767.433334678,1000 m,1000.0
16000010,riverine,1135,47.884056,13.397104,9015211.28018697,4349577.353400109,1000 m,1000.0
16000012,inland,1098,77.68861,48.797813,9015295.930543594,4351852.53208328,1000 m,1000.0
16000013,inland,1557,76.42099,45.191303,9015209.633037627,4352705.998134036,1000 m,1000.0
16000014,inland,1137,45.83379,5.1237593,9015197.461310422,4353825.561341833,1000 m,1000.0
16000015,inland,1423,39.897415,9.109528,9015242.756402522,4354751.887259241,1000 m,1000.0
16000016,inland,1600,53.15494,13.205358,9015220.883290038,4355714.418268045,1000 m,1000.0
16000017,inland,989,58.885845,16.007511,9015261.772419488,4356565.843811692,1000 m,1000.0
16000018,inland,1126,65.607346,35.71936,9015231.062111542,4357859.510651478,1000 m,1000.0
16000019,inland,1504,68.35964,41.610943,9015220.88329004,4358706.0688874945,1000 m,1000.0
16000020,inland,1640,65.99738,36.498257,9015220.88329004,4359722.146282218,1000 m,1000.0
16000021,inland,1404,66.28793,38.068783,9015172.436701695,4360688.908267976,1000 m,1000.0
16000022,aeolian,679,44.59124,1.02672,9015499.693432674,4361790.081643392,1000 m,1000.0
16000022,inland,702,73.7917,41.07041,9014949.518368984,4361674.771441649,1000 m,1000.0
16000023,aeolian,683,47.492455,3.9447813,9015394.157938927,4362584.843097769,1000 m,1000.0
16000024,inland,953,51.89011,30.26233,9015307.414570283,4363713.956733108,1000 m,1000.0
16000024,riverine,591,46.92703,24.399323,9015106.911550727,4363712.319057214,1000 m,1000.0
17000003,aeolian,968,37.703514,0.026564347,9016068.350453923,4342719.612206384,1000 m,1000.0
17000004,aeolian,935,45.198,0.44308633,9016187.579841876,4343711.07690908,1000 m,1000.0
17000005,inland,880,55.89423,1.8474027,9016329.165935023,4344855.6999735115,1000 m,1000.0
17000006,inland,1435,55.146027,3.9621704,9016252.155358482,4345751.777260797,1000 m,1000.0
17000007,inland,1600,46.79226,4.3875,9016219.69401008,4346725.121787656,1000 m,1000.0
17000008,inland,992,45.226128,7.065092,9016130.259169146,4347608.7974211695,1000 m,1000.0
17000009,riverine,900,49.058395,8.431746,9016163.788354501,4348636.096397779,1000 m,1000.0
17000011,inland,526,73.308136,48.147747,9016385.323791556,4351001.303918838,1000 m,1000.0
17000012,inland,1597,78.352455,37.727882,9016218.794955347,4351718.276333138,1000 m,1000.0
17000013,inland,586,62.45011,26.928328,9016038.42520449,4352473.950741291,1000 m,1000.0
17000014,inland,1127,46.193283,7.3013053,9016229.34312429,4353859.960436379,1000 m,1000.0
17000015,inland,1600,40.181797,6.253571,9016219.69401008,4354715.607548002,1000 m,1000.0
17000016,inland,1600,46.260292,8.375,9016219.69401008,4355714.418268045,1000 m,1000.0
17000017,inland,966,66.91529,13.519669,9016205.089246707,4356516.155154507,1000 m,1000.0
17000018,inland,1263,62.18564,30.544058,9016228.679747853,4357816.814003675,1000 m,1000.0
17000019,inland,1502,65.71212,36.018642,9016219.444639895,4358712.546145443,1000 m,1000.0
17000020,inland,1640,62.330082,34.632404,9016219.69401008,4359722.146282218,1000 m,1000.0
17000021,inland,708,60.074482,28.220339,9016253.657806812,4360539.781484294,1000 m,1000.0
17000021,riverine,604,50.51276,16.617786,9016204.893751895,4360841.798216446,1000 m,1000.0
17000022,aeolian,644,53.73304,5.2883763,9015922.571085094,4361717.984131734,1000 m,1000.0
17000024,inland,838,53.142647,26.041595,9016073.150122218,4363857.407407424,1000 m,1000.0
17000025,inland,659,63.248714,35.764145,9016058.713458331,4364555.844534664,1000 m,1000.0
17000026,inland,918,60.123363,28.829754,9016427.942781122,4365718.057083977,1000 m,1000.0
17000027,inland,766,52.05229,29.324879,9016478.980578855,4366707.8884390015,1000 m,1000.0
17000032,aeolian,661,33.752865,2.2174196,9016489.134912528,4371714.750246152,1000 m,1000.0
18000005,inland,1575,60.873997,5.652608,9017223.633543901,4344735.102406939,1000 m,1000.0
18000006,inland,1532,45.366707,3.6367028,9017238.813446788,4345720.443380616,1000 m,1000.0
18000007,inland,1501,41.203156,3.532883,9017242.418627694,4346724.880569211,1000 m,1000.0
18000008,inland,701,44.2789,12.541267,9017303.229098799,4347512.753857422,1000 m,1000.0
18000010,inland,547,68.315994,38.918777,9017406.649080338,4349889.292978443,1000 m,1000.0
18000011,inland,1288,75.75469,50.73203,9017257.80188326,4350764.101410539,1000 m,1000.0
18000012,inland,1109,72.11852,41.228905,9017247.831848312,4351631.081453198,1000 m,1000.0
18000014,inland,1052,57.695408,7.523085,9017157.811787844,4353832.153769485,1000 m,1000.0
18000015,inland,1444,40.592453,2.6968737,9017173.26773491,4354717.181159074,1000 m,1000.0
18000016,inland,1559,53.223892,8.039952,9017206.051629823,4355721.6178417895,1000 m,1000.0
18000017,inland,804,59.977257,11.329069,9017201.485194223,4356465.700336386,1000 m,1000.0
18000018,inland,1419,61.000362,25.5371,9017231.3242088,4357767.549722515,1000 m,1000.0
18000019,inland,1389,68.06429,35.238094,9017189.175002087,4358717.600849798,1000 m,1000.0
18000020,inland,1640,61.50389,30.127176,9017218.504730124,4359722.146282218,1000 m,1000.0
18000021,inland,552,62.730743,22.116978,9017191.046482522,4360407.969168386,1000 m,1000.0
18000024,inland,658,65.60767,25.158487,9017260.324236717,4364018.132891736,1000 m,1000.0
18000025,inland,613,64.80953,27.923561,9017156.567874504,4364917.428469589,1000 m,1000.0
18000026,inland,1458,50.87509,25.145992,9017179.69634378,4365756.867485191,1000 m,1000.0
18000027,inland,1123,49.50931,24.256456,9017118.412422549,4366632.617922041,1000 m,1000.0
18000028,inland,1107,45.985394,21.207897,9017237.41852391,4367644.781485973,1000 m,1000.0
18000029,inland,594,42.25242,13.001443,9017526.050993923,4368704.128239658,1000 m,1000.0
18000030,inland,1107,65.97558,27.972643,9017284.065781565,4369774.8107608985,1000 m,1000.0
18000031,inland,529,58.016415,26.74048,9017296.318504794,4370417.398255666,1000 m,1000.0
18000031,riverine,1071,66.37829,8.387355,9017180.070101928,4370871.778955617,1000 m,1000.0
18000032,riverine,862,67.62679,13.274776,9017196.749891065,4371509.213556206,1000 m,1000.0
19000005,inland,1600,53.100353,2.9232144,9018217.315450167,4344727.50034757,1000 m,1000.0
19000006,inland,1600,45.4679,2.975,9018217.315450167,4345726.311067613,1000 m,1000.0
19000007,inland,1600,39.982307,6.7892857,9018217.315450167,4346725.121787656,1000 m,1000.0
19000010,inland,601,79.76097,50.097458,9018265.033175291,4349909.911202333,1000 m,1000.0
19000011,inland,1577,71.52703,42.128815,9018210.942252407,4350726.896205908,1000 m,1000.0
19000012,inland,1600,55.33806,25.226784,9018217.315450167,4351719.175387872,1000 m,1000.0
19000013,inland,543,51.274178,13.059721,9018195.357249485,4352389.118941047,1000 m,1000.0
19000018,inland,1438,72.57111,40.725212,9018245.828092767,4357712.3175414335,1000 m,1000.0
19000019,inland,1321,65.42557,38.367035,9018260.17698135,4358718.931268122,1000 m,1000.0
19000020,inland,1473,65.20397,29.163029,9018221.375449615,4359722.33275401,1000 m,1000.0
19000021,inland,801,69.72773,25.090065,9018383.705968838,4360623.32044873,1000 m,1000.0
19000024,riverine,712,48.07433,14.434189,9018351.495570073,4363837.96188906,1000 m,1000.0
19000025,riverine,514,60.58812,26.331295,9018238.593616284,4364459.647381825,1000 m,1000.0
19000027,riverine,807,36.053925,7.222517,9018229.6768158,4366917.884417277,1000 m,1000.0
19000028,riverine,1391,31.121193,3.0913012,9018272.829866985,4367684.9690785175,1000 m,1000.0
19000029,inland,1408,45.035416,12.834821,9018199.013378736,4368781.387888316,1000 m,1000.0
19000030,inland,1336,64.07716,29.989307,9018246.098543523,4369722.962900496,1000 m,1000.0
19000031,inland,1384,59.255997,29.496283,9018264.5857552,4370667.603454236,1000 m,1000.0
20000005,inland,1640,44.94106,4.383275,9019228.611304212,4344727.50034757,1000 m,1000.0
20000006,inland,1640,46.59384,7.186411,9019228.611304212,4345726.311067613,1000 m,1000.0
20000007,inland,1615,44.534058,14.8040695,9019223.416251551,4346717.708014587,1000 m,1000.0
20000010,inland,1433,77.58855,51.633934,9019260.377388347,4349773.106311974,1000 m,1000.0
20000011,inland,1185,57.756954,29.241713,9019222.205429552,4350721.428801613,1000 m,1000.0
20000012,inland,1464,43.54491,18.015223,9019174.133820608,4351728.010496359,1000 m,1000.0
20000017,inland,635,57.69499,30.398201,9019277.961991364,4357013.796300634,1000 m,1000.0
20000018,inland,1640,72.982834,45.200348,9019228.611304212,4357712.039708132,1000 m,1000.0
20000019,inland,1640,62.680237,29.831009,9019228.611304212,4358710.850428175,1000 m,1000.0
20000020,inland,1681,61.869755,30.177614,9019228.611304212,4359722.146282218,1000 m,1000.0
20000021,inland,1640,64.39837,22.541811,9019228.611304212,4360733.442136263,1000 m,1000.0
20000022,inland,1220,59.680546,19.962528,9019216.781128062,4361604.986359232,1000 m,1000.0
20000024,riverine,1150,55.998646,22.93416,9019180.299263949,4363741.230340014,1000 m,1000.0
20000025,aeolian,1130,40.664608,0.8647282,9019147.75625057,4364758.715630784,1000 m,1000.0
20000026,aeolian,1137,41.033913,1.5429075,9019246.290341802,4365706.006372152,1000 m,1000.0
20000028,riverine,947,33.910496,8.272741,9019076.17928804,4367745.2489607455,1000 m,1000.0
20000029,inland,698,49.704792,19.5702,9019129.231068527,4368952.130388842,1000 m,1000.0
20000029,riverine,570,27.50372,4.4761906,9019323.98020498,4368565.476213521,1000 m,1000.0
20000030,inland,1410,64.79706,36.70314,9019209.201790929,4369704.267702095,1000 m,1000.0
20000031,inland,1328,63.11134,32.641994,9019171.525661403,4370733.696018268,1000 m,1000.0
21000005,inland,1539,40.73383,3.2804232,9020229.174323764,4344738.6388069475,1000 m,1000.0
21000006,inland,1600,48.103374,9.366071,9020239.907158256,4345726.311067613,1000 m,1000.0
21000007,inland,1422,60.76037,33.799477,9020229.634579647,4346670.159102112,1000 m,1000.0
21000010,inland,1420,68.39769,43.40845,9020235.458230224,4349777.578788526,1000 m,1000.0
21000011,inland,902,53.08356,32.382008,9020244.77940567,4350512.32523986,1000 m,1000.0
21000017,inland,961,61.754078,33.2154,9020268.787962504,4356909.62625207,1000 m,1000.0
21000018,inland,1600,69.48304,44.28393,9020239.907158256,4357712.039708132,1000 m,1000.0
21000019,inland,1600,60.659473,33.964283,9020239.907158256,4358710.850428175,1000 m,1000.0
21000020,inland,1640,65.44004,35.848434,9020239.907158256,4359722.146282218,1000 m,1000.0
21000021,inland,1600,62.549057,35.01071,9020239.907158256,4360733.442136263,1000 m,1000.0
21000022,inland,1026,62.45823,28.590921,9020226.643224472,4361553.810356322,1000 m,1000.0
21000026,riverine,931,53.25198,23.440233,9020175.255352652,4365713.374526917,1000 m,1000.0
21000027,inland,1277,60.47484,28.732521,9020323.333664464,4366673.931466044,1000 m,1000.0
21000029,inland,734,58.042683,32.06695,9020293.215618689,4368980.944755939,1000 m,1000.0
21000029,riverine,522,32.485542,12.955665,9020154.04196465,4368593.671115446,1000 m,1000.0
21000030,inland,1600,70.55345,36.501785,9020239.907158256,4369722.738616652,1000 m,1000.0
21000031,inland,1590,71.30629,29.789759,9020242.812503904,4370718.6439910475,1000 m,1000.0
21000032,inland,605,70.92721,33.75679,9020429.949470669,4371498.578676402,1000 m,1000.0
22000004,inland,714,34.88393,8.47539,9021259.456490237,4344004.027050457,1000 m,1000.0
22000005,inland,1522,38.892673,3.029848,9021248.758485405,4344716.524585879,1000 m,1000.0
22000006,inland,1548,48.9508,11.520856,9021228.9265652,4345737.231527197,1000 m,1000.0
22000007,inland,1309,57.85037,36.952965,9021250.191993045,4346638.2790488675,1000 m,1000.0
22000010,inland,1396,81.67109,50.81048,9021237.376352439,4349785.178047556,1000 m,1000.0
22000011,inland,1592,56.726784,31.823402,9021241.086289397,4350718.058996098,1000 m,1000.0
22000017,inland,1278,69.750656,38.383636,9021259.057509746,4356795.955212437,1000 m,1000.0
22000018,inland,959,65.297035,44.248474,9021139.99548922,4357559.158656444,1000 m,1000.0
22000020,inland,615,63.817085,36.357723,9020927.969998386,4359746.913539912,1000 m,1000.0
22000021,inland,772,65.94651,39.14878,9020981.284765579,4360751.587628942,1000 m,1000.0
22000022,inland,506,64.240814,34.64709,9021016.304839008,4361517.291418731,1000 m,1000.0
22000026,inland,513,50.981133,22.55639,9021270.72168183,4366061.381805394,1000 m,1000.0
22000026,riverine,812,48.035217,23.406054,9021239.609673584,4365654.460777732,1000 m,1000.0
22000027,inland,1600,59.154007,25.4,9021238.717878299,4366726.306456522,1000 m,1000.0
22000028,inland,521,58.858932,21.765835,9021289.688857224,4367396.645522544,1000 m,1000.0
22000029,inland,1104,63.24256,20.41149,9021145.011519305,4368827.065960092,1000 m,1000.0
22000030,inland,1600,70.420975,30.028572,9021238.717878299,4369722.738616652,1000 m,1000.0
22000031,inland,1600,71.79099,31.426785,9021238.717878299,4370721.549336696,1000 m,1000.0
22000032,inland,822,79.88623,41.876957,9021190.08357286,4371485.9372365875,1000 m,1000.0
23000004,inland,891,36.143475,2.1837423,9022254.469706094,4343948.980078281,1000 m,1000.0
23000005,inland,1600,31.963718,4.669643,9022237.528598342,4344727.50034757,1000 m,1000.0
23000006,inland,1492,37.882484,4.166986,9022240.005541816,4345717.139682314,1000 m,1000.0
23000007,inland,1600,48.940407,12.825,9022237.528598342,4346725.121787656,1000 m,1000.0
23000008,inland,1600,69.793015,33.339283,9022237.528598342,4347723.932507699,1000 m,1000.0
23000009,inland,1061,69.960495,33.639423,9022231.562563527,4348555.282396487,1000 m,1000.0
23000010,inland,1080,79.99121,56.60582,9022216.0033025,4349881.479266086,1000 m,1000.0
23000011,inland,1366,57.999527,29.730183,9022176.236278716,4350679.765132521,1000 m,1000.0
23000017,inland,1412,74.074554,44.429382,9022210.913688043,4356681.821625504,1000 m,1000.0
23000030,inland,694,74.42252,32.18197,9021955.803528532,4369742.347832877,1000 m,1000.0
23000031,inland,864,74.47841,35.31746,9022008.663375773,4370737.358059608,1000 m,1000.0
24000004,inland,1074,43.119038,3.9132745,9023250.12644029,4343892.065859596,1000 m,1000.0
24000005,inland,1600,34.0095,3.6089284,9023236.339318385,4344727.50034757,1000 m,1000.0
24000006,inland,1548,31.992939,4.0494647,9023244.662741052,4345712.503219157,1000 m,1000.0
24000007,inland,1548,44.04861,12.236988,9023227.402930483,4346738.671545486,1000 m,1000.0
24000008,inland,1600,53.605434,26.044643,9023236.339318385,4347723.932507699,1000 m,1000.0
24000009,inland,882,55.483334,17.829607,9023201.290348107,4348513.55353357,1000 m,1000.0
24000009,riverine,667,52.96116,32.310986,9023254.776885089,4349013.045991182,1000 m,1000.0
24000010,inland,958,79.431114,49.388607,9023228.54588401,4349921.681001766,1000 m,1000.0
24000010,riverine,642,54.408573,36.137074,9023247.96877342,4349422.921988732,1000 m,1000.0
24000011,inland,721,53.07132,25.278383,9023227.075037261,4350446.297794283,1000 m,1000.0
24000016,inland,916,47.229244,20.739239,9023297.238421787,4355915.107256062,1000 m,1000.0
24000017,inland,1135,60.597557,33.50535,9023250.870474346,4356681.295645354,1000 m,1000.0
25000006,inland,701,35.206852,6.7495418,9023990.309614597,4345827.563545207,1000 m,1000.0
25000007,inland,1134,47.1288,6.926178,9024135.599260975,4346728.909165166,1000 m,1000.0
25000008,inland,1349,48.039154,14.931696,9024211.299637895,4347739.842029825,1000 m,1000.0
25000009,inland,1134,43.235554,19.188713,9024295.52788222,4348659.018399175,1000 m,1000.0
25000010,inland,972,73.70007,43.830097,9024265.746323602,4349889.281190357,1000 m,1000.0
25000010,riverine,561,53.34751,29.12656,9024138.495961843,4349451.977427022,1000 m,1000.0
25000011,inland,657,46.31594,21.765602,9024228.593917836,4350426.213390516,1000 m,1000.0
25000016,inland,1445,62.144554,26.805733,9024246.149052672,4355728.890655208,1000 m,1000.0
25000017,inland,1438,64.45401,35.088413,9024271.21627392,4356695.933865051,1000 m,1000.0
25000018,inland,611,65.908966,32.087914,9024435.136955718,4357548.425194315,1000 m,1000.0
26000009,inland,1214,40.44552,28.489058,9025235.873637322,4348839.716797859,1000 m,1000.0
26000010,inland,1563,66.6801,43.392746,9025243.95365843,4349713.925474996,1000 m,1000.0
26000011,inland,1377,71.44522,35.047203,9025280.410534423,4350692.338851419,1000 m,1000.0
26000012,inland,648,69.22977,30.890652,9025470.484685928,4351613.437092509,1000 m,1000.0
26000015,inland,675,59.84862,30.539682,9025317.250474626,4354986.673679525,1000 m,1000.0
26000016,inland,1594,77.98307,73.91647,9025235.589935305,4355714.026638999,1000 m,1000.0
26000017,inland,1546,64.916214,36.614304,9025221.798655106,4356722.968361701,1000 m,1000.0
26000018,inland,951,63.531826,30.016525,9025216.014198873,4357510.662767612,1000 m,1000.0
27000008,riverine,894,50.674763,10.613614,9026432.254313039,4347752.198627628,1000 m,1000.0
27000009,inland,1306,60.62761,25.421133,9026228.851949465,4348814.135173413,1000 m,1000.0
27000010,inland,1600,66.38035,33.907143,9026232.771478515,4349721.553947786,1000 m,1000.0
27000011,inland,1600,80.43692,37.219643,9026232.771478515,4350720.364667829,1000 m,1000.0
27000012,inland,1600,64.53372,27.176785,9026232.771478515,4351719.175387872,1000 m,1000.0
27000013,inland,1125,51.277515,13.686349,9026327.558615847,4352699.263955863,1000 m,1000.0
27000014,inland,856,41.58027,15.854473,9026460.100098295,4353696.464728897,1000 m,1000.0
27000015,inland,1368,68.38045,48.45238,9026274.644135527,4354778.416533522,1000 m,1000.0
27000016,inland,1130,81.00971,77.81542,9026168.931563245,4355616.128221966,1000 m,1000.0
27000017,inland,1092,66.97361,24.00314,9026199.980851855,4356671.0859442,1000 m,1000.0
28000008,riverine,1587,47.11537,6.7746873,9027234.689714583,4347727.8896736745,1000 m,1000.0
28000009,inland,1199,65.572174,19.308947,9027224.428497925,4348847.646632527,1000 m,1000.0
28000010,inland,1600,75.8394,34.533928,9027231.582198558,4349721.553947786,1000 m,1000.0
28000011,inland,1600,82.27883,43.225,9027231.582198558,4350720.364667829,1000 m,1000.0
28000012,inland,1600,77.729225,40.41786,9027231.582198558,4351719.175387872,1000 m,1000.0
28000013,inland,1439,54.094883,20.131044,9027231.90322007,4352730.835644715,1000 m,1000.0
28000014,inland,1600,63.265327,24.33393,9027231.582198558,4353716.796827959,1000 m,1000.0
28000015,inland,1573,77.41419,51.386795,9027224.113342172,4354708.04344584,1000 m,1000.0
28000016,inland,826,80.745926,47.651333,9027142.221287891,4355591.290057914,1000 m,1000.0
28000017,inland,598,57.282066,16.215958,9027205.818560839,4356800.332631985,1000 m,1000.0
29000008,riverine,1527,44.32552,18.781925,9028212.544164494,4347703.908871047,1000 m,1000.0
29000009,inland,1331,54.759903,21.734463,9028274.1330988,4348794.736769031,1000 m,1000.0
29000010,inland,1600,69.37623,26.232143,9028230.392918602,4349721.553947786,1000 m,1000.0
29000011,inland,1600,68.96849,39.125,9028230.392918602,4350720.364667829,1000 m,1000.0
29000012,inland,1600,79.77163,39.492855,9028230.392918602,4351719.175387872,1000 m,1000.0
29000013,inland,1440,66.988434,29.609129,9028230.392918602,4352743.095099628,1000 m,1000.0
29000014,inland,1600,69.947586,43.501785,9028230.392918602,4353716.796827959,1000 m,1000.0
29000015,inland,1404,75.61731,35.563698,9028236.47541978,4354654.942602025,1000 m,1000.0
29000016,inland,610,79.36291,58.66979,9028148.195708526,4356001.617284923,1000 m,1000.0
29000016,riverine,972,43.3909,7.169312,9028283.750168229,4355530.866246576,1000 m,1000.0
29000017,inland,1042,77.241844,55.102825,9028258.478479154,4356764.008256701,1000 m,1000.0
30000008,inland,622,61.622055,32.73312,9029270.272101933,4348023.41514321,1000 m,1000.0
30000008,riverine,978,39.21765,11.805433,9029203.084431933,4347533.46400127,1000 m,1000.0
30000009,inland,1298,57.59974,25.199207,9029164.854219181,4348650.487197995,1000 m,1000.0
30000010,inland,917,46.18771,22.844679,9029066.37951922,4349838.930545625,1000 m,1000.0
30000010,riverine,683,48.517426,22.413721,9029447.812302645,4349563.963405739,1000 m,1000.0
30000011,inland,1600,63.11065,33.803574,9029229.203638645,4350720.364667829,1000 m,1000.0
30000012,inland,1600,81.870834,41.8,9029229.203638645,4351719.175387872,1000 m,1000.0
30000013,inland,1406,70.080376,37.825645,9029231.69000957,4352748.1777548585,1000 m,1000.0
30000014,inland,1600,72.18326,37.325,9029229.203638645,4353716.796827959,1000 m,1000.0
30000015,inland,1421,78.52553,35.490097,9029194.384084778,4354667.380313288,1000 m,1000.0
30000016,riverine,1504,50.623123,12.676672,9029227.60979175,4355685.778831675,1000 m,1000.0
30000017,inland,1311,79.56307,51.936363,9029213.518653369,4356736.1898256745,1000 m,1000.0
30000018,inland,618,67.45791,34.637077,9029292.073763257,4357424.315956618,1000 m,1000.0
31000007,riverine,577,50.581146,11.983164,9030254.867133897,4347042.789469219,1000 m,1000.0
31000008,inland,805,52.588955,20.52174,9030304.1193929,4347882.579011664,1000 m,1000.0
31000008,riverine,795,47.135937,13.110513,9030150.952028448,4347563.290450226,1000 m,1000.0
31000009,inland,805,50.63761,15.737355,9030363.303580908,4348638.821413983,1000 m,1000.0
31000009,riverine,795,37.11533,6.846361,9030091.023385245,4348807.720661801,1000 m,1000.0
31000010,riverine,1406,34.759117,5.791506,9030187.646350747,4349769.736264348,1000 m,1000.0
31000011,inland,1326,64.78596,33.397976,9030222.553289518,4350804.10733887,1000 m,1000.0
31000012,inland,1600,81.09641,47.464287,9030228.014358688,4351719.175387872,1000 m,1000.0
31000013,inland,1565,78.826225,61.267002,9030236.718052741,4352710.431205744,1000 m,1000.0
31000014,inland,1491,66.55715,43.60832,9030223.73541605,4353715.967835158,1000 m,1000.0
31000015,inland,1519,67.66489,29.865513,9030236.24188939,4354707.478649038,1000 m,1000.0
31000016,inland,1365,59.80717,38.438515,9030278.768943721,4355706.543029676,1000 m,1000.0
31000017,inland,1152,74.101234,45.248016,9030296.292435253,4356752.461787639,1000 m,1000.0
31000018,inland,648,65.58099,19.426807,9030206.627786556,4357416.404065996,1000 m,1000.0
32000007,riverine,559,48.539978,12.123691,9031178.693658747,4347044.307923616,1000 m,1000.0
32000008,inland,765,58.155884,15.8543415,9031226.319145197,4347982.04021256,1000 m,1000.0
32000008,riverine,835,51.017654,12.407186,9031227.288598677,4347487.462574503,1000 m,1000.0
32000009,inland,741,53.33057,12.805089,9031046.658360962,4348548.675860185,1000 m,1000.0
32000009,riverine,859,37.106472,3.0833197,9031382.242468566,4348872.899129209,1000 m,1000.0
32000010,riverine,1575,36.52721,4.0707483,9031234.062492916,4349728.173050573,1000 m,1000.0
32000011,inland,1122,69.97651,43.022663,9031138.294128545,4350818.7991556795,1000 m,1000.0
32000012,inland,1600,74.164696,46.07321,9031226.825078731,4351719.175387872,1000 m,1000.0
32000013,inland,1600,74.94776,56.60536,9031226.825078731,4352717.986107916,1000 m,1000.0
32000014,inland,1599,65.35685,42.371124,9031227.020280952,4353716.492312496,1000 m,1000.0
32000015,inland,909,60.621704,37.551468,9031170.19558755,4354533.852016397,1000 m,1000.0
32000017,inland,1226,75.11659,36.359825,9031208.657477545,4356708.64635326,1000 m,1000.0
32000018,inland,1118,73.0266,22.772808,9031323.891970262,4357622.901658407,1000 m,1000.0
32000019,inland,593,47.871628,12.821007,9031237.204793844,4358967.058852547,1000 m,1000.0
33000007,inland,831,61.36146,16.943441,9032293.68053029,4346899.928687892,1000 m,1000.0
33000008,inland,1247,60.848248,17.475082,9032294.188896209,4347802.838154098,1000 m,1000.0
33000009,riverine,1471,35.66807,1.6043508,9032217.767872725,4348762.048907931,1000 m,1000.0
33000010,riverine,1600,45.099125,15.651786,9032225.635798775,4349721.553947786,1000 m,1000.0
33000011,riverine,1529,53.885406,25.942259,9032223.45559552,4350700.007938553,1000 m,1000.0
33000012,inland,1487,75.44972,44.40388,9032206.416920679,4351749.443651538,1000 m,1000.0
33000013,inland,1600,72.869095,54.625,9032225.635798775,4352717.986107916,1000 m,1000.0
33000014,inland,1600,61.56211,40.473217,9032225.635798775,4353716.796827959,1000 m,1000.0
33000016,inland,910,70.67283,27.927786,9032306.555931011,4355882.679458575,1000 m,1000.0
33000017,inland,1067,72.6782,32.772793,9032211.138065852,4356660.374864114,1000 m,1000.0
33000018,inland,1493,75.66987,27.455746,9032220.041321449,4357678.849154315,1000 m,1000.0
33000019,inland,837,36.40075,6.635945,9032280.096042784,4358938.551229272,1000 m,1000.0
34000008,inland,644,68.182686,23.269743,9032928.370483948,4347754.447415955,1000 m,1000.0
34000009,riverine,1202,34.246807,1.8397909,9033178.743865239,4348793.374601456,1000 m,1000.0
34000010,riverine,1285,55.181595,23.252918,9033133.35847893,4349747.738722986,1000 m,1000.0
34000011,riverine,1491,71.64851,34.427517,9033191.965073623,4350730.572165043,1000 m,1000.0
34000012,inland,1550,77.856636,48.66175,9033228.232333643,4351734.4153062785,1000 m,1000.0
34000013,inland,1600,72.20676,45.22857,9033224.446518818,4352717.986107916,1000 m,1000.0
34000014,inland,1599,59.422707,35.77057,9033224.313781308,4353717.023262534,1000 m,1000.0
34000016,inland,838,67.81887,37.238323,9033233.922109777,4355950.74189038,1000 m,1000.0
34000017,inland,1457,76.09432,52.94637,9033232.767085128,4356682.029006692,1000 m,1000.0
34000018,inland,1374,72.11205,41.990017,9033222.647351036,4357756.455526905,1000 m,1000.0
34000019,inland,1375,43.63348,8.103896,9033274.505096087,4358756.459757691,1000 m,1000.0
34000020,inland,574,25.553732,2.7426581,9033312.668998795,4359407.668812917,1000 m,1000.0
35000009,riverine,1262,24.872835,1.3040526,9034240.035992637,4348766.134509617,1000 m,1000.0
35000010,aeolian,1249,37.669533,14.427542,9034243.239450926,4349621.782832927,1000 m,1000.0
35000011,riverine,1084,36.10945,22.374802,9034197.872335415,4350566.696164291,1000 m,1000.0
35000012,inland,1438,68.757164,48.51381,9034265.557359064,4351719.40112743,1000 m,1000.0
35000013,inland,1438,75.10748,47.013706,9034248.678985978,4352718.211847473,1000 m,1000.0
35000014,inland,1341,58.95673,33.812717,9034218.685873616,4353684.368996696,1000 m,1000.0
35000016,inland,913,68.0375,39.928024,9034220.344496757,4355893.298922877,1000 m,1000.0
35000017,inland,1397,73.476845,36.59679,9034184.139535554,4356706.302732648,1000 m,1000.0
35000018,inland,1522,78.81001,39.943684,9034203.815867258,4357718.66782132,1000 m,1000.0
35000019,inland,1591,70.21575,36.737003,9034223.484812014,4358713.510679857,1000 m,1000.0
35000020,inland,1484,33.671062,8.477089,9034258.45791316,4359682.166931296,1000 m,1000.0
36000009,riverine,1453,26.01001,0.98122114,9035241.220996542,4348733.337976691,1000 m,1000.0
36000010,aeolian,1203,37.19168,14.014962,9035197.730769187,4349686.36102227,1000 m,1000.0
36000011,inland,904,60.150696,24.323639,9035257.368846633,4350933.330117263,1000 m,1000.0
36000011,riverine,696,55.7339,26.383415,9035176.217380593,4350443.754371437,1000 m,1000.0
36000012,inland,1600,71.26546,43.40357,9035222.067958904,4351719.175387872,1000 m,1000.0
36000013,inland,1600,74.290726,44.59107,9035222.067958904,4352717.986107916,1000 m,1000.0
36000014,inland,1574,58.37859,32.62661,9035228.619878018,4353709.1344140805,1000 m,1000.0
36000017,inland,741,70.68358,41.19144,9035044.866671072,4356889.857408774,1000 m,1000.0
36000018,inland,1458,77.82448,46.212032,9035264.695528902,4357704.127318683,1000 m,1000.0
36000019,inland,1426,80.709274,46.886395,9035252.151353313,4358711.305706554,1000 m,1000.0
36000020,inland,1389,67.778114,36.54839,9035199.030235043,4359739.8717568405,1000 m,1000.0
36000021,inland,1000,57.76598,35.342857,9035246.264148599,4360598.977243077,1000 m,1000.0
37000009,riverine,1600,28.60198,0.70178574,9036220.878678948,4348722.743227743,1000 m,1000.0
37000010,aeolian,1061,50.493267,14.657331,9036160.594662467,4349745.782874183,1000 m,1000.0
37000010,riverine,525,38.054085,13.006803,9036331.152138682,4349660.2222133335,1000 m,1000.0
37000011,inland,1258,66.75513,27.195095,9036244.578599451,4350821.436690613,1000 m,1000.0
37000012,inland,1600,75.80084,44.15,9036220.878678948,4351719.175387872,1000 m,1000.0
37000013,inland,1600,72.068344,40.719643,9036220.878678948,4352717.986107916,1000 m,1000.0
37000014,inland,1600,59.970684,32.096428,9036220.878678948,4353716.796827959,1000 m,1000.0
37000015,inland,593,56.51789,30.864853,9036290.883856945,4354412.279848937,1000 m,1000.0
37000018,inland,1600,59.132374,40.160717,9036220.878678948,4357712.039708132,1000 m,1000.0
37000019,inland,1600,69.13138,32.348213,9036220.878678948,4358710.850428175,1000 m,1000.0
37000020,inland,1492,71.97068,38.738033,9036217.715555185,4359705.209344407,1000 m,1000.0
37000021,inland,1469,51.84,16.72858,9036237.307381483,4360710.826110684,1000 m,1000.0
38000009,riverine,1549,25.037315,2.058471,9037205.576119691,4348735.760330009,1000 m,1000.0
38000010,riverine,1352,25.959724,2.2844465,9037208.423227778,4349649.505859419,1000 m,1000.0
38000011,inland,1119,69.12384,45.9594,9037185.268810617,4350864.551787301,1000 m,1000.0
38000012,inland,1600,74.798836,44.748215,9037219.689398991,4351719.175387872,1000 m,1000.0
38000013,inland,1600,71.161156,43.47143,9037219.689398991,4352717.986107916,1000 m,1000.0
38000014,inland,1599,58.446014,30.245687,9037219.728439435,4353716.804636047,1000 m,1000.0
38000015,inland,1007,51.608788,19.208399,9037232.422499904,4354531.851668139,1000 m,1000.0
38000018,inland,1600,59.65977,34.101784,9037219.689398991,4357712.039708132,1000 m,1000.0
38000019,inland,1600,59.308563,25.591072,9037219.689398991,4358710.850428175,1000 m,1000.0
38000020,inland,1631,62.74694,30.158535,9037222.131310547,4359719.451759124,1000 m,1000.0
38000021,inland,1414,73.07727,45.413216,9037215.627757095,4360754.209487868,1000 m,1000.0
38000022,inland,514,65.92082,30.605892,9037265.209128791,4361579.613591598,1000 m,1000.0
39000009,riverine,1361,25.78556,2.433085,9038283.402634136,4348761.648042802,1000 m,1000.0
39000010,riverine,1292,22.369452,1.7580718,9038199.347227713,4349638.661161829,1000 m,1000.0
39000011,aeolian,576,49.04831,18.288689,9038282.443079628,4350409.666906087,1000 m,1000.0
39000011,inland,701,67.797424,39.03811,9038182.00648199,4350992.668824369,1000 m,1000.0
39000012,inland,1600,75.33879,52.219643,9038218.500119034,4351719.175387872,1000 m,1000.0
39000013,inland,1600,68.84008,36.969643,9038218.500119034,4352717.986107916,1000 m,1000.0
39000014,inland,1592,60.390812,25.139984,9038216.241501829,4353715.667519355,1000 m,1000.0
39000015,inland,905,57.897865,15.905288,9038196.468341134,4354502.229020283,1000 m,1000.0
39000018,inland,1600,63.35475,31.567856,9038218.500119034,4357712.039708132,1000 m,1000.0
39000019,inland,1600,64.44338,29.017857,9038218.500119034,4358710.850428175,1000 m,1000.0
39000020,inland,1640,64.296745,27.655052,9038218.500119034,4359722.146282218,1000 m,1000.0
39000021,inland,1354,64.88869,34.40177,9038215.512538964,4360687.595691469,1000 m,1000.0
39000022,inland,1060,78.87631,40.975742,9038275.272143451,4361654.067649235,1000 m,1000.0
40000008,riverine,506,40.977154,4.517222,9039244.699176509,4348063.843981991,1000 m,1000.0
40000009,riverine,1532,24.53823,2.1671019,9039204.972397251,4348702.483408471,1000 m,1000.0
40000010,aeolian,1485,43.30752,13.1890335,9039247.603053087,4349748.802647648,1000 m,1000.0
40000011,aeolian,1006,62.415943,22.976427,9039248.01483661,4350538.573173952,1000 m,1000.0
40000012,inland,1600,74.03489,49.860714,9039217.310839077,4351719.175387872,1000 m,1000.0
40000013,inland,1600,64.44749,29.742857,9039217.310839077,4352717.986107916,1000 m,1000.0
40000014,inland,1600,61.896347,28.15,9039217.310839077,4353716.796827959,1000 m,1000.0
40000015,inland,668,56.665424,23.135159,9039198.059809107,4354425.832821139,1000 m,1000.0
40000018,inland,1596,64.32932,30.916576,9039218.186988832,4357713.260059576,1000 m,1000.0
40000019,inland,1600,61.76509,27.898212,9039217.310839077,4358710.850428175,1000 m,1000.0
40000020,inland,1638,60.54119,26.858538,9039216.944974344,4359722.024327308,1000 m,1000.0
40000021,inland,1594,69.41478,38.40115,9039217.357834563,4360731.656307811,1000 m,1000.0
40000022,inland,1023,82.084854,43.653122,9039199.968341116,4361756.405427358,1000 m,1000.0
41000009,riverine,1590,30.824669,2.3899372,9040222.340569265,4348731.317923547,1000 m,1000.0
41000010,aeolian,999,41.04579,5.436866,9040094.882034658,4349854.141321771,1000 m,1000.0
41000010,riverine,641,31.230886,2.3534656,9040437.016886266,4349514.916215163,1000 m,1000.0
41000011,aeolian,1407,55.604523,17.15098,9040252.458889421,4350652.2421563,1000 m,1000.0
41000012,inland,1623,71.04571,42.61421,9040229.068250757,4351724.183288202,1000 m,1000.0
41000013,inland,1640,64.90045,28.369339,9040228.60669312,4352717.986107916,1000 m,1000.0
41000014,inland,1640,60.537296,29.956446,9040228.60669312,4353716.796827959,1000 m,1000.0
41000015,inland,510,57.125168,25.893557,9040198.83821676,4354373.172147219,1000 m,1000.0
41000018,inland,1640,61.329716,29.336237,9040228.60669312,4357712.039708132,1000 m,1000.0
41000019,inland,1640,59.64344,26.449476,9040228.60669312,4358710.850428175,1000 m,1000.0
41000020,inland,1679,64.17002,30.17953,9040228.681053659,4359722.146282218,1000 m,1000.0
41000021,inland,1609,67.884384,39.20625,9040230.143086243,4360724.495362178,1000 m,1000.0
41000022,inland,702,81.35168,43.089134,9040195.099581359,4361625.257747835,1000 m,1000.0
42000006,inland,976,58.663654,21.891102,9041433.626798501,4345713.416584956,1000 m,1000.0
42000007,inland,796,63.252907,21.101938,9041489.699336227,4346705.892171721,1000 m,1000.0
42000008,inland,1004,57.026733,22.211155,9041334.436400425,4347797.898221877,1000 m,1000.0
42000009,riverine,1055,37.362247,3.5612729,9041082.518853256,4348746.896932477,1000 m,1000.0
42000010,riverine,1070,31.572569,2.9372497,9041121.5388095,4349659.525001667,1000 m,1000.0
42000011,aeolian,1443,56.720676,19.93862,9041193.881460715,4350729.475441289,1000 m,1000.0
42000012,inland,1512,73.66522,43.807632,9041225.765940415,4351745.400775164,1000 m,1000.0
42000013,inland,1600,63.454155,26.119644,9041239.902547166,4352717.986107916,1000 m,1000.0
42000014,inland,1600,61.17737,26.691072,9041239.902547166,4353716.796827959,1000 m,1000.0
42000018,inland,1600,61.71129,32.8875,9041239.902547166,4357712.039708132,1000 m,1000.0
42000019,inland,1600,60.378662,33.00357,9041239.902547166,4358710.850428175,1000 m,1000.0
42000020,inland,1639,65.5912,35.563496,9041240.169160765,4359722.20722247,1000 m,1000.0
42000021,inland,1600,64.27995,35.85893,9041239.902547166,4360733.442136263,1000 m,1000.0
43000006,inland,1600,55.76112,16.732141,9042238.713267209,4345726.311067613,1000 m,1000.0
43000007,inland,1600,62.924072,19.141071,9042238.713267209,4346725.121787656,1000 m,1000.0
43000008,inland,1600,57.638515,21.153572,9042238.713267209,4347723.932507699,1000 m,1000.0
43000009,inland,1600,42.533436,7.866071,9042238.713267209,4348722.743227743,1000 m,1000.0
43000010,inland,1600,53.706993,13.935714,9042238.713267209,4349721.553947786,1000 m,1000.0
43000011,inland,1596,63.544426,30.220194,9042239.933618652,4350719.238189573,1000 m,1000.0
43000012,inland,1513,74.96099,74.485886,9042264.104382424,4351716.856602245,1000 m,1000.0
43000013,inland,1503,76.50346,63.355194,9042260.219595836,4352718.409755177,1000 m,1000.0
43000014,inland,1502,72.371574,55.92353,9042252.827619761,4353716.663830526,1000 m,1000.0
43000015,inland,925,66.28448,46.535908,9042410.630188035,4354688.977094615,1000 m,1000.0
43000016,inland,727,54.596462,35.044212,9042509.968688857,4355693.655507376,1000 m,1000.0
43000017,inland,791,48.61595,29.402203,9042410.742945429,4356812.368212687,1000 m,1000.0
43000018,inland,1496,60.039703,34.497707,9042221.80492397,4357712.523757445,1000 m,1000.0
43000019,inland,1500,57.398655,33.8,9042214.708516236,4358711.283246154,1000 m,1000.0
43000020,inland,1572,62.31971,32.255543,9042219.52491877,4359728.64299953,1000 m,1000.0
43000021,inland,1504,65.86995,42.522797,9042216.183577264,4360728.262133858,1000 m,1000.0
43000022,inland,799,80.999275,52.10799,9042221.16532543,4361500.754407973,1000 m,1000.0
44000006,inland,1600,60.03314,15.405357,9043237.523987252,4345726.311067613,1000 m,1000.0
44000007,inland,1600,64.9246,15.333928,9043237.523987252,4346725.121787656,1000 m,1000.0
44000008,inland,1600,64.76985,24.160715,9043237.523987252,4347723.932507699,1000 m,1000.0
44000009,inland,1600,45.454823,8.15,9043237.523987252,4348722.743227743,1000 m,1000.0
44000010,inland,1600,50.875843,9.110714,9043237.523987252,4349721.553947786,1000 m,1000.0
44000011,inland,1600,64.822426,32.214283,9043237.523987252,4350720.364667829,1000 m,1000.0
44000012,inland,1600,78.57337,62.2875,9043237.523987252,4351719.175387872,1000 m,1000.0
44000013,inland,1600,80.61696,72.807144,9043237.523987252,4352717.986107916,1000 m,1000.0
44000014,inland,1594,78.68991,68.79011,9043235.926140742,4353714.964004022,1000 m,1000.0
44000015,inland,1508,67.17737,47.845776,9043239.179840567,4354742.333020518,1000 m,1000.0
44000016,inland,1600,49.12481,34.2625,9043237.523987252,4355714.418268045,1000 m,1000.0
44000017,inland,1600,41.327084,28.580357,9043237.523987252,4356713.228988089,1000 m,1000.0
44000018,inland,1600,54.62874,29.47857,9043237.523987252,4357712.039708132,1000 m,1000.0
44000019,inland,1330,63.861652,33.727177,9043165.767322363,4358662.618384195,1000 m,1000.0
45000006,inland,1511,58.612755,13.654155,9044210.447265321,4345743.109398138,1000 m,1000.0
45000007,inland,1600,65.80035,14.694642,9044236.334707296,4346725.121787656,1000 m,1000.0
45000008,inland,1600,67.286316,23.239285,9044236.334707296,4347723.932507699,1000 m,1000.0
45000009,inland,1600,55.933216,8.360714,9044236.334707296,4348722.743227743,1000 m,1000.0
45000010,inland,1600,45.223045,3.825,9044236.334707296,4349721.553947786,1000 m,1000.0
45000011,inland,1523,53.085762,15.56702,9044219.553965798,4350729.833039314,1000 m,1000.0
45000012,inland,1600,76.73789,46.04107,9044236.334707296,4351719.175387872,1000 m,1000.0
45000013,inland,1600,80.187775,66.96964,9044236.334707296,4352717.986107916,1000 m,1000.0
45000014,inland,1510,80.3286,63.449383,9044234.499144549,4353690.553241656,1000 m,1000.0
45000015,inland,1593,67.413445,39.47628,9044238.145169288,4354717.747184902,1000 m,1000.0
45000016,inland,1600,56.546932,31.882143,9044236.334707296,4355714.418268045,1000 m,1000.0
45000017,inland,1600,54.19257,23.5375,9044236.334707296,4356713.228988089,1000 m,1000.0
45000018,inland,1600,50.647934,23.41607,9044236.334707296,4357712.039708132,1000 m,1000.0
45000019,inland,595,72.9314,44.369747,9044204.376960937,4358403.254496555,1000 m,1000.0
46000005,riverine,719,39.919353,2.7617724,9045256.347581184,4345001.218243606,1000 m,1000.0
46000006,riverine,1333,42.133804,5.4592223,9045291.764058271,4345660.532300857,1000 m,1000.0
46000007,inland,1464,61.88315,15.03708,9045199.856161974,4346756.726915119,1000 m,1000.0
46000008,inland,1600,66.4113,21.819643,9045235.145427339,4347723.932507699,1000 m,1000.0
46000009,inland,1600,61.800915,13.460714,9045235.145427339,4348722.743227743,1000 m,1000.0
46000010,inland,1600,45.466995,7.6196427,9045235.145427339,4349721.553947786,1000 m,1000.0
46000011,inland,1600,55.633835,22.2,9045235.145427339,4350720.364667829,1000 m,1000.0
46000012,inland,1600,69.00411,35.85,9045235.145427339,4351719.175387872,1000 m,1000.0
46000013,inland,1570,71.50682,49.619656,9045226.604641404,4352721.930455983,1000 m,1000.0
46000014,inland,1501,78.26052,49.795376,9045235.13710946,4353694.746134931,1000 m,1000.0
46000015,inland,1600,63.48739,28.58393,9045235.145427339,4354715.607548002,1000 m,1000.0
46000016,inland,1600,57.613914,22.566072,9045235.145427339,4355714.418268045,1000 m,1000.0
46000017,inland,1600,49.261974,10.505358,9045235.145427339,4356713.228988089,1000 m,1000.0
46000018,inland,1600,53.697678,18.626785,9045235.145427339,4357712.039708132,1000 m,1000.0
46000019,inland,525,77.396324,40.69116,9045410.38914629,4358463.5496501345,1000 m,1000.0
47000005,riverine,903,37.066673,1.6642936,9046251.114565205,4344944.006120897,1000 m,1000.0
47000006,riverine,1600,39.616714,2.0678573,9046233.95614738,4345726.311067613,1000 m,1000.0
47000007,inland,1149,59.178703,15.280368,9046219.05874206,4346856.786164231,1000 m,1000.0
47000008,inland,1600,67.49404,18.25,9046233.95614738,4347723.932507699,1000 m,1000.0
47000009,inland,1600,52.58641,7.346429,9046233.95614738,4348722.743227743,1000 m,1000.0
47000010,inland,1600,43.73917,8.860714,9046233.95614738,4349721.553947786,1000 m,1000.0
47000011,inland,1169,53.09546,19.220333,9046143.206631897,4350736.929631759,1000 m,1000.0
47000012,inland,1557,61.899567,28.986147,9046236.41789185,4351706.417617677,1000 m,1000.0
47000013,inland,1114,69.632225,36.91716,9046308.979026197,4352805.359630957,1000 m,1000.0
47000014,inland,1508,77.74511,46.98939,9046234.154849779,4353703.21883077,1000 m,1000.0
47000015,inland,1600,67.75638,25.051785,9046233.95614738,4354715.607548002,1000 m,1000.0
47000016,inland,1600,51.693253,9.5660715,9046233.95614738,4355714.418268045,1000 m,1000.0
47000017,inland,1600,36.934387,5.1017857,9046233.95614738,4356713.228988089,1000 m,1000.0
47000018,inland,1600,55.895836,14.676785,9046233.95614738,4357712.039708132,1000 m,1000.0
47000019,inland,894,64.056946,18.641739,9046068.549070086,4358595.216301191,1000 m,1000.0
48000005,riverine,1086,39.532093,1.1181269,9047246.40164544,4344887.139915462,1000 m,1000.0
48000006,riverine,1600,35.90813,0.68035716,9047232.766867425,4345726.311067613,1000 m,1000.0
48000007,riverine,1319,37.59084,7.0919533,9047276.053082576,4346647.021074511,1000 m,1000.0
48000008,inland,1600,73.178825,25.469643,9047232.766867425,4347723.932507699,1000 m,1000.0
48000009,inland,1600,57.163544,8.608929,9047232.766867425,4348722.743227743,1000 m,1000.0
48000010,inland,1408,45.492565,8.090504,9047254.63358649,4349717.191244712,1000 m,1000.0
48000011,inland,1370,47.05773,11.130344,9047280.41086783,4350758.184599291,1000 m,1000.0
48000012,inland,1600,63.555946,29.242857,9047232.766867425,4351719.175387872,1000 m,1000.0
48000013,inland,1600,74.30575,40.41786,9047232.766867425,4352717.986107916,1000 m,1000.0
48000014,inland,1501,78.49872,41.288666,9047232.758549547,4353709.568592485,1000 m,1000.0
48000015,inland,1600,72.51405,31.348215,9047232.766867425,4354715.607548002,1000 m,1000.0
48000016,inland,1600,51.106342,5.6928573,9047232.766867425,4355714.418268045,1000 m,1000.0
48000017,inland,1600,43.628437,6.7,9047232.766867425,4356713.228988089,1000 m,1000.0
48000018,inland,1123,53.18535,13.614044,9047178.279207818,4357578.616651017,1000 m,1000.0
49000005,riverine,1272,37.008858,1.199461,9048243.493430767,4344829.167814533,1000 m,1000.0
49000006,riverine,1362,37.637306,1.1306902,9048172.836957017,4345687.187314372,1000 m,1000.0
49000007,inland,566,50.793987,14.447249,9048411.884098634,4346960.618767496,1000 m,1000.0
49000007,riverine,1034,37.201084,7.156673,9048132.879826037,4346596.213382831,1000 m,1000.0
49000008,inland,1600,70.62541,23.783928,9048231.577587469,4347723.932507699,1000 m,1000.0
49000009,inland,1600,62.33173,12.651786,9048231.577587469,4348722.743227743,1000 m,1000.0
49000010,inland,1600,37.237602,5.3803573,9048231.577587469,4349721.553947786,1000 m,1000.0
49000011,inland,1485,55.049095,13.137086,9048197.956004392,4350706.467074225,1000 m,1000.0
49000012,inland,1510,49.022655,15.506149,9048204.27565868,4351727.443688535,1000 m,1000.0
49000013,inland,1600,77.883934,42.25893,9048231.577587469,4352717.986107916,1000 m,1000.0
49000014,inland,1504,77.372856,42.661472,9048231.710408043,4353716.863238246,1000 m,1000.0
49000015,inland,1600,71.377975,28.2875,9048231.577587469,4354715.607548002,1000 m,1000.0
49000016,inland,1600,59.076817,12.283928,9048231.577587469,4355714.418268045,1000 m,1000.0
49000017,inland,1526,55.107853,14.064782,9048222.545092097,4356695.720346699,1000 m,1000.0
49000018,inland,1405,56.431168,14.739198,9048271.752171678,4357703.979909884,1000 m,1000.0
49000019,inland,637,56.162914,12.056515,9048354.841335865,4358467.321715527,1000 m,1000.0
50000007,inland,715,56.533237,12.331668,9048955.41851016,4346746.337784594,1000 m,1000.0
50000008,inland,895,67.02546,20.379889,9049011.30559301,4347740.463104113,1000 m,1000.0
50000009,inland,1217,61.57855,15.856321,9049129.327457028,4348773.022308874,1000 m,1000.0
50000010,inland,1547,43.433746,6.3717794,9049219.985374268,4349720.641976137,1000 m,1000.0
50000011,inland,1110,53.923817,11.477477,9049298.50539896,4350626.422470376,1000 m,1000.0
50000012,inland,650,44.866245,9.485714,9049290.931603465,4351994.65506762,1000 m,1000.0
50000012,riverine,935,33.384125,5.381207,9049180.567949269,4351533.634278848,1000 m,1000.0
50000013,inland,1600,54.65444,16.942858,9049230.388307512,4352717.986107916,1000 m,1000.0
50000014,inland,1500,72.9424,28.735237,9049230.388307512,4353724.287908359,1000 m,1000.0
50000015,inland,1600,76.30383,34.992855,9049230.388307512,4354715.607548002,1000 m,1000.0
50000016,inland,1600,59.668446,11.975,9049230.388307512,4355714.418268045,1000 m,1000.0
50000017,inland,1563,56.929386,16.583494,9049238.288369909,4356705.3129498325,1000 m,1000.0
50000018,inland,1427,54.350456,12.081289,9049231.534455063,4357715.1456805,1000 m,1000.0
50000019,inland,1054,50.505123,11.425861,9049284.332615137,4358556.717066112,1000 m,1000.0
51000010,inland,1600,44.21709,10.983929,9050229.199027555,4349721.553947786,1000 m,1000.0
51000011,inland,1556,52.65748,11.011751,9050238.041326828,4350707.221576896,1000 m,1000.0
51000012,inland,889,47.877876,8.362526,9050215.9836045,4351830.446160298,1000 m,1000.0
51000012,riverine,653,34.067142,3.049661,9050287.341895083,4351557.289278251,1000 m,1000.0
51000013,inland,1465,49.65529,10.593857,9050236.928731676,4352732.550677204,1000 m,1000.0
51000014,inland,1482,63.469925,16.604973,9050250.058131324,4353718.717617805,1000 m,1000.0
51000015,inland,1505,71.317986,27.688658,9050237.00534722,4354715.48311145,1000 m,1000.0
51000016,inland,1501,63.34089,17.692966,9050229.88941138,4355714.493128942,1000 m,1000.0
51000017,inland,1504,61.32733,14.31421,9050222.607806547,4356713.112770086,1000 m,1000.0
51000018,inland,1447,64.16309,14.412084,9050217.248847464,4357697.570067691,1000 m,1000.0
51000019,inland,1412,64.877914,17.901659,9050196.41228756,4358721.743972856,1000 m,1000.0
52000010,inland,990,36.942547,9.200577,9051038.462713227,4349736.309106151,1000 m,1000.0
52000011,inland,1504,57.195293,9.274316,9051206.393199103,4350746.231474708,1000 m,1000.0
52000012,inland,1072,50.184692,6.1593814,9051223.257942867,4351651.695102052,1000 m,1000.0
52000012,riverine,528,36.65025,2.4891777,9051237.657351144,4351856.180816659,1000 m,1000.0
52000013,inland,1551,54.66179,11.458045,9051230.867402382,4352731.807497392,1000 m,1000.0
52000014,inland,1526,57.57173,12.037071,9051217.30820417,4353701.38267825,1000 m,1000.0
52000015,inland,1565,66.45078,18.121407,9051219.194365446,4354724.199553956,1000 m,1000.0
52000016,inland,1502,62.53158,18.327944,9051222.739724325,4355697.527594085,1000 m,1000.0
52000017,inland,1408,64.19349,13.267045,9051195.058925195,4356750.560248133,1000 m,1000.0
52000018,inland,1600,62.680386,14.255357,9051228.009747598,4357712.039708132,1000 m,1000.0
52000019,inland,1098,66.15198,16.705698,9051204.927031733,4358635.280118004,1000 m,1000.0
53000012,inland,545,43.24772,1.3263434,9052013.336130483,4351662.431026553,1000 m,1000.0
53000013,inland,1488,60.12458,7.4174347,9052207.992080076,4352744.315644538,1000 m,1000.0
53000014,inland,1600,60.20647,9.217857,9052226.820467642,4353716.796827959,1000 m,1000.0
53000015,inland,1471,50.397305,8.340293,9052256.806856781,4354738.76997539,1000 m,1000.0
53000016,inland,915,55.432972,13.327088,9052154.979778556,4355550.992639713,1000 m,1000.0
53000017,inland,639,65.94796,21.33244,9052011.173481781,4356879.990519692,1000 m,1000.0
53000018,inland,1415,65.32136,17.167088,9052200.870800436,4357686.531211739,1000 m,1000.0
53000019,inland,794,69.96324,12.356963,9052130.147163063,4358543.79493243,1000 m,1000.0
54000014,inland,573,68.64906,12.460733,9052919.298728848,4353797.873937236,1000 m,1000.0
54000015,inland,1136,57.39597,8.216802,9053087.943019763,4354756.404042201,1000 m,1000.0
54000018,inland,511,72.929085,20.39139,9053008.1553017,4357884.901397083,1000 m,1000.0
0,aeolian,4524,50.86903,1.3224707,8999696.778257687,4340200.772709138,2000 m,2000.0
1,aeolian,1376,48.95381,1.9082227,8999206.303530728,4341942.752908539,2000 m,2000.0
1,inland,3137,40.083588,45.919216,9000177.984322356,4342411.223423341,2000 m,2000.0
1,riverine,1061,46.016926,30.51838,8999698.755153025,4341956.730218287,2000 m,2000.0
2,aeolian,1143,45.675583,0.88238966,8999757.547828095,4344328.292830231,2000 m,2000.0
2,inland,1106,36.431892,46.282616,9000092.6035251,4343521.747967039,2000 m,2000.0
2,riverine,1168,49.365932,36.472603,9000210.844724428,4344038.444946934,2000 m,2000.0
1000000,aeolian,1857,47.03752,2.3063314,9001335.955329321,4340143.43918488,2000 m,2000.0
1000000,riverine,790,40.37242,16.889692,9001578.51960335,4341021.122377855,2000 m,2000.0
1000001,inland,2841,43.99758,47.05788,9001198.293589056,4342173.172012005,2000 m,2000.0
1000001,riverine,3080,42.20153,18.621521,9002149.69385662,4342337.0674057985,2000 m,2000.0
1000002,riverine,4118,49.40993,15.422188,9001805.967595905,4344137.321575218,2000 m,2000.0
1000003,riverine,3465,57.63703,10.697176,9002042.141543552,4346434.446969487,2000 m,2000.0
1000004,aeolian,1481,60.7147,3.2989295,9001887.898255171,4348108.864110399,2000 m,2000.0
2000000,aeolian,712,31.698786,3.5794544,9004319.853271717,4340919.113630191,2000 m,2000.0
2000000,riverine,625,45.024532,8.594286,9003322.59053995,4340981.101170188,2000 m,2000.0
2000001,aeolian,983,42.186462,5.9293704,9004295.120934376,4341833.476768768,2000 m,2000.0
2000001,riverine,4329,38.823975,12.647593,9003511.128312577,4342373.503173354,2000 m,2000.0
2000002,aeolian,779,58.83077,2.7654502,9003650.048954874,4344386.523164178,2000 m,2000.0
2000002,riverine,4950,52.307594,13.646175,9003690.284445452,4344192.571628505,2000 m,2000.0
2000003,aeolian,1132,55.878212,2.3397274,9003847.654147387,4346735.379009052,2000 m,2000.0
2000003,riverine,2575,54.075333,8.616921,9003597.572634427,4346050.735456393,2000 m,2000.0
2000004,aeolian,1423,57.22941,1.861259,9003675.240268867,4347917.158162017,2000 m,2000.0
2000004,riverine,1383,62.38187,16.841234,9004163.73987615,4348602.595253474,2000 m,2000.0
2000006,inland,525,62.16057,31.330614,9004156.74778842,4352156.678264459,2000 m,2000.0
3000000,aeolian,1050,41.47889,7.047619,9005288.661927512,4340943.838871593,2000 m,2000.0
3000000,inland,1195,47.16551,5.152421,9006192.313488554,4340823.498199804,2000 m,2000.0
3000001,aeolian,3525,39.073483,5.2790275,9005696.858260581,4342312.740840349,2000 m,2000.0
3000001,inland,1202,45.330044,7.5564537,9006074.847481806,4341899.669431281,2000 m,2000.0
3000002,aeolian,2229,47.189457,2.6892264,9005817.605755882,4343642.951652585,2000 m,2000.0
3000002,riverine,3418,49.107563,22.588816,9005734.61418785,4344629.109601684,2000 m,2000.0
3000003,riverine,6333,46.957767,27.96057,9005725.851153515,4346222.674494623,2000 m,2000.0
3000004,inland,920,51.27167,35.61801,9006495.430260995,4348479.283114732,2000 m,2000.0
3000004,riverine,4376,49.834106,23.210367,9005612.471382808,4348133.088836938,2000 m,2000.0
3000005,riverine,578,66.474266,30.09392,9004956.461497676,4349748.857078195,2000 m,2000.0
3000007,inland,1193,67.14995,29.373726,9006132.658082316,4353826.0862281,2000 m,2000.0
3000009,inland,986,50.95889,28.501884,9005526.82252141,4358650.906590084,2000 m,2000.0
3000009,riverine,882,47.349083,6.2520247,9006280.111797579,4358744.285673651,2000 m,2000.0
3000010,inland,660,50.041325,17.99567,9005051.438976683,4360189.846968627,2000 m,2000.0
4000000,aeolian,1168,33.795834,4.8140903,9007635.865083553,4340914.895309463,2000 m,2000.0
4000000,inland,1564,40.572197,6.382901,9007851.061959706,4340719.756367751,2000 m,2000.0
4000001,aeolian,2547,38.747047,6.293118,9007418.400020592,4342146.273646901,2000 m,2000.0
4000001,inland,2292,43.62987,7.3585143,9007800.54108785,4342398.020559498,2000 m,2000.0
4000002,aeolian,3396,43.755207,5.080767,9007443.630089182,4344211.506964989,2000 m,2000.0
4000002,inland,773,48.010414,12.725928,9008486.29217973,4343683.933733199,2000 m,2000.0
4000002,riverine,1978,38.844368,12.498917,9007916.069979882,4344476.244915807,2000 m,2000.0
4000003,aeolian,2200,39.453648,4.888312,9008190.458933845,4346065.668359869,2000 m,2000.0
4000003,riverine,3955,40.101154,26.070435,9007484.144067263,4346288.028452928,2000 m,2000.0
4000004,aeolian,3119,49.326355,1.173453,9008195.85184652,4348393.2821973115,2000 m,2000.0
4000004,inland,1237,47.67559,38.78277,9007039.285151115,4348034.849688691,2000 m,2000.0
4000004,riverine,1821,44.31905,30.680159,9007459.113391923,4347993.703275145,2000 m,2000.0
4000005,aeolian,1647,50.310455,6.2347126,9007985.956601318,4349609.005809045,2000 m,2000.0
4000007,inland,5117,63.98385,34.817833,9007741.965952639,4354102.562337272,2000 m,2000.0
4000008,inland,903,62.64473,24.312609,9007655.76314157,4356188.092914473,2000 m,2000.0
4000009,inland,980,54.300434,19.481049,9007869.96762877,4358884.826948493,2000 m,2000.0
5000000,inland,2528,51.31729,11.952984,9009765.709440075,4340820.828825452,2000 m,2000.0
5000000,riverine,613,35.47662,4.740154,9009567.276517978,4340373.121467671,2000 m,2000.0
5000001,inland,4689,47.59182,12.915334,9009886.115202332,4342162.2433152655,2000 m,2000.0
5000001,riverine,784,39.35544,4.475219,9009037.939174587,4342467.531844313,2000 m,2000.0
5000002,aeolian,746,45.07434,3.7993104,9010186.796927718,4344895.965976054,2000 m,2000.0
5000002,inland,2564,40.596584,11.579006,9009804.019945178,4343817.5561234355,2000 m,2000.0
5000002,riverine,2451,43.093002,10.415574,9009555.092804557,4344479.585624325,2000 m,2000.0
5000003,aeolian,1002,46.627705,7.6561165,9009833.01217962,4346075.9945013365,2000 m,2000.0
5000003,riverine,5170,40.13341,11.749102,9009687.9790341,4346272.319544839,2000 m,2000.0
5000004,aeolian,1911,41.48607,12.508037,9009127.425768206,4348485.316616171,2000 m,2000.0
5000004,inland,570,45.306793,19.238094,9009988.254111692,4349025.584390359,2000 m,2000.0
5000004,riverine,3730,30.981224,11.350441,9009998.401945924,4347975.991631232,2000 m,2000.0
5000005,aeolian,621,49.200726,17.612146,9009111.91325504,4349475.369622767,2000 m,2000.0
5000005,inland,1812,37.218807,18.614002,9009875.53715567,4349680.598298504,2000 m,2000.0
5000006,inland,956,62.624447,36.425583,9009868.62649383,4353059.159372173,2000 m,2000.0
5000007,inland,4397,65.01393,42.20085,9009562.976630088,4354038.113691418,2000 m,2000.0
5000008,inland,539,54.304405,25.306122,9009426.970390799,4355404.791577535,2000 m,2000.0
5000009,inland,2311,64.32943,29.550596,9009848.845094258,4358039.867668446,2000 m,2000.0
5000010,inland,4177,60.62358,31.233627,9009931.117034309,4360416.913949704,2000 m,2000.0
5000011,inland,3351,50.47273,24.016712,9010066.400747735,4362127.369530619,2000 m,2000.0
5000012,inland,1213,51.464146,22.56978,9010396.238445397,4363749.770227162,2000 m,2000.0
6000002,aeolian,699,40.809834,2.1581852,9012066.574020566,4344940.176299708,2000 m,2000.0
6000002,inland,3295,48.38268,14.533709,9011622.28875958,4344435.310320807,2000 m,2000.0
6000003,aeolian,4428,46.51713,12.6164665,9011674.355223576,4346080.045252611,2000 m,2000.0
6000003,riverine,1254,55.048153,11.043518,9011953.123480959,4346885.516930199,2000 m,2000.0
6000004,aeolian,919,42.278427,8.531012,9011895.503850741,4348719.306079862,2000 m,2000.0
6000004,riverine,5228,40.91918,12.565855,9011687.848285725,4348126.279563198,2000 m,2000.0
6000005,inland,1183,41.53075,15.464315,9011327.495040668,4349570.666406953,2000 m,2000.0
6000005,riverine,599,50.611183,14.810398,9012339.360217964,4349450.111710575,2000 m,2000.0
6000006,inland,1668,64.736565,32.90682,9011781.408515105,4352954.440174509,2000 m,2000.0
6000007,inland,2509,71.83845,42.17161,9011679.797733432,4353615.487603919,2000 m,2000.0
6000009,inland,4109,67.99563,43.420364,9011775.6031183,4358444.8766621165,2000 m,2000.0
6000010,inland,5066,66.04216,37.568665,9011825.326090155,4360191.405933773,2000 m,2000.0
6000011,inland,3776,57.299713,29.519522,9011661.866230564,4362076.645490636,2000 m,2000.0
6000012,inland,4161,54.82619,23.327496,9011536.154483961,4364340.8177208705,2000 m,2000.0
6000012,riverine,657,50.90295,16.612307,9012473.45068974,4364078.982967205,2000 m,2000.0
7000001,aeolian,1582,56.464058,6.812353,9013890.214235783,4342743.81616832,2000 m,2000.0
7000001,riverine,822,48.228462,5.44317,9014090.416680072,4342811.958790864,2000 m,2000.0
7000002,aeolian,3696,41.976326,2.9444962,9013413.808776008,4344213.697898503,2000 m,2000.0
7000002,inland,1212,76.55683,57.89958,9014396.431792842,4344628.649402133,2000 m,2000.0
7000002,riverine,925,31.492834,3.4872587,9014136.971197158,4343882.169042359,2000 m,2000.0
7000003,aeolian,2509,51.747814,2.9892387,9013262.548471289,4345942.25064113,2000 m,2000.0
7000003,inland,1533,59.41383,19.770758,9014234.362242015,4346458.210309118,2000 m,2000.0
7000003,riverine,1464,53.332047,6.0772834,9013830.360018825,4346431.618801479,2000 m,2000.0
7000004,riverine,5428,42.004116,6.6475425,9013658.930462893,4348349.914309145,2000 m,2000.0
7000005,riverine,2753,44.82417,15.26335,9013670.989730155,4349655.790443194,2000 m,2000.0
7000006,inland,3264,72.267654,39.031864,9013889.992486235,4352664.495876953,2000 m,2000.0
7000007,inland,2850,57.905296,23.631077,9013966.394548658,4353867.976468085,2000 m,2000.0
7000008,inland,658,66.55699,29.292227,9014578.790684296,4356060.966121215,2000 m,2000.0
7000009,inland,4843,66.119446,41.206455,9013741.303392854,4358403.403681165,2000 m,2000.0
7000010,inland,6480,68.33803,35.455025,9013722.667209972,4360221.551642241,2000 m,2000.0
7000011,inland,3095,69.39736,38.455574,9013738.629625237,4361847.902713062,2000 m,2000.0
7000012,inland,3364,57.90206,26.535585,9013693.911318703,4364174.781526906,2000 m,2000.0
7000012,riverine,1538,50.54185,16.32547,9013802.854566056,4363986.769322778,2000 m,2000.0
8000001,aeolian,1281,38.88066,0.080294415,9016016.121025015,4342589.365108197,2000 m,2000.0
8000001,riverine,1712,54.406197,7.0894523,9015224.835943442,4342726.495086119,2000 m,2000.0
8000002,aeolian,1591,46.79558,0.31606358,9015964.490337653,4343931.786895325,2000 m,2000.0
8000002,inland,1480,63.132866,25.044401,9015751.973895537,4344702.192643514,2000 m,2000.0
8000002,riverine,2655,50.639217,6.31477,9015445.28182464,4344171.716730851,2000 m,2000.0
8000003,inland,4532,50.00967,4.8020425,9015913.923932193,4346423.946856175,2000 m,2000.0
8000003,riverine,1841,49.19804,2.9750912,9015229.272269266,4345749.633379307,2000 m,2000.0
8000004,inland,1633,49.796116,8.75339,9015786.460624814,4347538.475131428,2000 m,2000.0
8000004,riverine,3550,46.179115,8.048289,9015600.396194262,4348427.264067689,2000 m,2000.0
8000005,inland,526,73.308136,48.147747,9016385.323791556,4351001.303918838,2000 m,2000.0
8000005,riverine,1450,46.87116,13.146798,9015354.999460515,4349569.631393093,2000 m,2000.0
8000006,inland,4838,75.65403,41.33408,9015662.724904913,4352158.152492881,2000 m,2000.0
8000007,inland,5287,42.602184,7.0026207,9015738.97030224,4354351.569189363,2000 m,2000.0
8000008,inland,5155,54.693047,12.302619,9015723.1683444,4356028.004629827,2000 m,2000.0
8000009,inland,5395,65.60275,36.23355,9015736.943980811,4358323.005930945,2000 m,2000.0
8000010,inland,5392,64.1799,35.252754,9015647.670183344,4360081.237445252,2000 m,2000.0
8000010,riverine,746,52.57683,15.741096,9016078.742537491,4360875.263886291,2000 m,2000.0
8000011,aeolian,2273,49.202595,3.5648293,9015630.59672173,4362090.894235232,2000 m,2000.0
8000011,inland,1615,62.17438,32.275986,9015350.659107046,4362137.969461558,2000 m,2000.0
8000011,riverine,1650,53.446396,18.599134,9015784.93894394,4362375.199423594,2000 m,2000.0
8000012,inland,2722,56.22403,30.694868,9015725.01300275,4364045.635352552,2000 m,2000.0
8000012,riverine,860,46.64131,23.282393,9015433.188638438,4363717.708549541,2000 m,2000.0
8000013,inland,1684,56.452076,29.05497,9016451.158311445,4366168.301037629,2000 m,2000.0
8000016,aeolian,931,35.359062,2.6331136,9016469.383279637,4371970.693028155,2000 m,2000.0
9000002,inland,3364,56.71198,4.230508,9017752.782360975,4344699.961793977,2000 m,2000.0
9000003,inland,6233,43.00787,4.251106,9017742.041071905,4346221.732321823,2000 m,2000.0
9000004,inland,866,46.284523,14.757505,9017460.652894873,4347468.607192284,2000 m,2000.0
9000004,riverine,549,55.159805,18.704138,9017049.966791913,4348143.946970096,2000 m,2000.0
9000005,inland,4013,73.67938,45.645935,9017803.495325936,4350502.311942512,2000 m,2000.0
9000006,inland,3429,60.12414,28.576427,9017867.356670797,4351832.546521548,2000 m,2000.0
9000007,inland,2589,47.688976,5.107322,9017188.147867037,4354363.443824303,2000 m,2000.0
9000008,inland,2871,56.677223,11.24944,9017358.102531083,4356057.926878229,2000 m,2000.0
9000009,inland,5567,66.801735,34.925198,9017726.999770064,4358216.080737631,2000 m,2000.0
9000010,inland,4466,64.3509,27.91568,9017754.86787597,4359968.606070281,2000 m,2000.0
9000012,inland,1664,64.00882,25.703983,9017371.057461195,4364328.3954137135,2000 m,2000.0
9000012,riverine,1233,53.306828,19.420692,9018295.294377126,4364097.471879217,2000 m,2000.0
9000013,inland,3133,50.849483,24.378277,9017289.362747254,4366167.304805732,2000 m,2000.0
9000013,riverine,1507,40.20447,11.834297,9018035.771494392,4366789.477754965,2000 m,2000.0
9000014,inland,3259,44.98796,15.675273,9017732.203442387,4368341.4705837285,2000 m,2000.0
9000014,riverine,2110,32.02214,4.3696685,9017942.180966396,4367882.489036224,2000 m,2000.0
9000015,inland,4356,62.291798,28.92562,9017892.145924833,4370120.606245474,2000 m,2000.0
9000015,riverine,1418,60.27848,7.1932297,9017262.704569817,4370762.632295261,2000 m,2000.0
9000016,inland,1157,59.56057,20.723545,9017542.028327765,4372162.670478129,2000 m,2000.0
9000016,riverine,1521,60.812336,10.859397,9017401.381982194,4371650.415397423,2000 m,2000.0
10000002,inland,4036,42.0231,4.0535183,9019742.716703076,4344594.587496364,2000 m,2000.0
10000003,inland,6277,49.657963,15.7309,9019711.825969512,4346195.2067143265,2000 m,2000.0
10000005,inland,4940,65.71507,40.382877,9019711.25019076,4350136.848931382,2000 m,2000.0
10000006,inland,1848,44.8271,16.159555,9019173.846966436,4351855.8227473395,2000 m,2000.0
10000008,inland,1596,60.139088,32.09452,9019874.568356192,4356951.072355352,2000 m,2000.0
10000009,inland,6480,66.46844,38.309963,9019728.016664233,4358211.445068154,2000 m,2000.0
10000010,inland,6561,63.55991,30.865068,9019728.016664233,4360221.551642241,2000 m,2000.0
10000011,inland,2246,60.949425,23.904083,9019678.098363554,4361581.60854134,2000 m,2000.0
10000012,aeolian,1280,40.723595,1.2120535,9019127.93040331,4364684.0311543625,2000 m,2000.0
10000012,riverine,1735,52.562576,19.863317,9019339.156911425,4364064.051321091,2000 m,2000.0
10000013,aeolian,1368,40.118473,1.4724311,9019215.067489257,4365816.643973992,2000 m,2000.0
10000013,inland,1614,59.53041,28.174898,9020316.906553447,4366557.4554621205,2000 m,2000.0
10000013,riverine,1949,49.851517,20.926483,9019817.212665169,4366134.790402917,2000 m,2000.0
10000014,inland,1473,54.046715,25.877216,9019751.003550459,4368919.884320885,2000 m,2000.0
10000014,riverine,2445,32.134987,8.753725,9019576.264839191,4368090.576708379,2000 m,2000.0
10000015,inland,5928,67.719,33.88471,9019756.188248646,4370211.941886744,2000 m,2000.0
10000016,inland,840,69.2135,32.513603,9020023.08199778,4371457.904704141,2000 m,2000.0
10000016,riverine,593,39.393353,12.613828,9019855.520832036,4371642.691153994,2000 m,2000.0
11000002,inland,4727,35.423645,4.247937,9021774.622512015,4344467.943207022,2000 m,2000.0
11000003,inland,5949,48.130325,15.623275,9021758.449095236,4346196.152117218,2000 m,2000.0
11000004,inland,2830,69.481415,34.17163,9022202.464342145,4348033.78441632,2000 m,2000.0
11000004,riverine,660,56.565067,38.142857,9022071.703318572,4348675.526720976,2000 m,2000.0
11000005,inland,5434,68.07871,41.10048,9021668.974803856,4350302.505567643,2000 m,2000.0
11000005,riverine,561,60.411125,37.911892,9022052.788674386,4349377.689766962,2000 m,2000.0
11000008,inland,2956,70.08435,40.750046,9021819.403319074,4356678.113492797,2000 m,2000.0
11000009,inland,1756,62.337055,39.26619,9021276.48611965,4357807.939188427,2000 m,2000.0
11000010,inland,1387,65.00232,37.911217,9020957.64483636,4360306.112095594,2000 m,2000.0
11000011,inland,506,64.240814,34.64709,9021016.304839008,4361517.291418731,2000 m,2000.0
11000013,inland,2331,57.1152,24.00809,9021297.82274904,4366577.0365296835,2000 m,2000.0
11000013,riverine,813,48.043835,23.405376,9021240.23820827,4365654.688823446,2000 m,2000.0
11000014,inland,1822,61.65825,20.95029,9021262.591756925,4368345.659857587,2000 m,2000.0
11000015,inland,4758,72.202126,31.773254,9021483.125266083,4370245.718260798,2000 m,2000.0
11000016,inland,1169,77.94789,40.26396,9021437.294521987,4371461.290856182,2000 m,2000.0
12000002,inland,3168,38.03542,3.9844878,9023334.249883128,4344412.400472607,2000 m,2000.0
12000003,inland,4931,39.71535,7.665209,9023550.138767252,4346284.75432451,2000 m,2000.0
12000004,inland,4965,50.058193,20.0,9023736.929068763,4348082.098689189,2000 m,2000.0
12000004,riverine,988,48.97302,28.846153,9023489.93412519,4349003.86093116,2000 m,2000.0
12000005,inland,3308,65.42487,37.014164,9023731.608128568,4350126.709378466,2000 m,2000.0
12000005,riverine,1203,53.913765,32.867832,9023663.252025876,4349436.471532274,2000 m,2000.0
12000008,inland,4934,59.692738,29.634605,9023848.338622972,4356264.391710326,2000 m,2000.0
12000009,inland,635,64.98357,31.734531,9024375.357110174,4357536.834937929,2000 m,2000.0
13000004,inland,2548,50.970524,27.04418,9025739.540085858,4348817.55772653,2000 m,2000.0
13000004,riverine,1062,52.29744,12.787194,9026439.634395532,4347842.106299576,2000 m,2000.0
13000005,inland,6140,71.255486,37.44067,9025767.474528547,4350197.603566906,2000 m,2000.0
13000006,inland,3422,60.97417,23.263756,9026111.342422465,4352030.442694162,2000 m,2000.0
13000007,inland,2899,58.480507,34.656284,9026106.486006182,4354507.434411685,2000 m,2000.0
13000008,inland,5362,72.611275,53.817875,9025624.711457359,4356179.208931676,2000 m,2000.0
13000009,inland,1161,64.558395,29.68869,9025332.519116022,4357501.233436114,2000 m,2000.0
14000004,inland,2603,59.97236,20.77493,9027799.859644294,4348800.8244787585,2000 m,2000.0
14000004,riverine,3784,48.588177,14.16566,9027686.629698774,4347829.462244981,2000 m,2000.0
14000005,inland,6400,74.11574,35.77902,9027730.98755858,4350220.9593078075,2000 m,2000.0
14000006,inland,6079,70.12786,32.811787,9027731.145702241,4352201.19932183,2000 m,2000.0
14000007,inland,6177,71.406815,38.74049,9027716.804591883,4354182.457763156,2000 m,2000.0
14000008,inland,3076,74.723076,46.249306,9027732.213342218,4356304.969976935,2000 m,2000.0
14000008,riverine,1554,45.758583,8.573267,9027899.769859148,4355822.269258279,2000 m,2000.0
15000003,riverine,970,46.66509,9.3991165,9029854.87617861,4347065.798619333,2000 m,2000.0
15000004,inland,3530,55.57812,23.302305,9029716.534141025,4348362.216414935,2000 m,2000.0
15000004,riverine,2870,40.926426,10.627177,9029743.46065284,4348052.522093621,2000 m,2000.0
15000005,inland,4037,58.861946,30.445522,9029580.553308796,4350482.874966309,2000 m,2000.0
15000005,riverine,2363,38.386444,10.596699,9029981.550522158,4349773.496966135,2000 m,2000.0
15000006,inland,6171,78.21158,47.30004,9029744.250316273,4352205.011181577,2000 m,2000.0
15000007,inland,6031,71.148674,36.56726,9029720.508463208,4354190.082981268,2000 m,2000.0
15000008,inland,3924,70.799164,44.447353,9029902.949068094,4356368.774195301,2000 m,2000.0
15000008,riverine,1626,51.344414,12.720084,9029265.75298541,4355674.981830021,2000 m,2000.0
15000009,inland,1371,66.239105,26.00813,9029825.166165557,4357527.968217576,2000 m,2000.0
16000003,inland,1035,60.11896,16.574188,9032124.102105169,4346884.798810618,2000 m,2000.0
16000003,riverine,678,49.191257,12.338811,9031301.88319995,4347056.916985918,2000 m,2000.0
16000004,inland,2882,57.571728,15.368297,9031690.923762104,4348063.283821647,2000 m,2000.0
16000004,riverine,3518,41.65044,5.5486073,9031755.154214224,4348354.456617233,2000 m,2000.0
16000005,inland,1218,70.119644,42.432556,9031196.873057755,4350807.535094381,2000 m,2000.0
16000005,riverine,5182,44.440933,15.3630705,9031850.6529185,4350083.087963144,2000 m,2000.0
16000006,inland,6287,74.338196,50.53512,9031712.708683161,4352234.715901982,2000 m,2000.0
16000007,inland,4600,62.225494,39.952797,9031664.353028983,4353948.537199967,2000 m,2000.0
16000008,inland,3607,71.720566,32.90744,9031750.712654663,4356391.291137172,2000 m,2000.0
16000009,inland,4041,62.725605,19.700216,9031840.320649898,4358113.328166284,2000 m,2000.0
17000004,inland,730,66.08329,22.156555,9032949.328894801,4347820.085142427,2000 m,2000.0
17000004,riverine,2464,29.44569,1.5653989,9033722.311505165,4348779.422898575,2000 m,2000.0
17000005,aeolian,1402,37.648636,14.210312,9034178.143338116,4349608.902774386,2000 m,2000.0
17000005,riverine,4211,54.71753,26.364285,9033513.05739486,4350333.959999368,2000 m,2000.0
17000006,inland,6026,73.52904,47.321606,9033718.278528282,4352226.752232876,2000 m,2000.0
17000007,inland,3123,59.163914,35.06244,9033643.276190149,4353736.36606617,2000 m,2000.0
17000008,inland,4605,72.19697,42.54692,9033717.391059225,4356399.940239084,2000 m,2000.0
17000009,inland,5862,66.65645,32.084614,9033761.196529055,4358240.960419054,2000 m,2000.0
17000010,inland,2222,30.94977,7.1261415,9034035.94651562,4359661.945685602,2000 m,2000.0
18000004,riverine,3117,27.682163,0.8955498,9035768.109319944,4348716.8271087445,2000 m,2000.0
18000005,aeolian,2264,43.425327,14.316002,9035648.966895854,4349714.208453754,2000 m,2000.0
18000005,inland,2176,63.932526,26.144958,9035837.087036807,4350863.828955765,2000 m,2000.0
18000005,riverine,1960,49.40208,19.8863,9035676.870814707,4350092.59174639,2000 m,2000.0
18000006,inland,6400,73.356346,43.21607,9035721.473318927,4352218.580747894,2000 m,2000.0
18000007,inland,3882,58.788837,32.191063,9035807.73073621,4353836.811062983,2000 m,2000.0
18000008,inland,890,68.690025,39.011234,9035136.83236993,4356837.855876247,2000 m,2000.0
18000009,inland,6084,71.29874,41.132713,9035764.678777711,4358207.028893208,2000 m,2000.0
18000010,inland,5350,62.699627,31.491589,9035777.037999403,4360157.389721828,2000 m,2000.0
19000004,inland,546,43.72926,4.5630565,9037768.257832458,4348301.587187409,2000 m,2000.0
19000004,riverine,3237,26.65,2.3381438,9037741.770107418,4348685.966659101,2000 m,2000.0
19000005,aeolian,1275,42.49734,15.692998,9038000.925850518,4350257.788005044,2000 m,2000.0
19000005,inland,1824,68.56689,43.3208,9037567.370263258,4350912.323603087,2000 m,2000.0
19000005,riverine,3301,32.51578,8.722032,9037694.07532205,4349824.714211301,2000 m,2000.0
19000006,inland,6400,72.53471,44.35223,9037719.094759012,4352218.580747894,2000 m,2000.0
19000007,inland,5103,57.606304,23.931581,9037706.34049612,4354016.579501671,2000 m,2000.0
19000008,inland,688,64.23777,29.57641,9037895.62874674,4357095.0781009365,2000 m,2000.0
19000009,inland,6400,61.691616,30.069643,9037719.094759012,4358211.445068154,2000 m,2000.0
19000010,inland,6039,66.06681,34.001846,9037713.915878292,4360179.533449919,2000 m,2000.0
19000011,inland,1801,74.88401,38.65789,9037974.96028418,4361716.994788602,2000 m,2000.0
20000004,riverine,3868,30.508427,2.8179939,9039675.077567091,4348592.423992961,2000 m,2000.0
20000005,aeolian,4897,50.304764,14.7565565,9039709.248574536,4350192.111178092,2000 m,2000.0
20000005,inland,507,66.90413,32.499294,9039258.213812599,4351082.285800779,2000 m,2000.0
20000005,riverine,1076,39.956394,14.1688795,9040041.933053901,4349946.402392639,2000 m,2000.0
20000006,inland,6463,68.59287,37.607037,9039728.003625676,4352221.151955283,2000 m,2000.0
20000007,inland,4418,60.05017,27.80185,9039703.106329171,4353899.77271213,2000 m,2000.0
20000009,inland,6476,61.749493,28.63937,9039729.733435785,4358212.054287169,2000 m,2000.0
20000010,inland,6520,65.45722,33.58282,9039727.619627474,4360216.278013554,2000 m,2000.0
20000011,inland,1812,81.840485,43.361717,9039572.944231078,4361731.150416218,2000 m,2000.0
21000003,inland,4972,59.835346,19.21963,9041960.760837097,4346202.026814971,2000 m,2000.0
21000004,inland,4652,51.252533,16.319248,9041978.801333169,4348173.99850756,2000 m,2000.0
21000004,riverine,1125,38.233875,3.7358727,9041091.512567857,4348709.170499846,2000 m,2000.0
21000005,aeolian,1636,54.32718,18.03877,9041196.097737163,4350660.610022826,2000 m,2000.0
21000005,inland,3498,57.164085,21.22519,9042189.136791717,4350186.609127813,2000 m,2000.0
21000005,riverine,1070,31.572569,2.9372497,9041121.5388095,4349659.525001667,2000 m,2000.0
21000006,inland,6128,72.015205,51.558186,9041739.540169796,4352230.939563633,2000 m,2000.0
21000007,inland,4352,65.82032,40.92174,9041834.994754488,4353968.444572504,2000 m,2000.0
21000008,inland,1801,52.384617,31.047829,9042272.647043407,4356409.544221203,2000 m,2000.0
21000009,inland,6196,59.919514,33.52716,9041712.971447958,4358211.989126608,2000 m,2000.0
21000010,inland,6315,64.51099,36.472343,9041716.344355103,4360219.625985784,2000 m,2000.0
21000011,inland,1160,79.09157,47.14532,9041903.831836784,4361465.6952453945,2000 m,2000.0
22000002,inland,785,54.89588,8.061874,9043773.58951781,4345087.374394742,2000 m,2000.0
22000003,inland,6311,62.395313,14.787785,9043723.688497668,4346236.781132827,2000 m,2000.0
22000004,inland,6400,58.36105,15.977678,9043736.929347273,4348223.337867721,2000 m,2000.0
22000005,inland,6323,53.506836,15.174533,9043726.805785354,4350217.158282511,2000 m,2000.0
22000006,inland,6400,79.029,62.026337,9043736.929347273,4352218.580747894,2000 m,2000.0
22000007,inland,6205,73.395805,54.87464,9043737.019892162,4354216.147861048,2000 m,2000.0
22000008,inland,6400,50.297848,29.565624,9043736.929347273,4356213.823628067,2000 m,2000.0
22000009,inland,5125,57.906902,30.417284,9043642.97536425,4358038.97481804,2000 m,2000.0
22000010,inland,572,75.477394,58.591408,9042883.924038285,4359949.454298795,2000 m,2000.0
23000002,riverine,1622,38.33121,2.150784,9045810.154354656,4344969.367105008,2000 m,2000.0
23000003,inland,2880,59.29963,15.301587,9045583.541357577,4346731.563769991,2000 m,2000.0
23000003,riverine,3520,40.72336,4.135552,9045858.103957182,4345811.841329343,2000 m,2000.0
23000004,inland,6400,62.07317,15.219196,9045734.55078736,4348223.337867721,2000 m,2000.0
23000005,inland,5969,49.223083,14.132542,9045680.717667278,4350188.143213431,2000 m,2000.0
23000006,inland,5841,67.902794,37.925014,9045704.555258268,4352192.462642714,2000 m,2000.0
23000006,riverine,559,26.704863,14.791719,9046047.974553782,4352491.489249419,2000 m,2000.0
23000007,inland,6209,71.621635,37.2717,9045735.160063507,4354222.936398605,2000 m,2000.0
23000008,inland,6400,48.875877,11.934822,9045734.55078736,4356213.823628067,2000 m,2000.0
23000009,inland,4619,59.157738,19.769278,9045762.351091148,4357968.394458889,2000 m,2000.0
24000002,riverine,2358,38.170956,1.1620017,9047784.273041086,4344855.867433536,2000 m,2000.0
24000003,inland,1085,51.2382,13.008558,9048088.073342197,4346772.933522008,2000 m,2000.0
24000003,riverine,5315,37.02037,3.6468217,9047659.518848425,4346114.007952113,2000 m,2000.0
24000004,inland,6400,65.824875,17.628572,9047732.172227448,4348223.337867721,2000 m,2000.0
24000005,inland,5863,46.026043,9.339441,9047766.190650722,4350212.196502688,2000 m,2000.0
24000005,riverine,537,38.783802,4.5703645,9047360.756928269,4350316.6321689105,2000 m,2000.0
24000006,inland,6310,66.43696,32.089653,9047718.515746484,4352227.682430366,2000 m,2000.0
24000007,inland,6205,74.84651,35.705765,9047732.44386211,4354230.1642097095,2000 m,2000.0
24000008,inland,6326,52.196194,9.634163,9047724.15142685,4356203.7581548765,2000 m,2000.0
24000009,inland,3165,55.2255,13.800046,9047900.490768574,4357813.13181841,2000 m,2000.0
25000003,inland,1089,52.15773,8.828546,9048940.61625805,4346457.61432059,2000 m,2000.0
25000004,inland,2373,62.890198,17.087471,9049196.016044375,4348420.874469512,2000 m,2000.0
25000005,inland,5813,48.121426,9.8582,9049785.269071989,4350157.936550715,2000 m,2000.0
25000006,inland,4604,50.373287,12.212982,9049749.530158684,4352449.121838667,2000 m,2000.0
25000006,riverine,1638,33.598297,4.388627,9049665.081342952,4351565.664643812,2000 m,2000.0
25000007,inland,6087,71.11807,27.167969,9049727.531288233,4354228.576561797,2000 m,2000.0
25000008,inland,6168,60.272556,15.104688,9049717.563580044,4356209.054663135,2000 m,2000.0
25000009,inland,5340,59.034107,14.122526,9049764.190913117,4358142.655253067,2000 m,2000.0
26000005,inland,2924,50.02421,8.271448,9051249.897161033,4350413.069823865,2000 m,2000.0
26000006,inland,4656,54.040764,7.7608,9051632.982874166,4352361.945267698,2000 m,2000.0
26000006,riverine,947,36.039352,2.2386484,9051541.034601426,4351941.811563022,2000 m,2000.0
26000007,inland,6162,58.798233,11.967821,9051728.0634755,4354212.802308907,2000 m,2000.0
26000008,inland,4464,62.08978,16.136713,9051517.95349123,4356168.895045498,2000 m,2000.0
26000009,inland,4907,65.397194,15.336109,9051649.356940512,4358045.856112398,2000 m,2000.0
27000007,inland,1709,61.16895,9.639722,9053031.399322458,4354435.024434159,2000 m,2000.0
27000009,inland,624,73.70522,20.627289,9053029.830672733,4357959.061285649,2000 m,2000.0
0,aeolian,8021,49.146366,1.7087289,9000070.426120697,4340531.447761341,4000 m,4000.0
0,inland,6051,41.911728,46.38808,9000668.03076506,4342284.819266259,4000 m,4000.0
0,riverine,5231,42.603104,20.845509,9001466.540306013,4341989.967048163,4000 m,4000.0
1,aeolian,2527,49.57347,1.9345355,9000665.563875107,4345001.3481996665,4000 m,4000.0
1,inland,1463,36.306274,46.274776,9000307.907028927,4343509.342122936,4000 m,4000.0
1,riverine,8751,52.661617,16.360905,9001686.580007596,4345033.682172785,4000 m,4000.0
2,aeolian,1490,60.68329,3.2866733,9001880.844402557,4348104.36878548,4000 m,4000.0
1000000,aeolian,6270,39.126907,5.484165,9005252.369984113,4341850.105079074,4000 m,4000.0
1000000,inland,2397,46.2451,6.3579473,9006133.408966187,4341363.155196147,4000 m,4000.0
1000000,riverine,5020,39.61729,12.032441,9003504.56991361,4342209.318457858,4000 m,4000.0
1000001,aeolian,4140,51.7557,2.6080055,9004871.105280327,4344628.427491969,4000 m,4000.0
1000001,riverine,17276,49.976833,19.913174,9004827.123419072,4345300.090735952,4000 m,4000.0
1000002,aeolian,1489,57.313393,1.8842944,9003677.550992703,4348019.743818918,4000 m,4000.0
1000002,inland,1331,52.428204,34.20844,9005786.633893559,4349135.277944654,4000 m,4000.0
1000002,riverine,6768,54.900845,22.869385,9005186.702108106,4348459.976168448,4000 m,4000.0
1000003,inland,2096,65.64541,30.57252,9005489.793533238,4353232.259261099,4000 m,4000.0
1000004,inland,1273,52.239014,27.03625,9005510.911136834,4358240.936661194,4000 m,4000.0
1000004,riverine,929,47.313763,7.058281,9006198.136326842,4358762.900938384,4000 m,4000.0
1000005,inland,835,50.566135,17.751925,9004970.648084618,4360170.444830248,4000 m,4000.0
2000000,aeolian,3715,37.19038,5.8281097,9007486.771270536,4341759.126971765,4000 m,4000.0
2000000,inland,11073,46.63079,10.62275,9009139.49324723,4341701.054480047,4000 m,4000.0
2000000,riverine,1640,39.992207,6.06446,9009153.717196701,4341647.813659739,4000 m,4000.0
2000001,aeolian,7344,42.992527,5.24432,9008272.005194632,4345090.86126815,4000 m,4000.0
2000001,inland,3496,42.382473,12.911082,9009407.853468558,4343923.8734129,4000 m,4000.0
2000001,riverine,13554,40.47107,15.796286,9008762.29602158,4345690.609516514,4000 m,4000.0
2000002,aeolian,7298,47.484756,6.682457,9008470.36738916,4348783.820818054,4000 m,4000.0
2000002,inland,4105,43.305763,24.42109,9008828.45514297,4349137.222303551,4000 m,4000.0
2000002,riverine,5551,35.356686,17.691536,9009165.390874617,4347981.801918309,4000 m,4000.0
2000003,inland,10690,64.14107,37.90218,9008690.99469805,4353963.287710168,4000 m,4000.0
2000004,inland,4733,60.789772,25.982916,9008972.647463871,4357561.439922536,4000 m,4000.0
2000005,inland,8085,56.421707,27.840975,9009868.568885494,4361199.277387683,4000 m,4000.0
2000006,inland,1213,51.464146,22.56978,9010396.238445397,4363749.770227162,4000 m,4000.0
3000000,aeolian,1582,56.464058,6.812353,9013890.214235783,4342743.81616832,4000 m,4000.0
3000000,inland,652,61.69073,19.868538,9011950.620736951,4342575.308352802,4000 m,4000.0
3000000,riverine,828,48.14212,5.4761906,9014067.486104084,4342813.8972246945,4000 m,4000.0
3000001,aeolian,11332,45.842194,6.6852403,9012617.52131318,4345370.504580261,4000 m,4000.0
3000001,inland,6399,55.832474,23.911327,9012763.614198249,4345014.759887149,4000 m,4000.0
3000001,riverine,3985,49.389046,7.4335904,9013135.226773344,4345812.397398085,4000 m,4000.0
3000002,aeolian,1060,43.057262,8.55256,9011908.907035688,4348757.984285223,4000 m,4000.0
3000002,inland,1681,44.284832,13.296507,9012033.341681385,4349025.30533588,4000 m,4000.0
3000002,riverine,14008,42.52148,10.89867,9012869.235928614,4348570.140807481,4000 m,4000.0
3000003,inland,10291,66.96482,34.539474,9013030.527825782,4353276.6409567315,4000 m,4000.0
3000004,inland,9610,66.951614,41.3373,9012958.161271067,4358260.749005232,4000 m,4000.0
3000005,inland,18417,65.62136,35.32373,9012780.922575342,4360866.9158588145,4000 m,4000.0
3000006,inland,7582,56.156155,24.748842,9012493.732844904,4364274.0232677385,4000 m,4000.0
3000006,riverine,2195,50.649933,16.411324,9013404.941879615,4364014.370399949,4000 m,4000.0
4000000,aeolian,1281,38.88066,0.080294415,9016016.121025015,4342589.365108197,4000 m,4000.0
4000000,riverine,1712,54.406197,7.0894523,9015224.835943442,4342726.495086119,4000 m,4000.0
4000001,aeolian,1591,46.79558,0.31606358,9015964.490337653,4343931.786895325,4000 m,4000.0
4000001,inland,15609,49.90247,6.378188,9017024.878370786,4345808.399083954,4000 m,4000.0
4000001,riverine,4496,50.04909,4.9472547,9015356.831292735,4344817.834290861,4000 m,4000.0
4000002,inland,7038,64.73926,33.47217,9017187.31495661,4349478.631344807,4000 m,4000.0
4000002,riverine,5658,47.70628,11.011462,9015730.49212472,4348714.525723497,4000 m,4000.0
4000003,inland,16143,57.04543,21.570251,9016400.636804178,4353161.038601761,4000 m,4000.0
4000004,inland,18988,61.642887,25.575401,9016561.779317388,4357326.111775753,4000 m,4000.0
4000005,aeolian,2509,48.51264,3.3741386,9015649.881252302,4361996.739646765,4000 m,4000.0
4000005,inland,11833,64.02974,31.799206,9016491.514991796,4360366.11457469,4000 m,4000.0
4000005,riverine,2396,53.17566,17.709278,9015876.415354954,4361908.191113566,4000 m,4000.0
4000006,inland,9203,55.843662,27.342014,9016688.063576283,4365207.459991502,4000 m,4000.0
4000006,riverine,3600,46.229717,17.16746,9017502.929955028,4365133.654210115,4000 m,4000.0
4000007,inland,7986,54.593952,23.120102,9017764.523758484,4369304.716444151,4000 m,4000.0
4000007,riverine,4122,42.74149,5.473071,9017506.892546345,4369123.149294427,4000 m,4000.0
4000008,aeolian,990,35.461384,2.773449,9016483.823956048,4371964.110228418,4000 m,4000.0
4000008,inland,1233,59.76477,20.892134,9017475.973912794,4372229.395069991,4000 m,4000.0
4000008,riverine,1875,55.53516,10.499048,9017244.560372442,4371837.94671344,4000 m,4000.0
5000001,inland,20989,44.551105,10.868823,9020762.417957315,4345498.687129739,4000 m,4000.0
5000002,inland,13223,67.45727,39.335358,9021047.730169008,4349750.668302086,4000 m,4000.0
5000002,riverine,1536,60.50165,37.589287,9021560.909116263,4349025.442700516,4000 m,4000.0
5000003,inland,2081,44.99175,17.280153,9019415.066371232,4351792.3403129745,4000 m,4000.0
5000004,inland,12788,65.94703,38.22959,9020442.3697934,4357644.300924333,4000 m,4000.0
5000005,inland,10700,63.23113,30.496128,9019937.85326123,4360579.27290122,4000 m,4000.0
5000006,aeolian,2648,40.41098,1.3465688,9019172.946843483,4365269.157414654,4000 m,4000.0
5000006,inland,3945,58.10333,25.712837,9020896.504944304,4366569.025416111,4000 m,4000.0
5000006,riverine,4497,50.570675,20.964453,9019890.037444754,4365249.076617932,4000 m,4000.0
5000007,inland,13981,67.01439,30.636885,9020539.6655722,4369844.09561939,4000 m,4000.0
5000007,riverine,2978,32.41406,9.253573,9019764.08017084,4368299.30756691,4000 m,4000.0
5000008,inland,2009,74.29588,37.023396,9020845.986149497,4371459.8750434825,4000 m,4000.0
5000008,riverine,593,39.393353,12.613828,9019855.520832036,4371642.691153994,4000 m,4000.0
6000001,inland,8099,39.058228,6.22546,9023465.691800354,4345552.365510727,4000 m,4000.0
6000002,inland,16961,60.865868,30.690239,9024771.809106758,4349357.183987018,4000 m,4000.0
6000002,riverine,3253,51.885487,25.090685,9024517.011629535,4348784.57016399,4000 m,4000.0
6000003,inland,6403,59.751114,28.334486,9026089.398150712,4353191.814784713,4000 m,4000.0
6000004,inland,12092,66.16626,40.473747,9024806.219985014,4356412.193946023,4000 m,4000.0
7000001,riverine,1211,44.56091,9.005544,9029524.217766989,4347084.943143357,4000 m,4000.0
7000002,inland,16570,64.22844,29.46461,9028615.414257962,4349665.70162172,4000 m,4000.0
7000002,riverine,9017,43.476063,12.104121,9028942.701867325,4348409.914259141,4000 m,4000.0
7000003,inland,24458,72.74219,38.890694,9028725.99934301,4353192.969447296,4000 m,4000.0
7000004,inland,8637,71.22511,41.287155,9029066.434323652,4356559.884597685,4000 m,4000.0
7000004,riverine,3279,48.804867,10.7619915,9028599.947554372,4355793.673548381,4000 m,4000.0
8000001,inland,1332,61.11842,17.03346,9032289.748649048,4346890.859129546,4000 m,4000.0
8000001,riverine,678,49.191257,12.338811,9031301.88319995,4347056.916985918,4000 m,4000.0
8000002,aeolian,1512,36.65221,13.361678,9034172.623084305,4349577.826274232,4000 m,4000.0
8000002,inland,5293,61.16719,23.722977,9031982.162712358,4348922.319026467,4000 m,4000.0
8000002,riverine,15375,44.21391,13.919257,9032584.06349189,4349547.339433097,4000 m,4000.0
8000003,inland,20036,68.94871,44.72735,9032605.715780476,4352859.852773786,4000 m,4000.0
8000004,inland,18115,68.19638,32.14542,9032921.240749251,4357376.184434403,4000 m,4000.0
8000005,inland,2593,31.152315,6.886673,9033749.876618244,4359609.573033884,4000 m,4000.0
9000002,aeolian,3599,42.98648,14.634224,9036470.855414415,4349897.2096188385,4000 m,4000.0
9000002,inland,4546,63.36545,30.444347,9036763.276183194,4350575.547000463,4000 m,4000.0
9000002,riverine,11615,32.433407,6.7265234,9036850.117608514,4349255.2462856565,4000 m,4000.0
9000003,inland,21785,66.82974,37.067966,9036788.648242757,4352928.112890364,4000 m,4000.0
9000004,inland,14062,66.4157,35.39793,9036718.70896944,4358067.978785789,4000 m,4000.0
9000005,inland,13480,65.55794,33.3546,9036952.526055317,4360401.834013378,4000 m,4000.0
10000001,inland,5154,59.673943,19.170685,9041971.680620447,4346165.6792601785,4000 m,4000.0
10000002,aeolian,6611,51.0554,15.4564905,9040075.060885409,4350296.106179236,4000 m,4000.0
10000002,inland,9155,54.89387,19.052197,9041822.168011691,4349094.426553376,4000 m,4000.0
10000002,riverine,7139,33.30935,4.6913333,9040170.376545807,4348974.833105948,4000 m,4000.0
10000003,inland,21361,67.24295,40.256676,9040729.189201212,4352927.127445094,4000 m,4000.0
10000004,inland,14701,59.85267,30.977873,9040879.520313496,4357974.635172257,4000 m,4000.0
10000005,inland,15807,67.95781,36.853474,9040664.099098563,4360482.958296163,4000 m,4000.0
11000001,inland,9976,60.911488,14.406862,9044264.541398365,4346289.175850713,4000 m,4000.0
11000001,riverine,5333,40.13083,3.6725512,9045800.740960546,4345534.417390767,4000 m,4000.0
11000002,inland,25092,55.910862,15.142903,9044706.291630736,4349193.16289527,4000 m,4000.0
11000002,riverine,508,34.866055,6.473566,9046190.30733245,4350653.859209944,4000 m,4000.0
11000003,inland,24655,73.10994,48.282528,9044706.32619555,4353219.894571461,4000 m,4000.0
11000003,riverine,559,26.704863,14.791719,9046047.974553782,4352491.489249419,4000 m,4000.0
11000004,inland,22544,53.439247,22.746883,9044697.658857942,4356988.232007954,4000 m,4000.0
11000005,inland,576,75.48983,58.53671,9042883.041554188,4359958.583507354,4000 m,4000.0
12000001,inland,2174,51.698814,10.914706,9048515.129108232,4346614.983839238,4000 m,4000.0
12000001,riverine,8149,37.290558,2.7603736,9047765.45723618,4345686.15303015,4000 m,4000.0
12000002,inland,20449,54.775204,12.980307,9048495.427318187,4349366.438003527,4000 m,4000.0
12000002,riverine,1007,37.188007,5.33409,9048161.663316734,4350627.389474314,4000 m,4000.0
12000003,inland,23206,66.726456,27.822115,9048652.157559542,4353331.894662318,4000 m,4000.0
12000003,riverine,1728,33.645412,4.3882275,9049614.277277255,4351566.434801778,4000 m,4000.0
12000004,inland,20999,56.7639,13.010279,9048855.028660724,4356940.938354522,4000 m,4000.0
13000002,inland,3094,49.650517,7.844676,9051237.024547003,4350342.291889943,4000 m,4000.0
13000003,inland,12598,57.382465,10.053977,9051875.702584222,4353552.391061201,4000 m,4000.0
13000003,riverine,1185,37.53747,2.835443,9051575.096472813,4352416.288376181,4000 m,4000.0
13000004,inland,10133,64.2345,15.910392,9051697.39189039,4357175.999542106,4000 m,4000.0
