community,seed,direction,lag_m,semivariance,n_pairs,metric,support_level,period_label,max_lag_m,n_subsample,estimator
aeolian,20260810,isotropic,125.0,63.36357306895621,158873,"veg_p05_temporal_mean residual (OLS, Stage 0)",pixel,1988-2022 (35 water years),20000.0,10000,gamma(h) = 0.5 * mean (z_i - z_j)^2 over pairs in the lag bin
aeolian,20260810,isotropic,375.0,106.09770454743024,366588,"veg_p05_temporal_mean residual (OLS, Stage 0)",pixel,1988-2022 (35 water years),20000.0,10000,gamma(h) = 0.5 * mean (z_i - z_j)^2 over pairs in the lag bin
aeolian,20260810,isotropic,625.0,127.89126355562762,484625,"veg_p05_temporal_mean residual (OLS, Stage 0)",pixel,1988-2022 (35 water years),20000.0,10000,gamma(h) = 0.5 * mean (z_i - z_j)^2 over pairs in the lag bin
aeolian,20260810,isotropic,875.0,140.22594837981404,536873,"veg_p05_temporal_mean residual (OLS, Stage 0)",pixel,1988-2022 (35 water years),20000.0,10000,gamma(h) = 0.5 * mean (z_i - z_j)^2 over pairs in the lag bin
aeolian,20260810,isotropic,1125.0,150.33560232481207,543442,"veg_p05_temporal_mean residual (OLS, Stage 0)",pixel,1988-2022 (35 water years),20000.0,10000,gamma(h) = 0.5 * mean (z_i - z_j)^2 over pairs in the lag bin
aeolian,20260810,isotropic,1375.0,154.09897083462383,540137,"veg_p05_temporal_mean residual (OLS, Stage 0)",pixel,1988-2022 (35 water years),20000.0,10000,gamma(h) = 0.5 * mean (z_i - z_j)^2 over pairs in the lag bin
aeolian,20260810,isotropic,1625.0,154.11271606325909,534608,"veg_p05_temporal_mean residual (OLS, Stage 0)",pixel,1988-2022 (35 water years),20000.0,10000,gamma(h) = 0.5 * mean (z_i - z_j)^2 over pairs in the lag bin
aeolian,20260810,isotropic,1875.0,153.84757967327644,533900,"veg_p05_temporal_mean residual (OLS, Stage 0)",pixel,1988-2022 (35 water years),20000.0,10000,gamma(h) = 0.5 * mean (z_i - z_j)^2 over pairs in the lag bin
aeolian,20260810,isotropic,2125.0,151.80754416616924,546291,"veg_p05_temporal_mean residual (OLS, Stage 0)",pixel,1988-2022 (35 water years),20000.0,10000,gamma(h) = 0.5 * mean (z_i - z_j)^2 over pairs in the lag bin
aeolian,20260810,isotropic,2375.0,151.44274570861586,568672,"veg_p05_temporal_mean residual (OLS, Stage 0)",pixel,1988-2022 (35 water years),20000.0,10000,gamma(h) = 0.5 * mean (z_i - z_j)^2 over pairs in the lag bin
aeolian,20260810,isotropic,2625.0,151.13678816534463,587462,"veg_p05_temporal_mean residual (OLS, Stage 0)",pixel,1988-2022 (35 water years),20000.0,10000,gamma(h) = 0.5 * mean (z_i - z_j)^2 over pairs in the lag bin
aeolian,20260810,isotropic,2875.0,147.71415876954265,582680,"veg_p05_temporal_mean residual (OLS, Stage 0)",pixel,1988-2022 (35 water years),20000.0,10000,gamma(h) = 0.5 * mean (z_i - z_j)^2 over pairs in the lag bin
aeolian,20260810,isotropic,3125.0,146.48717746572646,584144,"veg_p05_temporal_mean residual (OLS, Stage 0)",pixel,1988-2022 (35 water years),20000.0,10000,gamma(h) = 0.5 * mean (z_i - z_j)^2 over pairs in the lag bin
aeolian,20260810,isotropic,3375.0,146.58796824622772,588053,"veg_p05_temporal_mean residual (OLS, Stage 0)",pixel,1988-2022 (35 water years),20000.0,10000,gamma(h) = 0.5 * mean (z_i - z_j)^2 over pairs in the lag bin
aeolian,20260810,isotropic,3625.0,147.68514003049705,596163,"veg_p05_temporal_mean residual (OLS, Stage 0)",pixel,1988-2022 (35 water years),20000.0,10000,gamma(h) = 0.5 * mean (z_i - z_j)^2 over pairs in the lag bin
aeolian,20260810,isotropic,3875.0,150.4297594705702,621490,"veg_p05_temporal_mean residual (OLS, Stage 0)",pixel,1988-2022 (35 water years),20000.0,10000,gamma(h) = 0.5 * mean (z_i - z_j)^2 over pairs in the lag bin
aeolian,20260810,isotropic,4125.0,152.2674087317061,653293,"veg_p05_temporal_mean residual (OLS, Stage 0)",pixel,1988-2022 (35 water years),20000.0,10000,gamma(h) = 0.5 * mean (z_i - z_j)^2 over pairs in the lag bin
aeolian,20260810,isotropic,4375.0,150.75737093685856,682579,"veg_p05_temporal_mean residual (OLS, Stage 0)",pixel,1988-2022 (35 water years),20000.0,10000,gamma(h) = 0.5 * mean (z_i - z_j)^2 over pairs in the lag bin
aeolian,20260810,isotropic,4625.0,154.30761271267946,726999,"veg_p05_temporal_mean residual (OLS, Stage 0)",pixel,1988-2022 (35 water years),20000.0,10000,gamma(h) = 0.5 * mean (z_i - z_j)^2 over pairs in the lag bin
aeolian,20260810,isotropic,4875.0,155.13795694858558,744875,"veg_p05_temporal_mean residual (OLS, Stage 0)",pixel,1988-2022 (35 water years),20000.0,10000,gamma(h) = 0.5 * mean (z_i - z_j)^2 over pairs in the lag bin
aeolian,20260810,isotropic,5125.0,159.1973802811709,761681,"veg_p05_temporal_mean residual (OLS, Stage 0)",pixel,1988-2022 (35 water years),20000.0,10000,gamma(h) = 0.5 * mean (z_i - z_j)^2 over pairs in the lag bin
aeolian,20260810,isotropic,5375.0,163.33780396246877,791223,"veg_p05_temporal_mean residual (OLS, Stage 0)",pixel,1988-2022 (35 water years),20000.0,10000,gamma(h) = 0.5 * mean (z_i - z_j)^2 over pairs in the lag bin
aeolian,20260810,isotropic,5625.0,168.8763102004993,835830,"veg_p05_temporal_mean residual (OLS, Stage 0)",pixel,1988-2022 (35 water years),20000.0,10000,gamma(h) = 0.5 * mean (z_i - z_j)^2 over pairs in the lag bin
aeolian,20260810,isotropic,5875.0,169.79038285101652,865524,"veg_p05_temporal_mean residual (OLS, Stage 0)",pixel,1988-2022 (35 water years),20000.0,10000,gamma(h) = 0.5 * mean (z_i - z_j)^2 over pairs in the lag bin
aeolian,20260810,isotropic,6125.0,172.05493951520245,880080,"veg_p05_temporal_mean residual (OLS, Stage 0)",pixel,1988-2022 (35 water years),20000.0,10000,gamma(h) = 0.5 * mean (z_i - z_j)^2 over pairs in the lag bin
aeolian,20260810,isotropic,6375.0,176.50318145243205,899513,"veg_p05_temporal_mean residual (OLS, Stage 0)",pixel,1988-2022 (35 water years),20000.0,10000,gamma(h) = 0.5 * mean (z_i - z_j)^2 over pairs in the lag bin
aeolian,20260810,isotropic,6625.0,178.45943156230288,890789,"veg_p05_temporal_mean residual (OLS, Stage 0)",pixel,1988-2022 (35 water years),20000.0,10000,gamma(h) = 0.5 * mean (z_i - z_j)^2 over pairs in the lag bin
aeolian,20260810,isotropic,6875.0,176.80310854422427,858780,"veg_p05_temporal_mean residual (OLS, Stage 0)",pixel,1988-2022 (35 water years),20000.0,10000,gamma(h) = 0.5 * mean (z_i - z_j)^2 over pairs in the lag bin
aeolian,20260810,isotropic,7125.0,174.24251247386312,808449,"veg_p05_temporal_mean residual (OLS, Stage 0)",pixel,1988-2022 (35 water years),20000.0,10000,gamma(h) = 0.5 * mean (z_i - z_j)^2 over pairs in the lag bin
aeolian,20260810,isotropic,7375.0,173.80399483430074,748160,"veg_p05_temporal_mean residual (OLS, Stage 0)",pixel,1988-2022 (35 water years),20000.0,10000,gamma(h) = 0.5 * mean (z_i - z_j)^2 over pairs in the lag bin
aeolian,20260810,isotropic,7625.0,182.18723890639356,722310,"veg_p05_temporal_mean residual (OLS, Stage 0)",pixel,1988-2022 (35 water years),20000.0,10000,gamma(h) = 0.5 * mean (z_i - z_j)^2 over pairs in the lag bin
aeolian,20260810,isotropic,7875.0,184.10349159333364,715816,"veg_p05_temporal_mean residual (OLS, Stage 0)",pixel,1988-2022 (35 water years),20000.0,10000,gamma(h) = 0.5 * mean (z_i - z_j)^2 over pairs in the lag bin
aeolian,20260810,isotropic,8125.0,179.21434194889858,712497,"veg_p05_temporal_mean residual (OLS, Stage 0)",pixel,1988-2022 (35 water years),20000.0,10000,gamma(h) = 0.5 * mean (z_i - z_j)^2 over pairs in the lag bin
aeolian,20260810,isotropic,8375.0,172.53041743014896,705590,"veg_p05_temporal_mean residual (OLS, Stage 0)",pixel,1988-2022 (35 water years),20000.0,10000,gamma(h) = 0.5 * mean (z_i - z_j)^2 over pairs in the lag bin
aeolian,20260810,isotropic,8625.0,168.6199124768034,677798,"veg_p05_temporal_mean residual (OLS, Stage 0)",pixel,1988-2022 (35 water years),20000.0,10000,gamma(h) = 0.5 * mean (z_i - z_j)^2 over pairs in the lag bin
aeolian,20260810,isotropic,8875.0,175.59401045820616,619631,"veg_p05_temporal_mean residual (OLS, Stage 0)",pixel,1988-2022 (35 water years),20000.0,10000,gamma(h) = 0.5 * mean (z_i - z_j)^2 over pairs in the lag bin
aeolian,20260810,isotropic,9125.0,171.71321873512042,546404,"veg_p05_temporal_mean residual (OLS, Stage 0)",pixel,1988-2022 (35 water years),20000.0,10000,gamma(h) = 0.5 * mean (z_i - z_j)^2 over pairs in the lag bin
aeolian,20260810,isotropic,9375.0,176.96730708983856,470998,"veg_p05_temporal_mean residual (OLS, Stage 0)",pixel,1988-2022 (35 water years),20000.0,10000,gamma(h) = 0.5 * mean (z_i - z_j)^2 over pairs in the lag bin
aeolian,20260810,isotropic,9625.0,182.2564883469912,394500,"veg_p05_temporal_mean residual (OLS, Stage 0)",pixel,1988-2022 (35 water years),20000.0,10000,gamma(h) = 0.5 * mean (z_i - z_j)^2 over pairs in the lag bin
aeolian,20260810,isotropic,9875.0,174.71873283819954,335348,"veg_p05_temporal_mean residual (OLS, Stage 0)",pixel,1988-2022 (35 water years),20000.0,10000,gamma(h) = 0.5 * mean (z_i - z_j)^2 over pairs in the lag bin
aeolian,20260810,isotropic,10125.0,170.53707587404114,303853,"veg_p05_temporal_mean residual (OLS, Stage 0)",pixel,1988-2022 (35 water years),20000.0,10000,gamma(h) = 0.5 * mean (z_i - z_j)^2 over pairs in the lag bin
aeolian,20260810,isotropic,10375.0,168.83297372215884,290471,"veg_p05_temporal_mean residual (OLS, Stage 0)",pixel,1988-2022 (35 water years),20000.0,10000,gamma(h) = 0.5 * mean (z_i - z_j)^2 over pairs in the lag bin
aeolian,20260810,isotropic,10625.0,162.18277211792127,290013,"veg_p05_temporal_mean residual (OLS, Stage 0)",pixel,1988-2022 (35 water years),20000.0,10000,gamma(h) = 0.5 * mean (z_i - z_j)^2 over pairs in the lag bin
aeolian,20260810,isotropic,10875.0,147.31503064472213,285151,"veg_p05_temporal_mean residual (OLS, Stage 0)",pixel,1988-2022 (35 water years),20000.0,10000,gamma(h) = 0.5 * mean (z_i - z_j)^2 over pairs in the lag bin
aeolian,20260810,isotropic,11125.0,140.50945159292613,283413,"veg_p05_temporal_mean residual (OLS, Stage 0)",pixel,1988-2022 (35 water years),20000.0,10000,gamma(h) = 0.5 * mean (z_i - z_j)^2 over pairs in the lag bin
aeolian,20260810,isotropic,11375.0,142.88171785618925,278057,"veg_p05_temporal_mean residual (OLS, Stage 0)",pixel,1988-2022 (35 water years),20000.0,10000,gamma(h) = 0.5 * mean (z_i - z_j)^2 over pairs in the lag bin
aeolian,20260810,isotropic,11625.0,152.91241187510175,277889,"veg_p05_temporal_mean residual (OLS, Stage 0)",pixel,1988-2022 (35 water years),20000.0,10000,gamma(h) = 0.5 * mean (z_i - z_j)^2 over pairs in the lag bin
aeolian,20260810,isotropic,11875.0,156.9097864044761,277509,"veg_p05_temporal_mean residual (OLS, Stage 0)",pixel,1988-2022 (35 water years),20000.0,10000,gamma(h) = 0.5 * mean (z_i - z_j)^2 over pairs in the lag bin
aeolian,20260810,isotropic,12125.0,152.67940265270428,276255,"veg_p05_temporal_mean residual (OLS, Stage 0)",pixel,1988-2022 (35 water years),20000.0,10000,gamma(h) = 0.5 * mean (z_i - z_j)^2 over pairs in the lag bin
aeolian,20260810,isotropic,12375.0,147.38434055490424,267741,"veg_p05_temporal_mean residual (OLS, Stage 0)",pixel,1988-2022 (35 water years),20000.0,10000,gamma(h) = 0.5 * mean (z_i - z_j)^2 over pairs in the lag bin
aeolian,20260810,isotropic,12625.0,147.29928118270146,263197,"veg_p05_temporal_mean residual (OLS, Stage 0)",pixel,1988-2022 (35 water years),20000.0,10000,gamma(h) = 0.5 * mean (z_i - z_j)^2 over pairs in the lag bin
aeolian,20260810,isotropic,12875.0,153.38584522345823,257651,"veg_p05_temporal_mean residual (OLS, Stage 0)",pixel,1988-2022 (35 water years),20000.0,10000,gamma(h) = 0.5 * mean (z_i - z_j)^2 over pairs in the lag bin
aeolian,20260810,isotropic,13125.0,159.59216611357184,250158,"veg_p05_temporal_mean residual (OLS, Stage 0)",pixel,1988-2022 (35 water years),20000.0,10000,gamma(h) = 0.5 * mean (z_i - z_j)^2 over pairs in the lag bin
aeolian,20260810,isotropic,13375.0,161.77124458200336,241384,"veg_p05_temporal_mean residual (OLS, Stage 0)",pixel,1988-2022 (35 water years),20000.0,10000,gamma(h) = 0.5 * mean (z_i - z_j)^2 over pairs in the lag bin
aeolian,20260810,isotropic,13625.0,164.88370623683315,235554,"veg_p05_temporal_mean residual (OLS, Stage 0)",pixel,1988-2022 (35 water years),20000.0,10000,gamma(h) = 0.5 * mean (z_i - z_j)^2 over pairs in the lag bin
aeolian,20260810,isotropic,13875.0,167.09902070985106,242865,"veg_p05_temporal_mean residual (OLS, Stage 0)",pixel,1988-2022 (35 water years),20000.0,10000,gamma(h) = 0.5 * mean (z_i - z_j)^2 over pairs in the lag bin
aeolian,20260810,isotropic,14125.0,170.4868795053817,261734,"veg_p05_temporal_mean residual (OLS, Stage 0)",pixel,1988-2022 (35 water years),20000.0,10000,gamma(h) = 0.5 * mean (z_i - z_j)^2 over pairs in the lag bin
aeolian,20260810,isotropic,14375.0,163.02304994300619,258127,"veg_p05_temporal_mean residual (OLS, Stage 0)",pixel,1988-2022 (35 water years),20000.0,10000,gamma(h) = 0.5 * mean (z_i - z_j)^2 over pairs in the lag bin
aeolian,20260810,isotropic,14625.0,169.99447713993274,237357,"veg_p05_temporal_mean residual (OLS, Stage 0)",pixel,1988-2022 (35 water years),20000.0,10000,gamma(h) = 0.5 * mean (z_i - z_j)^2 over pairs in the lag bin
aeolian,20260810,isotropic,14875.0,172.09936559191556,209918,"veg_p05_temporal_mean residual (OLS, Stage 0)",pixel,1988-2022 (35 water years),20000.0,10000,gamma(h) = 0.5 * mean (z_i - z_j)^2 over pairs in the lag bin
aeolian,20260810,isotropic,15125.0,168.30302088268112,177288,"veg_p05_temporal_mean residual (OLS, Stage 0)",pixel,1988-2022 (35 water years),20000.0,10000,gamma(h) = 0.5 * mean (z_i - z_j)^2 over pairs in the lag bin
aeolian,20260810,isotropic,15375.0,154.47512316584505,144402,"veg_p05_temporal_mean residual (OLS, Stage 0)",pixel,1988-2022 (35 water years),20000.0,10000,gamma(h) = 0.5 * mean (z_i - z_j)^2 over pairs in the lag bin
aeolian,20260810,isotropic,15625.0,136.9762098074848,116870,"veg_p05_temporal_mean residual (OLS, Stage 0)",pixel,1988-2022 (35 water years),20000.0,10000,gamma(h) = 0.5 * mean (z_i - z_j)^2 over pairs in the lag bin
aeolian,20260810,isotropic,15875.0,112.42629399069499,110023,"veg_p05_temporal_mean residual (OLS, Stage 0)",pixel,1988-2022 (35 water years),20000.0,10000,gamma(h) = 0.5 * mean (z_i - z_j)^2 over pairs in the lag bin
aeolian,20260810,isotropic,16125.0,103.95040570782909,114982,"veg_p05_temporal_mean residual (OLS, Stage 0)",pixel,1988-2022 (35 water years),20000.0,10000,gamma(h) = 0.5 * mean (z_i - z_j)^2 over pairs in the lag bin
aeolian,20260810,isotropic,16375.0,107.06354255749585,119618,"veg_p05_temporal_mean residual (OLS, Stage 0)",pixel,1988-2022 (35 water years),20000.0,10000,gamma(h) = 0.5 * mean (z_i - z_j)^2 over pairs in the lag bin
aeolian,20260810,isotropic,16625.0,114.60182098026394,122344,"veg_p05_temporal_mean residual (OLS, Stage 0)",pixel,1988-2022 (35 water years),20000.0,10000,gamma(h) = 0.5 * mean (z_i - z_j)^2 over pairs in the lag bin
aeolian,20260810,isotropic,16875.0,123.89571671488582,124137,"veg_p05_temporal_mean residual (OLS, Stage 0)",pixel,1988-2022 (35 water years),20000.0,10000,gamma(h) = 0.5 * mean (z_i - z_j)^2 over pairs in the lag bin
aeolian,20260810,isotropic,17125.0,119.95718809687601,115862,"veg_p05_temporal_mean residual (OLS, Stage 0)",pixel,1988-2022 (35 water years),20000.0,10000,gamma(h) = 0.5 * mean (z_i - z_j)^2 over pairs in the lag bin
aeolian,20260810,isotropic,17375.0,119.66792716090178,96186,"veg_p05_temporal_mean residual (OLS, Stage 0)",pixel,1988-2022 (35 water years),20000.0,10000,gamma(h) = 0.5 * mean (z_i - z_j)^2 over pairs in the lag bin
aeolian,20260810,isotropic,17625.0,127.91534506800674,82141,"veg_p05_temporal_mean residual (OLS, Stage 0)",pixel,1988-2022 (35 water years),20000.0,10000,gamma(h) = 0.5 * mean (z_i - z_j)^2 over pairs in the lag bin
aeolian,20260810,isotropic,17875.0,128.03280935478665,77128,"veg_p05_temporal_mean residual (OLS, Stage 0)",pixel,1988-2022 (35 water years),20000.0,10000,gamma(h) = 0.5 * mean (z_i - z_j)^2 over pairs in the lag bin
aeolian,20260810,isotropic,18125.0,134.71633830693023,81554,"veg_p05_temporal_mean residual (OLS, Stage 0)",pixel,1988-2022 (35 water years),20000.0,10000,gamma(h) = 0.5 * mean (z_i - z_j)^2 over pairs in the lag bin
aeolian,20260810,isotropic,18375.0,139.65544487842268,89797,"veg_p05_temporal_mean residual (OLS, Stage 0)",pixel,1988-2022 (35 water years),20000.0,10000,gamma(h) = 0.5 * mean (z_i - z_j)^2 over pairs in the lag bin
aeolian,20260810,isotropic,18625.0,136.0697736530427,102345,"veg_p05_temporal_mean residual (OLS, Stage 0)",pixel,1988-2022 (35 water years),20000.0,10000,gamma(h) = 0.5 * mean (z_i - z_j)^2 over pairs in the lag bin
aeolian,20260810,isotropic,18875.0,136.84795931773124,116119,"veg_p05_temporal_mean residual (OLS, Stage 0)",pixel,1988-2022 (35 water years),20000.0,10000,gamma(h) = 0.5 * mean (z_i - z_j)^2 over pairs in the lag bin
aeolian,20260810,isotropic,19125.0,128.23352728795575,123637,"veg_p05_temporal_mean residual (OLS, Stage 0)",pixel,1988-2022 (35 water years),20000.0,10000,gamma(h) = 0.5 * mean (z_i - z_j)^2 over pairs in the lag bin
aeolian,20260810,isotropic,19375.0,121.62792021099919,129166,"veg_p05_temporal_mean residual (OLS, Stage 0)",pixel,1988-2022 (35 water years),20000.0,10000,gamma(h) = 0.5 * mean (z_i - z_j)^2 over pairs in the lag bin
aeolian,20260810,isotropic,19625.0,116.22819649635306,130887,"veg_p05_temporal_mean residual (OLS, Stage 0)",pixel,1988-2022 (35 water years),20000.0,10000,gamma(h) = 0.5 * mean (z_i - z_j)^2 over pairs in the lag bin
aeolian,20260810,isotropic,19875.0,111.47427416612872,130254,"veg_p05_temporal_mean residual (OLS, Stage 0)",pixel,1988-2022 (35 water years),20000.0,10000,gamma(h) = 0.5 * mean (z_i - z_j)^2 over pairs in the lag bin
aeolian,20261810,isotropic,125.0,63.171218106850326,157679,"veg_p05_temporal_mean residual (OLS, Stage 0)",pixel,1988-2022 (35 water years),20000.0,10000,gamma(h) = 0.5 * mean (z_i - z_j)^2 over pairs in the lag bin
aeolian,20261810,isotropic,375.0,108.59916301032803,364539,"veg_p05_temporal_mean residual (OLS, Stage 0)",pixel,1988-2022 (35 water years),20000.0,10000,gamma(h) = 0.5 * mean (z_i - z_j)^2 over pairs in the lag bin
aeolian,20261810,isotropic,625.0,128.58116971301206,488066,"veg_p05_temporal_mean residual (OLS, Stage 0)",pixel,1988-2022 (35 water years),20000.0,10000,gamma(h) = 0.5 * mean (z_i - z_j)^2 over pairs in the lag bin
aeolian,20261810,isotropic,875.0,139.8121481987777,540958,"veg_p05_temporal_mean residual (OLS, Stage 0)",pixel,1988-2022 (35 water years),20000.0,10000,gamma(h) = 0.5 * mean (z_i - z_j)^2 over pairs in the lag bin
aeolian,20261810,isotropic,1125.0,147.8460545442906,550615,"veg_p05_temporal_mean residual (OLS, Stage 0)",pixel,1988-2022 (35 water years),20000.0,10000,gamma(h) = 0.5 * mean (z_i - z_j)^2 over pairs in the lag bin
aeolian,20261810,isotropic,1375.0,152.45912045485022,545456,"veg_p05_temporal_mean residual (OLS, Stage 0)",pixel,1988-2022 (35 water years),20000.0,10000,gamma(h) = 0.5 * mean (z_i - z_j)^2 over pairs in the lag bin
aeolian,20261810,isotropic,1625.0,155.47473059378794,533645,"veg_p05_temporal_mean residual (OLS, Stage 0)",pixel,1988-2022 (35 water years),20000.0,10000,gamma(h) = 0.5 * mean (z_i - z_j)^2 over pairs in the lag bin
aeolian,20261810,isotropic,1875.0,157.73887207226085,529329,"veg_p05_temporal_mean residual (OLS, Stage 0)",pixel,1988-2022 (35 water years),20000.0,10000,gamma(h) = 0.5 * mean (z_i - z_j)^2 over pairs in the lag bin
aeolian,20261810,isotropic,2125.0,153.335091714349,536412,"veg_p05_temporal_mean residual (OLS, Stage 0)",pixel,1988-2022 (35 water years),20000.0,10000,gamma(h) = 0.5 * mean (z_i - z_j)^2 over pairs in the lag bin
aeolian,20261810,isotropic,2375.0,153.40214203897617,551091,"veg_p05_temporal_mean residual (OLS, Stage 0)",pixel,1988-2022 (35 water years),20000.0,10000,gamma(h) = 0.5 * mean (z_i - z_j)^2 over pairs in the lag bin
aeolian,20261810,isotropic,2625.0,154.8843479808625,573418,"veg_p05_temporal_mean residual (OLS, Stage 0)",pixel,1988-2022 (35 water years),20000.0,10000,gamma(h) = 0.5 * mean (z_i - z_j)^2 over pairs in the lag bin
aeolian,20261810,isotropic,2875.0,151.4634712474937,568207,"veg_p05_temporal_mean residual (OLS, Stage 0)",pixel,1988-2022 (35 water years),20000.0,10000,gamma(h) = 0.5 * mean (z_i - z_j)^2 over pairs in the lag bin
aeolian,20261810,isotropic,3125.0,149.81013976464166,573301,"veg_p05_temporal_mean residual (OLS, Stage 0)",pixel,1988-2022 (35 water years),20000.0,10000,gamma(h) = 0.5 * mean (z_i - z_j)^2 over pairs in the lag bin
aeolian,20261810,isotropic,3375.0,150.24690376639177,580909,"veg_p05_temporal_mean residual (OLS, Stage 0)",pixel,1988-2022 (35 water years),20000.0,10000,gamma(h) = 0.5 * mean (z_i - z_j)^2 over pairs in the lag bin
aeolian,20261810,isotropic,3625.0,147.16426099007532,590459,"veg_p05_temporal_mean residual (OLS, Stage 0)",pixel,1988-2022 (35 water years),20000.0,10000,gamma(h) = 0.5 * mean (z_i - z_j)^2 over pairs in the lag bin
aeolian,20261810,isotropic,3875.0,151.19720211362645,615840,"veg_p05_temporal_mean residual (OLS, Stage 0)",pixel,1988-2022 (35 water years),20000.0,10000,gamma(h) = 0.5 * mean (z_i - z_j)^2 over pairs in the lag bin
aeolian,20261810,isotropic,4125.0,153.50109031601383,644153,"veg_p05_temporal_mean residual (OLS, Stage 0)",pixel,1988-2022 (35 water years),20000.0,10000,gamma(h) = 0.5 * mean (z_i - z_j)^2 over pairs in the lag bin
aeolian,20261810,isotropic,4375.0,149.6400259376431,668324,"veg_p05_temporal_mean residual (OLS, Stage 0)",pixel,1988-2022 (35 water years),20000.0,10000,gamma(h) = 0.5 * mean (z_i - z_j)^2 over pairs in the lag bin
aeolian,20261810,isotropic,4625.0,150.53945301321528,705135,"veg_p05_temporal_mean residual (OLS, Stage 0)",pixel,1988-2022 (35 water years),20000.0,10000,gamma(h) = 0.5 * mean (z_i - z_j)^2 over pairs in the lag bin
aeolian,20261810,isotropic,4875.0,152.1233296966545,724858,"veg_p05_temporal_mean residual (OLS, Stage 0)",pixel,1988-2022 (35 water years),20000.0,10000,gamma(h) = 0.5 * mean (z_i - z_j)^2 over pairs in the lag bin
aeolian,20261810,isotropic,5125.0,156.8981925884393,745972,"veg_p05_temporal_mean residual (OLS, Stage 0)",pixel,1988-2022 (35 water years),20000.0,10000,gamma(h) = 0.5 * mean (z_i - z_j)^2 over pairs in the lag bin
aeolian,20261810,isotropic,5375.0,161.7059926762033,781849,"veg_p05_temporal_mean residual (OLS, Stage 0)",pixel,1988-2022 (35 water years),20000.0,10000,gamma(h) = 0.5 * mean (z_i - z_j)^2 over pairs in the lag bin
aeolian,20261810,isotropic,5625.0,167.167246760196,823131,"veg_p05_temporal_mean residual (OLS, Stage 0)",pixel,1988-2022 (35 water years),20000.0,10000,gamma(h) = 0.5 * mean (z_i - z_j)^2 over pairs in the lag bin
aeolian,20261810,isotropic,5875.0,168.23985039628118,847353,"veg_p05_temporal_mean residual (OLS, Stage 0)",pixel,1988-2022 (35 water years),20000.0,10000,gamma(h) = 0.5 * mean (z_i - z_j)^2 over pairs in the lag bin
aeolian,20261810,isotropic,6125.0,170.25704745456525,864140,"veg_p05_temporal_mean residual (OLS, Stage 0)",pixel,1988-2022 (35 water years),20000.0,10000,gamma(h) = 0.5 * mean (z_i - z_j)^2 over pairs in the lag bin
aeolian,20261810,isotropic,6375.0,176.02702312701484,880906,"veg_p05_temporal_mean residual (OLS, Stage 0)",pixel,1988-2022 (35 water years),20000.0,10000,gamma(h) = 0.5 * mean (z_i - z_j)^2 over pairs in the lag bin
aeolian,20261810,isotropic,6625.0,176.96795465734766,877479,"veg_p05_temporal_mean residual (OLS, Stage 0)",pixel,1988-2022 (35 water years),20000.0,10000,gamma(h) = 0.5 * mean (z_i - z_j)^2 over pairs in the lag bin
aeolian,20261810,isotropic,6875.0,175.2904528147509,848552,"veg_p05_temporal_mean residual (OLS, Stage 0)",pixel,1988-2022 (35 water years),20000.0,10000,gamma(h) = 0.5 * mean (z_i - z_j)^2 over pairs in the lag bin
aeolian,20261810,isotropic,7125.0,170.3361155964316,798029,"veg_p05_temporal_mean residual (OLS, Stage 0)",pixel,1988-2022 (35 water years),20000.0,10000,gamma(h) = 0.5 * mean (z_i - z_j)^2 over pairs in the lag bin
aeolian,20261810,isotropic,7375.0,171.3823877307135,747723,"veg_p05_temporal_mean residual (OLS, Stage 0)",pixel,1988-2022 (35 water years),20000.0,10000,gamma(h) = 0.5 * mean (z_i - z_j)^2 over pairs in the lag bin
aeolian,20261810,isotropic,7625.0,176.91636376329856,721785,"veg_p05_temporal_mean residual (OLS, Stage 0)",pixel,1988-2022 (35 water years),20000.0,10000,gamma(h) = 0.5 * mean (z_i - z_j)^2 over pairs in the lag bin
aeolian,20261810,isotropic,7875.0,180.03585640165926,715282,"veg_p05_temporal_mean residual (OLS, Stage 0)",pixel,1988-2022 (35 water years),20000.0,10000,gamma(h) = 0.5 * mean (z_i - z_j)^2 over pairs in the lag bin
aeolian,20261810,isotropic,8125.0,178.9531925706166,702841,"veg_p05_temporal_mean residual (OLS, Stage 0)",pixel,1988-2022 (35 water years),20000.0,10000,gamma(h) = 0.5 * mean (z_i - z_j)^2 over pairs in the lag bin
aeolian,20261810,isotropic,8375.0,173.56414596130438,690415,"veg_p05_temporal_mean residual (OLS, Stage 0)",pixel,1988-2022 (35 water years),20000.0,10000,gamma(h) = 0.5 * mean (z_i - z_j)^2 over pairs in the lag bin
aeolian,20261810,isotropic,8625.0,170.32080769811782,656030,"veg_p05_temporal_mean residual (OLS, Stage 0)",pixel,1988-2022 (35 water years),20000.0,10000,gamma(h) = 0.5 * mean (z_i - z_j)^2 over pairs in the lag bin
aeolian,20261810,isotropic,8875.0,176.52328567359586,597841,"veg_p05_temporal_mean residual (OLS, Stage 0)",pixel,1988-2022 (35 water years),20000.0,10000,gamma(h) = 0.5 * mean (z_i - z_j)^2 over pairs in the lag bin
aeolian,20261810,isotropic,9125.0,174.27166230752124,526536,"veg_p05_temporal_mean residual (OLS, Stage 0)",pixel,1988-2022 (35 water years),20000.0,10000,gamma(h) = 0.5 * mean (z_i - z_j)^2 over pairs in the lag bin
aeolian,20261810,isotropic,9375.0,181.7113378479419,451050,"veg_p05_temporal_mean residual (OLS, Stage 0)",pixel,1988-2022 (35 water years),20000.0,10000,gamma(h) = 0.5 * mean (z_i - z_j)^2 over pairs in the lag bin
aeolian,20261810,isotropic,9625.0,188.22412814796343,379128,"veg_p05_temporal_mean residual (OLS, Stage 0)",pixel,1988-2022 (35 water years),20000.0,10000,gamma(h) = 0.5 * mean (z_i - z_j)^2 over pairs in the lag bin
aeolian,20261810,isotropic,9875.0,176.9577822687636,322518,"veg_p05_temporal_mean residual (OLS, Stage 0)",pixel,1988-2022 (35 water years),20000.0,10000,gamma(h) = 0.5 * mean (z_i - z_j)^2 over pairs in the lag bin
aeolian,20261810,isotropic,10125.0,167.40540795906793,292817,"veg_p05_temporal_mean residual (OLS, Stage 0)",pixel,1988-2022 (35 water years),20000.0,10000,gamma(h) = 0.5 * mean (z_i - z_j)^2 over pairs in the lag bin
aeolian,20261810,isotropic,10375.0,168.80771301868532,282669,"veg_p05_temporal_mean residual (OLS, Stage 0)",pixel,1988-2022 (35 water years),20000.0,10000,gamma(h) = 0.5 * mean (z_i - z_j)^2 over pairs in the lag bin
aeolian,20261810,isotropic,10625.0,163.68689350899197,277128,"veg_p05_temporal_mean residual (OLS, Stage 0)",pixel,1988-2022 (35 water years),20000.0,10000,gamma(h) = 0.5 * mean (z_i - z_j)^2 over pairs in the lag bin
aeolian,20261810,isotropic,10875.0,146.64593563578916,266071,"veg_p05_temporal_mean residual (OLS, Stage 0)",pixel,1988-2022 (35 water years),20000.0,10000,gamma(h) = 0.5 * mean (z_i - z_j)^2 over pairs in the lag bin
aeolian,20261810,isotropic,11125.0,141.22353108586202,265701,"veg_p05_temporal_mean residual (OLS, Stage 0)",pixel,1988-2022 (35 water years),20000.0,10000,gamma(h) = 0.5 * mean (z_i - z_j)^2 over pairs in the lag bin
aeolian,20261810,isotropic,11375.0,144.3592602128306,262959,"veg_p05_temporal_mean residual (OLS, Stage 0)",pixel,1988-2022 (35 water years),20000.0,10000,gamma(h) = 0.5 * mean (z_i - z_j)^2 over pairs in the lag bin
aeolian,20261810,isotropic,11625.0,153.95417780006645,269651,"veg_p05_temporal_mean residual (OLS, Stage 0)",pixel,1988-2022 (35 water years),20000.0,10000,gamma(h) = 0.5 * mean (z_i - z_j)^2 over pairs in the lag bin
aeolian,20261810,isotropic,11875.0,156.05855776558823,273692,"veg_p05_temporal_mean residual (OLS, Stage 0)",pixel,1988-2022 (35 water years),20000.0,10000,gamma(h) = 0.5 * mean (z_i - z_j)^2 over pairs in the lag bin
aeolian,20261810,isotropic,12125.0,148.50194649901428,275006,"veg_p05_temporal_mean residual (OLS, Stage 0)",pixel,1988-2022 (35 water years),20000.0,10000,gamma(h) = 0.5 * mean (z_i - z_j)^2 over pairs in the lag bin
aeolian,20261810,isotropic,12375.0,145.1562359893815,265573,"veg_p05_temporal_mean residual (OLS, Stage 0)",pixel,1988-2022 (35 water years),20000.0,10000,gamma(h) = 0.5 * mean (z_i - z_j)^2 over pairs in the lag bin
aeolian,20261810,isotropic,12625.0,144.5193656302377,259580,"veg_p05_temporal_mean residual (OLS, Stage 0)",pixel,1988-2022 (35 water years),20000.0,10000,gamma(h) = 0.5 * mean (z_i - z_j)^2 over pairs in the lag bin
aeolian,20261810,isotropic,12875.0,150.9394743753048,251736,"veg_p05_temporal_mean residual (OLS, Stage 0)",pixel,1988-2022 (35 water years),20000.0,10000,gamma(h) = 0.5 * mean (z_i - z_j)^2 over pairs in the lag bin
aeolian,20261810,isotropic,13125.0,162.5286175842109,242124,"veg_p05_temporal_mean residual (OLS, Stage 0)",pixel,1988-2022 (35 water years),20000.0,10000,gamma(h) = 0.5 * mean (z_i - z_j)^2 over pairs in the lag bin
aeolian,20261810,isotropic,13375.0,165.47518537091807,238370,"veg_p05_temporal_mean residual (OLS, Stage 0)",pixel,1988-2022 (35 water years),20000.0,10000,gamma(h) = 0.5 * mean (z_i - z_j)^2 over pairs in the lag bin
aeolian,20261810,isotropic,13625.0,164.6271288376393,237812,"veg_p05_temporal_mean residual (OLS, Stage 0)",pixel,1988-2022 (35 water years),20000.0,10000,gamma(h) = 0.5 * mean (z_i - z_j)^2 over pairs in the lag bin
aeolian,20261810,isotropic,13875.0,166.1978409871505,240733,"veg_p05_temporal_mean residual (OLS, Stage 0)",pixel,1988-2022 (35 water years),20000.0,10000,gamma(h) = 0.5 * mean (z_i - z_j)^2 over pairs in the lag bin
aeolian,20261810,isotropic,14125.0,175.5535067129535,252740,"veg_p05_temporal_mean residual (OLS, Stage 0)",pixel,1988-2022 (35 water years),20000.0,10000,gamma(h) = 0.5 * mean (z_i - z_j)^2 over pairs in the lag bin
aeolian,20261810,isotropic,14375.0,166.46235879356755,249530,"veg_p05_temporal_mean residual (OLS, Stage 0)",pixel,1988-2022 (35 water years),20000.0,10000,gamma(h) = 0.5 * mean (z_i - z_j)^2 over pairs in the lag bin
aeolian,20261810,isotropic,14625.0,172.23864181372545,230161,"veg_p05_temporal_mean residual (OLS, Stage 0)",pixel,1988-2022 (35 water years),20000.0,10000,gamma(h) = 0.5 * mean (z_i - z_j)^2 over pairs in the lag bin
aeolian,20261810,isotropic,14875.0,183.84588046980542,201676,"veg_p05_temporal_mean residual (OLS, Stage 0)",pixel,1988-2022 (35 water years),20000.0,10000,gamma(h) = 0.5 * mean (z_i - z_j)^2 over pairs in the lag bin
aeolian,20261810,isotropic,15125.0,173.49946798648878,172055,"veg_p05_temporal_mean residual (OLS, Stage 0)",pixel,1988-2022 (35 water years),20000.0,10000,gamma(h) = 0.5 * mean (z_i - z_j)^2 over pairs in the lag bin
aeolian,20261810,isotropic,15375.0,148.73928737886396,141030,"veg_p05_temporal_mean residual (OLS, Stage 0)",pixel,1988-2022 (35 water years),20000.0,10000,gamma(h) = 0.5 * mean (z_i - z_j)^2 over pairs in the lag bin
aeolian,20261810,isotropic,15625.0,125.01373123915423,118695,"veg_p05_temporal_mean residual (OLS, Stage 0)",pixel,1988-2022 (35 water years),20000.0,10000,gamma(h) = 0.5 * mean (z_i - z_j)^2 over pairs in the lag bin
aeolian,20261810,isotropic,15875.0,104.3766900916861,114543,"veg_p05_temporal_mean residual (OLS, Stage 0)",pixel,1988-2022 (35 water years),20000.0,10000,gamma(h) = 0.5 * mean (z_i - z_j)^2 over pairs in the lag bin
aeolian,20261810,isotropic,16125.0,100.34598704324993,120422,"veg_p05_temporal_mean residual (OLS, Stage 0)",pixel,1988-2022 (35 water years),20000.0,10000,gamma(h) = 0.5 * mean (z_i - z_j)^2 over pairs in the lag bin
aeolian,20261810,isotropic,16375.0,101.3930464032295,125194,"veg_p05_temporal_mean residual (OLS, Stage 0)",pixel,1988-2022 (35 water years),20000.0,10000,gamma(h) = 0.5 * mean (z_i - z_j)^2 over pairs in the lag bin
aeolian,20261810,isotropic,16625.0,110.61257470325693,127184,"veg_p05_temporal_mean residual (OLS, Stage 0)",pixel,1988-2022 (35 water years),20000.0,10000,gamma(h) = 0.5 * mean (z_i - z_j)^2 over pairs in the lag bin
aeolian,20261810,isotropic,16875.0,118.53876104280073,127755,"veg_p05_temporal_mean residual (OLS, Stage 0)",pixel,1988-2022 (35 water years),20000.0,10000,gamma(h) = 0.5 * mean (z_i - z_j)^2 over pairs in the lag bin
aeolian,20261810,isotropic,17125.0,119.24154343718227,118178,"veg_p05_temporal_mean residual (OLS, Stage 0)",pixel,1988-2022 (35 water years),20000.0,10000,gamma(h) = 0.5 * mean (z_i - z_j)^2 over pairs in the lag bin
aeolian,20261810,isotropic,17375.0,124.52887325330393,97467,"veg_p05_temporal_mean residual (OLS, Stage 0)",pixel,1988-2022 (35 water years),20000.0,10000,gamma(h) = 0.5 * mean (z_i - z_j)^2 over pairs in the lag bin
aeolian,20261810,isotropic,17625.0,137.69259637881976,85161,"veg_p05_temporal_mean residual (OLS, Stage 0)",pixel,1988-2022 (35 water years),20000.0,10000,gamma(h) = 0.5 * mean (z_i - z_j)^2 over pairs in the lag bin
aeolian,20261810,isotropic,17875.0,141.17258145439973,80559,"veg_p05_temporal_mean residual (OLS, Stage 0)",pixel,1988-2022 (35 water years),20000.0,10000,gamma(h) = 0.5 * mean (z_i - z_j)^2 over pairs in the lag bin
aeolian,20261810,isotropic,18125.0,151.76991718295923,86831,"veg_p05_temporal_mean residual (OLS, Stage 0)",pixel,1988-2022 (35 water years),20000.0,10000,gamma(h) = 0.5 * mean (z_i - z_j)^2 over pairs in the lag bin
aeolian,20261810,isotropic,18375.0,153.11846203862746,96350,"veg_p05_temporal_mean residual (OLS, Stage 0)",pixel,1988-2022 (35 water years),20000.0,10000,gamma(h) = 0.5 * mean (z_i - z_j)^2 over pairs in the lag bin
aeolian,20261810,isotropic,18625.0,144.51291914552385,109785,"veg_p05_temporal_mean residual (OLS, Stage 0)",pixel,1988-2022 (35 water years),20000.0,10000,gamma(h) = 0.5 * mean (z_i - z_j)^2 over pairs in the lag bin
aeolian,20261810,isotropic,18875.0,140.59569434186386,123313,"veg_p05_temporal_mean residual (OLS, Stage 0)",pixel,1988-2022 (35 water years),20000.0,10000,gamma(h) = 0.5 * mean (z_i - z_j)^2 over pairs in the lag bin
aeolian,20261810,isotropic,19125.0,130.58748418161375,132445,"veg_p05_temporal_mean residual (OLS, Stage 0)",pixel,1988-2022 (35 water years),20000.0,10000,gamma(h) = 0.5 * mean (z_i - z_j)^2 over pairs in the lag bin
aeolian,20261810,isotropic,19375.0,123.31740564830923,137465,"veg_p05_temporal_mean residual (OLS, Stage 0)",pixel,1988-2022 (35 water years),20000.0,10000,gamma(h) = 0.5 * mean (z_i - z_j)^2 over pairs in the lag bin
aeolian,20261810,isotropic,19625.0,117.0966123880386,139706,"veg_p05_temporal_mean residual (OLS, Stage 0)",pixel,1988-2022 (35 water years),20000.0,10000,gamma(h) = 0.5 * mean (z_i - z_j)^2 over pairs in the lag bin
aeolian,20261810,isotropic,19875.0,112.67097941006928,140941,"veg_p05_temporal_mean residual (OLS, Stage 0)",pixel,1988-2022 (35 water years),20000.0,10000,gamma(h) = 0.5 * mean (z_i - z_j)^2 over pairs in the lag bin
aeolian,20262810,isotropic,125.0,64.91556374223055,160325,"veg_p05_temporal_mean residual (OLS, Stage 0)",pixel,1988-2022 (35 water years),20000.0,10000,gamma(h) = 0.5 * mean (z_i - z_j)^2 over pairs in the lag bin
aeolian,20262810,isotropic,375.0,108.36623881703207,373742,"veg_p05_temporal_mean residual (OLS, Stage 0)",pixel,1988-2022 (35 water years),20000.0,10000,gamma(h) = 0.5 * mean (z_i - z_j)^2 over pairs in the lag bin
aeolian,20262810,isotropic,625.0,128.77999141663528,494143,"veg_p05_temporal_mean residual (OLS, Stage 0)",pixel,1988-2022 (35 water years),20000.0,10000,gamma(h) = 0.5 * mean (z_i - z_j)^2 over pairs in the lag bin
aeolian,20262810,isotropic,875.0,139.3799612306439,544753,"veg_p05_temporal_mean residual (OLS, Stage 0)",pixel,1988-2022 (35 water years),20000.0,10000,gamma(h) = 0.5 * mean (z_i - z_j)^2 over pairs in the lag bin
aeolian,20262810,isotropic,1125.0,149.0818755732727,553356,"veg_p05_temporal_mean residual (OLS, Stage 0)",pixel,1988-2022 (35 water years),20000.0,10000,gamma(h) = 0.5 * mean (z_i - z_j)^2 over pairs in the lag bin
aeolian,20262810,isotropic,1375.0,153.28311672068858,543409,"veg_p05_temporal_mean residual (OLS, Stage 0)",pixel,1988-2022 (35 water years),20000.0,10000,gamma(h) = 0.5 * mean (z_i - z_j)^2 over pairs in the lag bin
aeolian,20262810,isotropic,1625.0,152.93735816509073,532942,"veg_p05_temporal_mean residual (OLS, Stage 0)",pixel,1988-2022 (35 water years),20000.0,10000,gamma(h) = 0.5 * mean (z_i - z_j)^2 over pairs in the lag bin
aeolian,20262810,isotropic,1875.0,154.70238063745416,533391,"veg_p05_temporal_mean residual (OLS, Stage 0)",pixel,1988-2022 (35 water years),20000.0,10000,gamma(h) = 0.5 * mean (z_i - z_j)^2 over pairs in the lag bin
aeolian,20262810,isotropic,2125.0,151.77518524321823,541942,"veg_p05_temporal_mean residual (OLS, Stage 0)",pixel,1988-2022 (35 water years),20000.0,10000,gamma(h) = 0.5 * mean (z_i - z_j)^2 over pairs in the lag bin
aeolian,20262810,isotropic,2375.0,152.97590275220128,558823,"veg_p05_temporal_mean residual (OLS, Stage 0)",pixel,1988-2022 (35 water years),20000.0,10000,gamma(h) = 0.5 * mean (z_i - z_j)^2 over pairs in the lag bin
aeolian,20262810,isotropic,2625.0,153.1300528626975,575955,"veg_p05_temporal_mean residual (OLS, Stage 0)",pixel,1988-2022 (35 water years),20000.0,10000,gamma(h) = 0.5 * mean (z_i - z_j)^2 over pairs in the lag bin
aeolian,20262810,isotropic,2875.0,147.2290598000642,569195,"veg_p05_temporal_mean residual (OLS, Stage 0)",pixel,1988-2022 (35 water years),20000.0,10000,gamma(h) = 0.5 * mean (z_i - z_j)^2 over pairs in the lag bin
aeolian,20262810,isotropic,3125.0,143.67064904013696,571671,"veg_p05_temporal_mean residual (OLS, Stage 0)",pixel,1988-2022 (35 water years),20000.0,10000,gamma(h) = 0.5 * mean (z_i - z_j)^2 over pairs in the lag bin
aeolian,20262810,isotropic,3375.0,145.3908644449635,580280,"veg_p05_temporal_mean residual (OLS, Stage 0)",pixel,1988-2022 (35 water years),20000.0,10000,gamma(h) = 0.5 * mean (z_i - z_j)^2 over pairs in the lag bin
aeolian,20262810,isotropic,3625.0,145.68633935437788,581294,"veg_p05_temporal_mean residual (OLS, Stage 0)",pixel,1988-2022 (35 water years),20000.0,10000,gamma(h) = 0.5 * mean (z_i - z_j)^2 over pairs in the lag bin
aeolian,20262810,isotropic,3875.0,148.76637607438607,604547,"veg_p05_temporal_mean residual (OLS, Stage 0)",pixel,1988-2022 (35 water years),20000.0,10000,gamma(h) = 0.5 * mean (z_i - z_j)^2 over pairs in the lag bin
aeolian,20262810,isotropic,4125.0,151.08030560522334,633352,"veg_p05_temporal_mean residual (OLS, Stage 0)",pixel,1988-2022 (35 water years),20000.0,10000,gamma(h) = 0.5 * mean (z_i - z_j)^2 over pairs in the lag bin
aeolian,20262810,isotropic,4375.0,148.97654186757967,664181,"veg_p05_temporal_mean residual (OLS, Stage 0)",pixel,1988-2022 (35 water years),20000.0,10000,gamma(h) = 0.5 * mean (z_i - z_j)^2 over pairs in the lag bin
aeolian,20262810,isotropic,4625.0,151.0812427315757,707140,"veg_p05_temporal_mean residual (OLS, Stage 0)",pixel,1988-2022 (35 water years),20000.0,10000,gamma(h) = 0.5 * mean (z_i - z_j)^2 over pairs in the lag bin
aeolian,20262810,isotropic,4875.0,153.39260693700794,729113,"veg_p05_temporal_mean residual (OLS, Stage 0)",pixel,1988-2022 (35 water years),20000.0,10000,gamma(h) = 0.5 * mean (z_i - z_j)^2 over pairs in the lag bin
aeolian,20262810,isotropic,5125.0,157.3163639967055,753463,"veg_p05_temporal_mean residual (OLS, Stage 0)",pixel,1988-2022 (35 water years),20000.0,10000,gamma(h) = 0.5 * mean (z_i - z_j)^2 over pairs in the lag bin
aeolian,20262810,isotropic,5375.0,159.73311333669474,786709,"veg_p05_temporal_mean residual (OLS, Stage 0)",pixel,1988-2022 (35 water years),20000.0,10000,gamma(h) = 0.5 * mean (z_i - z_j)^2 over pairs in the lag bin
aeolian,20262810,isotropic,5625.0,165.92070771194142,837417,"veg_p05_temporal_mean residual (OLS, Stage 0)",pixel,1988-2022 (35 water years),20000.0,10000,gamma(h) = 0.5 * mean (z_i - z_j)^2 over pairs in the lag bin
aeolian,20262810,isotropic,5875.0,169.8842887387832,868314,"veg_p05_temporal_mean residual (OLS, Stage 0)",pixel,1988-2022 (35 water years),20000.0,10000,gamma(h) = 0.5 * mean (z_i - z_j)^2 over pairs in the lag bin
aeolian,20262810,isotropic,6125.0,169.65218553412151,885368,"veg_p05_temporal_mean residual (OLS, Stage 0)",pixel,1988-2022 (35 water years),20000.0,10000,gamma(h) = 0.5 * mean (z_i - z_j)^2 over pairs in the lag bin
aeolian,20262810,isotropic,6375.0,172.85166139177338,890908,"veg_p05_temporal_mean residual (OLS, Stage 0)",pixel,1988-2022 (35 water years),20000.0,10000,gamma(h) = 0.5 * mean (z_i - z_j)^2 over pairs in the lag bin
aeolian,20262810,isotropic,6625.0,174.96525294221715,881839,"veg_p05_temporal_mean residual (OLS, Stage 0)",pixel,1988-2022 (35 water years),20000.0,10000,gamma(h) = 0.5 * mean (z_i - z_j)^2 over pairs in the lag bin
aeolian,20262810,isotropic,6875.0,172.92664750963965,846774,"veg_p05_temporal_mean residual (OLS, Stage 0)",pixel,1988-2022 (35 water years),20000.0,10000,gamma(h) = 0.5 * mean (z_i - z_j)^2 over pairs in the lag bin
aeolian,20262810,isotropic,7125.0,168.47275467432323,792741,"veg_p05_temporal_mean residual (OLS, Stage 0)",pixel,1988-2022 (35 water years),20000.0,10000,gamma(h) = 0.5 * mean (z_i - z_j)^2 over pairs in the lag bin
aeolian,20262810,isotropic,7375.0,168.0177819596557,740814,"veg_p05_temporal_mean residual (OLS, Stage 0)",pixel,1988-2022 (35 water years),20000.0,10000,gamma(h) = 0.5 * mean (z_i - z_j)^2 over pairs in the lag bin
aeolian,20262810,isotropic,7625.0,174.1971983981104,717440,"veg_p05_temporal_mean residual (OLS, Stage 0)",pixel,1988-2022 (35 water years),20000.0,10000,gamma(h) = 0.5 * mean (z_i - z_j)^2 over pairs in the lag bin
aeolian,20262810,isotropic,7875.0,177.19300858823567,713872,"veg_p05_temporal_mean residual (OLS, Stage 0)",pixel,1988-2022 (35 water years),20000.0,10000,gamma(h) = 0.5 * mean (z_i - z_j)^2 over pairs in the lag bin
aeolian,20262810,isotropic,8125.0,174.69630373213707,704706,"veg_p05_temporal_mean residual (OLS, Stage 0)",pixel,1988-2022 (35 water years),20000.0,10000,gamma(h) = 0.5 * mean (z_i - z_j)^2 over pairs in the lag bin
aeolian,20262810,isotropic,8375.0,170.5473652176654,698914,"veg_p05_temporal_mean residual (OLS, Stage 0)",pixel,1988-2022 (35 water years),20000.0,10000,gamma(h) = 0.5 * mean (z_i - z_j)^2 over pairs in the lag bin
aeolian,20262810,isotropic,8625.0,166.48126562978263,667381,"veg_p05_temporal_mean residual (OLS, Stage 0)",pixel,1988-2022 (35 water years),20000.0,10000,gamma(h) = 0.5 * mean (z_i - z_j)^2 over pairs in the lag bin
aeolian,20262810,isotropic,8875.0,171.37891560858714,609496,"veg_p05_temporal_mean residual (OLS, Stage 0)",pixel,1988-2022 (35 water years),20000.0,10000,gamma(h) = 0.5 * mean (z_i - z_j)^2 over pairs in the lag bin
aeolian,20262810,isotropic,9125.0,171.4580526576901,536845,"veg_p05_temporal_mean residual (OLS, Stage 0)",pixel,1988-2022 (35 water years),20000.0,10000,gamma(h) = 0.5 * mean (z_i - z_j)^2 over pairs in the lag bin
aeolian,20262810,isotropic,9375.0,181.1355573448233,456525,"veg_p05_temporal_mean residual (OLS, Stage 0)",pixel,1988-2022 (35 water years),20000.0,10000,gamma(h) = 0.5 * mean (z_i - z_j)^2 over pairs in the lag bin
aeolian,20262810,isotropic,9625.0,183.52837620171871,375446,"veg_p05_temporal_mean residual (OLS, Stage 0)",pixel,1988-2022 (35 water years),20000.0,10000,gamma(h) = 0.5 * mean (z_i - z_j)^2 over pairs in the lag bin
aeolian,20262810,isotropic,9875.0,171.4829697063998,318463,"veg_p05_temporal_mean residual (OLS, Stage 0)",pixel,1988-2022 (35 water years),20000.0,10000,gamma(h) = 0.5 * mean (z_i - z_j)^2 over pairs in the lag bin
aeolian,20262810,isotropic,10125.0,162.820642084362,288095,"veg_p05_temporal_mean residual (OLS, Stage 0)",pixel,1988-2022 (35 water years),20000.0,10000,gamma(h) = 0.5 * mean (z_i - z_j)^2 over pairs in the lag bin
aeolian,20262810,isotropic,10375.0,164.23169897609122,276117,"veg_p05_temporal_mean residual (OLS, Stage 0)",pixel,1988-2022 (35 water years),20000.0,10000,gamma(h) = 0.5 * mean (z_i - z_j)^2 over pairs in the lag bin
aeolian,20262810,isotropic,10625.0,157.83319305428296,272369,"veg_p05_temporal_mean residual (OLS, Stage 0)",pixel,1988-2022 (35 water years),20000.0,10000,gamma(h) = 0.5 * mean (z_i - z_j)^2 over pairs in the lag bin
aeolian,20262810,isotropic,10875.0,140.82808067711204,267677,"veg_p05_temporal_mean residual (OLS, Stage 0)",pixel,1988-2022 (35 water years),20000.0,10000,gamma(h) = 0.5 * mean (z_i - z_j)^2 over pairs in the lag bin
aeolian,20262810,isotropic,11125.0,138.2478281058076,264887,"veg_p05_temporal_mean residual (OLS, Stage 0)",pixel,1988-2022 (35 water years),20000.0,10000,gamma(h) = 0.5 * mean (z_i - z_j)^2 over pairs in the lag bin
aeolian,20262810,isotropic,11375.0,145.02465715630146,263277,"veg_p05_temporal_mean residual (OLS, Stage 0)",pixel,1988-2022 (35 water years),20000.0,10000,gamma(h) = 0.5 * mean (z_i - z_j)^2 over pairs in the lag bin
aeolian,20262810,isotropic,11625.0,157.66136451195268,268878,"veg_p05_temporal_mean residual (OLS, Stage 0)",pixel,1988-2022 (35 water years),20000.0,10000,gamma(h) = 0.5 * mean (z_i - z_j)^2 over pairs in the lag bin
aeolian,20262810,isotropic,11875.0,157.02137488467562,270386,"veg_p05_temporal_mean residual (OLS, Stage 0)",pixel,1988-2022 (35 water years),20000.0,10000,gamma(h) = 0.5 * mean (z_i - z_j)^2 over pairs in the lag bin
aeolian,20262810,isotropic,12125.0,148.9490372866607,271985,"veg_p05_temporal_mean residual (OLS, Stage 0)",pixel,1988-2022 (35 water years),20000.0,10000,gamma(h) = 0.5 * mean (z_i - z_j)^2 over pairs in the lag bin
aeolian,20262810,isotropic,12375.0,146.83564086836498,270872,"veg_p05_temporal_mean residual (OLS, Stage 0)",pixel,1988-2022 (35 water years),20000.0,10000,gamma(h) = 0.5 * mean (z_i - z_j)^2 over pairs in the lag bin
aeolian,20262810,isotropic,12625.0,144.05095331926847,270610,"veg_p05_temporal_mean residual (OLS, Stage 0)",pixel,1988-2022 (35 water years),20000.0,10000,gamma(h) = 0.5 * mean (z_i - z_j)^2 over pairs in the lag bin
aeolian,20262810,isotropic,12875.0,146.49504627682919,266654,"veg_p05_temporal_mean residual (OLS, Stage 0)",pixel,1988-2022 (35 water years),20000.0,10000,gamma(h) = 0.5 * mean (z_i - z_j)^2 over pairs in the lag bin
aeolian,20262810,isotropic,13125.0,157.56212190690118,250905,"veg_p05_temporal_mean residual (OLS, Stage 0)",pixel,1988-2022 (35 water years),20000.0,10000,gamma(h) = 0.5 * mean (z_i - z_j)^2 over pairs in the lag bin
aeolian,20262810,isotropic,13375.0,162.38987144681565,243183,"veg_p05_temporal_mean residual (OLS, Stage 0)",pixel,1988-2022 (35 water years),20000.0,10000,gamma(h) = 0.5 * mean (z_i - z_j)^2 over pairs in the lag bin
aeolian,20262810,isotropic,13625.0,163.53940355830593,243014,"veg_p05_temporal_mean residual (OLS, Stage 0)",pixel,1988-2022 (35 water years),20000.0,10000,gamma(h) = 0.5 * mean (z_i - z_j)^2 over pairs in the lag bin
aeolian,20262810,isotropic,13875.0,160.31920548399836,249338,"veg_p05_temporal_mean residual (OLS, Stage 0)",pixel,1988-2022 (35 water years),20000.0,10000,gamma(h) = 0.5 * mean (z_i - z_j)^2 over pairs in the lag bin
aeolian,20262810,isotropic,14125.0,171.32154877525156,261044,"veg_p05_temporal_mean residual (OLS, Stage 0)",pixel,1988-2022 (35 water years),20000.0,10000,gamma(h) = 0.5 * mean (z_i - z_j)^2 over pairs in the lag bin
aeolian,20262810,isotropic,14375.0,164.87681190359305,258873,"veg_p05_temporal_mean residual (OLS, Stage 0)",pixel,1988-2022 (35 water years),20000.0,10000,gamma(h) = 0.5 * mean (z_i - z_j)^2 over pairs in the lag bin
aeolian,20262810,isotropic,14625.0,164.36896729088772,235966,"veg_p05_temporal_mean residual (OLS, Stage 0)",pixel,1988-2022 (35 water years),20000.0,10000,gamma(h) = 0.5 * mean (z_i - z_j)^2 over pairs in the lag bin
aeolian,20262810,isotropic,14875.0,165.07310758029178,200635,"veg_p05_temporal_mean residual (OLS, Stage 0)",pixel,1988-2022 (35 water years),20000.0,10000,gamma(h) = 0.5 * mean (z_i - z_j)^2 over pairs in the lag bin
aeolian,20262810,isotropic,15125.0,166.79117682419695,166210,"veg_p05_temporal_mean residual (OLS, Stage 0)",pixel,1988-2022 (35 water years),20000.0,10000,gamma(h) = 0.5 * mean (z_i - z_j)^2 over pairs in the lag bin
aeolian,20262810,isotropic,15375.0,150.54063779795524,133664,"veg_p05_temporal_mean residual (OLS, Stage 0)",pixel,1988-2022 (35 water years),20000.0,10000,gamma(h) = 0.5 * mean (z_i - z_j)^2 over pairs in the lag bin
aeolian,20262810,isotropic,15625.0,125.38539618185895,112666,"veg_p05_temporal_mean residual (OLS, Stage 0)",pixel,1988-2022 (35 water years),20000.0,10000,gamma(h) = 0.5 * mean (z_i - z_j)^2 over pairs in the lag bin
aeolian,20262810,isotropic,15875.0,104.27273040927689,110909,"veg_p05_temporal_mean residual (OLS, Stage 0)",pixel,1988-2022 (35 water years),20000.0,10000,gamma(h) = 0.5 * mean (z_i - z_j)^2 over pairs in the lag bin
aeolian,20262810,isotropic,16125.0,104.9693448265038,115185,"veg_p05_temporal_mean residual (OLS, Stage 0)",pixel,1988-2022 (35 water years),20000.0,10000,gamma(h) = 0.5 * mean (z_i - z_j)^2 over pairs in the lag bin
aeolian,20262810,isotropic,16375.0,107.70532930135104,117242,"veg_p05_temporal_mean residual (OLS, Stage 0)",pixel,1988-2022 (35 water years),20000.0,10000,gamma(h) = 0.5 * mean (z_i - z_j)^2 over pairs in the lag bin
aeolian,20262810,isotropic,16625.0,118.30310617852417,120509,"veg_p05_temporal_mean residual (OLS, Stage 0)",pixel,1988-2022 (35 water years),20000.0,10000,gamma(h) = 0.5 * mean (z_i - z_j)^2 over pairs in the lag bin
aeolian,20262810,isotropic,16875.0,121.38834528350547,121867,"veg_p05_temporal_mean residual (OLS, Stage 0)",pixel,1988-2022 (35 water years),20000.0,10000,gamma(h) = 0.5 * mean (z_i - z_j)^2 over pairs in the lag bin
aeolian,20262810,isotropic,17125.0,119.71188180068387,110999,"veg_p05_temporal_mean residual (OLS, Stage 0)",pixel,1988-2022 (35 water years),20000.0,10000,gamma(h) = 0.5 * mean (z_i - z_j)^2 over pairs in the lag bin
aeolian,20262810,isotropic,17375.0,121.0363499629402,91096,"veg_p05_temporal_mean residual (OLS, Stage 0)",pixel,1988-2022 (35 water years),20000.0,10000,gamma(h) = 0.5 * mean (z_i - z_j)^2 over pairs in the lag bin
aeolian,20262810,isotropic,17625.0,126.66595884765934,76806,"veg_p05_temporal_mean residual (OLS, Stage 0)",pixel,1988-2022 (35 water years),20000.0,10000,gamma(h) = 0.5 * mean (z_i - z_j)^2 over pairs in the lag bin
aeolian,20262810,isotropic,17875.0,131.52605587046534,74209,"veg_p05_temporal_mean residual (OLS, Stage 0)",pixel,1988-2022 (35 water years),20000.0,10000,gamma(h) = 0.5 * mean (z_i - z_j)^2 over pairs in the lag bin
aeolian,20262810,isotropic,18125.0,137.0376228094881,79917,"veg_p05_temporal_mean residual (OLS, Stage 0)",pixel,1988-2022 (35 water years),20000.0,10000,gamma(h) = 0.5 * mean (z_i - z_j)^2 over pairs in the lag bin
aeolian,20262810,isotropic,18375.0,137.87948812625373,90341,"veg_p05_temporal_mean residual (OLS, Stage 0)",pixel,1988-2022 (35 water years),20000.0,10000,gamma(h) = 0.5 * mean (z_i - z_j)^2 over pairs in the lag bin
aeolian,20262810,isotropic,18625.0,132.80012779902566,104259,"veg_p05_temporal_mean residual (OLS, Stage 0)",pixel,1988-2022 (35 water years),20000.0,10000,gamma(h) = 0.5 * mean (z_i - z_j)^2 over pairs in the lag bin
aeolian,20262810,isotropic,18875.0,128.18304699935337,118520,"veg_p05_temporal_mean residual (OLS, Stage 0)",pixel,1988-2022 (35 water years),20000.0,10000,gamma(h) = 0.5 * mean (z_i - z_j)^2 over pairs in the lag bin
aeolian,20262810,isotropic,19125.0,123.51530923926632,125017,"veg_p05_temporal_mean residual (OLS, Stage 0)",pixel,1988-2022 (35 water years),20000.0,10000,gamma(h) = 0.5 * mean (z_i - z_j)^2 over pairs in the lag bin
aeolian,20262810,isotropic,19375.0,118.39411239192385,130346,"veg_p05_temporal_mean residual (OLS, Stage 0)",pixel,1988-2022 (35 water years),20000.0,10000,gamma(h) = 0.5 * mean (z_i - z_j)^2 over pairs in the lag bin
aeolian,20262810,isotropic,19625.0,116.57221763974499,132719,"veg_p05_temporal_mean residual (OLS, Stage 0)",pixel,1988-2022 (35 water years),20000.0,10000,gamma(h) = 0.5 * mean (z_i - z_j)^2 over pairs in the lag bin
aeolian,20262810,isotropic,19875.0,112.29628183886638,132031,"veg_p05_temporal_mean residual (OLS, Stage 0)",pixel,1988-2022 (35 water years),20000.0,10000,gamma(h) = 0.5 * mean (z_i - z_j)^2 over pairs in the lag bin
aeolian,20263810,isotropic,125.0,63.672422367034386,159023,"veg_p05_temporal_mean residual (OLS, Stage 0)",pixel,1988-2022 (35 water years),20000.0,10000,gamma(h) = 0.5 * mean (z_i - z_j)^2 over pairs in the lag bin
aeolian,20263810,isotropic,375.0,105.12705241548588,370269,"veg_p05_temporal_mean residual (OLS, Stage 0)",pixel,1988-2022 (35 water years),20000.0,10000,gamma(h) = 0.5 * mean (z_i - z_j)^2 over pairs in the lag bin
aeolian,20263810,isotropic,625.0,125.49920422559539,491826,"veg_p05_temporal_mean residual (OLS, Stage 0)",pixel,1988-2022 (35 water years),20000.0,10000,gamma(h) = 0.5 * mean (z_i - z_j)^2 over pairs in the lag bin
aeolian,20263810,isotropic,875.0,138.26887769153007,543707,"veg_p05_temporal_mean residual (OLS, Stage 0)",pixel,1988-2022 (35 water years),20000.0,10000,gamma(h) = 0.5 * mean (z_i - z_j)^2 over pairs in the lag bin
aeolian,20263810,isotropic,1125.0,148.96815586473173,558048,"veg_p05_temporal_mean residual (OLS, Stage 0)",pixel,1988-2022 (35 water years),20000.0,10000,gamma(h) = 0.5 * mean (z_i - z_j)^2 over pairs in the lag bin
aeolian,20263810,isotropic,1375.0,153.79383128186456,553701,"veg_p05_temporal_mean residual (OLS, Stage 0)",pixel,1988-2022 (35 water years),20000.0,10000,gamma(h) = 0.5 * mean (z_i - z_j)^2 over pairs in the lag bin
aeolian,20263810,isotropic,1625.0,154.19839094839193,540072,"veg_p05_temporal_mean residual (OLS, Stage 0)",pixel,1988-2022 (35 water years),20000.0,10000,gamma(h) = 0.5 * mean (z_i - z_j)^2 over pairs in the lag bin
aeolian,20263810,isotropic,1875.0,153.60024794903111,532944,"veg_p05_temporal_mean residual (OLS, Stage 0)",pixel,1988-2022 (35 water years),20000.0,10000,gamma(h) = 0.5 * mean (z_i - z_j)^2 over pairs in the lag bin
aeolian,20263810,isotropic,2125.0,153.0384361663054,535809,"veg_p05_temporal_mean residual (OLS, Stage 0)",pixel,1988-2022 (35 water years),20000.0,10000,gamma(h) = 0.5 * mean (z_i - z_j)^2 over pairs in the lag bin
aeolian,20263810,isotropic,2375.0,152.93115531704208,545997,"veg_p05_temporal_mean residual (OLS, Stage 0)",pixel,1988-2022 (35 water years),20000.0,10000,gamma(h) = 0.5 * mean (z_i - z_j)^2 over pairs in the lag bin
aeolian,20263810,isotropic,2625.0,154.39936254491187,562028,"veg_p05_temporal_mean residual (OLS, Stage 0)",pixel,1988-2022 (35 water years),20000.0,10000,gamma(h) = 0.5 * mean (z_i - z_j)^2 over pairs in the lag bin
aeolian,20263810,isotropic,2875.0,149.2133907862435,557667,"veg_p05_temporal_mean residual (OLS, Stage 0)",pixel,1988-2022 (35 water years),20000.0,10000,gamma(h) = 0.5 * mean (z_i - z_j)^2 over pairs in the lag bin
aeolian,20263810,isotropic,3125.0,147.50845122894458,564495,"veg_p05_temporal_mean residual (OLS, Stage 0)",pixel,1988-2022 (35 water years),20000.0,10000,gamma(h) = 0.5 * mean (z_i - z_j)^2 over pairs in the lag bin
aeolian,20263810,isotropic,3375.0,149.40208241599717,568129,"veg_p05_temporal_mean residual (OLS, Stage 0)",pixel,1988-2022 (35 water years),20000.0,10000,gamma(h) = 0.5 * mean (z_i - z_j)^2 over pairs in the lag bin
aeolian,20263810,isotropic,3625.0,149.08961597546417,572069,"veg_p05_temporal_mean residual (OLS, Stage 0)",pixel,1988-2022 (35 water years),20000.0,10000,gamma(h) = 0.5 * mean (z_i - z_j)^2 over pairs in the lag bin
aeolian,20263810,isotropic,3875.0,150.39047326106967,597485,"veg_p05_temporal_mean residual (OLS, Stage 0)",pixel,1988-2022 (35 water years),20000.0,10000,gamma(h) = 0.5 * mean (z_i - z_j)^2 over pairs in the lag bin
aeolian,20263810,isotropic,4125.0,152.6048591915994,628655,"veg_p05_temporal_mean residual (OLS, Stage 0)",pixel,1988-2022 (35 water years),20000.0,10000,gamma(h) = 0.5 * mean (z_i - z_j)^2 over pairs in the lag bin
aeolian,20263810,isotropic,4375.0,150.32824344884494,665026,"veg_p05_temporal_mean residual (OLS, Stage 0)",pixel,1988-2022 (35 water years),20000.0,10000,gamma(h) = 0.5 * mean (z_i - z_j)^2 over pairs in the lag bin
aeolian,20263810,isotropic,4625.0,151.71590609325423,706009,"veg_p05_temporal_mean residual (OLS, Stage 0)",pixel,1988-2022 (35 water years),20000.0,10000,gamma(h) = 0.5 * mean (z_i - z_j)^2 over pairs in the lag bin
aeolian,20263810,isotropic,4875.0,153.7168047979055,729116,"veg_p05_temporal_mean residual (OLS, Stage 0)",pixel,1988-2022 (35 water years),20000.0,10000,gamma(h) = 0.5 * mean (z_i - z_j)^2 over pairs in the lag bin
aeolian,20263810,isotropic,5125.0,159.904005780859,744727,"veg_p05_temporal_mean residual (OLS, Stage 0)",pixel,1988-2022 (35 water years),20000.0,10000,gamma(h) = 0.5 * mean (z_i - z_j)^2 over pairs in the lag bin
aeolian,20263810,isotropic,5375.0,165.49899187843616,783492,"veg_p05_temporal_mean residual (OLS, Stage 0)",pixel,1988-2022 (35 water years),20000.0,10000,gamma(h) = 0.5 * mean (z_i - z_j)^2 over pairs in the lag bin
aeolian,20263810,isotropic,5625.0,172.18416972213024,828194,"veg_p05_temporal_mean residual (OLS, Stage 0)",pixel,1988-2022 (35 water years),20000.0,10000,gamma(h) = 0.5 * mean (z_i - z_j)^2 over pairs in the lag bin
aeolian,20263810,isotropic,5875.0,175.00589846590606,858918,"veg_p05_temporal_mean residual (OLS, Stage 0)",pixel,1988-2022 (35 water years),20000.0,10000,gamma(h) = 0.5 * mean (z_i - z_j)^2 over pairs in the lag bin
aeolian,20263810,isotropic,6125.0,174.32429185461527,876545,"veg_p05_temporal_mean residual (OLS, Stage 0)",pixel,1988-2022 (35 water years),20000.0,10000,gamma(h) = 0.5 * mean (z_i - z_j)^2 over pairs in the lag bin
aeolian,20263810,isotropic,6375.0,178.27713445545484,890754,"veg_p05_temporal_mean residual (OLS, Stage 0)",pixel,1988-2022 (35 water years),20000.0,10000,gamma(h) = 0.5 * mean (z_i - z_j)^2 over pairs in the lag bin
aeolian,20263810,isotropic,6625.0,179.484968893894,886045,"veg_p05_temporal_mean residual (OLS, Stage 0)",pixel,1988-2022 (35 water years),20000.0,10000,gamma(h) = 0.5 * mean (z_i - z_j)^2 over pairs in the lag bin
aeolian,20263810,isotropic,6875.0,178.28812291046202,861771,"veg_p05_temporal_mean residual (OLS, Stage 0)",pixel,1988-2022 (35 water years),20000.0,10000,gamma(h) = 0.5 * mean (z_i - z_j)^2 over pairs in the lag bin
aeolian,20263810,isotropic,7125.0,173.33653359064434,818971,"veg_p05_temporal_mean residual (OLS, Stage 0)",pixel,1988-2022 (35 water years),20000.0,10000,gamma(h) = 0.5 * mean (z_i - z_j)^2 over pairs in the lag bin
aeolian,20263810,isotropic,7375.0,173.7002336821108,769295,"veg_p05_temporal_mean residual (OLS, Stage 0)",pixel,1988-2022 (35 water years),20000.0,10000,gamma(h) = 0.5 * mean (z_i - z_j)^2 over pairs in the lag bin
aeolian,20263810,isotropic,7625.0,180.03284121714427,743649,"veg_p05_temporal_mean residual (OLS, Stage 0)",pixel,1988-2022 (35 water years),20000.0,10000,gamma(h) = 0.5 * mean (z_i - z_j)^2 over pairs in the lag bin
aeolian,20263810,isotropic,7875.0,182.7745755750576,722812,"veg_p05_temporal_mean residual (OLS, Stage 0)",pixel,1988-2022 (35 water years),20000.0,10000,gamma(h) = 0.5 * mean (z_i - z_j)^2 over pairs in the lag bin
aeolian,20263810,isotropic,8125.0,179.8219770743512,702956,"veg_p05_temporal_mean residual (OLS, Stage 0)",pixel,1988-2022 (35 water years),20000.0,10000,gamma(h) = 0.5 * mean (z_i - z_j)^2 over pairs in the lag bin
aeolian,20263810,isotropic,8375.0,173.75993492711586,693772,"veg_p05_temporal_mean residual (OLS, Stage 0)",pixel,1988-2022 (35 water years),20000.0,10000,gamma(h) = 0.5 * mean (z_i - z_j)^2 over pairs in the lag bin
aeolian,20263810,isotropic,8625.0,169.88673236171425,659599,"veg_p05_temporal_mean residual (OLS, Stage 0)",pixel,1988-2022 (35 water years),20000.0,10000,gamma(h) = 0.5 * mean (z_i - z_j)^2 over pairs in the lag bin
aeolian,20263810,isotropic,8875.0,175.29473230814924,591854,"veg_p05_temporal_mean residual (OLS, Stage 0)",pixel,1988-2022 (35 water years),20000.0,10000,gamma(h) = 0.5 * mean (z_i - z_j)^2 over pairs in the lag bin
aeolian,20263810,isotropic,9125.0,172.68809157252736,522639,"veg_p05_temporal_mean residual (OLS, Stage 0)",pixel,1988-2022 (35 water years),20000.0,10000,gamma(h) = 0.5 * mean (z_i - z_j)^2 over pairs in the lag bin
aeolian,20263810,isotropic,9375.0,175.70680197528856,442943,"veg_p05_temporal_mean residual (OLS, Stage 0)",pixel,1988-2022 (35 water years),20000.0,10000,gamma(h) = 0.5 * mean (z_i - z_j)^2 over pairs in the lag bin
aeolian,20263810,isotropic,9625.0,177.8439743467994,371770,"veg_p05_temporal_mean residual (OLS, Stage 0)",pixel,1988-2022 (35 water years),20000.0,10000,gamma(h) = 0.5 * mean (z_i - z_j)^2 over pairs in the lag bin
aeolian,20263810,isotropic,9875.0,169.61398418312618,317783,"veg_p05_temporal_mean residual (OLS, Stage 0)",pixel,1988-2022 (35 water years),20000.0,10000,gamma(h) = 0.5 * mean (z_i - z_j)^2 over pairs in the lag bin
aeolian,20263810,isotropic,10125.0,163.28716401895102,283002,"veg_p05_temporal_mean residual (OLS, Stage 0)",pixel,1988-2022 (35 water years),20000.0,10000,gamma(h) = 0.5 * mean (z_i - z_j)^2 over pairs in the lag bin
aeolian,20263810,isotropic,10375.0,166.00180582464233,271353,"veg_p05_temporal_mean residual (OLS, Stage 0)",pixel,1988-2022 (35 water years),20000.0,10000,gamma(h) = 0.5 * mean (z_i - z_j)^2 over pairs in the lag bin
aeolian,20263810,isotropic,10625.0,156.35443775522012,267429,"veg_p05_temporal_mean residual (OLS, Stage 0)",pixel,1988-2022 (35 water years),20000.0,10000,gamma(h) = 0.5 * mean (z_i - z_j)^2 over pairs in the lag bin
aeolian,20263810,isotropic,10875.0,142.05972358431964,263966,"veg_p05_temporal_mean residual (OLS, Stage 0)",pixel,1988-2022 (35 water years),20000.0,10000,gamma(h) = 0.5 * mean (z_i - z_j)^2 over pairs in the lag bin
aeolian,20263810,isotropic,11125.0,141.58910939204486,263046,"veg_p05_temporal_mean residual (OLS, Stage 0)",pixel,1988-2022 (35 water years),20000.0,10000,gamma(h) = 0.5 * mean (z_i - z_j)^2 over pairs in the lag bin
aeolian,20263810,isotropic,11375.0,143.09695165121283,261924,"veg_p05_temporal_mean residual (OLS, Stage 0)",pixel,1988-2022 (35 water years),20000.0,10000,gamma(h) = 0.5 * mean (z_i - z_j)^2 over pairs in the lag bin
aeolian,20263810,isotropic,11625.0,154.09946861200513,262797,"veg_p05_temporal_mean residual (OLS, Stage 0)",pixel,1988-2022 (35 water years),20000.0,10000,gamma(h) = 0.5 * mean (z_i - z_j)^2 over pairs in the lag bin
aeolian,20263810,isotropic,11875.0,161.84684634898363,264022,"veg_p05_temporal_mean residual (OLS, Stage 0)",pixel,1988-2022 (35 water years),20000.0,10000,gamma(h) = 0.5 * mean (z_i - z_j)^2 over pairs in the lag bin
aeolian,20263810,isotropic,12125.0,151.55421933068254,262970,"veg_p05_temporal_mean residual (OLS, Stage 0)",pixel,1988-2022 (35 water years),20000.0,10000,gamma(h) = 0.5 * mean (z_i - z_j)^2 over pairs in the lag bin
aeolian,20263810,isotropic,12375.0,145.84388286911314,259051,"veg_p05_temporal_mean residual (OLS, Stage 0)",pixel,1988-2022 (35 water years),20000.0,10000,gamma(h) = 0.5 * mean (z_i - z_j)^2 over pairs in the lag bin
aeolian,20263810,isotropic,12625.0,147.0106599331455,257377,"veg_p05_temporal_mean residual (OLS, Stage 0)",pixel,1988-2022 (35 water years),20000.0,10000,gamma(h) = 0.5 * mean (z_i - z_j)^2 over pairs in the lag bin
aeolian,20263810,isotropic,12875.0,149.58307054197698,252853,"veg_p05_temporal_mean residual (OLS, Stage 0)",pixel,1988-2022 (35 water years),20000.0,10000,gamma(h) = 0.5 * mean (z_i - z_j)^2 over pairs in the lag bin
aeolian,20263810,isotropic,13125.0,157.58788015375654,248002,"veg_p05_temporal_mean residual (OLS, Stage 0)",pixel,1988-2022 (35 water years),20000.0,10000,gamma(h) = 0.5 * mean (z_i - z_j)^2 over pairs in the lag bin
aeolian,20263810,isotropic,13375.0,163.7361443878538,240067,"veg_p05_temporal_mean residual (OLS, Stage 0)",pixel,1988-2022 (35 water years),20000.0,10000,gamma(h) = 0.5 * mean (z_i - z_j)^2 over pairs in the lag bin
aeolian,20263810,isotropic,13625.0,164.15582632074117,236712,"veg_p05_temporal_mean residual (OLS, Stage 0)",pixel,1988-2022 (35 water years),20000.0,10000,gamma(h) = 0.5 * mean (z_i - z_j)^2 over pairs in the lag bin
aeolian,20263810,isotropic,13875.0,160.6701695280161,243784,"veg_p05_temporal_mean residual (OLS, Stage 0)",pixel,1988-2022 (35 water years),20000.0,10000,gamma(h) = 0.5 * mean (z_i - z_j)^2 over pairs in the lag bin
aeolian,20263810,isotropic,14125.0,167.79943019434617,258477,"veg_p05_temporal_mean residual (OLS, Stage 0)",pixel,1988-2022 (35 water years),20000.0,10000,gamma(h) = 0.5 * mean (z_i - z_j)^2 over pairs in the lag bin
aeolian,20263810,isotropic,14375.0,164.65276516839558,252931,"veg_p05_temporal_mean residual (OLS, Stage 0)",pixel,1988-2022 (35 water years),20000.0,10000,gamma(h) = 0.5 * mean (z_i - z_j)^2 over pairs in the lag bin
aeolian,20263810,isotropic,14625.0,166.23419928543433,229349,"veg_p05_temporal_mean residual (OLS, Stage 0)",pixel,1988-2022 (35 water years),20000.0,10000,gamma(h) = 0.5 * mean (z_i - z_j)^2 over pairs in the lag bin
aeolian,20263810,isotropic,14875.0,166.37210201262175,198940,"veg_p05_temporal_mean residual (OLS, Stage 0)",pixel,1988-2022 (35 water years),20000.0,10000,gamma(h) = 0.5 * mean (z_i - z_j)^2 over pairs in the lag bin
aeolian,20263810,isotropic,15125.0,160.59940761916866,169520,"veg_p05_temporal_mean residual (OLS, Stage 0)",pixel,1988-2022 (35 water years),20000.0,10000,gamma(h) = 0.5 * mean (z_i - z_j)^2 over pairs in the lag bin
aeolian,20263810,isotropic,15375.0,146.33500036013828,142051,"veg_p05_temporal_mean residual (OLS, Stage 0)",pixel,1988-2022 (35 water years),20000.0,10000,gamma(h) = 0.5 * mean (z_i - z_j)^2 over pairs in the lag bin
aeolian,20263810,isotropic,15625.0,128.41611623667015,120537,"veg_p05_temporal_mean residual (OLS, Stage 0)",pixel,1988-2022 (35 water years),20000.0,10000,gamma(h) = 0.5 * mean (z_i - z_j)^2 over pairs in the lag bin
aeolian,20263810,isotropic,15875.0,106.74434079949086,116183,"veg_p05_temporal_mean residual (OLS, Stage 0)",pixel,1988-2022 (35 water years),20000.0,10000,gamma(h) = 0.5 * mean (z_i - z_j)^2 over pairs in the lag bin
aeolian,20263810,isotropic,16125.0,102.40854968874413,118742,"veg_p05_temporal_mean residual (OLS, Stage 0)",pixel,1988-2022 (35 water years),20000.0,10000,gamma(h) = 0.5 * mean (z_i - z_j)^2 over pairs in the lag bin
aeolian,20263810,isotropic,16375.0,106.86910830102379,120504,"veg_p05_temporal_mean residual (OLS, Stage 0)",pixel,1988-2022 (35 water years),20000.0,10000,gamma(h) = 0.5 * mean (z_i - z_j)^2 over pairs in the lag bin
aeolian,20263810,isotropic,16625.0,115.92695080211116,121895,"veg_p05_temporal_mean residual (OLS, Stage 0)",pixel,1988-2022 (35 water years),20000.0,10000,gamma(h) = 0.5 * mean (z_i - z_j)^2 over pairs in the lag bin
aeolian,20263810,isotropic,16875.0,121.22274157818299,120996,"veg_p05_temporal_mean residual (OLS, Stage 0)",pixel,1988-2022 (35 water years),20000.0,10000,gamma(h) = 0.5 * mean (z_i - z_j)^2 over pairs in the lag bin
aeolian,20263810,isotropic,17125.0,122.21660297659548,110769,"veg_p05_temporal_mean residual (OLS, Stage 0)",pixel,1988-2022 (35 water years),20000.0,10000,gamma(h) = 0.5 * mean (z_i - z_j)^2 over pairs in the lag bin
aeolian,20263810,isotropic,17375.0,120.7170828964664,93910,"veg_p05_temporal_mean residual (OLS, Stage 0)",pixel,1988-2022 (35 water years),20000.0,10000,gamma(h) = 0.5 * mean (z_i - z_j)^2 over pairs in the lag bin
aeolian,20263810,isotropic,17625.0,125.81265277352871,82072,"veg_p05_temporal_mean residual (OLS, Stage 0)",pixel,1988-2022 (35 water years),20000.0,10000,gamma(h) = 0.5 * mean (z_i - z_j)^2 over pairs in the lag bin
aeolian,20263810,isotropic,17875.0,133.6216677413259,78649,"veg_p05_temporal_mean residual (OLS, Stage 0)",pixel,1988-2022 (35 water years),20000.0,10000,gamma(h) = 0.5 * mean (z_i - z_j)^2 over pairs in the lag bin
aeolian,20263810,isotropic,18125.0,141.16998887534936,84263,"veg_p05_temporal_mean residual (OLS, Stage 0)",pixel,1988-2022 (35 water years),20000.0,10000,gamma(h) = 0.5 * mean (z_i - z_j)^2 over pairs in the lag bin
aeolian,20263810,isotropic,18375.0,139.5207257339537,92656,"veg_p05_temporal_mean residual (OLS, Stage 0)",pixel,1988-2022 (35 water years),20000.0,10000,gamma(h) = 0.5 * mean (z_i - z_j)^2 over pairs in the lag bin
aeolian,20263810,isotropic,18625.0,138.18458382774358,105884,"veg_p05_temporal_mean residual (OLS, Stage 0)",pixel,1988-2022 (35 water years),20000.0,10000,gamma(h) = 0.5 * mean (z_i - z_j)^2 over pairs in the lag bin
aeolian,20263810,isotropic,18875.0,132.4424800463002,119616,"veg_p05_temporal_mean residual (OLS, Stage 0)",pixel,1988-2022 (35 water years),20000.0,10000,gamma(h) = 0.5 * mean (z_i - z_j)^2 over pairs in the lag bin
aeolian,20263810,isotropic,19125.0,126.47695162202747,127871,"veg_p05_temporal_mean residual (OLS, Stage 0)",pixel,1988-2022 (35 water years),20000.0,10000,gamma(h) = 0.5 * mean (z_i - z_j)^2 over pairs in the lag bin
aeolian,20263810,isotropic,19375.0,120.69806602289198,132154,"veg_p05_temporal_mean residual (OLS, Stage 0)",pixel,1988-2022 (35 water years),20000.0,10000,gamma(h) = 0.5 * mean (z_i - z_j)^2 over pairs in the lag bin
aeolian,20263810,isotropic,19625.0,117.76292666754861,133464,"veg_p05_temporal_mean residual (OLS, Stage 0)",pixel,1988-2022 (35 water years),20000.0,10000,gamma(h) = 0.5 * mean (z_i - z_j)^2 over pairs in the lag bin
aeolian,20263810,isotropic,19875.0,113.43823687988186,136631,"veg_p05_temporal_mean residual (OLS, Stage 0)",pixel,1988-2022 (35 water years),20000.0,10000,gamma(h) = 0.5 * mean (z_i - z_j)^2 over pairs in the lag bin
aeolian,20264810,isotropic,125.0,63.83797454120126,159574,"veg_p05_temporal_mean residual (OLS, Stage 0)",pixel,1988-2022 (35 water years),20000.0,10000,gamma(h) = 0.5 * mean (z_i - z_j)^2 over pairs in the lag bin
aeolian,20264810,isotropic,375.0,107.74558093118192,368671,"veg_p05_temporal_mean residual (OLS, Stage 0)",pixel,1988-2022 (35 water years),20000.0,10000,gamma(h) = 0.5 * mean (z_i - z_j)^2 over pairs in the lag bin
aeolian,20264810,isotropic,625.0,127.95755653437512,486878,"veg_p05_temporal_mean residual (OLS, Stage 0)",pixel,1988-2022 (35 water years),20000.0,10000,gamma(h) = 0.5 * mean (z_i - z_j)^2 over pairs in the lag bin
aeolian,20264810,isotropic,875.0,139.41138825055782,534573,"veg_p05_temporal_mean residual (OLS, Stage 0)",pixel,1988-2022 (35 water years),20000.0,10000,gamma(h) = 0.5 * mean (z_i - z_j)^2 over pairs in the lag bin
aeolian,20264810,isotropic,1125.0,148.81261089787972,544471,"veg_p05_temporal_mean residual (OLS, Stage 0)",pixel,1988-2022 (35 water years),20000.0,10000,gamma(h) = 0.5 * mean (z_i - z_j)^2 over pairs in the lag bin
aeolian,20264810,isotropic,1375.0,152.3862910482466,537351,"veg_p05_temporal_mean residual (OLS, Stage 0)",pixel,1988-2022 (35 water years),20000.0,10000,gamma(h) = 0.5 * mean (z_i - z_j)^2 over pairs in the lag bin
aeolian,20264810,isotropic,1625.0,154.44974217672876,526181,"veg_p05_temporal_mean residual (OLS, Stage 0)",pixel,1988-2022 (35 water years),20000.0,10000,gamma(h) = 0.5 * mean (z_i - z_j)^2 over pairs in the lag bin
aeolian,20264810,isotropic,1875.0,156.5072262958172,525405,"veg_p05_temporal_mean residual (OLS, Stage 0)",pixel,1988-2022 (35 water years),20000.0,10000,gamma(h) = 0.5 * mean (z_i - z_j)^2 over pairs in the lag bin
aeolian,20264810,isotropic,2125.0,153.08790533858934,536933,"veg_p05_temporal_mean residual (OLS, Stage 0)",pixel,1988-2022 (35 water years),20000.0,10000,gamma(h) = 0.5 * mean (z_i - z_j)^2 over pairs in the lag bin
aeolian,20264810,isotropic,2375.0,152.87515609849484,554126,"veg_p05_temporal_mean residual (OLS, Stage 0)",pixel,1988-2022 (35 water years),20000.0,10000,gamma(h) = 0.5 * mean (z_i - z_j)^2 over pairs in the lag bin
aeolian,20264810,isotropic,2625.0,151.92374584456485,575043,"veg_p05_temporal_mean residual (OLS, Stage 0)",pixel,1988-2022 (35 water years),20000.0,10000,gamma(h) = 0.5 * mean (z_i - z_j)^2 over pairs in the lag bin
aeolian,20264810,isotropic,2875.0,146.3084857997423,572661,"veg_p05_temporal_mean residual (OLS, Stage 0)",pixel,1988-2022 (35 water years),20000.0,10000,gamma(h) = 0.5 * mean (z_i - z_j)^2 over pairs in the lag bin
aeolian,20264810,isotropic,3125.0,145.40313208962115,577136,"veg_p05_temporal_mean residual (OLS, Stage 0)",pixel,1988-2022 (35 water years),20000.0,10000,gamma(h) = 0.5 * mean (z_i - z_j)^2 over pairs in the lag bin
aeolian,20264810,isotropic,3375.0,146.77544960032031,579960,"veg_p05_temporal_mean residual (OLS, Stage 0)",pixel,1988-2022 (35 water years),20000.0,10000,gamma(h) = 0.5 * mean (z_i - z_j)^2 over pairs in the lag bin
aeolian,20264810,isotropic,3625.0,145.34944829504553,581479,"veg_p05_temporal_mean residual (OLS, Stage 0)",pixel,1988-2022 (35 water years),20000.0,10000,gamma(h) = 0.5 * mean (z_i - z_j)^2 over pairs in the lag bin
aeolian,20264810,isotropic,3875.0,149.0082949478502,606383,"veg_p05_temporal_mean residual (OLS, Stage 0)",pixel,1988-2022 (35 water years),20000.0,10000,gamma(h) = 0.5 * mean (z_i - z_j)^2 over pairs in the lag bin
aeolian,20264810,isotropic,4125.0,151.85561861418887,634293,"veg_p05_temporal_mean residual (OLS, Stage 0)",pixel,1988-2022 (35 water years),20000.0,10000,gamma(h) = 0.5 * mean (z_i - z_j)^2 over pairs in the lag bin
aeolian,20264810,isotropic,4375.0,151.40096596571524,664736,"veg_p05_temporal_mean residual (OLS, Stage 0)",pixel,1988-2022 (35 water years),20000.0,10000,gamma(h) = 0.5 * mean (z_i - z_j)^2 over pairs in the lag bin
aeolian,20264810,isotropic,4625.0,153.7178819887998,697884,"veg_p05_temporal_mean residual (OLS, Stage 0)",pixel,1988-2022 (35 water years),20000.0,10000,gamma(h) = 0.5 * mean (z_i - z_j)^2 over pairs in the lag bin
aeolian,20264810,isotropic,4875.0,155.6065646277161,712170,"veg_p05_temporal_mean residual (OLS, Stage 0)",pixel,1988-2022 (35 water years),20000.0,10000,gamma(h) = 0.5 * mean (z_i - z_j)^2 over pairs in the lag bin
aeolian,20264810,isotropic,5125.0,162.14313769127676,734405,"veg_p05_temporal_mean residual (OLS, Stage 0)",pixel,1988-2022 (35 water years),20000.0,10000,gamma(h) = 0.5 * mean (z_i - z_j)^2 over pairs in the lag bin
aeolian,20264810,isotropic,5375.0,165.32813930181356,765293,"veg_p05_temporal_mean residual (OLS, Stage 0)",pixel,1988-2022 (35 water years),20000.0,10000,gamma(h) = 0.5 * mean (z_i - z_j)^2 over pairs in the lag bin
aeolian,20264810,isotropic,5625.0,172.38368802677235,814783,"veg_p05_temporal_mean residual (OLS, Stage 0)",pixel,1988-2022 (35 water years),20000.0,10000,gamma(h) = 0.5 * mean (z_i - z_j)^2 over pairs in the lag bin
aeolian,20264810,isotropic,5875.0,176.03637488755615,847414,"veg_p05_temporal_mean residual (OLS, Stage 0)",pixel,1988-2022 (35 water years),20000.0,10000,gamma(h) = 0.5 * mean (z_i - z_j)^2 over pairs in the lag bin
aeolian,20264810,isotropic,6125.0,175.38261628113608,863339,"veg_p05_temporal_mean residual (OLS, Stage 0)",pixel,1988-2022 (35 water years),20000.0,10000,gamma(h) = 0.5 * mean (z_i - z_j)^2 over pairs in the lag bin
aeolian,20264810,isotropic,6375.0,179.35790709354546,878277,"veg_p05_temporal_mean residual (OLS, Stage 0)",pixel,1988-2022 (35 water years),20000.0,10000,gamma(h) = 0.5 * mean (z_i - z_j)^2 over pairs in the lag bin
aeolian,20264810,isotropic,6625.0,180.96684724518153,877204,"veg_p05_temporal_mean residual (OLS, Stage 0)",pixel,1988-2022 (35 water years),20000.0,10000,gamma(h) = 0.5 * mean (z_i - z_j)^2 over pairs in the lag bin
aeolian,20264810,isotropic,6875.0,180.65183338304942,847331,"veg_p05_temporal_mean residual (OLS, Stage 0)",pixel,1988-2022 (35 water years),20000.0,10000,gamma(h) = 0.5 * mean (z_i - z_j)^2 over pairs in the lag bin
aeolian,20264810,isotropic,7125.0,175.28606406029854,798296,"veg_p05_temporal_mean residual (OLS, Stage 0)",pixel,1988-2022 (35 water years),20000.0,10000,gamma(h) = 0.5 * mean (z_i - z_j)^2 over pairs in the lag bin
aeolian,20264810,isotropic,7375.0,174.25853407456677,740320,"veg_p05_temporal_mean residual (OLS, Stage 0)",pixel,1988-2022 (35 water years),20000.0,10000,gamma(h) = 0.5 * mean (z_i - z_j)^2 over pairs in the lag bin
aeolian,20264810,isotropic,7625.0,181.1443068254359,714651,"veg_p05_temporal_mean residual (OLS, Stage 0)",pixel,1988-2022 (35 water years),20000.0,10000,gamma(h) = 0.5 * mean (z_i - z_j)^2 over pairs in the lag bin
aeolian,20264810,isotropic,7875.0,181.26895797490837,703957,"veg_p05_temporal_mean residual (OLS, Stage 0)",pixel,1988-2022 (35 water years),20000.0,10000,gamma(h) = 0.5 * mean (z_i - z_j)^2 over pairs in the lag bin
aeolian,20264810,isotropic,8125.0,177.92586022786313,700301,"veg_p05_temporal_mean residual (OLS, Stage 0)",pixel,1988-2022 (35 water years),20000.0,10000,gamma(h) = 0.5 * mean (z_i - z_j)^2 over pairs in the lag bin
aeolian,20264810,isotropic,8375.0,171.98235924298402,695281,"veg_p05_temporal_mean residual (OLS, Stage 0)",pixel,1988-2022 (35 water years),20000.0,10000,gamma(h) = 0.5 * mean (z_i - z_j)^2 over pairs in the lag bin
aeolian,20264810,isotropic,8625.0,167.76221132032393,667558,"veg_p05_temporal_mean residual (OLS, Stage 0)",pixel,1988-2022 (35 water years),20000.0,10000,gamma(h) = 0.5 * mean (z_i - z_j)^2 over pairs in the lag bin
aeolian,20264810,isotropic,8875.0,171.95317060830246,602691,"veg_p05_temporal_mean residual (OLS, Stage 0)",pixel,1988-2022 (35 water years),20000.0,10000,gamma(h) = 0.5 * mean (z_i - z_j)^2 over pairs in the lag bin
aeolian,20264810,isotropic,9125.0,170.6554258981286,529862,"veg_p05_temporal_mean residual (OLS, Stage 0)",pixel,1988-2022 (35 water years),20000.0,10000,gamma(h) = 0.5 * mean (z_i - z_j)^2 over pairs in the lag bin
aeolian,20264810,isotropic,9375.0,179.18333213304882,454531,"veg_p05_temporal_mean residual (OLS, Stage 0)",pixel,1988-2022 (35 water years),20000.0,10000,gamma(h) = 0.5 * mean (z_i - z_j)^2 over pairs in the lag bin
aeolian,20264810,isotropic,9625.0,185.11802251128617,380940,"veg_p05_temporal_mean residual (OLS, Stage 0)",pixel,1988-2022 (35 water years),20000.0,10000,gamma(h) = 0.5 * mean (z_i - z_j)^2 over pairs in the lag bin
aeolian,20264810,isotropic,9875.0,173.87890159898217,326939,"veg_p05_temporal_mean residual (OLS, Stage 0)",pixel,1988-2022 (35 water years),20000.0,10000,gamma(h) = 0.5 * mean (z_i - z_j)^2 over pairs in the lag bin
aeolian,20264810,isotropic,10125.0,170.32365361102376,300065,"veg_p05_temporal_mean residual (OLS, Stage 0)",pixel,1988-2022 (35 water years),20000.0,10000,gamma(h) = 0.5 * mean (z_i - z_j)^2 over pairs in the lag bin
aeolian,20264810,isotropic,10375.0,169.59516678174813,286477,"veg_p05_temporal_mean residual (OLS, Stage 0)",pixel,1988-2022 (35 water years),20000.0,10000,gamma(h) = 0.5 * mean (z_i - z_j)^2 over pairs in the lag bin
aeolian,20264810,isotropic,10625.0,161.54894327726487,278708,"veg_p05_temporal_mean residual (OLS, Stage 0)",pixel,1988-2022 (35 water years),20000.0,10000,gamma(h) = 0.5 * mean (z_i - z_j)^2 over pairs in the lag bin
aeolian,20264810,isotropic,10875.0,144.1881941511358,271977,"veg_p05_temporal_mean residual (OLS, Stage 0)",pixel,1988-2022 (35 water years),20000.0,10000,gamma(h) = 0.5 * mean (z_i - z_j)^2 over pairs in the lag bin
aeolian,20264810,isotropic,11125.0,140.5492513737361,267321,"veg_p05_temporal_mean residual (OLS, Stage 0)",pixel,1988-2022 (35 water years),20000.0,10000,gamma(h) = 0.5 * mean (z_i - z_j)^2 over pairs in the lag bin
aeolian,20264810,isotropic,11375.0,146.8436608737925,265917,"veg_p05_temporal_mean residual (OLS, Stage 0)",pixel,1988-2022 (35 water years),20000.0,10000,gamma(h) = 0.5 * mean (z_i - z_j)^2 over pairs in the lag bin
aeolian,20264810,isotropic,11625.0,154.16139095576403,268536,"veg_p05_temporal_mean residual (OLS, Stage 0)",pixel,1988-2022 (35 water years),20000.0,10000,gamma(h) = 0.5 * mean (z_i - z_j)^2 over pairs in the lag bin
aeolian,20264810,isotropic,11875.0,160.30100553892103,273359,"veg_p05_temporal_mean residual (OLS, Stage 0)",pixel,1988-2022 (35 water years),20000.0,10000,gamma(h) = 0.5 * mean (z_i - z_j)^2 over pairs in the lag bin
aeolian,20264810,isotropic,12125.0,153.09579180663206,273626,"veg_p05_temporal_mean residual (OLS, Stage 0)",pixel,1988-2022 (35 water years),20000.0,10000,gamma(h) = 0.5 * mean (z_i - z_j)^2 over pairs in the lag bin
aeolian,20264810,isotropic,12375.0,145.99352432407375,269504,"veg_p05_temporal_mean residual (OLS, Stage 0)",pixel,1988-2022 (35 water years),20000.0,10000,gamma(h) = 0.5 * mean (z_i - z_j)^2 over pairs in the lag bin
aeolian,20264810,isotropic,12625.0,144.9054034495304,266057,"veg_p05_temporal_mean residual (OLS, Stage 0)",pixel,1988-2022 (35 water years),20000.0,10000,gamma(h) = 0.5 * mean (z_i - z_j)^2 over pairs in the lag bin
aeolian,20264810,isotropic,12875.0,148.9586823205649,256688,"veg_p05_temporal_mean residual (OLS, Stage 0)",pixel,1988-2022 (35 water years),20000.0,10000,gamma(h) = 0.5 * mean (z_i - z_j)^2 over pairs in the lag bin
aeolian,20264810,isotropic,13125.0,159.6149588471595,244506,"veg_p05_temporal_mean residual (OLS, Stage 0)",pixel,1988-2022 (35 water years),20000.0,10000,gamma(h) = 0.5 * mean (z_i - z_j)^2 over pairs in the lag bin
aeolian,20264810,isotropic,13375.0,165.1413148712022,239975,"veg_p05_temporal_mean residual (OLS, Stage 0)",pixel,1988-2022 (35 water years),20000.0,10000,gamma(h) = 0.5 * mean (z_i - z_j)^2 over pairs in the lag bin
aeolian,20264810,isotropic,13625.0,164.6229018055687,237523,"veg_p05_temporal_mean residual (OLS, Stage 0)",pixel,1988-2022 (35 water years),20000.0,10000,gamma(h) = 0.5 * mean (z_i - z_j)^2 over pairs in the lag bin
aeolian,20264810,isotropic,13875.0,164.02722354234933,245869,"veg_p05_temporal_mean residual (OLS, Stage 0)",pixel,1988-2022 (35 water years),20000.0,10000,gamma(h) = 0.5 * mean (z_i - z_j)^2 over pairs in the lag bin
aeolian,20264810,isotropic,14125.0,172.97855644449916,264951,"veg_p05_temporal_mean residual (OLS, Stage 0)",pixel,1988-2022 (35 water years),20000.0,10000,gamma(h) = 0.5 * mean (z_i - z_j)^2 over pairs in the lag bin
aeolian,20264810,isotropic,14375.0,169.1732192736934,265435,"veg_p05_temporal_mean residual (OLS, Stage 0)",pixel,1988-2022 (35 water years),20000.0,10000,gamma(h) = 0.5 * mean (z_i - z_j)^2 over pairs in the lag bin
aeolian,20264810,isotropic,14625.0,171.5263521431766,243131,"veg_p05_temporal_mean residual (OLS, Stage 0)",pixel,1988-2022 (35 water years),20000.0,10000,gamma(h) = 0.5 * mean (z_i - z_j)^2 over pairs in the lag bin
aeolian,20264810,isotropic,14875.0,170.64005395414725,209271,"veg_p05_temporal_mean residual (OLS, Stage 0)",pixel,1988-2022 (35 water years),20000.0,10000,gamma(h) = 0.5 * mean (z_i - z_j)^2 over pairs in the lag bin
aeolian,20264810,isotropic,15125.0,165.89018800122923,177099,"veg_p05_temporal_mean residual (OLS, Stage 0)",pixel,1988-2022 (35 water years),20000.0,10000,gamma(h) = 0.5 * mean (z_i - z_j)^2 over pairs in the lag bin
aeolian,20264810,isotropic,15375.0,152.25219889401467,141598,"veg_p05_temporal_mean residual (OLS, Stage 0)",pixel,1988-2022 (35 water years),20000.0,10000,gamma(h) = 0.5 * mean (z_i - z_j)^2 over pairs in the lag bin
aeolian,20264810,isotropic,15625.0,130.70840519407864,115162,"veg_p05_temporal_mean residual (OLS, Stage 0)",pixel,1988-2022 (35 water years),20000.0,10000,gamma(h) = 0.5 * mean (z_i - z_j)^2 over pairs in the lag bin
aeolian,20264810,isotropic,15875.0,108.96366430967409,110242,"veg_p05_temporal_mean residual (OLS, Stage 0)",pixel,1988-2022 (35 water years),20000.0,10000,gamma(h) = 0.5 * mean (z_i - z_j)^2 over pairs in the lag bin
aeolian,20264810,isotropic,16125.0,103.61366813845193,114954,"veg_p05_temporal_mean residual (OLS, Stage 0)",pixel,1988-2022 (35 water years),20000.0,10000,gamma(h) = 0.5 * mean (z_i - z_j)^2 over pairs in the lag bin
aeolian,20264810,isotropic,16375.0,108.09333782623234,119338,"veg_p05_temporal_mean residual (OLS, Stage 0)",pixel,1988-2022 (35 water years),20000.0,10000,gamma(h) = 0.5 * mean (z_i - z_j)^2 over pairs in the lag bin
aeolian,20264810,isotropic,16625.0,116.75717962233757,123908,"veg_p05_temporal_mean residual (OLS, Stage 0)",pixel,1988-2022 (35 water years),20000.0,10000,gamma(h) = 0.5 * mean (z_i - z_j)^2 over pairs in the lag bin
aeolian,20264810,isotropic,16875.0,122.41445911436651,125739,"veg_p05_temporal_mean residual (OLS, Stage 0)",pixel,1988-2022 (35 water years),20000.0,10000,gamma(h) = 0.5 * mean (z_i - z_j)^2 over pairs in the lag bin
aeolian,20264810,isotropic,17125.0,119.23518150332677,117533,"veg_p05_temporal_mean residual (OLS, Stage 0)",pixel,1988-2022 (35 water years),20000.0,10000,gamma(h) = 0.5 * mean (z_i - z_j)^2 over pairs in the lag bin
aeolian,20264810,isotropic,17375.0,120.20591034366106,99866,"veg_p05_temporal_mean residual (OLS, Stage 0)",pixel,1988-2022 (35 water years),20000.0,10000,gamma(h) = 0.5 * mean (z_i - z_j)^2 over pairs in the lag bin
aeolian,20264810,isotropic,17625.0,127.50328027692628,85562,"veg_p05_temporal_mean residual (OLS, Stage 0)",pixel,1988-2022 (35 water years),20000.0,10000,gamma(h) = 0.5 * mean (z_i - z_j)^2 over pairs in the lag bin
aeolian,20264810,isotropic,17875.0,129.39850747960685,81160,"veg_p05_temporal_mean residual (OLS, Stage 0)",pixel,1988-2022 (35 water years),20000.0,10000,gamma(h) = 0.5 * mean (z_i - z_j)^2 over pairs in the lag bin
aeolian,20264810,isotropic,18125.0,138.01804777278832,86261,"veg_p05_temporal_mean residual (OLS, Stage 0)",pixel,1988-2022 (35 water years),20000.0,10000,gamma(h) = 0.5 * mean (z_i - z_j)^2 over pairs in the lag bin
aeolian,20264810,isotropic,18375.0,136.7452286436285,94523,"veg_p05_temporal_mean residual (OLS, Stage 0)",pixel,1988-2022 (35 water years),20000.0,10000,gamma(h) = 0.5 * mean (z_i - z_j)^2 over pairs in the lag bin
aeolian,20264810,isotropic,18625.0,134.34697843332816,107335,"veg_p05_temporal_mean residual (OLS, Stage 0)",pixel,1988-2022 (35 water years),20000.0,10000,gamma(h) = 0.5 * mean (z_i - z_j)^2 over pairs in the lag bin
aeolian,20264810,isotropic,18875.0,129.89396495888823,120120,"veg_p05_temporal_mean residual (OLS, Stage 0)",pixel,1988-2022 (35 water years),20000.0,10000,gamma(h) = 0.5 * mean (z_i - z_j)^2 over pairs in the lag bin
aeolian,20264810,isotropic,19125.0,125.20163581069953,128698,"veg_p05_temporal_mean residual (OLS, Stage 0)",pixel,1988-2022 (35 water years),20000.0,10000,gamma(h) = 0.5 * mean (z_i - z_j)^2 over pairs in the lag bin
aeolian,20264810,isotropic,19375.0,120.25216661584228,133612,"veg_p05_temporal_mean residual (OLS, Stage 0)",pixel,1988-2022 (35 water years),20000.0,10000,gamma(h) = 0.5 * mean (z_i - z_j)^2 over pairs in the lag bin
aeolian,20264810,isotropic,19625.0,115.65088805054302,133801,"veg_p05_temporal_mean residual (OLS, Stage 0)",pixel,1988-2022 (35 water years),20000.0,10000,gamma(h) = 0.5 * mean (z_i - z_j)^2 over pairs in the lag bin
aeolian,20264810,isotropic,19875.0,112.76851703035562,135008,"veg_p05_temporal_mean residual (OLS, Stage 0)",pixel,1988-2022 (35 water years),20000.0,10000,gamma(h) = 0.5 * mean (z_i - z_j)^2 over pairs in the lag bin
aeolian,20265810,isotropic,125.0,61.60250684189131,160129,"veg_p05_temporal_mean residual (OLS, Stage 0)",pixel,1988-2022 (35 water years),20000.0,10000,gamma(h) = 0.5 * mean (z_i - z_j)^2 over pairs in the lag bin
aeolian,20265810,isotropic,375.0,105.06051622101371,371401,"veg_p05_temporal_mean residual (OLS, Stage 0)",pixel,1988-2022 (35 water years),20000.0,10000,gamma(h) = 0.5 * mean (z_i - z_j)^2 over pairs in the lag bin
aeolian,20265810,isotropic,625.0,127.53943793652064,488573,"veg_p05_temporal_mean residual (OLS, Stage 0)",pixel,1988-2022 (35 water years),20000.0,10000,gamma(h) = 0.5 * mean (z_i - z_j)^2 over pairs in the lag bin
aeolian,20265810,isotropic,875.0,142.66065685441842,539095,"veg_p05_temporal_mean residual (OLS, Stage 0)",pixel,1988-2022 (35 water years),20000.0,10000,gamma(h) = 0.5 * mean (z_i - z_j)^2 over pairs in the lag bin
aeolian,20265810,isotropic,1125.0,154.13349600491327,552904,"veg_p05_temporal_mean residual (OLS, Stage 0)",pixel,1988-2022 (35 water years),20000.0,10000,gamma(h) = 0.5 * mean (z_i - z_j)^2 over pairs in the lag bin
aeolian,20265810,isotropic,1375.0,158.78257152315132,544208,"veg_p05_temporal_mean residual (OLS, Stage 0)",pixel,1988-2022 (35 water years),20000.0,10000,gamma(h) = 0.5 * mean (z_i - z_j)^2 over pairs in the lag bin
aeolian,20265810,isotropic,1625.0,160.72361732934687,530860,"veg_p05_temporal_mean residual (OLS, Stage 0)",pixel,1988-2022 (35 water years),20000.0,10000,gamma(h) = 0.5 * mean (z_i - z_j)^2 over pairs in the lag bin
aeolian,20265810,isotropic,1875.0,159.24586191259797,524439,"veg_p05_temporal_mean residual (OLS, Stage 0)",pixel,1988-2022 (35 water years),20000.0,10000,gamma(h) = 0.5 * mean (z_i - z_j)^2 over pairs in the lag bin
aeolian,20265810,isotropic,2125.0,155.05162760495517,529146,"veg_p05_temporal_mean residual (OLS, Stage 0)",pixel,1988-2022 (35 water years),20000.0,10000,gamma(h) = 0.5 * mean (z_i - z_j)^2 over pairs in the lag bin
aeolian,20265810,isotropic,2375.0,154.25120089169596,545103,"veg_p05_temporal_mean residual (OLS, Stage 0)",pixel,1988-2022 (35 water years),20000.0,10000,gamma(h) = 0.5 * mean (z_i - z_j)^2 over pairs in the lag bin
aeolian,20265810,isotropic,2625.0,154.30170410991985,565174,"veg_p05_temporal_mean residual (OLS, Stage 0)",pixel,1988-2022 (35 water years),20000.0,10000,gamma(h) = 0.5 * mean (z_i - z_j)^2 over pairs in the lag bin
aeolian,20265810,isotropic,2875.0,148.9655727350106,562479,"veg_p05_temporal_mean residual (OLS, Stage 0)",pixel,1988-2022 (35 water years),20000.0,10000,gamma(h) = 0.5 * mean (z_i - z_j)^2 over pairs in the lag bin
aeolian,20265810,isotropic,3125.0,146.31092589871048,565175,"veg_p05_temporal_mean residual (OLS, Stage 0)",pixel,1988-2022 (35 water years),20000.0,10000,gamma(h) = 0.5 * mean (z_i - z_j)^2 over pairs in the lag bin
aeolian,20265810,isotropic,3375.0,148.3689226343418,573023,"veg_p05_temporal_mean residual (OLS, Stage 0)",pixel,1988-2022 (35 water years),20000.0,10000,gamma(h) = 0.5 * mean (z_i - z_j)^2 over pairs in the lag bin
aeolian,20265810,isotropic,3625.0,147.5117983417806,573374,"veg_p05_temporal_mean residual (OLS, Stage 0)",pixel,1988-2022 (35 water years),20000.0,10000,gamma(h) = 0.5 * mean (z_i - z_j)^2 over pairs in the lag bin
aeolian,20265810,isotropic,3875.0,149.4329737983492,594969,"veg_p05_temporal_mean residual (OLS, Stage 0)",pixel,1988-2022 (35 water years),20000.0,10000,gamma(h) = 0.5 * mean (z_i - z_j)^2 over pairs in the lag bin
aeolian,20265810,isotropic,4125.0,151.73839146166517,623940,"veg_p05_temporal_mean residual (OLS, Stage 0)",pixel,1988-2022 (35 water years),20000.0,10000,gamma(h) = 0.5 * mean (z_i - z_j)^2 over pairs in the lag bin
aeolian,20265810,isotropic,4375.0,151.2616860050793,650728,"veg_p05_temporal_mean residual (OLS, Stage 0)",pixel,1988-2022 (35 water years),20000.0,10000,gamma(h) = 0.5 * mean (z_i - z_j)^2 over pairs in the lag bin
aeolian,20265810,isotropic,4625.0,152.09678196416252,691558,"veg_p05_temporal_mean residual (OLS, Stage 0)",pixel,1988-2022 (35 water years),20000.0,10000,gamma(h) = 0.5 * mean (z_i - z_j)^2 over pairs in the lag bin
aeolian,20265810,isotropic,4875.0,154.65079253299453,717008,"veg_p05_temporal_mean residual (OLS, Stage 0)",pixel,1988-2022 (35 water years),20000.0,10000,gamma(h) = 0.5 * mean (z_i - z_j)^2 over pairs in the lag bin
aeolian,20265810,isotropic,5125.0,161.61353625028067,736290,"veg_p05_temporal_mean residual (OLS, Stage 0)",pixel,1988-2022 (35 water years),20000.0,10000,gamma(h) = 0.5 * mean (z_i - z_j)^2 over pairs in the lag bin
aeolian,20265810,isotropic,5375.0,165.63778380345852,773642,"veg_p05_temporal_mean residual (OLS, Stage 0)",pixel,1988-2022 (35 water years),20000.0,10000,gamma(h) = 0.5 * mean (z_i - z_j)^2 over pairs in the lag bin
aeolian,20265810,isotropic,5625.0,171.4927459091996,819841,"veg_p05_temporal_mean residual (OLS, Stage 0)",pixel,1988-2022 (35 water years),20000.0,10000,gamma(h) = 0.5 * mean (z_i - z_j)^2 over pairs in the lag bin
aeolian,20265810,isotropic,5875.0,174.84451081412598,850055,"veg_p05_temporal_mean residual (OLS, Stage 0)",pixel,1988-2022 (35 water years),20000.0,10000,gamma(h) = 0.5 * mean (z_i - z_j)^2 over pairs in the lag bin
aeolian,20265810,isotropic,6125.0,176.30202604125927,867958,"veg_p05_temporal_mean residual (OLS, Stage 0)",pixel,1988-2022 (35 water years),20000.0,10000,gamma(h) = 0.5 * mean (z_i - z_j)^2 over pairs in the lag bin
aeolian,20265810,isotropic,6375.0,181.16584092900885,895372,"veg_p05_temporal_mean residual (OLS, Stage 0)",pixel,1988-2022 (35 water years),20000.0,10000,gamma(h) = 0.5 * mean (z_i - z_j)^2 over pairs in the lag bin
aeolian,20265810,isotropic,6625.0,182.8493690250508,888760,"veg_p05_temporal_mean residual (OLS, Stage 0)",pixel,1988-2022 (35 water years),20000.0,10000,gamma(h) = 0.5 * mean (z_i - z_j)^2 over pairs in the lag bin
aeolian,20265810,isotropic,6875.0,181.2988233355105,856664,"veg_p05_temporal_mean residual (OLS, Stage 0)",pixel,1988-2022 (35 water years),20000.0,10000,gamma(h) = 0.5 * mean (z_i - z_j)^2 over pairs in the lag bin
aeolian,20265810,isotropic,7125.0,177.89684615400972,816136,"veg_p05_temporal_mean residual (OLS, Stage 0)",pixel,1988-2022 (35 water years),20000.0,10000,gamma(h) = 0.5 * mean (z_i - z_j)^2 over pairs in the lag bin
aeolian,20265810,isotropic,7375.0,177.26841314204768,766894,"veg_p05_temporal_mean residual (OLS, Stage 0)",pixel,1988-2022 (35 water years),20000.0,10000,gamma(h) = 0.5 * mean (z_i - z_j)^2 over pairs in the lag bin
aeolian,20265810,isotropic,7625.0,183.73333510717143,732892,"veg_p05_temporal_mean residual (OLS, Stage 0)",pixel,1988-2022 (35 water years),20000.0,10000,gamma(h) = 0.5 * mean (z_i - z_j)^2 over pairs in the lag bin
aeolian,20265810,isotropic,7875.0,185.6490820242632,717667,"veg_p05_temporal_mean residual (OLS, Stage 0)",pixel,1988-2022 (35 water years),20000.0,10000,gamma(h) = 0.5 * mean (z_i - z_j)^2 over pairs in the lag bin
aeolian,20265810,isotropic,8125.0,180.9872653602336,701427,"veg_p05_temporal_mean residual (OLS, Stage 0)",pixel,1988-2022 (35 water years),20000.0,10000,gamma(h) = 0.5 * mean (z_i - z_j)^2 over pairs in the lag bin
aeolian,20265810,isotropic,8375.0,173.3777192172915,689958,"veg_p05_temporal_mean residual (OLS, Stage 0)",pixel,1988-2022 (35 water years),20000.0,10000,gamma(h) = 0.5 * mean (z_i - z_j)^2 over pairs in the lag bin
aeolian,20265810,isotropic,8625.0,169.80184494697622,662391,"veg_p05_temporal_mean residual (OLS, Stage 0)",pixel,1988-2022 (35 water years),20000.0,10000,gamma(h) = 0.5 * mean (z_i - z_j)^2 over pairs in the lag bin
aeolian,20265810,isotropic,8875.0,175.19741818497974,602250,"veg_p05_temporal_mean residual (OLS, Stage 0)",pixel,1988-2022 (35 water years),20000.0,10000,gamma(h) = 0.5 * mean (z_i - z_j)^2 over pairs in the lag bin
aeolian,20265810,isotropic,9125.0,171.92181200712457,530696,"veg_p05_temporal_mean residual (OLS, Stage 0)",pixel,1988-2022 (35 water years),20000.0,10000,gamma(h) = 0.5 * mean (z_i - z_j)^2 over pairs in the lag bin
aeolian,20265810,isotropic,9375.0,181.0775136387791,456609,"veg_p05_temporal_mean residual (OLS, Stage 0)",pixel,1988-2022 (35 water years),20000.0,10000,gamma(h) = 0.5 * mean (z_i - z_j)^2 over pairs in the lag bin
aeolian,20265810,isotropic,9625.0,185.36159760309644,382710,"veg_p05_temporal_mean residual (OLS, Stage 0)",pixel,1988-2022 (35 water years),20000.0,10000,gamma(h) = 0.5 * mean (z_i - z_j)^2 over pairs in the lag bin
aeolian,20265810,isotropic,9875.0,171.0276973317536,323538,"veg_p05_temporal_mean residual (OLS, Stage 0)",pixel,1988-2022 (35 water years),20000.0,10000,gamma(h) = 0.5 * mean (z_i - z_j)^2 over pairs in the lag bin
aeolian,20265810,isotropic,10125.0,164.92678760569726,294342,"veg_p05_temporal_mean residual (OLS, Stage 0)",pixel,1988-2022 (35 water years),20000.0,10000,gamma(h) = 0.5 * mean (z_i - z_j)^2 over pairs in the lag bin
aeolian,20265810,isotropic,10375.0,170.80879122098662,281143,"veg_p05_temporal_mean residual (OLS, Stage 0)",pixel,1988-2022 (35 water years),20000.0,10000,gamma(h) = 0.5 * mean (z_i - z_j)^2 over pairs in the lag bin
aeolian,20265810,isotropic,10625.0,159.02919588608415,274458,"veg_p05_temporal_mean residual (OLS, Stage 0)",pixel,1988-2022 (35 water years),20000.0,10000,gamma(h) = 0.5 * mean (z_i - z_j)^2 over pairs in the lag bin
aeolian,20265810,isotropic,10875.0,142.24858419762288,268314,"veg_p05_temporal_mean residual (OLS, Stage 0)",pixel,1988-2022 (35 water years),20000.0,10000,gamma(h) = 0.5 * mean (z_i - z_j)^2 over pairs in the lag bin
aeolian,20265810,isotropic,11125.0,139.32855398209563,270093,"veg_p05_temporal_mean residual (OLS, Stage 0)",pixel,1988-2022 (35 water years),20000.0,10000,gamma(h) = 0.5 * mean (z_i - z_j)^2 over pairs in the lag bin
aeolian,20265810,isotropic,11375.0,145.13298026669696,272561,"veg_p05_temporal_mean residual (OLS, Stage 0)",pixel,1988-2022 (35 water years),20000.0,10000,gamma(h) = 0.5 * mean (z_i - z_j)^2 over pairs in the lag bin
aeolian,20265810,isotropic,11625.0,155.0553453775876,277977,"veg_p05_temporal_mean residual (OLS, Stage 0)",pixel,1988-2022 (35 water years),20000.0,10000,gamma(h) = 0.5 * mean (z_i - z_j)^2 over pairs in the lag bin
aeolian,20265810,isotropic,11875.0,155.0222431516278,280013,"veg_p05_temporal_mean residual (OLS, Stage 0)",pixel,1988-2022 (35 water years),20000.0,10000,gamma(h) = 0.5 * mean (z_i - z_j)^2 over pairs in the lag bin
aeolian,20265810,isotropic,12125.0,149.9864546267838,283603,"veg_p05_temporal_mean residual (OLS, Stage 0)",pixel,1988-2022 (35 water years),20000.0,10000,gamma(h) = 0.5 * mean (z_i - z_j)^2 over pairs in the lag bin
aeolian,20265810,isotropic,12375.0,145.60162578085706,276908,"veg_p05_temporal_mean residual (OLS, Stage 0)",pixel,1988-2022 (35 water years),20000.0,10000,gamma(h) = 0.5 * mean (z_i - z_j)^2 over pairs in the lag bin
aeolian,20265810,isotropic,12625.0,145.92053338087544,273130,"veg_p05_temporal_mean residual (OLS, Stage 0)",pixel,1988-2022 (35 water years),20000.0,10000,gamma(h) = 0.5 * mean (z_i - z_j)^2 over pairs in the lag bin
aeolian,20265810,isotropic,12875.0,146.39343033009814,265825,"veg_p05_temporal_mean residual (OLS, Stage 0)",pixel,1988-2022 (35 water years),20000.0,10000,gamma(h) = 0.5 * mean (z_i - z_j)^2 over pairs in the lag bin
aeolian,20265810,isotropic,13125.0,160.06554021500483,255791,"veg_p05_temporal_mean residual (OLS, Stage 0)",pixel,1988-2022 (35 water years),20000.0,10000,gamma(h) = 0.5 * mean (z_i - z_j)^2 over pairs in the lag bin
aeolian,20265810,isotropic,13375.0,165.9983531437296,247135,"veg_p05_temporal_mean residual (OLS, Stage 0)",pixel,1988-2022 (35 water years),20000.0,10000,gamma(h) = 0.5 * mean (z_i - z_j)^2 over pairs in the lag bin
aeolian,20265810,isotropic,13625.0,164.1510890068311,239599,"veg_p05_temporal_mean residual (OLS, Stage 0)",pixel,1988-2022 (35 water years),20000.0,10000,gamma(h) = 0.5 * mean (z_i - z_j)^2 over pairs in the lag bin
aeolian,20265810,isotropic,13875.0,160.11132075570066,241066,"veg_p05_temporal_mean residual (OLS, Stage 0)",pixel,1988-2022 (35 water years),20000.0,10000,gamma(h) = 0.5 * mean (z_i - z_j)^2 over pairs in the lag bin
aeolian,20265810,isotropic,14125.0,169.05855018412987,252833,"veg_p05_temporal_mean residual (OLS, Stage 0)",pixel,1988-2022 (35 water years),20000.0,10000,gamma(h) = 0.5 * mean (z_i - z_j)^2 over pairs in the lag bin
aeolian,20265810,isotropic,14375.0,166.8260707344946,253119,"veg_p05_temporal_mean residual (OLS, Stage 0)",pixel,1988-2022 (35 water years),20000.0,10000,gamma(h) = 0.5 * mean (z_i - z_j)^2 over pairs in the lag bin
aeolian,20265810,isotropic,14625.0,171.25510938043232,235882,"veg_p05_temporal_mean residual (OLS, Stage 0)",pixel,1988-2022 (35 water years),20000.0,10000,gamma(h) = 0.5 * mean (z_i - z_j)^2 over pairs in the lag bin
aeolian,20265810,isotropic,14875.0,175.21734901037402,206223,"veg_p05_temporal_mean residual (OLS, Stage 0)",pixel,1988-2022 (35 water years),20000.0,10000,gamma(h) = 0.5 * mean (z_i - z_j)^2 over pairs in the lag bin
aeolian,20265810,isotropic,15125.0,175.41457893227727,173026,"veg_p05_temporal_mean residual (OLS, Stage 0)",pixel,1988-2022 (35 water years),20000.0,10000,gamma(h) = 0.5 * mean (z_i - z_j)^2 over pairs in the lag bin
aeolian,20265810,isotropic,15375.0,158.7717848723653,136256,"veg_p05_temporal_mean residual (OLS, Stage 0)",pixel,1988-2022 (35 water years),20000.0,10000,gamma(h) = 0.5 * mean (z_i - z_j)^2 over pairs in the lag bin
aeolian,20265810,isotropic,15625.0,135.90566634644364,110906,"veg_p05_temporal_mean residual (OLS, Stage 0)",pixel,1988-2022 (35 water years),20000.0,10000,gamma(h) = 0.5 * mean (z_i - z_j)^2 over pairs in the lag bin
aeolian,20265810,isotropic,15875.0,109.1156842495427,105320,"veg_p05_temporal_mean residual (OLS, Stage 0)",pixel,1988-2022 (35 water years),20000.0,10000,gamma(h) = 0.5 * mean (z_i - z_j)^2 over pairs in the lag bin
aeolian,20265810,isotropic,16125.0,98.52419521042253,106556,"veg_p05_temporal_mean residual (OLS, Stage 0)",pixel,1988-2022 (35 water years),20000.0,10000,gamma(h) = 0.5 * mean (z_i - z_j)^2 over pairs in the lag bin
aeolian,20265810,isotropic,16375.0,102.26237509946351,109878,"veg_p05_temporal_mean residual (OLS, Stage 0)",pixel,1988-2022 (35 water years),20000.0,10000,gamma(h) = 0.5 * mean (z_i - z_j)^2 over pairs in the lag bin
aeolian,20265810,isotropic,16625.0,109.38368064315937,114813,"veg_p05_temporal_mean residual (OLS, Stage 0)",pixel,1988-2022 (35 water years),20000.0,10000,gamma(h) = 0.5 * mean (z_i - z_j)^2 over pairs in the lag bin
aeolian,20265810,isotropic,16875.0,114.57577698911744,117471,"veg_p05_temporal_mean residual (OLS, Stage 0)",pixel,1988-2022 (35 water years),20000.0,10000,gamma(h) = 0.5 * mean (z_i - z_j)^2 over pairs in the lag bin
aeolian,20265810,isotropic,17125.0,118.81741249222193,108002,"veg_p05_temporal_mean residual (OLS, Stage 0)",pixel,1988-2022 (35 water years),20000.0,10000,gamma(h) = 0.5 * mean (z_i - z_j)^2 over pairs in the lag bin
aeolian,20265810,isotropic,17375.0,120.52954985596604,89688,"veg_p05_temporal_mean residual (OLS, Stage 0)",pixel,1988-2022 (35 water years),20000.0,10000,gamma(h) = 0.5 * mean (z_i - z_j)^2 over pairs in the lag bin
aeolian,20265810,isotropic,17625.0,128.12290818821356,75734,"veg_p05_temporal_mean residual (OLS, Stage 0)",pixel,1988-2022 (35 water years),20000.0,10000,gamma(h) = 0.5 * mean (z_i - z_j)^2 over pairs in the lag bin
aeolian,20265810,isotropic,17875.0,133.0682602892037,70573,"veg_p05_temporal_mean residual (OLS, Stage 0)",pixel,1988-2022 (35 water years),20000.0,10000,gamma(h) = 0.5 * mean (z_i - z_j)^2 over pairs in the lag bin
aeolian,20265810,isotropic,18125.0,139.01219326866763,74474,"veg_p05_temporal_mean residual (OLS, Stage 0)",pixel,1988-2022 (35 water years),20000.0,10000,gamma(h) = 0.5 * mean (z_i - z_j)^2 over pairs in the lag bin
aeolian,20265810,isotropic,18375.0,137.77049356360865,82151,"veg_p05_temporal_mean residual (OLS, Stage 0)",pixel,1988-2022 (35 water years),20000.0,10000,gamma(h) = 0.5 * mean (z_i - z_j)^2 over pairs in the lag bin
aeolian,20265810,isotropic,18625.0,133.4308264894083,96260,"veg_p05_temporal_mean residual (OLS, Stage 0)",pixel,1988-2022 (35 water years),20000.0,10000,gamma(h) = 0.5 * mean (z_i - z_j)^2 over pairs in the lag bin
aeolian,20265810,isotropic,18875.0,130.14665924018095,110046,"veg_p05_temporal_mean residual (OLS, Stage 0)",pixel,1988-2022 (35 water years),20000.0,10000,gamma(h) = 0.5 * mean (z_i - z_j)^2 over pairs in the lag bin
aeolian,20265810,isotropic,19125.0,127.98543465619755,118064,"veg_p05_temporal_mean residual (OLS, Stage 0)",pixel,1988-2022 (35 water years),20000.0,10000,gamma(h) = 0.5 * mean (z_i - z_j)^2 over pairs in the lag bin
aeolian,20265810,isotropic,19375.0,122.12782171695324,124734,"veg_p05_temporal_mean residual (OLS, Stage 0)",pixel,1988-2022 (35 water years),20000.0,10000,gamma(h) = 0.5 * mean (z_i - z_j)^2 over pairs in the lag bin
aeolian,20265810,isotropic,19625.0,118.41715169647057,126047,"veg_p05_temporal_mean residual (OLS, Stage 0)",pixel,1988-2022 (35 water years),20000.0,10000,gamma(h) = 0.5 * mean (z_i - z_j)^2 over pairs in the lag bin
aeolian,20265810,isotropic,19875.0,115.07674615691148,127031,"veg_p05_temporal_mean residual (OLS, Stage 0)",pixel,1988-2022 (35 water years),20000.0,10000,gamma(h) = 0.5 * mean (z_i - z_j)^2 over pairs in the lag bin
aeolian,20266810,isotropic,125.0,64.52219949833159,160527,"veg_p05_temporal_mean residual (OLS, Stage 0)",pixel,1988-2022 (35 water years),20000.0,10000,gamma(h) = 0.5 * mean (z_i - z_j)^2 over pairs in the lag bin
aeolian,20266810,isotropic,375.0,107.27178555846301,373022,"veg_p05_temporal_mean residual (OLS, Stage 0)",pixel,1988-2022 (35 water years),20000.0,10000,gamma(h) = 0.5 * mean (z_i - z_j)^2 over pairs in the lag bin
aeolian,20266810,isotropic,625.0,128.30556850673457,494354,"veg_p05_temporal_mean residual (OLS, Stage 0)",pixel,1988-2022 (35 water years),20000.0,10000,gamma(h) = 0.5 * mean (z_i - z_j)^2 over pairs in the lag bin
aeolian,20266810,isotropic,875.0,141.05602975465064,541785,"veg_p05_temporal_mean residual (OLS, Stage 0)",pixel,1988-2022 (35 water years),20000.0,10000,gamma(h) = 0.5 * mean (z_i - z_j)^2 over pairs in the lag bin
aeolian,20266810,isotropic,1125.0,151.0222877006273,551962,"veg_p05_temporal_mean residual (OLS, Stage 0)",pixel,1988-2022 (35 water years),20000.0,10000,gamma(h) = 0.5 * mean (z_i - z_j)^2 over pairs in the lag bin
aeolian,20266810,isotropic,1375.0,154.94160082299504,548186,"veg_p05_temporal_mean residual (OLS, Stage 0)",pixel,1988-2022 (35 water years),20000.0,10000,gamma(h) = 0.5 * mean (z_i - z_j)^2 over pairs in the lag bin
aeolian,20266810,isotropic,1625.0,155.68346313298596,538662,"veg_p05_temporal_mean residual (OLS, Stage 0)",pixel,1988-2022 (35 water years),20000.0,10000,gamma(h) = 0.5 * mean (z_i - z_j)^2 over pairs in the lag bin
aeolian,20266810,isotropic,1875.0,154.6661294043855,534313,"veg_p05_temporal_mean residual (OLS, Stage 0)",pixel,1988-2022 (35 water years),20000.0,10000,gamma(h) = 0.5 * mean (z_i - z_j)^2 over pairs in the lag bin
aeolian,20266810,isotropic,2125.0,152.4352512850566,547680,"veg_p05_temporal_mean residual (OLS, Stage 0)",pixel,1988-2022 (35 water years),20000.0,10000,gamma(h) = 0.5 * mean (z_i - z_j)^2 over pairs in the lag bin
aeolian,20266810,isotropic,2375.0,153.05646828059673,563435,"veg_p05_temporal_mean residual (OLS, Stage 0)",pixel,1988-2022 (35 water years),20000.0,10000,gamma(h) = 0.5 * mean (z_i - z_j)^2 over pairs in the lag bin
aeolian,20266810,isotropic,2625.0,153.5750167066532,581769,"veg_p05_temporal_mean residual (OLS, Stage 0)",pixel,1988-2022 (35 water years),20000.0,10000,gamma(h) = 0.5 * mean (z_i - z_j)^2 over pairs in the lag bin
aeolian,20266810,isotropic,2875.0,148.2993928595182,575448,"veg_p05_temporal_mean residual (OLS, Stage 0)",pixel,1988-2022 (35 water years),20000.0,10000,gamma(h) = 0.5 * mean (z_i - z_j)^2 over pairs in the lag bin
aeolian,20266810,isotropic,3125.0,145.804919476499,569667,"veg_p05_temporal_mean residual (OLS, Stage 0)",pixel,1988-2022 (35 water years),20000.0,10000,gamma(h) = 0.5 * mean (z_i - z_j)^2 over pairs in the lag bin
aeolian,20266810,isotropic,3375.0,147.0769261380602,572766,"veg_p05_temporal_mean residual (OLS, Stage 0)",pixel,1988-2022 (35 water years),20000.0,10000,gamma(h) = 0.5 * mean (z_i - z_j)^2 over pairs in the lag bin
aeolian,20266810,isotropic,3625.0,146.41117328837967,577914,"veg_p05_temporal_mean residual (OLS, Stage 0)",pixel,1988-2022 (35 water years),20000.0,10000,gamma(h) = 0.5 * mean (z_i - z_j)^2 over pairs in the lag bin
aeolian,20266810,isotropic,3875.0,150.38635638467525,595852,"veg_p05_temporal_mean residual (OLS, Stage 0)",pixel,1988-2022 (35 water years),20000.0,10000,gamma(h) = 0.5 * mean (z_i - z_j)^2 over pairs in the lag bin
aeolian,20266810,isotropic,4125.0,152.17227840792444,619177,"veg_p05_temporal_mean residual (OLS, Stage 0)",pixel,1988-2022 (35 water years),20000.0,10000,gamma(h) = 0.5 * mean (z_i - z_j)^2 over pairs in the lag bin
aeolian,20266810,isotropic,4375.0,150.68700896113336,647284,"veg_p05_temporal_mean residual (OLS, Stage 0)",pixel,1988-2022 (35 water years),20000.0,10000,gamma(h) = 0.5 * mean (z_i - z_j)^2 over pairs in the lag bin
aeolian,20266810,isotropic,4625.0,150.97159595958414,689342,"veg_p05_temporal_mean residual (OLS, Stage 0)",pixel,1988-2022 (35 water years),20000.0,10000,gamma(h) = 0.5 * mean (z_i - z_j)^2 over pairs in the lag bin
aeolian,20266810,isotropic,4875.0,154.55121973911062,712925,"veg_p05_temporal_mean residual (OLS, Stage 0)",pixel,1988-2022 (35 water years),20000.0,10000,gamma(h) = 0.5 * mean (z_i - z_j)^2 over pairs in the lag bin
aeolian,20266810,isotropic,5125.0,160.32388033943175,732341,"veg_p05_temporal_mean residual (OLS, Stage 0)",pixel,1988-2022 (35 water years),20000.0,10000,gamma(h) = 0.5 * mean (z_i - z_j)^2 over pairs in the lag bin
aeolian,20266810,isotropic,5375.0,166.5042027488953,765946,"veg_p05_temporal_mean residual (OLS, Stage 0)",pixel,1988-2022 (35 water years),20000.0,10000,gamma(h) = 0.5 * mean (z_i - z_j)^2 over pairs in the lag bin
aeolian,20266810,isotropic,5625.0,173.0674895230299,816812,"veg_p05_temporal_mean residual (OLS, Stage 0)",pixel,1988-2022 (35 water years),20000.0,10000,gamma(h) = 0.5 * mean (z_i - z_j)^2 over pairs in the lag bin
aeolian,20266810,isotropic,5875.0,174.85318667778452,854091,"veg_p05_temporal_mean residual (OLS, Stage 0)",pixel,1988-2022 (35 water years),20000.0,10000,gamma(h) = 0.5 * mean (z_i - z_j)^2 over pairs in the lag bin
aeolian,20266810,isotropic,6125.0,175.4755225869097,874377,"veg_p05_temporal_mean residual (OLS, Stage 0)",pixel,1988-2022 (35 water years),20000.0,10000,gamma(h) = 0.5 * mean (z_i - z_j)^2 over pairs in the lag bin
aeolian,20266810,isotropic,6375.0,179.6069861120197,890813,"veg_p05_temporal_mean residual (OLS, Stage 0)",pixel,1988-2022 (35 water years),20000.0,10000,gamma(h) = 0.5 * mean (z_i - z_j)^2 over pairs in the lag bin
aeolian,20266810,isotropic,6625.0,181.24051283918476,885003,"veg_p05_temporal_mean residual (OLS, Stage 0)",pixel,1988-2022 (35 water years),20000.0,10000,gamma(h) = 0.5 * mean (z_i - z_j)^2 over pairs in the lag bin
aeolian,20266810,isotropic,6875.0,178.44986322359335,855809,"veg_p05_temporal_mean residual (OLS, Stage 0)",pixel,1988-2022 (35 water years),20000.0,10000,gamma(h) = 0.5 * mean (z_i - z_j)^2 over pairs in the lag bin
aeolian,20266810,isotropic,7125.0,174.0200670011955,811930,"veg_p05_temporal_mean residual (OLS, Stage 0)",pixel,1988-2022 (35 water years),20000.0,10000,gamma(h) = 0.5 * mean (z_i - z_j)^2 over pairs in the lag bin
aeolian,20266810,isotropic,7375.0,176.84472503895685,759194,"veg_p05_temporal_mean residual (OLS, Stage 0)",pixel,1988-2022 (35 water years),20000.0,10000,gamma(h) = 0.5 * mean (z_i - z_j)^2 over pairs in the lag bin
aeolian,20266810,isotropic,7625.0,183.4358561710618,730720,"veg_p05_temporal_mean residual (OLS, Stage 0)",pixel,1988-2022 (35 water years),20000.0,10000,gamma(h) = 0.5 * mean (z_i - z_j)^2 over pairs in the lag bin
aeolian,20266810,isotropic,7875.0,184.85262506987783,716587,"veg_p05_temporal_mean residual (OLS, Stage 0)",pixel,1988-2022 (35 water years),20000.0,10000,gamma(h) = 0.5 * mean (z_i - z_j)^2 over pairs in the lag bin
aeolian,20266810,isotropic,8125.0,181.25946954887237,695213,"veg_p05_temporal_mean residual (OLS, Stage 0)",pixel,1988-2022 (35 water years),20000.0,10000,gamma(h) = 0.5 * mean (z_i - z_j)^2 over pairs in the lag bin
aeolian,20266810,isotropic,8375.0,176.75758974841625,692059,"veg_p05_temporal_mean residual (OLS, Stage 0)",pixel,1988-2022 (35 water years),20000.0,10000,gamma(h) = 0.5 * mean (z_i - z_j)^2 over pairs in the lag bin
aeolian,20266810,isotropic,8625.0,172.87956619658908,673567,"veg_p05_temporal_mean residual (OLS, Stage 0)",pixel,1988-2022 (35 water years),20000.0,10000,gamma(h) = 0.5 * mean (z_i - z_j)^2 over pairs in the lag bin
aeolian,20266810,isotropic,8875.0,177.19663948035597,608734,"veg_p05_temporal_mean residual (OLS, Stage 0)",pixel,1988-2022 (35 water years),20000.0,10000,gamma(h) = 0.5 * mean (z_i - z_j)^2 over pairs in the lag bin
aeolian,20266810,isotropic,9125.0,176.67205116193824,536733,"veg_p05_temporal_mean residual (OLS, Stage 0)",pixel,1988-2022 (35 water years),20000.0,10000,gamma(h) = 0.5 * mean (z_i - z_j)^2 over pairs in the lag bin
aeolian,20266810,isotropic,9375.0,183.6773271565422,460370,"veg_p05_temporal_mean residual (OLS, Stage 0)",pixel,1988-2022 (35 water years),20000.0,10000,gamma(h) = 0.5 * mean (z_i - z_j)^2 over pairs in the lag bin
aeolian,20266810,isotropic,9625.0,188.46659905359874,381668,"veg_p05_temporal_mean residual (OLS, Stage 0)",pixel,1988-2022 (35 water years),20000.0,10000,gamma(h) = 0.5 * mean (z_i - z_j)^2 over pairs in the lag bin
aeolian,20266810,isotropic,9875.0,172.24650043907266,321137,"veg_p05_temporal_mean residual (OLS, Stage 0)",pixel,1988-2022 (35 water years),20000.0,10000,gamma(h) = 0.5 * mean (z_i - z_j)^2 over pairs in the lag bin
aeolian,20266810,isotropic,10125.0,166.4710296397015,287830,"veg_p05_temporal_mean residual (OLS, Stage 0)",pixel,1988-2022 (35 water years),20000.0,10000,gamma(h) = 0.5 * mean (z_i - z_j)^2 over pairs in the lag bin
aeolian,20266810,isotropic,10375.0,171.57427918479382,276496,"veg_p05_temporal_mean residual (OLS, Stage 0)",pixel,1988-2022 (35 water years),20000.0,10000,gamma(h) = 0.5 * mean (z_i - z_j)^2 over pairs in the lag bin
aeolian,20266810,isotropic,10625.0,159.82590350374304,272334,"veg_p05_temporal_mean residual (OLS, Stage 0)",pixel,1988-2022 (35 water years),20000.0,10000,gamma(h) = 0.5 * mean (z_i - z_j)^2 over pairs in the lag bin
aeolian,20266810,isotropic,10875.0,143.61453147200737,268205,"veg_p05_temporal_mean residual (OLS, Stage 0)",pixel,1988-2022 (35 water years),20000.0,10000,gamma(h) = 0.5 * mean (z_i - z_j)^2 over pairs in the lag bin
aeolian,20266810,isotropic,11125.0,136.18218288926718,265683,"veg_p05_temporal_mean residual (OLS, Stage 0)",pixel,1988-2022 (35 water years),20000.0,10000,gamma(h) = 0.5 * mean (z_i - z_j)^2 over pairs in the lag bin
aeolian,20266810,isotropic,11375.0,145.4095163839205,261826,"veg_p05_temporal_mean residual (OLS, Stage 0)",pixel,1988-2022 (35 water years),20000.0,10000,gamma(h) = 0.5 * mean (z_i - z_j)^2 over pairs in the lag bin
aeolian,20266810,isotropic,11625.0,155.93239963013386,261430,"veg_p05_temporal_mean residual (OLS, Stage 0)",pixel,1988-2022 (35 water years),20000.0,10000,gamma(h) = 0.5 * mean (z_i - z_j)^2 over pairs in the lag bin
aeolian,20266810,isotropic,11875.0,158.78580633469474,264818,"veg_p05_temporal_mean residual (OLS, Stage 0)",pixel,1988-2022 (35 water years),20000.0,10000,gamma(h) = 0.5 * mean (z_i - z_j)^2 over pairs in the lag bin
aeolian,20266810,isotropic,12125.0,152.99101349250944,264168,"veg_p05_temporal_mean residual (OLS, Stage 0)",pixel,1988-2022 (35 water years),20000.0,10000,gamma(h) = 0.5 * mean (z_i - z_j)^2 over pairs in the lag bin
aeolian,20266810,isotropic,12375.0,145.03918231278766,255327,"veg_p05_temporal_mean residual (OLS, Stage 0)",pixel,1988-2022 (35 water years),20000.0,10000,gamma(h) = 0.5 * mean (z_i - z_j)^2 over pairs in the lag bin
aeolian,20266810,isotropic,12625.0,142.9663770273053,253721,"veg_p05_temporal_mean residual (OLS, Stage 0)",pixel,1988-2022 (35 water years),20000.0,10000,gamma(h) = 0.5 * mean (z_i - z_j)^2 over pairs in the lag bin
aeolian,20266810,isotropic,12875.0,144.11364602541713,246972,"veg_p05_temporal_mean residual (OLS, Stage 0)",pixel,1988-2022 (35 water years),20000.0,10000,gamma(h) = 0.5 * mean (z_i - z_j)^2 over pairs in the lag bin
aeolian,20266810,isotropic,13125.0,152.93937591156586,242168,"veg_p05_temporal_mean residual (OLS, Stage 0)",pixel,1988-2022 (35 water years),20000.0,10000,gamma(h) = 0.5 * mean (z_i - z_j)^2 over pairs in the lag bin
aeolian,20266810,isotropic,13375.0,158.73022893857726,237306,"veg_p05_temporal_mean residual (OLS, Stage 0)",pixel,1988-2022 (35 water years),20000.0,10000,gamma(h) = 0.5 * mean (z_i - z_j)^2 over pairs in the lag bin
aeolian,20266810,isotropic,13625.0,160.3595890625003,234698,"veg_p05_temporal_mean residual (OLS, Stage 0)",pixel,1988-2022 (35 water years),20000.0,10000,gamma(h) = 0.5 * mean (z_i - z_j)^2 over pairs in the lag bin
aeolian,20266810,isotropic,13875.0,159.06838757147128,240551,"veg_p05_temporal_mean residual (OLS, Stage 0)",pixel,1988-2022 (35 water years),20000.0,10000,gamma(h) = 0.5 * mean (z_i - z_j)^2 over pairs in the lag bin
aeolian,20266810,isotropic,14125.0,168.6593308209625,256665,"veg_p05_temporal_mean residual (OLS, Stage 0)",pixel,1988-2022 (35 water years),20000.0,10000,gamma(h) = 0.5 * mean (z_i - z_j)^2 over pairs in the lag bin
aeolian,20266810,isotropic,14375.0,166.41721730036082,257753,"veg_p05_temporal_mean residual (OLS, Stage 0)",pixel,1988-2022 (35 water years),20000.0,10000,gamma(h) = 0.5 * mean (z_i - z_j)^2 over pairs in the lag bin
aeolian,20266810,isotropic,14625.0,170.09440792310357,235364,"veg_p05_temporal_mean residual (OLS, Stage 0)",pixel,1988-2022 (35 water years),20000.0,10000,gamma(h) = 0.5 * mean (z_i - z_j)^2 over pairs in the lag bin
aeolian,20266810,isotropic,14875.0,166.31069085977225,200217,"veg_p05_temporal_mean residual (OLS, Stage 0)",pixel,1988-2022 (35 water years),20000.0,10000,gamma(h) = 0.5 * mean (z_i - z_j)^2 over pairs in the lag bin
aeolian,20266810,isotropic,15125.0,159.39610078472805,163268,"veg_p05_temporal_mean residual (OLS, Stage 0)",pixel,1988-2022 (35 water years),20000.0,10000,gamma(h) = 0.5 * mean (z_i - z_j)^2 over pairs in the lag bin
aeolian,20266810,isotropic,15375.0,150.84692736060063,133611,"veg_p05_temporal_mean residual (OLS, Stage 0)",pixel,1988-2022 (35 water years),20000.0,10000,gamma(h) = 0.5 * mean (z_i - z_j)^2 over pairs in the lag bin
aeolian,20266810,isotropic,15625.0,133.05165959908106,112824,"veg_p05_temporal_mean residual (OLS, Stage 0)",pixel,1988-2022 (35 water years),20000.0,10000,gamma(h) = 0.5 * mean (z_i - z_j)^2 over pairs in the lag bin
aeolian,20266810,isotropic,15875.0,108.01064706543767,109709,"veg_p05_temporal_mean residual (OLS, Stage 0)",pixel,1988-2022 (35 water years),20000.0,10000,gamma(h) = 0.5 * mean (z_i - z_j)^2 over pairs in the lag bin
aeolian,20266810,isotropic,16125.0,103.4155094261496,116054,"veg_p05_temporal_mean residual (OLS, Stage 0)",pixel,1988-2022 (35 water years),20000.0,10000,gamma(h) = 0.5 * mean (z_i - z_j)^2 over pairs in the lag bin
aeolian,20266810,isotropic,16375.0,101.57327800189469,118645,"veg_p05_temporal_mean residual (OLS, Stage 0)",pixel,1988-2022 (35 water years),20000.0,10000,gamma(h) = 0.5 * mean (z_i - z_j)^2 over pairs in the lag bin
aeolian,20266810,isotropic,16625.0,109.6357702171868,118540,"veg_p05_temporal_mean residual (OLS, Stage 0)",pixel,1988-2022 (35 water years),20000.0,10000,gamma(h) = 0.5 * mean (z_i - z_j)^2 over pairs in the lag bin
aeolian,20266810,isotropic,16875.0,118.03941242417109,119231,"veg_p05_temporal_mean residual (OLS, Stage 0)",pixel,1988-2022 (35 water years),20000.0,10000,gamma(h) = 0.5 * mean (z_i - z_j)^2 over pairs in the lag bin
aeolian,20266810,isotropic,17125.0,119.5144024822094,111935,"veg_p05_temporal_mean residual (OLS, Stage 0)",pixel,1988-2022 (35 water years),20000.0,10000,gamma(h) = 0.5 * mean (z_i - z_j)^2 over pairs in the lag bin
aeolian,20266810,isotropic,17375.0,123.54629670664727,93339,"veg_p05_temporal_mean residual (OLS, Stage 0)",pixel,1988-2022 (35 water years),20000.0,10000,gamma(h) = 0.5 * mean (z_i - z_j)^2 over pairs in the lag bin
aeolian,20266810,isotropic,17625.0,130.46124351330315,79930,"veg_p05_temporal_mean residual (OLS, Stage 0)",pixel,1988-2022 (35 water years),20000.0,10000,gamma(h) = 0.5 * mean (z_i - z_j)^2 over pairs in the lag bin
aeolian,20266810,isotropic,17875.0,130.99436602346586,77539,"veg_p05_temporal_mean residual (OLS, Stage 0)",pixel,1988-2022 (35 water years),20000.0,10000,gamma(h) = 0.5 * mean (z_i - z_j)^2 over pairs in the lag bin
aeolian,20266810,isotropic,18125.0,135.56879859168075,83218,"veg_p05_temporal_mean residual (OLS, Stage 0)",pixel,1988-2022 (35 water years),20000.0,10000,gamma(h) = 0.5 * mean (z_i - z_j)^2 over pairs in the lag bin
aeolian,20266810,isotropic,18375.0,136.55998575657003,91481,"veg_p05_temporal_mean residual (OLS, Stage 0)",pixel,1988-2022 (35 water years),20000.0,10000,gamma(h) = 0.5 * mean (z_i - z_j)^2 over pairs in the lag bin
aeolian,20266810,isotropic,18625.0,134.74132675977603,104661,"veg_p05_temporal_mean residual (OLS, Stage 0)",pixel,1988-2022 (35 water years),20000.0,10000,gamma(h) = 0.5 * mean (z_i - z_j)^2 over pairs in the lag bin
aeolian,20266810,isotropic,18875.0,133.91602921460856,117742,"veg_p05_temporal_mean residual (OLS, Stage 0)",pixel,1988-2022 (35 water years),20000.0,10000,gamma(h) = 0.5 * mean (z_i - z_j)^2 over pairs in the lag bin
aeolian,20266810,isotropic,19125.0,125.9127728126612,125255,"veg_p05_temporal_mean residual (OLS, Stage 0)",pixel,1988-2022 (35 water years),20000.0,10000,gamma(h) = 0.5 * mean (z_i - z_j)^2 over pairs in the lag bin
aeolian,20266810,isotropic,19375.0,118.33837670022545,132963,"veg_p05_temporal_mean residual (OLS, Stage 0)",pixel,1988-2022 (35 water years),20000.0,10000,gamma(h) = 0.5 * mean (z_i - z_j)^2 over pairs in the lag bin
aeolian,20266810,isotropic,19625.0,115.33403610104455,133768,"veg_p05_temporal_mean residual (OLS, Stage 0)",pixel,1988-2022 (35 water years),20000.0,10000,gamma(h) = 0.5 * mean (z_i - z_j)^2 over pairs in the lag bin
aeolian,20266810,isotropic,19875.0,111.721371035639,132560,"veg_p05_temporal_mean residual (OLS, Stage 0)",pixel,1988-2022 (35 water years),20000.0,10000,gamma(h) = 0.5 * mean (z_i - z_j)^2 over pairs in the lag bin
aeolian,20267810,isotropic,125.0,62.20375960174305,159331,"veg_p05_temporal_mean residual (OLS, Stage 0)",pixel,1988-2022 (35 water years),20000.0,10000,gamma(h) = 0.5 * mean (z_i - z_j)^2 over pairs in the lag bin
aeolian,20267810,isotropic,375.0,102.7731599628886,365730,"veg_p05_temporal_mean residual (OLS, Stage 0)",pixel,1988-2022 (35 water years),20000.0,10000,gamma(h) = 0.5 * mean (z_i - z_j)^2 over pairs in the lag bin
aeolian,20267810,isotropic,625.0,122.60847430471586,485706,"veg_p05_temporal_mean residual (OLS, Stage 0)",pixel,1988-2022 (35 water years),20000.0,10000,gamma(h) = 0.5 * mean (z_i - z_j)^2 over pairs in the lag bin
aeolian,20267810,isotropic,875.0,137.4677937975732,533644,"veg_p05_temporal_mean residual (OLS, Stage 0)",pixel,1988-2022 (35 water years),20000.0,10000,gamma(h) = 0.5 * mean (z_i - z_j)^2 over pairs in the lag bin
aeolian,20267810,isotropic,1125.0,146.04210327772233,549967,"veg_p05_temporal_mean residual (OLS, Stage 0)",pixel,1988-2022 (35 water years),20000.0,10000,gamma(h) = 0.5 * mean (z_i - z_j)^2 over pairs in the lag bin
aeolian,20267810,isotropic,1375.0,148.83431872378773,540106,"veg_p05_temporal_mean residual (OLS, Stage 0)",pixel,1988-2022 (35 water years),20000.0,10000,gamma(h) = 0.5 * mean (z_i - z_j)^2 over pairs in the lag bin
aeolian,20267810,isotropic,1625.0,152.12144549820488,524869,"veg_p05_temporal_mean residual (OLS, Stage 0)",pixel,1988-2022 (35 water years),20000.0,10000,gamma(h) = 0.5 * mean (z_i - z_j)^2 over pairs in the lag bin
aeolian,20267810,isotropic,1875.0,154.32085874054047,524893,"veg_p05_temporal_mean residual (OLS, Stage 0)",pixel,1988-2022 (35 water years),20000.0,10000,gamma(h) = 0.5 * mean (z_i - z_j)^2 over pairs in the lag bin
aeolian,20267810,isotropic,2125.0,151.5425361838902,535782,"veg_p05_temporal_mean residual (OLS, Stage 0)",pixel,1988-2022 (35 water years),20000.0,10000,gamma(h) = 0.5 * mean (z_i - z_j)^2 over pairs in the lag bin
aeolian,20267810,isotropic,2375.0,152.45185648907488,551781,"veg_p05_temporal_mean residual (OLS, Stage 0)",pixel,1988-2022 (35 water years),20000.0,10000,gamma(h) = 0.5 * mean (z_i - z_j)^2 over pairs in the lag bin
aeolian,20267810,isotropic,2625.0,151.46045232380015,574379,"veg_p05_temporal_mean residual (OLS, Stage 0)",pixel,1988-2022 (35 water years),20000.0,10000,gamma(h) = 0.5 * mean (z_i - z_j)^2 over pairs in the lag bin
aeolian,20267810,isotropic,2875.0,145.9642697324005,566613,"veg_p05_temporal_mean residual (OLS, Stage 0)",pixel,1988-2022 (35 water years),20000.0,10000,gamma(h) = 0.5 * mean (z_i - z_j)^2 over pairs in the lag bin
aeolian,20267810,isotropic,3125.0,143.26449430043994,572754,"veg_p05_temporal_mean residual (OLS, Stage 0)",pixel,1988-2022 (35 water years),20000.0,10000,gamma(h) = 0.5 * mean (z_i - z_j)^2 over pairs in the lag bin
aeolian,20267810,isotropic,3375.0,142.11279003229035,576934,"veg_p05_temporal_mean residual (OLS, Stage 0)",pixel,1988-2022 (35 water years),20000.0,10000,gamma(h) = 0.5 * mean (z_i - z_j)^2 over pairs in the lag bin
aeolian,20267810,isotropic,3625.0,142.69582195651324,577043,"veg_p05_temporal_mean residual (OLS, Stage 0)",pixel,1988-2022 (35 water years),20000.0,10000,gamma(h) = 0.5 * mean (z_i - z_j)^2 over pairs in the lag bin
aeolian,20267810,isotropic,3875.0,145.94314991046136,602312,"veg_p05_temporal_mean residual (OLS, Stage 0)",pixel,1988-2022 (35 water years),20000.0,10000,gamma(h) = 0.5 * mean (z_i - z_j)^2 over pairs in the lag bin
aeolian,20267810,isotropic,4125.0,148.38871220213926,631727,"veg_p05_temporal_mean residual (OLS, Stage 0)",pixel,1988-2022 (35 water years),20000.0,10000,gamma(h) = 0.5 * mean (z_i - z_j)^2 over pairs in the lag bin
aeolian,20267810,isotropic,4375.0,146.2992633768443,656734,"veg_p05_temporal_mean residual (OLS, Stage 0)",pixel,1988-2022 (35 water years),20000.0,10000,gamma(h) = 0.5 * mean (z_i - z_j)^2 over pairs in the lag bin
aeolian,20267810,isotropic,4625.0,148.2079723546535,704086,"veg_p05_temporal_mean residual (OLS, Stage 0)",pixel,1988-2022 (35 water years),20000.0,10000,gamma(h) = 0.5 * mean (z_i - z_j)^2 over pairs in the lag bin
aeolian,20267810,isotropic,4875.0,150.91303789128742,721120,"veg_p05_temporal_mean residual (OLS, Stage 0)",pixel,1988-2022 (35 water years),20000.0,10000,gamma(h) = 0.5 * mean (z_i - z_j)^2 over pairs in the lag bin
aeolian,20267810,isotropic,5125.0,155.52669803012515,747009,"veg_p05_temporal_mean residual (OLS, Stage 0)",pixel,1988-2022 (35 water years),20000.0,10000,gamma(h) = 0.5 * mean (z_i - z_j)^2 over pairs in the lag bin
aeolian,20267810,isotropic,5375.0,159.71841310773442,777727,"veg_p05_temporal_mean residual (OLS, Stage 0)",pixel,1988-2022 (35 water years),20000.0,10000,gamma(h) = 0.5 * mean (z_i - z_j)^2 over pairs in the lag bin
aeolian,20267810,isotropic,5625.0,164.33883335054094,824590,"veg_p05_temporal_mean residual (OLS, Stage 0)",pixel,1988-2022 (35 water years),20000.0,10000,gamma(h) = 0.5 * mean (z_i - z_j)^2 over pairs in the lag bin
aeolian,20267810,isotropic,5875.0,167.01094896747645,855543,"veg_p05_temporal_mean residual (OLS, Stage 0)",pixel,1988-2022 (35 water years),20000.0,10000,gamma(h) = 0.5 * mean (z_i - z_j)^2 over pairs in the lag bin
aeolian,20267810,isotropic,6125.0,169.10338034460744,870589,"veg_p05_temporal_mean residual (OLS, Stage 0)",pixel,1988-2022 (35 water years),20000.0,10000,gamma(h) = 0.5 * mean (z_i - z_j)^2 over pairs in the lag bin
aeolian,20267810,isotropic,6375.0,172.91396692471614,887293,"veg_p05_temporal_mean residual (OLS, Stage 0)",pixel,1988-2022 (35 water years),20000.0,10000,gamma(h) = 0.5 * mean (z_i - z_j)^2 over pairs in the lag bin
aeolian,20267810,isotropic,6625.0,175.41757191429411,882175,"veg_p05_temporal_mean residual (OLS, Stage 0)",pixel,1988-2022 (35 water years),20000.0,10000,gamma(h) = 0.5 * mean (z_i - z_j)^2 over pairs in the lag bin
aeolian,20267810,isotropic,6875.0,174.82233134827302,848032,"veg_p05_temporal_mean residual (OLS, Stage 0)",pixel,1988-2022 (35 water years),20000.0,10000,gamma(h) = 0.5 * mean (z_i - z_j)^2 over pairs in the lag bin
aeolian,20267810,isotropic,7125.0,172.0294774663628,800480,"veg_p05_temporal_mean residual (OLS, Stage 0)",pixel,1988-2022 (35 water years),20000.0,10000,gamma(h) = 0.5 * mean (z_i - z_j)^2 over pairs in the lag bin
aeolian,20267810,isotropic,7375.0,170.22273984227425,747104,"veg_p05_temporal_mean residual (OLS, Stage 0)",pixel,1988-2022 (35 water years),20000.0,10000,gamma(h) = 0.5 * mean (z_i - z_j)^2 over pairs in the lag bin
aeolian,20267810,isotropic,7625.0,177.0416552895048,722686,"veg_p05_temporal_mean residual (OLS, Stage 0)",pixel,1988-2022 (35 water years),20000.0,10000,gamma(h) = 0.5 * mean (z_i - z_j)^2 over pairs in the lag bin
aeolian,20267810,isotropic,7875.0,180.25454565444238,714074,"veg_p05_temporal_mean residual (OLS, Stage 0)",pixel,1988-2022 (35 water years),20000.0,10000,gamma(h) = 0.5 * mean (z_i - z_j)^2 over pairs in the lag bin
aeolian,20267810,isotropic,8125.0,175.8570669857549,704291,"veg_p05_temporal_mean residual (OLS, Stage 0)",pixel,1988-2022 (35 water years),20000.0,10000,gamma(h) = 0.5 * mean (z_i - z_j)^2 over pairs in the lag bin
aeolian,20267810,isotropic,8375.0,170.74422322935342,693473,"veg_p05_temporal_mean residual (OLS, Stage 0)",pixel,1988-2022 (35 water years),20000.0,10000,gamma(h) = 0.5 * mean (z_i - z_j)^2 over pairs in the lag bin
aeolian,20267810,isotropic,8625.0,165.37029430246494,671544,"veg_p05_temporal_mean residual (OLS, Stage 0)",pixel,1988-2022 (35 water years),20000.0,10000,gamma(h) = 0.5 * mean (z_i - z_j)^2 over pairs in the lag bin
aeolian,20267810,isotropic,8875.0,169.4988012416031,611543,"veg_p05_temporal_mean residual (OLS, Stage 0)",pixel,1988-2022 (35 water years),20000.0,10000,gamma(h) = 0.5 * mean (z_i - z_j)^2 over pairs in the lag bin
aeolian,20267810,isotropic,9125.0,167.68345875625525,545661,"veg_p05_temporal_mean residual (OLS, Stage 0)",pixel,1988-2022 (35 water years),20000.0,10000,gamma(h) = 0.5 * mean (z_i - z_j)^2 over pairs in the lag bin
aeolian,20267810,isotropic,9375.0,174.71443119907516,465262,"veg_p05_temporal_mean residual (OLS, Stage 0)",pixel,1988-2022 (35 water years),20000.0,10000,gamma(h) = 0.5 * mean (z_i - z_j)^2 over pairs in the lag bin
aeolian,20267810,isotropic,9625.0,178.22053575301356,388703,"veg_p05_temporal_mean residual (OLS, Stage 0)",pixel,1988-2022 (35 water years),20000.0,10000,gamma(h) = 0.5 * mean (z_i - z_j)^2 over pairs in the lag bin
aeolian,20267810,isotropic,9875.0,170.1326016378722,331967,"veg_p05_temporal_mean residual (OLS, Stage 0)",pixel,1988-2022 (35 water years),20000.0,10000,gamma(h) = 0.5 * mean (z_i - z_j)^2 over pairs in the lag bin
aeolian,20267810,isotropic,10125.0,164.67854485841798,298035,"veg_p05_temporal_mean residual (OLS, Stage 0)",pixel,1988-2022 (35 water years),20000.0,10000,gamma(h) = 0.5 * mean (z_i - z_j)^2 over pairs in the lag bin
aeolian,20267810,isotropic,10375.0,165.6898642252795,286737,"veg_p05_temporal_mean residual (OLS, Stage 0)",pixel,1988-2022 (35 water years),20000.0,10000,gamma(h) = 0.5 * mean (z_i - z_j)^2 over pairs in the lag bin
aeolian,20267810,isotropic,10625.0,157.64843137301887,284410,"veg_p05_temporal_mean residual (OLS, Stage 0)",pixel,1988-2022 (35 water years),20000.0,10000,gamma(h) = 0.5 * mean (z_i - z_j)^2 over pairs in the lag bin
aeolian,20267810,isotropic,10875.0,143.7105295110998,280830,"veg_p05_temporal_mean residual (OLS, Stage 0)",pixel,1988-2022 (35 water years),20000.0,10000,gamma(h) = 0.5 * mean (z_i - z_j)^2 over pairs in the lag bin
aeolian,20267810,isotropic,11125.0,136.60904579782166,279880,"veg_p05_temporal_mean residual (OLS, Stage 0)",pixel,1988-2022 (35 water years),20000.0,10000,gamma(h) = 0.5 * mean (z_i - z_j)^2 over pairs in the lag bin
aeolian,20267810,isotropic,11375.0,142.111212487448,275921,"veg_p05_temporal_mean residual (OLS, Stage 0)",pixel,1988-2022 (35 water years),20000.0,10000,gamma(h) = 0.5 * mean (z_i - z_j)^2 over pairs in the lag bin
aeolian,20267810,isotropic,11625.0,155.2230582548649,278036,"veg_p05_temporal_mean residual (OLS, Stage 0)",pixel,1988-2022 (35 water years),20000.0,10000,gamma(h) = 0.5 * mean (z_i - z_j)^2 over pairs in the lag bin
aeolian,20267810,isotropic,11875.0,156.6266257485451,278348,"veg_p05_temporal_mean residual (OLS, Stage 0)",pixel,1988-2022 (35 water years),20000.0,10000,gamma(h) = 0.5 * mean (z_i - z_j)^2 over pairs in the lag bin
aeolian,20267810,isotropic,12125.0,148.81816565072853,281108,"veg_p05_temporal_mean residual (OLS, Stage 0)",pixel,1988-2022 (35 water years),20000.0,10000,gamma(h) = 0.5 * mean (z_i - z_j)^2 over pairs in the lag bin
aeolian,20267810,isotropic,12375.0,147.68154424695533,276589,"veg_p05_temporal_mean residual (OLS, Stage 0)",pixel,1988-2022 (35 water years),20000.0,10000,gamma(h) = 0.5 * mean (z_i - z_j)^2 over pairs in the lag bin
aeolian,20267810,isotropic,12625.0,144.10887275555498,268800,"veg_p05_temporal_mean residual (OLS, Stage 0)",pixel,1988-2022 (35 water years),20000.0,10000,gamma(h) = 0.5 * mean (z_i - z_j)^2 over pairs in the lag bin
aeolian,20267810,isotropic,12875.0,146.21600056753897,259888,"veg_p05_temporal_mean residual (OLS, Stage 0)",pixel,1988-2022 (35 water years),20000.0,10000,gamma(h) = 0.5 * mean (z_i - z_j)^2 over pairs in the lag bin
aeolian,20267810,isotropic,13125.0,155.5747999650216,250102,"veg_p05_temporal_mean residual (OLS, Stage 0)",pixel,1988-2022 (35 water years),20000.0,10000,gamma(h) = 0.5 * mean (z_i - z_j)^2 over pairs in the lag bin
aeolian,20267810,isotropic,13375.0,160.97197038693233,241346,"veg_p05_temporal_mean residual (OLS, Stage 0)",pixel,1988-2022 (35 water years),20000.0,10000,gamma(h) = 0.5 * mean (z_i - z_j)^2 over pairs in the lag bin
aeolian,20267810,isotropic,13625.0,158.15078553760142,236678,"veg_p05_temporal_mean residual (OLS, Stage 0)",pixel,1988-2022 (35 water years),20000.0,10000,gamma(h) = 0.5 * mean (z_i - z_j)^2 over pairs in the lag bin
aeolian,20267810,isotropic,13875.0,157.969129390302,246540,"veg_p05_temporal_mean residual (OLS, Stage 0)",pixel,1988-2022 (35 water years),20000.0,10000,gamma(h) = 0.5 * mean (z_i - z_j)^2 over pairs in the lag bin
aeolian,20267810,isotropic,14125.0,163.59401796711336,264876,"veg_p05_temporal_mean residual (OLS, Stage 0)",pixel,1988-2022 (35 water years),20000.0,10000,gamma(h) = 0.5 * mean (z_i - z_j)^2 over pairs in the lag bin
aeolian,20267810,isotropic,14375.0,160.23877216965843,266521,"veg_p05_temporal_mean residual (OLS, Stage 0)",pixel,1988-2022 (35 water years),20000.0,10000,gamma(h) = 0.5 * mean (z_i - z_j)^2 over pairs in the lag bin
aeolian,20267810,isotropic,14625.0,167.72993274022969,245444,"veg_p05_temporal_mean residual (OLS, Stage 0)",pixel,1988-2022 (35 water years),20000.0,10000,gamma(h) = 0.5 * mean (z_i - z_j)^2 over pairs in the lag bin
aeolian,20267810,isotropic,14875.0,166.4301812175178,216580,"veg_p05_temporal_mean residual (OLS, Stage 0)",pixel,1988-2022 (35 water years),20000.0,10000,gamma(h) = 0.5 * mean (z_i - z_j)^2 over pairs in the lag bin
aeolian,20267810,isotropic,15125.0,163.49547004692835,182691,"veg_p05_temporal_mean residual (OLS, Stage 0)",pixel,1988-2022 (35 water years),20000.0,10000,gamma(h) = 0.5 * mean (z_i - z_j)^2 over pairs in the lag bin
aeolian,20267810,isotropic,15375.0,154.27855419144723,147046,"veg_p05_temporal_mean residual (OLS, Stage 0)",pixel,1988-2022 (35 water years),20000.0,10000,gamma(h) = 0.5 * mean (z_i - z_j)^2 over pairs in the lag bin
aeolian,20267810,isotropic,15625.0,137.7865605554166,122992,"veg_p05_temporal_mean residual (OLS, Stage 0)",pixel,1988-2022 (35 water years),20000.0,10000,gamma(h) = 0.5 * mean (z_i - z_j)^2 over pairs in the lag bin
aeolian,20267810,isotropic,15875.0,107.351153689117,119388,"veg_p05_temporal_mean residual (OLS, Stage 0)",pixel,1988-2022 (35 water years),20000.0,10000,gamma(h) = 0.5 * mean (z_i - z_j)^2 over pairs in the lag bin
aeolian,20267810,isotropic,16125.0,99.21962271586074,123870,"veg_p05_temporal_mean residual (OLS, Stage 0)",pixel,1988-2022 (35 water years),20000.0,10000,gamma(h) = 0.5 * mean (z_i - z_j)^2 over pairs in the lag bin
aeolian,20267810,isotropic,16375.0,100.753614745964,128931,"veg_p05_temporal_mean residual (OLS, Stage 0)",pixel,1988-2022 (35 water years),20000.0,10000,gamma(h) = 0.5 * mean (z_i - z_j)^2 over pairs in the lag bin
aeolian,20267810,isotropic,16625.0,108.54329703649621,131572,"veg_p05_temporal_mean residual (OLS, Stage 0)",pixel,1988-2022 (35 water years),20000.0,10000,gamma(h) = 0.5 * mean (z_i - z_j)^2 over pairs in the lag bin
aeolian,20267810,isotropic,16875.0,115.47840289874821,131604,"veg_p05_temporal_mean residual (OLS, Stage 0)",pixel,1988-2022 (35 water years),20000.0,10000,gamma(h) = 0.5 * mean (z_i - z_j)^2 over pairs in the lag bin
aeolian,20267810,isotropic,17125.0,117.18560272605373,122651,"veg_p05_temporal_mean residual (OLS, Stage 0)",pixel,1988-2022 (35 water years),20000.0,10000,gamma(h) = 0.5 * mean (z_i - z_j)^2 over pairs in the lag bin
aeolian,20267810,isotropic,17375.0,121.47447063942049,102906,"veg_p05_temporal_mean residual (OLS, Stage 0)",pixel,1988-2022 (35 water years),20000.0,10000,gamma(h) = 0.5 * mean (z_i - z_j)^2 over pairs in the lag bin
aeolian,20267810,isotropic,17625.0,127.680665025158,87215,"veg_p05_temporal_mean residual (OLS, Stage 0)",pixel,1988-2022 (35 water years),20000.0,10000,gamma(h) = 0.5 * mean (z_i - z_j)^2 over pairs in the lag bin
aeolian,20267810,isotropic,17875.0,131.03729913011145,82912,"veg_p05_temporal_mean residual (OLS, Stage 0)",pixel,1988-2022 (35 water years),20000.0,10000,gamma(h) = 0.5 * mean (z_i - z_j)^2 over pairs in the lag bin
aeolian,20267810,isotropic,18125.0,138.80856801676003,87381,"veg_p05_temporal_mean residual (OLS, Stage 0)",pixel,1988-2022 (35 water years),20000.0,10000,gamma(h) = 0.5 * mean (z_i - z_j)^2 over pairs in the lag bin
aeolian,20267810,isotropic,18375.0,141.7705143274317,94372,"veg_p05_temporal_mean residual (OLS, Stage 0)",pixel,1988-2022 (35 water years),20000.0,10000,gamma(h) = 0.5 * mean (z_i - z_j)^2 over pairs in the lag bin
aeolian,20267810,isotropic,18625.0,142.4405793841293,107334,"veg_p05_temporal_mean residual (OLS, Stage 0)",pixel,1988-2022 (35 water years),20000.0,10000,gamma(h) = 0.5 * mean (z_i - z_j)^2 over pairs in the lag bin
aeolian,20267810,isotropic,18875.0,135.93003555186743,119068,"veg_p05_temporal_mean residual (OLS, Stage 0)",pixel,1988-2022 (35 water years),20000.0,10000,gamma(h) = 0.5 * mean (z_i - z_j)^2 over pairs in the lag bin
aeolian,20267810,isotropic,19125.0,125.01014950833475,127877,"veg_p05_temporal_mean residual (OLS, Stage 0)",pixel,1988-2022 (35 water years),20000.0,10000,gamma(h) = 0.5 * mean (z_i - z_j)^2 over pairs in the lag bin
aeolian,20267810,isotropic,19375.0,119.37288979435714,133636,"veg_p05_temporal_mean residual (OLS, Stage 0)",pixel,1988-2022 (35 water years),20000.0,10000,gamma(h) = 0.5 * mean (z_i - z_j)^2 over pairs in the lag bin
aeolian,20267810,isotropic,19625.0,114.83498897021471,135067,"veg_p05_temporal_mean residual (OLS, Stage 0)",pixel,1988-2022 (35 water years),20000.0,10000,gamma(h) = 0.5 * mean (z_i - z_j)^2 over pairs in the lag bin
aeolian,20267810,isotropic,19875.0,108.48892085069593,134585,"veg_p05_temporal_mean residual (OLS, Stage 0)",pixel,1988-2022 (35 water years),20000.0,10000,gamma(h) = 0.5 * mean (z_i - z_j)^2 over pairs in the lag bin
aeolian,20268810,isotropic,125.0,62.5103858457139,159653,"veg_p05_temporal_mean residual (OLS, Stage 0)",pixel,1988-2022 (35 water years),20000.0,10000,gamma(h) = 0.5 * mean (z_i - z_j)^2 over pairs in the lag bin
aeolian,20268810,isotropic,375.0,105.92594528537126,365962,"veg_p05_temporal_mean residual (OLS, Stage 0)",pixel,1988-2022 (35 water years),20000.0,10000,gamma(h) = 0.5 * mean (z_i - z_j)^2 over pairs in the lag bin
aeolian,20268810,isotropic,625.0,125.73416871887848,486779,"veg_p05_temporal_mean residual (OLS, Stage 0)",pixel,1988-2022 (35 water years),20000.0,10000,gamma(h) = 0.5 * mean (z_i - z_j)^2 over pairs in the lag bin
aeolian,20268810,isotropic,875.0,140.79630401843437,540751,"veg_p05_temporal_mean residual (OLS, Stage 0)",pixel,1988-2022 (35 water years),20000.0,10000,gamma(h) = 0.5 * mean (z_i - z_j)^2 over pairs in the lag bin
aeolian,20268810,isotropic,1125.0,149.657864555917,549372,"veg_p05_temporal_mean residual (OLS, Stage 0)",pixel,1988-2022 (35 water years),20000.0,10000,gamma(h) = 0.5 * mean (z_i - z_j)^2 over pairs in the lag bin
aeolian,20268810,isotropic,1375.0,154.2813105186572,544275,"veg_p05_temporal_mean residual (OLS, Stage 0)",pixel,1988-2022 (35 water years),20000.0,10000,gamma(h) = 0.5 * mean (z_i - z_j)^2 over pairs in the lag bin
aeolian,20268810,isotropic,1625.0,156.35939831734504,533233,"veg_p05_temporal_mean residual (OLS, Stage 0)",pixel,1988-2022 (35 water years),20000.0,10000,gamma(h) = 0.5 * mean (z_i - z_j)^2 over pairs in the lag bin
aeolian,20268810,isotropic,1875.0,157.01239240786842,532435,"veg_p05_temporal_mean residual (OLS, Stage 0)",pixel,1988-2022 (35 water years),20000.0,10000,gamma(h) = 0.5 * mean (z_i - z_j)^2 over pairs in the lag bin
aeolian,20268810,isotropic,2125.0,153.8870833061121,541396,"veg_p05_temporal_mean residual (OLS, Stage 0)",pixel,1988-2022 (35 water years),20000.0,10000,gamma(h) = 0.5 * mean (z_i - z_j)^2 over pairs in the lag bin
aeolian,20268810,isotropic,2375.0,154.63814202929154,556211,"veg_p05_temporal_mean residual (OLS, Stage 0)",pixel,1988-2022 (35 water years),20000.0,10000,gamma(h) = 0.5 * mean (z_i - z_j)^2 over pairs in the lag bin
aeolian,20268810,isotropic,2625.0,154.8671494138419,573114,"veg_p05_temporal_mean residual (OLS, Stage 0)",pixel,1988-2022 (35 water years),20000.0,10000,gamma(h) = 0.5 * mean (z_i - z_j)^2 over pairs in the lag bin
aeolian,20268810,isotropic,2875.0,149.91514035326173,566111,"veg_p05_temporal_mean residual (OLS, Stage 0)",pixel,1988-2022 (35 water years),20000.0,10000,gamma(h) = 0.5 * mean (z_i - z_j)^2 over pairs in the lag bin
aeolian,20268810,isotropic,3125.0,147.91426939163463,565585,"veg_p05_temporal_mean residual (OLS, Stage 0)",pixel,1988-2022 (35 water years),20000.0,10000,gamma(h) = 0.5 * mean (z_i - z_j)^2 over pairs in the lag bin
aeolian,20268810,isotropic,3375.0,146.48905090226302,572727,"veg_p05_temporal_mean residual (OLS, Stage 0)",pixel,1988-2022 (35 water years),20000.0,10000,gamma(h) = 0.5 * mean (z_i - z_j)^2 over pairs in the lag bin
aeolian,20268810,isotropic,3625.0,145.46971505841768,573726,"veg_p05_temporal_mean residual (OLS, Stage 0)",pixel,1988-2022 (35 water years),20000.0,10000,gamma(h) = 0.5 * mean (z_i - z_j)^2 over pairs in the lag bin
aeolian,20268810,isotropic,3875.0,150.06948732237126,594345,"veg_p05_temporal_mean residual (OLS, Stage 0)",pixel,1988-2022 (35 water years),20000.0,10000,gamma(h) = 0.5 * mean (z_i - z_j)^2 over pairs in the lag bin
aeolian,20268810,isotropic,4125.0,150.81953080717287,619900,"veg_p05_temporal_mean residual (OLS, Stage 0)",pixel,1988-2022 (35 water years),20000.0,10000,gamma(h) = 0.5 * mean (z_i - z_j)^2 over pairs in the lag bin
aeolian,20268810,isotropic,4375.0,146.1933155932936,646338,"veg_p05_temporal_mean residual (OLS, Stage 0)",pixel,1988-2022 (35 water years),20000.0,10000,gamma(h) = 0.5 * mean (z_i - z_j)^2 over pairs in the lag bin
aeolian,20268810,isotropic,4625.0,150.1785855475712,688835,"veg_p05_temporal_mean residual (OLS, Stage 0)",pixel,1988-2022 (35 water years),20000.0,10000,gamma(h) = 0.5 * mean (z_i - z_j)^2 over pairs in the lag bin
aeolian,20268810,isotropic,4875.0,150.07087937912408,709873,"veg_p05_temporal_mean residual (OLS, Stage 0)",pixel,1988-2022 (35 water years),20000.0,10000,gamma(h) = 0.5 * mean (z_i - z_j)^2 over pairs in the lag bin
aeolian,20268810,isotropic,5125.0,155.77141544830096,734829,"veg_p05_temporal_mean residual (OLS, Stage 0)",pixel,1988-2022 (35 water years),20000.0,10000,gamma(h) = 0.5 * mean (z_i - z_j)^2 over pairs in the lag bin
aeolian,20268810,isotropic,5375.0,160.27786862396346,770338,"veg_p05_temporal_mean residual (OLS, Stage 0)",pixel,1988-2022 (35 water years),20000.0,10000,gamma(h) = 0.5 * mean (z_i - z_j)^2 over pairs in the lag bin
aeolian,20268810,isotropic,5625.0,167.30579354773502,814514,"veg_p05_temporal_mean residual (OLS, Stage 0)",pixel,1988-2022 (35 water years),20000.0,10000,gamma(h) = 0.5 * mean (z_i - z_j)^2 over pairs in the lag bin
aeolian,20268810,isotropic,5875.0,170.04220428959684,848057,"veg_p05_temporal_mean residual (OLS, Stage 0)",pixel,1988-2022 (35 water years),20000.0,10000,gamma(h) = 0.5 * mean (z_i - z_j)^2 over pairs in the lag bin
aeolian,20268810,isotropic,6125.0,171.4094078772291,868348,"veg_p05_temporal_mean residual (OLS, Stage 0)",pixel,1988-2022 (35 water years),20000.0,10000,gamma(h) = 0.5 * mean (z_i - z_j)^2 over pairs in the lag bin
aeolian,20268810,isotropic,6375.0,174.84449826365528,883506,"veg_p05_temporal_mean residual (OLS, Stage 0)",pixel,1988-2022 (35 water years),20000.0,10000,gamma(h) = 0.5 * mean (z_i - z_j)^2 over pairs in the lag bin
aeolian,20268810,isotropic,6625.0,175.47941433278976,876065,"veg_p05_temporal_mean residual (OLS, Stage 0)",pixel,1988-2022 (35 water years),20000.0,10000,gamma(h) = 0.5 * mean (z_i - z_j)^2 over pairs in the lag bin
aeolian,20268810,isotropic,6875.0,175.00049609842418,843692,"veg_p05_temporal_mean residual (OLS, Stage 0)",pixel,1988-2022 (35 water years),20000.0,10000,gamma(h) = 0.5 * mean (z_i - z_j)^2 over pairs in the lag bin
aeolian,20268810,isotropic,7125.0,171.01915752366145,797145,"veg_p05_temporal_mean residual (OLS, Stage 0)",pixel,1988-2022 (35 water years),20000.0,10000,gamma(h) = 0.5 * mean (z_i - z_j)^2 over pairs in the lag bin
aeolian,20268810,isotropic,7375.0,172.01074134620018,744554,"veg_p05_temporal_mean residual (OLS, Stage 0)",pixel,1988-2022 (35 water years),20000.0,10000,gamma(h) = 0.5 * mean (z_i - z_j)^2 over pairs in the lag bin
aeolian,20268810,isotropic,7625.0,176.37430860484173,714361,"veg_p05_temporal_mean residual (OLS, Stage 0)",pixel,1988-2022 (35 water years),20000.0,10000,gamma(h) = 0.5 * mean (z_i - z_j)^2 over pairs in the lag bin
aeolian,20268810,isotropic,7875.0,179.01188971163302,699912,"veg_p05_temporal_mean residual (OLS, Stage 0)",pixel,1988-2022 (35 water years),20000.0,10000,gamma(h) = 0.5 * mean (z_i - z_j)^2 over pairs in the lag bin
aeolian,20268810,isotropic,8125.0,176.8353049318925,690887,"veg_p05_temporal_mean residual (OLS, Stage 0)",pixel,1988-2022 (35 water years),20000.0,10000,gamma(h) = 0.5 * mean (z_i - z_j)^2 over pairs in the lag bin
aeolian,20268810,isotropic,8375.0,172.27998482775502,688024,"veg_p05_temporal_mean residual (OLS, Stage 0)",pixel,1988-2022 (35 water years),20000.0,10000,gamma(h) = 0.5 * mean (z_i - z_j)^2 over pairs in the lag bin
aeolian,20268810,isotropic,8625.0,169.10388019538718,666219,"veg_p05_temporal_mean residual (OLS, Stage 0)",pixel,1988-2022 (35 water years),20000.0,10000,gamma(h) = 0.5 * mean (z_i - z_j)^2 over pairs in the lag bin
aeolian,20268810,isotropic,8875.0,174.61961591504542,602459,"veg_p05_temporal_mean residual (OLS, Stage 0)",pixel,1988-2022 (35 water years),20000.0,10000,gamma(h) = 0.5 * mean (z_i - z_j)^2 over pairs in the lag bin
aeolian,20268810,isotropic,9125.0,172.94777030335064,527778,"veg_p05_temporal_mean residual (OLS, Stage 0)",pixel,1988-2022 (35 water years),20000.0,10000,gamma(h) = 0.5 * mean (z_i - z_j)^2 over pairs in the lag bin
aeolian,20268810,isotropic,9375.0,179.43522778432393,448267,"veg_p05_temporal_mean residual (OLS, Stage 0)",pixel,1988-2022 (35 water years),20000.0,10000,gamma(h) = 0.5 * mean (z_i - z_j)^2 over pairs in the lag bin
aeolian,20268810,isotropic,9625.0,183.39520081893582,370031,"veg_p05_temporal_mean residual (OLS, Stage 0)",pixel,1988-2022 (35 water years),20000.0,10000,gamma(h) = 0.5 * mean (z_i - z_j)^2 over pairs in the lag bin
aeolian,20268810,isotropic,9875.0,173.27170358634118,311153,"veg_p05_temporal_mean residual (OLS, Stage 0)",pixel,1988-2022 (35 water years),20000.0,10000,gamma(h) = 0.5 * mean (z_i - z_j)^2 over pairs in the lag bin
aeolian,20268810,isotropic,10125.0,165.2810474657999,279923,"veg_p05_temporal_mean residual (OLS, Stage 0)",pixel,1988-2022 (35 water years),20000.0,10000,gamma(h) = 0.5 * mean (z_i - z_j)^2 over pairs in the lag bin
aeolian,20268810,isotropic,10375.0,166.24665974927862,271454,"veg_p05_temporal_mean residual (OLS, Stage 0)",pixel,1988-2022 (35 water years),20000.0,10000,gamma(h) = 0.5 * mean (z_i - z_j)^2 over pairs in the lag bin
aeolian,20268810,isotropic,10625.0,159.86046006546002,269995,"veg_p05_temporal_mean residual (OLS, Stage 0)",pixel,1988-2022 (35 water years),20000.0,10000,gamma(h) = 0.5 * mean (z_i - z_j)^2 over pairs in the lag bin
aeolian,20268810,isotropic,10875.0,145.8074951910875,267936,"veg_p05_temporal_mean residual (OLS, Stage 0)",pixel,1988-2022 (35 water years),20000.0,10000,gamma(h) = 0.5 * mean (z_i - z_j)^2 over pairs in the lag bin
aeolian,20268810,isotropic,11125.0,143.4983165624688,267394,"veg_p05_temporal_mean residual (OLS, Stage 0)",pixel,1988-2022 (35 water years),20000.0,10000,gamma(h) = 0.5 * mean (z_i - z_j)^2 over pairs in the lag bin
aeolian,20268810,isotropic,11375.0,146.26381753179803,267771,"veg_p05_temporal_mean residual (OLS, Stage 0)",pixel,1988-2022 (35 water years),20000.0,10000,gamma(h) = 0.5 * mean (z_i - z_j)^2 over pairs in the lag bin
aeolian,20268810,isotropic,11625.0,152.63506246449865,270201,"veg_p05_temporal_mean residual (OLS, Stage 0)",pixel,1988-2022 (35 water years),20000.0,10000,gamma(h) = 0.5 * mean (z_i - z_j)^2 over pairs in the lag bin
aeolian,20268810,isotropic,11875.0,155.0661551915208,275316,"veg_p05_temporal_mean residual (OLS, Stage 0)",pixel,1988-2022 (35 water years),20000.0,10000,gamma(h) = 0.5 * mean (z_i - z_j)^2 over pairs in the lag bin
aeolian,20268810,isotropic,12125.0,146.1461359355173,273895,"veg_p05_temporal_mean residual (OLS, Stage 0)",pixel,1988-2022 (35 water years),20000.0,10000,gamma(h) = 0.5 * mean (z_i - z_j)^2 over pairs in the lag bin
aeolian,20268810,isotropic,12375.0,141.52317040548817,268638,"veg_p05_temporal_mean residual (OLS, Stage 0)",pixel,1988-2022 (35 water years),20000.0,10000,gamma(h) = 0.5 * mean (z_i - z_j)^2 over pairs in the lag bin
aeolian,20268810,isotropic,12625.0,137.7073631981239,268130,"veg_p05_temporal_mean residual (OLS, Stage 0)",pixel,1988-2022 (35 water years),20000.0,10000,gamma(h) = 0.5 * mean (z_i - z_j)^2 over pairs in the lag bin
aeolian,20268810,isotropic,12875.0,142.17664126965508,263364,"veg_p05_temporal_mean residual (OLS, Stage 0)",pixel,1988-2022 (35 water years),20000.0,10000,gamma(h) = 0.5 * mean (z_i - z_j)^2 over pairs in the lag bin
aeolian,20268810,isotropic,13125.0,156.03617882356573,254477,"veg_p05_temporal_mean residual (OLS, Stage 0)",pixel,1988-2022 (35 water years),20000.0,10000,gamma(h) = 0.5 * mean (z_i - z_j)^2 over pairs in the lag bin
aeolian,20268810,isotropic,13375.0,159.36143520882547,247050,"veg_p05_temporal_mean residual (OLS, Stage 0)",pixel,1988-2022 (35 water years),20000.0,10000,gamma(h) = 0.5 * mean (z_i - z_j)^2 over pairs in the lag bin
aeolian,20268810,isotropic,13625.0,163.65084578278314,242690,"veg_p05_temporal_mean residual (OLS, Stage 0)",pixel,1988-2022 (35 water years),20000.0,10000,gamma(h) = 0.5 * mean (z_i - z_j)^2 over pairs in the lag bin
aeolian,20268810,isotropic,13875.0,166.36189973160106,246788,"veg_p05_temporal_mean residual (OLS, Stage 0)",pixel,1988-2022 (35 water years),20000.0,10000,gamma(h) = 0.5 * mean (z_i - z_j)^2 over pairs in the lag bin
aeolian,20268810,isotropic,14125.0,174.3772816429353,261695,"veg_p05_temporal_mean residual (OLS, Stage 0)",pixel,1988-2022 (35 water years),20000.0,10000,gamma(h) = 0.5 * mean (z_i - z_j)^2 over pairs in the lag bin
aeolian,20268810,isotropic,14375.0,167.07721944339752,257361,"veg_p05_temporal_mean residual (OLS, Stage 0)",pixel,1988-2022 (35 water years),20000.0,10000,gamma(h) = 0.5 * mean (z_i - z_j)^2 over pairs in the lag bin
aeolian,20268810,isotropic,14625.0,171.72881506170148,234401,"veg_p05_temporal_mean residual (OLS, Stage 0)",pixel,1988-2022 (35 water years),20000.0,10000,gamma(h) = 0.5 * mean (z_i - z_j)^2 over pairs in the lag bin
aeolian,20268810,isotropic,14875.0,172.0104311846329,205385,"veg_p05_temporal_mean residual (OLS, Stage 0)",pixel,1988-2022 (35 water years),20000.0,10000,gamma(h) = 0.5 * mean (z_i - z_j)^2 over pairs in the lag bin
aeolian,20268810,isotropic,15125.0,164.47902456121608,172546,"veg_p05_temporal_mean residual (OLS, Stage 0)",pixel,1988-2022 (35 water years),20000.0,10000,gamma(h) = 0.5 * mean (z_i - z_j)^2 over pairs in the lag bin
aeolian,20268810,isotropic,15375.0,150.58661117671872,140178,"veg_p05_temporal_mean residual (OLS, Stage 0)",pixel,1988-2022 (35 water years),20000.0,10000,gamma(h) = 0.5 * mean (z_i - z_j)^2 over pairs in the lag bin
aeolian,20268810,isotropic,15625.0,139.2918187928887,114867,"veg_p05_temporal_mean residual (OLS, Stage 0)",pixel,1988-2022 (35 water years),20000.0,10000,gamma(h) = 0.5 * mean (z_i - z_j)^2 over pairs in the lag bin
aeolian,20268810,isotropic,15875.0,111.65642569064292,109999,"veg_p05_temporal_mean residual (OLS, Stage 0)",pixel,1988-2022 (35 water years),20000.0,10000,gamma(h) = 0.5 * mean (z_i - z_j)^2 over pairs in the lag bin
aeolian,20268810,isotropic,16125.0,102.12173515059304,115021,"veg_p05_temporal_mean residual (OLS, Stage 0)",pixel,1988-2022 (35 water years),20000.0,10000,gamma(h) = 0.5 * mean (z_i - z_j)^2 over pairs in the lag bin
aeolian,20268810,isotropic,16375.0,104.59877646949832,117730,"veg_p05_temporal_mean residual (OLS, Stage 0)",pixel,1988-2022 (35 water years),20000.0,10000,gamma(h) = 0.5 * mean (z_i - z_j)^2 over pairs in the lag bin
aeolian,20268810,isotropic,16625.0,114.33336094559925,121566,"veg_p05_temporal_mean residual (OLS, Stage 0)",pixel,1988-2022 (35 water years),20000.0,10000,gamma(h) = 0.5 * mean (z_i - z_j)^2 over pairs in the lag bin
aeolian,20268810,isotropic,16875.0,118.69874009923784,123895,"veg_p05_temporal_mean residual (OLS, Stage 0)",pixel,1988-2022 (35 water years),20000.0,10000,gamma(h) = 0.5 * mean (z_i - z_j)^2 over pairs in the lag bin
aeolian,20268810,isotropic,17125.0,119.99764550755313,114419,"veg_p05_temporal_mean residual (OLS, Stage 0)",pixel,1988-2022 (35 water years),20000.0,10000,gamma(h) = 0.5 * mean (z_i - z_j)^2 over pairs in the lag bin
aeolian,20268810,isotropic,17375.0,122.93129155544824,94801,"veg_p05_temporal_mean residual (OLS, Stage 0)",pixel,1988-2022 (35 water years),20000.0,10000,gamma(h) = 0.5 * mean (z_i - z_j)^2 over pairs in the lag bin
aeolian,20268810,isotropic,17625.0,128.85072414847306,80412,"veg_p05_temporal_mean residual (OLS, Stage 0)",pixel,1988-2022 (35 water years),20000.0,10000,gamma(h) = 0.5 * mean (z_i - z_j)^2 over pairs in the lag bin
aeolian,20268810,isotropic,17875.0,129.80029450692817,74931,"veg_p05_temporal_mean residual (OLS, Stage 0)",pixel,1988-2022 (35 water years),20000.0,10000,gamma(h) = 0.5 * mean (z_i - z_j)^2 over pairs in the lag bin
aeolian,20268810,isotropic,18125.0,136.21690223641016,79740,"veg_p05_temporal_mean residual (OLS, Stage 0)",pixel,1988-2022 (35 water years),20000.0,10000,gamma(h) = 0.5 * mean (z_i - z_j)^2 over pairs in the lag bin
aeolian,20268810,isotropic,18375.0,134.69124427790882,86800,"veg_p05_temporal_mean residual (OLS, Stage 0)",pixel,1988-2022 (35 water years),20000.0,10000,gamma(h) = 0.5 * mean (z_i - z_j)^2 over pairs in the lag bin
aeolian,20268810,isotropic,18625.0,129.85312166457413,101824,"veg_p05_temporal_mean residual (OLS, Stage 0)",pixel,1988-2022 (35 water years),20000.0,10000,gamma(h) = 0.5 * mean (z_i - z_j)^2 over pairs in the lag bin
aeolian,20268810,isotropic,18875.0,127.97213352868623,115168,"veg_p05_temporal_mean residual (OLS, Stage 0)",pixel,1988-2022 (35 water years),20000.0,10000,gamma(h) = 0.5 * mean (z_i - z_j)^2 over pairs in the lag bin
aeolian,20268810,isotropic,19125.0,122.99597010573665,123759,"veg_p05_temporal_mean residual (OLS, Stage 0)",pixel,1988-2022 (35 water years),20000.0,10000,gamma(h) = 0.5 * mean (z_i - z_j)^2 over pairs in the lag bin
aeolian,20268810,isotropic,19375.0,117.99336611926898,129737,"veg_p05_temporal_mean residual (OLS, Stage 0)",pixel,1988-2022 (35 water years),20000.0,10000,gamma(h) = 0.5 * mean (z_i - z_j)^2 over pairs in the lag bin
aeolian,20268810,isotropic,19625.0,116.94689297590261,131301,"veg_p05_temporal_mean residual (OLS, Stage 0)",pixel,1988-2022 (35 water years),20000.0,10000,gamma(h) = 0.5 * mean (z_i - z_j)^2 over pairs in the lag bin
aeolian,20268810,isotropic,19875.0,113.91957080081143,133514,"veg_p05_temporal_mean residual (OLS, Stage 0)",pixel,1988-2022 (35 water years),20000.0,10000,gamma(h) = 0.5 * mean (z_i - z_j)^2 over pairs in the lag bin
aeolian,20269810,isotropic,125.0,60.190835233647974,158542,"veg_p05_temporal_mean residual (OLS, Stage 0)",pixel,1988-2022 (35 water years),20000.0,10000,gamma(h) = 0.5 * mean (z_i - z_j)^2 over pairs in the lag bin
aeolian,20269810,isotropic,375.0,105.17381337844387,363676,"veg_p05_temporal_mean residual (OLS, Stage 0)",pixel,1988-2022 (35 water years),20000.0,10000,gamma(h) = 0.5 * mean (z_i - z_j)^2 over pairs in the lag bin
aeolian,20269810,isotropic,625.0,126.98404743457856,483398,"veg_p05_temporal_mean residual (OLS, Stage 0)",pixel,1988-2022 (35 water years),20000.0,10000,gamma(h) = 0.5 * mean (z_i - z_j)^2 over pairs in the lag bin
aeolian,20269810,isotropic,875.0,137.61798587071874,537188,"veg_p05_temporal_mean residual (OLS, Stage 0)",pixel,1988-2022 (35 water years),20000.0,10000,gamma(h) = 0.5 * mean (z_i - z_j)^2 over pairs in the lag bin
aeolian,20269810,isotropic,1125.0,146.0929121135468,550220,"veg_p05_temporal_mean residual (OLS, Stage 0)",pixel,1988-2022 (35 water years),20000.0,10000,gamma(h) = 0.5 * mean (z_i - z_j)^2 over pairs in the lag bin
aeolian,20269810,isotropic,1375.0,151.8418305919111,545839,"veg_p05_temporal_mean residual (OLS, Stage 0)",pixel,1988-2022 (35 water years),20000.0,10000,gamma(h) = 0.5 * mean (z_i - z_j)^2 over pairs in the lag bin
aeolian,20269810,isotropic,1625.0,154.26365118715054,536577,"veg_p05_temporal_mean residual (OLS, Stage 0)",pixel,1988-2022 (35 water years),20000.0,10000,gamma(h) = 0.5 * mean (z_i - z_j)^2 over pairs in the lag bin
aeolian,20269810,isotropic,1875.0,152.98938899707517,531617,"veg_p05_temporal_mean residual (OLS, Stage 0)",pixel,1988-2022 (35 water years),20000.0,10000,gamma(h) = 0.5 * mean (z_i - z_j)^2 over pairs in the lag bin
aeolian,20269810,isotropic,2125.0,150.39003881659,542710,"veg_p05_temporal_mean residual (OLS, Stage 0)",pixel,1988-2022 (35 water years),20000.0,10000,gamma(h) = 0.5 * mean (z_i - z_j)^2 over pairs in the lag bin
aeolian,20269810,isotropic,2375.0,148.10518936077423,559126,"veg_p05_temporal_mean residual (OLS, Stage 0)",pixel,1988-2022 (35 water years),20000.0,10000,gamma(h) = 0.5 * mean (z_i - z_j)^2 over pairs in the lag bin
aeolian,20269810,isotropic,2625.0,150.71617248181317,573768,"veg_p05_temporal_mean residual (OLS, Stage 0)",pixel,1988-2022 (35 water years),20000.0,10000,gamma(h) = 0.5 * mean (z_i - z_j)^2 over pairs in the lag bin
aeolian,20269810,isotropic,2875.0,146.12421205714656,568446,"veg_p05_temporal_mean residual (OLS, Stage 0)",pixel,1988-2022 (35 water years),20000.0,10000,gamma(h) = 0.5 * mean (z_i - z_j)^2 over pairs in the lag bin
aeolian,20269810,isotropic,3125.0,144.6581018460008,564124,"veg_p05_temporal_mean residual (OLS, Stage 0)",pixel,1988-2022 (35 water years),20000.0,10000,gamma(h) = 0.5 * mean (z_i - z_j)^2 over pairs in the lag bin
aeolian,20269810,isotropic,3375.0,144.42972787198642,573523,"veg_p05_temporal_mean residual (OLS, Stage 0)",pixel,1988-2022 (35 water years),20000.0,10000,gamma(h) = 0.5 * mean (z_i - z_j)^2 over pairs in the lag bin
aeolian,20269810,isotropic,3625.0,145.20981074422028,574652,"veg_p05_temporal_mean residual (OLS, Stage 0)",pixel,1988-2022 (35 water years),20000.0,10000,gamma(h) = 0.5 * mean (z_i - z_j)^2 over pairs in the lag bin
aeolian,20269810,isotropic,3875.0,149.0271977889056,594456,"veg_p05_temporal_mean residual (OLS, Stage 0)",pixel,1988-2022 (35 water years),20000.0,10000,gamma(h) = 0.5 * mean (z_i - z_j)^2 over pairs in the lag bin
aeolian,20269810,isotropic,4125.0,150.90788641055153,626390,"veg_p05_temporal_mean residual (OLS, Stage 0)",pixel,1988-2022 (35 water years),20000.0,10000,gamma(h) = 0.5 * mean (z_i - z_j)^2 over pairs in the lag bin
aeolian,20269810,isotropic,4375.0,150.37612684827897,658815,"veg_p05_temporal_mean residual (OLS, Stage 0)",pixel,1988-2022 (35 water years),20000.0,10000,gamma(h) = 0.5 * mean (z_i - z_j)^2 over pairs in the lag bin
aeolian,20269810,isotropic,4625.0,152.84125036953128,700615,"veg_p05_temporal_mean residual (OLS, Stage 0)",pixel,1988-2022 (35 water years),20000.0,10000,gamma(h) = 0.5 * mean (z_i - z_j)^2 over pairs in the lag bin
aeolian,20269810,isotropic,4875.0,154.51607486509963,724447,"veg_p05_temporal_mean residual (OLS, Stage 0)",pixel,1988-2022 (35 water years),20000.0,10000,gamma(h) = 0.5 * mean (z_i - z_j)^2 over pairs in the lag bin
aeolian,20269810,isotropic,5125.0,159.6322219284343,746087,"veg_p05_temporal_mean residual (OLS, Stage 0)",pixel,1988-2022 (35 water years),20000.0,10000,gamma(h) = 0.5 * mean (z_i - z_j)^2 over pairs in the lag bin
aeolian,20269810,isotropic,5375.0,162.09545515300147,782937,"veg_p05_temporal_mean residual (OLS, Stage 0)",pixel,1988-2022 (35 water years),20000.0,10000,gamma(h) = 0.5 * mean (z_i - z_j)^2 over pairs in the lag bin
aeolian,20269810,isotropic,5625.0,169.2309724529847,832433,"veg_p05_temporal_mean residual (OLS, Stage 0)",pixel,1988-2022 (35 water years),20000.0,10000,gamma(h) = 0.5 * mean (z_i - z_j)^2 over pairs in the lag bin
aeolian,20269810,isotropic,5875.0,170.8650919572261,869098,"veg_p05_temporal_mean residual (OLS, Stage 0)",pixel,1988-2022 (35 water years),20000.0,10000,gamma(h) = 0.5 * mean (z_i - z_j)^2 over pairs in the lag bin
aeolian,20269810,isotropic,6125.0,172.3577597389245,880969,"veg_p05_temporal_mean residual (OLS, Stage 0)",pixel,1988-2022 (35 water years),20000.0,10000,gamma(h) = 0.5 * mean (z_i - z_j)^2 over pairs in the lag bin
aeolian,20269810,isotropic,6375.0,178.24524341907002,893810,"veg_p05_temporal_mean residual (OLS, Stage 0)",pixel,1988-2022 (35 water years),20000.0,10000,gamma(h) = 0.5 * mean (z_i - z_j)^2 over pairs in the lag bin
aeolian,20269810,isotropic,6625.0,178.69275944821922,887625,"veg_p05_temporal_mean residual (OLS, Stage 0)",pixel,1988-2022 (35 water years),20000.0,10000,gamma(h) = 0.5 * mean (z_i - z_j)^2 over pairs in the lag bin
aeolian,20269810,isotropic,6875.0,175.33051860597658,852243,"veg_p05_temporal_mean residual (OLS, Stage 0)",pixel,1988-2022 (35 water years),20000.0,10000,gamma(h) = 0.5 * mean (z_i - z_j)^2 over pairs in the lag bin
aeolian,20269810,isotropic,7125.0,171.78552525313202,805673,"veg_p05_temporal_mean residual (OLS, Stage 0)",pixel,1988-2022 (35 water years),20000.0,10000,gamma(h) = 0.5 * mean (z_i - z_j)^2 over pairs in the lag bin
aeolian,20269810,isotropic,7375.0,172.52058913112165,752329,"veg_p05_temporal_mean residual (OLS, Stage 0)",pixel,1988-2022 (35 water years),20000.0,10000,gamma(h) = 0.5 * mean (z_i - z_j)^2 over pairs in the lag bin
aeolian,20269810,isotropic,7625.0,178.90701089709881,726386,"veg_p05_temporal_mean residual (OLS, Stage 0)",pixel,1988-2022 (35 water years),20000.0,10000,gamma(h) = 0.5 * mean (z_i - z_j)^2 over pairs in the lag bin
aeolian,20269810,isotropic,7875.0,179.57451915887188,718137,"veg_p05_temporal_mean residual (OLS, Stage 0)",pixel,1988-2022 (35 water years),20000.0,10000,gamma(h) = 0.5 * mean (z_i - z_j)^2 over pairs in the lag bin
aeolian,20269810,isotropic,8125.0,178.74110500916842,710284,"veg_p05_temporal_mean residual (OLS, Stage 0)",pixel,1988-2022 (35 water years),20000.0,10000,gamma(h) = 0.5 * mean (z_i - z_j)^2 over pairs in the lag bin
aeolian,20269810,isotropic,8375.0,173.5559586571242,708340,"veg_p05_temporal_mean residual (OLS, Stage 0)",pixel,1988-2022 (35 water years),20000.0,10000,gamma(h) = 0.5 * mean (z_i - z_j)^2 over pairs in the lag bin
aeolian,20269810,isotropic,8625.0,168.01965722454608,680046,"veg_p05_temporal_mean residual (OLS, Stage 0)",pixel,1988-2022 (35 water years),20000.0,10000,gamma(h) = 0.5 * mean (z_i - z_j)^2 over pairs in the lag bin
aeolian,20269810,isotropic,8875.0,171.8037338813149,612168,"veg_p05_temporal_mean residual (OLS, Stage 0)",pixel,1988-2022 (35 water years),20000.0,10000,gamma(h) = 0.5 * mean (z_i - z_j)^2 over pairs in the lag bin
aeolian,20269810,isotropic,9125.0,171.4052386698142,538210,"veg_p05_temporal_mean residual (OLS, Stage 0)",pixel,1988-2022 (35 water years),20000.0,10000,gamma(h) = 0.5 * mean (z_i - z_j)^2 over pairs in the lag bin
aeolian,20269810,isotropic,9375.0,176.91755928358475,455194,"veg_p05_temporal_mean residual (OLS, Stage 0)",pixel,1988-2022 (35 water years),20000.0,10000,gamma(h) = 0.5 * mean (z_i - z_j)^2 over pairs in the lag bin
aeolian,20269810,isotropic,9625.0,181.2437053619035,378715,"veg_p05_temporal_mean residual (OLS, Stage 0)",pixel,1988-2022 (35 water years),20000.0,10000,gamma(h) = 0.5 * mean (z_i - z_j)^2 over pairs in the lag bin
aeolian,20269810,isotropic,9875.0,170.66758686042266,320802,"veg_p05_temporal_mean residual (OLS, Stage 0)",pixel,1988-2022 (35 water years),20000.0,10000,gamma(h) = 0.5 * mean (z_i - z_j)^2 over pairs in the lag bin
aeolian,20269810,isotropic,10125.0,164.43014782117842,286587,"veg_p05_temporal_mean residual (OLS, Stage 0)",pixel,1988-2022 (35 water years),20000.0,10000,gamma(h) = 0.5 * mean (z_i - z_j)^2 over pairs in the lag bin
aeolian,20269810,isotropic,10375.0,167.113484458959,275601,"veg_p05_temporal_mean residual (OLS, Stage 0)",pixel,1988-2022 (35 water years),20000.0,10000,gamma(h) = 0.5 * mean (z_i - z_j)^2 over pairs in the lag bin
aeolian,20269810,isotropic,10625.0,158.1934817326346,273814,"veg_p05_temporal_mean residual (OLS, Stage 0)",pixel,1988-2022 (35 water years),20000.0,10000,gamma(h) = 0.5 * mean (z_i - z_j)^2 over pairs in the lag bin
aeolian,20269810,isotropic,10875.0,142.5110974812522,273334,"veg_p05_temporal_mean residual (OLS, Stage 0)",pixel,1988-2022 (35 water years),20000.0,10000,gamma(h) = 0.5 * mean (z_i - z_j)^2 over pairs in the lag bin
aeolian,20269810,isotropic,11125.0,143.2218628104016,271501,"veg_p05_temporal_mean residual (OLS, Stage 0)",pixel,1988-2022 (35 water years),20000.0,10000,gamma(h) = 0.5 * mean (z_i - z_j)^2 over pairs in the lag bin
aeolian,20269810,isotropic,11375.0,144.5348294720166,267296,"veg_p05_temporal_mean residual (OLS, Stage 0)",pixel,1988-2022 (35 water years),20000.0,10000,gamma(h) = 0.5 * mean (z_i - z_j)^2 over pairs in the lag bin
aeolian,20269810,isotropic,11625.0,154.32262257766808,269669,"veg_p05_temporal_mean residual (OLS, Stage 0)",pixel,1988-2022 (35 water years),20000.0,10000,gamma(h) = 0.5 * mean (z_i - z_j)^2 over pairs in the lag bin
aeolian,20269810,isotropic,11875.0,159.01132215052795,268129,"veg_p05_temporal_mean residual (OLS, Stage 0)",pixel,1988-2022 (35 water years),20000.0,10000,gamma(h) = 0.5 * mean (z_i - z_j)^2 over pairs in the lag bin
aeolian,20269810,isotropic,12125.0,154.20956707298444,269688,"veg_p05_temporal_mean residual (OLS, Stage 0)",pixel,1988-2022 (35 water years),20000.0,10000,gamma(h) = 0.5 * mean (z_i - z_j)^2 over pairs in the lag bin
aeolian,20269810,isotropic,12375.0,150.32061382535454,268362,"veg_p05_temporal_mean residual (OLS, Stage 0)",pixel,1988-2022 (35 water years),20000.0,10000,gamma(h) = 0.5 * mean (z_i - z_j)^2 over pairs in the lag bin
aeolian,20269810,isotropic,12625.0,146.68415917507832,265532,"veg_p05_temporal_mean residual (OLS, Stage 0)",pixel,1988-2022 (35 water years),20000.0,10000,gamma(h) = 0.5 * mean (z_i - z_j)^2 over pairs in the lag bin
aeolian,20269810,isotropic,12875.0,147.95622504957447,257747,"veg_p05_temporal_mean residual (OLS, Stage 0)",pixel,1988-2022 (35 water years),20000.0,10000,gamma(h) = 0.5 * mean (z_i - z_j)^2 over pairs in the lag bin
aeolian,20269810,isotropic,13125.0,159.26264372789123,249484,"veg_p05_temporal_mean residual (OLS, Stage 0)",pixel,1988-2022 (35 water years),20000.0,10000,gamma(h) = 0.5 * mean (z_i - z_j)^2 over pairs in the lag bin
aeolian,20269810,isotropic,13375.0,163.5918965708991,240129,"veg_p05_temporal_mean residual (OLS, Stage 0)",pixel,1988-2022 (35 water years),20000.0,10000,gamma(h) = 0.5 * mean (z_i - z_j)^2 over pairs in the lag bin
aeolian,20269810,isotropic,13625.0,167.94843620505907,238207,"veg_p05_temporal_mean residual (OLS, Stage 0)",pixel,1988-2022 (35 water years),20000.0,10000,gamma(h) = 0.5 * mean (z_i - z_j)^2 over pairs in the lag bin
aeolian,20269810,isotropic,13875.0,160.48824868304246,243407,"veg_p05_temporal_mean residual (OLS, Stage 0)",pixel,1988-2022 (35 water years),20000.0,10000,gamma(h) = 0.5 * mean (z_i - z_j)^2 over pairs in the lag bin
aeolian,20269810,isotropic,14125.0,167.81999292423635,255625,"veg_p05_temporal_mean residual (OLS, Stage 0)",pixel,1988-2022 (35 water years),20000.0,10000,gamma(h) = 0.5 * mean (z_i - z_j)^2 over pairs in the lag bin
aeolian,20269810,isotropic,14375.0,163.79850652831226,251739,"veg_p05_temporal_mean residual (OLS, Stage 0)",pixel,1988-2022 (35 water years),20000.0,10000,gamma(h) = 0.5 * mean (z_i - z_j)^2 over pairs in the lag bin
aeolian,20269810,isotropic,14625.0,167.48864963101065,233036,"veg_p05_temporal_mean residual (OLS, Stage 0)",pixel,1988-2022 (35 water years),20000.0,10000,gamma(h) = 0.5 * mean (z_i - z_j)^2 over pairs in the lag bin
aeolian,20269810,isotropic,14875.0,165.4944670832297,200949,"veg_p05_temporal_mean residual (OLS, Stage 0)",pixel,1988-2022 (35 water years),20000.0,10000,gamma(h) = 0.5 * mean (z_i - z_j)^2 over pairs in the lag bin
aeolian,20269810,isotropic,15125.0,165.48870378943525,169454,"veg_p05_temporal_mean residual (OLS, Stage 0)",pixel,1988-2022 (35 water years),20000.0,10000,gamma(h) = 0.5 * mean (z_i - z_j)^2 over pairs in the lag bin
aeolian,20269810,isotropic,15375.0,151.96027864641212,141011,"veg_p05_temporal_mean residual (OLS, Stage 0)",pixel,1988-2022 (35 water years),20000.0,10000,gamma(h) = 0.5 * mean (z_i - z_j)^2 over pairs in the lag bin
aeolian,20269810,isotropic,15625.0,131.52430930047063,118174,"veg_p05_temporal_mean residual (OLS, Stage 0)",pixel,1988-2022 (35 water years),20000.0,10000,gamma(h) = 0.5 * mean (z_i - z_j)^2 over pairs in the lag bin
aeolian,20269810,isotropic,15875.0,109.47157034581191,116063,"veg_p05_temporal_mean residual (OLS, Stage 0)",pixel,1988-2022 (35 water years),20000.0,10000,gamma(h) = 0.5 * mean (z_i - z_j)^2 over pairs in the lag bin
aeolian,20269810,isotropic,16125.0,102.76555582253434,120265,"veg_p05_temporal_mean residual (OLS, Stage 0)",pixel,1988-2022 (35 water years),20000.0,10000,gamma(h) = 0.5 * mean (z_i - z_j)^2 over pairs in the lag bin
aeolian,20269810,isotropic,16375.0,105.65285793420816,122479,"veg_p05_temporal_mean residual (OLS, Stage 0)",pixel,1988-2022 (35 water years),20000.0,10000,gamma(h) = 0.5 * mean (z_i - z_j)^2 over pairs in the lag bin
aeolian,20269810,isotropic,16625.0,113.52436071856407,124810,"veg_p05_temporal_mean residual (OLS, Stage 0)",pixel,1988-2022 (35 water years),20000.0,10000,gamma(h) = 0.5 * mean (z_i - z_j)^2 over pairs in the lag bin
aeolian,20269810,isotropic,16875.0,118.94104655931596,125730,"veg_p05_temporal_mean residual (OLS, Stage 0)",pixel,1988-2022 (35 water years),20000.0,10000,gamma(h) = 0.5 * mean (z_i - z_j)^2 over pairs in the lag bin
aeolian,20269810,isotropic,17125.0,118.70452442094917,114679,"veg_p05_temporal_mean residual (OLS, Stage 0)",pixel,1988-2022 (35 water years),20000.0,10000,gamma(h) = 0.5 * mean (z_i - z_j)^2 over pairs in the lag bin
aeolian,20269810,isotropic,17375.0,116.96172202214422,96689,"veg_p05_temporal_mean residual (OLS, Stage 0)",pixel,1988-2022 (35 water years),20000.0,10000,gamma(h) = 0.5 * mean (z_i - z_j)^2 over pairs in the lag bin
aeolian,20269810,isotropic,17625.0,124.58435181398254,84570,"veg_p05_temporal_mean residual (OLS, Stage 0)",pixel,1988-2022 (35 water years),20000.0,10000,gamma(h) = 0.5 * mean (z_i - z_j)^2 over pairs in the lag bin
aeolian,20269810,isotropic,17875.0,126.80231815845039,80411,"veg_p05_temporal_mean residual (OLS, Stage 0)",pixel,1988-2022 (35 water years),20000.0,10000,gamma(h) = 0.5 * mean (z_i - z_j)^2 over pairs in the lag bin
aeolian,20269810,isotropic,18125.0,131.7255922297566,85580,"veg_p05_temporal_mean residual (OLS, Stage 0)",pixel,1988-2022 (35 water years),20000.0,10000,gamma(h) = 0.5 * mean (z_i - z_j)^2 over pairs in the lag bin
aeolian,20269810,isotropic,18375.0,132.18898870502824,93226,"veg_p05_temporal_mean residual (OLS, Stage 0)",pixel,1988-2022 (35 water years),20000.0,10000,gamma(h) = 0.5 * mean (z_i - z_j)^2 over pairs in the lag bin
aeolian,20269810,isotropic,18625.0,130.25561554784247,106735,"veg_p05_temporal_mean residual (OLS, Stage 0)",pixel,1988-2022 (35 water years),20000.0,10000,gamma(h) = 0.5 * mean (z_i - z_j)^2 over pairs in the lag bin
aeolian,20269810,isotropic,18875.0,132.08571884511605,117304,"veg_p05_temporal_mean residual (OLS, Stage 0)",pixel,1988-2022 (35 water years),20000.0,10000,gamma(h) = 0.5 * mean (z_i - z_j)^2 over pairs in the lag bin
aeolian,20269810,isotropic,19125.0,124.55479254086802,124297,"veg_p05_temporal_mean residual (OLS, Stage 0)",pixel,1988-2022 (35 water years),20000.0,10000,gamma(h) = 0.5 * mean (z_i - z_j)^2 over pairs in the lag bin
aeolian,20269810,isotropic,19375.0,119.00061617387502,128361,"veg_p05_temporal_mean residual (OLS, Stage 0)",pixel,1988-2022 (35 water years),20000.0,10000,gamma(h) = 0.5 * mean (z_i - z_j)^2 over pairs in the lag bin
aeolian,20269810,isotropic,19625.0,117.01308826060306,129787,"veg_p05_temporal_mean residual (OLS, Stage 0)",pixel,1988-2022 (35 water years),20000.0,10000,gamma(h) = 0.5 * mean (z_i - z_j)^2 over pairs in the lag bin
aeolian,20269810,isotropic,19875.0,112.16682751347693,131174,"veg_p05_temporal_mean residual (OLS, Stage 0)",pixel,1988-2022 (35 water years),20000.0,10000,gamma(h) = 0.5 * mean (z_i - z_j)^2 over pairs in the lag bin
aeolian,20260810,0deg,125.0,66.79711460331583,38152,"veg_p05_temporal_mean residual (OLS, Stage 0)",pixel,1988-2022 (35 water years),20000.0,10000,gamma(h) = 0.5 * mean (z_i - z_j)^2 over pairs in the lag bin
aeolian,20260810,0deg,375.0,108.0921260173359,89547,"veg_p05_temporal_mean residual (OLS, Stage 0)",pixel,1988-2022 (35 water years),20000.0,10000,gamma(h) = 0.5 * mean (z_i - z_j)^2 over pairs in the lag bin
aeolian,20260810,0deg,625.0,127.16501412307656,115467,"veg_p05_temporal_mean residual (OLS, Stage 0)",pixel,1988-2022 (35 water years),20000.0,10000,gamma(h) = 0.5 * mean (z_i - z_j)^2 over pairs in the lag bin
aeolian,20260810,0deg,875.0,141.54524430911158,128691,"veg_p05_temporal_mean residual (OLS, Stage 0)",pixel,1988-2022 (35 water years),20000.0,10000,gamma(h) = 0.5 * mean (z_i - z_j)^2 over pairs in the lag bin
aeolian,20260810,0deg,1125.0,142.09243243573493,132159,"veg_p05_temporal_mean residual (OLS, Stage 0)",pixel,1988-2022 (35 water years),20000.0,10000,gamma(h) = 0.5 * mean (z_i - z_j)^2 over pairs in the lag bin
aeolian,20260810,0deg,1375.0,142.7518352892384,133924,"veg_p05_temporal_mean residual (OLS, Stage 0)",pixel,1988-2022 (35 water years),20000.0,10000,gamma(h) = 0.5 * mean (z_i - z_j)^2 over pairs in the lag bin
aeolian,20260810,0deg,1625.0,142.59758592181632,141761,"veg_p05_temporal_mean residual (OLS, Stage 0)",pixel,1988-2022 (35 water years),20000.0,10000,gamma(h) = 0.5 * mean (z_i - z_j)^2 over pairs in the lag bin
aeolian,20260810,0deg,1875.0,142.587407875617,151655,"veg_p05_temporal_mean residual (OLS, Stage 0)",pixel,1988-2022 (35 water years),20000.0,10000,gamma(h) = 0.5 * mean (z_i - z_j)^2 over pairs in the lag bin
aeolian,20260810,0deg,2125.0,141.16359060218016,165114,"veg_p05_temporal_mean residual (OLS, Stage 0)",pixel,1988-2022 (35 water years),20000.0,10000,gamma(h) = 0.5 * mean (z_i - z_j)^2 over pairs in the lag bin
aeolian,20260810,0deg,2375.0,139.58123867972108,180684,"veg_p05_temporal_mean residual (OLS, Stage 0)",pixel,1988-2022 (35 water years),20000.0,10000,gamma(h) = 0.5 * mean (z_i - z_j)^2 over pairs in the lag bin
aeolian,20260810,0deg,2625.0,139.27559154227671,189566,"veg_p05_temporal_mean residual (OLS, Stage 0)",pixel,1988-2022 (35 water years),20000.0,10000,gamma(h) = 0.5 * mean (z_i - z_j)^2 over pairs in the lag bin
aeolian,20260810,0deg,2875.0,134.44743740160567,185287,"veg_p05_temporal_mean residual (OLS, Stage 0)",pixel,1988-2022 (35 water years),20000.0,10000,gamma(h) = 0.5 * mean (z_i - z_j)^2 over pairs in the lag bin
aeolian,20260810,0deg,3125.0,132.23938071142948,177448,"veg_p05_temporal_mean residual (OLS, Stage 0)",pixel,1988-2022 (35 water years),20000.0,10000,gamma(h) = 0.5 * mean (z_i - z_j)^2 over pairs in the lag bin
aeolian,20260810,0deg,3375.0,138.41041801990448,167947,"veg_p05_temporal_mean residual (OLS, Stage 0)",pixel,1988-2022 (35 water years),20000.0,10000,gamma(h) = 0.5 * mean (z_i - z_j)^2 over pairs in the lag bin
aeolian,20260810,0deg,3625.0,147.9198919539557,162729,"veg_p05_temporal_mean residual (OLS, Stage 0)",pixel,1988-2022 (35 water years),20000.0,10000,gamma(h) = 0.5 * mean (z_i - z_j)^2 over pairs in the lag bin
aeolian,20260810,0deg,3875.0,157.65869665090244,165015,"veg_p05_temporal_mean residual (OLS, Stage 0)",pixel,1988-2022 (35 water years),20000.0,10000,gamma(h) = 0.5 * mean (z_i - z_j)^2 over pairs in the lag bin
aeolian,20260810,0deg,4125.0,167.47953085911504,174484,"veg_p05_temporal_mean residual (OLS, Stage 0)",pixel,1988-2022 (35 water years),20000.0,10000,gamma(h) = 0.5 * mean (z_i - z_j)^2 over pairs in the lag bin
aeolian,20260810,0deg,4375.0,168.72498927468857,192484,"veg_p05_temporal_mean residual (OLS, Stage 0)",pixel,1988-2022 (35 water years),20000.0,10000,gamma(h) = 0.5 * mean (z_i - z_j)^2 over pairs in the lag bin
aeolian,20260810,0deg,4625.0,175.22202223679926,218248,"veg_p05_temporal_mean residual (OLS, Stage 0)",pixel,1988-2022 (35 water years),20000.0,10000,gamma(h) = 0.5 * mean (z_i - z_j)^2 over pairs in the lag bin
aeolian,20260810,0deg,4875.0,179.4831101019441,234476,"veg_p05_temporal_mean residual (OLS, Stage 0)",pixel,1988-2022 (35 water years),20000.0,10000,gamma(h) = 0.5 * mean (z_i - z_j)^2 over pairs in the lag bin
aeolian,20260810,0deg,5125.0,184.93984053125843,246807,"veg_p05_temporal_mean residual (OLS, Stage 0)",pixel,1988-2022 (35 water years),20000.0,10000,gamma(h) = 0.5 * mean (z_i - z_j)^2 over pairs in the lag bin
aeolian,20260810,0deg,5375.0,191.15591250618178,264257,"veg_p05_temporal_mean residual (OLS, Stage 0)",pixel,1988-2022 (35 water years),20000.0,10000,gamma(h) = 0.5 * mean (z_i - z_j)^2 over pairs in the lag bin
aeolian,20260810,0deg,5625.0,196.65911762236442,281178,"veg_p05_temporal_mean residual (OLS, Stage 0)",pixel,1988-2022 (35 water years),20000.0,10000,gamma(h) = 0.5 * mean (z_i - z_j)^2 over pairs in the lag bin
aeolian,20260810,0deg,5875.0,193.577551800844,290254,"veg_p05_temporal_mean residual (OLS, Stage 0)",pixel,1988-2022 (35 water years),20000.0,10000,gamma(h) = 0.5 * mean (z_i - z_j)^2 over pairs in the lag bin
aeolian,20260810,0deg,6125.0,190.47901689408837,296107,"veg_p05_temporal_mean residual (OLS, Stage 0)",pixel,1988-2022 (35 water years),20000.0,10000,gamma(h) = 0.5 * mean (z_i - z_j)^2 over pairs in the lag bin
aeolian,20260810,0deg,6375.0,188.9600193451185,299325,"veg_p05_temporal_mean residual (OLS, Stage 0)",pixel,1988-2022 (35 water years),20000.0,10000,gamma(h) = 0.5 * mean (z_i - z_j)^2 over pairs in the lag bin
aeolian,20260810,0deg,6625.0,188.0832997665667,296710,"veg_p05_temporal_mean residual (OLS, Stage 0)",pixel,1988-2022 (35 water years),20000.0,10000,gamma(h) = 0.5 * mean (z_i - z_j)^2 over pairs in the lag bin
aeolian,20260810,0deg,6875.0,181.50210484920663,295338,"veg_p05_temporal_mean residual (OLS, Stage 0)",pixel,1988-2022 (35 water years),20000.0,10000,gamma(h) = 0.5 * mean (z_i - z_j)^2 over pairs in the lag bin
aeolian,20260810,0deg,7125.0,172.8676884861504,283809,"veg_p05_temporal_mean residual (OLS, Stage 0)",pixel,1988-2022 (35 water years),20000.0,10000,gamma(h) = 0.5 * mean (z_i - z_j)^2 over pairs in the lag bin
aeolian,20260810,0deg,7375.0,169.4786809980394,267234,"veg_p05_temporal_mean residual (OLS, Stage 0)",pixel,1988-2022 (35 water years),20000.0,10000,gamma(h) = 0.5 * mean (z_i - z_j)^2 over pairs in the lag bin
aeolian,20260810,0deg,7625.0,177.7784334527796,267859,"veg_p05_temporal_mean residual (OLS, Stage 0)",pixel,1988-2022 (35 water years),20000.0,10000,gamma(h) = 0.5 * mean (z_i - z_j)^2 over pairs in the lag bin
aeolian,20260810,0deg,7875.0,181.19966638197786,281074,"veg_p05_temporal_mean residual (OLS, Stage 0)",pixel,1988-2022 (35 water years),20000.0,10000,gamma(h) = 0.5 * mean (z_i - z_j)^2 over pairs in the lag bin
aeolian,20260810,0deg,8125.0,184.23798816342364,303002,"veg_p05_temporal_mean residual (OLS, Stage 0)",pixel,1988-2022 (35 water years),20000.0,10000,gamma(h) = 0.5 * mean (z_i - z_j)^2 over pairs in the lag bin
aeolian,20260810,0deg,8375.0,181.9232474305615,310603,"veg_p05_temporal_mean residual (OLS, Stage 0)",pixel,1988-2022 (35 water years),20000.0,10000,gamma(h) = 0.5 * mean (z_i - z_j)^2 over pairs in the lag bin
aeolian,20260810,0deg,8625.0,172.60032992007675,305439,"veg_p05_temporal_mean residual (OLS, Stage 0)",pixel,1988-2022 (35 water years),20000.0,10000,gamma(h) = 0.5 * mean (z_i - z_j)^2 over pairs in the lag bin
aeolian,20260810,0deg,8875.0,180.21385062173178,285216,"veg_p05_temporal_mean residual (OLS, Stage 0)",pixel,1988-2022 (35 water years),20000.0,10000,gamma(h) = 0.5 * mean (z_i - z_j)^2 over pairs in the lag bin
aeolian,20260810,0deg,9125.0,174.60004970757421,254709,"veg_p05_temporal_mean residual (OLS, Stage 0)",pixel,1988-2022 (35 water years),20000.0,10000,gamma(h) = 0.5 * mean (z_i - z_j)^2 over pairs in the lag bin
aeolian,20260810,0deg,9375.0,182.54864354072353,222414,"veg_p05_temporal_mean residual (OLS, Stage 0)",pixel,1988-2022 (35 water years),20000.0,10000,gamma(h) = 0.5 * mean (z_i - z_j)^2 over pairs in the lag bin
aeolian,20260810,0deg,9625.0,190.16880163008219,185796,"veg_p05_temporal_mean residual (OLS, Stage 0)",pixel,1988-2022 (35 water years),20000.0,10000,gamma(h) = 0.5 * mean (z_i - z_j)^2 over pairs in the lag bin
aeolian,20260810,0deg,9875.0,182.5058194639791,160096,"veg_p05_temporal_mean residual (OLS, Stage 0)",pixel,1988-2022 (35 water years),20000.0,10000,gamma(h) = 0.5 * mean (z_i - z_j)^2 over pairs in the lag bin
aeolian,20260810,0deg,10125.0,180.28552512547435,143039,"veg_p05_temporal_mean residual (OLS, Stage 0)",pixel,1988-2022 (35 water years),20000.0,10000,gamma(h) = 0.5 * mean (z_i - z_j)^2 over pairs in the lag bin
aeolian,20260810,0deg,10375.0,189.41732577627604,135357,"veg_p05_temporal_mean residual (OLS, Stage 0)",pixel,1988-2022 (35 water years),20000.0,10000,gamma(h) = 0.5 * mean (z_i - z_j)^2 over pairs in the lag bin
aeolian,20260810,0deg,10625.0,179.32556257871917,133599,"veg_p05_temporal_mean residual (OLS, Stage 0)",pixel,1988-2022 (35 water years),20000.0,10000,gamma(h) = 0.5 * mean (z_i - z_j)^2 over pairs in the lag bin
aeolian,20260810,0deg,10875.0,164.69451916300463,131739,"veg_p05_temporal_mean residual (OLS, Stage 0)",pixel,1988-2022 (35 water years),20000.0,10000,gamma(h) = 0.5 * mean (z_i - z_j)^2 over pairs in the lag bin
aeolian,20260810,0deg,11125.0,155.43405088361874,131204,"veg_p05_temporal_mean residual (OLS, Stage 0)",pixel,1988-2022 (35 water years),20000.0,10000,gamma(h) = 0.5 * mean (z_i - z_j)^2 over pairs in the lag bin
aeolian,20260810,0deg,11375.0,166.56590096271063,128484,"veg_p05_temporal_mean residual (OLS, Stage 0)",pixel,1988-2022 (35 water years),20000.0,10000,gamma(h) = 0.5 * mean (z_i - z_j)^2 over pairs in the lag bin
aeolian,20260810,0deg,11625.0,184.32460070564915,123408,"veg_p05_temporal_mean residual (OLS, Stage 0)",pixel,1988-2022 (35 water years),20000.0,10000,gamma(h) = 0.5 * mean (z_i - z_j)^2 over pairs in the lag bin
aeolian,20260810,0deg,11875.0,179.1890715082864,120142,"veg_p05_temporal_mean residual (OLS, Stage 0)",pixel,1988-2022 (35 water years),20000.0,10000,gamma(h) = 0.5 * mean (z_i - z_j)^2 over pairs in the lag bin
aeolian,20260810,0deg,12125.0,172.56030386526135,114066,"veg_p05_temporal_mean residual (OLS, Stage 0)",pixel,1988-2022 (35 water years),20000.0,10000,gamma(h) = 0.5 * mean (z_i - z_j)^2 over pairs in the lag bin
aeolian,20260810,0deg,12375.0,177.45932330463702,105321,"veg_p05_temporal_mean residual (OLS, Stage 0)",pixel,1988-2022 (35 water years),20000.0,10000,gamma(h) = 0.5 * mean (z_i - z_j)^2 over pairs in the lag bin
aeolian,20260810,0deg,12625.0,162.75687291359864,109407,"veg_p05_temporal_mean residual (OLS, Stage 0)",pixel,1988-2022 (35 water years),20000.0,10000,gamma(h) = 0.5 * mean (z_i - z_j)^2 over pairs in the lag bin
aeolian,20260810,0deg,12875.0,167.36941483109666,117130,"veg_p05_temporal_mean residual (OLS, Stage 0)",pixel,1988-2022 (35 water years),20000.0,10000,gamma(h) = 0.5 * mean (z_i - z_j)^2 over pairs in the lag bin
aeolian,20260810,0deg,13125.0,180.89118714169865,122492,"veg_p05_temporal_mean residual (OLS, Stage 0)",pixel,1988-2022 (35 water years),20000.0,10000,gamma(h) = 0.5 * mean (z_i - z_j)^2 over pairs in the lag bin
aeolian,20260810,0deg,13375.0,188.5820098526142,126581,"veg_p05_temporal_mean residual (OLS, Stage 0)",pixel,1988-2022 (35 water years),20000.0,10000,gamma(h) = 0.5 * mean (z_i - z_j)^2 over pairs in the lag bin
aeolian,20260810,0deg,13625.0,188.79978091190551,133655,"veg_p05_temporal_mean residual (OLS, Stage 0)",pixel,1988-2022 (35 water years),20000.0,10000,gamma(h) = 0.5 * mean (z_i - z_j)^2 over pairs in the lag bin
aeolian,20260810,0deg,13875.0,185.10858804750737,146957,"veg_p05_temporal_mean residual (OLS, Stage 0)",pixel,1988-2022 (35 water years),20000.0,10000,gamma(h) = 0.5 * mean (z_i - z_j)^2 over pairs in the lag bin
aeolian,20260810,0deg,14125.0,186.76679245679009,166451,"veg_p05_temporal_mean residual (OLS, Stage 0)",pixel,1988-2022 (35 water years),20000.0,10000,gamma(h) = 0.5 * mean (z_i - z_j)^2 over pairs in the lag bin
aeolian,20260810,0deg,14375.0,174.514068677804,164790,"veg_p05_temporal_mean residual (OLS, Stage 0)",pixel,1988-2022 (35 water years),20000.0,10000,gamma(h) = 0.5 * mean (z_i - z_j)^2 over pairs in the lag bin
aeolian,20260810,0deg,14625.0,186.62037956879766,148712,"veg_p05_temporal_mean residual (OLS, Stage 0)",pixel,1988-2022 (35 water years),20000.0,10000,gamma(h) = 0.5 * mean (z_i - z_j)^2 over pairs in the lag bin
aeolian,20260810,0deg,14875.0,200.08587708005965,125334,"veg_p05_temporal_mean residual (OLS, Stage 0)",pixel,1988-2022 (35 water years),20000.0,10000,gamma(h) = 0.5 * mean (z_i - z_j)^2 over pairs in the lag bin
aeolian,20260810,0deg,15125.0,199.63663907656155,99191,"veg_p05_temporal_mean residual (OLS, Stage 0)",pixel,1988-2022 (35 water years),20000.0,10000,gamma(h) = 0.5 * mean (z_i - z_j)^2 over pairs in the lag bin
aeolian,20260810,0deg,15375.0,184.7179640083496,72966,"veg_p05_temporal_mean residual (OLS, Stage 0)",pixel,1988-2022 (35 water years),20000.0,10000,gamma(h) = 0.5 * mean (z_i - z_j)^2 over pairs in the lag bin
aeolian,20260810,0deg,15625.0,170.27153024574199,50854,"veg_p05_temporal_mean residual (OLS, Stage 0)",pixel,1988-2022 (35 water years),20000.0,10000,gamma(h) = 0.5 * mean (z_i - z_j)^2 over pairs in the lag bin
aeolian,20260810,0deg,15875.0,124.30770323104218,46997,"veg_p05_temporal_mean residual (OLS, Stage 0)",pixel,1988-2022 (35 water years),20000.0,10000,gamma(h) = 0.5 * mean (z_i - z_j)^2 over pairs in the lag bin
aeolian,20260810,0deg,16125.0,109.69679850979416,51740,"veg_p05_temporal_mean residual (OLS, Stage 0)",pixel,1988-2022 (35 water years),20000.0,10000,gamma(h) = 0.5 * mean (z_i - z_j)^2 over pairs in the lag bin
aeolian,20260810,0deg,16375.0,111.25224005285332,54508,"veg_p05_temporal_mean residual (OLS, Stage 0)",pixel,1988-2022 (35 water years),20000.0,10000,gamma(h) = 0.5 * mean (z_i - z_j)^2 over pairs in the lag bin
aeolian,20260810,0deg,16625.0,125.41852484195272,56385,"veg_p05_temporal_mean residual (OLS, Stage 0)",pixel,1988-2022 (35 water years),20000.0,10000,gamma(h) = 0.5 * mean (z_i - z_j)^2 over pairs in the lag bin
aeolian,20260810,0deg,16875.0,138.68936283047222,57780,"veg_p05_temporal_mean residual (OLS, Stage 0)",pixel,1988-2022 (35 water years),20000.0,10000,gamma(h) = 0.5 * mean (z_i - z_j)^2 over pairs in the lag bin
aeolian,20260810,0deg,17125.0,130.97419992250212,50059,"veg_p05_temporal_mean residual (OLS, Stage 0)",pixel,1988-2022 (35 water years),20000.0,10000,gamma(h) = 0.5 * mean (z_i - z_j)^2 over pairs in the lag bin
aeolian,20260810,0deg,17375.0,126.80977842890216,29770,"veg_p05_temporal_mean residual (OLS, Stage 0)",pixel,1988-2022 (35 water years),20000.0,10000,gamma(h) = 0.5 * mean (z_i - z_j)^2 over pairs in the lag bin
aeolian,20260810,0deg,17625.0,138.9371598146656,13264,"veg_p05_temporal_mean residual (OLS, Stage 0)",pixel,1988-2022 (35 water years),20000.0,10000,gamma(h) = 0.5 * mean (z_i - z_j)^2 over pairs in the lag bin
aeolian,20260810,0deg,17875.0,158.09225284643574,4958,"veg_p05_temporal_mean residual (OLS, Stage 0)",pixel,1988-2022 (35 water years),20000.0,10000,gamma(h) = 0.5 * mean (z_i - z_j)^2 over pairs in the lag bin
aeolian,20260810,0deg,18125.0,211.0055934759828,2883,"veg_p05_temporal_mean residual (OLS, Stage 0)",pixel,1988-2022 (35 water years),20000.0,10000,gamma(h) = 0.5 * mean (z_i - z_j)^2 over pairs in the lag bin
aeolian,20260810,0deg,18375.0,194.30515885413632,4176,"veg_p05_temporal_mean residual (OLS, Stage 0)",pixel,1988-2022 (35 water years),20000.0,10000,gamma(h) = 0.5 * mean (z_i - z_j)^2 over pairs in the lag bin
aeolian,20260810,0deg,18625.0,154.58139203394225,7875,"veg_p05_temporal_mean residual (OLS, Stage 0)",pixel,1988-2022 (35 water years),20000.0,10000,gamma(h) = 0.5 * mean (z_i - z_j)^2 over pairs in the lag bin
aeolian,20260810,0deg,18875.0,150.0579487273138,12525,"veg_p05_temporal_mean residual (OLS, Stage 0)",pixel,1988-2022 (35 water years),20000.0,10000,gamma(h) = 0.5 * mean (z_i - z_j)^2 over pairs in the lag bin
aeolian,20260810,0deg,19125.0,142.89397909221935,15693,"veg_p05_temporal_mean residual (OLS, Stage 0)",pixel,1988-2022 (35 water years),20000.0,10000,gamma(h) = 0.5 * mean (z_i - z_j)^2 over pairs in the lag bin
aeolian,20260810,0deg,19375.0,149.5676511904636,17856,"veg_p05_temporal_mean residual (OLS, Stage 0)",pixel,1988-2022 (35 water years),20000.0,10000,gamma(h) = 0.5 * mean (z_i - z_j)^2 over pairs in the lag bin
aeolian,20260810,0deg,19625.0,144.64495097241078,17613,"veg_p05_temporal_mean residual (OLS, Stage 0)",pixel,1988-2022 (35 water years),20000.0,10000,gamma(h) = 0.5 * mean (z_i - z_j)^2 over pairs in the lag bin
aeolian,20260810,0deg,19875.0,144.1436321660401,16590,"veg_p05_temporal_mean residual (OLS, Stage 0)",pixel,1988-2022 (35 water years),20000.0,10000,gamma(h) = 0.5 * mean (z_i - z_j)^2 over pairs in the lag bin
aeolian,20260810,45deg,125.0,68.60871655356894,41011,"veg_p05_temporal_mean residual (OLS, Stage 0)",pixel,1988-2022 (35 water years),20000.0,10000,gamma(h) = 0.5 * mean (z_i - z_j)^2 over pairs in the lag bin
aeolian,20260810,45deg,375.0,108.10981352872356,91501,"veg_p05_temporal_mean residual (OLS, Stage 0)",pixel,1988-2022 (35 water years),20000.0,10000,gamma(h) = 0.5 * mean (z_i - z_j)^2 over pairs in the lag bin
aeolian,20260810,45deg,625.0,128.38437690961499,121469,"veg_p05_temporal_mean residual (OLS, Stage 0)",pixel,1988-2022 (35 water years),20000.0,10000,gamma(h) = 0.5 * mean (z_i - z_j)^2 over pairs in the lag bin
aeolian,20260810,45deg,875.0,131.1557359200237,131102,"veg_p05_temporal_mean residual (OLS, Stage 0)",pixel,1988-2022 (35 water years),20000.0,10000,gamma(h) = 0.5 * mean (z_i - z_j)^2 over pairs in the lag bin
aeolian,20260810,45deg,1125.0,132.27979067906315,128235,"veg_p05_temporal_mean residual (OLS, Stage 0)",pixel,1988-2022 (35 water years),20000.0,10000,gamma(h) = 0.5 * mean (z_i - z_j)^2 over pairs in the lag bin
aeolian,20260810,45deg,1375.0,141.75244442922258,128394,"veg_p05_temporal_mean residual (OLS, Stage 0)",pixel,1988-2022 (35 water years),20000.0,10000,gamma(h) = 0.5 * mean (z_i - z_j)^2 over pairs in the lag bin
aeolian,20260810,45deg,1625.0,147.58142227130193,124466,"veg_p05_temporal_mean residual (OLS, Stage 0)",pixel,1988-2022 (35 water years),20000.0,10000,gamma(h) = 0.5 * mean (z_i - z_j)^2 over pairs in the lag bin
aeolian,20260810,45deg,1875.0,138.51073812876695,122057,"veg_p05_temporal_mean residual (OLS, Stage 0)",pixel,1988-2022 (35 water years),20000.0,10000,gamma(h) = 0.5 * mean (z_i - z_j)^2 over pairs in the lag bin
aeolian,20260810,45deg,2125.0,137.61456409252997,120013,"veg_p05_temporal_mean residual (OLS, Stage 0)",pixel,1988-2022 (35 water years),20000.0,10000,gamma(h) = 0.5 * mean (z_i - z_j)^2 over pairs in the lag bin
aeolian,20260810,45deg,2375.0,135.90535869887447,117760,"veg_p05_temporal_mean residual (OLS, Stage 0)",pixel,1988-2022 (35 water years),20000.0,10000,gamma(h) = 0.5 * mean (z_i - z_j)^2 over pairs in the lag bin
aeolian,20260810,45deg,2625.0,139.6016910285843,115289,"veg_p05_temporal_mean residual (OLS, Stage 0)",pixel,1988-2022 (35 water years),20000.0,10000,gamma(h) = 0.5 * mean (z_i - z_j)^2 over pairs in the lag bin
aeolian,20260810,45deg,2875.0,140.39069871509997,111916,"veg_p05_temporal_mean residual (OLS, Stage 0)",pixel,1988-2022 (35 water years),20000.0,10000,gamma(h) = 0.5 * mean (z_i - z_j)^2 over pairs in the lag bin
aeolian,20260810,45deg,3125.0,138.18963817718625,113335,"veg_p05_temporal_mean residual (OLS, Stage 0)",pixel,1988-2022 (35 water years),20000.0,10000,gamma(h) = 0.5 * mean (z_i - z_j)^2 over pairs in the lag bin
aeolian,20260810,45deg,3375.0,138.49274085913686,119409,"veg_p05_temporal_mean residual (OLS, Stage 0)",pixel,1988-2022 (35 water years),20000.0,10000,gamma(h) = 0.5 * mean (z_i - z_j)^2 over pairs in the lag bin
aeolian,20260810,45deg,3625.0,134.40881105333264,127537,"veg_p05_temporal_mean residual (OLS, Stage 0)",pixel,1988-2022 (35 water years),20000.0,10000,gamma(h) = 0.5 * mean (z_i - z_j)^2 over pairs in the lag bin
aeolian,20260810,45deg,3875.0,125.49170357287794,142036,"veg_p05_temporal_mean residual (OLS, Stage 0)",pixel,1988-2022 (35 water years),20000.0,10000,gamma(h) = 0.5 * mean (z_i - z_j)^2 over pairs in the lag bin
aeolian,20260810,45deg,4125.0,114.49875788452138,160063,"veg_p05_temporal_mean residual (OLS, Stage 0)",pixel,1988-2022 (35 water years),20000.0,10000,gamma(h) = 0.5 * mean (z_i - z_j)^2 over pairs in the lag bin
aeolian,20260810,45deg,4375.0,108.86205778636258,172121,"veg_p05_temporal_mean residual (OLS, Stage 0)",pixel,1988-2022 (35 water years),20000.0,10000,gamma(h) = 0.5 * mean (z_i - z_j)^2 over pairs in the lag bin
aeolian,20260810,45deg,4625.0,112.66315941575486,185034,"veg_p05_temporal_mean residual (OLS, Stage 0)",pixel,1988-2022 (35 water years),20000.0,10000,gamma(h) = 0.5 * mean (z_i - z_j)^2 over pairs in the lag bin
aeolian,20260810,45deg,4875.0,114.9274549370139,196026,"veg_p05_temporal_mean residual (OLS, Stage 0)",pixel,1988-2022 (35 water years),20000.0,10000,gamma(h) = 0.5 * mean (z_i - z_j)^2 over pairs in the lag bin
aeolian,20260810,45deg,5125.0,121.01450528394653,206998,"veg_p05_temporal_mean residual (OLS, Stage 0)",pixel,1988-2022 (35 water years),20000.0,10000,gamma(h) = 0.5 * mean (z_i - z_j)^2 over pairs in the lag bin
aeolian,20260810,45deg,5375.0,125.41788864677788,218845,"veg_p05_temporal_mean residual (OLS, Stage 0)",pixel,1988-2022 (35 water years),20000.0,10000,gamma(h) = 0.5 * mean (z_i - z_j)^2 over pairs in the lag bin
aeolian,20260810,45deg,5625.0,131.5518183663038,237506,"veg_p05_temporal_mean residual (OLS, Stage 0)",pixel,1988-2022 (35 water years),20000.0,10000,gamma(h) = 0.5 * mean (z_i - z_j)^2 over pairs in the lag bin
aeolian,20260810,45deg,5875.0,129.23572694561497,253764,"veg_p05_temporal_mean residual (OLS, Stage 0)",pixel,1988-2022 (35 water years),20000.0,10000,gamma(h) = 0.5 * mean (z_i - z_j)^2 over pairs in the lag bin
aeolian,20260810,45deg,6125.0,132.35895177314546,264622,"veg_p05_temporal_mean residual (OLS, Stage 0)",pixel,1988-2022 (35 water years),20000.0,10000,gamma(h) = 0.5 * mean (z_i - z_j)^2 over pairs in the lag bin
aeolian,20260810,45deg,6375.0,138.5244029321627,281310,"veg_p05_temporal_mean residual (OLS, Stage 0)",pixel,1988-2022 (35 water years),20000.0,10000,gamma(h) = 0.5 * mean (z_i - z_j)^2 over pairs in the lag bin
aeolian,20260810,45deg,6625.0,142.05986543738985,287289,"veg_p05_temporal_mean residual (OLS, Stage 0)",pixel,1988-2022 (35 water years),20000.0,10000,gamma(h) = 0.5 * mean (z_i - z_j)^2 over pairs in the lag bin
aeolian,20260810,45deg,6875.0,146.98776616438298,278358,"veg_p05_temporal_mean residual (OLS, Stage 0)",pixel,1988-2022 (35 water years),20000.0,10000,gamma(h) = 0.5 * mean (z_i - z_j)^2 over pairs in the lag bin
aeolian,20260810,45deg,7125.0,146.82483278140333,262103,"veg_p05_temporal_mean residual (OLS, Stage 0)",pixel,1988-2022 (35 water years),20000.0,10000,gamma(h) = 0.5 * mean (z_i - z_j)^2 over pairs in the lag bin
aeolian,20260810,45deg,7375.0,143.92992470040818,243005,"veg_p05_temporal_mean residual (OLS, Stage 0)",pixel,1988-2022 (35 water years),20000.0,10000,gamma(h) = 0.5 * mean (z_i - z_j)^2 over pairs in the lag bin
aeolian,20260810,45deg,7625.0,142.63641855246186,230456,"veg_p05_temporal_mean residual (OLS, Stage 0)",pixel,1988-2022 (35 water years),20000.0,10000,gamma(h) = 0.5 * mean (z_i - z_j)^2 over pairs in the lag bin
aeolian,20260810,45deg,7875.0,144.77395792613956,225889,"veg_p05_temporal_mean residual (OLS, Stage 0)",pixel,1988-2022 (35 water years),20000.0,10000,gamma(h) = 0.5 * mean (z_i - z_j)^2 over pairs in the lag bin
aeolian,20260810,45deg,8125.0,149.92865064882318,220016,"veg_p05_temporal_mean residual (OLS, Stage 0)",pixel,1988-2022 (35 water years),20000.0,10000,gamma(h) = 0.5 * mean (z_i - z_j)^2 over pairs in the lag bin
aeolian,20260810,45deg,8375.0,150.72536014486937,218555,"veg_p05_temporal_mean residual (OLS, Stage 0)",pixel,1988-2022 (35 water years),20000.0,10000,gamma(h) = 0.5 * mean (z_i - z_j)^2 over pairs in the lag bin
aeolian,20260810,45deg,8625.0,155.73671746032508,211500,"veg_p05_temporal_mean residual (OLS, Stage 0)",pixel,1988-2022 (35 water years),20000.0,10000,gamma(h) = 0.5 * mean (z_i - z_j)^2 over pairs in the lag bin
aeolian,20260810,45deg,8875.0,171.57233905826217,193983,"veg_p05_temporal_mean residual (OLS, Stage 0)",pixel,1988-2022 (35 water years),20000.0,10000,gamma(h) = 0.5 * mean (z_i - z_j)^2 over pairs in the lag bin
aeolian,20260810,45deg,9125.0,171.01717262132556,173780,"veg_p05_temporal_mean residual (OLS, Stage 0)",pixel,1988-2022 (35 water years),20000.0,10000,gamma(h) = 0.5 * mean (z_i - z_j)^2 over pairs in the lag bin
aeolian,20260810,45deg,9375.0,176.27708936850428,150103,"veg_p05_temporal_mean residual (OLS, Stage 0)",pixel,1988-2022 (35 water years),20000.0,10000,gamma(h) = 0.5 * mean (z_i - z_j)^2 over pairs in the lag bin
aeolian,20260810,45deg,9625.0,184.809336669349,131922,"veg_p05_temporal_mean residual (OLS, Stage 0)",pixel,1988-2022 (35 water years),20000.0,10000,gamma(h) = 0.5 * mean (z_i - z_j)^2 over pairs in the lag bin
aeolian,20260810,45deg,9875.0,180.24871747517258,120756,"veg_p05_temporal_mean residual (OLS, Stage 0)",pixel,1988-2022 (35 water years),20000.0,10000,gamma(h) = 0.5 * mean (z_i - z_j)^2 over pairs in the lag bin
aeolian,20260810,45deg,10125.0,171.82382618291973,117895,"veg_p05_temporal_mean residual (OLS, Stage 0)",pixel,1988-2022 (35 water years),20000.0,10000,gamma(h) = 0.5 * mean (z_i - z_j)^2 over pairs in the lag bin
aeolian,20260810,45deg,10375.0,157.72216426769648,118216,"veg_p05_temporal_mean residual (OLS, Stage 0)",pixel,1988-2022 (35 water years),20000.0,10000,gamma(h) = 0.5 * mean (z_i - z_j)^2 over pairs in the lag bin
aeolian,20260810,45deg,10625.0,148.77124518693577,124054,"veg_p05_temporal_mean residual (OLS, Stage 0)",pixel,1988-2022 (35 water years),20000.0,10000,gamma(h) = 0.5 * mean (z_i - z_j)^2 over pairs in the lag bin
aeolian,20260810,45deg,10875.0,126.37287186928525,126564,"veg_p05_temporal_mean residual (OLS, Stage 0)",pixel,1988-2022 (35 water years),20000.0,10000,gamma(h) = 0.5 * mean (z_i - z_j)^2 over pairs in the lag bin
aeolian,20260810,45deg,11125.0,122.66641738671768,130732,"veg_p05_temporal_mean residual (OLS, Stage 0)",pixel,1988-2022 (35 water years),20000.0,10000,gamma(h) = 0.5 * mean (z_i - z_j)^2 over pairs in the lag bin
aeolian,20260810,45deg,11375.0,122.17070615868522,135431,"veg_p05_temporal_mean residual (OLS, Stage 0)",pixel,1988-2022 (35 water years),20000.0,10000,gamma(h) = 0.5 * mean (z_i - z_j)^2 over pairs in the lag bin
aeolian,20260810,45deg,11625.0,127.48962970560343,143627,"veg_p05_temporal_mean residual (OLS, Stage 0)",pixel,1988-2022 (35 water years),20000.0,10000,gamma(h) = 0.5 * mean (z_i - z_j)^2 over pairs in the lag bin
aeolian,20260810,45deg,11875.0,134.68563218026165,148297,"veg_p05_temporal_mean residual (OLS, Stage 0)",pixel,1988-2022 (35 water years),20000.0,10000,gamma(h) = 0.5 * mean (z_i - z_j)^2 over pairs in the lag bin
aeolian,20260810,45deg,12125.0,132.76734492370397,152582,"veg_p05_temporal_mean residual (OLS, Stage 0)",pixel,1988-2022 (35 water years),20000.0,10000,gamma(h) = 0.5 * mean (z_i - z_j)^2 over pairs in the lag bin
aeolian,20260810,45deg,12375.0,122.14898103240039,150821,"veg_p05_temporal_mean residual (OLS, Stage 0)",pixel,1988-2022 (35 water years),20000.0,10000,gamma(h) = 0.5 * mean (z_i - z_j)^2 over pairs in the lag bin
aeolian,20260810,45deg,12625.0,131.53235858932828,140386,"veg_p05_temporal_mean residual (OLS, Stage 0)",pixel,1988-2022 (35 water years),20000.0,10000,gamma(h) = 0.5 * mean (z_i - z_j)^2 over pairs in the lag bin
aeolian,20260810,45deg,12875.0,141.72572867570372,124089,"veg_p05_temporal_mean residual (OLS, Stage 0)",pixel,1988-2022 (35 water years),20000.0,10000,gamma(h) = 0.5 * mean (z_i - z_j)^2 over pairs in the lag bin
aeolian,20260810,45deg,13125.0,139.23267268391368,109182,"veg_p05_temporal_mean residual (OLS, Stage 0)",pixel,1988-2022 (35 water years),20000.0,10000,gamma(h) = 0.5 * mean (z_i - z_j)^2 over pairs in the lag bin
aeolian,20260810,45deg,13375.0,135.19111653527136,97534,"veg_p05_temporal_mean residual (OLS, Stage 0)",pixel,1988-2022 (35 water years),20000.0,10000,gamma(h) = 0.5 * mean (z_i - z_j)^2 over pairs in the lag bin
aeolian,20260810,45deg,13625.0,138.73359655767723,87373,"veg_p05_temporal_mean residual (OLS, Stage 0)",pixel,1988-2022 (35 water years),20000.0,10000,gamma(h) = 0.5 * mean (z_i - z_j)^2 over pairs in the lag bin
aeolian,20260810,45deg,13875.0,145.93562094496184,82730,"veg_p05_temporal_mean residual (OLS, Stage 0)",pixel,1988-2022 (35 water years),20000.0,10000,gamma(h) = 0.5 * mean (z_i - z_j)^2 over pairs in the lag bin
aeolian,20260810,45deg,14125.0,144.26229171409315,82883,"veg_p05_temporal_mean residual (OLS, Stage 0)",pixel,1988-2022 (35 water years),20000.0,10000,gamma(h) = 0.5 * mean (z_i - z_j)^2 over pairs in the lag bin
aeolian,20260810,45deg,14375.0,138.11719425328053,80659,"veg_p05_temporal_mean residual (OLS, Stage 0)",pixel,1988-2022 (35 water years),20000.0,10000,gamma(h) = 0.5 * mean (z_i - z_j)^2 over pairs in the lag bin
aeolian,20260810,45deg,14625.0,134.81648412866022,77914,"veg_p05_temporal_mean residual (OLS, Stage 0)",pixel,1988-2022 (35 water years),20000.0,10000,gamma(h) = 0.5 * mean (z_i - z_j)^2 over pairs in the lag bin
aeolian,20260810,45deg,14875.0,120.92599098844246,73256,"veg_p05_temporal_mean residual (OLS, Stage 0)",pixel,1988-2022 (35 water years),20000.0,10000,gamma(h) = 0.5 * mean (z_i - z_j)^2 over pairs in the lag bin
aeolian,20260810,45deg,15125.0,116.59584697827802,64148,"veg_p05_temporal_mean residual (OLS, Stage 0)",pixel,1988-2022 (35 water years),20000.0,10000,gamma(h) = 0.5 * mean (z_i - z_j)^2 over pairs in the lag bin
aeolian,20260810,45deg,15375.0,116.31029557412694,52553,"veg_p05_temporal_mean residual (OLS, Stage 0)",pixel,1988-2022 (35 water years),20000.0,10000,gamma(h) = 0.5 * mean (z_i - z_j)^2 over pairs in the lag bin
aeolian,20260810,45deg,15625.0,109.20389268552655,41534,"veg_p05_temporal_mean residual (OLS, Stage 0)",pixel,1988-2022 (35 water years),20000.0,10000,gamma(h) = 0.5 * mean (z_i - z_j)^2 over pairs in the lag bin
aeolian,20260810,45deg,15875.0,101.12543826547916,31311,"veg_p05_temporal_mean residual (OLS, Stage 0)",pixel,1988-2022 (35 water years),20000.0,10000,gamma(h) = 0.5 * mean (z_i - z_j)^2 over pairs in the lag bin
aeolian,20260810,45deg,16125.0,81.48413665774106,23827,"veg_p05_temporal_mean residual (OLS, Stage 0)",pixel,1988-2022 (35 water years),20000.0,10000,gamma(h) = 0.5 * mean (z_i - z_j)^2 over pairs in the lag bin
aeolian,20260810,45deg,16375.0,76.25869532529053,18325,"veg_p05_temporal_mean residual (OLS, Stage 0)",pixel,1988-2022 (35 water years),20000.0,10000,gamma(h) = 0.5 * mean (z_i - z_j)^2 over pairs in the lag bin
aeolian,20260810,45deg,16625.0,71.17264465826455,16369,"veg_p05_temporal_mean residual (OLS, Stage 0)",pixel,1988-2022 (35 water years),20000.0,10000,gamma(h) = 0.5 * mean (z_i - z_j)^2 over pairs in the lag bin
aeolian,20260810,45deg,16875.0,69.15048336148584,16453,"veg_p05_temporal_mean residual (OLS, Stage 0)",pixel,1988-2022 (35 water years),20000.0,10000,gamma(h) = 0.5 * mean (z_i - z_j)^2 over pairs in the lag bin
aeolian,20260810,45deg,17125.0,67.61556670438192,16812,"veg_p05_temporal_mean residual (OLS, Stage 0)",pixel,1988-2022 (35 water years),20000.0,10000,gamma(h) = 0.5 * mean (z_i - z_j)^2 over pairs in the lag bin
aeolian,20260810,45deg,17375.0,76.82820518947995,17617,"veg_p05_temporal_mean residual (OLS, Stage 0)",pixel,1988-2022 (35 water years),20000.0,10000,gamma(h) = 0.5 * mean (z_i - z_j)^2 over pairs in the lag bin
aeolian,20260810,45deg,17625.0,97.81710510714503,20459,"veg_p05_temporal_mean residual (OLS, Stage 0)",pixel,1988-2022 (35 water years),20000.0,10000,gamma(h) = 0.5 * mean (z_i - z_j)^2 over pairs in the lag bin
aeolian,20260810,45deg,17875.0,109.4885712383142,26748,"veg_p05_temporal_mean residual (OLS, Stage 0)",pixel,1988-2022 (35 water years),20000.0,10000,gamma(h) = 0.5 * mean (z_i - z_j)^2 over pairs in the lag bin
aeolian,20260810,45deg,18125.0,118.03752360494768,35906,"veg_p05_temporal_mean residual (OLS, Stage 0)",pixel,1988-2022 (35 water years),20000.0,10000,gamma(h) = 0.5 * mean (z_i - z_j)^2 over pairs in the lag bin
aeolian,20260810,45deg,18375.0,124.59676148631557,44782,"veg_p05_temporal_mean residual (OLS, Stage 0)",pixel,1988-2022 (35 water years),20000.0,10000,gamma(h) = 0.5 * mean (z_i - z_j)^2 over pairs in the lag bin
aeolian,20260810,45deg,18625.0,123.89368434250343,54396,"veg_p05_temporal_mean residual (OLS, Stage 0)",pixel,1988-2022 (35 water years),20000.0,10000,gamma(h) = 0.5 * mean (z_i - z_j)^2 over pairs in the lag bin
aeolian,20260810,45deg,18875.0,124.91995107858352,62770,"veg_p05_temporal_mean residual (OLS, Stage 0)",pixel,1988-2022 (35 water years),20000.0,10000,gamma(h) = 0.5 * mean (z_i - z_j)^2 over pairs in the lag bin
aeolian,20260810,45deg,19125.0,116.08915382411588,68575,"veg_p05_temporal_mean residual (OLS, Stage 0)",pixel,1988-2022 (35 water years),20000.0,10000,gamma(h) = 0.5 * mean (z_i - z_j)^2 over pairs in the lag bin
aeolian,20260810,45deg,19375.0,109.09793712962583,73185,"veg_p05_temporal_mean residual (OLS, Stage 0)",pixel,1988-2022 (35 water years),20000.0,10000,gamma(h) = 0.5 * mean (z_i - z_j)^2 over pairs in the lag bin
aeolian,20260810,45deg,19625.0,106.61281405037433,75699,"veg_p05_temporal_mean residual (OLS, Stage 0)",pixel,1988-2022 (35 water years),20000.0,10000,gamma(h) = 0.5 * mean (z_i - z_j)^2 over pairs in the lag bin
aeolian,20260810,45deg,19875.0,101.24331567100381,74974,"veg_p05_temporal_mean residual (OLS, Stage 0)",pixel,1988-2022 (35 water years),20000.0,10000,gamma(h) = 0.5 * mean (z_i - z_j)^2 over pairs in the lag bin
aeolian,20260810,90deg,125.0,58.88205597086888,38805,"veg_p05_temporal_mean residual (OLS, Stage 0)",pixel,1988-2022 (35 water years),20000.0,10000,gamma(h) = 0.5 * mean (z_i - z_j)^2 over pairs in the lag bin
aeolian,20260810,90deg,375.0,103.56309632060959,96931,"veg_p05_temporal_mean residual (OLS, Stage 0)",pixel,1988-2022 (35 water years),20000.0,10000,gamma(h) = 0.5 * mean (z_i - z_j)^2 over pairs in the lag bin
aeolian,20260810,90deg,625.0,126.97836607710852,129822,"veg_p05_temporal_mean residual (OLS, Stage 0)",pixel,1988-2022 (35 water years),20000.0,10000,gamma(h) = 0.5 * mean (z_i - z_j)^2 over pairs in the lag bin
aeolian,20260810,90deg,875.0,143.94654375172345,149589,"veg_p05_temporal_mean residual (OLS, Stage 0)",pixel,1988-2022 (35 water years),20000.0,10000,gamma(h) = 0.5 * mean (z_i - z_j)^2 over pairs in the lag bin
aeolian,20260810,90deg,1125.0,165.3813786308344,153061,"veg_p05_temporal_mean residual (OLS, Stage 0)",pixel,1988-2022 (35 water years),20000.0,10000,gamma(h) = 0.5 * mean (z_i - z_j)^2 over pairs in the lag bin
aeolian,20260810,90deg,1375.0,167.0513069955848,147454,"veg_p05_temporal_mean residual (OLS, Stage 0)",pixel,1988-2022 (35 water years),20000.0,10000,gamma(h) = 0.5 * mean (z_i - z_j)^2 over pairs in the lag bin
aeolian,20260810,90deg,1625.0,162.68385117047643,143806,"veg_p05_temporal_mean residual (OLS, Stage 0)",pixel,1988-2022 (35 water years),20000.0,10000,gamma(h) = 0.5 * mean (z_i - z_j)^2 over pairs in the lag bin
aeolian,20260810,90deg,1875.0,162.99170425568585,137013,"veg_p05_temporal_mean residual (OLS, Stage 0)",pixel,1988-2022 (35 water years),20000.0,10000,gamma(h) = 0.5 * mean (z_i - z_j)^2 over pairs in the lag bin
aeolian,20260810,90deg,2125.0,160.38058663842224,137223,"veg_p05_temporal_mean residual (OLS, Stage 0)",pixel,1988-2022 (35 water years),20000.0,10000,gamma(h) = 0.5 * mean (z_i - z_j)^2 over pairs in the lag bin
aeolian,20260810,90deg,2375.0,164.6804319435507,139729,"veg_p05_temporal_mean residual (OLS, Stage 0)",pixel,1988-2022 (35 water years),20000.0,10000,gamma(h) = 0.5 * mean (z_i - z_j)^2 over pairs in the lag bin
aeolian,20260810,90deg,2625.0,160.42187092725518,141304,"veg_p05_temporal_mean residual (OLS, Stage 0)",pixel,1988-2022 (35 water years),20000.0,10000,gamma(h) = 0.5 * mean (z_i - z_j)^2 over pairs in the lag bin
aeolian,20260810,90deg,2875.0,159.442894093318,139973,"veg_p05_temporal_mean residual (OLS, Stage 0)",pixel,1988-2022 (35 water years),20000.0,10000,gamma(h) = 0.5 * mean (z_i - z_j)^2 over pairs in the lag bin
aeolian,20260810,90deg,3125.0,156.06289979299592,136105,"veg_p05_temporal_mean residual (OLS, Stage 0)",pixel,1988-2022 (35 water years),20000.0,10000,gamma(h) = 0.5 * mean (z_i - z_j)^2 over pairs in the lag bin
aeolian,20260810,90deg,3375.0,142.53860901741857,132021,"veg_p05_temporal_mean residual (OLS, Stage 0)",pixel,1988-2022 (35 water years),20000.0,10000,gamma(h) = 0.5 * mean (z_i - z_j)^2 over pairs in the lag bin
aeolian,20260810,90deg,3625.0,142.63175103656852,129620,"veg_p05_temporal_mean residual (OLS, Stage 0)",pixel,1988-2022 (35 water years),20000.0,10000,gamma(h) = 0.5 * mean (z_i - z_j)^2 over pairs in the lag bin
aeolian,20260810,90deg,3875.0,143.45400007466378,124793,"veg_p05_temporal_mean residual (OLS, Stage 0)",pixel,1988-2022 (35 water years),20000.0,10000,gamma(h) = 0.5 * mean (z_i - z_j)^2 over pairs in the lag bin
aeolian,20260810,90deg,4125.0,141.3879025803877,119466,"veg_p05_temporal_mean residual (OLS, Stage 0)",pixel,1988-2022 (35 water years),20000.0,10000,gamma(h) = 0.5 * mean (z_i - z_j)^2 over pairs in the lag bin
aeolian,20260810,90deg,4375.0,141.30040571792577,115501,"veg_p05_temporal_mean residual (OLS, Stage 0)",pixel,1988-2022 (35 water years),20000.0,10000,gamma(h) = 0.5 * mean (z_i - z_j)^2 over pairs in the lag bin
aeolian,20260810,90deg,4625.0,134.27873611171984,116170,"veg_p05_temporal_mean residual (OLS, Stage 0)",pixel,1988-2022 (35 water years),20000.0,10000,gamma(h) = 0.5 * mean (z_i - z_j)^2 over pairs in the lag bin
aeolian,20260810,90deg,4875.0,131.57430028170302,112886,"veg_p05_temporal_mean residual (OLS, Stage 0)",pixel,1988-2022 (35 water years),20000.0,10000,gamma(h) = 0.5 * mean (z_i - z_j)^2 over pairs in the lag bin
aeolian,20260810,90deg,5125.0,142.41873542743508,113087,"veg_p05_temporal_mean residual (OLS, Stage 0)",pixel,1988-2022 (35 water years),20000.0,10000,gamma(h) = 0.5 * mean (z_i - z_j)^2 over pairs in the lag bin
aeolian,20260810,90deg,5375.0,152.29792628635496,115266,"veg_p05_temporal_mean residual (OLS, Stage 0)",pixel,1988-2022 (35 water years),20000.0,10000,gamma(h) = 0.5 * mean (z_i - z_j)^2 over pairs in the lag bin
aeolian,20260810,90deg,5625.0,152.4432607817028,116847,"veg_p05_temporal_mean residual (OLS, Stage 0)",pixel,1988-2022 (35 water years),20000.0,10000,gamma(h) = 0.5 * mean (z_i - z_j)^2 over pairs in the lag bin
aeolian,20260810,90deg,5875.0,150.29540720530488,115506,"veg_p05_temporal_mean residual (OLS, Stage 0)",pixel,1988-2022 (35 water years),20000.0,10000,gamma(h) = 0.5 * mean (z_i - z_j)^2 over pairs in the lag bin
aeolian,20260810,90deg,6125.0,161.53980954033375,110520,"veg_p05_temporal_mean residual (OLS, Stage 0)",pixel,1988-2022 (35 water years),20000.0,10000,gamma(h) = 0.5 * mean (z_i - z_j)^2 over pairs in the lag bin
aeolian,20260810,90deg,6375.0,179.6599879862904,107220,"veg_p05_temporal_mean residual (OLS, Stage 0)",pixel,1988-2022 (35 water years),20000.0,10000,gamma(h) = 0.5 * mean (z_i - z_j)^2 over pairs in the lag bin
aeolian,20260810,90deg,6625.0,184.6344228820087,105529,"veg_p05_temporal_mean residual (OLS, Stage 0)",pixel,1988-2022 (35 water years),20000.0,10000,gamma(h) = 0.5 * mean (z_i - z_j)^2 over pairs in the lag bin
aeolian,20260810,90deg,6875.0,191.45757651208262,104104,"veg_p05_temporal_mean residual (OLS, Stage 0)",pixel,1988-2022 (35 water years),20000.0,10000,gamma(h) = 0.5 * mean (z_i - z_j)^2 over pairs in the lag bin
aeolian,20260810,90deg,7125.0,195.33034584119466,102209,"veg_p05_temporal_mean residual (OLS, Stage 0)",pixel,1988-2022 (35 water years),20000.0,10000,gamma(h) = 0.5 * mean (z_i - z_j)^2 over pairs in the lag bin
aeolian,20260810,90deg,7375.0,190.8791031969379,101079,"veg_p05_temporal_mean residual (OLS, Stage 0)",pixel,1988-2022 (35 water years),20000.0,10000,gamma(h) = 0.5 * mean (z_i - z_j)^2 over pairs in the lag bin
aeolian,20260810,90deg,7625.0,202.05364811579153,100460,"veg_p05_temporal_mean residual (OLS, Stage 0)",pixel,1988-2022 (35 water years),20000.0,10000,gamma(h) = 0.5 * mean (z_i - z_j)^2 over pairs in the lag bin
aeolian,20260810,90deg,7875.0,205.8496586082803,97657,"veg_p05_temporal_mean residual (OLS, Stage 0)",pixel,1988-2022 (35 water years),20000.0,10000,gamma(h) = 0.5 * mean (z_i - z_j)^2 over pairs in the lag bin
aeolian,20260810,90deg,8125.0,185.35629958669986,91052,"veg_p05_temporal_mean residual (OLS, Stage 0)",pixel,1988-2022 (35 water years),20000.0,10000,gamma(h) = 0.5 * mean (z_i - z_j)^2 over pairs in the lag bin
aeolian,20260810,90deg,8375.0,171.3313702140878,83438,"veg_p05_temporal_mean residual (OLS, Stage 0)",pixel,1988-2022 (35 water years),20000.0,10000,gamma(h) = 0.5 * mean (z_i - z_j)^2 over pairs in the lag bin
aeolian,20260810,90deg,8625.0,161.33674592982632,70136,"veg_p05_temporal_mean residual (OLS, Stage 0)",pixel,1988-2022 (35 water years),20000.0,10000,gamma(h) = 0.5 * mean (z_i - z_j)^2 over pairs in the lag bin
aeolian,20260810,90deg,8875.0,158.3057052858819,54902,"veg_p05_temporal_mean residual (OLS, Stage 0)",pixel,1988-2022 (35 water years),20000.0,10000,gamma(h) = 0.5 * mean (z_i - z_j)^2 over pairs in the lag bin
aeolian,20260810,90deg,9125.0,157.51164405017914,41409,"veg_p05_temporal_mean residual (OLS, Stage 0)",pixel,1988-2022 (35 water years),20000.0,10000,gamma(h) = 0.5 * mean (z_i - z_j)^2 over pairs in the lag bin
aeolian,20260810,90deg,9375.0,151.46594170398603,29321,"veg_p05_temporal_mean residual (OLS, Stage 0)",pixel,1988-2022 (35 water years),20000.0,10000,gamma(h) = 0.5 * mean (z_i - z_j)^2 over pairs in the lag bin
aeolian,20260810,90deg,9625.0,145.45155094437274,20335,"veg_p05_temporal_mean residual (OLS, Stage 0)",pixel,1988-2022 (35 water years),20000.0,10000,gamma(h) = 0.5 * mean (z_i - z_j)^2 over pairs in the lag bin
aeolian,20260810,90deg,9875.0,129.76929599536055,13018,"veg_p05_temporal_mean residual (OLS, Stage 0)",pixel,1988-2022 (35 water years),20000.0,10000,gamma(h) = 0.5 * mean (z_i - z_j)^2 over pairs in the lag bin
aeolian,20260810,90deg,10125.0,120.03878011111729,8156,"veg_p05_temporal_mean residual (OLS, Stage 0)",pixel,1988-2022 (35 water years),20000.0,10000,gamma(h) = 0.5 * mean (z_i - z_j)^2 over pairs in the lag bin
aeolian,20260810,90deg,10375.0,109.20841101557008,6567,"veg_p05_temporal_mean residual (OLS, Stage 0)",pixel,1988-2022 (35 water years),20000.0,10000,gamma(h) = 0.5 * mean (z_i - z_j)^2 over pairs in the lag bin
aeolian,20260810,90deg,10625.0,117.10298837059892,5415,"veg_p05_temporal_mean residual (OLS, Stage 0)",pixel,1988-2022 (35 water years),20000.0,10000,gamma(h) = 0.5 * mean (z_i - z_j)^2 over pairs in the lag bin
aeolian,20260810,90deg,10875.0,108.04743587581004,4441,"veg_p05_temporal_mean residual (OLS, Stage 0)",pixel,1988-2022 (35 water years),20000.0,10000,gamma(h) = 0.5 * mean (z_i - z_j)^2 over pairs in the lag bin
aeolian,20260810,90deg,11125.0,86.69476141721634,3502,"veg_p05_temporal_mean residual (OLS, Stage 0)",pixel,1988-2022 (35 water years),20000.0,10000,gamma(h) = 0.5 * mean (z_i - z_j)^2 over pairs in the lag bin
aeolian,20260810,90deg,11375.0,83.54176817131332,1871,"veg_p05_temporal_mean residual (OLS, Stage 0)",pixel,1988-2022 (35 water years),20000.0,10000,gamma(h) = 0.5 * mean (z_i - z_j)^2 over pairs in the lag bin
aeolian,20260810,90deg,11625.0,61.12536521801011,1083,"veg_p05_temporal_mean residual (OLS, Stage 0)",pixel,1988-2022 (35 water years),20000.0,10000,gamma(h) = 0.5 * mean (z_i - z_j)^2 over pairs in the lag bin
aeolian,20260810,90deg,11875.0,68.1598564866858,752,"veg_p05_temporal_mean residual (OLS, Stage 0)",pixel,1988-2022 (35 water years),20000.0,10000,gamma(h) = 0.5 * mean (z_i - z_j)^2 over pairs in the lag bin
aeolian,20260810,90deg,12125.0,62.941943834462265,656,"veg_p05_temporal_mean residual (OLS, Stage 0)",pixel,1988-2022 (35 water years),20000.0,10000,gamma(h) = 0.5 * mean (z_i - z_j)^2 over pairs in the lag bin
aeolian,20260810,90deg,12375.0,47.70135914665839,917,"veg_p05_temporal_mean residual (OLS, Stage 0)",pixel,1988-2022 (35 water years),20000.0,10000,gamma(h) = 0.5 * mean (z_i - z_j)^2 over pairs in the lag bin
aeolian,20260810,90deg,12625.0,44.67496846150235,1890,"veg_p05_temporal_mean residual (OLS, Stage 0)",pixel,1988-2022 (35 water years),20000.0,10000,gamma(h) = 0.5 * mean (z_i - z_j)^2 over pairs in the lag bin
aeolian,20260810,90deg,12875.0,41.85391382060908,3991,"veg_p05_temporal_mean residual (OLS, Stage 0)",pixel,1988-2022 (35 water years),20000.0,10000,gamma(h) = 0.5 * mean (z_i - z_j)^2 over pairs in the lag bin
aeolian,20260810,90deg,13125.0,61.45999593425855,6172,"veg_p05_temporal_mean residual (OLS, Stage 0)",pixel,1988-2022 (35 water years),20000.0,10000,gamma(h) = 0.5 * mean (z_i - z_j)^2 over pairs in the lag bin
aeolian,20260810,90deg,13375.0,73.44446942211151,8066,"veg_p05_temporal_mean residual (OLS, Stage 0)",pixel,1988-2022 (35 water years),20000.0,10000,gamma(h) = 0.5 * mean (z_i - z_j)^2 over pairs in the lag bin
aeolian,20260810,90deg,13625.0,85.80829412603008,9197,"veg_p05_temporal_mean residual (OLS, Stage 0)",pixel,1988-2022 (35 water years),20000.0,10000,gamma(h) = 0.5 * mean (z_i - z_j)^2 over pairs in the lag bin
aeolian,20260810,90deg,13875.0,89.72362780495858,9635,"veg_p05_temporal_mean residual (OLS, Stage 0)",pixel,1988-2022 (35 water years),20000.0,10000,gamma(h) = 0.5 * mean (z_i - z_j)^2 over pairs in the lag bin
aeolian,20260810,90deg,14125.0,100.71821510654317,9201,"veg_p05_temporal_mean residual (OLS, Stage 0)",pixel,1988-2022 (35 water years),20000.0,10000,gamma(h) = 0.5 * mean (z_i - z_j)^2 over pairs in the lag bin
aeolian,20260810,90deg,14375.0,112.63265866828237,8505,"veg_p05_temporal_mean residual (OLS, Stage 0)",pixel,1988-2022 (35 water years),20000.0,10000,gamma(h) = 0.5 * mean (z_i - z_j)^2 over pairs in the lag bin
aeolian,20260810,90deg,14625.0,114.56425467108791,6216,"veg_p05_temporal_mean residual (OLS, Stage 0)",pixel,1988-2022 (35 water years),20000.0,10000,gamma(h) = 0.5 * mean (z_i - z_j)^2 over pairs in the lag bin
aeolian,20260810,90deg,14875.0,118.70365644888038,6787,"veg_p05_temporal_mean residual (OLS, Stage 0)",pixel,1988-2022 (35 water years),20000.0,10000,gamma(h) = 0.5 * mean (z_i - z_j)^2 over pairs in the lag bin
aeolian,20260810,90deg,15125.0,128.96128667688834,10348,"veg_p05_temporal_mean residual (OLS, Stage 0)",pixel,1988-2022 (35 water years),20000.0,10000,gamma(h) = 0.5 * mean (z_i - z_j)^2 over pairs in the lag bin
aeolian,20260810,90deg,15375.0,114.96296212468316,16786,"veg_p05_temporal_mean residual (OLS, Stage 0)",pixel,1988-2022 (35 water years),20000.0,10000,gamma(h) = 0.5 * mean (z_i - z_j)^2 over pairs in the lag bin
aeolian,20260810,90deg,15625.0,108.92325152324594,23857,"veg_p05_temporal_mean residual (OLS, Stage 0)",pixel,1988-2022 (35 water years),20000.0,10000,gamma(h) = 0.5 * mean (z_i - z_j)^2 over pairs in the lag bin
aeolian,20260810,90deg,15875.0,105.60766170302611,31631,"veg_p05_temporal_mean residual (OLS, Stage 0)",pixel,1988-2022 (35 water years),20000.0,10000,gamma(h) = 0.5 * mean (z_i - z_j)^2 over pairs in the lag bin
aeolian,20260810,90deg,16125.0,110.02571650269732,39384,"veg_p05_temporal_mean residual (OLS, Stage 0)",pixel,1988-2022 (35 water years),20000.0,10000,gamma(h) = 0.5 * mean (z_i - z_j)^2 over pairs in the lag bin
aeolian,20260810,90deg,16375.0,114.27128425016491,46653,"veg_p05_temporal_mean residual (OLS, Stage 0)",pixel,1988-2022 (35 water years),20000.0,10000,gamma(h) = 0.5 * mean (z_i - z_j)^2 over pairs in the lag bin
aeolian,20260810,90deg,16625.0,116.71593859248756,49326,"veg_p05_temporal_mean residual (OLS, Stage 0)",pixel,1988-2022 (35 water years),20000.0,10000,gamma(h) = 0.5 * mean (z_i - z_j)^2 over pairs in the lag bin
aeolian,20260810,90deg,16875.0,125.04301720375291,49561,"veg_p05_temporal_mean residual (OLS, Stage 0)",pixel,1988-2022 (35 water years),20000.0,10000,gamma(h) = 0.5 * mean (z_i - z_j)^2 over pairs in the lag bin
aeolian,20260810,90deg,17125.0,127.10679570982302,48739,"veg_p05_temporal_mean residual (OLS, Stage 0)",pixel,1988-2022 (35 water years),20000.0,10000,gamma(h) = 0.5 * mean (z_i - z_j)^2 over pairs in the lag bin
aeolian,20260810,90deg,17375.0,131.08577498842354,48508,"veg_p05_temporal_mean residual (OLS, Stage 0)",pixel,1988-2022 (35 water years),20000.0,10000,gamma(h) = 0.5 * mean (z_i - z_j)^2 over pairs in the lag bin
aeolian,20260810,90deg,17625.0,137.79364366525368,48294,"veg_p05_temporal_mean residual (OLS, Stage 0)",pixel,1988-2022 (35 water years),20000.0,10000,gamma(h) = 0.5 * mean (z_i - z_j)^2 over pairs in the lag bin
aeolian,20260810,90deg,17875.0,135.7838890597955,45358,"veg_p05_temporal_mean residual (OLS, Stage 0)",pixel,1988-2022 (35 water years),20000.0,10000,gamma(h) = 0.5 * mean (z_i - z_j)^2 over pairs in the lag bin
aeolian,20260810,90deg,18125.0,143.57767284788412,42764,"veg_p05_temporal_mean residual (OLS, Stage 0)",pixel,1988-2022 (35 water years),20000.0,10000,gamma(h) = 0.5 * mean (z_i - z_j)^2 over pairs in the lag bin
aeolian,20260810,90deg,18375.0,150.57982486085274,40839,"veg_p05_temporal_mean residual (OLS, Stage 0)",pixel,1988-2022 (35 water years),20000.0,10000,gamma(h) = 0.5 * mean (z_i - z_j)^2 over pairs in the lag bin
aeolian,20260810,90deg,18625.0,148.95971624389847,40074,"veg_p05_temporal_mean residual (OLS, Stage 0)",pixel,1988-2022 (35 water years),20000.0,10000,gamma(h) = 0.5 * mean (z_i - z_j)^2 over pairs in the lag bin
aeolian,20260810,90deg,18875.0,151.138130366987,40820,"veg_p05_temporal_mean residual (OLS, Stage 0)",pixel,1988-2022 (35 water years),20000.0,10000,gamma(h) = 0.5 * mean (z_i - z_j)^2 over pairs in the lag bin
aeolian,20260810,90deg,19125.0,143.57251286950765,39339,"veg_p05_temporal_mean residual (OLS, Stage 0)",pixel,1988-2022 (35 water years),20000.0,10000,gamma(h) = 0.5 * mean (z_i - z_j)^2 over pairs in the lag bin
aeolian,20260810,90deg,19375.0,132.61428669350153,38097,"veg_p05_temporal_mean residual (OLS, Stage 0)",pixel,1988-2022 (35 water years),20000.0,10000,gamma(h) = 0.5 * mean (z_i - z_j)^2 over pairs in the lag bin
aeolian,20260810,90deg,19625.0,122.28226990266005,37537,"veg_p05_temporal_mean residual (OLS, Stage 0)",pixel,1988-2022 (35 water years),20000.0,10000,gamma(h) = 0.5 * mean (z_i - z_j)^2 over pairs in the lag bin
aeolian,20260810,90deg,19875.0,117.29473349479134,38664,"veg_p05_temporal_mean residual (OLS, Stage 0)",pixel,1988-2022 (35 water years),20000.0,10000,gamma(h) = 0.5 * mean (z_i - z_j)^2 over pairs in the lag bin
aeolian,20260810,135deg,125.0,59.153824014413374,40905,"veg_p05_temporal_mean residual (OLS, Stage 0)",pixel,1988-2022 (35 water years),20000.0,10000,gamma(h) = 0.5 * mean (z_i - z_j)^2 over pairs in the lag bin
aeolian,20260810,135deg,375.0,104.77704487140396,88609,"veg_p05_temporal_mean residual (OLS, Stage 0)",pixel,1988-2022 (35 water years),20000.0,10000,gamma(h) = 0.5 * mean (z_i - z_j)^2 over pairs in the lag bin
aeolian,20260810,135deg,625.0,129.10003304737288,117867,"veg_p05_temporal_mean residual (OLS, Stage 0)",pixel,1988-2022 (35 water years),20000.0,10000,gamma(h) = 0.5 * mean (z_i - z_j)^2 over pairs in the lag bin
aeolian,20260810,135deg,875.0,143.85586218055212,127491,"veg_p05_temporal_mean residual (OLS, Stage 0)",pixel,1988-2022 (35 water years),20000.0,10000,gamma(h) = 0.5 * mean (z_i - z_j)^2 over pairs in the lag bin
aeolian,20260810,135deg,1125.0,158.81240791754325,129987,"veg_p05_temporal_mean residual (OLS, Stage 0)",pixel,1988-2022 (35 water years),20000.0,10000,gamma(h) = 0.5 * mean (z_i - z_j)^2 over pairs in the lag bin
aeolian,20260810,135deg,1375.0,163.26554097072275,130365,"veg_p05_temporal_mean residual (OLS, Stage 0)",pixel,1988-2022 (35 water years),20000.0,10000,gamma(h) = 0.5 * mean (z_i - z_j)^2 over pairs in the lag bin
aeolian,20260810,135deg,1625.0,163.8477328953383,124575,"veg_p05_temporal_mean residual (OLS, Stage 0)",pixel,1988-2022 (35 water years),20000.0,10000,gamma(h) = 0.5 * mean (z_i - z_j)^2 over pairs in the lag bin
aeolian,20260810,135deg,1875.0,172.73750279854812,123175,"veg_p05_temporal_mean residual (OLS, Stage 0)",pixel,1988-2022 (35 water years),20000.0,10000,gamma(h) = 0.5 * mean (z_i - z_j)^2 over pairs in the lag bin
aeolian,20260810,135deg,2125.0,170.2388079059313,123941,"veg_p05_temporal_mean residual (OLS, Stage 0)",pixel,1988-2022 (35 water years),20000.0,10000,gamma(h) = 0.5 * mean (z_i - z_j)^2 over pairs in the lag bin
aeolian,20260810,135deg,2375.0,167.71243796948653,130499,"veg_p05_temporal_mean residual (OLS, Stage 0)",pixel,1988-2022 (35 water years),20000.0,10000,gamma(h) = 0.5 * mean (z_i - z_j)^2 over pairs in the lag bin
aeolian,20260810,135deg,2625.0,167.17558478153927,141303,"veg_p05_temporal_mean residual (OLS, Stage 0)",pixel,1988-2022 (35 water years),20000.0,10000,gamma(h) = 0.5 * mean (z_i - z_j)^2 over pairs in the lag bin
aeolian,20260810,135deg,2875.0,158.9582282664401,145504,"veg_p05_temporal_mean residual (OLS, Stage 0)",pixel,1988-2022 (35 water years),20000.0,10000,gamma(h) = 0.5 * mean (z_i - z_j)^2 over pairs in the lag bin
aeolian,20260810,135deg,3125.0,160.25670591848183,157256,"veg_p05_temporal_mean residual (OLS, Stage 0)",pixel,1988-2022 (35 water years),20000.0,10000,gamma(h) = 0.5 * mean (z_i - z_j)^2 over pairs in the lag bin
aeolian,20260810,135deg,3375.0,163.63033639384565,168676,"veg_p05_temporal_mean residual (OLS, Stage 0)",pixel,1988-2022 (35 water years),20000.0,10000,gamma(h) = 0.5 * mean (z_i - z_j)^2 over pairs in the lag bin
aeolian,20260810,135deg,3625.0,160.78975665316784,176277,"veg_p05_temporal_mean residual (OLS, Stage 0)",pixel,1988-2022 (35 water years),20000.0,10000,gamma(h) = 0.5 * mean (z_i - z_j)^2 over pairs in the lag bin
aeolian,20260810,135deg,3875.0,167.4074156350116,189646,"veg_p05_temporal_mean residual (OLS, Stage 0)",pixel,1988-2022 (35 water years),20000.0,10000,gamma(h) = 0.5 * mean (z_i - z_j)^2 over pairs in the lag bin
aeolian,20260810,135deg,4125.0,175.8062622299709,199280,"veg_p05_temporal_mean residual (OLS, Stage 0)",pixel,1988-2022 (35 water years),20000.0,10000,gamma(h) = 0.5 * mean (z_i - z_j)^2 over pairs in the lag bin
aeolian,20260810,135deg,4375.0,174.68586059415557,202473,"veg_p05_temporal_mean residual (OLS, Stage 0)",pixel,1988-2022 (35 water years),20000.0,10000,gamma(h) = 0.5 * mean (z_i - z_j)^2 over pairs in the lag bin
aeolian,20260810,135deg,4625.0,180.6528083370481,207547,"veg_p05_temporal_mean residual (OLS, Stage 0)",pixel,1988-2022 (35 water years),20000.0,10000,gamma(h) = 0.5 * mean (z_i - z_j)^2 over pairs in the lag bin
aeolian,20260810,135deg,4875.0,179.12936425039157,201487,"veg_p05_temporal_mean residual (OLS, Stage 0)",pixel,1988-2022 (35 water years),20000.0,10000,gamma(h) = 0.5 * mean (z_i - z_j)^2 over pairs in the lag bin
aeolian,20260810,135deg,5125.0,176.89758913432752,194789,"veg_p05_temporal_mean residual (OLS, Stage 0)",pixel,1988-2022 (35 water years),20000.0,10000,gamma(h) = 0.5 * mean (z_i - z_j)^2 over pairs in the lag bin
aeolian,20260810,135deg,5375.0,174.84892111284032,192855,"veg_p05_temporal_mean residual (OLS, Stage 0)",pixel,1988-2022 (35 water years),20000.0,10000,gamma(h) = 0.5 * mean (z_i - z_j)^2 over pairs in the lag bin
aeolian,20260810,135deg,5625.0,183.71926527135176,200299,"veg_p05_temporal_mean residual (OLS, Stage 0)",pixel,1988-2022 (35 water years),20000.0,10000,gamma(h) = 0.5 * mean (z_i - z_j)^2 over pairs in the lag bin
aeolian,20260810,135deg,5875.0,197.1630887817443,206000,"veg_p05_temporal_mean residual (OLS, Stage 0)",pixel,1988-2022 (35 water years),20000.0,10000,gamma(h) = 0.5 * mean (z_i - z_j)^2 over pairs in the lag bin
aeolian,20260810,135deg,6125.0,201.79700631878868,208831,"veg_p05_temporal_mean residual (OLS, Stage 0)",pixel,1988-2022 (35 water years),20000.0,10000,gamma(h) = 0.5 * mean (z_i - z_j)^2 over pairs in the lag bin
aeolian,20260810,135deg,6375.0,207.7644349214181,211658,"veg_p05_temporal_mean residual (OLS, Stage 0)",pixel,1988-2022 (35 water years),20000.0,10000,gamma(h) = 0.5 * mean (z_i - z_j)^2 over pairs in the lag bin
aeolian,20260810,135deg,6625.0,212.9919856020346,201261,"veg_p05_temporal_mean residual (OLS, Stage 0)",pixel,1988-2022 (35 water years),20000.0,10000,gamma(h) = 0.5 * mean (z_i - z_j)^2 over pairs in the lag bin
aeolian,20260810,135deg,6875.0,206.5630719109121,180980,"veg_p05_temporal_mean residual (OLS, Stage 0)",pixel,1988-2022 (35 water years),20000.0,10000,gamma(h) = 0.5 * mean (z_i - z_j)^2 over pairs in the lag bin
aeolian,20260810,135deg,7125.0,208.05492927511403,160328,"veg_p05_temporal_mean residual (OLS, Stage 0)",pixel,1988-2022 (35 water years),20000.0,10000,gamma(h) = 0.5 * mean (z_i - z_j)^2 over pairs in the lag bin
aeolian,20260810,135deg,7375.0,222.68872651322786,136842,"veg_p05_temporal_mean residual (OLS, Stage 0)",pixel,1988-2022 (35 water years),20000.0,10000,gamma(h) = 0.5 * mean (z_i - z_j)^2 over pairs in the lag bin
aeolian,20260810,135deg,7625.0,249.37372537827008,123535,"veg_p05_temporal_mean residual (OLS, Stage 0)",pixel,1988-2022 (35 water years),20000.0,10000,gamma(h) = 0.5 * mean (z_i - z_j)^2 over pairs in the lag bin
aeolian,20260810,135deg,7875.0,252.2411347263477,111196,"veg_p05_temporal_mean residual (OLS, Stage 0)",pixel,1988-2022 (35 water years),20000.0,10000,gamma(h) = 0.5 * mean (z_i - z_j)^2 over pairs in the lag bin
aeolian,20260810,135deg,8125.0,223.53051820069282,98427,"veg_p05_temporal_mean residual (OLS, Stage 0)",pixel,1988-2022 (35 water years),20000.0,10000,gamma(h) = 0.5 * mean (z_i - z_j)^2 over pairs in the lag bin
aeolian,20260810,135deg,8375.0,193.48025526886644,92994,"veg_p05_temporal_mean residual (OLS, Stage 0)",pixel,1988-2022 (35 water years),20000.0,10000,gamma(h) = 0.5 * mean (z_i - z_j)^2 over pairs in the lag bin
aeolian,20260810,135deg,8625.0,190.8836514566209,90723,"veg_p05_temporal_mean residual (OLS, Stage 0)",pixel,1988-2022 (35 water years),20000.0,10000,gamma(h) = 0.5 * mean (z_i - z_j)^2 over pairs in the lag bin
aeolian,20260810,135deg,8875.0,180.40689578101086,85530,"veg_p05_temporal_mean residual (OLS, Stage 0)",pixel,1988-2022 (35 water years),20000.0,10000,gamma(h) = 0.5 * mean (z_i - z_j)^2 over pairs in the lag bin
aeolian,20260810,135deg,9125.0,171.3698478833822,76506,"veg_p05_temporal_mean residual (OLS, Stage 0)",pixel,1988-2022 (35 water years),20000.0,10000,gamma(h) = 0.5 * mean (z_i - z_j)^2 over pairs in the lag bin
aeolian,20260810,135deg,9375.0,171.32765873403622,69160,"veg_p05_temporal_mean residual (OLS, Stage 0)",pixel,1988-2022 (35 water years),20000.0,10000,gamma(h) = 0.5 * mean (z_i - z_j)^2 over pairs in the lag bin
aeolian,20260810,135deg,9625.0,163.50572013875413,56447,"veg_p05_temporal_mean residual (OLS, Stage 0)",pixel,1988-2022 (35 water years),20000.0,10000,gamma(h) = 0.5 * mean (z_i - z_j)^2 over pairs in the lag bin
aeolian,20260810,135deg,9875.0,142.67021370888648,41478,"veg_p05_temporal_mean residual (OLS, Stage 0)",pixel,1988-2022 (35 water years),20000.0,10000,gamma(h) = 0.5 * mean (z_i - z_j)^2 over pairs in the lag bin
aeolian,20260810,135deg,10125.0,137.90911626465189,34763,"veg_p05_temporal_mean residual (OLS, Stage 0)",pixel,1988-2022 (35 water years),20000.0,10000,gamma(h) = 0.5 * mean (z_i - z_j)^2 over pairs in the lag bin
aeolian,20260810,135deg,10375.0,133.18607163423664,30331,"veg_p05_temporal_mean residual (OLS, Stage 0)",pixel,1988-2022 (35 water years),20000.0,10000,gamma(h) = 0.5 * mean (z_i - z_j)^2 over pairs in the lag bin
aeolian,20260810,135deg,10625.0,147.99093423012675,26945,"veg_p05_temporal_mean residual (OLS, Stage 0)",pixel,1988-2022 (35 water years),20000.0,10000,gamma(h) = 0.5 * mean (z_i - z_j)^2 over pairs in the lag bin
aeolian,20260810,135deg,10875.0,171.2073113476754,22407,"veg_p05_temporal_mean residual (OLS, Stage 0)",pixel,1988-2022 (35 water years),20000.0,10000,gamma(h) = 0.5 * mean (z_i - z_j)^2 over pairs in the lag bin
aeolian,20260810,135deg,11125.0,171.82780861676397,17975,"veg_p05_temporal_mean residual (OLS, Stage 0)",pixel,1988-2022 (35 water years),20000.0,10000,gamma(h) = 0.5 * mean (z_i - z_j)^2 over pairs in the lag bin
aeolian,20260810,135deg,11375.0,132.52392214312817,12271,"veg_p05_temporal_mean residual (OLS, Stage 0)",pixel,1988-2022 (35 water years),20000.0,10000,gamma(h) = 0.5 * mean (z_i - z_j)^2 over pairs in the lag bin
aeolian,20260810,135deg,11625.0,140.0465749071473,9771,"veg_p05_temporal_mean residual (OLS, Stage 0)",pixel,1988-2022 (35 water years),20000.0,10000,gamma(h) = 0.5 * mean (z_i - z_j)^2 over pairs in the lag bin
aeolian,20260810,135deg,11875.0,239.36199551045777,8318,"veg_p05_temporal_mean residual (OLS, Stage 0)",pixel,1988-2022 (35 water years),20000.0,10000,gamma(h) = 0.5 * mean (z_i - z_j)^2 over pairs in the lag bin
aeolian,20260810,135deg,12125.0,245.33435602967668,8951,"veg_p05_temporal_mean residual (OLS, Stage 0)",pixel,1988-2022 (35 water years),20000.0,10000,gamma(h) = 0.5 * mean (z_i - z_j)^2 over pairs in the lag bin
aeolian,20260810,135deg,12375.0,215.71463397464538,10682,"veg_p05_temporal_mean residual (OLS, Stage 0)",pixel,1988-2022 (35 water years),20000.0,10000,gamma(h) = 0.5 * mean (z_i - z_j)^2 over pairs in the lag bin
aeolian,20260810,135deg,12625.0,209.50584777406027,11514,"veg_p05_temporal_mean residual (OLS, Stage 0)",pixel,1988-2022 (35 water years),20000.0,10000,gamma(h) = 0.5 * mean (z_i - z_j)^2 over pairs in the lag bin
aeolian,20260810,135deg,12875.0,173.81190682454962,12441,"veg_p05_temporal_mean residual (OLS, Stage 0)",pixel,1988-2022 (35 water years),20000.0,10000,gamma(h) = 0.5 * mean (z_i - z_j)^2 over pairs in the lag bin
aeolian,20260810,135deg,13125.0,177.4286087879329,12312,"veg_p05_temporal_mean residual (OLS, Stage 0)",pixel,1988-2022 (35 water years),20000.0,10000,gamma(h) = 0.5 * mean (z_i - z_j)^2 over pairs in the lag bin
aeolian,20260810,135deg,13375.0,152.1196634269196,9203,"veg_p05_temporal_mean residual (OLS, Stage 0)",pixel,1988-2022 (35 water years),20000.0,10000,gamma(h) = 0.5 * mean (z_i - z_j)^2 over pairs in the lag bin
aeolian,20260810,135deg,13625.0,130.27442447328718,5329,"veg_p05_temporal_mean residual (OLS, Stage 0)",pixel,1988-2022 (35 water years),20000.0,10000,gamma(h) = 0.5 * mean (z_i - z_j)^2 over pairs in the lag bin
aeolian,20260810,135deg,13875.0,124.6852431050794,3543,"veg_p05_temporal_mean residual (OLS, Stage 0)",pixel,1988-2022 (35 water years),20000.0,10000,gamma(h) = 0.5 * mean (z_i - z_j)^2 over pairs in the lag bin
aeolian,20260810,135deg,14125.0,203.5303932163436,3199,"veg_p05_temporal_mean residual (OLS, Stage 0)",pixel,1988-2022 (35 water years),20000.0,10000,gamma(h) = 0.5 * mean (z_i - z_j)^2 over pairs in the lag bin
aeolian,20260810,135deg,14375.0,293.34816725898594,4173,"veg_p05_temporal_mean residual (OLS, Stage 0)",pixel,1988-2022 (35 water years),20000.0,10000,gamma(h) = 0.5 * mean (z_i - z_j)^2 over pairs in the lag bin
aeolian,20260810,135deg,14625.0,305.7511124319352,4515,"veg_p05_temporal_mean residual (OLS, Stage 0)",pixel,1988-2022 (35 water years),20000.0,10000,gamma(h) = 0.5 * mean (z_i - z_j)^2 over pairs in the lag bin
aeolian,20260810,135deg,14875.0,304.99784104891074,4541,"veg_p05_temporal_mean residual (OLS, Stage 0)",pixel,1988-2022 (35 water years),20000.0,10000,gamma(h) = 0.5 * mean (z_i - z_j)^2 over pairs in the lag bin
aeolian,20260810,135deg,15125.0,339.3685956983469,3601,"veg_p05_temporal_mean residual (OLS, Stage 0)",pixel,1988-2022 (35 water years),20000.0,10000,gamma(h) = 0.5 * mean (z_i - z_j)^2 over pairs in the lag bin
aeolian,20260810,135deg,15375.0,374.8986781250557,2097,"veg_p05_temporal_mean residual (OLS, Stage 0)",pixel,1988-2022 (35 water years),20000.0,10000,gamma(h) = 0.5 * mean (z_i - z_j)^2 over pairs in the lag bin
aeolian,20260810,135deg,15625.0,344.2636011073838,625,"veg_p05_temporal_mean residual (OLS, Stage 0)",pixel,1988-2022 (35 water years),20000.0,10000,gamma(h) = 0.5 * mean (z_i - z_j)^2 over pairs in the lag bin
aeolian,20260810,135deg,15875.0,244.93416820603142,84,"veg_p05_temporal_mean residual (OLS, Stage 0)",pixel,1988-2022 (35 water years),20000.0,10000,gamma(h) = 0.5 * mean (z_i - z_j)^2 over pairs in the lag bin
aeolian,20260810,135deg,16125.0,62.511332705555105,31,"veg_p05_temporal_mean residual (OLS, Stage 0)",pixel,1988-2022 (35 water years),20000.0,10000,gamma(h) = 0.5 * mean (z_i - z_j)^2 over pairs in the lag bin
aeolian,20260810,135deg,16375.0,106.44634001360865,132,"veg_p05_temporal_mean residual (OLS, Stage 0)",pixel,1988-2022 (35 water years),20000.0,10000,gamma(h) = 0.5 * mean (z_i - z_j)^2 over pairs in the lag bin
aeolian,20260810,135deg,16625.0,102.14490670768592,264,"veg_p05_temporal_mean residual (OLS, Stage 0)",pixel,1988-2022 (35 water years),20000.0,10000,gamma(h) = 0.5 * mean (z_i - z_j)^2 over pairs in the lag bin
aeolian,20260810,135deg,16875.0,92.0738283034512,343,"veg_p05_temporal_mean residual (OLS, Stage 0)",pixel,1988-2022 (35 water years),20000.0,10000,gamma(h) = 0.5 * mean (z_i - z_j)^2 over pairs in the lag bin
aeolian,20260810,135deg,17125.0,40.600118347479395,252,"veg_p05_temporal_mean residual (OLS, Stage 0)",pixel,1988-2022 (35 water years),20000.0,10000,gamma(h) = 0.5 * mean (z_i - z_j)^2 over pairs in the lag bin
aeolian,20260810,135deg,17375.0,79.24699006227516,291,"veg_p05_temporal_mean residual (OLS, Stage 0)",pixel,1988-2022 (35 water years),20000.0,10000,gamma(h) = 0.5 * mean (z_i - z_j)^2 over pairs in the lag bin
aeolian,20260810,135deg,17625.0,67.62492654828021,124,"veg_p05_temporal_mean residual (OLS, Stage 0)",pixel,1988-2022 (35 water years),20000.0,10000,gamma(h) = 0.5 * mean (z_i - z_j)^2 over pairs in the lag bin
aeolian,20260810,135deg,17875.0,56.362294477253776,64,"veg_p05_temporal_mean residual (OLS, Stage 0)",pixel,1988-2022 (35 water years),20000.0,10000,gamma(h) = 0.5 * mean (z_i - z_j)^2 over pairs in the lag bin
aeolian,20260810,135deg,19125.0,105.3530714627184,30,"veg_p05_temporal_mean residual (OLS, Stage 0)",pixel,1988-2022 (35 water years),20000.0,10000,gamma(h) = 0.5 * mean (z_i - z_j)^2 over pairs in the lag bin
aeolian,20260810,135deg,19625.0,119.35413698188704,38,"veg_p05_temporal_mean residual (OLS, Stage 0)",pixel,1988-2022 (35 water years),20000.0,10000,gamma(h) = 0.5 * mean (z_i - z_j)^2 over pairs in the lag bin
riverine,20260810,isotropic,125.0,42.67804742129596,66809,"veg_p05_temporal_mean residual (OLS, Stage 0)",pixel,1988-2022 (35 water years),20000.0,10000,gamma(h) = 0.5 * mean (z_i - z_j)^2 over pairs in the lag bin
riverine,20260810,isotropic,375.0,68.45447497081523,164015,"veg_p05_temporal_mean residual (OLS, Stage 0)",pixel,1988-2022 (35 water years),20000.0,10000,gamma(h) = 0.5 * mean (z_i - z_j)^2 over pairs in the lag bin
riverine,20260810,isotropic,625.0,84.40536402765086,232617,"veg_p05_temporal_mean residual (OLS, Stage 0)",pixel,1988-2022 (35 water years),20000.0,10000,gamma(h) = 0.5 * mean (z_i - z_j)^2 over pairs in the lag bin
riverine,20260810,isotropic,875.0,95.35168503012729,280186,"veg_p05_temporal_mean residual (OLS, Stage 0)",pixel,1988-2022 (35 water years),20000.0,10000,gamma(h) = 0.5 * mean (z_i - z_j)^2 over pairs in the lag bin
riverine,20260810,isotropic,1125.0,104.31113933158818,317846,"veg_p05_temporal_mean residual (OLS, Stage 0)",pixel,1988-2022 (35 water years),20000.0,10000,gamma(h) = 0.5 * mean (z_i - z_j)^2 over pairs in the lag bin
riverine,20260810,isotropic,1375.0,110.24129838192587,347334,"veg_p05_temporal_mean residual (OLS, Stage 0)",pixel,1988-2022 (35 water years),20000.0,10000,gamma(h) = 0.5 * mean (z_i - z_j)^2 over pairs in the lag bin
riverine,20260810,isotropic,1625.0,114.95186075059057,371822,"veg_p05_temporal_mean residual (OLS, Stage 0)",pixel,1988-2022 (35 water years),20000.0,10000,gamma(h) = 0.5 * mean (z_i - z_j)^2 over pairs in the lag bin
riverine,20260810,isotropic,1875.0,120.25513498033614,396429,"veg_p05_temporal_mean residual (OLS, Stage 0)",pixel,1988-2022 (35 water years),20000.0,10000,gamma(h) = 0.5 * mean (z_i - z_j)^2 over pairs in the lag bin
riverine,20260810,isotropic,2125.0,126.52626032847792,410825,"veg_p05_temporal_mean residual (OLS, Stage 0)",pixel,1988-2022 (35 water years),20000.0,10000,gamma(h) = 0.5 * mean (z_i - z_j)^2 over pairs in the lag bin
riverine,20260810,isotropic,2375.0,132.86805974554468,419114,"veg_p05_temporal_mean residual (OLS, Stage 0)",pixel,1988-2022 (35 water years),20000.0,10000,gamma(h) = 0.5 * mean (z_i - z_j)^2 over pairs in the lag bin
riverine,20260810,isotropic,2625.0,140.89612336208327,429170,"veg_p05_temporal_mean residual (OLS, Stage 0)",pixel,1988-2022 (35 water years),20000.0,10000,gamma(h) = 0.5 * mean (z_i - z_j)^2 over pairs in the lag bin
riverine,20260810,isotropic,2875.0,144.82151025315756,432358,"veg_p05_temporal_mean residual (OLS, Stage 0)",pixel,1988-2022 (35 water years),20000.0,10000,gamma(h) = 0.5 * mean (z_i - z_j)^2 over pairs in the lag bin
riverine,20260810,isotropic,3125.0,149.70092693683162,436195,"veg_p05_temporal_mean residual (OLS, Stage 0)",pixel,1988-2022 (35 water years),20000.0,10000,gamma(h) = 0.5 * mean (z_i - z_j)^2 over pairs in the lag bin
riverine,20260810,isotropic,3375.0,155.04754682365643,436799,"veg_p05_temporal_mean residual (OLS, Stage 0)",pixel,1988-2022 (35 water years),20000.0,10000,gamma(h) = 0.5 * mean (z_i - z_j)^2 over pairs in the lag bin
riverine,20260810,isotropic,3625.0,157.98282475235465,425873,"veg_p05_temporal_mean residual (OLS, Stage 0)",pixel,1988-2022 (35 water years),20000.0,10000,gamma(h) = 0.5 * mean (z_i - z_j)^2 over pairs in the lag bin
riverine,20260810,isotropic,3875.0,160.02482942339472,425730,"veg_p05_temporal_mean residual (OLS, Stage 0)",pixel,1988-2022 (35 water years),20000.0,10000,gamma(h) = 0.5 * mean (z_i - z_j)^2 over pairs in the lag bin
riverine,20260810,isotropic,4125.0,163.08705728450101,421614,"veg_p05_temporal_mean residual (OLS, Stage 0)",pixel,1988-2022 (35 water years),20000.0,10000,gamma(h) = 0.5 * mean (z_i - z_j)^2 over pairs in the lag bin
riverine,20260810,isotropic,4375.0,166.59409893163954,415931,"veg_p05_temporal_mean residual (OLS, Stage 0)",pixel,1988-2022 (35 water years),20000.0,10000,gamma(h) = 0.5 * mean (z_i - z_j)^2 over pairs in the lag bin
riverine,20260810,isotropic,4625.0,170.179935743705,417672,"veg_p05_temporal_mean residual (OLS, Stage 0)",pixel,1988-2022 (35 water years),20000.0,10000,gamma(h) = 0.5 * mean (z_i - z_j)^2 over pairs in the lag bin
riverine,20260810,isotropic,4875.0,172.72166963419934,412686,"veg_p05_temporal_mean residual (OLS, Stage 0)",pixel,1988-2022 (35 water years),20000.0,10000,gamma(h) = 0.5 * mean (z_i - z_j)^2 over pairs in the lag bin
riverine,20260810,isotropic,5125.0,171.3192443589484,415958,"veg_p05_temporal_mean residual (OLS, Stage 0)",pixel,1988-2022 (35 water years),20000.0,10000,gamma(h) = 0.5 * mean (z_i - z_j)^2 over pairs in the lag bin
riverine,20260810,isotropic,5375.0,172.0851258543173,419551,"veg_p05_temporal_mean residual (OLS, Stage 0)",pixel,1988-2022 (35 water years),20000.0,10000,gamma(h) = 0.5 * mean (z_i - z_j)^2 over pairs in the lag bin
riverine,20260810,isotropic,5625.0,171.17931264054684,426665,"veg_p05_temporal_mean residual (OLS, Stage 0)",pixel,1988-2022 (35 water years),20000.0,10000,gamma(h) = 0.5 * mean (z_i - z_j)^2 over pairs in the lag bin
riverine,20260810,isotropic,5875.0,171.74417037432482,435982,"veg_p05_temporal_mean residual (OLS, Stage 0)",pixel,1988-2022 (35 water years),20000.0,10000,gamma(h) = 0.5 * mean (z_i - z_j)^2 over pairs in the lag bin
riverine,20260810,isotropic,6125.0,171.1723470633717,436942,"veg_p05_temporal_mean residual (OLS, Stage 0)",pixel,1988-2022 (35 water years),20000.0,10000,gamma(h) = 0.5 * mean (z_i - z_j)^2 over pairs in the lag bin
riverine,20260810,isotropic,6375.0,169.443673024759,430844,"veg_p05_temporal_mean residual (OLS, Stage 0)",pixel,1988-2022 (35 water years),20000.0,10000,gamma(h) = 0.5 * mean (z_i - z_j)^2 over pairs in the lag bin
riverine,20260810,isotropic,6625.0,166.269005337887,419946,"veg_p05_temporal_mean residual (OLS, Stage 0)",pixel,1988-2022 (35 water years),20000.0,10000,gamma(h) = 0.5 * mean (z_i - z_j)^2 over pairs in the lag bin
riverine,20260810,isotropic,6875.0,164.38371639971155,406893,"veg_p05_temporal_mean residual (OLS, Stage 0)",pixel,1988-2022 (35 water years),20000.0,10000,gamma(h) = 0.5 * mean (z_i - z_j)^2 over pairs in the lag bin
riverine,20260810,isotropic,7125.0,163.78508295630664,397200,"veg_p05_temporal_mean residual (OLS, Stage 0)",pixel,1988-2022 (35 water years),20000.0,10000,gamma(h) = 0.5 * mean (z_i - z_j)^2 over pairs in the lag bin
riverine,20260810,isotropic,7375.0,162.52915570278176,384205,"veg_p05_temporal_mean residual (OLS, Stage 0)",pixel,1988-2022 (35 water years),20000.0,10000,gamma(h) = 0.5 * mean (z_i - z_j)^2 over pairs in the lag bin
riverine,20260810,isotropic,7625.0,161.2632662225274,377670,"veg_p05_temporal_mean residual (OLS, Stage 0)",pixel,1988-2022 (35 water years),20000.0,10000,gamma(h) = 0.5 * mean (z_i - z_j)^2 over pairs in the lag bin
riverine,20260810,isotropic,7875.0,159.68088788732564,373449,"veg_p05_temporal_mean residual (OLS, Stage 0)",pixel,1988-2022 (35 water years),20000.0,10000,gamma(h) = 0.5 * mean (z_i - z_j)^2 over pairs in the lag bin
riverine,20260810,isotropic,8125.0,157.612076789516,365062,"veg_p05_temporal_mean residual (OLS, Stage 0)",pixel,1988-2022 (35 water years),20000.0,10000,gamma(h) = 0.5 * mean (z_i - z_j)^2 over pairs in the lag bin
riverine,20260810,isotropic,8375.0,152.37053870296637,357797,"veg_p05_temporal_mean residual (OLS, Stage 0)",pixel,1988-2022 (35 water years),20000.0,10000,gamma(h) = 0.5 * mean (z_i - z_j)^2 over pairs in the lag bin
riverine,20260810,isotropic,8625.0,149.70213173097937,344852,"veg_p05_temporal_mean residual (OLS, Stage 0)",pixel,1988-2022 (35 water years),20000.0,10000,gamma(h) = 0.5 * mean (z_i - z_j)^2 over pairs in the lag bin
riverine,20260810,isotropic,8875.0,149.97423378562405,330650,"veg_p05_temporal_mean residual (OLS, Stage 0)",pixel,1988-2022 (35 water years),20000.0,10000,gamma(h) = 0.5 * mean (z_i - z_j)^2 over pairs in the lag bin
riverine,20260810,isotropic,9125.0,147.28262415956328,318215,"veg_p05_temporal_mean residual (OLS, Stage 0)",pixel,1988-2022 (35 water years),20000.0,10000,gamma(h) = 0.5 * mean (z_i - z_j)^2 over pairs in the lag bin
riverine,20260810,isotropic,9375.0,150.49678246597492,302983,"veg_p05_temporal_mean residual (OLS, Stage 0)",pixel,1988-2022 (35 water years),20000.0,10000,gamma(h) = 0.5 * mean (z_i - z_j)^2 over pairs in the lag bin
riverine,20260810,isotropic,9625.0,153.72772229950385,293871,"veg_p05_temporal_mean residual (OLS, Stage 0)",pixel,1988-2022 (35 water years),20000.0,10000,gamma(h) = 0.5 * mean (z_i - z_j)^2 over pairs in the lag bin
riverine,20260810,isotropic,9875.0,152.85648076574765,289223,"veg_p05_temporal_mean residual (OLS, Stage 0)",pixel,1988-2022 (35 water years),20000.0,10000,gamma(h) = 0.5 * mean (z_i - z_j)^2 over pairs in the lag bin
riverine,20260810,isotropic,10125.0,150.44711832026348,283626,"veg_p05_temporal_mean residual (OLS, Stage 0)",pixel,1988-2022 (35 water years),20000.0,10000,gamma(h) = 0.5 * mean (z_i - z_j)^2 over pairs in the lag bin
riverine,20260810,isotropic,10375.0,145.67356107665358,279321,"veg_p05_temporal_mean residual (OLS, Stage 0)",pixel,1988-2022 (35 water years),20000.0,10000,gamma(h) = 0.5 * mean (z_i - z_j)^2 over pairs in the lag bin
riverine,20260810,isotropic,10625.0,141.6467563142225,274468,"veg_p05_temporal_mean residual (OLS, Stage 0)",pixel,1988-2022 (35 water years),20000.0,10000,gamma(h) = 0.5 * mean (z_i - z_j)^2 over pairs in the lag bin
riverine,20260810,isotropic,10875.0,139.01001684075226,271643,"veg_p05_temporal_mean residual (OLS, Stage 0)",pixel,1988-2022 (35 water years),20000.0,10000,gamma(h) = 0.5 * mean (z_i - z_j)^2 over pairs in the lag bin
riverine,20260810,isotropic,11125.0,142.07605571993398,268856,"veg_p05_temporal_mean residual (OLS, Stage 0)",pixel,1988-2022 (35 water years),20000.0,10000,gamma(h) = 0.5 * mean (z_i - z_j)^2 over pairs in the lag bin
riverine,20260810,isotropic,11375.0,144.71549525700212,264212,"veg_p05_temporal_mean residual (OLS, Stage 0)",pixel,1988-2022 (35 water years),20000.0,10000,gamma(h) = 0.5 * mean (z_i - z_j)^2 over pairs in the lag bin
riverine,20260810,isotropic,11625.0,148.12886119370344,261264,"veg_p05_temporal_mean residual (OLS, Stage 0)",pixel,1988-2022 (35 water years),20000.0,10000,gamma(h) = 0.5 * mean (z_i - z_j)^2 over pairs in the lag bin
riverine,20260810,isotropic,11875.0,148.2451148690791,261718,"veg_p05_temporal_mean residual (OLS, Stage 0)",pixel,1988-2022 (35 water years),20000.0,10000,gamma(h) = 0.5 * mean (z_i - z_j)^2 over pairs in the lag bin
riverine,20260810,isotropic,12125.0,145.6036591436732,263146,"veg_p05_temporal_mean residual (OLS, Stage 0)",pixel,1988-2022 (35 water years),20000.0,10000,gamma(h) = 0.5 * mean (z_i - z_j)^2 over pairs in the lag bin
riverine,20260810,isotropic,12375.0,142.78533662111315,269384,"veg_p05_temporal_mean residual (OLS, Stage 0)",pixel,1988-2022 (35 water years),20000.0,10000,gamma(h) = 0.5 * mean (z_i - z_j)^2 over pairs in the lag bin
riverine,20260810,isotropic,12625.0,142.90373629304878,274089,"veg_p05_temporal_mean residual (OLS, Stage 0)",pixel,1988-2022 (35 water years),20000.0,10000,gamma(h) = 0.5 * mean (z_i - z_j)^2 over pairs in the lag bin
riverine,20260810,isotropic,12875.0,142.59713603782075,275911,"veg_p05_temporal_mean residual (OLS, Stage 0)",pixel,1988-2022 (35 water years),20000.0,10000,gamma(h) = 0.5 * mean (z_i - z_j)^2 over pairs in the lag bin
riverine,20260810,isotropic,13125.0,143.85784089170025,273319,"veg_p05_temporal_mean residual (OLS, Stage 0)",pixel,1988-2022 (35 water years),20000.0,10000,gamma(h) = 0.5 * mean (z_i - z_j)^2 over pairs in the lag bin
riverine,20260810,isotropic,13375.0,141.62235826277373,268656,"veg_p05_temporal_mean residual (OLS, Stage 0)",pixel,1988-2022 (35 water years),20000.0,10000,gamma(h) = 0.5 * mean (z_i - z_j)^2 over pairs in the lag bin
riverine,20260810,isotropic,13625.0,137.21390448855183,266393,"veg_p05_temporal_mean residual (OLS, Stage 0)",pixel,1988-2022 (35 water years),20000.0,10000,gamma(h) = 0.5 * mean (z_i - z_j)^2 over pairs in the lag bin
riverine,20260810,isotropic,13875.0,130.3275829867889,262119,"veg_p05_temporal_mean residual (OLS, Stage 0)",pixel,1988-2022 (35 water years),20000.0,10000,gamma(h) = 0.5 * mean (z_i - z_j)^2 over pairs in the lag bin
riverine,20260810,isotropic,14125.0,125.4281854477981,261615,"veg_p05_temporal_mean residual (OLS, Stage 0)",pixel,1988-2022 (35 water years),20000.0,10000,gamma(h) = 0.5 * mean (z_i - z_j)^2 over pairs in the lag bin
riverine,20260810,isotropic,14375.0,123.38405042219114,260004,"veg_p05_temporal_mean residual (OLS, Stage 0)",pixel,1988-2022 (35 water years),20000.0,10000,gamma(h) = 0.5 * mean (z_i - z_j)^2 over pairs in the lag bin
riverine,20260810,isotropic,14625.0,124.4436651466584,253694,"veg_p05_temporal_mean residual (OLS, Stage 0)",pixel,1988-2022 (35 water years),20000.0,10000,gamma(h) = 0.5 * mean (z_i - z_j)^2 over pairs in the lag bin
riverine,20260810,isotropic,14875.0,127.33837770127855,252147,"veg_p05_temporal_mean residual (OLS, Stage 0)",pixel,1988-2022 (35 water years),20000.0,10000,gamma(h) = 0.5 * mean (z_i - z_j)^2 over pairs in the lag bin
riverine,20260810,isotropic,15125.0,127.57619848955537,254796,"veg_p05_temporal_mean residual (OLS, Stage 0)",pixel,1988-2022 (35 water years),20000.0,10000,gamma(h) = 0.5 * mean (z_i - z_j)^2 over pairs in the lag bin
riverine,20260810,isotropic,15375.0,125.82030229091718,258640,"veg_p05_temporal_mean residual (OLS, Stage 0)",pixel,1988-2022 (35 water years),20000.0,10000,gamma(h) = 0.5 * mean (z_i - z_j)^2 over pairs in the lag bin
riverine,20260810,isotropic,15625.0,124.35083862562166,261404,"veg_p05_temporal_mean residual (OLS, Stage 0)",pixel,1988-2022 (35 water years),20000.0,10000,gamma(h) = 0.5 * mean (z_i - z_j)^2 over pairs in the lag bin
riverine,20260810,isotropic,15875.0,121.72779574659289,265120,"veg_p05_temporal_mean residual (OLS, Stage 0)",pixel,1988-2022 (35 water years),20000.0,10000,gamma(h) = 0.5 * mean (z_i - z_j)^2 over pairs in the lag bin
riverine,20260810,isotropic,16125.0,122.08602644715765,269525,"veg_p05_temporal_mean residual (OLS, Stage 0)",pixel,1988-2022 (35 water years),20000.0,10000,gamma(h) = 0.5 * mean (z_i - z_j)^2 over pairs in the lag bin
riverine,20260810,isotropic,16375.0,121.69024271806397,272893,"veg_p05_temporal_mean residual (OLS, Stage 0)",pixel,1988-2022 (35 water years),20000.0,10000,gamma(h) = 0.5 * mean (z_i - z_j)^2 over pairs in the lag bin
riverine,20260810,isotropic,16625.0,121.53883219971947,275327,"veg_p05_temporal_mean residual (OLS, Stage 0)",pixel,1988-2022 (35 water years),20000.0,10000,gamma(h) = 0.5 * mean (z_i - z_j)^2 over pairs in the lag bin
riverine,20260810,isotropic,16875.0,122.20275058658895,276719,"veg_p05_temporal_mean residual (OLS, Stage 0)",pixel,1988-2022 (35 water years),20000.0,10000,gamma(h) = 0.5 * mean (z_i - z_j)^2 over pairs in the lag bin
riverine,20260810,isotropic,17125.0,123.55506279143667,284426,"veg_p05_temporal_mean residual (OLS, Stage 0)",pixel,1988-2022 (35 water years),20000.0,10000,gamma(h) = 0.5 * mean (z_i - z_j)^2 over pairs in the lag bin
riverine,20260810,isotropic,17375.0,121.98266190989366,290203,"veg_p05_temporal_mean residual (OLS, Stage 0)",pixel,1988-2022 (35 water years),20000.0,10000,gamma(h) = 0.5 * mean (z_i - z_j)^2 over pairs in the lag bin
riverine,20260810,isotropic,17625.0,121.76138180025231,298190,"veg_p05_temporal_mean residual (OLS, Stage 0)",pixel,1988-2022 (35 water years),20000.0,10000,gamma(h) = 0.5 * mean (z_i - z_j)^2 over pairs in the lag bin
riverine,20260810,isotropic,17875.0,123.47932514027427,303689,"veg_p05_temporal_mean residual (OLS, Stage 0)",pixel,1988-2022 (35 water years),20000.0,10000,gamma(h) = 0.5 * mean (z_i - z_j)^2 over pairs in the lag bin
riverine,20260810,isotropic,18125.0,122.6971914856915,310194,"veg_p05_temporal_mean residual (OLS, Stage 0)",pixel,1988-2022 (35 water years),20000.0,10000,gamma(h) = 0.5 * mean (z_i - z_j)^2 over pairs in the lag bin
riverine,20260810,isotropic,18375.0,121.32117977961745,316597,"veg_p05_temporal_mean residual (OLS, Stage 0)",pixel,1988-2022 (35 water years),20000.0,10000,gamma(h) = 0.5 * mean (z_i - z_j)^2 over pairs in the lag bin
riverine,20260810,isotropic,18625.0,123.36423649689131,323133,"veg_p05_temporal_mean residual (OLS, Stage 0)",pixel,1988-2022 (35 water years),20000.0,10000,gamma(h) = 0.5 * mean (z_i - z_j)^2 over pairs in the lag bin
riverine,20260810,isotropic,18875.0,128.46295787872643,326715,"veg_p05_temporal_mean residual (OLS, Stage 0)",pixel,1988-2022 (35 water years),20000.0,10000,gamma(h) = 0.5 * mean (z_i - z_j)^2 over pairs in the lag bin
riverine,20260810,isotropic,19125.0,131.26248000593125,328872,"veg_p05_temporal_mean residual (OLS, Stage 0)",pixel,1988-2022 (35 water years),20000.0,10000,gamma(h) = 0.5 * mean (z_i - z_j)^2 over pairs in the lag bin
riverine,20260810,isotropic,19375.0,135.50996774865555,329620,"veg_p05_temporal_mean residual (OLS, Stage 0)",pixel,1988-2022 (35 water years),20000.0,10000,gamma(h) = 0.5 * mean (z_i - z_j)^2 over pairs in the lag bin
riverine,20260810,isotropic,19625.0,135.65541652840116,329089,"veg_p05_temporal_mean residual (OLS, Stage 0)",pixel,1988-2022 (35 water years),20000.0,10000,gamma(h) = 0.5 * mean (z_i - z_j)^2 over pairs in the lag bin
riverine,20260810,isotropic,19875.0,133.9112313220079,327585,"veg_p05_temporal_mean residual (OLS, Stage 0)",pixel,1988-2022 (35 water years),20000.0,10000,gamma(h) = 0.5 * mean (z_i - z_j)^2 over pairs in the lag bin
riverine,20261810,isotropic,125.0,41.45371512091646,66571,"veg_p05_temporal_mean residual (OLS, Stage 0)",pixel,1988-2022 (35 water years),20000.0,10000,gamma(h) = 0.5 * mean (z_i - z_j)^2 over pairs in the lag bin
riverine,20261810,isotropic,375.0,68.38852531179998,161638,"veg_p05_temporal_mean residual (OLS, Stage 0)",pixel,1988-2022 (35 water years),20000.0,10000,gamma(h) = 0.5 * mean (z_i - z_j)^2 over pairs in the lag bin
riverine,20261810,isotropic,625.0,83.96803888326025,228465,"veg_p05_temporal_mean residual (OLS, Stage 0)",pixel,1988-2022 (35 water years),20000.0,10000,gamma(h) = 0.5 * mean (z_i - z_j)^2 over pairs in the lag bin
riverine,20261810,isotropic,875.0,97.99057125480583,273509,"veg_p05_temporal_mean residual (OLS, Stage 0)",pixel,1988-2022 (35 water years),20000.0,10000,gamma(h) = 0.5 * mean (z_i - z_j)^2 over pairs in the lag bin
riverine,20261810,isotropic,1125.0,106.39806196978029,310984,"veg_p05_temporal_mean residual (OLS, Stage 0)",pixel,1988-2022 (35 water years),20000.0,10000,gamma(h) = 0.5 * mean (z_i - z_j)^2 over pairs in the lag bin
riverine,20261810,isotropic,1375.0,114.32035992663222,342496,"veg_p05_temporal_mean residual (OLS, Stage 0)",pixel,1988-2022 (35 water years),20000.0,10000,gamma(h) = 0.5 * mean (z_i - z_j)^2 over pairs in the lag bin
riverine,20261810,isotropic,1625.0,118.37967454743765,367491,"veg_p05_temporal_mean residual (OLS, Stage 0)",pixel,1988-2022 (35 water years),20000.0,10000,gamma(h) = 0.5 * mean (z_i - z_j)^2 over pairs in the lag bin
riverine,20261810,isotropic,1875.0,122.48142329784383,389049,"veg_p05_temporal_mean residual (OLS, Stage 0)",pixel,1988-2022 (35 water years),20000.0,10000,gamma(h) = 0.5 * mean (z_i - z_j)^2 over pairs in the lag bin
riverine,20261810,isotropic,2125.0,127.44461723279058,406049,"veg_p05_temporal_mean residual (OLS, Stage 0)",pixel,1988-2022 (35 water years),20000.0,10000,gamma(h) = 0.5 * mean (z_i - z_j)^2 over pairs in the lag bin
riverine,20261810,isotropic,2375.0,133.94750550470675,414390,"veg_p05_temporal_mean residual (OLS, Stage 0)",pixel,1988-2022 (35 water years),20000.0,10000,gamma(h) = 0.5 * mean (z_i - z_j)^2 over pairs in the lag bin
riverine,20261810,isotropic,2625.0,138.64713374102652,426990,"veg_p05_temporal_mean residual (OLS, Stage 0)",pixel,1988-2022 (35 water years),20000.0,10000,gamma(h) = 0.5 * mean (z_i - z_j)^2 over pairs in the lag bin
riverine,20261810,isotropic,2875.0,143.12642204459505,433900,"veg_p05_temporal_mean residual (OLS, Stage 0)",pixel,1988-2022 (35 water years),20000.0,10000,gamma(h) = 0.5 * mean (z_i - z_j)^2 over pairs in the lag bin
riverine,20261810,isotropic,3125.0,147.79921921824527,440354,"veg_p05_temporal_mean residual (OLS, Stage 0)",pixel,1988-2022 (35 water years),20000.0,10000,gamma(h) = 0.5 * mean (z_i - z_j)^2 over pairs in the lag bin
riverine,20261810,isotropic,3375.0,152.45846739144818,439073,"veg_p05_temporal_mean residual (OLS, Stage 0)",pixel,1988-2022 (35 water years),20000.0,10000,gamma(h) = 0.5 * mean (z_i - z_j)^2 over pairs in the lag bin
riverine,20261810,isotropic,3625.0,156.46997280349171,427920,"veg_p05_temporal_mean residual (OLS, Stage 0)",pixel,1988-2022 (35 water years),20000.0,10000,gamma(h) = 0.5 * mean (z_i - z_j)^2 over pairs in the lag bin
riverine,20261810,isotropic,3875.0,159.10883315167814,424999,"veg_p05_temporal_mean residual (OLS, Stage 0)",pixel,1988-2022 (35 water years),20000.0,10000,gamma(h) = 0.5 * mean (z_i - z_j)^2 over pairs in the lag bin
riverine,20261810,isotropic,4125.0,163.1545084522794,421664,"veg_p05_temporal_mean residual (OLS, Stage 0)",pixel,1988-2022 (35 water years),20000.0,10000,gamma(h) = 0.5 * mean (z_i - z_j)^2 over pairs in the lag bin
riverine,20261810,isotropic,4375.0,164.87930950257459,415943,"veg_p05_temporal_mean residual (OLS, Stage 0)",pixel,1988-2022 (35 water years),20000.0,10000,gamma(h) = 0.5 * mean (z_i - z_j)^2 over pairs in the lag bin
riverine,20261810,isotropic,4625.0,167.24599980220094,416737,"veg_p05_temporal_mean residual (OLS, Stage 0)",pixel,1988-2022 (35 water years),20000.0,10000,gamma(h) = 0.5 * mean (z_i - z_j)^2 over pairs in the lag bin
riverine,20261810,isotropic,4875.0,168.88907503611654,417413,"veg_p05_temporal_mean residual (OLS, Stage 0)",pixel,1988-2022 (35 water years),20000.0,10000,gamma(h) = 0.5 * mean (z_i - z_j)^2 over pairs in the lag bin
riverine,20261810,isotropic,5125.0,170.21012718001276,420319,"veg_p05_temporal_mean residual (OLS, Stage 0)",pixel,1988-2022 (35 water years),20000.0,10000,gamma(h) = 0.5 * mean (z_i - z_j)^2 over pairs in the lag bin
riverine,20261810,isotropic,5375.0,169.13554330023518,421724,"veg_p05_temporal_mean residual (OLS, Stage 0)",pixel,1988-2022 (35 water years),20000.0,10000,gamma(h) = 0.5 * mean (z_i - z_j)^2 over pairs in the lag bin
riverine,20261810,isotropic,5625.0,167.29905383417676,427984,"veg_p05_temporal_mean residual (OLS, Stage 0)",pixel,1988-2022 (35 water years),20000.0,10000,gamma(h) = 0.5 * mean (z_i - z_j)^2 over pairs in the lag bin
riverine,20261810,isotropic,5875.0,166.97167844269705,435648,"veg_p05_temporal_mean residual (OLS, Stage 0)",pixel,1988-2022 (35 water years),20000.0,10000,gamma(h) = 0.5 * mean (z_i - z_j)^2 over pairs in the lag bin
riverine,20261810,isotropic,6125.0,167.65433393361926,435878,"veg_p05_temporal_mean residual (OLS, Stage 0)",pixel,1988-2022 (35 water years),20000.0,10000,gamma(h) = 0.5 * mean (z_i - z_j)^2 over pairs in the lag bin
riverine,20261810,isotropic,6375.0,166.34185537220125,429623,"veg_p05_temporal_mean residual (OLS, Stage 0)",pixel,1988-2022 (35 water years),20000.0,10000,gamma(h) = 0.5 * mean (z_i - z_j)^2 over pairs in the lag bin
riverine,20261810,isotropic,6625.0,163.98232894589708,421218,"veg_p05_temporal_mean residual (OLS, Stage 0)",pixel,1988-2022 (35 water years),20000.0,10000,gamma(h) = 0.5 * mean (z_i - z_j)^2 over pairs in the lag bin
riverine,20261810,isotropic,6875.0,162.5350978696869,408598,"veg_p05_temporal_mean residual (OLS, Stage 0)",pixel,1988-2022 (35 water years),20000.0,10000,gamma(h) = 0.5 * mean (z_i - z_j)^2 over pairs in the lag bin
riverine,20261810,isotropic,7125.0,160.85125786442532,401207,"veg_p05_temporal_mean residual (OLS, Stage 0)",pixel,1988-2022 (35 water years),20000.0,10000,gamma(h) = 0.5 * mean (z_i - z_j)^2 over pairs in the lag bin
riverine,20261810,isotropic,7375.0,159.95309751623614,390005,"veg_p05_temporal_mean residual (OLS, Stage 0)",pixel,1988-2022 (35 water years),20000.0,10000,gamma(h) = 0.5 * mean (z_i - z_j)^2 over pairs in the lag bin
riverine,20261810,isotropic,7625.0,157.19496673663042,379062,"veg_p05_temporal_mean residual (OLS, Stage 0)",pixel,1988-2022 (35 water years),20000.0,10000,gamma(h) = 0.5 * mean (z_i - z_j)^2 over pairs in the lag bin
riverine,20261810,isotropic,7875.0,154.0483436571501,371031,"veg_p05_temporal_mean residual (OLS, Stage 0)",pixel,1988-2022 (35 water years),20000.0,10000,gamma(h) = 0.5 * mean (z_i - z_j)^2 over pairs in the lag bin
riverine,20261810,isotropic,8125.0,153.32266767029927,367721,"veg_p05_temporal_mean residual (OLS, Stage 0)",pixel,1988-2022 (35 water years),20000.0,10000,gamma(h) = 0.5 * mean (z_i - z_j)^2 over pairs in the lag bin
riverine,20261810,isotropic,8375.0,149.94901128686962,360190,"veg_p05_temporal_mean residual (OLS, Stage 0)",pixel,1988-2022 (35 water years),20000.0,10000,gamma(h) = 0.5 * mean (z_i - z_j)^2 over pairs in the lag bin
riverine,20261810,isotropic,8625.0,146.13363531504552,346146,"veg_p05_temporal_mean residual (OLS, Stage 0)",pixel,1988-2022 (35 water years),20000.0,10000,gamma(h) = 0.5 * mean (z_i - z_j)^2 over pairs in the lag bin
riverine,20261810,isotropic,8875.0,146.05965746452426,328767,"veg_p05_temporal_mean residual (OLS, Stage 0)",pixel,1988-2022 (35 water years),20000.0,10000,gamma(h) = 0.5 * mean (z_i - z_j)^2 over pairs in the lag bin
riverine,20261810,isotropic,9125.0,145.98000124317247,313696,"veg_p05_temporal_mean residual (OLS, Stage 0)",pixel,1988-2022 (35 water years),20000.0,10000,gamma(h) = 0.5 * mean (z_i - z_j)^2 over pairs in the lag bin
riverine,20261810,isotropic,9375.0,147.71990080466392,302076,"veg_p05_temporal_mean residual (OLS, Stage 0)",pixel,1988-2022 (35 water years),20000.0,10000,gamma(h) = 0.5 * mean (z_i - z_j)^2 over pairs in the lag bin
riverine,20261810,isotropic,9625.0,150.33957113847833,290531,"veg_p05_temporal_mean residual (OLS, Stage 0)",pixel,1988-2022 (35 water years),20000.0,10000,gamma(h) = 0.5 * mean (z_i - z_j)^2 over pairs in the lag bin
riverine,20261810,isotropic,9875.0,150.46996645997112,284260,"veg_p05_temporal_mean residual (OLS, Stage 0)",pixel,1988-2022 (35 water years),20000.0,10000,gamma(h) = 0.5 * mean (z_i - z_j)^2 over pairs in the lag bin
riverine,20261810,isotropic,10125.0,150.69938338738135,279891,"veg_p05_temporal_mean residual (OLS, Stage 0)",pixel,1988-2022 (35 water years),20000.0,10000,gamma(h) = 0.5 * mean (z_i - z_j)^2 over pairs in the lag bin
riverine,20261810,isotropic,10375.0,146.6737032638912,274340,"veg_p05_temporal_mean residual (OLS, Stage 0)",pixel,1988-2022 (35 water years),20000.0,10000,gamma(h) = 0.5 * mean (z_i - z_j)^2 over pairs in the lag bin
riverine,20261810,isotropic,10625.0,141.3895864784142,268835,"veg_p05_temporal_mean residual (OLS, Stage 0)",pixel,1988-2022 (35 water years),20000.0,10000,gamma(h) = 0.5 * mean (z_i - z_j)^2 over pairs in the lag bin
riverine,20261810,isotropic,10875.0,142.2775219682477,268172,"veg_p05_temporal_mean residual (OLS, Stage 0)",pixel,1988-2022 (35 water years),20000.0,10000,gamma(h) = 0.5 * mean (z_i - z_j)^2 over pairs in the lag bin
riverine,20261810,isotropic,11125.0,144.47033151596577,264968,"veg_p05_temporal_mean residual (OLS, Stage 0)",pixel,1988-2022 (35 water years),20000.0,10000,gamma(h) = 0.5 * mean (z_i - z_j)^2 over pairs in the lag bin
riverine,20261810,isotropic,11375.0,144.21619985509324,261606,"veg_p05_temporal_mean residual (OLS, Stage 0)",pixel,1988-2022 (35 water years),20000.0,10000,gamma(h) = 0.5 * mean (z_i - z_j)^2 over pairs in the lag bin
riverine,20261810,isotropic,11625.0,148.40180297515562,257843,"veg_p05_temporal_mean residual (OLS, Stage 0)",pixel,1988-2022 (35 water years),20000.0,10000,gamma(h) = 0.5 * mean (z_i - z_j)^2 over pairs in the lag bin
riverine,20261810,isotropic,11875.0,150.33108805204856,256800,"veg_p05_temporal_mean residual (OLS, Stage 0)",pixel,1988-2022 (35 water years),20000.0,10000,gamma(h) = 0.5 * mean (z_i - z_j)^2 over pairs in the lag bin
riverine,20261810,isotropic,12125.0,149.71126506402015,256712,"veg_p05_temporal_mean residual (OLS, Stage 0)",pixel,1988-2022 (35 water years),20000.0,10000,gamma(h) = 0.5 * mean (z_i - z_j)^2 over pairs in the lag bin
riverine,20261810,isotropic,12375.0,147.747518255694,261943,"veg_p05_temporal_mean residual (OLS, Stage 0)",pixel,1988-2022 (35 water years),20000.0,10000,gamma(h) = 0.5 * mean (z_i - z_j)^2 over pairs in the lag bin
riverine,20261810,isotropic,12625.0,144.65224142042726,263978,"veg_p05_temporal_mean residual (OLS, Stage 0)",pixel,1988-2022 (35 water years),20000.0,10000,gamma(h) = 0.5 * mean (z_i - z_j)^2 over pairs in the lag bin
riverine,20261810,isotropic,12875.0,144.66858916566628,265111,"veg_p05_temporal_mean residual (OLS, Stage 0)",pixel,1988-2022 (35 water years),20000.0,10000,gamma(h) = 0.5 * mean (z_i - z_j)^2 over pairs in the lag bin
riverine,20261810,isotropic,13125.0,145.69819437095273,264702,"veg_p05_temporal_mean residual (OLS, Stage 0)",pixel,1988-2022 (35 water years),20000.0,10000,gamma(h) = 0.5 * mean (z_i - z_j)^2 over pairs in the lag bin
riverine,20261810,isotropic,13375.0,144.25038546625981,261746,"veg_p05_temporal_mean residual (OLS, Stage 0)",pixel,1988-2022 (35 water years),20000.0,10000,gamma(h) = 0.5 * mean (z_i - z_j)^2 over pairs in the lag bin
riverine,20261810,isotropic,13625.0,139.428771005896,257813,"veg_p05_temporal_mean residual (OLS, Stage 0)",pixel,1988-2022 (35 water years),20000.0,10000,gamma(h) = 0.5 * mean (z_i - z_j)^2 over pairs in the lag bin
riverine,20261810,isotropic,13875.0,134.42236227312975,251847,"veg_p05_temporal_mean residual (OLS, Stage 0)",pixel,1988-2022 (35 water years),20000.0,10000,gamma(h) = 0.5 * mean (z_i - z_j)^2 over pairs in the lag bin
riverine,20261810,isotropic,14125.0,128.9792177993999,249215,"veg_p05_temporal_mean residual (OLS, Stage 0)",pixel,1988-2022 (35 water years),20000.0,10000,gamma(h) = 0.5 * mean (z_i - z_j)^2 over pairs in the lag bin
riverine,20261810,isotropic,14375.0,128.1625612086324,246732,"veg_p05_temporal_mean residual (OLS, Stage 0)",pixel,1988-2022 (35 water years),20000.0,10000,gamma(h) = 0.5 * mean (z_i - z_j)^2 over pairs in the lag bin
riverine,20261810,isotropic,14625.0,129.7278547893805,243613,"veg_p05_temporal_mean residual (OLS, Stage 0)",pixel,1988-2022 (35 water years),20000.0,10000,gamma(h) = 0.5 * mean (z_i - z_j)^2 over pairs in the lag bin
riverine,20261810,isotropic,14875.0,131.04264885963747,245038,"veg_p05_temporal_mean residual (OLS, Stage 0)",pixel,1988-2022 (35 water years),20000.0,10000,gamma(h) = 0.5 * mean (z_i - z_j)^2 over pairs in the lag bin
riverine,20261810,isotropic,15125.0,129.05724949133455,248834,"veg_p05_temporal_mean residual (OLS, Stage 0)",pixel,1988-2022 (35 water years),20000.0,10000,gamma(h) = 0.5 * mean (z_i - z_j)^2 over pairs in the lag bin
riverine,20261810,isotropic,15375.0,126.9487494257411,253068,"veg_p05_temporal_mean residual (OLS, Stage 0)",pixel,1988-2022 (35 water years),20000.0,10000,gamma(h) = 0.5 * mean (z_i - z_j)^2 over pairs in the lag bin
riverine,20261810,isotropic,15625.0,123.64435961036232,256519,"veg_p05_temporal_mean residual (OLS, Stage 0)",pixel,1988-2022 (35 water years),20000.0,10000,gamma(h) = 0.5 * mean (z_i - z_j)^2 over pairs in the lag bin
riverine,20261810,isotropic,15875.0,123.72326866134217,259560,"veg_p05_temporal_mean residual (OLS, Stage 0)",pixel,1988-2022 (35 water years),20000.0,10000,gamma(h) = 0.5 * mean (z_i - z_j)^2 over pairs in the lag bin
riverine,20261810,isotropic,16125.0,122.0509652638256,265488,"veg_p05_temporal_mean residual (OLS, Stage 0)",pixel,1988-2022 (35 water years),20000.0,10000,gamma(h) = 0.5 * mean (z_i - z_j)^2 over pairs in the lag bin
riverine,20261810,isotropic,16375.0,121.16468408811063,269156,"veg_p05_temporal_mean residual (OLS, Stage 0)",pixel,1988-2022 (35 water years),20000.0,10000,gamma(h) = 0.5 * mean (z_i - z_j)^2 over pairs in the lag bin
riverine,20261810,isotropic,16625.0,120.7224604540894,270474,"veg_p05_temporal_mean residual (OLS, Stage 0)",pixel,1988-2022 (35 water years),20000.0,10000,gamma(h) = 0.5 * mean (z_i - z_j)^2 over pairs in the lag bin
riverine,20261810,isotropic,16875.0,118.95630953052937,271668,"veg_p05_temporal_mean residual (OLS, Stage 0)",pixel,1988-2022 (35 water years),20000.0,10000,gamma(h) = 0.5 * mean (z_i - z_j)^2 over pairs in the lag bin
riverine,20261810,isotropic,17125.0,120.60723551250004,274284,"veg_p05_temporal_mean residual (OLS, Stage 0)",pixel,1988-2022 (35 water years),20000.0,10000,gamma(h) = 0.5 * mean (z_i - z_j)^2 over pairs in the lag bin
riverine,20261810,isotropic,17375.0,121.31999636090133,281462,"veg_p05_temporal_mean residual (OLS, Stage 0)",pixel,1988-2022 (35 water years),20000.0,10000,gamma(h) = 0.5 * mean (z_i - z_j)^2 over pairs in the lag bin
riverine,20261810,isotropic,17625.0,121.2063773733599,289938,"veg_p05_temporal_mean residual (OLS, Stage 0)",pixel,1988-2022 (35 water years),20000.0,10000,gamma(h) = 0.5 * mean (z_i - z_j)^2 over pairs in the lag bin
riverine,20261810,isotropic,17875.0,121.3897758769713,299455,"veg_p05_temporal_mean residual (OLS, Stage 0)",pixel,1988-2022 (35 water years),20000.0,10000,gamma(h) = 0.5 * mean (z_i - z_j)^2 over pairs in the lag bin
riverine,20261810,isotropic,18125.0,121.0115675389916,308194,"veg_p05_temporal_mean residual (OLS, Stage 0)",pixel,1988-2022 (35 water years),20000.0,10000,gamma(h) = 0.5 * mean (z_i - z_j)^2 over pairs in the lag bin
riverine,20261810,isotropic,18375.0,120.66339008674798,316667,"veg_p05_temporal_mean residual (OLS, Stage 0)",pixel,1988-2022 (35 water years),20000.0,10000,gamma(h) = 0.5 * mean (z_i - z_j)^2 over pairs in the lag bin
riverine,20261810,isotropic,18625.0,123.60726187036998,322655,"veg_p05_temporal_mean residual (OLS, Stage 0)",pixel,1988-2022 (35 water years),20000.0,10000,gamma(h) = 0.5 * mean (z_i - z_j)^2 over pairs in the lag bin
riverine,20261810,isotropic,18875.0,128.60348241592237,327148,"veg_p05_temporal_mean residual (OLS, Stage 0)",pixel,1988-2022 (35 water years),20000.0,10000,gamma(h) = 0.5 * mean (z_i - z_j)^2 over pairs in the lag bin
riverine,20261810,isotropic,19125.0,133.9032955790546,329451,"veg_p05_temporal_mean residual (OLS, Stage 0)",pixel,1988-2022 (35 water years),20000.0,10000,gamma(h) = 0.5 * mean (z_i - z_j)^2 over pairs in the lag bin
riverine,20261810,isotropic,19375.0,136.14462687092208,330818,"veg_p05_temporal_mean residual (OLS, Stage 0)",pixel,1988-2022 (35 water years),20000.0,10000,gamma(h) = 0.5 * mean (z_i - z_j)^2 over pairs in the lag bin
riverine,20261810,isotropic,19625.0,136.99744858530653,331146,"veg_p05_temporal_mean residual (OLS, Stage 0)",pixel,1988-2022 (35 water years),20000.0,10000,gamma(h) = 0.5 * mean (z_i - z_j)^2 over pairs in the lag bin
riverine,20261810,isotropic,19875.0,134.88031972024774,331124,"veg_p05_temporal_mean residual (OLS, Stage 0)",pixel,1988-2022 (35 water years),20000.0,10000,gamma(h) = 0.5 * mean (z_i - z_j)^2 over pairs in the lag bin
riverine,20262810,isotropic,125.0,43.18663775348329,66743,"veg_p05_temporal_mean residual (OLS, Stage 0)",pixel,1988-2022 (35 water years),20000.0,10000,gamma(h) = 0.5 * mean (z_i - z_j)^2 over pairs in the lag bin
riverine,20262810,isotropic,375.0,68.94811958019022,160860,"veg_p05_temporal_mean residual (OLS, Stage 0)",pixel,1988-2022 (35 water years),20000.0,10000,gamma(h) = 0.5 * mean (z_i - z_j)^2 over pairs in the lag bin
riverine,20262810,isotropic,625.0,85.20308244472314,227626,"veg_p05_temporal_mean residual (OLS, Stage 0)",pixel,1988-2022 (35 water years),20000.0,10000,gamma(h) = 0.5 * mean (z_i - z_j)^2 over pairs in the lag bin
riverine,20262810,isotropic,875.0,98.64556925673791,274122,"veg_p05_temporal_mean residual (OLS, Stage 0)",pixel,1988-2022 (35 water years),20000.0,10000,gamma(h) = 0.5 * mean (z_i - z_j)^2 over pairs in the lag bin
riverine,20262810,isotropic,1125.0,106.94061249193749,312440,"veg_p05_temporal_mean residual (OLS, Stage 0)",pixel,1988-2022 (35 water years),20000.0,10000,gamma(h) = 0.5 * mean (z_i - z_j)^2 over pairs in the lag bin
riverine,20262810,isotropic,1375.0,112.19844085112811,342592,"veg_p05_temporal_mean residual (OLS, Stage 0)",pixel,1988-2022 (35 water years),20000.0,10000,gamma(h) = 0.5 * mean (z_i - z_j)^2 over pairs in the lag bin
riverine,20262810,isotropic,1625.0,117.41319685356427,366761,"veg_p05_temporal_mean residual (OLS, Stage 0)",pixel,1988-2022 (35 water years),20000.0,10000,gamma(h) = 0.5 * mean (z_i - z_j)^2 over pairs in the lag bin
riverine,20262810,isotropic,1875.0,122.66952736252556,386736,"veg_p05_temporal_mean residual (OLS, Stage 0)",pixel,1988-2022 (35 water years),20000.0,10000,gamma(h) = 0.5 * mean (z_i - z_j)^2 over pairs in the lag bin
riverine,20262810,isotropic,2125.0,128.45400247306506,400394,"veg_p05_temporal_mean residual (OLS, Stage 0)",pixel,1988-2022 (35 water years),20000.0,10000,gamma(h) = 0.5 * mean (z_i - z_j)^2 over pairs in the lag bin
riverine,20262810,isotropic,2375.0,135.62372204832664,411040,"veg_p05_temporal_mean residual (OLS, Stage 0)",pixel,1988-2022 (35 water years),20000.0,10000,gamma(h) = 0.5 * mean (z_i - z_j)^2 over pairs in the lag bin
riverine,20262810,isotropic,2625.0,142.71691896445515,423989,"veg_p05_temporal_mean residual (OLS, Stage 0)",pixel,1988-2022 (35 water years),20000.0,10000,gamma(h) = 0.5 * mean (z_i - z_j)^2 over pairs in the lag bin
riverine,20262810,isotropic,2875.0,147.48308346527057,429751,"veg_p05_temporal_mean residual (OLS, Stage 0)",pixel,1988-2022 (35 water years),20000.0,10000,gamma(h) = 0.5 * mean (z_i - z_j)^2 over pairs in the lag bin
riverine,20262810,isotropic,3125.0,151.93376818009511,433453,"veg_p05_temporal_mean residual (OLS, Stage 0)",pixel,1988-2022 (35 water years),20000.0,10000,gamma(h) = 0.5 * mean (z_i - z_j)^2 over pairs in the lag bin
riverine,20262810,isotropic,3375.0,157.09146560435147,434017,"veg_p05_temporal_mean residual (OLS, Stage 0)",pixel,1988-2022 (35 water years),20000.0,10000,gamma(h) = 0.5 * mean (z_i - z_j)^2 over pairs in the lag bin
riverine,20262810,isotropic,3625.0,158.8225398007817,426627,"veg_p05_temporal_mean residual (OLS, Stage 0)",pixel,1988-2022 (35 water years),20000.0,10000,gamma(h) = 0.5 * mean (z_i - z_j)^2 over pairs in the lag bin
riverine,20262810,isotropic,3875.0,160.1797645086101,422093,"veg_p05_temporal_mean residual (OLS, Stage 0)",pixel,1988-2022 (35 water years),20000.0,10000,gamma(h) = 0.5 * mean (z_i - z_j)^2 over pairs in the lag bin
riverine,20262810,isotropic,4125.0,161.03775086385022,416764,"veg_p05_temporal_mean residual (OLS, Stage 0)",pixel,1988-2022 (35 water years),20000.0,10000,gamma(h) = 0.5 * mean (z_i - z_j)^2 over pairs in the lag bin
riverine,20262810,isotropic,4375.0,164.43939846533746,412829,"veg_p05_temporal_mean residual (OLS, Stage 0)",pixel,1988-2022 (35 water years),20000.0,10000,gamma(h) = 0.5 * mean (z_i - z_j)^2 over pairs in the lag bin
riverine,20262810,isotropic,4625.0,168.004038502567,416474,"veg_p05_temporal_mean residual (OLS, Stage 0)",pixel,1988-2022 (35 water years),20000.0,10000,gamma(h) = 0.5 * mean (z_i - z_j)^2 over pairs in the lag bin
riverine,20262810,isotropic,4875.0,172.3547173216412,415804,"veg_p05_temporal_mean residual (OLS, Stage 0)",pixel,1988-2022 (35 water years),20000.0,10000,gamma(h) = 0.5 * mean (z_i - z_j)^2 over pairs in the lag bin
riverine,20262810,isotropic,5125.0,172.10835366345566,418314,"veg_p05_temporal_mean residual (OLS, Stage 0)",pixel,1988-2022 (35 water years),20000.0,10000,gamma(h) = 0.5 * mean (z_i - z_j)^2 over pairs in the lag bin
riverine,20262810,isotropic,5375.0,171.56298844873402,421257,"veg_p05_temporal_mean residual (OLS, Stage 0)",pixel,1988-2022 (35 water years),20000.0,10000,gamma(h) = 0.5 * mean (z_i - z_j)^2 over pairs in the lag bin
riverine,20262810,isotropic,5625.0,170.4260185826757,429267,"veg_p05_temporal_mean residual (OLS, Stage 0)",pixel,1988-2022 (35 water years),20000.0,10000,gamma(h) = 0.5 * mean (z_i - z_j)^2 over pairs in the lag bin
riverine,20262810,isotropic,5875.0,170.0762220304134,436586,"veg_p05_temporal_mean residual (OLS, Stage 0)",pixel,1988-2022 (35 water years),20000.0,10000,gamma(h) = 0.5 * mean (z_i - z_j)^2 over pairs in the lag bin
riverine,20262810,isotropic,6125.0,172.3607015269797,435792,"veg_p05_temporal_mean residual (OLS, Stage 0)",pixel,1988-2022 (35 water years),20000.0,10000,gamma(h) = 0.5 * mean (z_i - z_j)^2 over pairs in the lag bin
riverine,20262810,isotropic,6375.0,171.53611372729674,429523,"veg_p05_temporal_mean residual (OLS, Stage 0)",pixel,1988-2022 (35 water years),20000.0,10000,gamma(h) = 0.5 * mean (z_i - z_j)^2 over pairs in the lag bin
riverine,20262810,isotropic,6625.0,169.6996712156389,417676,"veg_p05_temporal_mean residual (OLS, Stage 0)",pixel,1988-2022 (35 water years),20000.0,10000,gamma(h) = 0.5 * mean (z_i - z_j)^2 over pairs in the lag bin
riverine,20262810,isotropic,6875.0,168.62246541707708,408756,"veg_p05_temporal_mean residual (OLS, Stage 0)",pixel,1988-2022 (35 water years),20000.0,10000,gamma(h) = 0.5 * mean (z_i - z_j)^2 over pairs in the lag bin
riverine,20262810,isotropic,7125.0,167.34251178833424,400674,"veg_p05_temporal_mean residual (OLS, Stage 0)",pixel,1988-2022 (35 water years),20000.0,10000,gamma(h) = 0.5 * mean (z_i - z_j)^2 over pairs in the lag bin
riverine,20262810,isotropic,7375.0,166.19651559378178,388346,"veg_p05_temporal_mean residual (OLS, Stage 0)",pixel,1988-2022 (35 water years),20000.0,10000,gamma(h) = 0.5 * mean (z_i - z_j)^2 over pairs in the lag bin
riverine,20262810,isotropic,7625.0,163.43046096533115,381885,"veg_p05_temporal_mean residual (OLS, Stage 0)",pixel,1988-2022 (35 water years),20000.0,10000,gamma(h) = 0.5 * mean (z_i - z_j)^2 over pairs in the lag bin
riverine,20262810,isotropic,7875.0,161.23627658711453,377006,"veg_p05_temporal_mean residual (OLS, Stage 0)",pixel,1988-2022 (35 water years),20000.0,10000,gamma(h) = 0.5 * mean (z_i - z_j)^2 over pairs in the lag bin
riverine,20262810,isotropic,8125.0,159.5489813689385,371027,"veg_p05_temporal_mean residual (OLS, Stage 0)",pixel,1988-2022 (35 water years),20000.0,10000,gamma(h) = 0.5 * mean (z_i - z_j)^2 over pairs in the lag bin
riverine,20262810,isotropic,8375.0,155.9507100795739,364189,"veg_p05_temporal_mean residual (OLS, Stage 0)",pixel,1988-2022 (35 water years),20000.0,10000,gamma(h) = 0.5 * mean (z_i - z_j)^2 over pairs in the lag bin
riverine,20262810,isotropic,8625.0,152.10296969541432,351204,"veg_p05_temporal_mean residual (OLS, Stage 0)",pixel,1988-2022 (35 water years),20000.0,10000,gamma(h) = 0.5 * mean (z_i - z_j)^2 over pairs in the lag bin
riverine,20262810,isotropic,8875.0,151.07894277871628,332561,"veg_p05_temporal_mean residual (OLS, Stage 0)",pixel,1988-2022 (35 water years),20000.0,10000,gamma(h) = 0.5 * mean (z_i - z_j)^2 over pairs in the lag bin
riverine,20262810,isotropic,9125.0,150.72351570269268,320490,"veg_p05_temporal_mean residual (OLS, Stage 0)",pixel,1988-2022 (35 water years),20000.0,10000,gamma(h) = 0.5 * mean (z_i - z_j)^2 over pairs in the lag bin
riverine,20262810,isotropic,9375.0,154.8097698090666,305805,"veg_p05_temporal_mean residual (OLS, Stage 0)",pixel,1988-2022 (35 water years),20000.0,10000,gamma(h) = 0.5 * mean (z_i - z_j)^2 over pairs in the lag bin
riverine,20262810,isotropic,9625.0,157.24027694696213,296500,"veg_p05_temporal_mean residual (OLS, Stage 0)",pixel,1988-2022 (35 water years),20000.0,10000,gamma(h) = 0.5 * mean (z_i - z_j)^2 over pairs in the lag bin
riverine,20262810,isotropic,9875.0,158.55399718035628,292635,"veg_p05_temporal_mean residual (OLS, Stage 0)",pixel,1988-2022 (35 water years),20000.0,10000,gamma(h) = 0.5 * mean (z_i - z_j)^2 over pairs in the lag bin
riverine,20262810,isotropic,10125.0,157.35292447321518,283402,"veg_p05_temporal_mean residual (OLS, Stage 0)",pixel,1988-2022 (35 water years),20000.0,10000,gamma(h) = 0.5 * mean (z_i - z_j)^2 over pairs in the lag bin
riverine,20262810,isotropic,10375.0,151.56804973534298,275510,"veg_p05_temporal_mean residual (OLS, Stage 0)",pixel,1988-2022 (35 water years),20000.0,10000,gamma(h) = 0.5 * mean (z_i - z_j)^2 over pairs in the lag bin
riverine,20262810,isotropic,10625.0,147.68488159764027,270625,"veg_p05_temporal_mean residual (OLS, Stage 0)",pixel,1988-2022 (35 water years),20000.0,10000,gamma(h) = 0.5 * mean (z_i - z_j)^2 over pairs in the lag bin
riverine,20262810,isotropic,10875.0,145.06854523471145,266802,"veg_p05_temporal_mean residual (OLS, Stage 0)",pixel,1988-2022 (35 water years),20000.0,10000,gamma(h) = 0.5 * mean (z_i - z_j)^2 over pairs in the lag bin
riverine,20262810,isotropic,11125.0,145.9336367165801,265166,"veg_p05_temporal_mean residual (OLS, Stage 0)",pixel,1988-2022 (35 water years),20000.0,10000,gamma(h) = 0.5 * mean (z_i - z_j)^2 over pairs in the lag bin
riverine,20262810,isotropic,11375.0,147.70412000804268,260751,"veg_p05_temporal_mean residual (OLS, Stage 0)",pixel,1988-2022 (35 water years),20000.0,10000,gamma(h) = 0.5 * mean (z_i - z_j)^2 over pairs in the lag bin
riverine,20262810,isotropic,11625.0,149.64158555199887,255506,"veg_p05_temporal_mean residual (OLS, Stage 0)",pixel,1988-2022 (35 water years),20000.0,10000,gamma(h) = 0.5 * mean (z_i - z_j)^2 over pairs in the lag bin
riverine,20262810,isotropic,11875.0,148.70951840005063,258211,"veg_p05_temporal_mean residual (OLS, Stage 0)",pixel,1988-2022 (35 water years),20000.0,10000,gamma(h) = 0.5 * mean (z_i - z_j)^2 over pairs in the lag bin
riverine,20262810,isotropic,12125.0,146.73348017182062,261816,"veg_p05_temporal_mean residual (OLS, Stage 0)",pixel,1988-2022 (35 water years),20000.0,10000,gamma(h) = 0.5 * mean (z_i - z_j)^2 over pairs in the lag bin
riverine,20262810,isotropic,12375.0,145.97137568667014,268388,"veg_p05_temporal_mean residual (OLS, Stage 0)",pixel,1988-2022 (35 water years),20000.0,10000,gamma(h) = 0.5 * mean (z_i - z_j)^2 over pairs in the lag bin
riverine,20262810,isotropic,12625.0,144.05551788780033,272402,"veg_p05_temporal_mean residual (OLS, Stage 0)",pixel,1988-2022 (35 water years),20000.0,10000,gamma(h) = 0.5 * mean (z_i - z_j)^2 over pairs in the lag bin
riverine,20262810,isotropic,12875.0,141.69651932272262,274441,"veg_p05_temporal_mean residual (OLS, Stage 0)",pixel,1988-2022 (35 water years),20000.0,10000,gamma(h) = 0.5 * mean (z_i - z_j)^2 over pairs in the lag bin
riverine,20262810,isotropic,13125.0,141.39044009767545,271956,"veg_p05_temporal_mean residual (OLS, Stage 0)",pixel,1988-2022 (35 water years),20000.0,10000,gamma(h) = 0.5 * mean (z_i - z_j)^2 over pairs in the lag bin
riverine,20262810,isotropic,13375.0,139.14830015374156,268178,"veg_p05_temporal_mean residual (OLS, Stage 0)",pixel,1988-2022 (35 water years),20000.0,10000,gamma(h) = 0.5 * mean (z_i - z_j)^2 over pairs in the lag bin
riverine,20262810,isotropic,13625.0,135.95920850940718,263096,"veg_p05_temporal_mean residual (OLS, Stage 0)",pixel,1988-2022 (35 water years),20000.0,10000,gamma(h) = 0.5 * mean (z_i - z_j)^2 over pairs in the lag bin
riverine,20262810,isotropic,13875.0,131.70978564442663,258527,"veg_p05_temporal_mean residual (OLS, Stage 0)",pixel,1988-2022 (35 water years),20000.0,10000,gamma(h) = 0.5 * mean (z_i - z_j)^2 over pairs in the lag bin
riverine,20262810,isotropic,14125.0,127.77944647704055,254412,"veg_p05_temporal_mean residual (OLS, Stage 0)",pixel,1988-2022 (35 water years),20000.0,10000,gamma(h) = 0.5 * mean (z_i - z_j)^2 over pairs in the lag bin
riverine,20262810,isotropic,14375.0,125.87588493389391,253322,"veg_p05_temporal_mean residual (OLS, Stage 0)",pixel,1988-2022 (35 water years),20000.0,10000,gamma(h) = 0.5 * mean (z_i - z_j)^2 over pairs in the lag bin
riverine,20262810,isotropic,14625.0,125.1727301863537,248217,"veg_p05_temporal_mean residual (OLS, Stage 0)",pixel,1988-2022 (35 water years),20000.0,10000,gamma(h) = 0.5 * mean (z_i - z_j)^2 over pairs in the lag bin
riverine,20262810,isotropic,14875.0,127.86960847501905,249446,"veg_p05_temporal_mean residual (OLS, Stage 0)",pixel,1988-2022 (35 water years),20000.0,10000,gamma(h) = 0.5 * mean (z_i - z_j)^2 over pairs in the lag bin
riverine,20262810,isotropic,15125.0,128.07952937477776,252369,"veg_p05_temporal_mean residual (OLS, Stage 0)",pixel,1988-2022 (35 water years),20000.0,10000,gamma(h) = 0.5 * mean (z_i - z_j)^2 over pairs in the lag bin
riverine,20262810,isotropic,15375.0,126.64388134800535,256542,"veg_p05_temporal_mean residual (OLS, Stage 0)",pixel,1988-2022 (35 water years),20000.0,10000,gamma(h) = 0.5 * mean (z_i - z_j)^2 over pairs in the lag bin
riverine,20262810,isotropic,15625.0,123.65646220552674,262728,"veg_p05_temporal_mean residual (OLS, Stage 0)",pixel,1988-2022 (35 water years),20000.0,10000,gamma(h) = 0.5 * mean (z_i - z_j)^2 over pairs in the lag bin
riverine,20262810,isotropic,15875.0,122.42546540337945,267999,"veg_p05_temporal_mean residual (OLS, Stage 0)",pixel,1988-2022 (35 water years),20000.0,10000,gamma(h) = 0.5 * mean (z_i - z_j)^2 over pairs in the lag bin
riverine,20262810,isotropic,16125.0,120.35082160641647,271873,"veg_p05_temporal_mean residual (OLS, Stage 0)",pixel,1988-2022 (35 water years),20000.0,10000,gamma(h) = 0.5 * mean (z_i - z_j)^2 over pairs in the lag bin
riverine,20262810,isotropic,16375.0,121.8982016154346,277229,"veg_p05_temporal_mean residual (OLS, Stage 0)",pixel,1988-2022 (35 water years),20000.0,10000,gamma(h) = 0.5 * mean (z_i - z_j)^2 over pairs in the lag bin
riverine,20262810,isotropic,16625.0,122.49430816416755,280867,"veg_p05_temporal_mean residual (OLS, Stage 0)",pixel,1988-2022 (35 water years),20000.0,10000,gamma(h) = 0.5 * mean (z_i - z_j)^2 over pairs in the lag bin
riverine,20262810,isotropic,16875.0,121.4982760389907,282579,"veg_p05_temporal_mean residual (OLS, Stage 0)",pixel,1988-2022 (35 water years),20000.0,10000,gamma(h) = 0.5 * mean (z_i - z_j)^2 over pairs in the lag bin
riverine,20262810,isotropic,17125.0,121.40965486229794,288392,"veg_p05_temporal_mean residual (OLS, Stage 0)",pixel,1988-2022 (35 water years),20000.0,10000,gamma(h) = 0.5 * mean (z_i - z_j)^2 over pairs in the lag bin
riverine,20262810,isotropic,17375.0,120.05284990495379,295044,"veg_p05_temporal_mean residual (OLS, Stage 0)",pixel,1988-2022 (35 water years),20000.0,10000,gamma(h) = 0.5 * mean (z_i - z_j)^2 over pairs in the lag bin
riverine,20262810,isotropic,17625.0,123.00699107555614,302929,"veg_p05_temporal_mean residual (OLS, Stage 0)",pixel,1988-2022 (35 water years),20000.0,10000,gamma(h) = 0.5 * mean (z_i - z_j)^2 over pairs in the lag bin
riverine,20262810,isotropic,17875.0,125.8662502055348,312605,"veg_p05_temporal_mean residual (OLS, Stage 0)",pixel,1988-2022 (35 water years),20000.0,10000,gamma(h) = 0.5 * mean (z_i - z_j)^2 over pairs in the lag bin
riverine,20262810,isotropic,18125.0,123.2882437746349,320105,"veg_p05_temporal_mean residual (OLS, Stage 0)",pixel,1988-2022 (35 water years),20000.0,10000,gamma(h) = 0.5 * mean (z_i - z_j)^2 over pairs in the lag bin
riverine,20262810,isotropic,18375.0,122.29795983917953,328101,"veg_p05_temporal_mean residual (OLS, Stage 0)",pixel,1988-2022 (35 water years),20000.0,10000,gamma(h) = 0.5 * mean (z_i - z_j)^2 over pairs in the lag bin
riverine,20262810,isotropic,18625.0,123.54711314672183,334977,"veg_p05_temporal_mean residual (OLS, Stage 0)",pixel,1988-2022 (35 water years),20000.0,10000,gamma(h) = 0.5 * mean (z_i - z_j)^2 over pairs in the lag bin
riverine,20262810,isotropic,18875.0,129.467411581352,337884,"veg_p05_temporal_mean residual (OLS, Stage 0)",pixel,1988-2022 (35 water years),20000.0,10000,gamma(h) = 0.5 * mean (z_i - z_j)^2 over pairs in the lag bin
riverine,20262810,isotropic,19125.0,133.17998940228406,335859,"veg_p05_temporal_mean residual (OLS, Stage 0)",pixel,1988-2022 (35 water years),20000.0,10000,gamma(h) = 0.5 * mean (z_i - z_j)^2 over pairs in the lag bin
riverine,20262810,isotropic,19375.0,136.45587110325334,335246,"veg_p05_temporal_mean residual (OLS, Stage 0)",pixel,1988-2022 (35 water years),20000.0,10000,gamma(h) = 0.5 * mean (z_i - z_j)^2 over pairs in the lag bin
riverine,20262810,isotropic,19625.0,135.8223450376836,336417,"veg_p05_temporal_mean residual (OLS, Stage 0)",pixel,1988-2022 (35 water years),20000.0,10000,gamma(h) = 0.5 * mean (z_i - z_j)^2 over pairs in the lag bin
riverine,20262810,isotropic,19875.0,137.36029590917997,335653,"veg_p05_temporal_mean residual (OLS, Stage 0)",pixel,1988-2022 (35 water years),20000.0,10000,gamma(h) = 0.5 * mean (z_i - z_j)^2 over pairs in the lag bin
riverine,20263810,isotropic,125.0,42.99916592519336,65575,"veg_p05_temporal_mean residual (OLS, Stage 0)",pixel,1988-2022 (35 water years),20000.0,10000,gamma(h) = 0.5 * mean (z_i - z_j)^2 over pairs in the lag bin
riverine,20263810,isotropic,375.0,68.72849576651778,159825,"veg_p05_temporal_mean residual (OLS, Stage 0)",pixel,1988-2022 (35 water years),20000.0,10000,gamma(h) = 0.5 * mean (z_i - z_j)^2 over pairs in the lag bin
riverine,20263810,isotropic,625.0,85.59445772029194,229120,"veg_p05_temporal_mean residual (OLS, Stage 0)",pixel,1988-2022 (35 water years),20000.0,10000,gamma(h) = 0.5 * mean (z_i - z_j)^2 over pairs in the lag bin
riverine,20263810,isotropic,875.0,96.56042601304584,277864,"veg_p05_temporal_mean residual (OLS, Stage 0)",pixel,1988-2022 (35 water years),20000.0,10000,gamma(h) = 0.5 * mean (z_i - z_j)^2 over pairs in the lag bin
riverine,20263810,isotropic,1125.0,106.95265760144095,316626,"veg_p05_temporal_mean residual (OLS, Stage 0)",pixel,1988-2022 (35 water years),20000.0,10000,gamma(h) = 0.5 * mean (z_i - z_j)^2 over pairs in the lag bin
riverine,20263810,isotropic,1375.0,113.63555107240292,349542,"veg_p05_temporal_mean residual (OLS, Stage 0)",pixel,1988-2022 (35 water years),20000.0,10000,gamma(h) = 0.5 * mean (z_i - z_j)^2 over pairs in the lag bin
riverine,20263810,isotropic,1625.0,118.6984740055886,379941,"veg_p05_temporal_mean residual (OLS, Stage 0)",pixel,1988-2022 (35 water years),20000.0,10000,gamma(h) = 0.5 * mean (z_i - z_j)^2 over pairs in the lag bin
riverine,20263810,isotropic,1875.0,125.49713785548802,401222,"veg_p05_temporal_mean residual (OLS, Stage 0)",pixel,1988-2022 (35 water years),20000.0,10000,gamma(h) = 0.5 * mean (z_i - z_j)^2 over pairs in the lag bin
riverine,20263810,isotropic,2125.0,131.06969208395924,413415,"veg_p05_temporal_mean residual (OLS, Stage 0)",pixel,1988-2022 (35 water years),20000.0,10000,gamma(h) = 0.5 * mean (z_i - z_j)^2 over pairs in the lag bin
riverine,20263810,isotropic,2375.0,136.36906141818307,421741,"veg_p05_temporal_mean residual (OLS, Stage 0)",pixel,1988-2022 (35 water years),20000.0,10000,gamma(h) = 0.5 * mean (z_i - z_j)^2 over pairs in the lag bin
riverine,20263810,isotropic,2625.0,142.31745064957818,431999,"veg_p05_temporal_mean residual (OLS, Stage 0)",pixel,1988-2022 (35 water years),20000.0,10000,gamma(h) = 0.5 * mean (z_i - z_j)^2 over pairs in the lag bin
riverine,20263810,isotropic,2875.0,147.09078402878356,437084,"veg_p05_temporal_mean residual (OLS, Stage 0)",pixel,1988-2022 (35 water years),20000.0,10000,gamma(h) = 0.5 * mean (z_i - z_j)^2 over pairs in the lag bin
riverine,20263810,isotropic,3125.0,151.47393171024626,440729,"veg_p05_temporal_mean residual (OLS, Stage 0)",pixel,1988-2022 (35 water years),20000.0,10000,gamma(h) = 0.5 * mean (z_i - z_j)^2 over pairs in the lag bin
riverine,20263810,isotropic,3375.0,155.23358306317752,437839,"veg_p05_temporal_mean residual (OLS, Stage 0)",pixel,1988-2022 (35 water years),20000.0,10000,gamma(h) = 0.5 * mean (z_i - z_j)^2 over pairs in the lag bin
riverine,20263810,isotropic,3625.0,158.533178514054,429742,"veg_p05_temporal_mean residual (OLS, Stage 0)",pixel,1988-2022 (35 water years),20000.0,10000,gamma(h) = 0.5 * mean (z_i - z_j)^2 over pairs in the lag bin
riverine,20263810,isotropic,3875.0,161.41446278205547,427027,"veg_p05_temporal_mean residual (OLS, Stage 0)",pixel,1988-2022 (35 water years),20000.0,10000,gamma(h) = 0.5 * mean (z_i - z_j)^2 over pairs in the lag bin
riverine,20263810,isotropic,4125.0,163.79990057939307,422899,"veg_p05_temporal_mean residual (OLS, Stage 0)",pixel,1988-2022 (35 water years),20000.0,10000,gamma(h) = 0.5 * mean (z_i - z_j)^2 over pairs in the lag bin
riverine,20263810,isotropic,4375.0,166.25880512591658,419144,"veg_p05_temporal_mean residual (OLS, Stage 0)",pixel,1988-2022 (35 water years),20000.0,10000,gamma(h) = 0.5 * mean (z_i - z_j)^2 over pairs in the lag bin
riverine,20263810,isotropic,4625.0,168.73591421301956,419563,"veg_p05_temporal_mean residual (OLS, Stage 0)",pixel,1988-2022 (35 water years),20000.0,10000,gamma(h) = 0.5 * mean (z_i - z_j)^2 over pairs in the lag bin
riverine,20263810,isotropic,4875.0,171.0526216879591,417691,"veg_p05_temporal_mean residual (OLS, Stage 0)",pixel,1988-2022 (35 water years),20000.0,10000,gamma(h) = 0.5 * mean (z_i - z_j)^2 over pairs in the lag bin
riverine,20263810,isotropic,5125.0,172.09175899425318,420222,"veg_p05_temporal_mean residual (OLS, Stage 0)",pixel,1988-2022 (35 water years),20000.0,10000,gamma(h) = 0.5 * mean (z_i - z_j)^2 over pairs in the lag bin
riverine,20263810,isotropic,5375.0,170.55494636246462,423255,"veg_p05_temporal_mean residual (OLS, Stage 0)",pixel,1988-2022 (35 water years),20000.0,10000,gamma(h) = 0.5 * mean (z_i - z_j)^2 over pairs in the lag bin
riverine,20263810,isotropic,5625.0,168.5624284898913,428865,"veg_p05_temporal_mean residual (OLS, Stage 0)",pixel,1988-2022 (35 water years),20000.0,10000,gamma(h) = 0.5 * mean (z_i - z_j)^2 over pairs in the lag bin
riverine,20263810,isotropic,5875.0,168.84052681882514,436645,"veg_p05_temporal_mean residual (OLS, Stage 0)",pixel,1988-2022 (35 water years),20000.0,10000,gamma(h) = 0.5 * mean (z_i - z_j)^2 over pairs in the lag bin
riverine,20263810,isotropic,6125.0,168.31227492024962,434745,"veg_p05_temporal_mean residual (OLS, Stage 0)",pixel,1988-2022 (35 water years),20000.0,10000,gamma(h) = 0.5 * mean (z_i - z_j)^2 over pairs in the lag bin
riverine,20263810,isotropic,6375.0,166.47411005249384,429841,"veg_p05_temporal_mean residual (OLS, Stage 0)",pixel,1988-2022 (35 water years),20000.0,10000,gamma(h) = 0.5 * mean (z_i - z_j)^2 over pairs in the lag bin
riverine,20263810,isotropic,6625.0,164.26720121471595,421145,"veg_p05_temporal_mean residual (OLS, Stage 0)",pixel,1988-2022 (35 water years),20000.0,10000,gamma(h) = 0.5 * mean (z_i - z_j)^2 over pairs in the lag bin
riverine,20263810,isotropic,6875.0,162.92501097045007,410239,"veg_p05_temporal_mean residual (OLS, Stage 0)",pixel,1988-2022 (35 water years),20000.0,10000,gamma(h) = 0.5 * mean (z_i - z_j)^2 over pairs in the lag bin
riverine,20263810,isotropic,7125.0,161.56788204138056,398417,"veg_p05_temporal_mean residual (OLS, Stage 0)",pixel,1988-2022 (35 water years),20000.0,10000,gamma(h) = 0.5 * mean (z_i - z_j)^2 over pairs in the lag bin
riverine,20263810,isotropic,7375.0,160.07274824969028,388532,"veg_p05_temporal_mean residual (OLS, Stage 0)",pixel,1988-2022 (35 water years),20000.0,10000,gamma(h) = 0.5 * mean (z_i - z_j)^2 over pairs in the lag bin
riverine,20263810,isotropic,7625.0,159.33011675101505,381507,"veg_p05_temporal_mean residual (OLS, Stage 0)",pixel,1988-2022 (35 water years),20000.0,10000,gamma(h) = 0.5 * mean (z_i - z_j)^2 over pairs in the lag bin
riverine,20263810,isotropic,7875.0,157.51503971433547,375356,"veg_p05_temporal_mean residual (OLS, Stage 0)",pixel,1988-2022 (35 water years),20000.0,10000,gamma(h) = 0.5 * mean (z_i - z_j)^2 over pairs in the lag bin
riverine,20263810,isotropic,8125.0,155.28203209062258,367491,"veg_p05_temporal_mean residual (OLS, Stage 0)",pixel,1988-2022 (35 water years),20000.0,10000,gamma(h) = 0.5 * mean (z_i - z_j)^2 over pairs in the lag bin
riverine,20263810,isotropic,8375.0,150.92311946834204,358848,"veg_p05_temporal_mean residual (OLS, Stage 0)",pixel,1988-2022 (35 water years),20000.0,10000,gamma(h) = 0.5 * mean (z_i - z_j)^2 over pairs in the lag bin
riverine,20263810,isotropic,8625.0,148.23431144255127,345189,"veg_p05_temporal_mean residual (OLS, Stage 0)",pixel,1988-2022 (35 water years),20000.0,10000,gamma(h) = 0.5 * mean (z_i - z_j)^2 over pairs in the lag bin
riverine,20263810,isotropic,8875.0,145.83569114690678,331050,"veg_p05_temporal_mean residual (OLS, Stage 0)",pixel,1988-2022 (35 water years),20000.0,10000,gamma(h) = 0.5 * mean (z_i - z_j)^2 over pairs in the lag bin
riverine,20263810,isotropic,9125.0,145.26116920839937,315569,"veg_p05_temporal_mean residual (OLS, Stage 0)",pixel,1988-2022 (35 water years),20000.0,10000,gamma(h) = 0.5 * mean (z_i - z_j)^2 over pairs in the lag bin
riverine,20263810,isotropic,9375.0,147.7081652531458,302861,"veg_p05_temporal_mean residual (OLS, Stage 0)",pixel,1988-2022 (35 water years),20000.0,10000,gamma(h) = 0.5 * mean (z_i - z_j)^2 over pairs in the lag bin
riverine,20263810,isotropic,9625.0,150.2172780888414,288871,"veg_p05_temporal_mean residual (OLS, Stage 0)",pixel,1988-2022 (35 water years),20000.0,10000,gamma(h) = 0.5 * mean (z_i - z_j)^2 over pairs in the lag bin
riverine,20263810,isotropic,9875.0,152.1541745507938,285486,"veg_p05_temporal_mean residual (OLS, Stage 0)",pixel,1988-2022 (35 water years),20000.0,10000,gamma(h) = 0.5 * mean (z_i - z_j)^2 over pairs in the lag bin
riverine,20263810,isotropic,10125.0,152.56477426455046,281026,"veg_p05_temporal_mean residual (OLS, Stage 0)",pixel,1988-2022 (35 water years),20000.0,10000,gamma(h) = 0.5 * mean (z_i - z_j)^2 over pairs in the lag bin
riverine,20263810,isotropic,10375.0,149.2728665227906,274615,"veg_p05_temporal_mean residual (OLS, Stage 0)",pixel,1988-2022 (35 water years),20000.0,10000,gamma(h) = 0.5 * mean (z_i - z_j)^2 over pairs in the lag bin
riverine,20263810,isotropic,10625.0,146.54642182800293,271576,"veg_p05_temporal_mean residual (OLS, Stage 0)",pixel,1988-2022 (35 water years),20000.0,10000,gamma(h) = 0.5 * mean (z_i - z_j)^2 over pairs in the lag bin
riverine,20263810,isotropic,10875.0,143.7952305116417,266571,"veg_p05_temporal_mean residual (OLS, Stage 0)",pixel,1988-2022 (35 water years),20000.0,10000,gamma(h) = 0.5 * mean (z_i - z_j)^2 over pairs in the lag bin
riverine,20263810,isotropic,11125.0,145.20353571321508,262225,"veg_p05_temporal_mean residual (OLS, Stage 0)",pixel,1988-2022 (35 water years),20000.0,10000,gamma(h) = 0.5 * mean (z_i - z_j)^2 over pairs in the lag bin
riverine,20263810,isotropic,11375.0,147.06076965918723,256561,"veg_p05_temporal_mean residual (OLS, Stage 0)",pixel,1988-2022 (35 water years),20000.0,10000,gamma(h) = 0.5 * mean (z_i - z_j)^2 over pairs in the lag bin
riverine,20263810,isotropic,11625.0,149.73511424539225,249765,"veg_p05_temporal_mean residual (OLS, Stage 0)",pixel,1988-2022 (35 water years),20000.0,10000,gamma(h) = 0.5 * mean (z_i - z_j)^2 over pairs in the lag bin
riverine,20263810,isotropic,11875.0,147.8491747871058,247389,"veg_p05_temporal_mean residual (OLS, Stage 0)",pixel,1988-2022 (35 water years),20000.0,10000,gamma(h) = 0.5 * mean (z_i - z_j)^2 over pairs in the lag bin
riverine,20263810,isotropic,12125.0,146.18071263032806,249906,"veg_p05_temporal_mean residual (OLS, Stage 0)",pixel,1988-2022 (35 water years),20000.0,10000,gamma(h) = 0.5 * mean (z_i - z_j)^2 over pairs in the lag bin
riverine,20263810,isotropic,12375.0,143.37814265005437,251106,"veg_p05_temporal_mean residual (OLS, Stage 0)",pixel,1988-2022 (35 water years),20000.0,10000,gamma(h) = 0.5 * mean (z_i - z_j)^2 over pairs in the lag bin
riverine,20263810,isotropic,12625.0,142.90150609064884,257663,"veg_p05_temporal_mean residual (OLS, Stage 0)",pixel,1988-2022 (35 water years),20000.0,10000,gamma(h) = 0.5 * mean (z_i - z_j)^2 over pairs in the lag bin
riverine,20263810,isotropic,12875.0,143.66281049901085,260487,"veg_p05_temporal_mean residual (OLS, Stage 0)",pixel,1988-2022 (35 water years),20000.0,10000,gamma(h) = 0.5 * mean (z_i - z_j)^2 over pairs in the lag bin
riverine,20263810,isotropic,13125.0,144.00462924421961,260500,"veg_p05_temporal_mean residual (OLS, Stage 0)",pixel,1988-2022 (35 water years),20000.0,10000,gamma(h) = 0.5 * mean (z_i - z_j)^2 over pairs in the lag bin
riverine,20263810,isotropic,13375.0,141.49854568068113,261359,"veg_p05_temporal_mean residual (OLS, Stage 0)",pixel,1988-2022 (35 water years),20000.0,10000,gamma(h) = 0.5 * mean (z_i - z_j)^2 over pairs in the lag bin
riverine,20263810,isotropic,13625.0,137.38716940652776,256485,"veg_p05_temporal_mean residual (OLS, Stage 0)",pixel,1988-2022 (35 water years),20000.0,10000,gamma(h) = 0.5 * mean (z_i - z_j)^2 over pairs in the lag bin
riverine,20263810,isotropic,13875.0,131.93498965654493,251414,"veg_p05_temporal_mean residual (OLS, Stage 0)",pixel,1988-2022 (35 water years),20000.0,10000,gamma(h) = 0.5 * mean (z_i - z_j)^2 over pairs in the lag bin
riverine,20263810,isotropic,14125.0,126.60572774780151,250158,"veg_p05_temporal_mean residual (OLS, Stage 0)",pixel,1988-2022 (35 water years),20000.0,10000,gamma(h) = 0.5 * mean (z_i - z_j)^2 over pairs in the lag bin
riverine,20263810,isotropic,14375.0,124.42497211048958,251699,"veg_p05_temporal_mean residual (OLS, Stage 0)",pixel,1988-2022 (35 water years),20000.0,10000,gamma(h) = 0.5 * mean (z_i - z_j)^2 over pairs in the lag bin
riverine,20263810,isotropic,14625.0,125.7887941912166,245517,"veg_p05_temporal_mean residual (OLS, Stage 0)",pixel,1988-2022 (35 water years),20000.0,10000,gamma(h) = 0.5 * mean (z_i - z_j)^2 over pairs in the lag bin
riverine,20263810,isotropic,14875.0,128.07335235258932,246837,"veg_p05_temporal_mean residual (OLS, Stage 0)",pixel,1988-2022 (35 water years),20000.0,10000,gamma(h) = 0.5 * mean (z_i - z_j)^2 over pairs in the lag bin
riverine,20263810,isotropic,15125.0,129.65524947037196,250529,"veg_p05_temporal_mean residual (OLS, Stage 0)",pixel,1988-2022 (35 water years),20000.0,10000,gamma(h) = 0.5 * mean (z_i - z_j)^2 over pairs in the lag bin
riverine,20263810,isotropic,15375.0,127.62025400544374,254892,"veg_p05_temporal_mean residual (OLS, Stage 0)",pixel,1988-2022 (35 water years),20000.0,10000,gamma(h) = 0.5 * mean (z_i - z_j)^2 over pairs in the lag bin
riverine,20263810,isotropic,15625.0,126.16200047382006,257668,"veg_p05_temporal_mean residual (OLS, Stage 0)",pixel,1988-2022 (35 water years),20000.0,10000,gamma(h) = 0.5 * mean (z_i - z_j)^2 over pairs in the lag bin
riverine,20263810,isotropic,15875.0,125.66176594315888,264032,"veg_p05_temporal_mean residual (OLS, Stage 0)",pixel,1988-2022 (35 water years),20000.0,10000,gamma(h) = 0.5 * mean (z_i - z_j)^2 over pairs in the lag bin
riverine,20263810,isotropic,16125.0,123.8340873776468,268772,"veg_p05_temporal_mean residual (OLS, Stage 0)",pixel,1988-2022 (35 water years),20000.0,10000,gamma(h) = 0.5 * mean (z_i - z_j)^2 over pairs in the lag bin
riverine,20263810,isotropic,16375.0,122.66164205897088,272128,"veg_p05_temporal_mean residual (OLS, Stage 0)",pixel,1988-2022 (35 water years),20000.0,10000,gamma(h) = 0.5 * mean (z_i - z_j)^2 over pairs in the lag bin
riverine,20263810,isotropic,16625.0,122.40300146545158,274240,"veg_p05_temporal_mean residual (OLS, Stage 0)",pixel,1988-2022 (35 water years),20000.0,10000,gamma(h) = 0.5 * mean (z_i - z_j)^2 over pairs in the lag bin
riverine,20263810,isotropic,16875.0,122.42242152656655,274812,"veg_p05_temporal_mean residual (OLS, Stage 0)",pixel,1988-2022 (35 water years),20000.0,10000,gamma(h) = 0.5 * mean (z_i - z_j)^2 over pairs in the lag bin
riverine,20263810,isotropic,17125.0,121.10431238365697,279071,"veg_p05_temporal_mean residual (OLS, Stage 0)",pixel,1988-2022 (35 water years),20000.0,10000,gamma(h) = 0.5 * mean (z_i - z_j)^2 over pairs in the lag bin
riverine,20263810,isotropic,17375.0,121.39960909848024,286542,"veg_p05_temporal_mean residual (OLS, Stage 0)",pixel,1988-2022 (35 water years),20000.0,10000,gamma(h) = 0.5 * mean (z_i - z_j)^2 over pairs in the lag bin
riverine,20263810,isotropic,17625.0,121.86031355981378,293548,"veg_p05_temporal_mean residual (OLS, Stage 0)",pixel,1988-2022 (35 water years),20000.0,10000,gamma(h) = 0.5 * mean (z_i - z_j)^2 over pairs in the lag bin
riverine,20263810,isotropic,17875.0,123.57861415895188,303355,"veg_p05_temporal_mean residual (OLS, Stage 0)",pixel,1988-2022 (35 water years),20000.0,10000,gamma(h) = 0.5 * mean (z_i - z_j)^2 over pairs in the lag bin
riverine,20263810,isotropic,18125.0,123.94544624981513,310471,"veg_p05_temporal_mean residual (OLS, Stage 0)",pixel,1988-2022 (35 water years),20000.0,10000,gamma(h) = 0.5 * mean (z_i - z_j)^2 over pairs in the lag bin
riverine,20263810,isotropic,18375.0,122.04475867173872,318031,"veg_p05_temporal_mean residual (OLS, Stage 0)",pixel,1988-2022 (35 water years),20000.0,10000,gamma(h) = 0.5 * mean (z_i - z_j)^2 over pairs in the lag bin
riverine,20263810,isotropic,18625.0,124.65060811586453,326692,"veg_p05_temporal_mean residual (OLS, Stage 0)",pixel,1988-2022 (35 water years),20000.0,10000,gamma(h) = 0.5 * mean (z_i - z_j)^2 over pairs in the lag bin
riverine,20263810,isotropic,18875.0,130.3852436579354,333227,"veg_p05_temporal_mean residual (OLS, Stage 0)",pixel,1988-2022 (35 water years),20000.0,10000,gamma(h) = 0.5 * mean (z_i - z_j)^2 over pairs in the lag bin
riverine,20263810,isotropic,19125.0,135.13672900794452,333047,"veg_p05_temporal_mean residual (OLS, Stage 0)",pixel,1988-2022 (35 water years),20000.0,10000,gamma(h) = 0.5 * mean (z_i - z_j)^2 over pairs in the lag bin
riverine,20263810,isotropic,19375.0,138.3508044331931,332756,"veg_p05_temporal_mean residual (OLS, Stage 0)",pixel,1988-2022 (35 water years),20000.0,10000,gamma(h) = 0.5 * mean (z_i - z_j)^2 over pairs in the lag bin
riverine,20263810,isotropic,19625.0,135.87299463857573,334297,"veg_p05_temporal_mean residual (OLS, Stage 0)",pixel,1988-2022 (35 water years),20000.0,10000,gamma(h) = 0.5 * mean (z_i - z_j)^2 over pairs in the lag bin
riverine,20263810,isotropic,19875.0,135.75783877587716,331749,"veg_p05_temporal_mean residual (OLS, Stage 0)",pixel,1988-2022 (35 water years),20000.0,10000,gamma(h) = 0.5 * mean (z_i - z_j)^2 over pairs in the lag bin
riverine,20264810,isotropic,125.0,44.81397496671291,66070,"veg_p05_temporal_mean residual (OLS, Stage 0)",pixel,1988-2022 (35 water years),20000.0,10000,gamma(h) = 0.5 * mean (z_i - z_j)^2 over pairs in the lag bin
riverine,20264810,isotropic,375.0,69.26542683266484,160539,"veg_p05_temporal_mean residual (OLS, Stage 0)",pixel,1988-2022 (35 water years),20000.0,10000,gamma(h) = 0.5 * mean (z_i - z_j)^2 over pairs in the lag bin
riverine,20264810,isotropic,625.0,85.93497679977139,229098,"veg_p05_temporal_mean residual (OLS, Stage 0)",pixel,1988-2022 (35 water years),20000.0,10000,gamma(h) = 0.5 * mean (z_i - z_j)^2 over pairs in the lag bin
riverine,20264810,isotropic,875.0,97.98471848521024,277922,"veg_p05_temporal_mean residual (OLS, Stage 0)",pixel,1988-2022 (35 water years),20000.0,10000,gamma(h) = 0.5 * mean (z_i - z_j)^2 over pairs in the lag bin
riverine,20264810,isotropic,1125.0,106.25210507868859,314170,"veg_p05_temporal_mean residual (OLS, Stage 0)",pixel,1988-2022 (35 water years),20000.0,10000,gamma(h) = 0.5 * mean (z_i - z_j)^2 over pairs in the lag bin
riverine,20264810,isotropic,1375.0,113.4507265054853,345432,"veg_p05_temporal_mean residual (OLS, Stage 0)",pixel,1988-2022 (35 water years),20000.0,10000,gamma(h) = 0.5 * mean (z_i - z_j)^2 over pairs in the lag bin
riverine,20264810,isotropic,1625.0,118.53486256505853,370237,"veg_p05_temporal_mean residual (OLS, Stage 0)",pixel,1988-2022 (35 water years),20000.0,10000,gamma(h) = 0.5 * mean (z_i - z_j)^2 over pairs in the lag bin
riverine,20264810,isotropic,1875.0,121.99586034357904,388874,"veg_p05_temporal_mean residual (OLS, Stage 0)",pixel,1988-2022 (35 water years),20000.0,10000,gamma(h) = 0.5 * mean (z_i - z_j)^2 over pairs in the lag bin
riverine,20264810,isotropic,2125.0,126.39054424929995,401583,"veg_p05_temporal_mean residual (OLS, Stage 0)",pixel,1988-2022 (35 water years),20000.0,10000,gamma(h) = 0.5 * mean (z_i - z_j)^2 over pairs in the lag bin
riverine,20264810,isotropic,2375.0,134.00695243910693,411663,"veg_p05_temporal_mean residual (OLS, Stage 0)",pixel,1988-2022 (35 water years),20000.0,10000,gamma(h) = 0.5 * mean (z_i - z_j)^2 over pairs in the lag bin
riverine,20264810,isotropic,2625.0,140.73413105181558,426520,"veg_p05_temporal_mean residual (OLS, Stage 0)",pixel,1988-2022 (35 water years),20000.0,10000,gamma(h) = 0.5 * mean (z_i - z_j)^2 over pairs in the lag bin
riverine,20264810,isotropic,2875.0,144.6953038375202,434434,"veg_p05_temporal_mean residual (OLS, Stage 0)",pixel,1988-2022 (35 water years),20000.0,10000,gamma(h) = 0.5 * mean (z_i - z_j)^2 over pairs in the lag bin
riverine,20264810,isotropic,3125.0,147.78568269543538,441675,"veg_p05_temporal_mean residual (OLS, Stage 0)",pixel,1988-2022 (35 water years),20000.0,10000,gamma(h) = 0.5 * mean (z_i - z_j)^2 over pairs in the lag bin
riverine,20264810,isotropic,3375.0,151.67437947456494,439594,"veg_p05_temporal_mean residual (OLS, Stage 0)",pixel,1988-2022 (35 water years),20000.0,10000,gamma(h) = 0.5 * mean (z_i - z_j)^2 over pairs in the lag bin
riverine,20264810,isotropic,3625.0,155.40396715508652,431460,"veg_p05_temporal_mean residual (OLS, Stage 0)",pixel,1988-2022 (35 water years),20000.0,10000,gamma(h) = 0.5 * mean (z_i - z_j)^2 over pairs in the lag bin
riverine,20264810,isotropic,3875.0,157.70033584308203,432054,"veg_p05_temporal_mean residual (OLS, Stage 0)",pixel,1988-2022 (35 water years),20000.0,10000,gamma(h) = 0.5 * mean (z_i - z_j)^2 over pairs in the lag bin
riverine,20264810,isotropic,4125.0,160.16885252989812,431628,"veg_p05_temporal_mean residual (OLS, Stage 0)",pixel,1988-2022 (35 water years),20000.0,10000,gamma(h) = 0.5 * mean (z_i - z_j)^2 over pairs in the lag bin
riverine,20264810,isotropic,4375.0,164.52457377228134,429709,"veg_p05_temporal_mean residual (OLS, Stage 0)",pixel,1988-2022 (35 water years),20000.0,10000,gamma(h) = 0.5 * mean (z_i - z_j)^2 over pairs in the lag bin
riverine,20264810,isotropic,4625.0,167.61224172235836,429493,"veg_p05_temporal_mean residual (OLS, Stage 0)",pixel,1988-2022 (35 water years),20000.0,10000,gamma(h) = 0.5 * mean (z_i - z_j)^2 over pairs in the lag bin
riverine,20264810,isotropic,4875.0,168.96649637362805,425643,"veg_p05_temporal_mean residual (OLS, Stage 0)",pixel,1988-2022 (35 water years),20000.0,10000,gamma(h) = 0.5 * mean (z_i - z_j)^2 over pairs in the lag bin
riverine,20264810,isotropic,5125.0,171.01428247824805,428519,"veg_p05_temporal_mean residual (OLS, Stage 0)",pixel,1988-2022 (35 water years),20000.0,10000,gamma(h) = 0.5 * mean (z_i - z_j)^2 over pairs in the lag bin
riverine,20264810,isotropic,5375.0,171.64108798903268,434372,"veg_p05_temporal_mean residual (OLS, Stage 0)",pixel,1988-2022 (35 water years),20000.0,10000,gamma(h) = 0.5 * mean (z_i - z_j)^2 over pairs in the lag bin
riverine,20264810,isotropic,5625.0,172.35010249854605,438672,"veg_p05_temporal_mean residual (OLS, Stage 0)",pixel,1988-2022 (35 water years),20000.0,10000,gamma(h) = 0.5 * mean (z_i - z_j)^2 over pairs in the lag bin
riverine,20264810,isotropic,5875.0,172.13696654692708,443403,"veg_p05_temporal_mean residual (OLS, Stage 0)",pixel,1988-2022 (35 water years),20000.0,10000,gamma(h) = 0.5 * mean (z_i - z_j)^2 over pairs in the lag bin
riverine,20264810,isotropic,6125.0,173.04202490826057,438743,"veg_p05_temporal_mean residual (OLS, Stage 0)",pixel,1988-2022 (35 water years),20000.0,10000,gamma(h) = 0.5 * mean (z_i - z_j)^2 over pairs in the lag bin
riverine,20264810,isotropic,6375.0,171.5060582891667,431387,"veg_p05_temporal_mean residual (OLS, Stage 0)",pixel,1988-2022 (35 water years),20000.0,10000,gamma(h) = 0.5 * mean (z_i - z_j)^2 over pairs in the lag bin
riverine,20264810,isotropic,6625.0,167.54309757115445,419776,"veg_p05_temporal_mean residual (OLS, Stage 0)",pixel,1988-2022 (35 water years),20000.0,10000,gamma(h) = 0.5 * mean (z_i - z_j)^2 over pairs in the lag bin
riverine,20264810,isotropic,6875.0,166.0025430591401,407324,"veg_p05_temporal_mean residual (OLS, Stage 0)",pixel,1988-2022 (35 water years),20000.0,10000,gamma(h) = 0.5 * mean (z_i - z_j)^2 over pairs in the lag bin
riverine,20264810,isotropic,7125.0,165.3309328184563,402065,"veg_p05_temporal_mean residual (OLS, Stage 0)",pixel,1988-2022 (35 water years),20000.0,10000,gamma(h) = 0.5 * mean (z_i - z_j)^2 over pairs in the lag bin
riverine,20264810,isotropic,7375.0,164.33002810151544,388951,"veg_p05_temporal_mean residual (OLS, Stage 0)",pixel,1988-2022 (35 water years),20000.0,10000,gamma(h) = 0.5 * mean (z_i - z_j)^2 over pairs in the lag bin
riverine,20264810,isotropic,7625.0,162.1491969450048,381776,"veg_p05_temporal_mean residual (OLS, Stage 0)",pixel,1988-2022 (35 water years),20000.0,10000,gamma(h) = 0.5 * mean (z_i - z_j)^2 over pairs in the lag bin
riverine,20264810,isotropic,7875.0,159.2506088641968,378432,"veg_p05_temporal_mean residual (OLS, Stage 0)",pixel,1988-2022 (35 water years),20000.0,10000,gamma(h) = 0.5 * mean (z_i - z_j)^2 over pairs in the lag bin
riverine,20264810,isotropic,8125.0,156.7761799152713,372793,"veg_p05_temporal_mean residual (OLS, Stage 0)",pixel,1988-2022 (35 water years),20000.0,10000,gamma(h) = 0.5 * mean (z_i - z_j)^2 over pairs in the lag bin
riverine,20264810,isotropic,8375.0,152.34294391044656,365623,"veg_p05_temporal_mean residual (OLS, Stage 0)",pixel,1988-2022 (35 water years),20000.0,10000,gamma(h) = 0.5 * mean (z_i - z_j)^2 over pairs in the lag bin
riverine,20264810,isotropic,8625.0,149.39421621914437,356099,"veg_p05_temporal_mean residual (OLS, Stage 0)",pixel,1988-2022 (35 water years),20000.0,10000,gamma(h) = 0.5 * mean (z_i - z_j)^2 over pairs in the lag bin
riverine,20264810,isotropic,8875.0,146.67177727315578,339125,"veg_p05_temporal_mean residual (OLS, Stage 0)",pixel,1988-2022 (35 water years),20000.0,10000,gamma(h) = 0.5 * mean (z_i - z_j)^2 over pairs in the lag bin
riverine,20264810,isotropic,9125.0,147.20687184227984,324901,"veg_p05_temporal_mean residual (OLS, Stage 0)",pixel,1988-2022 (35 water years),20000.0,10000,gamma(h) = 0.5 * mean (z_i - z_j)^2 over pairs in the lag bin
riverine,20264810,isotropic,9375.0,149.24390966568538,308133,"veg_p05_temporal_mean residual (OLS, Stage 0)",pixel,1988-2022 (35 water years),20000.0,10000,gamma(h) = 0.5 * mean (z_i - z_j)^2 over pairs in the lag bin
riverine,20264810,isotropic,9625.0,152.7745520167489,296543,"veg_p05_temporal_mean residual (OLS, Stage 0)",pixel,1988-2022 (35 water years),20000.0,10000,gamma(h) = 0.5 * mean (z_i - z_j)^2 over pairs in the lag bin
riverine,20264810,isotropic,9875.0,152.59694472162542,292687,"veg_p05_temporal_mean residual (OLS, Stage 0)",pixel,1988-2022 (35 water years),20000.0,10000,gamma(h) = 0.5 * mean (z_i - z_j)^2 over pairs in the lag bin
riverine,20264810,isotropic,10125.0,150.44296740664842,286183,"veg_p05_temporal_mean residual (OLS, Stage 0)",pixel,1988-2022 (35 water years),20000.0,10000,gamma(h) = 0.5 * mean (z_i - z_j)^2 over pairs in the lag bin
riverine,20264810,isotropic,10375.0,146.70607098128784,281388,"veg_p05_temporal_mean residual (OLS, Stage 0)",pixel,1988-2022 (35 water years),20000.0,10000,gamma(h) = 0.5 * mean (z_i - z_j)^2 over pairs in the lag bin
riverine,20264810,isotropic,10625.0,144.74200377236858,276968,"veg_p05_temporal_mean residual (OLS, Stage 0)",pixel,1988-2022 (35 water years),20000.0,10000,gamma(h) = 0.5 * mean (z_i - z_j)^2 over pairs in the lag bin
riverine,20264810,isotropic,10875.0,145.01177985790108,273502,"veg_p05_temporal_mean residual (OLS, Stage 0)",pixel,1988-2022 (35 water years),20000.0,10000,gamma(h) = 0.5 * mean (z_i - z_j)^2 over pairs in the lag bin
riverine,20264810,isotropic,11125.0,147.74884897496628,269902,"veg_p05_temporal_mean residual (OLS, Stage 0)",pixel,1988-2022 (35 water years),20000.0,10000,gamma(h) = 0.5 * mean (z_i - z_j)^2 over pairs in the lag bin
riverine,20264810,isotropic,11375.0,149.62975044597525,264128,"veg_p05_temporal_mean residual (OLS, Stage 0)",pixel,1988-2022 (35 water years),20000.0,10000,gamma(h) = 0.5 * mean (z_i - z_j)^2 over pairs in the lag bin
riverine,20264810,isotropic,11625.0,153.3745585508864,256932,"veg_p05_temporal_mean residual (OLS, Stage 0)",pixel,1988-2022 (35 water years),20000.0,10000,gamma(h) = 0.5 * mean (z_i - z_j)^2 over pairs in the lag bin
riverine,20264810,isotropic,11875.0,151.19128288102414,256353,"veg_p05_temporal_mean residual (OLS, Stage 0)",pixel,1988-2022 (35 water years),20000.0,10000,gamma(h) = 0.5 * mean (z_i - z_j)^2 over pairs in the lag bin
riverine,20264810,isotropic,12125.0,149.23323133222726,257772,"veg_p05_temporal_mean residual (OLS, Stage 0)",pixel,1988-2022 (35 water years),20000.0,10000,gamma(h) = 0.5 * mean (z_i - z_j)^2 over pairs in the lag bin
riverine,20264810,isotropic,12375.0,145.95845925822042,260126,"veg_p05_temporal_mean residual (OLS, Stage 0)",pixel,1988-2022 (35 water years),20000.0,10000,gamma(h) = 0.5 * mean (z_i - z_j)^2 over pairs in the lag bin
riverine,20264810,isotropic,12625.0,142.92852068454474,262839,"veg_p05_temporal_mean residual (OLS, Stage 0)",pixel,1988-2022 (35 water years),20000.0,10000,gamma(h) = 0.5 * mean (z_i - z_j)^2 over pairs in the lag bin
riverine,20264810,isotropic,12875.0,142.6129898641141,262676,"veg_p05_temporal_mean residual (OLS, Stage 0)",pixel,1988-2022 (35 water years),20000.0,10000,gamma(h) = 0.5 * mean (z_i - z_j)^2 over pairs in the lag bin
riverine,20264810,isotropic,13125.0,142.50632335615472,262841,"veg_p05_temporal_mean residual (OLS, Stage 0)",pixel,1988-2022 (35 water years),20000.0,10000,gamma(h) = 0.5 * mean (z_i - z_j)^2 over pairs in the lag bin
riverine,20264810,isotropic,13375.0,138.9443065662214,261750,"veg_p05_temporal_mean residual (OLS, Stage 0)",pixel,1988-2022 (35 water years),20000.0,10000,gamma(h) = 0.5 * mean (z_i - z_j)^2 over pairs in the lag bin
riverine,20264810,isotropic,13625.0,134.63265353148185,260003,"veg_p05_temporal_mean residual (OLS, Stage 0)",pixel,1988-2022 (35 water years),20000.0,10000,gamma(h) = 0.5 * mean (z_i - z_j)^2 over pairs in the lag bin
riverine,20264810,isotropic,13875.0,130.1833332658558,255747,"veg_p05_temporal_mean residual (OLS, Stage 0)",pixel,1988-2022 (35 water years),20000.0,10000,gamma(h) = 0.5 * mean (z_i - z_j)^2 over pairs in the lag bin
riverine,20264810,isotropic,14125.0,126.97068233756657,252120,"veg_p05_temporal_mean residual (OLS, Stage 0)",pixel,1988-2022 (35 water years),20000.0,10000,gamma(h) = 0.5 * mean (z_i - z_j)^2 over pairs in the lag bin
riverine,20264810,isotropic,14375.0,125.07732301553551,250448,"veg_p05_temporal_mean residual (OLS, Stage 0)",pixel,1988-2022 (35 water years),20000.0,10000,gamma(h) = 0.5 * mean (z_i - z_j)^2 over pairs in the lag bin
riverine,20264810,isotropic,14625.0,124.88410136129778,245366,"veg_p05_temporal_mean residual (OLS, Stage 0)",pixel,1988-2022 (35 water years),20000.0,10000,gamma(h) = 0.5 * mean (z_i - z_j)^2 over pairs in the lag bin
riverine,20264810,isotropic,14875.0,126.61599046053996,246708,"veg_p05_temporal_mean residual (OLS, Stage 0)",pixel,1988-2022 (35 water years),20000.0,10000,gamma(h) = 0.5 * mean (z_i - z_j)^2 over pairs in the lag bin
riverine,20264810,isotropic,15125.0,126.81057819245127,249329,"veg_p05_temporal_mean residual (OLS, Stage 0)",pixel,1988-2022 (35 water years),20000.0,10000,gamma(h) = 0.5 * mean (z_i - z_j)^2 over pairs in the lag bin
riverine,20264810,isotropic,15375.0,125.2867872873738,249907,"veg_p05_temporal_mean residual (OLS, Stage 0)",pixel,1988-2022 (35 water years),20000.0,10000,gamma(h) = 0.5 * mean (z_i - z_j)^2 over pairs in the lag bin
riverine,20264810,isotropic,15625.0,124.48349227920309,253328,"veg_p05_temporal_mean residual (OLS, Stage 0)",pixel,1988-2022 (35 water years),20000.0,10000,gamma(h) = 0.5 * mean (z_i - z_j)^2 over pairs in the lag bin
riverine,20264810,isotropic,15875.0,124.6375972671854,258138,"veg_p05_temporal_mean residual (OLS, Stage 0)",pixel,1988-2022 (35 water years),20000.0,10000,gamma(h) = 0.5 * mean (z_i - z_j)^2 over pairs in the lag bin
riverine,20264810,isotropic,16125.0,124.55863057733585,264115,"veg_p05_temporal_mean residual (OLS, Stage 0)",pixel,1988-2022 (35 water years),20000.0,10000,gamma(h) = 0.5 * mean (z_i - z_j)^2 over pairs in the lag bin
riverine,20264810,isotropic,16375.0,126.89944962981798,272106,"veg_p05_temporal_mean residual (OLS, Stage 0)",pixel,1988-2022 (35 water years),20000.0,10000,gamma(h) = 0.5 * mean (z_i - z_j)^2 over pairs in the lag bin
riverine,20264810,isotropic,16625.0,126.92303406655284,275325,"veg_p05_temporal_mean residual (OLS, Stage 0)",pixel,1988-2022 (35 water years),20000.0,10000,gamma(h) = 0.5 * mean (z_i - z_j)^2 over pairs in the lag bin
riverine,20264810,isotropic,16875.0,125.22402134531683,276255,"veg_p05_temporal_mean residual (OLS, Stage 0)",pixel,1988-2022 (35 water years),20000.0,10000,gamma(h) = 0.5 * mean (z_i - z_j)^2 over pairs in the lag bin
riverine,20264810,isotropic,17125.0,124.81773664921495,283370,"veg_p05_temporal_mean residual (OLS, Stage 0)",pixel,1988-2022 (35 water years),20000.0,10000,gamma(h) = 0.5 * mean (z_i - z_j)^2 over pairs in the lag bin
riverine,20264810,isotropic,17375.0,124.88147372341207,288963,"veg_p05_temporal_mean residual (OLS, Stage 0)",pixel,1988-2022 (35 water years),20000.0,10000,gamma(h) = 0.5 * mean (z_i - z_j)^2 over pairs in the lag bin
riverine,20264810,isotropic,17625.0,124.13015715208336,295307,"veg_p05_temporal_mean residual (OLS, Stage 0)",pixel,1988-2022 (35 water years),20000.0,10000,gamma(h) = 0.5 * mean (z_i - z_j)^2 over pairs in the lag bin
riverine,20264810,isotropic,17875.0,125.05085828941456,306272,"veg_p05_temporal_mean residual (OLS, Stage 0)",pixel,1988-2022 (35 water years),20000.0,10000,gamma(h) = 0.5 * mean (z_i - z_j)^2 over pairs in the lag bin
riverine,20264810,isotropic,18125.0,124.95867398442827,310147,"veg_p05_temporal_mean residual (OLS, Stage 0)",pixel,1988-2022 (35 water years),20000.0,10000,gamma(h) = 0.5 * mean (z_i - z_j)^2 over pairs in the lag bin
riverine,20264810,isotropic,18375.0,122.48882443437597,317267,"veg_p05_temporal_mean residual (OLS, Stage 0)",pixel,1988-2022 (35 water years),20000.0,10000,gamma(h) = 0.5 * mean (z_i - z_j)^2 over pairs in the lag bin
riverine,20264810,isotropic,18625.0,127.21665960607278,323118,"veg_p05_temporal_mean residual (OLS, Stage 0)",pixel,1988-2022 (35 water years),20000.0,10000,gamma(h) = 0.5 * mean (z_i - z_j)^2 over pairs in the lag bin
riverine,20264810,isotropic,18875.0,132.22231144377506,328155,"veg_p05_temporal_mean residual (OLS, Stage 0)",pixel,1988-2022 (35 water years),20000.0,10000,gamma(h) = 0.5 * mean (z_i - z_j)^2 over pairs in the lag bin
riverine,20264810,isotropic,19125.0,137.5029983852735,327387,"veg_p05_temporal_mean residual (OLS, Stage 0)",pixel,1988-2022 (35 water years),20000.0,10000,gamma(h) = 0.5 * mean (z_i - z_j)^2 over pairs in the lag bin
riverine,20264810,isotropic,19375.0,138.85236883014622,327336,"veg_p05_temporal_mean residual (OLS, Stage 0)",pixel,1988-2022 (35 water years),20000.0,10000,gamma(h) = 0.5 * mean (z_i - z_j)^2 over pairs in the lag bin
riverine,20264810,isotropic,19625.0,138.20504635631056,327882,"veg_p05_temporal_mean residual (OLS, Stage 0)",pixel,1988-2022 (35 water years),20000.0,10000,gamma(h) = 0.5 * mean (z_i - z_j)^2 over pairs in the lag bin
riverine,20264810,isotropic,19875.0,136.26465567258424,329926,"veg_p05_temporal_mean residual (OLS, Stage 0)",pixel,1988-2022 (35 water years),20000.0,10000,gamma(h) = 0.5 * mean (z_i - z_j)^2 over pairs in the lag bin
riverine,20265810,isotropic,125.0,42.85800214234012,66502,"veg_p05_temporal_mean residual (OLS, Stage 0)",pixel,1988-2022 (35 water years),20000.0,10000,gamma(h) = 0.5 * mean (z_i - z_j)^2 over pairs in the lag bin
riverine,20265810,isotropic,375.0,69.02967943428229,162152,"veg_p05_temporal_mean residual (OLS, Stage 0)",pixel,1988-2022 (35 water years),20000.0,10000,gamma(h) = 0.5 * mean (z_i - z_j)^2 over pairs in the lag bin
riverine,20265810,isotropic,625.0,83.87444749662744,229722,"veg_p05_temporal_mean residual (OLS, Stage 0)",pixel,1988-2022 (35 water years),20000.0,10000,gamma(h) = 0.5 * mean (z_i - z_j)^2 over pairs in the lag bin
riverine,20265810,isotropic,875.0,94.29866192814025,277175,"veg_p05_temporal_mean residual (OLS, Stage 0)",pixel,1988-2022 (35 water years),20000.0,10000,gamma(h) = 0.5 * mean (z_i - z_j)^2 over pairs in the lag bin
riverine,20265810,isotropic,1125.0,103.44209819365102,316550,"veg_p05_temporal_mean residual (OLS, Stage 0)",pixel,1988-2022 (35 water years),20000.0,10000,gamma(h) = 0.5 * mean (z_i - z_j)^2 over pairs in the lag bin
riverine,20265810,isotropic,1375.0,110.84680569876667,351859,"veg_p05_temporal_mean residual (OLS, Stage 0)",pixel,1988-2022 (35 water years),20000.0,10000,gamma(h) = 0.5 * mean (z_i - z_j)^2 over pairs in the lag bin
riverine,20265810,isotropic,1625.0,115.13034644334363,378048,"veg_p05_temporal_mean residual (OLS, Stage 0)",pixel,1988-2022 (35 water years),20000.0,10000,gamma(h) = 0.5 * mean (z_i - z_j)^2 over pairs in the lag bin
riverine,20265810,isotropic,1875.0,120.00512615375214,395478,"veg_p05_temporal_mean residual (OLS, Stage 0)",pixel,1988-2022 (35 water years),20000.0,10000,gamma(h) = 0.5 * mean (z_i - z_j)^2 over pairs in the lag bin
riverine,20265810,isotropic,2125.0,126.46236765820284,405884,"veg_p05_temporal_mean residual (OLS, Stage 0)",pixel,1988-2022 (35 water years),20000.0,10000,gamma(h) = 0.5 * mean (z_i - z_j)^2 over pairs in the lag bin
riverine,20265810,isotropic,2375.0,134.03071484198648,413917,"veg_p05_temporal_mean residual (OLS, Stage 0)",pixel,1988-2022 (35 water years),20000.0,10000,gamma(h) = 0.5 * mean (z_i - z_j)^2 over pairs in the lag bin
riverine,20265810,isotropic,2625.0,140.43934662966814,426367,"veg_p05_temporal_mean residual (OLS, Stage 0)",pixel,1988-2022 (35 water years),20000.0,10000,gamma(h) = 0.5 * mean (z_i - z_j)^2 over pairs in the lag bin
riverine,20265810,isotropic,2875.0,144.8357676680195,432418,"veg_p05_temporal_mean residual (OLS, Stage 0)",pixel,1988-2022 (35 water years),20000.0,10000,gamma(h) = 0.5 * mean (z_i - z_j)^2 over pairs in the lag bin
riverine,20265810,isotropic,3125.0,149.17362222160287,434824,"veg_p05_temporal_mean residual (OLS, Stage 0)",pixel,1988-2022 (35 water years),20000.0,10000,gamma(h) = 0.5 * mean (z_i - z_j)^2 over pairs in the lag bin
riverine,20265810,isotropic,3375.0,154.67987120690051,430459,"veg_p05_temporal_mean residual (OLS, Stage 0)",pixel,1988-2022 (35 water years),20000.0,10000,gamma(h) = 0.5 * mean (z_i - z_j)^2 over pairs in the lag bin
riverine,20265810,isotropic,3625.0,157.80304260043107,421374,"veg_p05_temporal_mean residual (OLS, Stage 0)",pixel,1988-2022 (35 water years),20000.0,10000,gamma(h) = 0.5 * mean (z_i - z_j)^2 over pairs in the lag bin
riverine,20265810,isotropic,3875.0,159.11836310930337,419558,"veg_p05_temporal_mean residual (OLS, Stage 0)",pixel,1988-2022 (35 water years),20000.0,10000,gamma(h) = 0.5 * mean (z_i - z_j)^2 over pairs in the lag bin
riverine,20265810,isotropic,4125.0,161.01076402118028,416688,"veg_p05_temporal_mean residual (OLS, Stage 0)",pixel,1988-2022 (35 water years),20000.0,10000,gamma(h) = 0.5 * mean (z_i - z_j)^2 over pairs in the lag bin
riverine,20265810,isotropic,4375.0,164.40428663385254,413969,"veg_p05_temporal_mean residual (OLS, Stage 0)",pixel,1988-2022 (35 water years),20000.0,10000,gamma(h) = 0.5 * mean (z_i - z_j)^2 over pairs in the lag bin
riverine,20265810,isotropic,4625.0,167.99100643141617,414292,"veg_p05_temporal_mean residual (OLS, Stage 0)",pixel,1988-2022 (35 water years),20000.0,10000,gamma(h) = 0.5 * mean (z_i - z_j)^2 over pairs in the lag bin
riverine,20265810,isotropic,4875.0,168.39007001688964,416604,"veg_p05_temporal_mean residual (OLS, Stage 0)",pixel,1988-2022 (35 water years),20000.0,10000,gamma(h) = 0.5 * mean (z_i - z_j)^2 over pairs in the lag bin
riverine,20265810,isotropic,5125.0,170.4345856557114,420505,"veg_p05_temporal_mean residual (OLS, Stage 0)",pixel,1988-2022 (35 water years),20000.0,10000,gamma(h) = 0.5 * mean (z_i - z_j)^2 over pairs in the lag bin
riverine,20265810,isotropic,5375.0,169.62061029652142,424522,"veg_p05_temporal_mean residual (OLS, Stage 0)",pixel,1988-2022 (35 water years),20000.0,10000,gamma(h) = 0.5 * mean (z_i - z_j)^2 over pairs in the lag bin
riverine,20265810,isotropic,5625.0,168.62881366769767,430144,"veg_p05_temporal_mean residual (OLS, Stage 0)",pixel,1988-2022 (35 water years),20000.0,10000,gamma(h) = 0.5 * mean (z_i - z_j)^2 over pairs in the lag bin
riverine,20265810,isotropic,5875.0,168.24409991129173,434767,"veg_p05_temporal_mean residual (OLS, Stage 0)",pixel,1988-2022 (35 water years),20000.0,10000,gamma(h) = 0.5 * mean (z_i - z_j)^2 over pairs in the lag bin
riverine,20265810,isotropic,6125.0,167.95536509636406,434482,"veg_p05_temporal_mean residual (OLS, Stage 0)",pixel,1988-2022 (35 water years),20000.0,10000,gamma(h) = 0.5 * mean (z_i - z_j)^2 over pairs in the lag bin
riverine,20265810,isotropic,6375.0,166.4202680902151,427080,"veg_p05_temporal_mean residual (OLS, Stage 0)",pixel,1988-2022 (35 water years),20000.0,10000,gamma(h) = 0.5 * mean (z_i - z_j)^2 over pairs in the lag bin
riverine,20265810,isotropic,6625.0,163.8729147551448,420987,"veg_p05_temporal_mean residual (OLS, Stage 0)",pixel,1988-2022 (35 water years),20000.0,10000,gamma(h) = 0.5 * mean (z_i - z_j)^2 over pairs in the lag bin
riverine,20265810,isotropic,6875.0,160.96528842849747,411343,"veg_p05_temporal_mean residual (OLS, Stage 0)",pixel,1988-2022 (35 water years),20000.0,10000,gamma(h) = 0.5 * mean (z_i - z_j)^2 over pairs in the lag bin
riverine,20265810,isotropic,7125.0,160.25329409479147,403060,"veg_p05_temporal_mean residual (OLS, Stage 0)",pixel,1988-2022 (35 water years),20000.0,10000,gamma(h) = 0.5 * mean (z_i - z_j)^2 over pairs in the lag bin
riverine,20265810,isotropic,7375.0,159.9117700335989,393755,"veg_p05_temporal_mean residual (OLS, Stage 0)",pixel,1988-2022 (35 water years),20000.0,10000,gamma(h) = 0.5 * mean (z_i - z_j)^2 over pairs in the lag bin
riverine,20265810,isotropic,7625.0,158.2295275112004,384755,"veg_p05_temporal_mean residual (OLS, Stage 0)",pixel,1988-2022 (35 water years),20000.0,10000,gamma(h) = 0.5 * mean (z_i - z_j)^2 over pairs in the lag bin
riverine,20265810,isotropic,7875.0,153.82974184675265,375857,"veg_p05_temporal_mean residual (OLS, Stage 0)",pixel,1988-2022 (35 water years),20000.0,10000,gamma(h) = 0.5 * mean (z_i - z_j)^2 over pairs in the lag bin
riverine,20265810,isotropic,8125.0,152.28381136175707,369203,"veg_p05_temporal_mean residual (OLS, Stage 0)",pixel,1988-2022 (35 water years),20000.0,10000,gamma(h) = 0.5 * mean (z_i - z_j)^2 over pairs in the lag bin
riverine,20265810,isotropic,8375.0,147.8837838570165,362072,"veg_p05_temporal_mean residual (OLS, Stage 0)",pixel,1988-2022 (35 water years),20000.0,10000,gamma(h) = 0.5 * mean (z_i - z_j)^2 over pairs in the lag bin
riverine,20265810,isotropic,8625.0,145.6735021020551,349088,"veg_p05_temporal_mean residual (OLS, Stage 0)",pixel,1988-2022 (35 water years),20000.0,10000,gamma(h) = 0.5 * mean (z_i - z_j)^2 over pairs in the lag bin
riverine,20265810,isotropic,8875.0,143.91352379284194,333002,"veg_p05_temporal_mean residual (OLS, Stage 0)",pixel,1988-2022 (35 water years),20000.0,10000,gamma(h) = 0.5 * mean (z_i - z_j)^2 over pairs in the lag bin
riverine,20265810,isotropic,9125.0,141.88081928385424,321124,"veg_p05_temporal_mean residual (OLS, Stage 0)",pixel,1988-2022 (35 water years),20000.0,10000,gamma(h) = 0.5 * mean (z_i - z_j)^2 over pairs in the lag bin
riverine,20265810,isotropic,9375.0,142.72706801536086,308707,"veg_p05_temporal_mean residual (OLS, Stage 0)",pixel,1988-2022 (35 water years),20000.0,10000,gamma(h) = 0.5 * mean (z_i - z_j)^2 over pairs in the lag bin
riverine,20265810,isotropic,9625.0,146.60891101669586,297620,"veg_p05_temporal_mean residual (OLS, Stage 0)",pixel,1988-2022 (35 water years),20000.0,10000,gamma(h) = 0.5 * mean (z_i - z_j)^2 over pairs in the lag bin
riverine,20265810,isotropic,9875.0,146.84430816793036,292737,"veg_p05_temporal_mean residual (OLS, Stage 0)",pixel,1988-2022 (35 water years),20000.0,10000,gamma(h) = 0.5 * mean (z_i - z_j)^2 over pairs in the lag bin
riverine,20265810,isotropic,10125.0,146.47086567785786,285781,"veg_p05_temporal_mean residual (OLS, Stage 0)",pixel,1988-2022 (35 water years),20000.0,10000,gamma(h) = 0.5 * mean (z_i - z_j)^2 over pairs in the lag bin
riverine,20265810,isotropic,10375.0,143.96499915461976,283471,"veg_p05_temporal_mean residual (OLS, Stage 0)",pixel,1988-2022 (35 water years),20000.0,10000,gamma(h) = 0.5 * mean (z_i - z_j)^2 over pairs in the lag bin
riverine,20265810,isotropic,10625.0,141.23801204219978,278604,"veg_p05_temporal_mean residual (OLS, Stage 0)",pixel,1988-2022 (35 water years),20000.0,10000,gamma(h) = 0.5 * mean (z_i - z_j)^2 over pairs in the lag bin
riverine,20265810,isotropic,10875.0,140.9416543898156,274965,"veg_p05_temporal_mean residual (OLS, Stage 0)",pixel,1988-2022 (35 water years),20000.0,10000,gamma(h) = 0.5 * mean (z_i - z_j)^2 over pairs in the lag bin
riverine,20265810,isotropic,11125.0,143.21463091705797,270169,"veg_p05_temporal_mean residual (OLS, Stage 0)",pixel,1988-2022 (35 water years),20000.0,10000,gamma(h) = 0.5 * mean (z_i - z_j)^2 over pairs in the lag bin
riverine,20265810,isotropic,11375.0,144.59388889130224,264202,"veg_p05_temporal_mean residual (OLS, Stage 0)",pixel,1988-2022 (35 water years),20000.0,10000,gamma(h) = 0.5 * mean (z_i - z_j)^2 over pairs in the lag bin
riverine,20265810,isotropic,11625.0,148.15152347699146,259036,"veg_p05_temporal_mean residual (OLS, Stage 0)",pixel,1988-2022 (35 water years),20000.0,10000,gamma(h) = 0.5 * mean (z_i - z_j)^2 over pairs in the lag bin
riverine,20265810,isotropic,11875.0,148.59264145138545,258790,"veg_p05_temporal_mean residual (OLS, Stage 0)",pixel,1988-2022 (35 water years),20000.0,10000,gamma(h) = 0.5 * mean (z_i - z_j)^2 over pairs in the lag bin
riverine,20265810,isotropic,12125.0,146.5209263658812,259588,"veg_p05_temporal_mean residual (OLS, Stage 0)",pixel,1988-2022 (35 water years),20000.0,10000,gamma(h) = 0.5 * mean (z_i - z_j)^2 over pairs in the lag bin
riverine,20265810,isotropic,12375.0,143.73700788559964,261800,"veg_p05_temporal_mean residual (OLS, Stage 0)",pixel,1988-2022 (35 water years),20000.0,10000,gamma(h) = 0.5 * mean (z_i - z_j)^2 over pairs in the lag bin
riverine,20265810,isotropic,12625.0,140.71651149542316,264459,"veg_p05_temporal_mean residual (OLS, Stage 0)",pixel,1988-2022 (35 water years),20000.0,10000,gamma(h) = 0.5 * mean (z_i - z_j)^2 over pairs in the lag bin
riverine,20265810,isotropic,12875.0,138.08596809550434,265804,"veg_p05_temporal_mean residual (OLS, Stage 0)",pixel,1988-2022 (35 water years),20000.0,10000,gamma(h) = 0.5 * mean (z_i - z_j)^2 over pairs in the lag bin
riverine,20265810,isotropic,13125.0,137.9227209728226,263164,"veg_p05_temporal_mean residual (OLS, Stage 0)",pixel,1988-2022 (35 water years),20000.0,10000,gamma(h) = 0.5 * mean (z_i - z_j)^2 over pairs in the lag bin
riverine,20265810,isotropic,13375.0,135.3871347262274,258732,"veg_p05_temporal_mean residual (OLS, Stage 0)",pixel,1988-2022 (35 water years),20000.0,10000,gamma(h) = 0.5 * mean (z_i - z_j)^2 over pairs in the lag bin
riverine,20265810,isotropic,13625.0,131.57847221813506,254999,"veg_p05_temporal_mean residual (OLS, Stage 0)",pixel,1988-2022 (35 water years),20000.0,10000,gamma(h) = 0.5 * mean (z_i - z_j)^2 over pairs in the lag bin
riverine,20265810,isotropic,13875.0,127.40240981726606,251292,"veg_p05_temporal_mean residual (OLS, Stage 0)",pixel,1988-2022 (35 water years),20000.0,10000,gamma(h) = 0.5 * mean (z_i - z_j)^2 over pairs in the lag bin
riverine,20265810,isotropic,14125.0,123.1862735841836,249316,"veg_p05_temporal_mean residual (OLS, Stage 0)",pixel,1988-2022 (35 water years),20000.0,10000,gamma(h) = 0.5 * mean (z_i - z_j)^2 over pairs in the lag bin
riverine,20265810,isotropic,14375.0,121.65625772790598,250472,"veg_p05_temporal_mean residual (OLS, Stage 0)",pixel,1988-2022 (35 water years),20000.0,10000,gamma(h) = 0.5 * mean (z_i - z_j)^2 over pairs in the lag bin
riverine,20265810,isotropic,14625.0,121.04471793529434,246924,"veg_p05_temporal_mean residual (OLS, Stage 0)",pixel,1988-2022 (35 water years),20000.0,10000,gamma(h) = 0.5 * mean (z_i - z_j)^2 over pairs in the lag bin
riverine,20265810,isotropic,14875.0,122.40957903233459,248205,"veg_p05_temporal_mean residual (OLS, Stage 0)",pixel,1988-2022 (35 water years),20000.0,10000,gamma(h) = 0.5 * mean (z_i - z_j)^2 over pairs in the lag bin
riverine,20265810,isotropic,15125.0,123.11866361641957,248480,"veg_p05_temporal_mean residual (OLS, Stage 0)",pixel,1988-2022 (35 water years),20000.0,10000,gamma(h) = 0.5 * mean (z_i - z_j)^2 over pairs in the lag bin
riverine,20265810,isotropic,15375.0,121.49867894964845,251219,"veg_p05_temporal_mean residual (OLS, Stage 0)",pixel,1988-2022 (35 water years),20000.0,10000,gamma(h) = 0.5 * mean (z_i - z_j)^2 over pairs in the lag bin
riverine,20265810,isotropic,15625.0,119.85444959046612,255549,"veg_p05_temporal_mean residual (OLS, Stage 0)",pixel,1988-2022 (35 water years),20000.0,10000,gamma(h) = 0.5 * mean (z_i - z_j)^2 over pairs in the lag bin
riverine,20265810,isotropic,15875.0,117.58978405608836,260609,"veg_p05_temporal_mean residual (OLS, Stage 0)",pixel,1988-2022 (35 water years),20000.0,10000,gamma(h) = 0.5 * mean (z_i - z_j)^2 over pairs in the lag bin
riverine,20265810,isotropic,16125.0,116.89629315548062,263707,"veg_p05_temporal_mean residual (OLS, Stage 0)",pixel,1988-2022 (35 water years),20000.0,10000,gamma(h) = 0.5 * mean (z_i - z_j)^2 over pairs in the lag bin
riverine,20265810,isotropic,16375.0,118.9334983419835,270956,"veg_p05_temporal_mean residual (OLS, Stage 0)",pixel,1988-2022 (35 water years),20000.0,10000,gamma(h) = 0.5 * mean (z_i - z_j)^2 over pairs in the lag bin
riverine,20265810,isotropic,16625.0,119.58007620750517,273511,"veg_p05_temporal_mean residual (OLS, Stage 0)",pixel,1988-2022 (35 water years),20000.0,10000,gamma(h) = 0.5 * mean (z_i - z_j)^2 over pairs in the lag bin
riverine,20265810,isotropic,16875.0,117.70921102443488,274354,"veg_p05_temporal_mean residual (OLS, Stage 0)",pixel,1988-2022 (35 water years),20000.0,10000,gamma(h) = 0.5 * mean (z_i - z_j)^2 over pairs in the lag bin
riverine,20265810,isotropic,17125.0,116.87019335829437,278410,"veg_p05_temporal_mean residual (OLS, Stage 0)",pixel,1988-2022 (35 water years),20000.0,10000,gamma(h) = 0.5 * mean (z_i - z_j)^2 over pairs in the lag bin
riverine,20265810,isotropic,17375.0,117.04133741552442,287295,"veg_p05_temporal_mean residual (OLS, Stage 0)",pixel,1988-2022 (35 water years),20000.0,10000,gamma(h) = 0.5 * mean (z_i - z_j)^2 over pairs in the lag bin
riverine,20265810,isotropic,17625.0,116.48817736473352,295933,"veg_p05_temporal_mean residual (OLS, Stage 0)",pixel,1988-2022 (35 water years),20000.0,10000,gamma(h) = 0.5 * mean (z_i - z_j)^2 over pairs in the lag bin
riverine,20265810,isotropic,17875.0,119.56895587686056,306558,"veg_p05_temporal_mean residual (OLS, Stage 0)",pixel,1988-2022 (35 water years),20000.0,10000,gamma(h) = 0.5 * mean (z_i - z_j)^2 over pairs in the lag bin
riverine,20265810,isotropic,18125.0,121.38447360591546,311794,"veg_p05_temporal_mean residual (OLS, Stage 0)",pixel,1988-2022 (35 water years),20000.0,10000,gamma(h) = 0.5 * mean (z_i - z_j)^2 over pairs in the lag bin
riverine,20265810,isotropic,18375.0,119.41610057601638,317232,"veg_p05_temporal_mean residual (OLS, Stage 0)",pixel,1988-2022 (35 water years),20000.0,10000,gamma(h) = 0.5 * mean (z_i - z_j)^2 over pairs in the lag bin
riverine,20265810,isotropic,18625.0,121.24826068300636,325034,"veg_p05_temporal_mean residual (OLS, Stage 0)",pixel,1988-2022 (35 water years),20000.0,10000,gamma(h) = 0.5 * mean (z_i - z_j)^2 over pairs in the lag bin
riverine,20265810,isotropic,18875.0,124.54835961216754,328364,"veg_p05_temporal_mean residual (OLS, Stage 0)",pixel,1988-2022 (35 water years),20000.0,10000,gamma(h) = 0.5 * mean (z_i - z_j)^2 over pairs in the lag bin
riverine,20265810,isotropic,19125.0,128.509086774431,329833,"veg_p05_temporal_mean residual (OLS, Stage 0)",pixel,1988-2022 (35 water years),20000.0,10000,gamma(h) = 0.5 * mean (z_i - z_j)^2 over pairs in the lag bin
riverine,20265810,isotropic,19375.0,131.1084609621368,333516,"veg_p05_temporal_mean residual (OLS, Stage 0)",pixel,1988-2022 (35 water years),20000.0,10000,gamma(h) = 0.5 * mean (z_i - z_j)^2 over pairs in the lag bin
riverine,20265810,isotropic,19625.0,129.82101367005,334102,"veg_p05_temporal_mean residual (OLS, Stage 0)",pixel,1988-2022 (35 water years),20000.0,10000,gamma(h) = 0.5 * mean (z_i - z_j)^2 over pairs in the lag bin
riverine,20265810,isotropic,19875.0,129.5193060389056,333961,"veg_p05_temporal_mean residual (OLS, Stage 0)",pixel,1988-2022 (35 water years),20000.0,10000,gamma(h) = 0.5 * mean (z_i - z_j)^2 over pairs in the lag bin
riverine,20266810,isotropic,125.0,44.470439207349,66420,"veg_p05_temporal_mean residual (OLS, Stage 0)",pixel,1988-2022 (35 water years),20000.0,10000,gamma(h) = 0.5 * mean (z_i - z_j)^2 over pairs in the lag bin
riverine,20266810,isotropic,375.0,71.0103391588534,161418,"veg_p05_temporal_mean residual (OLS, Stage 0)",pixel,1988-2022 (35 water years),20000.0,10000,gamma(h) = 0.5 * mean (z_i - z_j)^2 over pairs in the lag bin
riverine,20266810,isotropic,625.0,87.1591229587448,229593,"veg_p05_temporal_mean residual (OLS, Stage 0)",pixel,1988-2022 (35 water years),20000.0,10000,gamma(h) = 0.5 * mean (z_i - z_j)^2 over pairs in the lag bin
riverine,20266810,isotropic,875.0,97.87329246470485,280296,"veg_p05_temporal_mean residual (OLS, Stage 0)",pixel,1988-2022 (35 water years),20000.0,10000,gamma(h) = 0.5 * mean (z_i - z_j)^2 over pairs in the lag bin
riverine,20266810,isotropic,1125.0,105.97165861274765,319033,"veg_p05_temporal_mean residual (OLS, Stage 0)",pixel,1988-2022 (35 water years),20000.0,10000,gamma(h) = 0.5 * mean (z_i - z_j)^2 over pairs in the lag bin
riverine,20266810,isotropic,1375.0,112.08545685624055,350515,"veg_p05_temporal_mean residual (OLS, Stage 0)",pixel,1988-2022 (35 water years),20000.0,10000,gamma(h) = 0.5 * mean (z_i - z_j)^2 over pairs in the lag bin
riverine,20266810,isotropic,1625.0,118.72125041230511,374689,"veg_p05_temporal_mean residual (OLS, Stage 0)",pixel,1988-2022 (35 water years),20000.0,10000,gamma(h) = 0.5 * mean (z_i - z_j)^2 over pairs in the lag bin
riverine,20266810,isotropic,1875.0,125.06345211765205,394202,"veg_p05_temporal_mean residual (OLS, Stage 0)",pixel,1988-2022 (35 water years),20000.0,10000,gamma(h) = 0.5 * mean (z_i - z_j)^2 over pairs in the lag bin
riverine,20266810,isotropic,2125.0,128.88891999757112,408154,"veg_p05_temporal_mean residual (OLS, Stage 0)",pixel,1988-2022 (35 water years),20000.0,10000,gamma(h) = 0.5 * mean (z_i - z_j)^2 over pairs in the lag bin
riverine,20266810,isotropic,2375.0,134.56778919753333,417313,"veg_p05_temporal_mean residual (OLS, Stage 0)",pixel,1988-2022 (35 water years),20000.0,10000,gamma(h) = 0.5 * mean (z_i - z_j)^2 over pairs in the lag bin
riverine,20266810,isotropic,2625.0,140.9589134264265,430597,"veg_p05_temporal_mean residual (OLS, Stage 0)",pixel,1988-2022 (35 water years),20000.0,10000,gamma(h) = 0.5 * mean (z_i - z_j)^2 over pairs in the lag bin
riverine,20266810,isotropic,2875.0,146.26959422516651,435158,"veg_p05_temporal_mean residual (OLS, Stage 0)",pixel,1988-2022 (35 water years),20000.0,10000,gamma(h) = 0.5 * mean (z_i - z_j)^2 over pairs in the lag bin
riverine,20266810,isotropic,3125.0,149.58990520254935,436532,"veg_p05_temporal_mean residual (OLS, Stage 0)",pixel,1988-2022 (35 water years),20000.0,10000,gamma(h) = 0.5 * mean (z_i - z_j)^2 over pairs in the lag bin
riverine,20266810,isotropic,3375.0,154.30353150702584,433161,"veg_p05_temporal_mean residual (OLS, Stage 0)",pixel,1988-2022 (35 water years),20000.0,10000,gamma(h) = 0.5 * mean (z_i - z_j)^2 over pairs in the lag bin
riverine,20266810,isotropic,3625.0,156.5281598703885,424801,"veg_p05_temporal_mean residual (OLS, Stage 0)",pixel,1988-2022 (35 water years),20000.0,10000,gamma(h) = 0.5 * mean (z_i - z_j)^2 over pairs in the lag bin
riverine,20266810,isotropic,3875.0,158.1548696197289,420827,"veg_p05_temporal_mean residual (OLS, Stage 0)",pixel,1988-2022 (35 water years),20000.0,10000,gamma(h) = 0.5 * mean (z_i - z_j)^2 over pairs in the lag bin
riverine,20266810,isotropic,4125.0,160.90220444960053,419271,"veg_p05_temporal_mean residual (OLS, Stage 0)",pixel,1988-2022 (35 water years),20000.0,10000,gamma(h) = 0.5 * mean (z_i - z_j)^2 over pairs in the lag bin
riverine,20266810,isotropic,4375.0,164.82431621886224,413805,"veg_p05_temporal_mean residual (OLS, Stage 0)",pixel,1988-2022 (35 water years),20000.0,10000,gamma(h) = 0.5 * mean (z_i - z_j)^2 over pairs in the lag bin
riverine,20266810,isotropic,4625.0,168.2415170016049,415238,"veg_p05_temporal_mean residual (OLS, Stage 0)",pixel,1988-2022 (35 water years),20000.0,10000,gamma(h) = 0.5 * mean (z_i - z_j)^2 over pairs in the lag bin
riverine,20266810,isotropic,4875.0,170.7099192024213,415068,"veg_p05_temporal_mean residual (OLS, Stage 0)",pixel,1988-2022 (35 water years),20000.0,10000,gamma(h) = 0.5 * mean (z_i - z_j)^2 over pairs in the lag bin
riverine,20266810,isotropic,5125.0,170.99147570739473,415719,"veg_p05_temporal_mean residual (OLS, Stage 0)",pixel,1988-2022 (35 water years),20000.0,10000,gamma(h) = 0.5 * mean (z_i - z_j)^2 over pairs in the lag bin
riverine,20266810,isotropic,5375.0,169.21780476816897,417886,"veg_p05_temporal_mean residual (OLS, Stage 0)",pixel,1988-2022 (35 water years),20000.0,10000,gamma(h) = 0.5 * mean (z_i - z_j)^2 over pairs in the lag bin
riverine,20266810,isotropic,5625.0,167.46447998910463,424932,"veg_p05_temporal_mean residual (OLS, Stage 0)",pixel,1988-2022 (35 water years),20000.0,10000,gamma(h) = 0.5 * mean (z_i - z_j)^2 over pairs in the lag bin
riverine,20266810,isotropic,5875.0,167.78032548239173,430043,"veg_p05_temporal_mean residual (OLS, Stage 0)",pixel,1988-2022 (35 water years),20000.0,10000,gamma(h) = 0.5 * mean (z_i - z_j)^2 over pairs in the lag bin
riverine,20266810,isotropic,6125.0,169.05489058788933,429395,"veg_p05_temporal_mean residual (OLS, Stage 0)",pixel,1988-2022 (35 water years),20000.0,10000,gamma(h) = 0.5 * mean (z_i - z_j)^2 over pairs in the lag bin
riverine,20266810,isotropic,6375.0,167.66400566129158,422336,"veg_p05_temporal_mean residual (OLS, Stage 0)",pixel,1988-2022 (35 water years),20000.0,10000,gamma(h) = 0.5 * mean (z_i - z_j)^2 over pairs in the lag bin
riverine,20266810,isotropic,6625.0,166.17920308217694,411446,"veg_p05_temporal_mean residual (OLS, Stage 0)",pixel,1988-2022 (35 water years),20000.0,10000,gamma(h) = 0.5 * mean (z_i - z_j)^2 over pairs in the lag bin
riverine,20266810,isotropic,6875.0,166.41993769751596,402247,"veg_p05_temporal_mean residual (OLS, Stage 0)",pixel,1988-2022 (35 water years),20000.0,10000,gamma(h) = 0.5 * mean (z_i - z_j)^2 over pairs in the lag bin
riverine,20266810,isotropic,7125.0,165.74856237049795,392469,"veg_p05_temporal_mean residual (OLS, Stage 0)",pixel,1988-2022 (35 water years),20000.0,10000,gamma(h) = 0.5 * mean (z_i - z_j)^2 over pairs in the lag bin
riverine,20266810,isotropic,7375.0,164.92547370008293,385691,"veg_p05_temporal_mean residual (OLS, Stage 0)",pixel,1988-2022 (35 water years),20000.0,10000,gamma(h) = 0.5 * mean (z_i - z_j)^2 over pairs in the lag bin
riverine,20266810,isotropic,7625.0,162.77926453880394,377468,"veg_p05_temporal_mean residual (OLS, Stage 0)",pixel,1988-2022 (35 water years),20000.0,10000,gamma(h) = 0.5 * mean (z_i - z_j)^2 over pairs in the lag bin
riverine,20266810,isotropic,7875.0,160.6045142455184,372170,"veg_p05_temporal_mean residual (OLS, Stage 0)",pixel,1988-2022 (35 water years),20000.0,10000,gamma(h) = 0.5 * mean (z_i - z_j)^2 over pairs in the lag bin
riverine,20266810,isotropic,8125.0,157.53853051925063,365618,"veg_p05_temporal_mean residual (OLS, Stage 0)",pixel,1988-2022 (35 water years),20000.0,10000,gamma(h) = 0.5 * mean (z_i - z_j)^2 over pairs in the lag bin
riverine,20266810,isotropic,8375.0,153.64675055680436,355126,"veg_p05_temporal_mean residual (OLS, Stage 0)",pixel,1988-2022 (35 water years),20000.0,10000,gamma(h) = 0.5 * mean (z_i - z_j)^2 over pairs in the lag bin
riverine,20266810,isotropic,8625.0,150.99332708177883,342566,"veg_p05_temporal_mean residual (OLS, Stage 0)",pixel,1988-2022 (35 water years),20000.0,10000,gamma(h) = 0.5 * mean (z_i - z_j)^2 over pairs in the lag bin
riverine,20266810,isotropic,8875.0,151.46035426602697,324808,"veg_p05_temporal_mean residual (OLS, Stage 0)",pixel,1988-2022 (35 water years),20000.0,10000,gamma(h) = 0.5 * mean (z_i - z_j)^2 over pairs in the lag bin
riverine,20266810,isotropic,9125.0,150.50444071273296,311499,"veg_p05_temporal_mean residual (OLS, Stage 0)",pixel,1988-2022 (35 water years),20000.0,10000,gamma(h) = 0.5 * mean (z_i - z_j)^2 over pairs in the lag bin
riverine,20266810,isotropic,9375.0,149.97039119671143,299804,"veg_p05_temporal_mean residual (OLS, Stage 0)",pixel,1988-2022 (35 water years),20000.0,10000,gamma(h) = 0.5 * mean (z_i - z_j)^2 over pairs in the lag bin
riverine,20266810,isotropic,9625.0,152.841891255625,289937,"veg_p05_temporal_mean residual (OLS, Stage 0)",pixel,1988-2022 (35 water years),20000.0,10000,gamma(h) = 0.5 * mean (z_i - z_j)^2 over pairs in the lag bin
riverine,20266810,isotropic,9875.0,152.5405538823611,286285,"veg_p05_temporal_mean residual (OLS, Stage 0)",pixel,1988-2022 (35 water years),20000.0,10000,gamma(h) = 0.5 * mean (z_i - z_j)^2 over pairs in the lag bin
riverine,20266810,isotropic,10125.0,152.12554404950583,280513,"veg_p05_temporal_mean residual (OLS, Stage 0)",pixel,1988-2022 (35 water years),20000.0,10000,gamma(h) = 0.5 * mean (z_i - z_j)^2 over pairs in the lag bin
riverine,20266810,isotropic,10375.0,149.81918613726134,274983,"veg_p05_temporal_mean residual (OLS, Stage 0)",pixel,1988-2022 (35 water years),20000.0,10000,gamma(h) = 0.5 * mean (z_i - z_j)^2 over pairs in the lag bin
riverine,20266810,isotropic,10625.0,147.51073757081878,267908,"veg_p05_temporal_mean residual (OLS, Stage 0)",pixel,1988-2022 (35 water years),20000.0,10000,gamma(h) = 0.5 * mean (z_i - z_j)^2 over pairs in the lag bin
riverine,20266810,isotropic,10875.0,147.13462665207825,263930,"veg_p05_temporal_mean residual (OLS, Stage 0)",pixel,1988-2022 (35 water years),20000.0,10000,gamma(h) = 0.5 * mean (z_i - z_j)^2 over pairs in the lag bin
riverine,20266810,isotropic,11125.0,149.02634172930064,261510,"veg_p05_temporal_mean residual (OLS, Stage 0)",pixel,1988-2022 (35 water years),20000.0,10000,gamma(h) = 0.5 * mean (z_i - z_j)^2 over pairs in the lag bin
riverine,20266810,isotropic,11375.0,150.15998184351685,256961,"veg_p05_temporal_mean residual (OLS, Stage 0)",pixel,1988-2022 (35 water years),20000.0,10000,gamma(h) = 0.5 * mean (z_i - z_j)^2 over pairs in the lag bin
riverine,20266810,isotropic,11625.0,150.49442805183375,252098,"veg_p05_temporal_mean residual (OLS, Stage 0)",pixel,1988-2022 (35 water years),20000.0,10000,gamma(h) = 0.5 * mean (z_i - z_j)^2 over pairs in the lag bin
riverine,20266810,isotropic,11875.0,150.38980767472341,254095,"veg_p05_temporal_mean residual (OLS, Stage 0)",pixel,1988-2022 (35 water years),20000.0,10000,gamma(h) = 0.5 * mean (z_i - z_j)^2 over pairs in the lag bin
riverine,20266810,isotropic,12125.0,149.16982397189162,257247,"veg_p05_temporal_mean residual (OLS, Stage 0)",pixel,1988-2022 (35 water years),20000.0,10000,gamma(h) = 0.5 * mean (z_i - z_j)^2 over pairs in the lag bin
riverine,20266810,isotropic,12375.0,147.42765724369937,259317,"veg_p05_temporal_mean residual (OLS, Stage 0)",pixel,1988-2022 (35 water years),20000.0,10000,gamma(h) = 0.5 * mean (z_i - z_j)^2 over pairs in the lag bin
riverine,20266810,isotropic,12625.0,145.3466075410005,264377,"veg_p05_temporal_mean residual (OLS, Stage 0)",pixel,1988-2022 (35 water years),20000.0,10000,gamma(h) = 0.5 * mean (z_i - z_j)^2 over pairs in the lag bin
riverine,20266810,isotropic,12875.0,144.76529865312307,270351,"veg_p05_temporal_mean residual (OLS, Stage 0)",pixel,1988-2022 (35 water years),20000.0,10000,gamma(h) = 0.5 * mean (z_i - z_j)^2 over pairs in the lag bin
riverine,20266810,isotropic,13125.0,143.02809573182844,269268,"veg_p05_temporal_mean residual (OLS, Stage 0)",pixel,1988-2022 (35 water years),20000.0,10000,gamma(h) = 0.5 * mean (z_i - z_j)^2 over pairs in the lag bin
riverine,20266810,isotropic,13375.0,142.4719296464321,266774,"veg_p05_temporal_mean residual (OLS, Stage 0)",pixel,1988-2022 (35 water years),20000.0,10000,gamma(h) = 0.5 * mean (z_i - z_j)^2 over pairs in the lag bin
riverine,20266810,isotropic,13625.0,137.66666909723412,260159,"veg_p05_temporal_mean residual (OLS, Stage 0)",pixel,1988-2022 (35 water years),20000.0,10000,gamma(h) = 0.5 * mean (z_i - z_j)^2 over pairs in the lag bin
riverine,20266810,isotropic,13875.0,130.83379869012032,256060,"veg_p05_temporal_mean residual (OLS, Stage 0)",pixel,1988-2022 (35 water years),20000.0,10000,gamma(h) = 0.5 * mean (z_i - z_j)^2 over pairs in the lag bin
riverine,20266810,isotropic,14125.0,127.97041291853584,254472,"veg_p05_temporal_mean residual (OLS, Stage 0)",pixel,1988-2022 (35 water years),20000.0,10000,gamma(h) = 0.5 * mean (z_i - z_j)^2 over pairs in the lag bin
riverine,20266810,isotropic,14375.0,125.76412501233264,252565,"veg_p05_temporal_mean residual (OLS, Stage 0)",pixel,1988-2022 (35 water years),20000.0,10000,gamma(h) = 0.5 * mean (z_i - z_j)^2 over pairs in the lag bin
riverine,20266810,isotropic,14625.0,125.60847038188545,245939,"veg_p05_temporal_mean residual (OLS, Stage 0)",pixel,1988-2022 (35 water years),20000.0,10000,gamma(h) = 0.5 * mean (z_i - z_j)^2 over pairs in the lag bin
riverine,20266810,isotropic,14875.0,127.44355726125599,247149,"veg_p05_temporal_mean residual (OLS, Stage 0)",pixel,1988-2022 (35 water years),20000.0,10000,gamma(h) = 0.5 * mean (z_i - z_j)^2 over pairs in the lag bin
riverine,20266810,isotropic,15125.0,127.63745974715033,248544,"veg_p05_temporal_mean residual (OLS, Stage 0)",pixel,1988-2022 (35 water years),20000.0,10000,gamma(h) = 0.5 * mean (z_i - z_j)^2 over pairs in the lag bin
riverine,20266810,isotropic,15375.0,126.42305364328128,251659,"veg_p05_temporal_mean residual (OLS, Stage 0)",pixel,1988-2022 (35 water years),20000.0,10000,gamma(h) = 0.5 * mean (z_i - z_j)^2 over pairs in the lag bin
riverine,20266810,isotropic,15625.0,124.81842687904059,254486,"veg_p05_temporal_mean residual (OLS, Stage 0)",pixel,1988-2022 (35 water years),20000.0,10000,gamma(h) = 0.5 * mean (z_i - z_j)^2 over pairs in the lag bin
riverine,20266810,isotropic,15875.0,124.19048806098671,258586,"veg_p05_temporal_mean residual (OLS, Stage 0)",pixel,1988-2022 (35 water years),20000.0,10000,gamma(h) = 0.5 * mean (z_i - z_j)^2 over pairs in the lag bin
riverine,20266810,isotropic,16125.0,123.47110403867211,264564,"veg_p05_temporal_mean residual (OLS, Stage 0)",pixel,1988-2022 (35 water years),20000.0,10000,gamma(h) = 0.5 * mean (z_i - z_j)^2 over pairs in the lag bin
riverine,20266810,isotropic,16375.0,124.2705081527144,269560,"veg_p05_temporal_mean residual (OLS, Stage 0)",pixel,1988-2022 (35 water years),20000.0,10000,gamma(h) = 0.5 * mean (z_i - z_j)^2 over pairs in the lag bin
riverine,20266810,isotropic,16625.0,123.66722294649558,270852,"veg_p05_temporal_mean residual (OLS, Stage 0)",pixel,1988-2022 (35 water years),20000.0,10000,gamma(h) = 0.5 * mean (z_i - z_j)^2 over pairs in the lag bin
riverine,20266810,isotropic,16875.0,122.24318650553592,271421,"veg_p05_temporal_mean residual (OLS, Stage 0)",pixel,1988-2022 (35 water years),20000.0,10000,gamma(h) = 0.5 * mean (z_i - z_j)^2 over pairs in the lag bin
riverine,20266810,isotropic,17125.0,122.14355052549529,276915,"veg_p05_temporal_mean residual (OLS, Stage 0)",pixel,1988-2022 (35 water years),20000.0,10000,gamma(h) = 0.5 * mean (z_i - z_j)^2 over pairs in the lag bin
riverine,20266810,isotropic,17375.0,123.18873487159827,288112,"veg_p05_temporal_mean residual (OLS, Stage 0)",pixel,1988-2022 (35 water years),20000.0,10000,gamma(h) = 0.5 * mean (z_i - z_j)^2 over pairs in the lag bin
riverine,20266810,isotropic,17625.0,123.8861365804139,295947,"veg_p05_temporal_mean residual (OLS, Stage 0)",pixel,1988-2022 (35 water years),20000.0,10000,gamma(h) = 0.5 * mean (z_i - z_j)^2 over pairs in the lag bin
riverine,20266810,isotropic,17875.0,125.76017570751087,303799,"veg_p05_temporal_mean residual (OLS, Stage 0)",pixel,1988-2022 (35 water years),20000.0,10000,gamma(h) = 0.5 * mean (z_i - z_j)^2 over pairs in the lag bin
riverine,20266810,isotropic,18125.0,124.99509655892506,312315,"veg_p05_temporal_mean residual (OLS, Stage 0)",pixel,1988-2022 (35 water years),20000.0,10000,gamma(h) = 0.5 * mean (z_i - z_j)^2 over pairs in the lag bin
riverine,20266810,isotropic,18375.0,122.56197230772527,319109,"veg_p05_temporal_mean residual (OLS, Stage 0)",pixel,1988-2022 (35 water years),20000.0,10000,gamma(h) = 0.5 * mean (z_i - z_j)^2 over pairs in the lag bin
riverine,20266810,isotropic,18625.0,125.59559849451955,325416,"veg_p05_temporal_mean residual (OLS, Stage 0)",pixel,1988-2022 (35 water years),20000.0,10000,gamma(h) = 0.5 * mean (z_i - z_j)^2 over pairs in the lag bin
riverine,20266810,isotropic,18875.0,130.54391472505915,331235,"veg_p05_temporal_mean residual (OLS, Stage 0)",pixel,1988-2022 (35 water years),20000.0,10000,gamma(h) = 0.5 * mean (z_i - z_j)^2 over pairs in the lag bin
riverine,20266810,isotropic,19125.0,135.405562264879,331946,"veg_p05_temporal_mean residual (OLS, Stage 0)",pixel,1988-2022 (35 water years),20000.0,10000,gamma(h) = 0.5 * mean (z_i - z_j)^2 over pairs in the lag bin
riverine,20266810,isotropic,19375.0,138.60632635443247,332431,"veg_p05_temporal_mean residual (OLS, Stage 0)",pixel,1988-2022 (35 water years),20000.0,10000,gamma(h) = 0.5 * mean (z_i - z_j)^2 over pairs in the lag bin
riverine,20266810,isotropic,19625.0,138.32929679343047,331894,"veg_p05_temporal_mean residual (OLS, Stage 0)",pixel,1988-2022 (35 water years),20000.0,10000,gamma(h) = 0.5 * mean (z_i - z_j)^2 over pairs in the lag bin
riverine,20266810,isotropic,19875.0,136.13162512681947,333010,"veg_p05_temporal_mean residual (OLS, Stage 0)",pixel,1988-2022 (35 water years),20000.0,10000,gamma(h) = 0.5 * mean (z_i - z_j)^2 over pairs in the lag bin
riverine,20267810,isotropic,125.0,43.10922776442813,65927,"veg_p05_temporal_mean residual (OLS, Stage 0)",pixel,1988-2022 (35 water years),20000.0,10000,gamma(h) = 0.5 * mean (z_i - z_j)^2 over pairs in the lag bin
riverine,20267810,isotropic,375.0,69.14595484696602,161219,"veg_p05_temporal_mean residual (OLS, Stage 0)",pixel,1988-2022 (35 water years),20000.0,10000,gamma(h) = 0.5 * mean (z_i - z_j)^2 over pairs in the lag bin
riverine,20267810,isotropic,625.0,85.1191202176626,230066,"veg_p05_temporal_mean residual (OLS, Stage 0)",pixel,1988-2022 (35 water years),20000.0,10000,gamma(h) = 0.5 * mean (z_i - z_j)^2 over pairs in the lag bin
riverine,20267810,isotropic,875.0,99.77167422588668,279657,"veg_p05_temporal_mean residual (OLS, Stage 0)",pixel,1988-2022 (35 water years),20000.0,10000,gamma(h) = 0.5 * mean (z_i - z_j)^2 over pairs in the lag bin
riverine,20267810,isotropic,1125.0,108.43129672838961,317907,"veg_p05_temporal_mean residual (OLS, Stage 0)",pixel,1988-2022 (35 water years),20000.0,10000,gamma(h) = 0.5 * mean (z_i - z_j)^2 over pairs in the lag bin
riverine,20267810,isotropic,1375.0,114.83859796806492,349404,"veg_p05_temporal_mean residual (OLS, Stage 0)",pixel,1988-2022 (35 water years),20000.0,10000,gamma(h) = 0.5 * mean (z_i - z_j)^2 over pairs in the lag bin
riverine,20267810,isotropic,1625.0,121.4832376820361,374573,"veg_p05_temporal_mean residual (OLS, Stage 0)",pixel,1988-2022 (35 water years),20000.0,10000,gamma(h) = 0.5 * mean (z_i - z_j)^2 over pairs in the lag bin
riverine,20267810,isotropic,1875.0,124.51634108140017,394809,"veg_p05_temporal_mean residual (OLS, Stage 0)",pixel,1988-2022 (35 water years),20000.0,10000,gamma(h) = 0.5 * mean (z_i - z_j)^2 over pairs in the lag bin
riverine,20267810,isotropic,2125.0,128.94349573244435,407017,"veg_p05_temporal_mean residual (OLS, Stage 0)",pixel,1988-2022 (35 water years),20000.0,10000,gamma(h) = 0.5 * mean (z_i - z_j)^2 over pairs in the lag bin
riverine,20267810,isotropic,2375.0,132.52053468922475,416860,"veg_p05_temporal_mean residual (OLS, Stage 0)",pixel,1988-2022 (35 water years),20000.0,10000,gamma(h) = 0.5 * mean (z_i - z_j)^2 over pairs in the lag bin
riverine,20267810,isotropic,2625.0,140.30943277496263,431025,"veg_p05_temporal_mean residual (OLS, Stage 0)",pixel,1988-2022 (35 water years),20000.0,10000,gamma(h) = 0.5 * mean (z_i - z_j)^2 over pairs in the lag bin
riverine,20267810,isotropic,2875.0,144.73987528985555,435045,"veg_p05_temporal_mean residual (OLS, Stage 0)",pixel,1988-2022 (35 water years),20000.0,10000,gamma(h) = 0.5 * mean (z_i - z_j)^2 over pairs in the lag bin
riverine,20267810,isotropic,3125.0,148.25932884207143,438816,"veg_p05_temporal_mean residual (OLS, Stage 0)",pixel,1988-2022 (35 water years),20000.0,10000,gamma(h) = 0.5 * mean (z_i - z_j)^2 over pairs in the lag bin
riverine,20267810,isotropic,3375.0,152.86522027738542,437660,"veg_p05_temporal_mean residual (OLS, Stage 0)",pixel,1988-2022 (35 water years),20000.0,10000,gamma(h) = 0.5 * mean (z_i - z_j)^2 over pairs in the lag bin
riverine,20267810,isotropic,3625.0,156.09345657205347,431649,"veg_p05_temporal_mean residual (OLS, Stage 0)",pixel,1988-2022 (35 water years),20000.0,10000,gamma(h) = 0.5 * mean (z_i - z_j)^2 over pairs in the lag bin
riverine,20267810,isotropic,3875.0,158.72715099117357,429098,"veg_p05_temporal_mean residual (OLS, Stage 0)",pixel,1988-2022 (35 water years),20000.0,10000,gamma(h) = 0.5 * mean (z_i - z_j)^2 over pairs in the lag bin
riverine,20267810,isotropic,4125.0,162.1496796530537,425025,"veg_p05_temporal_mean residual (OLS, Stage 0)",pixel,1988-2022 (35 water years),20000.0,10000,gamma(h) = 0.5 * mean (z_i - z_j)^2 over pairs in the lag bin
riverine,20267810,isotropic,4375.0,166.21114610193084,420648,"veg_p05_temporal_mean residual (OLS, Stage 0)",pixel,1988-2022 (35 water years),20000.0,10000,gamma(h) = 0.5 * mean (z_i - z_j)^2 over pairs in the lag bin
riverine,20267810,isotropic,4625.0,169.98707390023125,422430,"veg_p05_temporal_mean residual (OLS, Stage 0)",pixel,1988-2022 (35 water years),20000.0,10000,gamma(h) = 0.5 * mean (z_i - z_j)^2 over pairs in the lag bin
riverine,20267810,isotropic,4875.0,174.7224050846317,421691,"veg_p05_temporal_mean residual (OLS, Stage 0)",pixel,1988-2022 (35 water years),20000.0,10000,gamma(h) = 0.5 * mean (z_i - z_j)^2 over pairs in the lag bin
riverine,20267810,isotropic,5125.0,176.1835521691486,423017,"veg_p05_temporal_mean residual (OLS, Stage 0)",pixel,1988-2022 (35 water years),20000.0,10000,gamma(h) = 0.5 * mean (z_i - z_j)^2 over pairs in the lag bin
riverine,20267810,isotropic,5375.0,174.6281695324333,426826,"veg_p05_temporal_mean residual (OLS, Stage 0)",pixel,1988-2022 (35 water years),20000.0,10000,gamma(h) = 0.5 * mean (z_i - z_j)^2 over pairs in the lag bin
riverine,20267810,isotropic,5625.0,173.47236088747715,433412,"veg_p05_temporal_mean residual (OLS, Stage 0)",pixel,1988-2022 (35 water years),20000.0,10000,gamma(h) = 0.5 * mean (z_i - z_j)^2 over pairs in the lag bin
riverine,20267810,isotropic,5875.0,171.86013976706053,439225,"veg_p05_temporal_mean residual (OLS, Stage 0)",pixel,1988-2022 (35 water years),20000.0,10000,gamma(h) = 0.5 * mean (z_i - z_j)^2 over pairs in the lag bin
riverine,20267810,isotropic,6125.0,171.39913596017507,437488,"veg_p05_temporal_mean residual (OLS, Stage 0)",pixel,1988-2022 (35 water years),20000.0,10000,gamma(h) = 0.5 * mean (z_i - z_j)^2 over pairs in the lag bin
riverine,20267810,isotropic,6375.0,171.31499317080218,429632,"veg_p05_temporal_mean residual (OLS, Stage 0)",pixel,1988-2022 (35 water years),20000.0,10000,gamma(h) = 0.5 * mean (z_i - z_j)^2 over pairs in the lag bin
riverine,20267810,isotropic,6625.0,168.18802733711667,416415,"veg_p05_temporal_mean residual (OLS, Stage 0)",pixel,1988-2022 (35 water years),20000.0,10000,gamma(h) = 0.5 * mean (z_i - z_j)^2 over pairs in the lag bin
riverine,20267810,isotropic,6875.0,163.27027988380783,405761,"veg_p05_temporal_mean residual (OLS, Stage 0)",pixel,1988-2022 (35 water years),20000.0,10000,gamma(h) = 0.5 * mean (z_i - z_j)^2 over pairs in the lag bin
riverine,20267810,isotropic,7125.0,161.9631389213155,395561,"veg_p05_temporal_mean residual (OLS, Stage 0)",pixel,1988-2022 (35 water years),20000.0,10000,gamma(h) = 0.5 * mean (z_i - z_j)^2 over pairs in the lag bin
riverine,20267810,isotropic,7375.0,160.66268812135658,387240,"veg_p05_temporal_mean residual (OLS, Stage 0)",pixel,1988-2022 (35 water years),20000.0,10000,gamma(h) = 0.5 * mean (z_i - z_j)^2 over pairs in the lag bin
riverine,20267810,isotropic,7625.0,162.09376562569707,380898,"veg_p05_temporal_mean residual (OLS, Stage 0)",pixel,1988-2022 (35 water years),20000.0,10000,gamma(h) = 0.5 * mean (z_i - z_j)^2 over pairs in the lag bin
riverine,20267810,isotropic,7875.0,159.99499165979856,375190,"veg_p05_temporal_mean residual (OLS, Stage 0)",pixel,1988-2022 (35 water years),20000.0,10000,gamma(h) = 0.5 * mean (z_i - z_j)^2 over pairs in the lag bin
riverine,20267810,isotropic,8125.0,158.87750808173612,371640,"veg_p05_temporal_mean residual (OLS, Stage 0)",pixel,1988-2022 (35 water years),20000.0,10000,gamma(h) = 0.5 * mean (z_i - z_j)^2 over pairs in the lag bin
riverine,20267810,isotropic,8375.0,154.33826316383676,366079,"veg_p05_temporal_mean residual (OLS, Stage 0)",pixel,1988-2022 (35 water years),20000.0,10000,gamma(h) = 0.5 * mean (z_i - z_j)^2 over pairs in the lag bin
riverine,20267810,isotropic,8625.0,151.63882316093643,351867,"veg_p05_temporal_mean residual (OLS, Stage 0)",pixel,1988-2022 (35 water years),20000.0,10000,gamma(h) = 0.5 * mean (z_i - z_j)^2 over pairs in the lag bin
riverine,20267810,isotropic,8875.0,151.40514866848932,332757,"veg_p05_temporal_mean residual (OLS, Stage 0)",pixel,1988-2022 (35 water years),20000.0,10000,gamma(h) = 0.5 * mean (z_i - z_j)^2 over pairs in the lag bin
riverine,20267810,isotropic,9125.0,149.3424783396467,317657,"veg_p05_temporal_mean residual (OLS, Stage 0)",pixel,1988-2022 (35 water years),20000.0,10000,gamma(h) = 0.5 * mean (z_i - z_j)^2 over pairs in the lag bin
riverine,20267810,isotropic,9375.0,148.99654275158454,308215,"veg_p05_temporal_mean residual (OLS, Stage 0)",pixel,1988-2022 (35 water years),20000.0,10000,gamma(h) = 0.5 * mean (z_i - z_j)^2 over pairs in the lag bin
riverine,20267810,isotropic,9625.0,150.0942283511207,300187,"veg_p05_temporal_mean residual (OLS, Stage 0)",pixel,1988-2022 (35 water years),20000.0,10000,gamma(h) = 0.5 * mean (z_i - z_j)^2 over pairs in the lag bin
riverine,20267810,isotropic,9875.0,152.68752518999662,293273,"veg_p05_temporal_mean residual (OLS, Stage 0)",pixel,1988-2022 (35 water years),20000.0,10000,gamma(h) = 0.5 * mean (z_i - z_j)^2 over pairs in the lag bin
riverine,20267810,isotropic,10125.0,153.4256773040666,286412,"veg_p05_temporal_mean residual (OLS, Stage 0)",pixel,1988-2022 (35 water years),20000.0,10000,gamma(h) = 0.5 * mean (z_i - z_j)^2 over pairs in the lag bin
riverine,20267810,isotropic,10375.0,150.82494341465664,281939,"veg_p05_temporal_mean residual (OLS, Stage 0)",pixel,1988-2022 (35 water years),20000.0,10000,gamma(h) = 0.5 * mean (z_i - z_j)^2 over pairs in the lag bin
riverine,20267810,isotropic,10625.0,147.66656740258105,279833,"veg_p05_temporal_mean residual (OLS, Stage 0)",pixel,1988-2022 (35 water years),20000.0,10000,gamma(h) = 0.5 * mean (z_i - z_j)^2 over pairs in the lag bin
riverine,20267810,isotropic,10875.0,144.2905145586204,275311,"veg_p05_temporal_mean residual (OLS, Stage 0)",pixel,1988-2022 (35 water years),20000.0,10000,gamma(h) = 0.5 * mean (z_i - z_j)^2 over pairs in the lag bin
riverine,20267810,isotropic,11125.0,147.56703379461922,273141,"veg_p05_temporal_mean residual (OLS, Stage 0)",pixel,1988-2022 (35 water years),20000.0,10000,gamma(h) = 0.5 * mean (z_i - z_j)^2 over pairs in the lag bin
riverine,20267810,isotropic,11375.0,149.8751263715585,267699,"veg_p05_temporal_mean residual (OLS, Stage 0)",pixel,1988-2022 (35 water years),20000.0,10000,gamma(h) = 0.5 * mean (z_i - z_j)^2 over pairs in the lag bin
riverine,20267810,isotropic,11625.0,152.85376614291297,262813,"veg_p05_temporal_mean residual (OLS, Stage 0)",pixel,1988-2022 (35 water years),20000.0,10000,gamma(h) = 0.5 * mean (z_i - z_j)^2 over pairs in the lag bin
riverine,20267810,isotropic,11875.0,153.92421403183508,264070,"veg_p05_temporal_mean residual (OLS, Stage 0)",pixel,1988-2022 (35 water years),20000.0,10000,gamma(h) = 0.5 * mean (z_i - z_j)^2 over pairs in the lag bin
riverine,20267810,isotropic,12125.0,150.9599945657574,266571,"veg_p05_temporal_mean residual (OLS, Stage 0)",pixel,1988-2022 (35 water years),20000.0,10000,gamma(h) = 0.5 * mean (z_i - z_j)^2 over pairs in the lag bin
riverine,20267810,isotropic,12375.0,147.90281146042696,268273,"veg_p05_temporal_mean residual (OLS, Stage 0)",pixel,1988-2022 (35 water years),20000.0,10000,gamma(h) = 0.5 * mean (z_i - z_j)^2 over pairs in the lag bin
riverine,20267810,isotropic,12625.0,145.66513276374715,269669,"veg_p05_temporal_mean residual (OLS, Stage 0)",pixel,1988-2022 (35 water years),20000.0,10000,gamma(h) = 0.5 * mean (z_i - z_j)^2 over pairs in the lag bin
riverine,20267810,isotropic,12875.0,144.24364382502952,271395,"veg_p05_temporal_mean residual (OLS, Stage 0)",pixel,1988-2022 (35 water years),20000.0,10000,gamma(h) = 0.5 * mean (z_i - z_j)^2 over pairs in the lag bin
riverine,20267810,isotropic,13125.0,144.44937125255984,272680,"veg_p05_temporal_mean residual (OLS, Stage 0)",pixel,1988-2022 (35 water years),20000.0,10000,gamma(h) = 0.5 * mean (z_i - z_j)^2 over pairs in the lag bin
riverine,20267810,isotropic,13375.0,143.418281409735,269412,"veg_p05_temporal_mean residual (OLS, Stage 0)",pixel,1988-2022 (35 water years),20000.0,10000,gamma(h) = 0.5 * mean (z_i - z_j)^2 over pairs in the lag bin
riverine,20267810,isotropic,13625.0,138.65524309433997,263749,"veg_p05_temporal_mean residual (OLS, Stage 0)",pixel,1988-2022 (35 water years),20000.0,10000,gamma(h) = 0.5 * mean (z_i - z_j)^2 over pairs in the lag bin
riverine,20267810,isotropic,13875.0,130.64789951794344,258267,"veg_p05_temporal_mean residual (OLS, Stage 0)",pixel,1988-2022 (35 water years),20000.0,10000,gamma(h) = 0.5 * mean (z_i - z_j)^2 over pairs in the lag bin
riverine,20267810,isotropic,14125.0,127.01581001996011,256718,"veg_p05_temporal_mean residual (OLS, Stage 0)",pixel,1988-2022 (35 water years),20000.0,10000,gamma(h) = 0.5 * mean (z_i - z_j)^2 over pairs in the lag bin
riverine,20267810,isotropic,14375.0,125.16919250135203,255120,"veg_p05_temporal_mean residual (OLS, Stage 0)",pixel,1988-2022 (35 water years),20000.0,10000,gamma(h) = 0.5 * mean (z_i - z_j)^2 over pairs in the lag bin
riverine,20267810,isotropic,14625.0,123.87322847511238,249818,"veg_p05_temporal_mean residual (OLS, Stage 0)",pixel,1988-2022 (35 water years),20000.0,10000,gamma(h) = 0.5 * mean (z_i - z_j)^2 over pairs in the lag bin
riverine,20267810,isotropic,14875.0,126.66993322517854,248552,"veg_p05_temporal_mean residual (OLS, Stage 0)",pixel,1988-2022 (35 water years),20000.0,10000,gamma(h) = 0.5 * mean (z_i - z_j)^2 over pairs in the lag bin
riverine,20267810,isotropic,15125.0,126.69864144327012,249717,"veg_p05_temporal_mean residual (OLS, Stage 0)",pixel,1988-2022 (35 water years),20000.0,10000,gamma(h) = 0.5 * mean (z_i - z_j)^2 over pairs in the lag bin
riverine,20267810,isotropic,15375.0,127.23484784007644,254137,"veg_p05_temporal_mean residual (OLS, Stage 0)",pixel,1988-2022 (35 water years),20000.0,10000,gamma(h) = 0.5 * mean (z_i - z_j)^2 over pairs in the lag bin
riverine,20267810,isotropic,15625.0,123.93049386760407,255679,"veg_p05_temporal_mean residual (OLS, Stage 0)",pixel,1988-2022 (35 water years),20000.0,10000,gamma(h) = 0.5 * mean (z_i - z_j)^2 over pairs in the lag bin
riverine,20267810,isotropic,15875.0,122.51032578021861,259481,"veg_p05_temporal_mean residual (OLS, Stage 0)",pixel,1988-2022 (35 water years),20000.0,10000,gamma(h) = 0.5 * mean (z_i - z_j)^2 over pairs in the lag bin
riverine,20267810,isotropic,16125.0,122.25317689390461,261638,"veg_p05_temporal_mean residual (OLS, Stage 0)",pixel,1988-2022 (35 water years),20000.0,10000,gamma(h) = 0.5 * mean (z_i - z_j)^2 over pairs in the lag bin
riverine,20267810,isotropic,16375.0,122.7544730531966,266869,"veg_p05_temporal_mean residual (OLS, Stage 0)",pixel,1988-2022 (35 water years),20000.0,10000,gamma(h) = 0.5 * mean (z_i - z_j)^2 over pairs in the lag bin
riverine,20267810,isotropic,16625.0,121.98969466125557,269132,"veg_p05_temporal_mean residual (OLS, Stage 0)",pixel,1988-2022 (35 water years),20000.0,10000,gamma(h) = 0.5 * mean (z_i - z_j)^2 over pairs in the lag bin
riverine,20267810,isotropic,16875.0,122.74528572409214,270098,"veg_p05_temporal_mean residual (OLS, Stage 0)",pixel,1988-2022 (35 water years),20000.0,10000,gamma(h) = 0.5 * mean (z_i - z_j)^2 over pairs in the lag bin
riverine,20267810,isotropic,17125.0,123.70047880962684,276201,"veg_p05_temporal_mean residual (OLS, Stage 0)",pixel,1988-2022 (35 water years),20000.0,10000,gamma(h) = 0.5 * mean (z_i - z_j)^2 over pairs in the lag bin
riverine,20267810,isotropic,17375.0,124.54792677353062,286187,"veg_p05_temporal_mean residual (OLS, Stage 0)",pixel,1988-2022 (35 water years),20000.0,10000,gamma(h) = 0.5 * mean (z_i - z_j)^2 over pairs in the lag bin
riverine,20267810,isotropic,17625.0,123.69135067775053,294232,"veg_p05_temporal_mean residual (OLS, Stage 0)",pixel,1988-2022 (35 water years),20000.0,10000,gamma(h) = 0.5 * mean (z_i - z_j)^2 over pairs in the lag bin
riverine,20267810,isotropic,17875.0,126.86271211898833,305827,"veg_p05_temporal_mean residual (OLS, Stage 0)",pixel,1988-2022 (35 water years),20000.0,10000,gamma(h) = 0.5 * mean (z_i - z_j)^2 over pairs in the lag bin
riverine,20267810,isotropic,18125.0,125.2773374722953,311888,"veg_p05_temporal_mean residual (OLS, Stage 0)",pixel,1988-2022 (35 water years),20000.0,10000,gamma(h) = 0.5 * mean (z_i - z_j)^2 over pairs in the lag bin
riverine,20267810,isotropic,18375.0,124.10615915334704,319179,"veg_p05_temporal_mean residual (OLS, Stage 0)",pixel,1988-2022 (35 water years),20000.0,10000,gamma(h) = 0.5 * mean (z_i - z_j)^2 over pairs in the lag bin
riverine,20267810,isotropic,18625.0,126.29647170763421,325759,"veg_p05_temporal_mean residual (OLS, Stage 0)",pixel,1988-2022 (35 water years),20000.0,10000,gamma(h) = 0.5 * mean (z_i - z_j)^2 over pairs in the lag bin
riverine,20267810,isotropic,18875.0,130.5643778225541,329600,"veg_p05_temporal_mean residual (OLS, Stage 0)",pixel,1988-2022 (35 water years),20000.0,10000,gamma(h) = 0.5 * mean (z_i - z_j)^2 over pairs in the lag bin
riverine,20267810,isotropic,19125.0,135.03003167399402,333045,"veg_p05_temporal_mean residual (OLS, Stage 0)",pixel,1988-2022 (35 water years),20000.0,10000,gamma(h) = 0.5 * mean (z_i - z_j)^2 over pairs in the lag bin
riverine,20267810,isotropic,19375.0,137.757360571697,334858,"veg_p05_temporal_mean residual (OLS, Stage 0)",pixel,1988-2022 (35 water years),20000.0,10000,gamma(h) = 0.5 * mean (z_i - z_j)^2 over pairs in the lag bin
riverine,20267810,isotropic,19625.0,137.54804787421676,334981,"veg_p05_temporal_mean residual (OLS, Stage 0)",pixel,1988-2022 (35 water years),20000.0,10000,gamma(h) = 0.5 * mean (z_i - z_j)^2 over pairs in the lag bin
riverine,20267810,isotropic,19875.0,137.07783357199972,334779,"veg_p05_temporal_mean residual (OLS, Stage 0)",pixel,1988-2022 (35 water years),20000.0,10000,gamma(h) = 0.5 * mean (z_i - z_j)^2 over pairs in the lag bin
riverine,20268810,isotropic,125.0,42.90129828786528,66383,"veg_p05_temporal_mean residual (OLS, Stage 0)",pixel,1988-2022 (35 water years),20000.0,10000,gamma(h) = 0.5 * mean (z_i - z_j)^2 over pairs in the lag bin
riverine,20268810,isotropic,375.0,69.5457883302021,161418,"veg_p05_temporal_mean residual (OLS, Stage 0)",pixel,1988-2022 (35 water years),20000.0,10000,gamma(h) = 0.5 * mean (z_i - z_j)^2 over pairs in the lag bin
riverine,20268810,isotropic,625.0,85.90606056946693,229743,"veg_p05_temporal_mean residual (OLS, Stage 0)",pixel,1988-2022 (35 water years),20000.0,10000,gamma(h) = 0.5 * mean (z_i - z_j)^2 over pairs in the lag bin
riverine,20268810,isotropic,875.0,98.80081854387691,278756,"veg_p05_temporal_mean residual (OLS, Stage 0)",pixel,1988-2022 (35 water years),20000.0,10000,gamma(h) = 0.5 * mean (z_i - z_j)^2 over pairs in the lag bin
riverine,20268810,isotropic,1125.0,105.62700535216156,316608,"veg_p05_temporal_mean residual (OLS, Stage 0)",pixel,1988-2022 (35 water years),20000.0,10000,gamma(h) = 0.5 * mean (z_i - z_j)^2 over pairs in the lag bin
riverine,20268810,isotropic,1375.0,111.49132582818106,350193,"veg_p05_temporal_mean residual (OLS, Stage 0)",pixel,1988-2022 (35 water years),20000.0,10000,gamma(h) = 0.5 * mean (z_i - z_j)^2 over pairs in the lag bin
riverine,20268810,isotropic,1625.0,116.7033109976574,373919,"veg_p05_temporal_mean residual (OLS, Stage 0)",pixel,1988-2022 (35 water years),20000.0,10000,gamma(h) = 0.5 * mean (z_i - z_j)^2 over pairs in the lag bin
riverine,20268810,isotropic,1875.0,122.3405843357148,394898,"veg_p05_temporal_mean residual (OLS, Stage 0)",pixel,1988-2022 (35 water years),20000.0,10000,gamma(h) = 0.5 * mean (z_i - z_j)^2 over pairs in the lag bin
riverine,20268810,isotropic,2125.0,126.57945197554994,407570,"veg_p05_temporal_mean residual (OLS, Stage 0)",pixel,1988-2022 (35 water years),20000.0,10000,gamma(h) = 0.5 * mean (z_i - z_j)^2 over pairs in the lag bin
riverine,20268810,isotropic,2375.0,133.65888197534267,415193,"veg_p05_temporal_mean residual (OLS, Stage 0)",pixel,1988-2022 (35 water years),20000.0,10000,gamma(h) = 0.5 * mean (z_i - z_j)^2 over pairs in the lag bin
riverine,20268810,isotropic,2625.0,138.42525143579138,430089,"veg_p05_temporal_mean residual (OLS, Stage 0)",pixel,1988-2022 (35 water years),20000.0,10000,gamma(h) = 0.5 * mean (z_i - z_j)^2 over pairs in the lag bin
riverine,20268810,isotropic,2875.0,144.36090222582342,434813,"veg_p05_temporal_mean residual (OLS, Stage 0)",pixel,1988-2022 (35 water years),20000.0,10000,gamma(h) = 0.5 * mean (z_i - z_j)^2 over pairs in the lag bin
riverine,20268810,isotropic,3125.0,149.25913368227552,439320,"veg_p05_temporal_mean residual (OLS, Stage 0)",pixel,1988-2022 (35 water years),20000.0,10000,gamma(h) = 0.5 * mean (z_i - z_j)^2 over pairs in the lag bin
riverine,20268810,isotropic,3375.0,156.06860930583213,434220,"veg_p05_temporal_mean residual (OLS, Stage 0)",pixel,1988-2022 (35 water years),20000.0,10000,gamma(h) = 0.5 * mean (z_i - z_j)^2 over pairs in the lag bin
riverine,20268810,isotropic,3625.0,158.00880582693063,426361,"veg_p05_temporal_mean residual (OLS, Stage 0)",pixel,1988-2022 (35 water years),20000.0,10000,gamma(h) = 0.5 * mean (z_i - z_j)^2 over pairs in the lag bin
riverine,20268810,isotropic,3875.0,159.56544925854277,427438,"veg_p05_temporal_mean residual (OLS, Stage 0)",pixel,1988-2022 (35 water years),20000.0,10000,gamma(h) = 0.5 * mean (z_i - z_j)^2 over pairs in the lag bin
riverine,20268810,isotropic,4125.0,160.32017662448456,422149,"veg_p05_temporal_mean residual (OLS, Stage 0)",pixel,1988-2022 (35 water years),20000.0,10000,gamma(h) = 0.5 * mean (z_i - z_j)^2 over pairs in the lag bin
riverine,20268810,isotropic,4375.0,160.91532360962321,421537,"veg_p05_temporal_mean residual (OLS, Stage 0)",pixel,1988-2022 (35 water years),20000.0,10000,gamma(h) = 0.5 * mean (z_i - z_j)^2 over pairs in the lag bin
riverine,20268810,isotropic,4625.0,164.39970256105153,423972,"veg_p05_temporal_mean residual (OLS, Stage 0)",pixel,1988-2022 (35 water years),20000.0,10000,gamma(h) = 0.5 * mean (z_i - z_j)^2 over pairs in the lag bin
riverine,20268810,isotropic,4875.0,166.54052701451278,419711,"veg_p05_temporal_mean residual (OLS, Stage 0)",pixel,1988-2022 (35 water years),20000.0,10000,gamma(h) = 0.5 * mean (z_i - z_j)^2 over pairs in the lag bin
riverine,20268810,isotropic,5125.0,167.01171568756973,421667,"veg_p05_temporal_mean residual (OLS, Stage 0)",pixel,1988-2022 (35 water years),20000.0,10000,gamma(h) = 0.5 * mean (z_i - z_j)^2 over pairs in the lag bin
riverine,20268810,isotropic,5375.0,167.2109653872034,423978,"veg_p05_temporal_mean residual (OLS, Stage 0)",pixel,1988-2022 (35 water years),20000.0,10000,gamma(h) = 0.5 * mean (z_i - z_j)^2 over pairs in the lag bin
riverine,20268810,isotropic,5625.0,166.73555233214617,430575,"veg_p05_temporal_mean residual (OLS, Stage 0)",pixel,1988-2022 (35 water years),20000.0,10000,gamma(h) = 0.5 * mean (z_i - z_j)^2 over pairs in the lag bin
riverine,20268810,isotropic,5875.0,167.30598401198236,435801,"veg_p05_temporal_mean residual (OLS, Stage 0)",pixel,1988-2022 (35 water years),20000.0,10000,gamma(h) = 0.5 * mean (z_i - z_j)^2 over pairs in the lag bin
riverine,20268810,isotropic,6125.0,168.73865621213895,432606,"veg_p05_temporal_mean residual (OLS, Stage 0)",pixel,1988-2022 (35 water years),20000.0,10000,gamma(h) = 0.5 * mean (z_i - z_j)^2 over pairs in the lag bin
riverine,20268810,isotropic,6375.0,168.6972349678146,422313,"veg_p05_temporal_mean residual (OLS, Stage 0)",pixel,1988-2022 (35 water years),20000.0,10000,gamma(h) = 0.5 * mean (z_i - z_j)^2 over pairs in the lag bin
riverine,20268810,isotropic,6625.0,164.4004644572072,409712,"veg_p05_temporal_mean residual (OLS, Stage 0)",pixel,1988-2022 (35 water years),20000.0,10000,gamma(h) = 0.5 * mean (z_i - z_j)^2 over pairs in the lag bin
riverine,20268810,isotropic,6875.0,160.92987514940526,400575,"veg_p05_temporal_mean residual (OLS, Stage 0)",pixel,1988-2022 (35 water years),20000.0,10000,gamma(h) = 0.5 * mean (z_i - z_j)^2 over pairs in the lag bin
riverine,20268810,isotropic,7125.0,160.05897751830483,391340,"veg_p05_temporal_mean residual (OLS, Stage 0)",pixel,1988-2022 (35 water years),20000.0,10000,gamma(h) = 0.5 * mean (z_i - z_j)^2 over pairs in the lag bin
riverine,20268810,isotropic,7375.0,161.38578377725196,381851,"veg_p05_temporal_mean residual (OLS, Stage 0)",pixel,1988-2022 (35 water years),20000.0,10000,gamma(h) = 0.5 * mean (z_i - z_j)^2 over pairs in the lag bin
riverine,20268810,isotropic,7625.0,159.75620589714296,374195,"veg_p05_temporal_mean residual (OLS, Stage 0)",pixel,1988-2022 (35 water years),20000.0,10000,gamma(h) = 0.5 * mean (z_i - z_j)^2 over pairs in the lag bin
riverine,20268810,isotropic,7875.0,157.2896179476203,367466,"veg_p05_temporal_mean residual (OLS, Stage 0)",pixel,1988-2022 (35 water years),20000.0,10000,gamma(h) = 0.5 * mean (z_i - z_j)^2 over pairs in the lag bin
riverine,20268810,isotropic,8125.0,155.0737605873056,360721,"veg_p05_temporal_mean residual (OLS, Stage 0)",pixel,1988-2022 (35 water years),20000.0,10000,gamma(h) = 0.5 * mean (z_i - z_j)^2 over pairs in the lag bin
riverine,20268810,isotropic,8375.0,150.52316910905347,352387,"veg_p05_temporal_mean residual (OLS, Stage 0)",pixel,1988-2022 (35 water years),20000.0,10000,gamma(h) = 0.5 * mean (z_i - z_j)^2 over pairs in the lag bin
riverine,20268810,isotropic,8625.0,146.06387243802217,339712,"veg_p05_temporal_mean residual (OLS, Stage 0)",pixel,1988-2022 (35 water years),20000.0,10000,gamma(h) = 0.5 * mean (z_i - z_j)^2 over pairs in the lag bin
riverine,20268810,isotropic,8875.0,145.17024383255227,322592,"veg_p05_temporal_mean residual (OLS, Stage 0)",pixel,1988-2022 (35 water years),20000.0,10000,gamma(h) = 0.5 * mean (z_i - z_j)^2 over pairs in the lag bin
riverine,20268810,isotropic,9125.0,143.68385025297533,306010,"veg_p05_temporal_mean residual (OLS, Stage 0)",pixel,1988-2022 (35 water years),20000.0,10000,gamma(h) = 0.5 * mean (z_i - z_j)^2 over pairs in the lag bin
riverine,20268810,isotropic,9375.0,145.067786556305,294631,"veg_p05_temporal_mean residual (OLS, Stage 0)",pixel,1988-2022 (35 water years),20000.0,10000,gamma(h) = 0.5 * mean (z_i - z_j)^2 over pairs in the lag bin
riverine,20268810,isotropic,9625.0,148.97705931568007,285510,"veg_p05_temporal_mean residual (OLS, Stage 0)",pixel,1988-2022 (35 water years),20000.0,10000,gamma(h) = 0.5 * mean (z_i - z_j)^2 over pairs in the lag bin
riverine,20268810,isotropic,9875.0,149.4174700969017,281109,"veg_p05_temporal_mean residual (OLS, Stage 0)",pixel,1988-2022 (35 water years),20000.0,10000,gamma(h) = 0.5 * mean (z_i - z_j)^2 over pairs in the lag bin
riverine,20268810,isotropic,10125.0,147.80752102428988,273236,"veg_p05_temporal_mean residual (OLS, Stage 0)",pixel,1988-2022 (35 water years),20000.0,10000,gamma(h) = 0.5 * mean (z_i - z_j)^2 over pairs in the lag bin
riverine,20268810,isotropic,10375.0,146.31389000637836,265843,"veg_p05_temporal_mean residual (OLS, Stage 0)",pixel,1988-2022 (35 water years),20000.0,10000,gamma(h) = 0.5 * mean (z_i - z_j)^2 over pairs in the lag bin
riverine,20268810,isotropic,10625.0,143.48746086969362,260792,"veg_p05_temporal_mean residual (OLS, Stage 0)",pixel,1988-2022 (35 water years),20000.0,10000,gamma(h) = 0.5 * mean (z_i - z_j)^2 over pairs in the lag bin
riverine,20268810,isotropic,10875.0,142.4613549539462,256741,"veg_p05_temporal_mean residual (OLS, Stage 0)",pixel,1988-2022 (35 water years),20000.0,10000,gamma(h) = 0.5 * mean (z_i - z_j)^2 over pairs in the lag bin
riverine,20268810,isotropic,11125.0,142.57890247822948,254831,"veg_p05_temporal_mean residual (OLS, Stage 0)",pixel,1988-2022 (35 water years),20000.0,10000,gamma(h) = 0.5 * mean (z_i - z_j)^2 over pairs in the lag bin
riverine,20268810,isotropic,11375.0,145.0740108094583,249268,"veg_p05_temporal_mean residual (OLS, Stage 0)",pixel,1988-2022 (35 water years),20000.0,10000,gamma(h) = 0.5 * mean (z_i - z_j)^2 over pairs in the lag bin
riverine,20268810,isotropic,11625.0,147.26953352517788,245504,"veg_p05_temporal_mean residual (OLS, Stage 0)",pixel,1988-2022 (35 water years),20000.0,10000,gamma(h) = 0.5 * mean (z_i - z_j)^2 over pairs in the lag bin
riverine,20268810,isotropic,11875.0,148.0857678998204,244237,"veg_p05_temporal_mean residual (OLS, Stage 0)",pixel,1988-2022 (35 water years),20000.0,10000,gamma(h) = 0.5 * mean (z_i - z_j)^2 over pairs in the lag bin
riverine,20268810,isotropic,12125.0,147.11118100878082,247909,"veg_p05_temporal_mean residual (OLS, Stage 0)",pixel,1988-2022 (35 water years),20000.0,10000,gamma(h) = 0.5 * mean (z_i - z_j)^2 over pairs in the lag bin
riverine,20268810,isotropic,12375.0,145.88378995383886,251481,"veg_p05_temporal_mean residual (OLS, Stage 0)",pixel,1988-2022 (35 water years),20000.0,10000,gamma(h) = 0.5 * mean (z_i - z_j)^2 over pairs in the lag bin
riverine,20268810,isotropic,12625.0,142.31671590483225,257571,"veg_p05_temporal_mean residual (OLS, Stage 0)",pixel,1988-2022 (35 water years),20000.0,10000,gamma(h) = 0.5 * mean (z_i - z_j)^2 over pairs in the lag bin
riverine,20268810,isotropic,12875.0,142.53419374676696,261059,"veg_p05_temporal_mean residual (OLS, Stage 0)",pixel,1988-2022 (35 water years),20000.0,10000,gamma(h) = 0.5 * mean (z_i - z_j)^2 over pairs in the lag bin
riverine,20268810,isotropic,13125.0,141.5357103902608,258583,"veg_p05_temporal_mean residual (OLS, Stage 0)",pixel,1988-2022 (35 water years),20000.0,10000,gamma(h) = 0.5 * mean (z_i - z_j)^2 over pairs in the lag bin
riverine,20268810,isotropic,13375.0,140.09943334771566,256938,"veg_p05_temporal_mean residual (OLS, Stage 0)",pixel,1988-2022 (35 water years),20000.0,10000,gamma(h) = 0.5 * mean (z_i - z_j)^2 over pairs in the lag bin
riverine,20268810,isotropic,13625.0,135.96000535262087,252128,"veg_p05_temporal_mean residual (OLS, Stage 0)",pixel,1988-2022 (35 water years),20000.0,10000,gamma(h) = 0.5 * mean (z_i - z_j)^2 over pairs in the lag bin
riverine,20268810,isotropic,13875.0,129.70132767277082,249093,"veg_p05_temporal_mean residual (OLS, Stage 0)",pixel,1988-2022 (35 water years),20000.0,10000,gamma(h) = 0.5 * mean (z_i - z_j)^2 over pairs in the lag bin
riverine,20268810,isotropic,14125.0,124.21310015438928,247137,"veg_p05_temporal_mean residual (OLS, Stage 0)",pixel,1988-2022 (35 water years),20000.0,10000,gamma(h) = 0.5 * mean (z_i - z_j)^2 over pairs in the lag bin
riverine,20268810,isotropic,14375.0,121.07047847852834,246349,"veg_p05_temporal_mean residual (OLS, Stage 0)",pixel,1988-2022 (35 water years),20000.0,10000,gamma(h) = 0.5 * mean (z_i - z_j)^2 over pairs in the lag bin
riverine,20268810,isotropic,14625.0,122.11663017599088,241921,"veg_p05_temporal_mean residual (OLS, Stage 0)",pixel,1988-2022 (35 water years),20000.0,10000,gamma(h) = 0.5 * mean (z_i - z_j)^2 over pairs in the lag bin
riverine,20268810,isotropic,14875.0,124.37346860099586,243760,"veg_p05_temporal_mean residual (OLS, Stage 0)",pixel,1988-2022 (35 water years),20000.0,10000,gamma(h) = 0.5 * mean (z_i - z_j)^2 over pairs in the lag bin
riverine,20268810,isotropic,15125.0,124.29358625356349,245677,"veg_p05_temporal_mean residual (OLS, Stage 0)",pixel,1988-2022 (35 water years),20000.0,10000,gamma(h) = 0.5 * mean (z_i - z_j)^2 over pairs in the lag bin
riverine,20268810,isotropic,15375.0,122.86454071410003,249899,"veg_p05_temporal_mean residual (OLS, Stage 0)",pixel,1988-2022 (35 water years),20000.0,10000,gamma(h) = 0.5 * mean (z_i - z_j)^2 over pairs in the lag bin
riverine,20268810,isotropic,15625.0,120.56795136805485,251832,"veg_p05_temporal_mean residual (OLS, Stage 0)",pixel,1988-2022 (35 water years),20000.0,10000,gamma(h) = 0.5 * mean (z_i - z_j)^2 over pairs in the lag bin
riverine,20268810,isotropic,15875.0,120.61980069182883,257441,"veg_p05_temporal_mean residual (OLS, Stage 0)",pixel,1988-2022 (35 water years),20000.0,10000,gamma(h) = 0.5 * mean (z_i - z_j)^2 over pairs in the lag bin
riverine,20268810,isotropic,16125.0,120.12900784210757,263661,"veg_p05_temporal_mean residual (OLS, Stage 0)",pixel,1988-2022 (35 water years),20000.0,10000,gamma(h) = 0.5 * mean (z_i - z_j)^2 over pairs in the lag bin
riverine,20268810,isotropic,16375.0,120.68576760445103,269940,"veg_p05_temporal_mean residual (OLS, Stage 0)",pixel,1988-2022 (35 water years),20000.0,10000,gamma(h) = 0.5 * mean (z_i - z_j)^2 over pairs in the lag bin
riverine,20268810,isotropic,16625.0,120.970127124342,273223,"veg_p05_temporal_mean residual (OLS, Stage 0)",pixel,1988-2022 (35 water years),20000.0,10000,gamma(h) = 0.5 * mean (z_i - z_j)^2 over pairs in the lag bin
riverine,20268810,isotropic,16875.0,120.14664859532353,272780,"veg_p05_temporal_mean residual (OLS, Stage 0)",pixel,1988-2022 (35 water years),20000.0,10000,gamma(h) = 0.5 * mean (z_i - z_j)^2 over pairs in the lag bin
riverine,20268810,isotropic,17125.0,120.61953502533595,278231,"veg_p05_temporal_mean residual (OLS, Stage 0)",pixel,1988-2022 (35 water years),20000.0,10000,gamma(h) = 0.5 * mean (z_i - z_j)^2 over pairs in the lag bin
riverine,20268810,isotropic,17375.0,121.29213148438791,284047,"veg_p05_temporal_mean residual (OLS, Stage 0)",pixel,1988-2022 (35 water years),20000.0,10000,gamma(h) = 0.5 * mean (z_i - z_j)^2 over pairs in the lag bin
riverine,20268810,isotropic,17625.0,123.47199545223918,291360,"veg_p05_temporal_mean residual (OLS, Stage 0)",pixel,1988-2022 (35 water years),20000.0,10000,gamma(h) = 0.5 * mean (z_i - z_j)^2 over pairs in the lag bin
riverine,20268810,isotropic,17875.0,124.72871536350284,298519,"veg_p05_temporal_mean residual (OLS, Stage 0)",pixel,1988-2022 (35 water years),20000.0,10000,gamma(h) = 0.5 * mean (z_i - z_j)^2 over pairs in the lag bin
riverine,20268810,isotropic,18125.0,123.95087959942916,304443,"veg_p05_temporal_mean residual (OLS, Stage 0)",pixel,1988-2022 (35 water years),20000.0,10000,gamma(h) = 0.5 * mean (z_i - z_j)^2 over pairs in the lag bin
riverine,20268810,isotropic,18375.0,123.21649810762906,311418,"veg_p05_temporal_mean residual (OLS, Stage 0)",pixel,1988-2022 (35 water years),20000.0,10000,gamma(h) = 0.5 * mean (z_i - z_j)^2 over pairs in the lag bin
riverine,20268810,isotropic,18625.0,125.68744081606708,318695,"veg_p05_temporal_mean residual (OLS, Stage 0)",pixel,1988-2022 (35 water years),20000.0,10000,gamma(h) = 0.5 * mean (z_i - z_j)^2 over pairs in the lag bin
riverine,20268810,isotropic,18875.0,129.99786434128376,325158,"veg_p05_temporal_mean residual (OLS, Stage 0)",pixel,1988-2022 (35 water years),20000.0,10000,gamma(h) = 0.5 * mean (z_i - z_j)^2 over pairs in the lag bin
riverine,20268810,isotropic,19125.0,132.63492614576506,326967,"veg_p05_temporal_mean residual (OLS, Stage 0)",pixel,1988-2022 (35 water years),20000.0,10000,gamma(h) = 0.5 * mean (z_i - z_j)^2 over pairs in the lag bin
riverine,20268810,isotropic,19375.0,134.27965629112788,326081,"veg_p05_temporal_mean residual (OLS, Stage 0)",pixel,1988-2022 (35 water years),20000.0,10000,gamma(h) = 0.5 * mean (z_i - z_j)^2 over pairs in the lag bin
riverine,20268810,isotropic,19625.0,133.23010600501874,327053,"veg_p05_temporal_mean residual (OLS, Stage 0)",pixel,1988-2022 (35 water years),20000.0,10000,gamma(h) = 0.5 * mean (z_i - z_j)^2 over pairs in the lag bin
riverine,20268810,isotropic,19875.0,131.9356499045603,328081,"veg_p05_temporal_mean residual (OLS, Stage 0)",pixel,1988-2022 (35 water years),20000.0,10000,gamma(h) = 0.5 * mean (z_i - z_j)^2 over pairs in the lag bin
riverine,20269810,isotropic,125.0,42.811194282839466,66245,"veg_p05_temporal_mean residual (OLS, Stage 0)",pixel,1988-2022 (35 water years),20000.0,10000,gamma(h) = 0.5 * mean (z_i - z_j)^2 over pairs in the lag bin
riverine,20269810,isotropic,375.0,68.6084814670117,160396,"veg_p05_temporal_mean residual (OLS, Stage 0)",pixel,1988-2022 (35 water years),20000.0,10000,gamma(h) = 0.5 * mean (z_i - z_j)^2 over pairs in the lag bin
riverine,20269810,isotropic,625.0,86.22067283471466,227723,"veg_p05_temporal_mean residual (OLS, Stage 0)",pixel,1988-2022 (35 water years),20000.0,10000,gamma(h) = 0.5 * mean (z_i - z_j)^2 over pairs in the lag bin
riverine,20269810,isotropic,875.0,100.08591464342302,273677,"veg_p05_temporal_mean residual (OLS, Stage 0)",pixel,1988-2022 (35 water years),20000.0,10000,gamma(h) = 0.5 * mean (z_i - z_j)^2 over pairs in the lag bin
riverine,20269810,isotropic,1125.0,109.5827576357221,310432,"veg_p05_temporal_mean residual (OLS, Stage 0)",pixel,1988-2022 (35 water years),20000.0,10000,gamma(h) = 0.5 * mean (z_i - z_j)^2 over pairs in the lag bin
riverine,20269810,isotropic,1375.0,116.00423180574394,344348,"veg_p05_temporal_mean residual (OLS, Stage 0)",pixel,1988-2022 (35 water years),20000.0,10000,gamma(h) = 0.5 * mean (z_i - z_j)^2 over pairs in the lag bin
riverine,20269810,isotropic,1625.0,120.262877922616,373486,"veg_p05_temporal_mean residual (OLS, Stage 0)",pixel,1988-2022 (35 water years),20000.0,10000,gamma(h) = 0.5 * mean (z_i - z_j)^2 over pairs in the lag bin
riverine,20269810,isotropic,1875.0,123.40884021415707,394690,"veg_p05_temporal_mean residual (OLS, Stage 0)",pixel,1988-2022 (35 water years),20000.0,10000,gamma(h) = 0.5 * mean (z_i - z_j)^2 over pairs in the lag bin
riverine,20269810,isotropic,2125.0,126.36795978829313,407289,"veg_p05_temporal_mean residual (OLS, Stage 0)",pixel,1988-2022 (35 water years),20000.0,10000,gamma(h) = 0.5 * mean (z_i - z_j)^2 over pairs in the lag bin
riverine,20269810,isotropic,2375.0,133.02051842516832,416392,"veg_p05_temporal_mean residual (OLS, Stage 0)",pixel,1988-2022 (35 water years),20000.0,10000,gamma(h) = 0.5 * mean (z_i - z_j)^2 over pairs in the lag bin
riverine,20269810,isotropic,2625.0,139.68686472932183,431033,"veg_p05_temporal_mean residual (OLS, Stage 0)",pixel,1988-2022 (35 water years),20000.0,10000,gamma(h) = 0.5 * mean (z_i - z_j)^2 over pairs in the lag bin
riverine,20269810,isotropic,2875.0,145.79531995294533,437463,"veg_p05_temporal_mean residual (OLS, Stage 0)",pixel,1988-2022 (35 water years),20000.0,10000,gamma(h) = 0.5 * mean (z_i - z_j)^2 over pairs in the lag bin
riverine,20269810,isotropic,3125.0,150.38363759665467,442425,"veg_p05_temporal_mean residual (OLS, Stage 0)",pixel,1988-2022 (35 water years),20000.0,10000,gamma(h) = 0.5 * mean (z_i - z_j)^2 over pairs in the lag bin
riverine,20269810,isotropic,3375.0,155.90874015518153,442810,"veg_p05_temporal_mean residual (OLS, Stage 0)",pixel,1988-2022 (35 water years),20000.0,10000,gamma(h) = 0.5 * mean (z_i - z_j)^2 over pairs in the lag bin
riverine,20269810,isotropic,3625.0,159.96319428697257,438075,"veg_p05_temporal_mean residual (OLS, Stage 0)",pixel,1988-2022 (35 water years),20000.0,10000,gamma(h) = 0.5 * mean (z_i - z_j)^2 over pairs in the lag bin
riverine,20269810,isotropic,3875.0,160.8533800241311,435070,"veg_p05_temporal_mean residual (OLS, Stage 0)",pixel,1988-2022 (35 water years),20000.0,10000,gamma(h) = 0.5 * mean (z_i - z_j)^2 over pairs in the lag bin
riverine,20269810,isotropic,4125.0,162.8566741743292,429418,"veg_p05_temporal_mean residual (OLS, Stage 0)",pixel,1988-2022 (35 water years),20000.0,10000,gamma(h) = 0.5 * mean (z_i - z_j)^2 over pairs in the lag bin
riverine,20269810,isotropic,4375.0,165.1851084351066,422893,"veg_p05_temporal_mean residual (OLS, Stage 0)",pixel,1988-2022 (35 water years),20000.0,10000,gamma(h) = 0.5 * mean (z_i - z_j)^2 over pairs in the lag bin
riverine,20269810,isotropic,4625.0,167.0616507914951,424234,"veg_p05_temporal_mean residual (OLS, Stage 0)",pixel,1988-2022 (35 water years),20000.0,10000,gamma(h) = 0.5 * mean (z_i - z_j)^2 over pairs in the lag bin
riverine,20269810,isotropic,4875.0,171.3331845336344,422760,"veg_p05_temporal_mean residual (OLS, Stage 0)",pixel,1988-2022 (35 water years),20000.0,10000,gamma(h) = 0.5 * mean (z_i - z_j)^2 over pairs in the lag bin
riverine,20269810,isotropic,5125.0,172.9225996673432,424765,"veg_p05_temporal_mean residual (OLS, Stage 0)",pixel,1988-2022 (35 water years),20000.0,10000,gamma(h) = 0.5 * mean (z_i - z_j)^2 over pairs in the lag bin
riverine,20269810,isotropic,5375.0,172.8859571595992,426675,"veg_p05_temporal_mean residual (OLS, Stage 0)",pixel,1988-2022 (35 water years),20000.0,10000,gamma(h) = 0.5 * mean (z_i - z_j)^2 over pairs in the lag bin
riverine,20269810,isotropic,5625.0,172.07005790169333,434744,"veg_p05_temporal_mean residual (OLS, Stage 0)",pixel,1988-2022 (35 water years),20000.0,10000,gamma(h) = 0.5 * mean (z_i - z_j)^2 over pairs in the lag bin
riverine,20269810,isotropic,5875.0,172.69029976833258,438518,"veg_p05_temporal_mean residual (OLS, Stage 0)",pixel,1988-2022 (35 water years),20000.0,10000,gamma(h) = 0.5 * mean (z_i - z_j)^2 over pairs in the lag bin
riverine,20269810,isotropic,6125.0,174.2284694956709,434970,"veg_p05_temporal_mean residual (OLS, Stage 0)",pixel,1988-2022 (35 water years),20000.0,10000,gamma(h) = 0.5 * mean (z_i - z_j)^2 over pairs in the lag bin
riverine,20269810,isotropic,6375.0,172.0526031176018,427064,"veg_p05_temporal_mean residual (OLS, Stage 0)",pixel,1988-2022 (35 water years),20000.0,10000,gamma(h) = 0.5 * mean (z_i - z_j)^2 over pairs in the lag bin
riverine,20269810,isotropic,6625.0,167.0680509947743,416943,"veg_p05_temporal_mean residual (OLS, Stage 0)",pixel,1988-2022 (35 water years),20000.0,10000,gamma(h) = 0.5 * mean (z_i - z_j)^2 over pairs in the lag bin
riverine,20269810,isotropic,6875.0,163.73016117606434,404866,"veg_p05_temporal_mean residual (OLS, Stage 0)",pixel,1988-2022 (35 water years),20000.0,10000,gamma(h) = 0.5 * mean (z_i - z_j)^2 over pairs in the lag bin
riverine,20269810,isotropic,7125.0,163.01925203957126,395238,"veg_p05_temporal_mean residual (OLS, Stage 0)",pixel,1988-2022 (35 water years),20000.0,10000,gamma(h) = 0.5 * mean (z_i - z_j)^2 over pairs in the lag bin
riverine,20269810,isotropic,7375.0,163.72814520172486,387872,"veg_p05_temporal_mean residual (OLS, Stage 0)",pixel,1988-2022 (35 water years),20000.0,10000,gamma(h) = 0.5 * mean (z_i - z_j)^2 over pairs in the lag bin
riverine,20269810,isotropic,7625.0,162.85233334934284,381190,"veg_p05_temporal_mean residual (OLS, Stage 0)",pixel,1988-2022 (35 water years),20000.0,10000,gamma(h) = 0.5 * mean (z_i - z_j)^2 over pairs in the lag bin
riverine,20269810,isotropic,7875.0,160.72972726934864,375300,"veg_p05_temporal_mean residual (OLS, Stage 0)",pixel,1988-2022 (35 water years),20000.0,10000,gamma(h) = 0.5 * mean (z_i - z_j)^2 over pairs in the lag bin
riverine,20269810,isotropic,8125.0,156.44271340180768,370378,"veg_p05_temporal_mean residual (OLS, Stage 0)",pixel,1988-2022 (35 water years),20000.0,10000,gamma(h) = 0.5 * mean (z_i - z_j)^2 over pairs in the lag bin
riverine,20269810,isotropic,8375.0,153.57789525627206,364420,"veg_p05_temporal_mean residual (OLS, Stage 0)",pixel,1988-2022 (35 water years),20000.0,10000,gamma(h) = 0.5 * mean (z_i - z_j)^2 over pairs in the lag bin
riverine,20269810,isotropic,8625.0,148.60058976097685,351171,"veg_p05_temporal_mean residual (OLS, Stage 0)",pixel,1988-2022 (35 water years),20000.0,10000,gamma(h) = 0.5 * mean (z_i - z_j)^2 over pairs in the lag bin
riverine,20269810,isotropic,8875.0,147.95388613278882,336108,"veg_p05_temporal_mean residual (OLS, Stage 0)",pixel,1988-2022 (35 water years),20000.0,10000,gamma(h) = 0.5 * mean (z_i - z_j)^2 over pairs in the lag bin
riverine,20269810,isotropic,9125.0,149.0042988297842,321652,"veg_p05_temporal_mean residual (OLS, Stage 0)",pixel,1988-2022 (35 water years),20000.0,10000,gamma(h) = 0.5 * mean (z_i - z_j)^2 over pairs in the lag bin
riverine,20269810,isotropic,9375.0,150.58783833875714,308560,"veg_p05_temporal_mean residual (OLS, Stage 0)",pixel,1988-2022 (35 water years),20000.0,10000,gamma(h) = 0.5 * mean (z_i - z_j)^2 over pairs in the lag bin
riverine,20269810,isotropic,9625.0,153.816348497422,298425,"veg_p05_temporal_mean residual (OLS, Stage 0)",pixel,1988-2022 (35 water years),20000.0,10000,gamma(h) = 0.5 * mean (z_i - z_j)^2 over pairs in the lag bin
riverine,20269810,isotropic,9875.0,153.7013566934725,293048,"veg_p05_temporal_mean residual (OLS, Stage 0)",pixel,1988-2022 (35 water years),20000.0,10000,gamma(h) = 0.5 * mean (z_i - z_j)^2 over pairs in the lag bin
riverine,20269810,isotropic,10125.0,151.58394117107446,286610,"veg_p05_temporal_mean residual (OLS, Stage 0)",pixel,1988-2022 (35 water years),20000.0,10000,gamma(h) = 0.5 * mean (z_i - z_j)^2 over pairs in the lag bin
riverine,20269810,isotropic,10375.0,147.1133651207994,279910,"veg_p05_temporal_mean residual (OLS, Stage 0)",pixel,1988-2022 (35 water years),20000.0,10000,gamma(h) = 0.5 * mean (z_i - z_j)^2 over pairs in the lag bin
riverine,20269810,isotropic,10625.0,143.30140496546758,274026,"veg_p05_temporal_mean residual (OLS, Stage 0)",pixel,1988-2022 (35 water years),20000.0,10000,gamma(h) = 0.5 * mean (z_i - z_j)^2 over pairs in the lag bin
riverine,20269810,isotropic,10875.0,140.77734948933306,269977,"veg_p05_temporal_mean residual (OLS, Stage 0)",pixel,1988-2022 (35 water years),20000.0,10000,gamma(h) = 0.5 * mean (z_i - z_j)^2 over pairs in the lag bin
riverine,20269810,isotropic,11125.0,144.43768077547236,265006,"veg_p05_temporal_mean residual (OLS, Stage 0)",pixel,1988-2022 (35 water years),20000.0,10000,gamma(h) = 0.5 * mean (z_i - z_j)^2 over pairs in the lag bin
riverine,20269810,isotropic,11375.0,148.2227487830457,259721,"veg_p05_temporal_mean residual (OLS, Stage 0)",pixel,1988-2022 (35 water years),20000.0,10000,gamma(h) = 0.5 * mean (z_i - z_j)^2 over pairs in the lag bin
riverine,20269810,isotropic,11625.0,149.5545196899721,254950,"veg_p05_temporal_mean residual (OLS, Stage 0)",pixel,1988-2022 (35 water years),20000.0,10000,gamma(h) = 0.5 * mean (z_i - z_j)^2 over pairs in the lag bin
riverine,20269810,isotropic,11875.0,149.90699550647895,254592,"veg_p05_temporal_mean residual (OLS, Stage 0)",pixel,1988-2022 (35 water years),20000.0,10000,gamma(h) = 0.5 * mean (z_i - z_j)^2 over pairs in the lag bin
riverine,20269810,isotropic,12125.0,147.36355791791902,256265,"veg_p05_temporal_mean residual (OLS, Stage 0)",pixel,1988-2022 (35 water years),20000.0,10000,gamma(h) = 0.5 * mean (z_i - z_j)^2 over pairs in the lag bin
riverine,20269810,isotropic,12375.0,146.27174368268766,260127,"veg_p05_temporal_mean residual (OLS, Stage 0)",pixel,1988-2022 (35 water years),20000.0,10000,gamma(h) = 0.5 * mean (z_i - z_j)^2 over pairs in the lag bin
riverine,20269810,isotropic,12625.0,146.22108430054493,263670,"veg_p05_temporal_mean residual (OLS, Stage 0)",pixel,1988-2022 (35 water years),20000.0,10000,gamma(h) = 0.5 * mean (z_i - z_j)^2 over pairs in the lag bin
riverine,20269810,isotropic,12875.0,143.89619818643496,266508,"veg_p05_temporal_mean residual (OLS, Stage 0)",pixel,1988-2022 (35 water years),20000.0,10000,gamma(h) = 0.5 * mean (z_i - z_j)^2 over pairs in the lag bin
riverine,20269810,isotropic,13125.0,145.5057692290124,268164,"veg_p05_temporal_mean residual (OLS, Stage 0)",pixel,1988-2022 (35 water years),20000.0,10000,gamma(h) = 0.5 * mean (z_i - z_j)^2 over pairs in the lag bin
riverine,20269810,isotropic,13375.0,142.59255041113187,264888,"veg_p05_temporal_mean residual (OLS, Stage 0)",pixel,1988-2022 (35 water years),20000.0,10000,gamma(h) = 0.5 * mean (z_i - z_j)^2 over pairs in the lag bin
riverine,20269810,isotropic,13625.0,137.0681944177694,262758,"veg_p05_temporal_mean residual (OLS, Stage 0)",pixel,1988-2022 (35 water years),20000.0,10000,gamma(h) = 0.5 * mean (z_i - z_j)^2 over pairs in the lag bin
riverine,20269810,isotropic,13875.0,130.0928442363201,257773,"veg_p05_temporal_mean residual (OLS, Stage 0)",pixel,1988-2022 (35 water years),20000.0,10000,gamma(h) = 0.5 * mean (z_i - z_j)^2 over pairs in the lag bin
riverine,20269810,isotropic,14125.0,126.60518228503902,255927,"veg_p05_temporal_mean residual (OLS, Stage 0)",pixel,1988-2022 (35 water years),20000.0,10000,gamma(h) = 0.5 * mean (z_i - z_j)^2 over pairs in the lag bin
riverine,20269810,isotropic,14375.0,124.7976245433148,254067,"veg_p05_temporal_mean residual (OLS, Stage 0)",pixel,1988-2022 (35 water years),20000.0,10000,gamma(h) = 0.5 * mean (z_i - z_j)^2 over pairs in the lag bin
riverine,20269810,isotropic,14625.0,127.0494092131638,247190,"veg_p05_temporal_mean residual (OLS, Stage 0)",pixel,1988-2022 (35 water years),20000.0,10000,gamma(h) = 0.5 * mean (z_i - z_j)^2 over pairs in the lag bin
riverine,20269810,isotropic,14875.0,129.25455465771566,248072,"veg_p05_temporal_mean residual (OLS, Stage 0)",pixel,1988-2022 (35 water years),20000.0,10000,gamma(h) = 0.5 * mean (z_i - z_j)^2 over pairs in the lag bin
riverine,20269810,isotropic,15125.0,128.42147095652078,247746,"veg_p05_temporal_mean residual (OLS, Stage 0)",pixel,1988-2022 (35 water years),20000.0,10000,gamma(h) = 0.5 * mean (z_i - z_j)^2 over pairs in the lag bin
riverine,20269810,isotropic,15375.0,127.37967884677396,248957,"veg_p05_temporal_mean residual (OLS, Stage 0)",pixel,1988-2022 (35 water years),20000.0,10000,gamma(h) = 0.5 * mean (z_i - z_j)^2 over pairs in the lag bin
riverine,20269810,isotropic,15625.0,125.83903563248961,253564,"veg_p05_temporal_mean residual (OLS, Stage 0)",pixel,1988-2022 (35 water years),20000.0,10000,gamma(h) = 0.5 * mean (z_i - z_j)^2 over pairs in the lag bin
riverine,20269810,isotropic,15875.0,123.68747066795297,260227,"veg_p05_temporal_mean residual (OLS, Stage 0)",pixel,1988-2022 (35 water years),20000.0,10000,gamma(h) = 0.5 * mean (z_i - z_j)^2 over pairs in the lag bin
riverine,20269810,isotropic,16125.0,124.06078957337627,266630,"veg_p05_temporal_mean residual (OLS, Stage 0)",pixel,1988-2022 (35 water years),20000.0,10000,gamma(h) = 0.5 * mean (z_i - z_j)^2 over pairs in the lag bin
riverine,20269810,isotropic,16375.0,125.72028139887364,269707,"veg_p05_temporal_mean residual (OLS, Stage 0)",pixel,1988-2022 (35 water years),20000.0,10000,gamma(h) = 0.5 * mean (z_i - z_j)^2 over pairs in the lag bin
riverine,20269810,isotropic,16625.0,126.29875945692744,272545,"veg_p05_temporal_mean residual (OLS, Stage 0)",pixel,1988-2022 (35 water years),20000.0,10000,gamma(h) = 0.5 * mean (z_i - z_j)^2 over pairs in the lag bin
riverine,20269810,isotropic,16875.0,125.44603578103475,272418,"veg_p05_temporal_mean residual (OLS, Stage 0)",pixel,1988-2022 (35 water years),20000.0,10000,gamma(h) = 0.5 * mean (z_i - z_j)^2 over pairs in the lag bin
riverine,20269810,isotropic,17125.0,125.09443673327878,277923,"veg_p05_temporal_mean residual (OLS, Stage 0)",pixel,1988-2022 (35 water years),20000.0,10000,gamma(h) = 0.5 * mean (z_i - z_j)^2 over pairs in the lag bin
riverine,20269810,isotropic,17375.0,124.09369827878155,283011,"veg_p05_temporal_mean residual (OLS, Stage 0)",pixel,1988-2022 (35 water years),20000.0,10000,gamma(h) = 0.5 * mean (z_i - z_j)^2 over pairs in the lag bin
riverine,20269810,isotropic,17625.0,124.1910344003012,292427,"veg_p05_temporal_mean residual (OLS, Stage 0)",pixel,1988-2022 (35 water years),20000.0,10000,gamma(h) = 0.5 * mean (z_i - z_j)^2 over pairs in the lag bin
riverine,20269810,isotropic,17875.0,126.25294141759397,299726,"veg_p05_temporal_mean residual (OLS, Stage 0)",pixel,1988-2022 (35 water years),20000.0,10000,gamma(h) = 0.5 * mean (z_i - z_j)^2 over pairs in the lag bin
riverine,20269810,isotropic,18125.0,126.1887292667925,306612,"veg_p05_temporal_mean residual (OLS, Stage 0)",pixel,1988-2022 (35 water years),20000.0,10000,gamma(h) = 0.5 * mean (z_i - z_j)^2 over pairs in the lag bin
riverine,20269810,isotropic,18375.0,124.73811158930937,315350,"veg_p05_temporal_mean residual (OLS, Stage 0)",pixel,1988-2022 (35 water years),20000.0,10000,gamma(h) = 0.5 * mean (z_i - z_j)^2 over pairs in the lag bin
riverine,20269810,isotropic,18625.0,125.03191433316928,321642,"veg_p05_temporal_mean residual (OLS, Stage 0)",pixel,1988-2022 (35 water years),20000.0,10000,gamma(h) = 0.5 * mean (z_i - z_j)^2 over pairs in the lag bin
riverine,20269810,isotropic,18875.0,131.30914164115376,324865,"veg_p05_temporal_mean residual (OLS, Stage 0)",pixel,1988-2022 (35 water years),20000.0,10000,gamma(h) = 0.5 * mean (z_i - z_j)^2 over pairs in the lag bin
riverine,20269810,isotropic,19125.0,134.40398123824679,324682,"veg_p05_temporal_mean residual (OLS, Stage 0)",pixel,1988-2022 (35 water years),20000.0,10000,gamma(h) = 0.5 * mean (z_i - z_j)^2 over pairs in the lag bin
riverine,20269810,isotropic,19375.0,136.65324272917633,326405,"veg_p05_temporal_mean residual (OLS, Stage 0)",pixel,1988-2022 (35 water years),20000.0,10000,gamma(h) = 0.5 * mean (z_i - z_j)^2 over pairs in the lag bin
riverine,20269810,isotropic,19625.0,136.3153098754899,328065,"veg_p05_temporal_mean residual (OLS, Stage 0)",pixel,1988-2022 (35 water years),20000.0,10000,gamma(h) = 0.5 * mean (z_i - z_j)^2 over pairs in the lag bin
riverine,20269810,isotropic,19875.0,135.68660996124186,325818,"veg_p05_temporal_mean residual (OLS, Stage 0)",pixel,1988-2022 (35 water years),20000.0,10000,gamma(h) = 0.5 * mean (z_i - z_j)^2 over pairs in the lag bin
riverine,20260810,0deg,125.0,42.477870990078905,16152,"veg_p05_temporal_mean residual (OLS, Stage 0)",pixel,1988-2022 (35 water years),20000.0,10000,gamma(h) = 0.5 * mean (z_i - z_j)^2 over pairs in the lag bin
riverine,20260810,0deg,375.0,68.48029271130737,42666,"veg_p05_temporal_mean residual (OLS, Stage 0)",pixel,1988-2022 (35 water years),20000.0,10000,gamma(h) = 0.5 * mean (z_i - z_j)^2 over pairs in the lag bin
riverine,20260810,0deg,625.0,84.88233806921737,61605,"veg_p05_temporal_mean residual (OLS, Stage 0)",pixel,1988-2022 (35 water years),20000.0,10000,gamma(h) = 0.5 * mean (z_i - z_j)^2 over pairs in the lag bin
riverine,20260810,0deg,875.0,94.3987152490124,78024,"veg_p05_temporal_mean residual (OLS, Stage 0)",pixel,1988-2022 (35 water years),20000.0,10000,gamma(h) = 0.5 * mean (z_i - z_j)^2 over pairs in the lag bin
riverine,20260810,0deg,1125.0,104.04252622527382,92313,"veg_p05_temporal_mean residual (OLS, Stage 0)",pixel,1988-2022 (35 water years),20000.0,10000,gamma(h) = 0.5 * mean (z_i - z_j)^2 over pairs in the lag bin
riverine,20260810,0deg,1375.0,109.4603080797872,100481,"veg_p05_temporal_mean residual (OLS, Stage 0)",pixel,1988-2022 (35 water years),20000.0,10000,gamma(h) = 0.5 * mean (z_i - z_j)^2 over pairs in the lag bin
riverine,20260810,0deg,1625.0,109.68837835668361,111155,"veg_p05_temporal_mean residual (OLS, Stage 0)",pixel,1988-2022 (35 water years),20000.0,10000,gamma(h) = 0.5 * mean (z_i - z_j)^2 over pairs in the lag bin
riverine,20260810,0deg,1875.0,111.67160301842755,119975,"veg_p05_temporal_mean residual (OLS, Stage 0)",pixel,1988-2022 (35 water years),20000.0,10000,gamma(h) = 0.5 * mean (z_i - z_j)^2 over pairs in the lag bin
riverine,20260810,0deg,2125.0,114.6637746106642,126359,"veg_p05_temporal_mean residual (OLS, Stage 0)",pixel,1988-2022 (35 water years),20000.0,10000,gamma(h) = 0.5 * mean (z_i - z_j)^2 over pairs in the lag bin
riverine,20260810,0deg,2375.0,120.12483121546597,133225,"veg_p05_temporal_mean residual (OLS, Stage 0)",pixel,1988-2022 (35 water years),20000.0,10000,gamma(h) = 0.5 * mean (z_i - z_j)^2 over pairs in the lag bin
riverine,20260810,0deg,2625.0,127.84563204088667,140931,"veg_p05_temporal_mean residual (OLS, Stage 0)",pixel,1988-2022 (35 water years),20000.0,10000,gamma(h) = 0.5 * mean (z_i - z_j)^2 over pairs in the lag bin
riverine,20260810,0deg,2875.0,131.7160598291886,145608,"veg_p05_temporal_mean residual (OLS, Stage 0)",pixel,1988-2022 (35 water years),20000.0,10000,gamma(h) = 0.5 * mean (z_i - z_j)^2 over pairs in the lag bin
riverine,20260810,0deg,3125.0,133.62326724310853,150171,"veg_p05_temporal_mean residual (OLS, Stage 0)",pixel,1988-2022 (35 water years),20000.0,10000,gamma(h) = 0.5 * mean (z_i - z_j)^2 over pairs in the lag bin
riverine,20260810,0deg,3375.0,134.27979814776927,153777,"veg_p05_temporal_mean residual (OLS, Stage 0)",pixel,1988-2022 (35 water years),20000.0,10000,gamma(h) = 0.5 * mean (z_i - z_j)^2 over pairs in the lag bin
riverine,20260810,0deg,3625.0,136.5364571212864,154854,"veg_p05_temporal_mean residual (OLS, Stage 0)",pixel,1988-2022 (35 water years),20000.0,10000,gamma(h) = 0.5 * mean (z_i - z_j)^2 over pairs in the lag bin
riverine,20260810,0deg,3875.0,141.19056569234718,156388,"veg_p05_temporal_mean residual (OLS, Stage 0)",pixel,1988-2022 (35 water years),20000.0,10000,gamma(h) = 0.5 * mean (z_i - z_j)^2 over pairs in the lag bin
riverine,20260810,0deg,4125.0,151.25820616036498,158645,"veg_p05_temporal_mean residual (OLS, Stage 0)",pixel,1988-2022 (35 water years),20000.0,10000,gamma(h) = 0.5 * mean (z_i - z_j)^2 over pairs in the lag bin
riverine,20260810,0deg,4375.0,159.91339774156762,160154,"veg_p05_temporal_mean residual (OLS, Stage 0)",pixel,1988-2022 (35 water years),20000.0,10000,gamma(h) = 0.5 * mean (z_i - z_j)^2 over pairs in the lag bin
riverine,20260810,0deg,4625.0,165.1706045047276,165308,"veg_p05_temporal_mean residual (OLS, Stage 0)",pixel,1988-2022 (35 water years),20000.0,10000,gamma(h) = 0.5 * mean (z_i - z_j)^2 over pairs in the lag bin
riverine,20260810,0deg,4875.0,172.23134419710175,166489,"veg_p05_temporal_mean residual (OLS, Stage 0)",pixel,1988-2022 (35 water years),20000.0,10000,gamma(h) = 0.5 * mean (z_i - z_j)^2 over pairs in the lag bin
riverine,20260810,0deg,5125.0,179.60550018398206,171013,"veg_p05_temporal_mean residual (OLS, Stage 0)",pixel,1988-2022 (35 water years),20000.0,10000,gamma(h) = 0.5 * mean (z_i - z_j)^2 over pairs in the lag bin
riverine,20260810,0deg,5375.0,184.4293635970604,174583,"veg_p05_temporal_mean residual (OLS, Stage 0)",pixel,1988-2022 (35 water years),20000.0,10000,gamma(h) = 0.5 * mean (z_i - z_j)^2 over pairs in the lag bin
riverine,20260810,0deg,5625.0,185.70398111564228,178584,"veg_p05_temporal_mean residual (OLS, Stage 0)",pixel,1988-2022 (35 water years),20000.0,10000,gamma(h) = 0.5 * mean (z_i - z_j)^2 over pairs in the lag bin
riverine,20260810,0deg,5875.0,188.17382643121198,181259,"veg_p05_temporal_mean residual (OLS, Stage 0)",pixel,1988-2022 (35 water years),20000.0,10000,gamma(h) = 0.5 * mean (z_i - z_j)^2 over pairs in the lag bin
riverine,20260810,0deg,6125.0,186.17730573229383,184960,"veg_p05_temporal_mean residual (OLS, Stage 0)",pixel,1988-2022 (35 water years),20000.0,10000,gamma(h) = 0.5 * mean (z_i - z_j)^2 over pairs in the lag bin
riverine,20260810,0deg,6375.0,182.57380865321252,184549,"veg_p05_temporal_mean residual (OLS, Stage 0)",pixel,1988-2022 (35 water years),20000.0,10000,gamma(h) = 0.5 * mean (z_i - z_j)^2 over pairs in the lag bin
riverine,20260810,0deg,6625.0,176.45617195432672,184177,"veg_p05_temporal_mean residual (OLS, Stage 0)",pixel,1988-2022 (35 water years),20000.0,10000,gamma(h) = 0.5 * mean (z_i - z_j)^2 over pairs in the lag bin
riverine,20260810,0deg,6875.0,171.932974654615,184682,"veg_p05_temporal_mean residual (OLS, Stage 0)",pixel,1988-2022 (35 water years),20000.0,10000,gamma(h) = 0.5 * mean (z_i - z_j)^2 over pairs in the lag bin
riverine,20260810,0deg,7125.0,168.33131250415238,187274,"veg_p05_temporal_mean residual (OLS, Stage 0)",pixel,1988-2022 (35 water years),20000.0,10000,gamma(h) = 0.5 * mean (z_i - z_j)^2 over pairs in the lag bin
riverine,20260810,0deg,7375.0,166.0273257731986,188806,"veg_p05_temporal_mean residual (OLS, Stage 0)",pixel,1988-2022 (35 water years),20000.0,10000,gamma(h) = 0.5 * mean (z_i - z_j)^2 over pairs in the lag bin
riverine,20260810,0deg,7625.0,164.51355494006947,190924,"veg_p05_temporal_mean residual (OLS, Stage 0)",pixel,1988-2022 (35 water years),20000.0,10000,gamma(h) = 0.5 * mean (z_i - z_j)^2 over pairs in the lag bin
riverine,20260810,0deg,7875.0,163.21455528161124,192317,"veg_p05_temporal_mean residual (OLS, Stage 0)",pixel,1988-2022 (35 water years),20000.0,10000,gamma(h) = 0.5 * mean (z_i - z_j)^2 over pairs in the lag bin
riverine,20260810,0deg,8125.0,160.61866096394408,193835,"veg_p05_temporal_mean residual (OLS, Stage 0)",pixel,1988-2022 (35 water years),20000.0,10000,gamma(h) = 0.5 * mean (z_i - z_j)^2 over pairs in the lag bin
riverine,20260810,0deg,8375.0,153.32675928269828,194619,"veg_p05_temporal_mean residual (OLS, Stage 0)",pixel,1988-2022 (35 water years),20000.0,10000,gamma(h) = 0.5 * mean (z_i - z_j)^2 over pairs in the lag bin
riverine,20260810,0deg,8625.0,149.43601923702462,193503,"veg_p05_temporal_mean residual (OLS, Stage 0)",pixel,1988-2022 (35 water years),20000.0,10000,gamma(h) = 0.5 * mean (z_i - z_j)^2 over pairs in the lag bin
riverine,20260810,0deg,8875.0,149.60808291574324,192791,"veg_p05_temporal_mean residual (OLS, Stage 0)",pixel,1988-2022 (35 water years),20000.0,10000,gamma(h) = 0.5 * mean (z_i - z_j)^2 over pairs in the lag bin
riverine,20260810,0deg,9125.0,147.68313550824922,190341,"veg_p05_temporal_mean residual (OLS, Stage 0)",pixel,1988-2022 (35 water years),20000.0,10000,gamma(h) = 0.5 * mean (z_i - z_j)^2 over pairs in the lag bin
riverine,20260810,0deg,9375.0,150.50424942861346,185389,"veg_p05_temporal_mean residual (OLS, Stage 0)",pixel,1988-2022 (35 water years),20000.0,10000,gamma(h) = 0.5 * mean (z_i - z_j)^2 over pairs in the lag bin
riverine,20260810,0deg,9625.0,153.36763002742958,181268,"veg_p05_temporal_mean residual (OLS, Stage 0)",pixel,1988-2022 (35 water years),20000.0,10000,gamma(h) = 0.5 * mean (z_i - z_j)^2 over pairs in the lag bin
riverine,20260810,0deg,9875.0,150.5153663297302,180587,"veg_p05_temporal_mean residual (OLS, Stage 0)",pixel,1988-2022 (35 water years),20000.0,10000,gamma(h) = 0.5 * mean (z_i - z_j)^2 over pairs in the lag bin
riverine,20260810,0deg,10125.0,147.38730684283848,177974,"veg_p05_temporal_mean residual (OLS, Stage 0)",pixel,1988-2022 (35 water years),20000.0,10000,gamma(h) = 0.5 * mean (z_i - z_j)^2 over pairs in the lag bin
riverine,20260810,0deg,10375.0,142.181637085032,177013,"veg_p05_temporal_mean residual (OLS, Stage 0)",pixel,1988-2022 (35 water years),20000.0,10000,gamma(h) = 0.5 * mean (z_i - z_j)^2 over pairs in the lag bin
riverine,20260810,0deg,10625.0,137.40516535859567,175295,"veg_p05_temporal_mean residual (OLS, Stage 0)",pixel,1988-2022 (35 water years),20000.0,10000,gamma(h) = 0.5 * mean (z_i - z_j)^2 over pairs in the lag bin
riverine,20260810,0deg,10875.0,132.60595550817706,173362,"veg_p05_temporal_mean residual (OLS, Stage 0)",pixel,1988-2022 (35 water years),20000.0,10000,gamma(h) = 0.5 * mean (z_i - z_j)^2 over pairs in the lag bin
riverine,20260810,0deg,11125.0,134.4047178571869,171827,"veg_p05_temporal_mean residual (OLS, Stage 0)",pixel,1988-2022 (35 water years),20000.0,10000,gamma(h) = 0.5 * mean (z_i - z_j)^2 over pairs in the lag bin
riverine,20260810,0deg,11375.0,135.2251604831778,168597,"veg_p05_temporal_mean residual (OLS, Stage 0)",pixel,1988-2022 (35 water years),20000.0,10000,gamma(h) = 0.5 * mean (z_i - z_j)^2 over pairs in the lag bin
riverine,20260810,0deg,11625.0,138.63478520026237,165088,"veg_p05_temporal_mean residual (OLS, Stage 0)",pixel,1988-2022 (35 water years),20000.0,10000,gamma(h) = 0.5 * mean (z_i - z_j)^2 over pairs in the lag bin
riverine,20260810,0deg,11875.0,141.10737288537374,162895,"veg_p05_temporal_mean residual (OLS, Stage 0)",pixel,1988-2022 (35 water years),20000.0,10000,gamma(h) = 0.5 * mean (z_i - z_j)^2 over pairs in the lag bin
riverine,20260810,0deg,12125.0,140.07100978298647,159383,"veg_p05_temporal_mean residual (OLS, Stage 0)",pixel,1988-2022 (35 water years),20000.0,10000,gamma(h) = 0.5 * mean (z_i - z_j)^2 over pairs in the lag bin
riverine,20260810,0deg,12375.0,141.11901740289392,160978,"veg_p05_temporal_mean residual (OLS, Stage 0)",pixel,1988-2022 (35 water years),20000.0,10000,gamma(h) = 0.5 * mean (z_i - z_j)^2 over pairs in the lag bin
riverine,20260810,0deg,12625.0,147.26452424255945,161911,"veg_p05_temporal_mean residual (OLS, Stage 0)",pixel,1988-2022 (35 water years),20000.0,10000,gamma(h) = 0.5 * mean (z_i - z_j)^2 over pairs in the lag bin
riverine,20260810,0deg,12875.0,149.0707380568561,162885,"veg_p05_temporal_mean residual (OLS, Stage 0)",pixel,1988-2022 (35 water years),20000.0,10000,gamma(h) = 0.5 * mean (z_i - z_j)^2 over pairs in the lag bin
riverine,20260810,0deg,13125.0,151.0150010926124,162604,"veg_p05_temporal_mean residual (OLS, Stage 0)",pixel,1988-2022 (35 water years),20000.0,10000,gamma(h) = 0.5 * mean (z_i - z_j)^2 over pairs in the lag bin
riverine,20260810,0deg,13375.0,147.73815702599626,161921,"veg_p05_temporal_mean residual (OLS, Stage 0)",pixel,1988-2022 (35 water years),20000.0,10000,gamma(h) = 0.5 * mean (z_i - z_j)^2 over pairs in the lag bin
riverine,20260810,0deg,13625.0,139.02670910991444,161829,"veg_p05_temporal_mean residual (OLS, Stage 0)",pixel,1988-2022 (35 water years),20000.0,10000,gamma(h) = 0.5 * mean (z_i - z_j)^2 over pairs in the lag bin
riverine,20260810,0deg,13875.0,127.26870857553267,158730,"veg_p05_temporal_mean residual (OLS, Stage 0)",pixel,1988-2022 (35 water years),20000.0,10000,gamma(h) = 0.5 * mean (z_i - z_j)^2 over pairs in the lag bin
riverine,20260810,0deg,14125.0,120.62801565761927,156636,"veg_p05_temporal_mean residual (OLS, Stage 0)",pixel,1988-2022 (35 water years),20000.0,10000,gamma(h) = 0.5 * mean (z_i - z_j)^2 over pairs in the lag bin
riverine,20260810,0deg,14375.0,121.38120510612227,154674,"veg_p05_temporal_mean residual (OLS, Stage 0)",pixel,1988-2022 (35 water years),20000.0,10000,gamma(h) = 0.5 * mean (z_i - z_j)^2 over pairs in the lag bin
riverine,20260810,0deg,14625.0,125.75424252882583,151299,"veg_p05_temporal_mean residual (OLS, Stage 0)",pixel,1988-2022 (35 water years),20000.0,10000,gamma(h) = 0.5 * mean (z_i - z_j)^2 over pairs in the lag bin
riverine,20260810,0deg,14875.0,128.15453062837668,149654,"veg_p05_temporal_mean residual (OLS, Stage 0)",pixel,1988-2022 (35 water years),20000.0,10000,gamma(h) = 0.5 * mean (z_i - z_j)^2 over pairs in the lag bin
riverine,20260810,0deg,15125.0,127.91071408392406,149550,"veg_p05_temporal_mean residual (OLS, Stage 0)",pixel,1988-2022 (35 water years),20000.0,10000,gamma(h) = 0.5 * mean (z_i - z_j)^2 over pairs in the lag bin
riverine,20260810,0deg,15375.0,124.65516037572591,150737,"veg_p05_temporal_mean residual (OLS, Stage 0)",pixel,1988-2022 (35 water years),20000.0,10000,gamma(h) = 0.5 * mean (z_i - z_j)^2 over pairs in the lag bin
riverine,20260810,0deg,15625.0,122.24868032994607,153076,"veg_p05_temporal_mean residual (OLS, Stage 0)",pixel,1988-2022 (35 water years),20000.0,10000,gamma(h) = 0.5 * mean (z_i - z_j)^2 over pairs in the lag bin
riverine,20260810,0deg,15875.0,118.87379707663092,155250,"veg_p05_temporal_mean residual (OLS, Stage 0)",pixel,1988-2022 (35 water years),20000.0,10000,gamma(h) = 0.5 * mean (z_i - z_j)^2 over pairs in the lag bin
riverine,20260810,0deg,16125.0,116.64802495191087,160082,"veg_p05_temporal_mean residual (OLS, Stage 0)",pixel,1988-2022 (35 water years),20000.0,10000,gamma(h) = 0.5 * mean (z_i - z_j)^2 over pairs in the lag bin
riverine,20260810,0deg,16375.0,115.65968805923377,163094,"veg_p05_temporal_mean residual (OLS, Stage 0)",pixel,1988-2022 (35 water years),20000.0,10000,gamma(h) = 0.5 * mean (z_i - z_j)^2 over pairs in the lag bin
riverine,20260810,0deg,16625.0,114.28569755893008,166007,"veg_p05_temporal_mean residual (OLS, Stage 0)",pixel,1988-2022 (35 water years),20000.0,10000,gamma(h) = 0.5 * mean (z_i - z_j)^2 over pairs in the lag bin
riverine,20260810,0deg,16875.0,115.33033596650137,167634,"veg_p05_temporal_mean residual (OLS, Stage 0)",pixel,1988-2022 (35 water years),20000.0,10000,gamma(h) = 0.5 * mean (z_i - z_j)^2 over pairs in the lag bin
riverine,20260810,0deg,17125.0,116.07162585451515,171097,"veg_p05_temporal_mean residual (OLS, Stage 0)",pixel,1988-2022 (35 water years),20000.0,10000,gamma(h) = 0.5 * mean (z_i - z_j)^2 over pairs in the lag bin
riverine,20260810,0deg,17375.0,116.00595195776219,171353,"veg_p05_temporal_mean residual (OLS, Stage 0)",pixel,1988-2022 (35 water years),20000.0,10000,gamma(h) = 0.5 * mean (z_i - z_j)^2 over pairs in the lag bin
riverine,20260810,0deg,17625.0,114.39384618535803,171836,"veg_p05_temporal_mean residual (OLS, Stage 0)",pixel,1988-2022 (35 water years),20000.0,10000,gamma(h) = 0.5 * mean (z_i - z_j)^2 over pairs in the lag bin
riverine,20260810,0deg,17875.0,116.7979609869674,169199,"veg_p05_temporal_mean residual (OLS, Stage 0)",pixel,1988-2022 (35 water years),20000.0,10000,gamma(h) = 0.5 * mean (z_i - z_j)^2 over pairs in the lag bin
riverine,20260810,0deg,18125.0,117.86449252921464,166800,"veg_p05_temporal_mean residual (OLS, Stage 0)",pixel,1988-2022 (35 water years),20000.0,10000,gamma(h) = 0.5 * mean (z_i - z_j)^2 over pairs in the lag bin
riverine,20260810,0deg,18375.0,117.53092327794104,164696,"veg_p05_temporal_mean residual (OLS, Stage 0)",pixel,1988-2022 (35 water years),20000.0,10000,gamma(h) = 0.5 * mean (z_i - z_j)^2 over pairs in the lag bin
riverine,20260810,0deg,18625.0,123.24231688013623,163935,"veg_p05_temporal_mean residual (OLS, Stage 0)",pixel,1988-2022 (35 water years),20000.0,10000,gamma(h) = 0.5 * mean (z_i - z_j)^2 over pairs in the lag bin
riverine,20260810,0deg,18875.0,132.7362447467045,165210,"veg_p05_temporal_mean residual (OLS, Stage 0)",pixel,1988-2022 (35 water years),20000.0,10000,gamma(h) = 0.5 * mean (z_i - z_j)^2 over pairs in the lag bin
riverine,20260810,0deg,19125.0,138.4594323101646,164240,"veg_p05_temporal_mean residual (OLS, Stage 0)",pixel,1988-2022 (35 water years),20000.0,10000,gamma(h) = 0.5 * mean (z_i - z_j)^2 over pairs in the lag bin
riverine,20260810,0deg,19375.0,147.43375869258583,162460,"veg_p05_temporal_mean residual (OLS, Stage 0)",pixel,1988-2022 (35 water years),20000.0,10000,gamma(h) = 0.5 * mean (z_i - z_j)^2 over pairs in the lag bin
riverine,20260810,0deg,19625.0,151.37084019821057,161010,"veg_p05_temporal_mean residual (OLS, Stage 0)",pixel,1988-2022 (35 water years),20000.0,10000,gamma(h) = 0.5 * mean (z_i - z_j)^2 over pairs in the lag bin
riverine,20260810,0deg,19875.0,151.41050185994183,158995,"veg_p05_temporal_mean residual (OLS, Stage 0)",pixel,1988-2022 (35 water years),20000.0,10000,gamma(h) = 0.5 * mean (z_i - z_j)^2 over pairs in the lag bin
riverine,20260810,45deg,125.0,43.16564947854664,17269,"veg_p05_temporal_mean residual (OLS, Stage 0)",pixel,1988-2022 (35 water years),20000.0,10000,gamma(h) = 0.5 * mean (z_i - z_j)^2 over pairs in the lag bin
riverine,20260810,45deg,375.0,65.94139952963847,41035,"veg_p05_temporal_mean residual (OLS, Stage 0)",pixel,1988-2022 (35 water years),20000.0,10000,gamma(h) = 0.5 * mean (z_i - z_j)^2 over pairs in the lag bin
riverine,20260810,45deg,625.0,82.00535563019089,58425,"veg_p05_temporal_mean residual (OLS, Stage 0)",pixel,1988-2022 (35 water years),20000.0,10000,gamma(h) = 0.5 * mean (z_i - z_j)^2 over pairs in the lag bin
riverine,20260810,45deg,875.0,90.14207833273414,69271,"veg_p05_temporal_mean residual (OLS, Stage 0)",pixel,1988-2022 (35 water years),20000.0,10000,gamma(h) = 0.5 * mean (z_i - z_j)^2 over pairs in the lag bin
riverine,20260810,45deg,1125.0,96.42298646280555,78187,"veg_p05_temporal_mean residual (OLS, Stage 0)",pixel,1988-2022 (35 water years),20000.0,10000,gamma(h) = 0.5 * mean (z_i - z_j)^2 over pairs in the lag bin
riverine,20260810,45deg,1375.0,106.10045925050437,86988,"veg_p05_temporal_mean residual (OLS, Stage 0)",pixel,1988-2022 (35 water years),20000.0,10000,gamma(h) = 0.5 * mean (z_i - z_j)^2 over pairs in the lag bin
riverine,20260810,45deg,1625.0,113.72712537843533,92246,"veg_p05_temporal_mean residual (OLS, Stage 0)",pixel,1988-2022 (35 water years),20000.0,10000,gamma(h) = 0.5 * mean (z_i - z_j)^2 over pairs in the lag bin
riverine,20260810,45deg,1875.0,124.84536672823276,102080,"veg_p05_temporal_mean residual (OLS, Stage 0)",pixel,1988-2022 (35 water years),20000.0,10000,gamma(h) = 0.5 * mean (z_i - z_j)^2 over pairs in the lag bin
riverine,20260810,45deg,2125.0,133.5534387696045,109202,"veg_p05_temporal_mean residual (OLS, Stage 0)",pixel,1988-2022 (35 water years),20000.0,10000,gamma(h) = 0.5 * mean (z_i - z_j)^2 over pairs in the lag bin
riverine,20260810,45deg,2375.0,135.22055130269678,114811,"veg_p05_temporal_mean residual (OLS, Stage 0)",pixel,1988-2022 (35 water years),20000.0,10000,gamma(h) = 0.5 * mean (z_i - z_j)^2 over pairs in the lag bin
riverine,20260810,45deg,2625.0,135.22204217918667,120118,"veg_p05_temporal_mean residual (OLS, Stage 0)",pixel,1988-2022 (35 water years),20000.0,10000,gamma(h) = 0.5 * mean (z_i - z_j)^2 over pairs in the lag bin
riverine,20260810,45deg,2875.0,133.1951688043103,121482,"veg_p05_temporal_mean residual (OLS, Stage 0)",pixel,1988-2022 (35 water years),20000.0,10000,gamma(h) = 0.5 * mean (z_i - z_j)^2 over pairs in the lag bin
riverine,20260810,45deg,3125.0,139.61401110048993,123310,"veg_p05_temporal_mean residual (OLS, Stage 0)",pixel,1988-2022 (35 water years),20000.0,10000,gamma(h) = 0.5 * mean (z_i - z_j)^2 over pairs in the lag bin
riverine,20260810,45deg,3375.0,146.49888646280775,125653,"veg_p05_temporal_mean residual (OLS, Stage 0)",pixel,1988-2022 (35 water years),20000.0,10000,gamma(h) = 0.5 * mean (z_i - z_j)^2 over pairs in the lag bin
riverine,20260810,45deg,3625.0,145.03647047165663,123750,"veg_p05_temporal_mean residual (OLS, Stage 0)",pixel,1988-2022 (35 water years),20000.0,10000,gamma(h) = 0.5 * mean (z_i - z_j)^2 over pairs in the lag bin
riverine,20260810,45deg,3875.0,142.25659159496075,126539,"veg_p05_temporal_mean residual (OLS, Stage 0)",pixel,1988-2022 (35 water years),20000.0,10000,gamma(h) = 0.5 * mean (z_i - z_j)^2 over pairs in the lag bin
riverine,20260810,45deg,4125.0,139.93129812367744,126607,"veg_p05_temporal_mean residual (OLS, Stage 0)",pixel,1988-2022 (35 water years),20000.0,10000,gamma(h) = 0.5 * mean (z_i - z_j)^2 over pairs in the lag bin
riverine,20260810,45deg,4375.0,140.90530796825183,125694,"veg_p05_temporal_mean residual (OLS, Stage 0)",pixel,1988-2022 (35 water years),20000.0,10000,gamma(h) = 0.5 * mean (z_i - z_j)^2 over pairs in the lag bin
riverine,20260810,45deg,4625.0,144.451764733015,126481,"veg_p05_temporal_mean residual (OLS, Stage 0)",pixel,1988-2022 (35 water years),20000.0,10000,gamma(h) = 0.5 * mean (z_i - z_j)^2 over pairs in the lag bin
riverine,20260810,45deg,4875.0,146.80577794613393,125531,"veg_p05_temporal_mean residual (OLS, Stage 0)",pixel,1988-2022 (35 water years),20000.0,10000,gamma(h) = 0.5 * mean (z_i - z_j)^2 over pairs in the lag bin
riverine,20260810,45deg,5125.0,142.18649870369,125995,"veg_p05_temporal_mean residual (OLS, Stage 0)",pixel,1988-2022 (35 water years),20000.0,10000,gamma(h) = 0.5 * mean (z_i - z_j)^2 over pairs in the lag bin
riverine,20260810,45deg,5375.0,142.67310305672922,124591,"veg_p05_temporal_mean residual (OLS, Stage 0)",pixel,1988-2022 (35 water years),20000.0,10000,gamma(h) = 0.5 * mean (z_i - z_j)^2 over pairs in the lag bin
riverine,20260810,45deg,5625.0,143.54953364743932,126382,"veg_p05_temporal_mean residual (OLS, Stage 0)",pixel,1988-2022 (35 water years),20000.0,10000,gamma(h) = 0.5 * mean (z_i - z_j)^2 over pairs in the lag bin
riverine,20260810,45deg,5875.0,143.92691778331167,128581,"veg_p05_temporal_mean residual (OLS, Stage 0)",pixel,1988-2022 (35 water years),20000.0,10000,gamma(h) = 0.5 * mean (z_i - z_j)^2 over pairs in the lag bin
riverine,20260810,45deg,6125.0,141.94342519253772,127046,"veg_p05_temporal_mean residual (OLS, Stage 0)",pixel,1988-2022 (35 water years),20000.0,10000,gamma(h) = 0.5 * mean (z_i - z_j)^2 over pairs in the lag bin
riverine,20260810,45deg,6375.0,141.8947158826165,124687,"veg_p05_temporal_mean residual (OLS, Stage 0)",pixel,1988-2022 (35 water years),20000.0,10000,gamma(h) = 0.5 * mean (z_i - z_j)^2 over pairs in the lag bin
riverine,20260810,45deg,6625.0,138.50802354466265,121143,"veg_p05_temporal_mean residual (OLS, Stage 0)",pixel,1988-2022 (35 water years),20000.0,10000,gamma(h) = 0.5 * mean (z_i - z_j)^2 over pairs in the lag bin
riverine,20260810,45deg,6875.0,140.39971492410808,115884,"veg_p05_temporal_mean residual (OLS, Stage 0)",pixel,1988-2022 (35 water years),20000.0,10000,gamma(h) = 0.5 * mean (z_i - z_j)^2 over pairs in the lag bin
riverine,20260810,45deg,7125.0,142.23759623245184,112050,"veg_p05_temporal_mean residual (OLS, Stage 0)",pixel,1988-2022 (35 water years),20000.0,10000,gamma(h) = 0.5 * mean (z_i - z_j)^2 over pairs in the lag bin
riverine,20260810,45deg,7375.0,143.61120405278285,105921,"veg_p05_temporal_mean residual (OLS, Stage 0)",pixel,1988-2022 (35 water years),20000.0,10000,gamma(h) = 0.5 * mean (z_i - z_j)^2 over pairs in the lag bin
riverine,20260810,45deg,7625.0,142.15394410713077,101864,"veg_p05_temporal_mean residual (OLS, Stage 0)",pixel,1988-2022 (35 water years),20000.0,10000,gamma(h) = 0.5 * mean (z_i - z_j)^2 over pairs in the lag bin
riverine,20260810,45deg,7875.0,136.83968503375374,99815,"veg_p05_temporal_mean residual (OLS, Stage 0)",pixel,1988-2022 (35 water years),20000.0,10000,gamma(h) = 0.5 * mean (z_i - z_j)^2 over pairs in the lag bin
riverine,20260810,45deg,8125.0,138.43463200166352,95731,"veg_p05_temporal_mean residual (OLS, Stage 0)",pixel,1988-2022 (35 water years),20000.0,10000,gamma(h) = 0.5 * mean (z_i - z_j)^2 over pairs in the lag bin
riverine,20260810,45deg,8375.0,135.53739527700125,92944,"veg_p05_temporal_mean residual (OLS, Stage 0)",pixel,1988-2022 (35 water years),20000.0,10000,gamma(h) = 0.5 * mean (z_i - z_j)^2 over pairs in the lag bin
riverine,20260810,45deg,8625.0,135.93861300636868,88075,"veg_p05_temporal_mean residual (OLS, Stage 0)",pixel,1988-2022 (35 water years),20000.0,10000,gamma(h) = 0.5 * mean (z_i - z_j)^2 over pairs in the lag bin
riverine,20260810,45deg,8875.0,135.99812713337317,82265,"veg_p05_temporal_mean residual (OLS, Stage 0)",pixel,1988-2022 (35 water years),20000.0,10000,gamma(h) = 0.5 * mean (z_i - z_j)^2 over pairs in the lag bin
riverine,20260810,45deg,9125.0,129.04347609846096,78204,"veg_p05_temporal_mean residual (OLS, Stage 0)",pixel,1988-2022 (35 water years),20000.0,10000,gamma(h) = 0.5 * mean (z_i - z_j)^2 over pairs in the lag bin
riverine,20260810,45deg,9375.0,130.1683725745435,72909,"veg_p05_temporal_mean residual (OLS, Stage 0)",pixel,1988-2022 (35 water years),20000.0,10000,gamma(h) = 0.5 * mean (z_i - z_j)^2 over pairs in the lag bin
riverine,20260810,45deg,9625.0,128.04218104819492,69764,"veg_p05_temporal_mean residual (OLS, Stage 0)",pixel,1988-2022 (35 water years),20000.0,10000,gamma(h) = 0.5 * mean (z_i - z_j)^2 over pairs in the lag bin
riverine,20260810,45deg,9875.0,125.51520059471352,67022,"veg_p05_temporal_mean residual (OLS, Stage 0)",pixel,1988-2022 (35 water years),20000.0,10000,gamma(h) = 0.5 * mean (z_i - z_j)^2 over pairs in the lag bin
riverine,20260810,45deg,10125.0,124.14449821795793,64823,"veg_p05_temporal_mean residual (OLS, Stage 0)",pixel,1988-2022 (35 water years),20000.0,10000,gamma(h) = 0.5 * mean (z_i - z_j)^2 over pairs in the lag bin
riverine,20260810,45deg,10375.0,124.72173626954537,62210,"veg_p05_temporal_mean residual (OLS, Stage 0)",pixel,1988-2022 (35 water years),20000.0,10000,gamma(h) = 0.5 * mean (z_i - z_j)^2 over pairs in the lag bin
riverine,20260810,45deg,10625.0,126.38538706073902,59399,"veg_p05_temporal_mean residual (OLS, Stage 0)",pixel,1988-2022 (35 water years),20000.0,10000,gamma(h) = 0.5 * mean (z_i - z_j)^2 over pairs in the lag bin
riverine,20260810,45deg,10875.0,132.63728710720076,58146,"veg_p05_temporal_mean residual (OLS, Stage 0)",pixel,1988-2022 (35 water years),20000.0,10000,gamma(h) = 0.5 * mean (z_i - z_j)^2 over pairs in the lag bin
riverine,20260810,45deg,11125.0,139.87900942663117,55290,"veg_p05_temporal_mean residual (OLS, Stage 0)",pixel,1988-2022 (35 water years),20000.0,10000,gamma(h) = 0.5 * mean (z_i - z_j)^2 over pairs in the lag bin
riverine,20260810,45deg,11375.0,140.71935317157318,51982,"veg_p05_temporal_mean residual (OLS, Stage 0)",pixel,1988-2022 (35 water years),20000.0,10000,gamma(h) = 0.5 * mean (z_i - z_j)^2 over pairs in the lag bin
riverine,20260810,45deg,11625.0,139.43275451418845,50017,"veg_p05_temporal_mean residual (OLS, Stage 0)",pixel,1988-2022 (35 water years),20000.0,10000,gamma(h) = 0.5 * mean (z_i - z_j)^2 over pairs in the lag bin
riverine,20260810,45deg,11875.0,143.00455288036017,50148,"veg_p05_temporal_mean residual (OLS, Stage 0)",pixel,1988-2022 (35 water years),20000.0,10000,gamma(h) = 0.5 * mean (z_i - z_j)^2 over pairs in the lag bin
riverine,20260810,45deg,12125.0,145.28628710240804,51126,"veg_p05_temporal_mean residual (OLS, Stage 0)",pixel,1988-2022 (35 water years),20000.0,10000,gamma(h) = 0.5 * mean (z_i - z_j)^2 over pairs in the lag bin
riverine,20260810,45deg,12375.0,139.79520248609677,51615,"veg_p05_temporal_mean residual (OLS, Stage 0)",pixel,1988-2022 (35 water years),20000.0,10000,gamma(h) = 0.5 * mean (z_i - z_j)^2 over pairs in the lag bin
riverine,20260810,45deg,12625.0,133.4585995476272,51916,"veg_p05_temporal_mean residual (OLS, Stage 0)",pixel,1988-2022 (35 water years),20000.0,10000,gamma(h) = 0.5 * mean (z_i - z_j)^2 over pairs in the lag bin
riverine,20260810,45deg,12875.0,130.7464022111398,51081,"veg_p05_temporal_mean residual (OLS, Stage 0)",pixel,1988-2022 (35 water years),20000.0,10000,gamma(h) = 0.5 * mean (z_i - z_j)^2 over pairs in the lag bin
riverine,20260810,45deg,13125.0,133.64000490268722,49104,"veg_p05_temporal_mean residual (OLS, Stage 0)",pixel,1988-2022 (35 water years),20000.0,10000,gamma(h) = 0.5 * mean (z_i - z_j)^2 over pairs in the lag bin
riverine,20260810,45deg,13375.0,133.35571608314436,46699,"veg_p05_temporal_mean residual (OLS, Stage 0)",pixel,1988-2022 (35 water years),20000.0,10000,gamma(h) = 0.5 * mean (z_i - z_j)^2 over pairs in the lag bin
riverine,20260810,45deg,13625.0,138.95640005751437,45261,"veg_p05_temporal_mean residual (OLS, Stage 0)",pixel,1988-2022 (35 water years),20000.0,10000,gamma(h) = 0.5 * mean (z_i - z_j)^2 over pairs in the lag bin
riverine,20260810,45deg,13875.0,142.7952848958763,43777,"veg_p05_temporal_mean residual (OLS, Stage 0)",pixel,1988-2022 (35 water years),20000.0,10000,gamma(h) = 0.5 * mean (z_i - z_j)^2 over pairs in the lag bin
riverine,20260810,45deg,14125.0,145.34954514496167,42829,"veg_p05_temporal_mean residual (OLS, Stage 0)",pixel,1988-2022 (35 water years),20000.0,10000,gamma(h) = 0.5 * mean (z_i - z_j)^2 over pairs in the lag bin
riverine,20260810,45deg,14375.0,145.16744576267223,42057,"veg_p05_temporal_mean residual (OLS, Stage 0)",pixel,1988-2022 (35 water years),20000.0,10000,gamma(h) = 0.5 * mean (z_i - z_j)^2 over pairs in the lag bin
riverine,20260810,45deg,14625.0,144.89091025759157,40652,"veg_p05_temporal_mean residual (OLS, Stage 0)",pixel,1988-2022 (35 water years),20000.0,10000,gamma(h) = 0.5 * mean (z_i - z_j)^2 over pairs in the lag bin
riverine,20260810,45deg,14875.0,147.77773903739794,40108,"veg_p05_temporal_mean residual (OLS, Stage 0)",pixel,1988-2022 (35 water years),20000.0,10000,gamma(h) = 0.5 * mean (z_i - z_j)^2 over pairs in the lag bin
riverine,20260810,45deg,15125.0,151.32414491516658,38773,"veg_p05_temporal_mean residual (OLS, Stage 0)",pixel,1988-2022 (35 water years),20000.0,10000,gamma(h) = 0.5 * mean (z_i - z_j)^2 over pairs in the lag bin
riverine,20260810,45deg,15375.0,151.24976422551524,38358,"veg_p05_temporal_mean residual (OLS, Stage 0)",pixel,1988-2022 (35 water years),20000.0,10000,gamma(h) = 0.5 * mean (z_i - z_j)^2 over pairs in the lag bin
riverine,20260810,45deg,15625.0,143.95249160562267,38659,"veg_p05_temporal_mean residual (OLS, Stage 0)",pixel,1988-2022 (35 water years),20000.0,10000,gamma(h) = 0.5 * mean (z_i - z_j)^2 over pairs in the lag bin
riverine,20260810,45deg,15875.0,142.58719987493222,39409,"veg_p05_temporal_mean residual (OLS, Stage 0)",pixel,1988-2022 (35 water years),20000.0,10000,gamma(h) = 0.5 * mean (z_i - z_j)^2 over pairs in the lag bin
riverine,20260810,45deg,16125.0,150.18009671237192,40917,"veg_p05_temporal_mean residual (OLS, Stage 0)",pixel,1988-2022 (35 water years),20000.0,10000,gamma(h) = 0.5 * mean (z_i - z_j)^2 over pairs in the lag bin
riverine,20260810,45deg,16375.0,151.3889604116498,42725,"veg_p05_temporal_mean residual (OLS, Stage 0)",pixel,1988-2022 (35 water years),20000.0,10000,gamma(h) = 0.5 * mean (z_i - z_j)^2 over pairs in the lag bin
riverine,20260810,45deg,16625.0,155.17743487642454,44701,"veg_p05_temporal_mean residual (OLS, Stage 0)",pixel,1988-2022 (35 water years),20000.0,10000,gamma(h) = 0.5 * mean (z_i - z_j)^2 over pairs in the lag bin
riverine,20260810,45deg,16875.0,152.70884406665346,46891,"veg_p05_temporal_mean residual (OLS, Stage 0)",pixel,1988-2022 (35 water years),20000.0,10000,gamma(h) = 0.5 * mean (z_i - z_j)^2 over pairs in the lag bin
riverine,20260810,45deg,17125.0,151.78979868138975,49349,"veg_p05_temporal_mean residual (OLS, Stage 0)",pixel,1988-2022 (35 water years),20000.0,10000,gamma(h) = 0.5 * mean (z_i - z_j)^2 over pairs in the lag bin
riverine,20260810,45deg,17375.0,143.6313145096558,51313,"veg_p05_temporal_mean residual (OLS, Stage 0)",pixel,1988-2022 (35 water years),20000.0,10000,gamma(h) = 0.5 * mean (z_i - z_j)^2 over pairs in the lag bin
riverine,20260810,45deg,17625.0,142.92258038341092,53382,"veg_p05_temporal_mean residual (OLS, Stage 0)",pixel,1988-2022 (35 water years),20000.0,10000,gamma(h) = 0.5 * mean (z_i - z_j)^2 over pairs in the lag bin
riverine,20260810,45deg,17875.0,148.99495785086972,52868,"veg_p05_temporal_mean residual (OLS, Stage 0)",pixel,1988-2022 (35 water years),20000.0,10000,gamma(h) = 0.5 * mean (z_i - z_j)^2 over pairs in the lag bin
riverine,20260810,45deg,18125.0,148.0549074423889,52448,"veg_p05_temporal_mean residual (OLS, Stage 0)",pixel,1988-2022 (35 water years),20000.0,10000,gamma(h) = 0.5 * mean (z_i - z_j)^2 over pairs in the lag bin
riverine,20260810,45deg,18375.0,145.35242217166723,50721,"veg_p05_temporal_mean residual (OLS, Stage 0)",pixel,1988-2022 (35 water years),20000.0,10000,gamma(h) = 0.5 * mean (z_i - z_j)^2 over pairs in the lag bin
riverine,20260810,45deg,18625.0,141.29145229363561,50218,"veg_p05_temporal_mean residual (OLS, Stage 0)",pixel,1988-2022 (35 water years),20000.0,10000,gamma(h) = 0.5 * mean (z_i - z_j)^2 over pairs in the lag bin
riverine,20260810,45deg,18875.0,136.5436282204156,48801,"veg_p05_temporal_mean residual (OLS, Stage 0)",pixel,1988-2022 (35 water years),20000.0,10000,gamma(h) = 0.5 * mean (z_i - z_j)^2 over pairs in the lag bin
riverine,20260810,45deg,19125.0,136.2709904814185,49144,"veg_p05_temporal_mean residual (OLS, Stage 0)",pixel,1988-2022 (35 water years),20000.0,10000,gamma(h) = 0.5 * mean (z_i - z_j)^2 over pairs in the lag bin
riverine,20260810,45deg,19375.0,132.53538735054437,49896,"veg_p05_temporal_mean residual (OLS, Stage 0)",pixel,1988-2022 (35 water years),20000.0,10000,gamma(h) = 0.5 * mean (z_i - z_j)^2 over pairs in the lag bin
riverine,20260810,45deg,19625.0,126.6632949163179,50353,"veg_p05_temporal_mean residual (OLS, Stage 0)",pixel,1988-2022 (35 water years),20000.0,10000,gamma(h) = 0.5 * mean (z_i - z_j)^2 over pairs in the lag bin
riverine,20260810,45deg,19875.0,122.6347320288545,51711,"veg_p05_temporal_mean residual (OLS, Stage 0)",pixel,1988-2022 (35 water years),20000.0,10000,gamma(h) = 0.5 * mean (z_i - z_j)^2 over pairs in the lag bin
riverine,20260810,90deg,125.0,40.78120079701947,16167,"veg_p05_temporal_mean residual (OLS, Stage 0)",pixel,1988-2022 (35 water years),20000.0,10000,gamma(h) = 0.5 * mean (z_i - z_j)^2 over pairs in the lag bin
riverine,20260810,90deg,375.0,66.70079997736316,40180,"veg_p05_temporal_mean residual (OLS, Stage 0)",pixel,1988-2022 (35 water years),20000.0,10000,gamma(h) = 0.5 * mean (z_i - z_j)^2 over pairs in the lag bin
riverine,20260810,90deg,625.0,82.00168132722476,55152,"veg_p05_temporal_mean residual (OLS, Stage 0)",pixel,1988-2022 (35 water years),20000.0,10000,gamma(h) = 0.5 * mean (z_i - z_j)^2 over pairs in the lag bin
riverine,20260810,90deg,875.0,94.12486871766785,65360,"veg_p05_temporal_mean residual (OLS, Stage 0)",pixel,1988-2022 (35 water years),20000.0,10000,gamma(h) = 0.5 * mean (z_i - z_j)^2 over pairs in the lag bin
riverine,20260810,90deg,1125.0,102.93289666364713,72085,"veg_p05_temporal_mean residual (OLS, Stage 0)",pixel,1988-2022 (35 water years),20000.0,10000,gamma(h) = 0.5 * mean (z_i - z_j)^2 over pairs in the lag bin
riverine,20260810,90deg,1375.0,110.90709482485147,76368,"veg_p05_temporal_mean residual (OLS, Stage 0)",pixel,1988-2022 (35 water years),20000.0,10000,gamma(h) = 0.5 * mean (z_i - z_j)^2 over pairs in the lag bin
riverine,20260810,90deg,1625.0,119.96094350346475,82473,"veg_p05_temporal_mean residual (OLS, Stage 0)",pixel,1988-2022 (35 water years),20000.0,10000,gamma(h) = 0.5 * mean (z_i - z_j)^2 over pairs in the lag bin
riverine,20260810,90deg,1875.0,124.32657696556613,85211,"veg_p05_temporal_mean residual (OLS, Stage 0)",pixel,1988-2022 (35 water years),20000.0,10000,gamma(h) = 0.5 * mean (z_i - z_j)^2 over pairs in the lag bin
riverine,20260810,90deg,2125.0,131.75745308755512,86148,"veg_p05_temporal_mean residual (OLS, Stage 0)",pixel,1988-2022 (35 water years),20000.0,10000,gamma(h) = 0.5 * mean (z_i - z_j)^2 over pairs in the lag bin
riverine,20260810,90deg,2375.0,139.41943803979353,84608,"veg_p05_temporal_mean residual (OLS, Stage 0)",pixel,1988-2022 (35 water years),20000.0,10000,gamma(h) = 0.5 * mean (z_i - z_j)^2 over pairs in the lag bin
riverine,20260810,90deg,2625.0,147.1051980568963,82684,"veg_p05_temporal_mean residual (OLS, Stage 0)",pixel,1988-2022 (35 water years),20000.0,10000,gamma(h) = 0.5 * mean (z_i - z_j)^2 over pairs in the lag bin
riverine,20260810,90deg,2875.0,157.0516552389489,81305,"veg_p05_temporal_mean residual (OLS, Stage 0)",pixel,1988-2022 (35 water years),20000.0,10000,gamma(h) = 0.5 * mean (z_i - z_j)^2 over pairs in the lag bin
riverine,20260810,90deg,3125.0,166.55392906607645,79461,"veg_p05_temporal_mean residual (OLS, Stage 0)",pixel,1988-2022 (35 water years),20000.0,10000,gamma(h) = 0.5 * mean (z_i - z_j)^2 over pairs in the lag bin
riverine,20260810,90deg,3375.0,177.53133882875684,75757,"veg_p05_temporal_mean residual (OLS, Stage 0)",pixel,1988-2022 (35 water years),20000.0,10000,gamma(h) = 0.5 * mean (z_i - z_j)^2 over pairs in the lag bin
riverine,20260810,90deg,3625.0,185.75214818921629,71280,"veg_p05_temporal_mean residual (OLS, Stage 0)",pixel,1988-2022 (35 water years),20000.0,10000,gamma(h) = 0.5 * mean (z_i - z_j)^2 over pairs in the lag bin
riverine,20260810,90deg,3875.0,186.05657764564913,70050,"veg_p05_temporal_mean residual (OLS, Stage 0)",pixel,1988-2022 (35 water years),20000.0,10000,gamma(h) = 0.5 * mean (z_i - z_j)^2 over pairs in the lag bin
riverine,20260810,90deg,4125.0,185.41061225917161,67627,"veg_p05_temporal_mean residual (OLS, Stage 0)",pixel,1988-2022 (35 water years),20000.0,10000,gamma(h) = 0.5 * mean (z_i - z_j)^2 over pairs in the lag bin
riverine,20260810,90deg,4375.0,184.9988676540475,64974,"veg_p05_temporal_mean residual (OLS, Stage 0)",pixel,1988-2022 (35 water years),20000.0,10000,gamma(h) = 0.5 * mean (z_i - z_j)^2 over pairs in the lag bin
riverine,20260810,90deg,4625.0,184.21797880478573,61604,"veg_p05_temporal_mean residual (OLS, Stage 0)",pixel,1988-2022 (35 water years),20000.0,10000,gamma(h) = 0.5 * mean (z_i - z_j)^2 over pairs in the lag bin
riverine,20260810,90deg,4875.0,184.2789942217348,60043,"veg_p05_temporal_mean residual (OLS, Stage 0)",pixel,1988-2022 (35 water years),20000.0,10000,gamma(h) = 0.5 * mean (z_i - z_j)^2 over pairs in the lag bin
riverine,20260810,90deg,5125.0,184.2707922124678,59437,"veg_p05_temporal_mean residual (OLS, Stage 0)",pixel,1988-2022 (35 water years),20000.0,10000,gamma(h) = 0.5 * mean (z_i - z_j)^2 over pairs in the lag bin
riverine,20260810,90deg,5375.0,184.22676797290245,61459,"veg_p05_temporal_mean residual (OLS, Stage 0)",pixel,1988-2022 (35 water years),20000.0,10000,gamma(h) = 0.5 * mean (z_i - z_j)^2 over pairs in the lag bin
riverine,20260810,90deg,5625.0,174.52301750572926,61518,"veg_p05_temporal_mean residual (OLS, Stage 0)",pixel,1988-2022 (35 water years),20000.0,10000,gamma(h) = 0.5 * mean (z_i - z_j)^2 over pairs in the lag bin
riverine,20260810,90deg,5875.0,170.6677588223474,62191,"veg_p05_temporal_mean residual (OLS, Stage 0)",pixel,1988-2022 (35 water years),20000.0,10000,gamma(h) = 0.5 * mean (z_i - z_j)^2 over pairs in the lag bin
riverine,20260810,90deg,6125.0,168.97007252544603,58933,"veg_p05_temporal_mean residual (OLS, Stage 0)",pixel,1988-2022 (35 water years),20000.0,10000,gamma(h) = 0.5 * mean (z_i - z_j)^2 over pairs in the lag bin
riverine,20260810,90deg,6375.0,165.7905986005369,54717,"veg_p05_temporal_mean residual (OLS, Stage 0)",pixel,1988-2022 (35 water years),20000.0,10000,gamma(h) = 0.5 * mean (z_i - z_j)^2 over pairs in the lag bin
riverine,20260810,90deg,6625.0,168.3603974956524,50187,"veg_p05_temporal_mean residual (OLS, Stage 0)",pixel,1988-2022 (35 water years),20000.0,10000,gamma(h) = 0.5 * mean (z_i - z_j)^2 over pairs in the lag bin
riverine,20260810,90deg,6875.0,167.5932265055459,45220,"veg_p05_temporal_mean residual (OLS, Stage 0)",pixel,1988-2022 (35 water years),20000.0,10000,gamma(h) = 0.5 * mean (z_i - z_j)^2 over pairs in the lag bin
riverine,20260810,90deg,7125.0,178.80197418659802,41369,"veg_p05_temporal_mean residual (OLS, Stage 0)",pixel,1988-2022 (35 water years),20000.0,10000,gamma(h) = 0.5 * mean (z_i - z_j)^2 over pairs in the lag bin
riverine,20260810,90deg,7375.0,183.3001029157391,38580,"veg_p05_temporal_mean residual (OLS, Stage 0)",pixel,1988-2022 (35 water years),20000.0,10000,gamma(h) = 0.5 * mean (z_i - z_j)^2 over pairs in the lag bin
riverine,20260810,90deg,7625.0,181.6416014157179,37915,"veg_p05_temporal_mean residual (OLS, Stage 0)",pixel,1988-2022 (35 water years),20000.0,10000,gamma(h) = 0.5 * mean (z_i - z_j)^2 over pairs in the lag bin
riverine,20260810,90deg,7875.0,177.39014665064622,36199,"veg_p05_temporal_mean residual (OLS, Stage 0)",pixel,1988-2022 (35 water years),20000.0,10000,gamma(h) = 0.5 * mean (z_i - z_j)^2 over pairs in the lag bin
riverine,20260810,90deg,8125.0,168.48589909855212,33659,"veg_p05_temporal_mean residual (OLS, Stage 0)",pixel,1988-2022 (35 water years),20000.0,10000,gamma(h) = 0.5 * mean (z_i - z_j)^2 over pairs in the lag bin
riverine,20260810,90deg,8375.0,164.26561637585823,29388,"veg_p05_temporal_mean residual (OLS, Stage 0)",pixel,1988-2022 (35 water years),20000.0,10000,gamma(h) = 0.5 * mean (z_i - z_j)^2 over pairs in the lag bin
riverine,20260810,90deg,8625.0,159.2046114923508,23873,"veg_p05_temporal_mean residual (OLS, Stage 0)",pixel,1988-2022 (35 water years),20000.0,10000,gamma(h) = 0.5 * mean (z_i - z_j)^2 over pairs in the lag bin
riverine,20260810,90deg,8875.0,147.60937390739963,18094,"veg_p05_temporal_mean residual (OLS, Stage 0)",pixel,1988-2022 (35 water years),20000.0,10000,gamma(h) = 0.5 * mean (z_i - z_j)^2 over pairs in the lag bin
riverine,20260810,90deg,9125.0,139.60573849674694,13558,"veg_p05_temporal_mean residual (OLS, Stage 0)",pixel,1988-2022 (35 water years),20000.0,10000,gamma(h) = 0.5 * mean (z_i - z_j)^2 over pairs in the lag bin
riverine,20260810,90deg,9375.0,149.46266709096153,10897,"veg_p05_temporal_mean residual (OLS, Stage 0)",pixel,1988-2022 (35 water years),20000.0,10000,gamma(h) = 0.5 * mean (z_i - z_j)^2 over pairs in the lag bin
riverine,20260810,90deg,9625.0,148.94316503359315,10112,"veg_p05_temporal_mean residual (OLS, Stage 0)",pixel,1988-2022 (35 water years),20000.0,10000,gamma(h) = 0.5 * mean (z_i - z_j)^2 over pairs in the lag bin
riverine,20260810,90deg,9875.0,160.99571391349016,10564,"veg_p05_temporal_mean residual (OLS, Stage 0)",pixel,1988-2022 (35 water years),20000.0,10000,gamma(h) = 0.5 * mean (z_i - z_j)^2 over pairs in the lag bin
riverine,20260810,90deg,10125.0,165.4200327321232,10394,"veg_p05_temporal_mean residual (OLS, Stage 0)",pixel,1988-2022 (35 water years),20000.0,10000,gamma(h) = 0.5 * mean (z_i - z_j)^2 over pairs in the lag bin
riverine,20260810,90deg,10375.0,166.26823886839694,10113,"veg_p05_temporal_mean residual (OLS, Stage 0)",pixel,1988-2022 (35 water years),20000.0,10000,gamma(h) = 0.5 * mean (z_i - z_j)^2 over pairs in the lag bin
riverine,20260810,90deg,10625.0,180.51043383816517,9693,"veg_p05_temporal_mean residual (OLS, Stage 0)",pixel,1988-2022 (35 water years),20000.0,10000,gamma(h) = 0.5 * mean (z_i - z_j)^2 over pairs in the lag bin
riverine,20260810,90deg,10875.0,185.2726557807901,10728,"veg_p05_temporal_mean residual (OLS, Stage 0)",pixel,1988-2022 (35 water years),20000.0,10000,gamma(h) = 0.5 * mean (z_i - z_j)^2 over pairs in the lag bin
riverine,20260810,90deg,11125.0,184.71247858106722,12795,"veg_p05_temporal_mean residual (OLS, Stage 0)",pixel,1988-2022 (35 water years),20000.0,10000,gamma(h) = 0.5 * mean (z_i - z_j)^2 over pairs in the lag bin
riverine,20260810,90deg,11375.0,193.63256701254736,15782,"veg_p05_temporal_mean residual (OLS, Stage 0)",pixel,1988-2022 (35 water years),20000.0,10000,gamma(h) = 0.5 * mean (z_i - z_j)^2 over pairs in the lag bin
riverine,20260810,90deg,11625.0,189.57384986960975,18075,"veg_p05_temporal_mean residual (OLS, Stage 0)",pixel,1988-2022 (35 water years),20000.0,10000,gamma(h) = 0.5 * mean (z_i - z_j)^2 over pairs in the lag bin
riverine,20260810,90deg,11875.0,177.71987841532138,20588,"veg_p05_temporal_mean residual (OLS, Stage 0)",pixel,1988-2022 (35 water years),20000.0,10000,gamma(h) = 0.5 * mean (z_i - z_j)^2 over pairs in the lag bin
riverine,20260810,90deg,12125.0,171.14900582746534,23619,"veg_p05_temporal_mean residual (OLS, Stage 0)",pixel,1988-2022 (35 water years),20000.0,10000,gamma(h) = 0.5 * mean (z_i - z_j)^2 over pairs in the lag bin
riverine,20260810,90deg,12375.0,157.77110113052336,25217,"veg_p05_temporal_mean residual (OLS, Stage 0)",pixel,1988-2022 (35 water years),20000.0,10000,gamma(h) = 0.5 * mean (z_i - z_j)^2 over pairs in the lag bin
riverine,20260810,90deg,12625.0,150.47858812630008,26941,"veg_p05_temporal_mean residual (OLS, Stage 0)",pixel,1988-2022 (35 water years),20000.0,10000,gamma(h) = 0.5 * mean (z_i - z_j)^2 over pairs in the lag bin
riverine,20260810,90deg,12875.0,147.54433429786565,28739,"veg_p05_temporal_mean residual (OLS, Stage 0)",pixel,1988-2022 (35 water years),20000.0,10000,gamma(h) = 0.5 * mean (z_i - z_j)^2 over pairs in the lag bin
riverine,20260810,90deg,13125.0,142.1271253318427,30417,"veg_p05_temporal_mean residual (OLS, Stage 0)",pixel,1988-2022 (35 water years),20000.0,10000,gamma(h) = 0.5 * mean (z_i - z_j)^2 over pairs in the lag bin
riverine,20260810,90deg,13375.0,139.1161314447764,31408,"veg_p05_temporal_mean residual (OLS, Stage 0)",pixel,1988-2022 (35 water years),20000.0,10000,gamma(h) = 0.5 * mean (z_i - z_j)^2 over pairs in the lag bin
riverine,20260810,90deg,13625.0,135.7193496575979,32645,"veg_p05_temporal_mean residual (OLS, Stage 0)",pixel,1988-2022 (35 water years),20000.0,10000,gamma(h) = 0.5 * mean (z_i - z_j)^2 over pairs in the lag bin
riverine,20260810,90deg,13875.0,130.50084753329782,32966,"veg_p05_temporal_mean residual (OLS, Stage 0)",pixel,1988-2022 (35 water years),20000.0,10000,gamma(h) = 0.5 * mean (z_i - z_j)^2 over pairs in the lag bin
riverine,20260810,90deg,14125.0,118.30641305408403,36108,"veg_p05_temporal_mean residual (OLS, Stage 0)",pixel,1988-2022 (35 water years),20000.0,10000,gamma(h) = 0.5 * mean (z_i - z_j)^2 over pairs in the lag bin
riverine,20260810,90deg,14375.0,103.75264060737209,40223,"veg_p05_temporal_mean residual (OLS, Stage 0)",pixel,1988-2022 (35 water years),20000.0,10000,gamma(h) = 0.5 * mean (z_i - z_j)^2 over pairs in the lag bin
riverine,20260810,90deg,14625.0,97.76007524544265,43127,"veg_p05_temporal_mean residual (OLS, Stage 0)",pixel,1988-2022 (35 water years),20000.0,10000,gamma(h) = 0.5 * mean (z_i - z_j)^2 over pairs in the lag bin
riverine,20260810,90deg,14875.0,98.24108299393862,45733,"veg_p05_temporal_mean residual (OLS, Stage 0)",pixel,1988-2022 (35 water years),20000.0,10000,gamma(h) = 0.5 * mean (z_i - z_j)^2 over pairs in the lag bin
riverine,20260810,90deg,15125.0,98.01038929054079,49623,"veg_p05_temporal_mean residual (OLS, Stage 0)",pixel,1988-2022 (35 water years),20000.0,10000,gamma(h) = 0.5 * mean (z_i - z_j)^2 over pairs in the lag bin
riverine,20260810,90deg,15375.0,99.02796451547083,52450,"veg_p05_temporal_mean residual (OLS, Stage 0)",pixel,1988-2022 (35 water years),20000.0,10000,gamma(h) = 0.5 * mean (z_i - z_j)^2 over pairs in the lag bin
riverine,20260810,90deg,15625.0,104.55425077753907,51268,"veg_p05_temporal_mean residual (OLS, Stage 0)",pixel,1988-2022 (35 water years),20000.0,10000,gamma(h) = 0.5 * mean (z_i - z_j)^2 over pairs in the lag bin
riverine,20260810,90deg,15875.0,108.6880926595913,51536,"veg_p05_temporal_mean residual (OLS, Stage 0)",pixel,1988-2022 (35 water years),20000.0,10000,gamma(h) = 0.5 * mean (z_i - z_j)^2 over pairs in the lag bin
riverine,20260810,90deg,16125.0,113.69818153269728,50875,"veg_p05_temporal_mean residual (OLS, Stage 0)",pixel,1988-2022 (35 water years),20000.0,10000,gamma(h) = 0.5 * mean (z_i - z_j)^2 over pairs in the lag bin
riverine,20260810,90deg,16375.0,111.4467064516367,51423,"veg_p05_temporal_mean residual (OLS, Stage 0)",pixel,1988-2022 (35 water years),20000.0,10000,gamma(h) = 0.5 * mean (z_i - z_j)^2 over pairs in the lag bin
riverine,20260810,90deg,16625.0,109.08217803174514,50155,"veg_p05_temporal_mean residual (OLS, Stage 0)",pixel,1988-2022 (35 water years),20000.0,10000,gamma(h) = 0.5 * mean (z_i - z_j)^2 over pairs in the lag bin
riverine,20260810,90deg,16875.0,107.78616983984627,47344,"veg_p05_temporal_mean residual (OLS, Stage 0)",pixel,1988-2022 (35 water years),20000.0,10000,gamma(h) = 0.5 * mean (z_i - z_j)^2 over pairs in the lag bin
riverine,20260810,90deg,17125.0,116.4625981811519,46643,"veg_p05_temporal_mean residual (OLS, Stage 0)",pixel,1988-2022 (35 water years),20000.0,10000,gamma(h) = 0.5 * mean (z_i - z_j)^2 over pairs in the lag bin
riverine,20260810,90deg,17375.0,119.41261699866682,46880,"veg_p05_temporal_mean residual (OLS, Stage 0)",pixel,1988-2022 (35 water years),20000.0,10000,gamma(h) = 0.5 * mean (z_i - z_j)^2 over pairs in the lag bin
riverine,20260810,90deg,17625.0,122.94071129999023,48268,"veg_p05_temporal_mean residual (OLS, Stage 0)",pixel,1988-2022 (35 water years),20000.0,10000,gamma(h) = 0.5 * mean (z_i - z_j)^2 over pairs in the lag bin
riverine,20260810,90deg,17875.0,123.19668221362157,51930,"veg_p05_temporal_mean residual (OLS, Stage 0)",pixel,1988-2022 (35 water years),20000.0,10000,gamma(h) = 0.5 * mean (z_i - z_j)^2 over pairs in the lag bin
riverine,20260810,90deg,18125.0,123.29317617065381,56650,"veg_p05_temporal_mean residual (OLS, Stage 0)",pixel,1988-2022 (35 water years),20000.0,10000,gamma(h) = 0.5 * mean (z_i - z_j)^2 over pairs in the lag bin
riverine,20260810,90deg,18375.0,123.16019384324984,61999,"veg_p05_temporal_mean residual (OLS, Stage 0)",pixel,1988-2022 (35 water years),20000.0,10000,gamma(h) = 0.5 * mean (z_i - z_j)^2 over pairs in the lag bin
riverine,20260810,90deg,18625.0,124.93407778469016,65321,"veg_p05_temporal_mean residual (OLS, Stage 0)",pixel,1988-2022 (35 water years),20000.0,10000,gamma(h) = 0.5 * mean (z_i - z_j)^2 over pairs in the lag bin
riverine,20260810,90deg,18875.0,127.19361430123809,65280,"veg_p05_temporal_mean residual (OLS, Stage 0)",pixel,1988-2022 (35 water years),20000.0,10000,gamma(h) = 0.5 * mean (z_i - z_j)^2 over pairs in the lag bin
riverine,20260810,90deg,19125.0,124.88547804136394,64508,"veg_p05_temporal_mean residual (OLS, Stage 0)",pixel,1988-2022 (35 water years),20000.0,10000,gamma(h) = 0.5 * mean (z_i - z_j)^2 over pairs in the lag bin
riverine,20260810,90deg,19375.0,127.36541948496465,64222,"veg_p05_temporal_mean residual (OLS, Stage 0)",pixel,1988-2022 (35 water years),20000.0,10000,gamma(h) = 0.5 * mean (z_i - z_j)^2 over pairs in the lag bin
riverine,20260810,90deg,19625.0,129.9319593192386,62198,"veg_p05_temporal_mean residual (OLS, Stage 0)",pixel,1988-2022 (35 water years),20000.0,10000,gamma(h) = 0.5 * mean (z_i - z_j)^2 over pairs in the lag bin
riverine,20260810,90deg,19875.0,133.19835842568665,58797,"veg_p05_temporal_mean residual (OLS, Stage 0)",pixel,1988-2022 (35 water years),20000.0,10000,gamma(h) = 0.5 * mean (z_i - z_j)^2 over pairs in the lag bin
riverine,20260810,135deg,125.0,44.15758804988295,17221,"veg_p05_temporal_mean residual (OLS, Stage 0)",pixel,1988-2022 (35 water years),20000.0,10000,gamma(h) = 0.5 * mean (z_i - z_j)^2 over pairs in the lag bin
riverine,20260810,135deg,375.0,72.75220687516939,40134,"veg_p05_temporal_mean residual (OLS, Stage 0)",pixel,1988-2022 (35 water years),20000.0,10000,gamma(h) = 0.5 * mean (z_i - z_j)^2 over pairs in the lag bin
riverine,20260810,135deg,625.0,88.64327493709823,57435,"veg_p05_temporal_mean residual (OLS, Stage 0)",pixel,1988-2022 (35 water years),20000.0,10000,gamma(h) = 0.5 * mean (z_i - z_j)^2 over pairs in the lag bin
riverine,20260810,135deg,875.0,102.98394123717404,67531,"veg_p05_temporal_mean residual (OLS, Stage 0)",pixel,1988-2022 (35 water years),20000.0,10000,gamma(h) = 0.5 * mean (z_i - z_j)^2 over pairs in the lag bin
riverine,20260810,135deg,1125.0,114.1555223819323,75261,"veg_p05_temporal_mean residual (OLS, Stage 0)",pixel,1988-2022 (35 water years),20000.0,10000,gamma(h) = 0.5 * mean (z_i - z_j)^2 over pairs in the lag bin
riverine,20260810,135deg,1375.0,114.88616536106794,83497,"veg_p05_temporal_mean residual (OLS, Stage 0)",pixel,1988-2022 (35 water years),20000.0,10000,gamma(h) = 0.5 * mean (z_i - z_j)^2 over pairs in the lag bin
riverine,20260810,135deg,1625.0,118.26694944090039,85948,"veg_p05_temporal_mean residual (OLS, Stage 0)",pixel,1988-2022 (35 water years),20000.0,10000,gamma(h) = 0.5 * mean (z_i - z_j)^2 over pairs in the lag bin
riverine,20260810,135deg,1875.0,122.65867397409704,89163,"veg_p05_temporal_mean residual (OLS, Stage 0)",pixel,1988-2022 (35 water years),20000.0,10000,gamma(h) = 0.5 * mean (z_i - z_j)^2 over pairs in the lag bin
riverine,20260810,135deg,2125.0,129.6782543461664,89116,"veg_p05_temporal_mean residual (OLS, Stage 0)",pixel,1988-2022 (35 water years),20000.0,10000,gamma(h) = 0.5 * mean (z_i - z_j)^2 over pairs in the lag bin
riverine,20260810,135deg,2375.0,142.96781339454864,86470,"veg_p05_temporal_mean residual (OLS, Stage 0)",pixel,1988-2022 (35 water years),20000.0,10000,gamma(h) = 0.5 * mean (z_i - z_j)^2 over pairs in the lag bin
riverine,20260810,135deg,2625.0,164.39164572178458,85437,"veg_p05_temporal_mean residual (OLS, Stage 0)",pixel,1988-2022 (35 water years),20000.0,10000,gamma(h) = 0.5 * mean (z_i - z_j)^2 over pairs in the lag bin
riverine,20260810,135deg,2875.0,172.5274962130595,83963,"veg_p05_temporal_mean residual (OLS, Stage 0)",pixel,1988-2022 (35 water years),20000.0,10000,gamma(h) = 0.5 * mean (z_i - z_j)^2 over pairs in the lag bin
riverine,20260810,135deg,3125.0,177.55649278370913,83253,"veg_p05_temporal_mean residual (OLS, Stage 0)",pixel,1988-2022 (35 water years),20000.0,10000,gamma(h) = 0.5 * mean (z_i - z_j)^2 over pairs in the lag bin
riverine,20260810,135deg,3375.0,186.47015964435363,81612,"veg_p05_temporal_mean residual (OLS, Stage 0)",pixel,1988-2022 (35 water years),20000.0,10000,gamma(h) = 0.5 * mean (z_i - z_j)^2 over pairs in the lag bin
riverine,20260810,135deg,3625.0,196.72224467889114,75989,"veg_p05_temporal_mean residual (OLS, Stage 0)",pixel,1988-2022 (35 water years),20000.0,10000,gamma(h) = 0.5 * mean (z_i - z_j)^2 over pairs in the lag bin
riverine,20260810,135deg,3875.0,206.35012075118274,72753,"veg_p05_temporal_mean residual (OLS, Stage 0)",pixel,1988-2022 (35 water years),20000.0,10000,gamma(h) = 0.5 * mean (z_i - z_j)^2 over pairs in the lag bin
riverine,20260810,135deg,4125.0,211.0770803351982,68735,"veg_p05_temporal_mean residual (OLS, Stage 0)",pixel,1988-2022 (35 water years),20000.0,10000,gamma(h) = 0.5 * mean (z_i - z_j)^2 over pairs in the lag bin
riverine,20260810,135deg,4375.0,214.25320084958477,65109,"veg_p05_temporal_mean residual (OLS, Stage 0)",pixel,1988-2022 (35 water years),20000.0,10000,gamma(h) = 0.5 * mean (z_i - z_j)^2 over pairs in the lag bin
riverine,20260810,135deg,4625.0,220.23372813814004,64279,"veg_p05_temporal_mean residual (OLS, Stage 0)",pixel,1988-2022 (35 water years),20000.0,10000,gamma(h) = 0.5 * mean (z_i - z_j)^2 over pairs in the lag bin
riverine,20260810,135deg,4875.0,216.28508864977263,60623,"veg_p05_temporal_mean residual (OLS, Stage 0)",pixel,1988-2022 (35 water years),20000.0,10000,gamma(h) = 0.5 * mean (z_i - z_j)^2 over pairs in the lag bin
riverine,20260810,135deg,5125.0,196.2502959217382,59513,"veg_p05_temporal_mean residual (OLS, Stage 0)",pixel,1988-2022 (35 water years),20000.0,10000,gamma(h) = 0.5 * mean (z_i - z_j)^2 over pairs in the lag bin
riverine,20260810,135deg,5375.0,185.0381468592071,58918,"veg_p05_temporal_mean residual (OLS, Stage 0)",pixel,1988-2022 (35 water years),20000.0,10000,gamma(h) = 0.5 * mean (z_i - z_j)^2 over pairs in the lag bin
riverine,20260810,135deg,5625.0,182.68352988272656,60181,"veg_p05_temporal_mean residual (OLS, Stage 0)",pixel,1988-2022 (35 water years),20000.0,10000,gamma(h) = 0.5 * mean (z_i - z_j)^2 over pairs in the lag bin
riverine,20260810,135deg,5875.0,182.15355004024926,63951,"veg_p05_temporal_mean residual (OLS, Stage 0)",pixel,1988-2022 (35 water years),20000.0,10000,gamma(h) = 0.5 * mean (z_i - z_j)^2 over pairs in the lag bin
riverine,20260810,135deg,6125.0,187.3517191819181,66003,"veg_p05_temporal_mean residual (OLS, Stage 0)",pixel,1988-2022 (35 water years),20000.0,10000,gamma(h) = 0.5 * mean (z_i - z_j)^2 over pairs in the lag bin
riverine,20260810,135deg,6375.0,187.5586465242726,66891,"veg_p05_temporal_mean residual (OLS, Stage 0)",pixel,1988-2022 (35 water years),20000.0,10000,gamma(h) = 0.5 * mean (z_i - z_j)^2 over pairs in the lag bin
riverine,20260810,135deg,6625.0,187.71325700590714,64439,"veg_p05_temporal_mean residual (OLS, Stage 0)",pixel,1988-2022 (35 water years),20000.0,10000,gamma(h) = 0.5 * mean (z_i - z_j)^2 over pairs in the lag bin
riverine,20260810,135deg,6875.0,184.6762502662309,61107,"veg_p05_temporal_mean residual (OLS, Stage 0)",pixel,1988-2022 (35 water years),20000.0,10000,gamma(h) = 0.5 * mean (z_i - z_j)^2 over pairs in the lag bin
riverine,20260810,135deg,7125.0,180.45154059440543,56507,"veg_p05_temporal_mean residual (OLS, Stage 0)",pixel,1988-2022 (35 water years),20000.0,10000,gamma(h) = 0.5 * mean (z_i - z_j)^2 over pairs in the lag bin
riverine,20260810,135deg,7375.0,173.17770210785233,50898,"veg_p05_temporal_mean residual (OLS, Stage 0)",pixel,1988-2022 (35 water years),20000.0,10000,gamma(h) = 0.5 * mean (z_i - z_j)^2 over pairs in the lag bin
riverine,20260810,135deg,7625.0,173.04492751670347,46967,"veg_p05_temporal_mean residual (OLS, Stage 0)",pixel,1988-2022 (35 water years),20000.0,10000,gamma(h) = 0.5 * mean (z_i - z_j)^2 over pairs in the lag bin
riverine,20260810,135deg,7875.0,180.94186781969913,45118,"veg_p05_temporal_mean residual (OLS, Stage 0)",pixel,1988-2022 (35 water years),20000.0,10000,gamma(h) = 0.5 * mean (z_i - z_j)^2 over pairs in the lag bin
riverine,20260810,135deg,8125.0,178.8156224174475,41837,"veg_p05_temporal_mean residual (OLS, Stage 0)",pixel,1988-2022 (35 water years),20000.0,10000,gamma(h) = 0.5 * mean (z_i - z_j)^2 over pairs in the lag bin
riverine,20260810,135deg,8375.0,177.55950327530397,40846,"veg_p05_temporal_mean residual (OLS, Stage 0)",pixel,1988-2022 (35 water years),20000.0,10000,gamma(h) = 0.5 * mean (z_i - z_j)^2 over pairs in the lag bin
riverine,20260810,135deg,8625.0,176.01777798979742,39401,"veg_p05_temporal_mean residual (OLS, Stage 0)",pixel,1988-2022 (35 water years),20000.0,10000,gamma(h) = 0.5 * mean (z_i - z_j)^2 over pairs in the lag bin
riverine,20260810,135deg,8875.0,183.65756127197517,37500,"veg_p05_temporal_mean residual (OLS, Stage 0)",pixel,1988-2022 (35 water years),20000.0,10000,gamma(h) = 0.5 * mean (z_i - z_j)^2 over pairs in the lag bin
riverine,20260810,135deg,9125.0,187.55244638394706,36112,"veg_p05_temporal_mean residual (OLS, Stage 0)",pixel,1988-2022 (35 water years),20000.0,10000,gamma(h) = 0.5 * mean (z_i - z_j)^2 over pairs in the lag bin
riverine,20260810,135deg,9375.0,194.65472313359635,33788,"veg_p05_temporal_mean residual (OLS, Stage 0)",pixel,1988-2022 (35 water years),20000.0,10000,gamma(h) = 0.5 * mean (z_i - z_j)^2 over pairs in the lag bin
riverine,20260810,135deg,9625.0,211.95428595958128,32727,"veg_p05_temporal_mean residual (OLS, Stage 0)",pixel,1988-2022 (35 water years),20000.0,10000,gamma(h) = 0.5 * mean (z_i - z_j)^2 over pairs in the lag bin
riverine,20260810,135deg,9875.0,222.71990277240428,31050,"veg_p05_temporal_mean residual (OLS, Stage 0)",pixel,1988-2022 (35 water years),20000.0,10000,gamma(h) = 0.5 * mean (z_i - z_j)^2 over pairs in the lag bin
riverine,20260810,135deg,10125.0,219.24794494676047,30435,"veg_p05_temporal_mean residual (OLS, Stage 0)",pixel,1988-2022 (35 water years),20000.0,10000,gamma(h) = 0.5 * mean (z_i - z_j)^2 over pairs in the lag bin
riverine,20260810,135deg,10375.0,202.81062915302283,29985,"veg_p05_temporal_mean residual (OLS, Stage 0)",pixel,1988-2022 (35 water years),20000.0,10000,gamma(h) = 0.5 * mean (z_i - z_j)^2 over pairs in the lag bin
riverine,20260810,135deg,10625.0,183.97693591642258,30081,"veg_p05_temporal_mean residual (OLS, Stage 0)",pixel,1988-2022 (35 water years),20000.0,10000,gamma(h) = 0.5 * mean (z_i - z_j)^2 over pairs in the lag bin
riverine,20260810,135deg,10875.0,172.48721727863898,29407,"veg_p05_temporal_mean residual (OLS, Stage 0)",pixel,1988-2022 (35 water years),20000.0,10000,gamma(h) = 0.5 * mean (z_i - z_j)^2 over pairs in the lag bin
riverine,20260810,135deg,11125.0,172.96621015576127,28944,"veg_p05_temporal_mean residual (OLS, Stage 0)",pixel,1988-2022 (35 water years),20000.0,10000,gamma(h) = 0.5 * mean (z_i - z_j)^2 over pairs in the lag bin
riverine,20260810,135deg,11375.0,181.90483148554392,27851,"veg_p05_temporal_mean residual (OLS, Stage 0)",pixel,1988-2022 (35 water years),20000.0,10000,gamma(h) = 0.5 * mean (z_i - z_j)^2 over pairs in the lag bin
riverine,20260810,135deg,11625.0,192.75188551634142,28084,"veg_p05_temporal_mean residual (OLS, Stage 0)",pixel,1988-2022 (35 water years),20000.0,10000,gamma(h) = 0.5 * mean (z_i - z_j)^2 over pairs in the lag bin
riverine,20260810,135deg,11875.0,177.39311042415935,28087,"veg_p05_temporal_mean residual (OLS, Stage 0)",pixel,1988-2022 (35 water years),20000.0,10000,gamma(h) = 0.5 * mean (z_i - z_j)^2 over pairs in the lag bin
riverine,20260810,135deg,12125.0,155.75875848583036,29018,"veg_p05_temporal_mean residual (OLS, Stage 0)",pixel,1988-2022 (35 water years),20000.0,10000,gamma(h) = 0.5 * mean (z_i - z_j)^2 over pairs in the lag bin
riverine,20260810,135deg,12375.0,144.20044034109793,31574,"veg_p05_temporal_mean residual (OLS, Stage 0)",pixel,1988-2022 (35 water years),20000.0,10000,gamma(h) = 0.5 * mean (z_i - z_j)^2 over pairs in the lag bin
riverine,20260810,135deg,12625.0,130.30567796174446,33321,"veg_p05_temporal_mean residual (OLS, Stage 0)",pixel,1988-2022 (35 water years),20000.0,10000,gamma(h) = 0.5 * mean (z_i - z_j)^2 over pairs in the lag bin
riverine,20260810,135deg,12875.0,124.79062935031624,33206,"veg_p05_temporal_mean residual (OLS, Stage 0)",pixel,1988-2022 (35 water years),20000.0,10000,gamma(h) = 0.5 * mean (z_i - z_j)^2 over pairs in the lag bin
riverine,20260810,135deg,13125.0,124.32193386724352,31194,"veg_p05_temporal_mean residual (OLS, Stage 0)",pixel,1988-2022 (35 water years),20000.0,10000,gamma(h) = 0.5 * mean (z_i - z_j)^2 over pairs in the lag bin
riverine,20260810,135deg,13375.0,123.26561813092823,28628,"veg_p05_temporal_mean residual (OLS, Stage 0)",pixel,1988-2022 (35 water years),20000.0,10000,gamma(h) = 0.5 * mean (z_i - z_j)^2 over pairs in the lag bin
riverine,20260810,135deg,13625.0,125.08089719013367,26658,"veg_p05_temporal_mean residual (OLS, Stage 0)",pixel,1988-2022 (35 water years),20000.0,10000,gamma(h) = 0.5 * mean (z_i - z_j)^2 over pairs in the lag bin
riverine,20260810,135deg,13875.0,127.85159070971379,26646,"veg_p05_temporal_mean residual (OLS, Stage 0)",pixel,1988-2022 (35 water years),20000.0,10000,gamma(h) = 0.5 * mean (z_i - z_j)^2 over pairs in the lag bin
riverine,20260810,135deg,14125.0,131.411613693585,26042,"veg_p05_temporal_mean residual (OLS, Stage 0)",pixel,1988-2022 (35 water years),20000.0,10000,gamma(h) = 0.5 * mean (z_i - z_j)^2 over pairs in the lag bin
riverine,20260810,135deg,14375.0,131.33537517552085,23050,"veg_p05_temporal_mean residual (OLS, Stage 0)",pixel,1988-2022 (35 water years),20000.0,10000,gamma(h) = 0.5 * mean (z_i - z_j)^2 over pairs in the lag bin
riverine,20260810,135deg,14625.0,130.95810036771655,18616,"veg_p05_temporal_mean residual (OLS, Stage 0)",pixel,1988-2022 (35 water years),20000.0,10000,gamma(h) = 0.5 * mean (z_i - z_j)^2 over pairs in the lag bin
riverine,20260810,135deg,14875.0,150.6859710371601,16652,"veg_p05_temporal_mean residual (OLS, Stage 0)",pixel,1988-2022 (35 water years),20000.0,10000,gamma(h) = 0.5 * mean (z_i - z_j)^2 over pairs in the lag bin
riverine,20260810,135deg,15125.0,157.0324724352371,16850,"veg_p05_temporal_mean residual (OLS, Stage 0)",pixel,1988-2022 (35 water years),20000.0,10000,gamma(h) = 0.5 * mean (z_i - z_j)^2 over pairs in the lag bin
riverine,20260810,135deg,15375.0,161.23795729557992,17095,"veg_p05_temporal_mean residual (OLS, Stage 0)",pixel,1988-2022 (35 water years),20000.0,10000,gamma(h) = 0.5 * mean (z_i - z_j)^2 over pairs in the lag bin
riverine,20260810,135deg,15625.0,155.81332145313706,18401,"veg_p05_temporal_mean residual (OLS, Stage 0)",pixel,1988-2022 (35 water years),20000.0,10000,gamma(h) = 0.5 * mean (z_i - z_j)^2 over pairs in the lag bin
riverine,20260810,135deg,15875.0,137.212560581964,18925,"veg_p05_temporal_mean residual (OLS, Stage 0)",pixel,1988-2022 (35 water years),20000.0,10000,gamma(h) = 0.5 * mean (z_i - z_j)^2 over pairs in the lag bin
riverine,20260810,135deg,16125.0,130.45567645813432,17651,"veg_p05_temporal_mean residual (OLS, Stage 0)",pixel,1988-2022 (35 water years),20000.0,10000,gamma(h) = 0.5 * mean (z_i - z_j)^2 over pairs in the lag bin
riverine,20260810,135deg,16375.0,137.11564259638743,15651,"veg_p05_temporal_mean residual (OLS, Stage 0)",pixel,1988-2022 (35 water years),20000.0,10000,gamma(h) = 0.5 * mean (z_i - z_j)^2 over pairs in the lag bin
riverine,20260810,135deg,16625.0,144.01915810242474,14464,"veg_p05_temporal_mean residual (OLS, Stage 0)",pixel,1988-2022 (35 water years),20000.0,10000,gamma(h) = 0.5 * mean (z_i - z_j)^2 over pairs in the lag bin
riverine,20260810,135deg,16875.0,149.4167385948756,14850,"veg_p05_temporal_mean residual (OLS, Stage 0)",pixel,1988-2022 (35 water years),20000.0,10000,gamma(h) = 0.5 * mean (z_i - z_j)^2 over pairs in the lag bin
riverine,20260810,135deg,17125.0,136.12075783558956,17337,"veg_p05_temporal_mean residual (OLS, Stage 0)",pixel,1988-2022 (35 water years),20000.0,10000,gamma(h) = 0.5 * mean (z_i - z_j)^2 over pairs in the lag bin
riverine,20260810,135deg,17375.0,123.61666370174014,20657,"veg_p05_temporal_mean residual (OLS, Stage 0)",pixel,1988-2022 (35 water years),20000.0,10000,gamma(h) = 0.5 * mean (z_i - z_j)^2 over pairs in the lag bin
riverine,20260810,135deg,17625.0,124.97773829557758,24704,"veg_p05_temporal_mean residual (OLS, Stage 0)",pixel,1988-2022 (35 water years),20000.0,10000,gamma(h) = 0.5 * mean (z_i - z_j)^2 over pairs in the lag bin
riverine,20260810,135deg,17875.0,116.61543285997006,29692,"veg_p05_temporal_mean residual (OLS, Stage 0)",pixel,1988-2022 (35 water years),20000.0,10000,gamma(h) = 0.5 * mean (z_i - z_j)^2 over pairs in the lag bin
riverine,20260810,135deg,18125.0,106.4378658220358,34296,"veg_p05_temporal_mean residual (OLS, Stage 0)",pixel,1988-2022 (35 water years),20000.0,10000,gamma(h) = 0.5 * mean (z_i - z_j)^2 over pairs in the lag bin
riverine,20260810,135deg,18375.0,103.2342092199178,39181,"veg_p05_temporal_mean residual (OLS, Stage 0)",pixel,1988-2022 (35 water years),20000.0,10000,gamma(h) = 0.5 * mean (z_i - z_j)^2 over pairs in the lag bin
riverine,20260810,135deg,18625.0,100.85282686156201,43659,"veg_p05_temporal_mean residual (OLS, Stage 0)",pixel,1988-2022 (35 water years),20000.0,10000,gamma(h) = 0.5 * mean (z_i - z_j)^2 over pairs in the lag bin
riverine,20260810,135deg,18875.0,107.00817194615247,47424,"veg_p05_temporal_mean residual (OLS, Stage 0)",pixel,1988-2022 (35 water years),20000.0,10000,gamma(h) = 0.5 * mean (z_i - z_j)^2 over pairs in the lag bin
riverine,20260810,135deg,19125.0,111.3174419022635,50980,"veg_p05_temporal_mean residual (OLS, Stage 0)",pixel,1988-2022 (35 water years),20000.0,10000,gamma(h) = 0.5 * mean (z_i - z_j)^2 over pairs in the lag bin
riverine,20260810,135deg,19375.0,111.64849505502046,53042,"veg_p05_temporal_mean residual (OLS, Stage 0)",pixel,1988-2022 (35 water years),20000.0,10000,gamma(h) = 0.5 * mean (z_i - z_j)^2 over pairs in the lag bin
riverine,20260810,135deg,19625.0,104.65173416908493,55528,"veg_p05_temporal_mean residual (OLS, Stage 0)",pixel,1988-2022 (35 water years),20000.0,10000,gamma(h) = 0.5 * mean (z_i - z_j)^2 over pairs in the lag bin
riverine,20260810,135deg,19875.0,96.76955788537649,58082,"veg_p05_temporal_mean residual (OLS, Stage 0)",pixel,1988-2022 (35 water years),20000.0,10000,gamma(h) = 0.5 * mean (z_i - z_j)^2 over pairs in the lag bin
inland,20260810,isotropic,125.0,34.90005166670578,20333,"veg_p05_temporal_mean residual (OLS, Stage 0)",pixel,1988-2022 (35 water years),20000.0,10000,gamma(h) = 0.5 * mean (z_i - z_j)^2 over pairs in the lag bin
inland,20260810,isotropic,375.0,55.33348786679928,55799,"veg_p05_temporal_mean residual (OLS, Stage 0)",pixel,1988-2022 (35 water years),20000.0,10000,gamma(h) = 0.5 * mean (z_i - z_j)^2 over pairs in the lag bin
inland,20260810,isotropic,625.0,65.29650219700973,87688,"veg_p05_temporal_mean residual (OLS, Stage 0)",pixel,1988-2022 (35 water years),20000.0,10000,gamma(h) = 0.5 * mean (z_i - z_j)^2 over pairs in the lag bin
inland,20260810,isotropic,875.0,72.76983103260208,114583,"veg_p05_temporal_mean residual (OLS, Stage 0)",pixel,1988-2022 (35 water years),20000.0,10000,gamma(h) = 0.5 * mean (z_i - z_j)^2 over pairs in the lag bin
inland,20260810,isotropic,1125.0,77.5887884799143,138675,"veg_p05_temporal_mean residual (OLS, Stage 0)",pixel,1988-2022 (35 water years),20000.0,10000,gamma(h) = 0.5 * mean (z_i - z_j)^2 over pairs in the lag bin
inland,20260810,isotropic,1375.0,82.763256954532,161761,"veg_p05_temporal_mean residual (OLS, Stage 0)",pixel,1988-2022 (35 water years),20000.0,10000,gamma(h) = 0.5 * mean (z_i - z_j)^2 over pairs in the lag bin
inland,20260810,isotropic,1625.0,87.18064900287585,181506,"veg_p05_temporal_mean residual (OLS, Stage 0)",pixel,1988-2022 (35 water years),20000.0,10000,gamma(h) = 0.5 * mean (z_i - z_j)^2 over pairs in the lag bin
inland,20260810,isotropic,1875.0,90.58602816932701,200760,"veg_p05_temporal_mean residual (OLS, Stage 0)",pixel,1988-2022 (35 water years),20000.0,10000,gamma(h) = 0.5 * mean (z_i - z_j)^2 over pairs in the lag bin
inland,20260810,isotropic,2125.0,91.98323197612835,216247,"veg_p05_temporal_mean residual (OLS, Stage 0)",pixel,1988-2022 (35 water years),20000.0,10000,gamma(h) = 0.5 * mean (z_i - z_j)^2 over pairs in the lag bin
inland,20260810,isotropic,2375.0,92.64079982661579,229736,"veg_p05_temporal_mean residual (OLS, Stage 0)",pixel,1988-2022 (35 water years),20000.0,10000,gamma(h) = 0.5 * mean (z_i - z_j)^2 over pairs in the lag bin
inland,20260810,isotropic,2625.0,95.30698532782847,246838,"veg_p05_temporal_mean residual (OLS, Stage 0)",pixel,1988-2022 (35 water years),20000.0,10000,gamma(h) = 0.5 * mean (z_i - z_j)^2 over pairs in the lag bin
inland,20260810,isotropic,2875.0,97.10178951260889,259664,"veg_p05_temporal_mean residual (OLS, Stage 0)",pixel,1988-2022 (35 water years),20000.0,10000,gamma(h) = 0.5 * mean (z_i - z_j)^2 over pairs in the lag bin
inland,20260810,isotropic,3125.0,98.68960154323933,273016,"veg_p05_temporal_mean residual (OLS, Stage 0)",pixel,1988-2022 (35 water years),20000.0,10000,gamma(h) = 0.5 * mean (z_i - z_j)^2 over pairs in the lag bin
inland,20260810,isotropic,3375.0,98.85088215610153,285208,"veg_p05_temporal_mean residual (OLS, Stage 0)",pixel,1988-2022 (35 water years),20000.0,10000,gamma(h) = 0.5 * mean (z_i - z_j)^2 over pairs in the lag bin
inland,20260810,isotropic,3625.0,99.41361217891371,297595,"veg_p05_temporal_mean residual (OLS, Stage 0)",pixel,1988-2022 (35 water years),20000.0,10000,gamma(h) = 0.5 * mean (z_i - z_j)^2 over pairs in the lag bin
inland,20260810,isotropic,3875.0,98.99388568416666,311003,"veg_p05_temporal_mean residual (OLS, Stage 0)",pixel,1988-2022 (35 water years),20000.0,10000,gamma(h) = 0.5 * mean (z_i - z_j)^2 over pairs in the lag bin
inland,20260810,isotropic,4125.0,99.33839109735709,322890,"veg_p05_temporal_mean residual (OLS, Stage 0)",pixel,1988-2022 (35 water years),20000.0,10000,gamma(h) = 0.5 * mean (z_i - z_j)^2 over pairs in the lag bin
inland,20260810,isotropic,4375.0,100.14874275443489,332374,"veg_p05_temporal_mean residual (OLS, Stage 0)",pixel,1988-2022 (35 water years),20000.0,10000,gamma(h) = 0.5 * mean (z_i - z_j)^2 over pairs in the lag bin
inland,20260810,isotropic,4625.0,99.9917695174793,347580,"veg_p05_temporal_mean residual (OLS, Stage 0)",pixel,1988-2022 (35 water years),20000.0,10000,gamma(h) = 0.5 * mean (z_i - z_j)^2 over pairs in the lag bin
inland,20260810,isotropic,4875.0,99.82955826531719,357517,"veg_p05_temporal_mean residual (OLS, Stage 0)",pixel,1988-2022 (35 water years),20000.0,10000,gamma(h) = 0.5 * mean (z_i - z_j)^2 over pairs in the lag bin
inland,20260810,isotropic,5125.0,100.29950071990915,371514,"veg_p05_temporal_mean residual (OLS, Stage 0)",pixel,1988-2022 (35 water years),20000.0,10000,gamma(h) = 0.5 * mean (z_i - z_j)^2 over pairs in the lag bin
inland,20260810,isotropic,5375.0,100.61922981385766,383586,"veg_p05_temporal_mean residual (OLS, Stage 0)",pixel,1988-2022 (35 water years),20000.0,10000,gamma(h) = 0.5 * mean (z_i - z_j)^2 over pairs in the lag bin
inland,20260810,isotropic,5625.0,100.06631257489295,395201,"veg_p05_temporal_mean residual (OLS, Stage 0)",pixel,1988-2022 (35 water years),20000.0,10000,gamma(h) = 0.5 * mean (z_i - z_j)^2 over pairs in the lag bin
inland,20260810,isotropic,5875.0,100.32650420255473,406085,"veg_p05_temporal_mean residual (OLS, Stage 0)",pixel,1988-2022 (35 water years),20000.0,10000,gamma(h) = 0.5 * mean (z_i - z_j)^2 over pairs in the lag bin
inland,20260810,isotropic,6125.0,100.28850673742551,416550,"veg_p05_temporal_mean residual (OLS, Stage 0)",pixel,1988-2022 (35 water years),20000.0,10000,gamma(h) = 0.5 * mean (z_i - z_j)^2 over pairs in the lag bin
inland,20260810,isotropic,6375.0,100.44005824781233,424819,"veg_p05_temporal_mean residual (OLS, Stage 0)",pixel,1988-2022 (35 water years),20000.0,10000,gamma(h) = 0.5 * mean (z_i - z_j)^2 over pairs in the lag bin
inland,20260810,isotropic,6625.0,100.34252831530524,431427,"veg_p05_temporal_mean residual (OLS, Stage 0)",pixel,1988-2022 (35 water years),20000.0,10000,gamma(h) = 0.5 * mean (z_i - z_j)^2 over pairs in the lag bin
inland,20260810,isotropic,6875.0,101.1892951892996,435033,"veg_p05_temporal_mean residual (OLS, Stage 0)",pixel,1988-2022 (35 water years),20000.0,10000,gamma(h) = 0.5 * mean (z_i - z_j)^2 over pairs in the lag bin
inland,20260810,isotropic,7125.0,100.69889110483194,440213,"veg_p05_temporal_mean residual (OLS, Stage 0)",pixel,1988-2022 (35 water years),20000.0,10000,gamma(h) = 0.5 * mean (z_i - z_j)^2 over pairs in the lag bin
inland,20260810,isotropic,7375.0,101.37545038501726,442728,"veg_p05_temporal_mean residual (OLS, Stage 0)",pixel,1988-2022 (35 water years),20000.0,10000,gamma(h) = 0.5 * mean (z_i - z_j)^2 over pairs in the lag bin
inland,20260810,isotropic,7625.0,101.45687728558448,448509,"veg_p05_temporal_mean residual (OLS, Stage 0)",pixel,1988-2022 (35 water years),20000.0,10000,gamma(h) = 0.5 * mean (z_i - z_j)^2 over pairs in the lag bin
inland,20260810,isotropic,7875.0,102.57779557184583,451684,"veg_p05_temporal_mean residual (OLS, Stage 0)",pixel,1988-2022 (35 water years),20000.0,10000,gamma(h) = 0.5 * mean (z_i - z_j)^2 over pairs in the lag bin
inland,20260810,isotropic,8125.0,103.5075361026433,451685,"veg_p05_temporal_mean residual (OLS, Stage 0)",pixel,1988-2022 (35 water years),20000.0,10000,gamma(h) = 0.5 * mean (z_i - z_j)^2 over pairs in the lag bin
inland,20260810,isotropic,8375.0,104.347431820465,455453,"veg_p05_temporal_mean residual (OLS, Stage 0)",pixel,1988-2022 (35 water years),20000.0,10000,gamma(h) = 0.5 * mean (z_i - z_j)^2 over pairs in the lag bin
inland,20260810,isotropic,8625.0,105.31000794169826,454662,"veg_p05_temporal_mean residual (OLS, Stage 0)",pixel,1988-2022 (35 water years),20000.0,10000,gamma(h) = 0.5 * mean (z_i - z_j)^2 over pairs in the lag bin
inland,20260810,isotropic,8875.0,105.31861327868175,452816,"veg_p05_temporal_mean residual (OLS, Stage 0)",pixel,1988-2022 (35 water years),20000.0,10000,gamma(h) = 0.5 * mean (z_i - z_j)^2 over pairs in the lag bin
inland,20260810,isotropic,9125.0,105.75591853720302,455393,"veg_p05_temporal_mean residual (OLS, Stage 0)",pixel,1988-2022 (35 water years),20000.0,10000,gamma(h) = 0.5 * mean (z_i - z_j)^2 over pairs in the lag bin
inland,20260810,isotropic,9375.0,105.95740112414462,453193,"veg_p05_temporal_mean residual (OLS, Stage 0)",pixel,1988-2022 (35 water years),20000.0,10000,gamma(h) = 0.5 * mean (z_i - z_j)^2 over pairs in the lag bin
inland,20260810,isotropic,9625.0,106.0223012982382,452060,"veg_p05_temporal_mean residual (OLS, Stage 0)",pixel,1988-2022 (35 water years),20000.0,10000,gamma(h) = 0.5 * mean (z_i - z_j)^2 over pairs in the lag bin
inland,20260810,isotropic,9875.0,105.60582589382255,455894,"veg_p05_temporal_mean residual (OLS, Stage 0)",pixel,1988-2022 (35 water years),20000.0,10000,gamma(h) = 0.5 * mean (z_i - z_j)^2 over pairs in the lag bin
inland,20260810,isotropic,10125.0,105.5388464147781,452014,"veg_p05_temporal_mean residual (OLS, Stage 0)",pixel,1988-2022 (35 water years),20000.0,10000,gamma(h) = 0.5 * mean (z_i - z_j)^2 over pairs in the lag bin
inland,20260810,isotropic,10375.0,104.4368435986606,452520,"veg_p05_temporal_mean residual (OLS, Stage 0)",pixel,1988-2022 (35 water years),20000.0,10000,gamma(h) = 0.5 * mean (z_i - z_j)^2 over pairs in the lag bin
inland,20260810,isotropic,10625.0,103.13450147144029,451227,"veg_p05_temporal_mean residual (OLS, Stage 0)",pixel,1988-2022 (35 water years),20000.0,10000,gamma(h) = 0.5 * mean (z_i - z_j)^2 over pairs in the lag bin
inland,20260810,isotropic,10875.0,103.07959718959891,450889,"veg_p05_temporal_mean residual (OLS, Stage 0)",pixel,1988-2022 (35 water years),20000.0,10000,gamma(h) = 0.5 * mean (z_i - z_j)^2 over pairs in the lag bin
inland,20260810,isotropic,11125.0,102.30204950901633,453416,"veg_p05_temporal_mean residual (OLS, Stage 0)",pixel,1988-2022 (35 water years),20000.0,10000,gamma(h) = 0.5 * mean (z_i - z_j)^2 over pairs in the lag bin
inland,20260810,isotropic,11375.0,101.32305611100165,452445,"veg_p05_temporal_mean residual (OLS, Stage 0)",pixel,1988-2022 (35 water years),20000.0,10000,gamma(h) = 0.5 * mean (z_i - z_j)^2 over pairs in the lag bin
inland,20260810,isotropic,11625.0,100.99388987538093,455080,"veg_p05_temporal_mean residual (OLS, Stage 0)",pixel,1988-2022 (35 water years),20000.0,10000,gamma(h) = 0.5 * mean (z_i - z_j)^2 over pairs in the lag bin
inland,20260810,isotropic,11875.0,101.77764156756501,452803,"veg_p05_temporal_mean residual (OLS, Stage 0)",pixel,1988-2022 (35 water years),20000.0,10000,gamma(h) = 0.5 * mean (z_i - z_j)^2 over pairs in the lag bin
inland,20260810,isotropic,12125.0,102.42921048438969,453199,"veg_p05_temporal_mean residual (OLS, Stage 0)",pixel,1988-2022 (35 water years),20000.0,10000,gamma(h) = 0.5 * mean (z_i - z_j)^2 over pairs in the lag bin
inland,20260810,isotropic,12375.0,101.72273046754597,450854,"veg_p05_temporal_mean residual (OLS, Stage 0)",pixel,1988-2022 (35 water years),20000.0,10000,gamma(h) = 0.5 * mean (z_i - z_j)^2 over pairs in the lag bin
inland,20260810,isotropic,12625.0,102.71861106873614,450971,"veg_p05_temporal_mean residual (OLS, Stage 0)",pixel,1988-2022 (35 water years),20000.0,10000,gamma(h) = 0.5 * mean (z_i - z_j)^2 over pairs in the lag bin
inland,20260810,isotropic,12875.0,103.68518518061649,448182,"veg_p05_temporal_mean residual (OLS, Stage 0)",pixel,1988-2022 (35 water years),20000.0,10000,gamma(h) = 0.5 * mean (z_i - z_j)^2 over pairs in the lag bin
inland,20260810,isotropic,13125.0,105.24014048533208,443689,"veg_p05_temporal_mean residual (OLS, Stage 0)",pixel,1988-2022 (35 water years),20000.0,10000,gamma(h) = 0.5 * mean (z_i - z_j)^2 over pairs in the lag bin
inland,20260810,isotropic,13375.0,105.55708681216709,441875,"veg_p05_temporal_mean residual (OLS, Stage 0)",pixel,1988-2022 (35 water years),20000.0,10000,gamma(h) = 0.5 * mean (z_i - z_j)^2 over pairs in the lag bin
inland,20260810,isotropic,13625.0,105.83791727568567,437724,"veg_p05_temporal_mean residual (OLS, Stage 0)",pixel,1988-2022 (35 water years),20000.0,10000,gamma(h) = 0.5 * mean (z_i - z_j)^2 over pairs in the lag bin
inland,20260810,isotropic,13875.0,106.81485641232209,433014,"veg_p05_temporal_mean residual (OLS, Stage 0)",pixel,1988-2022 (35 water years),20000.0,10000,gamma(h) = 0.5 * mean (z_i - z_j)^2 over pairs in the lag bin
inland,20260810,isotropic,14125.0,107.84274289399342,432552,"veg_p05_temporal_mean residual (OLS, Stage 0)",pixel,1988-2022 (35 water years),20000.0,10000,gamma(h) = 0.5 * mean (z_i - z_j)^2 over pairs in the lag bin
inland,20260810,isotropic,14375.0,106.79402054206777,430427,"veg_p05_temporal_mean residual (OLS, Stage 0)",pixel,1988-2022 (35 water years),20000.0,10000,gamma(h) = 0.5 * mean (z_i - z_j)^2 over pairs in the lag bin
inland,20260810,isotropic,14625.0,107.94575904683805,426065,"veg_p05_temporal_mean residual (OLS, Stage 0)",pixel,1988-2022 (35 water years),20000.0,10000,gamma(h) = 0.5 * mean (z_i - z_j)^2 over pairs in the lag bin
inland,20260810,isotropic,14875.0,108.72340133669199,422823,"veg_p05_temporal_mean residual (OLS, Stage 0)",pixel,1988-2022 (35 water years),20000.0,10000,gamma(h) = 0.5 * mean (z_i - z_j)^2 over pairs in the lag bin
inland,20260810,isotropic,15125.0,109.46438805719957,417891,"veg_p05_temporal_mean residual (OLS, Stage 0)",pixel,1988-2022 (35 water years),20000.0,10000,gamma(h) = 0.5 * mean (z_i - z_j)^2 over pairs in the lag bin
inland,20260810,isotropic,15375.0,110.47109736995537,412640,"veg_p05_temporal_mean residual (OLS, Stage 0)",pixel,1988-2022 (35 water years),20000.0,10000,gamma(h) = 0.5 * mean (z_i - z_j)^2 over pairs in the lag bin
inland,20260810,isotropic,15625.0,112.17456304663243,408021,"veg_p05_temporal_mean residual (OLS, Stage 0)",pixel,1988-2022 (35 water years),20000.0,10000,gamma(h) = 0.5 * mean (z_i - z_j)^2 over pairs in the lag bin
inland,20260810,isotropic,15875.0,112.77948864281606,405481,"veg_p05_temporal_mean residual (OLS, Stage 0)",pixel,1988-2022 (35 water years),20000.0,10000,gamma(h) = 0.5 * mean (z_i - z_j)^2 over pairs in the lag bin
inland,20260810,isotropic,16125.0,114.15217796511337,401711,"veg_p05_temporal_mean residual (OLS, Stage 0)",pixel,1988-2022 (35 water years),20000.0,10000,gamma(h) = 0.5 * mean (z_i - z_j)^2 over pairs in the lag bin
inland,20260810,isotropic,16375.0,115.53971083108028,396734,"veg_p05_temporal_mean residual (OLS, Stage 0)",pixel,1988-2022 (35 water years),20000.0,10000,gamma(h) = 0.5 * mean (z_i - z_j)^2 over pairs in the lag bin
inland,20260810,isotropic,16625.0,116.80265400697938,393237,"veg_p05_temporal_mean residual (OLS, Stage 0)",pixel,1988-2022 (35 water years),20000.0,10000,gamma(h) = 0.5 * mean (z_i - z_j)^2 over pairs in the lag bin
inland,20260810,isotropic,16875.0,117.33987454861031,389682,"veg_p05_temporal_mean residual (OLS, Stage 0)",pixel,1988-2022 (35 water years),20000.0,10000,gamma(h) = 0.5 * mean (z_i - z_j)^2 over pairs in the lag bin
inland,20260810,isotropic,17125.0,118.24767186066795,387457,"veg_p05_temporal_mean residual (OLS, Stage 0)",pixel,1988-2022 (35 water years),20000.0,10000,gamma(h) = 0.5 * mean (z_i - z_j)^2 over pairs in the lag bin
inland,20260810,isotropic,17375.0,117.88945208840876,383567,"veg_p05_temporal_mean residual (OLS, Stage 0)",pixel,1988-2022 (35 water years),20000.0,10000,gamma(h) = 0.5 * mean (z_i - z_j)^2 over pairs in the lag bin
inland,20260810,isotropic,17625.0,118.50517018747358,380529,"veg_p05_temporal_mean residual (OLS, Stage 0)",pixel,1988-2022 (35 water years),20000.0,10000,gamma(h) = 0.5 * mean (z_i - z_j)^2 over pairs in the lag bin
inland,20260810,isotropic,17875.0,118.09908184359803,379412,"veg_p05_temporal_mean residual (OLS, Stage 0)",pixel,1988-2022 (35 water years),20000.0,10000,gamma(h) = 0.5 * mean (z_i - z_j)^2 over pairs in the lag bin
inland,20260810,isotropic,18125.0,117.8489505730884,379893,"veg_p05_temporal_mean residual (OLS, Stage 0)",pixel,1988-2022 (35 water years),20000.0,10000,gamma(h) = 0.5 * mean (z_i - z_j)^2 over pairs in the lag bin
inland,20260810,isotropic,18375.0,117.52614807061728,377161,"veg_p05_temporal_mean residual (OLS, Stage 0)",pixel,1988-2022 (35 water years),20000.0,10000,gamma(h) = 0.5 * mean (z_i - z_j)^2 over pairs in the lag bin
inland,20260810,isotropic,18625.0,117.91761731646275,377087,"veg_p05_temporal_mean residual (OLS, Stage 0)",pixel,1988-2022 (35 water years),20000.0,10000,gamma(h) = 0.5 * mean (z_i - z_j)^2 over pairs in the lag bin
inland,20260810,isotropic,18875.0,117.23347593414148,378207,"veg_p05_temporal_mean residual (OLS, Stage 0)",pixel,1988-2022 (35 water years),20000.0,10000,gamma(h) = 0.5 * mean (z_i - z_j)^2 over pairs in the lag bin
inland,20260810,isotropic,19125.0,115.84525273560234,374926,"veg_p05_temporal_mean residual (OLS, Stage 0)",pixel,1988-2022 (35 water years),20000.0,10000,gamma(h) = 0.5 * mean (z_i - z_j)^2 over pairs in the lag bin
inland,20260810,isotropic,19375.0,116.23931301557637,374137,"veg_p05_temporal_mean residual (OLS, Stage 0)",pixel,1988-2022 (35 water years),20000.0,10000,gamma(h) = 0.5 * mean (z_i - z_j)^2 over pairs in the lag bin
inland,20260810,isotropic,19625.0,115.33006846481088,371883,"veg_p05_temporal_mean residual (OLS, Stage 0)",pixel,1988-2022 (35 water years),20000.0,10000,gamma(h) = 0.5 * mean (z_i - z_j)^2 over pairs in the lag bin
inland,20260810,isotropic,19875.0,114.42302380510641,367156,"veg_p05_temporal_mean residual (OLS, Stage 0)",pixel,1988-2022 (35 water years),20000.0,10000,gamma(h) = 0.5 * mean (z_i - z_j)^2 over pairs in the lag bin
inland,20261810,isotropic,125.0,34.463567066520625,20332,"veg_p05_temporal_mean residual (OLS, Stage 0)",pixel,1988-2022 (35 water years),20000.0,10000,gamma(h) = 0.5 * mean (z_i - z_j)^2 over pairs in the lag bin
inland,20261810,isotropic,375.0,54.83218754094171,55286,"veg_p05_temporal_mean residual (OLS, Stage 0)",pixel,1988-2022 (35 water years),20000.0,10000,gamma(h) = 0.5 * mean (z_i - z_j)^2 over pairs in the lag bin
inland,20261810,isotropic,625.0,67.99751958969057,86368,"veg_p05_temporal_mean residual (OLS, Stage 0)",pixel,1988-2022 (35 water years),20000.0,10000,gamma(h) = 0.5 * mean (z_i - z_j)^2 over pairs in the lag bin
inland,20261810,isotropic,875.0,76.11845357838897,112624,"veg_p05_temporal_mean residual (OLS, Stage 0)",pixel,1988-2022 (35 water years),20000.0,10000,gamma(h) = 0.5 * mean (z_i - z_j)^2 over pairs in the lag bin
inland,20261810,isotropic,1125.0,80.78037623896061,137006,"veg_p05_temporal_mean residual (OLS, Stage 0)",pixel,1988-2022 (35 water years),20000.0,10000,gamma(h) = 0.5 * mean (z_i - z_j)^2 over pairs in the lag bin
inland,20261810,isotropic,1375.0,86.18014526540942,159499,"veg_p05_temporal_mean residual (OLS, Stage 0)",pixel,1988-2022 (35 water years),20000.0,10000,gamma(h) = 0.5 * mean (z_i - z_j)^2 over pairs in the lag bin
inland,20261810,isotropic,1625.0,91.14011536607762,180647,"veg_p05_temporal_mean residual (OLS, Stage 0)",pixel,1988-2022 (35 water years),20000.0,10000,gamma(h) = 0.5 * mean (z_i - z_j)^2 over pairs in the lag bin
inland,20261810,isotropic,1875.0,94.37524565992624,198433,"veg_p05_temporal_mean residual (OLS, Stage 0)",pixel,1988-2022 (35 water years),20000.0,10000,gamma(h) = 0.5 * mean (z_i - z_j)^2 over pairs in the lag bin
inland,20261810,isotropic,2125.0,96.34818973319301,213690,"veg_p05_temporal_mean residual (OLS, Stage 0)",pixel,1988-2022 (35 water years),20000.0,10000,gamma(h) = 0.5 * mean (z_i - z_j)^2 over pairs in the lag bin
inland,20261810,isotropic,2375.0,98.09446996399174,228429,"veg_p05_temporal_mean residual (OLS, Stage 0)",pixel,1988-2022 (35 water years),20000.0,10000,gamma(h) = 0.5 * mean (z_i - z_j)^2 over pairs in the lag bin
inland,20261810,isotropic,2625.0,100.61864658608717,244114,"veg_p05_temporal_mean residual (OLS, Stage 0)",pixel,1988-2022 (35 water years),20000.0,10000,gamma(h) = 0.5 * mean (z_i - z_j)^2 over pairs in the lag bin
inland,20261810,isotropic,2875.0,101.73303067250326,255164,"veg_p05_temporal_mean residual (OLS, Stage 0)",pixel,1988-2022 (35 water years),20000.0,10000,gamma(h) = 0.5 * mean (z_i - z_j)^2 over pairs in the lag bin
inland,20261810,isotropic,3125.0,102.68935017864527,269050,"veg_p05_temporal_mean residual (OLS, Stage 0)",pixel,1988-2022 (35 water years),20000.0,10000,gamma(h) = 0.5 * mean (z_i - z_j)^2 over pairs in the lag bin
inland,20261810,isotropic,3375.0,103.38265645117708,281906,"veg_p05_temporal_mean residual (OLS, Stage 0)",pixel,1988-2022 (35 water years),20000.0,10000,gamma(h) = 0.5 * mean (z_i - z_j)^2 over pairs in the lag bin
inland,20261810,isotropic,3625.0,103.78660577206867,291600,"veg_p05_temporal_mean residual (OLS, Stage 0)",pixel,1988-2022 (35 water years),20000.0,10000,gamma(h) = 0.5 * mean (z_i - z_j)^2 over pairs in the lag bin
inland,20261810,isotropic,3875.0,103.31539648454964,306154,"veg_p05_temporal_mean residual (OLS, Stage 0)",pixel,1988-2022 (35 water years),20000.0,10000,gamma(h) = 0.5 * mean (z_i - z_j)^2 over pairs in the lag bin
inland,20261810,isotropic,4125.0,103.20219626701278,317912,"veg_p05_temporal_mean residual (OLS, Stage 0)",pixel,1988-2022 (35 water years),20000.0,10000,gamma(h) = 0.5 * mean (z_i - z_j)^2 over pairs in the lag bin
inland,20261810,isotropic,4375.0,103.80425403735435,329504,"veg_p05_temporal_mean residual (OLS, Stage 0)",pixel,1988-2022 (35 water years),20000.0,10000,gamma(h) = 0.5 * mean (z_i - z_j)^2 over pairs in the lag bin
inland,20261810,isotropic,4625.0,102.8896511338668,345312,"veg_p05_temporal_mean residual (OLS, Stage 0)",pixel,1988-2022 (35 water years),20000.0,10000,gamma(h) = 0.5 * mean (z_i - z_j)^2 over pairs in the lag bin
inland,20261810,isotropic,4875.0,102.70128780659638,355980,"veg_p05_temporal_mean residual (OLS, Stage 0)",pixel,1988-2022 (35 water years),20000.0,10000,gamma(h) = 0.5 * mean (z_i - z_j)^2 over pairs in the lag bin
inland,20261810,isotropic,5125.0,102.18024538587365,367379,"veg_p05_temporal_mean residual (OLS, Stage 0)",pixel,1988-2022 (35 water years),20000.0,10000,gamma(h) = 0.5 * mean (z_i - z_j)^2 over pairs in the lag bin
inland,20261810,isotropic,5375.0,102.94147176938183,378889,"veg_p05_temporal_mean residual (OLS, Stage 0)",pixel,1988-2022 (35 water years),20000.0,10000,gamma(h) = 0.5 * mean (z_i - z_j)^2 over pairs in the lag bin
inland,20261810,isotropic,5625.0,103.64713084968737,389924,"veg_p05_temporal_mean residual (OLS, Stage 0)",pixel,1988-2022 (35 water years),20000.0,10000,gamma(h) = 0.5 * mean (z_i - z_j)^2 over pairs in the lag bin
inland,20261810,isotropic,5875.0,102.68225650700654,401349,"veg_p05_temporal_mean residual (OLS, Stage 0)",pixel,1988-2022 (35 water years),20000.0,10000,gamma(h) = 0.5 * mean (z_i - z_j)^2 over pairs in the lag bin
inland,20261810,isotropic,6125.0,103.07745692501175,412281,"veg_p05_temporal_mean residual (OLS, Stage 0)",pixel,1988-2022 (35 water years),20000.0,10000,gamma(h) = 0.5 * mean (z_i - z_j)^2 over pairs in the lag bin
inland,20261810,isotropic,6375.0,103.19882827274982,420293,"veg_p05_temporal_mean residual (OLS, Stage 0)",pixel,1988-2022 (35 water years),20000.0,10000,gamma(h) = 0.5 * mean (z_i - z_j)^2 over pairs in the lag bin
inland,20261810,isotropic,6625.0,102.83527394980938,426056,"veg_p05_temporal_mean residual (OLS, Stage 0)",pixel,1988-2022 (35 water years),20000.0,10000,gamma(h) = 0.5 * mean (z_i - z_j)^2 over pairs in the lag bin
inland,20261810,isotropic,6875.0,103.31540196237478,429859,"veg_p05_temporal_mean residual (OLS, Stage 0)",pixel,1988-2022 (35 water years),20000.0,10000,gamma(h) = 0.5 * mean (z_i - z_j)^2 over pairs in the lag bin
inland,20261810,isotropic,7125.0,103.79735061723669,433979,"veg_p05_temporal_mean residual (OLS, Stage 0)",pixel,1988-2022 (35 water years),20000.0,10000,gamma(h) = 0.5 * mean (z_i - z_j)^2 over pairs in the lag bin
inland,20261810,isotropic,7375.0,104.00873135006847,436497,"veg_p05_temporal_mean residual (OLS, Stage 0)",pixel,1988-2022 (35 water years),20000.0,10000,gamma(h) = 0.5 * mean (z_i - z_j)^2 over pairs in the lag bin
inland,20261810,isotropic,7625.0,103.74019675927761,439446,"veg_p05_temporal_mean residual (OLS, Stage 0)",pixel,1988-2022 (35 water years),20000.0,10000,gamma(h) = 0.5 * mean (z_i - z_j)^2 over pairs in the lag bin
inland,20261810,isotropic,7875.0,105.23287006975038,442957,"veg_p05_temporal_mean residual (OLS, Stage 0)",pixel,1988-2022 (35 water years),20000.0,10000,gamma(h) = 0.5 * mean (z_i - z_j)^2 over pairs in the lag bin
inland,20261810,isotropic,8125.0,106.4130017614105,442725,"veg_p05_temporal_mean residual (OLS, Stage 0)",pixel,1988-2022 (35 water years),20000.0,10000,gamma(h) = 0.5 * mean (z_i - z_j)^2 over pairs in the lag bin
inland,20261810,isotropic,8375.0,107.09405234698907,445166,"veg_p05_temporal_mean residual (OLS, Stage 0)",pixel,1988-2022 (35 water years),20000.0,10000,gamma(h) = 0.5 * mean (z_i - z_j)^2 over pairs in the lag bin
inland,20261810,isotropic,8625.0,107.51109111138814,444316,"veg_p05_temporal_mean residual (OLS, Stage 0)",pixel,1988-2022 (35 water years),20000.0,10000,gamma(h) = 0.5 * mean (z_i - z_j)^2 over pairs in the lag bin
inland,20261810,isotropic,8875.0,108.16031316515546,444780,"veg_p05_temporal_mean residual (OLS, Stage 0)",pixel,1988-2022 (35 water years),20000.0,10000,gamma(h) = 0.5 * mean (z_i - z_j)^2 over pairs in the lag bin
inland,20261810,isotropic,9125.0,107.93247338420863,443668,"veg_p05_temporal_mean residual (OLS, Stage 0)",pixel,1988-2022 (35 water years),20000.0,10000,gamma(h) = 0.5 * mean (z_i - z_j)^2 over pairs in the lag bin
inland,20261810,isotropic,9375.0,108.00775846504786,441273,"veg_p05_temporal_mean residual (OLS, Stage 0)",pixel,1988-2022 (35 water years),20000.0,10000,gamma(h) = 0.5 * mean (z_i - z_j)^2 over pairs in the lag bin
inland,20261810,isotropic,9625.0,108.13830353424152,440668,"veg_p05_temporal_mean residual (OLS, Stage 0)",pixel,1988-2022 (35 water years),20000.0,10000,gamma(h) = 0.5 * mean (z_i - z_j)^2 over pairs in the lag bin
inland,20261810,isotropic,9875.0,107.82637664276245,441339,"veg_p05_temporal_mean residual (OLS, Stage 0)",pixel,1988-2022 (35 water years),20000.0,10000,gamma(h) = 0.5 * mean (z_i - z_j)^2 over pairs in the lag bin
inland,20261810,isotropic,10125.0,107.50102763093994,439993,"veg_p05_temporal_mean residual (OLS, Stage 0)",pixel,1988-2022 (35 water years),20000.0,10000,gamma(h) = 0.5 * mean (z_i - z_j)^2 over pairs in the lag bin
inland,20261810,isotropic,10375.0,107.33097439398918,439184,"veg_p05_temporal_mean residual (OLS, Stage 0)",pixel,1988-2022 (35 water years),20000.0,10000,gamma(h) = 0.5 * mean (z_i - z_j)^2 over pairs in the lag bin
inland,20261810,isotropic,10625.0,107.11297879320726,441588,"veg_p05_temporal_mean residual (OLS, Stage 0)",pixel,1988-2022 (35 water years),20000.0,10000,gamma(h) = 0.5 * mean (z_i - z_j)^2 over pairs in the lag bin
inland,20261810,isotropic,10875.0,105.50414175273815,441807,"veg_p05_temporal_mean residual (OLS, Stage 0)",pixel,1988-2022 (35 water years),20000.0,10000,gamma(h) = 0.5 * mean (z_i - z_j)^2 over pairs in the lag bin
inland,20261810,isotropic,11125.0,104.7183895306757,445398,"veg_p05_temporal_mean residual (OLS, Stage 0)",pixel,1988-2022 (35 water years),20000.0,10000,gamma(h) = 0.5 * mean (z_i - z_j)^2 over pairs in the lag bin
inland,20261810,isotropic,11375.0,104.26961205356626,445138,"veg_p05_temporal_mean residual (OLS, Stage 0)",pixel,1988-2022 (35 water years),20000.0,10000,gamma(h) = 0.5 * mean (z_i - z_j)^2 over pairs in the lag bin
inland,20261810,isotropic,11625.0,104.41576387865162,446946,"veg_p05_temporal_mean residual (OLS, Stage 0)",pixel,1988-2022 (35 water years),20000.0,10000,gamma(h) = 0.5 * mean (z_i - z_j)^2 over pairs in the lag bin
inland,20261810,isotropic,11875.0,104.46403181680127,444587,"veg_p05_temporal_mean residual (OLS, Stage 0)",pixel,1988-2022 (35 water years),20000.0,10000,gamma(h) = 0.5 * mean (z_i - z_j)^2 over pairs in the lag bin
inland,20261810,isotropic,12125.0,104.30956413600394,443395,"veg_p05_temporal_mean residual (OLS, Stage 0)",pixel,1988-2022 (35 water years),20000.0,10000,gamma(h) = 0.5 * mean (z_i - z_j)^2 over pairs in the lag bin
inland,20261810,isotropic,12375.0,104.69222646118446,442439,"veg_p05_temporal_mean residual (OLS, Stage 0)",pixel,1988-2022 (35 water years),20000.0,10000,gamma(h) = 0.5 * mean (z_i - z_j)^2 over pairs in the lag bin
inland,20261810,isotropic,12625.0,105.94499367165508,443943,"veg_p05_temporal_mean residual (OLS, Stage 0)",pixel,1988-2022 (35 water years),20000.0,10000,gamma(h) = 0.5 * mean (z_i - z_j)^2 over pairs in the lag bin
inland,20261810,isotropic,12875.0,107.54621017460339,442554,"veg_p05_temporal_mean residual (OLS, Stage 0)",pixel,1988-2022 (35 water years),20000.0,10000,gamma(h) = 0.5 * mean (z_i - z_j)^2 over pairs in the lag bin
inland,20261810,isotropic,13125.0,108.48565639972223,438075,"veg_p05_temporal_mean residual (OLS, Stage 0)",pixel,1988-2022 (35 water years),20000.0,10000,gamma(h) = 0.5 * mean (z_i - z_j)^2 over pairs in the lag bin
inland,20261810,isotropic,13375.0,108.95979064310244,437117,"veg_p05_temporal_mean residual (OLS, Stage 0)",pixel,1988-2022 (35 water years),20000.0,10000,gamma(h) = 0.5 * mean (z_i - z_j)^2 over pairs in the lag bin
inland,20261810,isotropic,13625.0,109.39620486238545,434533,"veg_p05_temporal_mean residual (OLS, Stage 0)",pixel,1988-2022 (35 water years),20000.0,10000,gamma(h) = 0.5 * mean (z_i - z_j)^2 over pairs in the lag bin
inland,20261810,isotropic,13875.0,109.68681779201617,430405,"veg_p05_temporal_mean residual (OLS, Stage 0)",pixel,1988-2022 (35 water years),20000.0,10000,gamma(h) = 0.5 * mean (z_i - z_j)^2 over pairs in the lag bin
inland,20261810,isotropic,14125.0,109.5258115182406,428159,"veg_p05_temporal_mean residual (OLS, Stage 0)",pixel,1988-2022 (35 water years),20000.0,10000,gamma(h) = 0.5 * mean (z_i - z_j)^2 over pairs in the lag bin
inland,20261810,isotropic,14375.0,110.56782381647146,424689,"veg_p05_temporal_mean residual (OLS, Stage 0)",pixel,1988-2022 (35 water years),20000.0,10000,gamma(h) = 0.5 * mean (z_i - z_j)^2 over pairs in the lag bin
inland,20261810,isotropic,14625.0,111.29722546404355,420460,"veg_p05_temporal_mean residual (OLS, Stage 0)",pixel,1988-2022 (35 water years),20000.0,10000,gamma(h) = 0.5 * mean (z_i - z_j)^2 over pairs in the lag bin
inland,20261810,isotropic,14875.0,112.4255550665731,418155,"veg_p05_temporal_mean residual (OLS, Stage 0)",pixel,1988-2022 (35 water years),20000.0,10000,gamma(h) = 0.5 * mean (z_i - z_j)^2 over pairs in the lag bin
inland,20261810,isotropic,15125.0,112.78649043676594,412232,"veg_p05_temporal_mean residual (OLS, Stage 0)",pixel,1988-2022 (35 water years),20000.0,10000,gamma(h) = 0.5 * mean (z_i - z_j)^2 over pairs in the lag bin
inland,20261810,isotropic,15375.0,113.302748936849,406589,"veg_p05_temporal_mean residual (OLS, Stage 0)",pixel,1988-2022 (35 water years),20000.0,10000,gamma(h) = 0.5 * mean (z_i - z_j)^2 over pairs in the lag bin
inland,20261810,isotropic,15625.0,114.88315349581404,401475,"veg_p05_temporal_mean residual (OLS, Stage 0)",pixel,1988-2022 (35 water years),20000.0,10000,gamma(h) = 0.5 * mean (z_i - z_j)^2 over pairs in the lag bin
inland,20261810,isotropic,15875.0,116.6243669193714,397564,"veg_p05_temporal_mean residual (OLS, Stage 0)",pixel,1988-2022 (35 water years),20000.0,10000,gamma(h) = 0.5 * mean (z_i - z_j)^2 over pairs in the lag bin
inland,20261810,isotropic,16125.0,117.57367093771282,393312,"veg_p05_temporal_mean residual (OLS, Stage 0)",pixel,1988-2022 (35 water years),20000.0,10000,gamma(h) = 0.5 * mean (z_i - z_j)^2 over pairs in the lag bin
inland,20261810,isotropic,16375.0,119.09069419904026,390599,"veg_p05_temporal_mean residual (OLS, Stage 0)",pixel,1988-2022 (35 water years),20000.0,10000,gamma(h) = 0.5 * mean (z_i - z_j)^2 over pairs in the lag bin
inland,20261810,isotropic,16625.0,120.62491953091556,388044,"veg_p05_temporal_mean residual (OLS, Stage 0)",pixel,1988-2022 (35 water years),20000.0,10000,gamma(h) = 0.5 * mean (z_i - z_j)^2 over pairs in the lag bin
inland,20261810,isotropic,16875.0,121.30195433703263,385564,"veg_p05_temporal_mean residual (OLS, Stage 0)",pixel,1988-2022 (35 water years),20000.0,10000,gamma(h) = 0.5 * mean (z_i - z_j)^2 over pairs in the lag bin
inland,20261810,isotropic,17125.0,122.30814491137065,383838,"veg_p05_temporal_mean residual (OLS, Stage 0)",pixel,1988-2022 (35 water years),20000.0,10000,gamma(h) = 0.5 * mean (z_i - z_j)^2 over pairs in the lag bin
inland,20261810,isotropic,17375.0,123.19299642342675,381827,"veg_p05_temporal_mean residual (OLS, Stage 0)",pixel,1988-2022 (35 water years),20000.0,10000,gamma(h) = 0.5 * mean (z_i - z_j)^2 over pairs in the lag bin
inland,20261810,isotropic,17625.0,123.99409881106467,378156,"veg_p05_temporal_mean residual (OLS, Stage 0)",pixel,1988-2022 (35 water years),20000.0,10000,gamma(h) = 0.5 * mean (z_i - z_j)^2 over pairs in the lag bin
inland,20261810,isotropic,17875.0,123.73305202695084,377018,"veg_p05_temporal_mean residual (OLS, Stage 0)",pixel,1988-2022 (35 water years),20000.0,10000,gamma(h) = 0.5 * mean (z_i - z_j)^2 over pairs in the lag bin
inland,20261810,isotropic,18125.0,122.96757047234908,376570,"veg_p05_temporal_mean residual (OLS, Stage 0)",pixel,1988-2022 (35 water years),20000.0,10000,gamma(h) = 0.5 * mean (z_i - z_j)^2 over pairs in the lag bin
inland,20261810,isotropic,18375.0,121.6755542517608,374903,"veg_p05_temporal_mean residual (OLS, Stage 0)",pixel,1988-2022 (35 water years),20000.0,10000,gamma(h) = 0.5 * mean (z_i - z_j)^2 over pairs in the lag bin
inland,20261810,isotropic,18625.0,121.08983640023091,376660,"veg_p05_temporal_mean residual (OLS, Stage 0)",pixel,1988-2022 (35 water years),20000.0,10000,gamma(h) = 0.5 * mean (z_i - z_j)^2 over pairs in the lag bin
inland,20261810,isotropic,18875.0,120.28938056240897,378017,"veg_p05_temporal_mean residual (OLS, Stage 0)",pixel,1988-2022 (35 water years),20000.0,10000,gamma(h) = 0.5 * mean (z_i - z_j)^2 over pairs in the lag bin
inland,20261810,isotropic,19125.0,119.14435631520581,375436,"veg_p05_temporal_mean residual (OLS, Stage 0)",pixel,1988-2022 (35 water years),20000.0,10000,gamma(h) = 0.5 * mean (z_i - z_j)^2 over pairs in the lag bin
inland,20261810,isotropic,19375.0,117.80314572322499,375123,"veg_p05_temporal_mean residual (OLS, Stage 0)",pixel,1988-2022 (35 water years),20000.0,10000,gamma(h) = 0.5 * mean (z_i - z_j)^2 over pairs in the lag bin
inland,20261810,isotropic,19625.0,118.44188161064359,373627,"veg_p05_temporal_mean residual (OLS, Stage 0)",pixel,1988-2022 (35 water years),20000.0,10000,gamma(h) = 0.5 * mean (z_i - z_j)^2 over pairs in the lag bin
inland,20261810,isotropic,19875.0,118.98525293968413,373125,"veg_p05_temporal_mean residual (OLS, Stage 0)",pixel,1988-2022 (35 water years),20000.0,10000,gamma(h) = 0.5 * mean (z_i - z_j)^2 over pairs in the lag bin
inland,20262810,isotropic,125.0,34.7885398081743,20369,"veg_p05_temporal_mean residual (OLS, Stage 0)",pixel,1988-2022 (35 water years),20000.0,10000,gamma(h) = 0.5 * mean (z_i - z_j)^2 over pairs in the lag bin
inland,20262810,isotropic,375.0,55.56767173747783,54963,"veg_p05_temporal_mean residual (OLS, Stage 0)",pixel,1988-2022 (35 water years),20000.0,10000,gamma(h) = 0.5 * mean (z_i - z_j)^2 over pairs in the lag bin
inland,20262810,isotropic,625.0,67.52829784825127,86367,"veg_p05_temporal_mean residual (OLS, Stage 0)",pixel,1988-2022 (35 water years),20000.0,10000,gamma(h) = 0.5 * mean (z_i - z_j)^2 over pairs in the lag bin
inland,20262810,isotropic,875.0,74.07169429544086,112905,"veg_p05_temporal_mean residual (OLS, Stage 0)",pixel,1988-2022 (35 water years),20000.0,10000,gamma(h) = 0.5 * mean (z_i - z_j)^2 over pairs in the lag bin
inland,20262810,isotropic,1125.0,78.51977122316873,136054,"veg_p05_temporal_mean residual (OLS, Stage 0)",pixel,1988-2022 (35 water years),20000.0,10000,gamma(h) = 0.5 * mean (z_i - z_j)^2 over pairs in the lag bin
inland,20262810,isotropic,1375.0,82.99498893003685,158650,"veg_p05_temporal_mean residual (OLS, Stage 0)",pixel,1988-2022 (35 water years),20000.0,10000,gamma(h) = 0.5 * mean (z_i - z_j)^2 over pairs in the lag bin
inland,20262810,isotropic,1625.0,87.66289586511786,179597,"veg_p05_temporal_mean residual (OLS, Stage 0)",pixel,1988-2022 (35 water years),20000.0,10000,gamma(h) = 0.5 * mean (z_i - z_j)^2 over pairs in the lag bin
inland,20262810,isotropic,1875.0,91.42657842907548,197715,"veg_p05_temporal_mean residual (OLS, Stage 0)",pixel,1988-2022 (35 water years),20000.0,10000,gamma(h) = 0.5 * mean (z_i - z_j)^2 over pairs in the lag bin
inland,20262810,isotropic,2125.0,92.62559894347461,212816,"veg_p05_temporal_mean residual (OLS, Stage 0)",pixel,1988-2022 (35 water years),20000.0,10000,gamma(h) = 0.5 * mean (z_i - z_j)^2 over pairs in the lag bin
inland,20262810,isotropic,2375.0,94.61695863789241,228908,"veg_p05_temporal_mean residual (OLS, Stage 0)",pixel,1988-2022 (35 water years),20000.0,10000,gamma(h) = 0.5 * mean (z_i - z_j)^2 over pairs in the lag bin
inland,20262810,isotropic,2625.0,95.85805884778777,244714,"veg_p05_temporal_mean residual (OLS, Stage 0)",pixel,1988-2022 (35 water years),20000.0,10000,gamma(h) = 0.5 * mean (z_i - z_j)^2 over pairs in the lag bin
inland,20262810,isotropic,2875.0,98.06961630381181,256561,"veg_p05_temporal_mean residual (OLS, Stage 0)",pixel,1988-2022 (35 water years),20000.0,10000,gamma(h) = 0.5 * mean (z_i - z_j)^2 over pairs in the lag bin
inland,20262810,isotropic,3125.0,99.81286208017279,268460,"veg_p05_temporal_mean residual (OLS, Stage 0)",pixel,1988-2022 (35 water years),20000.0,10000,gamma(h) = 0.5 * mean (z_i - z_j)^2 over pairs in the lag bin
inland,20262810,isotropic,3375.0,99.71905248312997,281110,"veg_p05_temporal_mean residual (OLS, Stage 0)",pixel,1988-2022 (35 water years),20000.0,10000,gamma(h) = 0.5 * mean (z_i - z_j)^2 over pairs in the lag bin
inland,20262810,isotropic,3625.0,99.37061156550365,293105,"veg_p05_temporal_mean residual (OLS, Stage 0)",pixel,1988-2022 (35 water years),20000.0,10000,gamma(h) = 0.5 * mean (z_i - z_j)^2 over pairs in the lag bin
inland,20262810,isotropic,3875.0,100.52949641660743,305656,"veg_p05_temporal_mean residual (OLS, Stage 0)",pixel,1988-2022 (35 water years),20000.0,10000,gamma(h) = 0.5 * mean (z_i - z_j)^2 over pairs in the lag bin
inland,20262810,isotropic,4125.0,100.21887586810765,317074,"veg_p05_temporal_mean residual (OLS, Stage 0)",pixel,1988-2022 (35 water years),20000.0,10000,gamma(h) = 0.5 * mean (z_i - z_j)^2 over pairs in the lag bin
inland,20262810,isotropic,4375.0,100.8686952748304,327948,"veg_p05_temporal_mean residual (OLS, Stage 0)",pixel,1988-2022 (35 water years),20000.0,10000,gamma(h) = 0.5 * mean (z_i - z_j)^2 over pairs in the lag bin
inland,20262810,isotropic,4625.0,101.28822785356006,343387,"veg_p05_temporal_mean residual (OLS, Stage 0)",pixel,1988-2022 (35 water years),20000.0,10000,gamma(h) = 0.5 * mean (z_i - z_j)^2 over pairs in the lag bin
inland,20262810,isotropic,4875.0,100.76199228663792,353106,"veg_p05_temporal_mean residual (OLS, Stage 0)",pixel,1988-2022 (35 water years),20000.0,10000,gamma(h) = 0.5 * mean (z_i - z_j)^2 over pairs in the lag bin
inland,20262810,isotropic,5125.0,100.58976080941926,365523,"veg_p05_temporal_mean residual (OLS, Stage 0)",pixel,1988-2022 (35 water years),20000.0,10000,gamma(h) = 0.5 * mean (z_i - z_j)^2 over pairs in the lag bin
inland,20262810,isotropic,5375.0,99.64685775933393,375927,"veg_p05_temporal_mean residual (OLS, Stage 0)",pixel,1988-2022 (35 water years),20000.0,10000,gamma(h) = 0.5 * mean (z_i - z_j)^2 over pairs in the lag bin
inland,20262810,isotropic,5625.0,99.53352168266038,388960,"veg_p05_temporal_mean residual (OLS, Stage 0)",pixel,1988-2022 (35 water years),20000.0,10000,gamma(h) = 0.5 * mean (z_i - z_j)^2 over pairs in the lag bin
inland,20262810,isotropic,5875.0,99.82871142780772,399871,"veg_p05_temporal_mean residual (OLS, Stage 0)",pixel,1988-2022 (35 water years),20000.0,10000,gamma(h) = 0.5 * mean (z_i - z_j)^2 over pairs in the lag bin
inland,20262810,isotropic,6125.0,100.37969477223555,409739,"veg_p05_temporal_mean residual (OLS, Stage 0)",pixel,1988-2022 (35 water years),20000.0,10000,gamma(h) = 0.5 * mean (z_i - z_j)^2 over pairs in the lag bin
inland,20262810,isotropic,6375.0,100.46448161908775,419666,"veg_p05_temporal_mean residual (OLS, Stage 0)",pixel,1988-2022 (35 water years),20000.0,10000,gamma(h) = 0.5 * mean (z_i - z_j)^2 over pairs in the lag bin
inland,20262810,isotropic,6625.0,100.49692243931423,427919,"veg_p05_temporal_mean residual (OLS, Stage 0)",pixel,1988-2022 (35 water years),20000.0,10000,gamma(h) = 0.5 * mean (z_i - z_j)^2 over pairs in the lag bin
inland,20262810,isotropic,6875.0,100.73651598928035,430811,"veg_p05_temporal_mean residual (OLS, Stage 0)",pixel,1988-2022 (35 water years),20000.0,10000,gamma(h) = 0.5 * mean (z_i - z_j)^2 over pairs in the lag bin
inland,20262810,isotropic,7125.0,101.45859191304874,437635,"veg_p05_temporal_mean residual (OLS, Stage 0)",pixel,1988-2022 (35 water years),20000.0,10000,gamma(h) = 0.5 * mean (z_i - z_j)^2 over pairs in the lag bin
inland,20262810,isotropic,7375.0,100.89390207051456,443590,"veg_p05_temporal_mean residual (OLS, Stage 0)",pixel,1988-2022 (35 water years),20000.0,10000,gamma(h) = 0.5 * mean (z_i - z_j)^2 over pairs in the lag bin
inland,20262810,isotropic,7625.0,100.9634272973871,447551,"veg_p05_temporal_mean residual (OLS, Stage 0)",pixel,1988-2022 (35 water years),20000.0,10000,gamma(h) = 0.5 * mean (z_i - z_j)^2 over pairs in the lag bin
inland,20262810,isotropic,7875.0,101.60852819393813,451839,"veg_p05_temporal_mean residual (OLS, Stage 0)",pixel,1988-2022 (35 water years),20000.0,10000,gamma(h) = 0.5 * mean (z_i - z_j)^2 over pairs in the lag bin
inland,20262810,isotropic,8125.0,102.47153017496515,453515,"veg_p05_temporal_mean residual (OLS, Stage 0)",pixel,1988-2022 (35 water years),20000.0,10000,gamma(h) = 0.5 * mean (z_i - z_j)^2 over pairs in the lag bin
inland,20262810,isotropic,8375.0,102.72967713150445,454036,"veg_p05_temporal_mean residual (OLS, Stage 0)",pixel,1988-2022 (35 water years),20000.0,10000,gamma(h) = 0.5 * mean (z_i - z_j)^2 over pairs in the lag bin
inland,20262810,isotropic,8625.0,103.74128851552791,454860,"veg_p05_temporal_mean residual (OLS, Stage 0)",pixel,1988-2022 (35 water years),20000.0,10000,gamma(h) = 0.5 * mean (z_i - z_j)^2 over pairs in the lag bin
inland,20262810,isotropic,8875.0,103.76390834671834,453114,"veg_p05_temporal_mean residual (OLS, Stage 0)",pixel,1988-2022 (35 water years),20000.0,10000,gamma(h) = 0.5 * mean (z_i - z_j)^2 over pairs in the lag bin
inland,20262810,isotropic,9125.0,104.30782695888033,453501,"veg_p05_temporal_mean residual (OLS, Stage 0)",pixel,1988-2022 (35 water years),20000.0,10000,gamma(h) = 0.5 * mean (z_i - z_j)^2 over pairs in the lag bin
inland,20262810,isotropic,9375.0,104.0379542906743,452251,"veg_p05_temporal_mean residual (OLS, Stage 0)",pixel,1988-2022 (35 water years),20000.0,10000,gamma(h) = 0.5 * mean (z_i - z_j)^2 over pairs in the lag bin
inland,20262810,isotropic,9625.0,104.4612906864102,449803,"veg_p05_temporal_mean residual (OLS, Stage 0)",pixel,1988-2022 (35 water years),20000.0,10000,gamma(h) = 0.5 * mean (z_i - z_j)^2 over pairs in the lag bin
inland,20262810,isotropic,9875.0,104.83712584327685,450268,"veg_p05_temporal_mean residual (OLS, Stage 0)",pixel,1988-2022 (35 water years),20000.0,10000,gamma(h) = 0.5 * mean (z_i - z_j)^2 over pairs in the lag bin
inland,20262810,isotropic,10125.0,104.67883453671556,447867,"veg_p05_temporal_mean residual (OLS, Stage 0)",pixel,1988-2022 (35 water years),20000.0,10000,gamma(h) = 0.5 * mean (z_i - z_j)^2 over pairs in the lag bin
inland,20262810,isotropic,10375.0,104.04219559500717,448737,"veg_p05_temporal_mean residual (OLS, Stage 0)",pixel,1988-2022 (35 water years),20000.0,10000,gamma(h) = 0.5 * mean (z_i - z_j)^2 over pairs in the lag bin
inland,20262810,isotropic,10625.0,103.13452723766153,447890,"veg_p05_temporal_mean residual (OLS, Stage 0)",pixel,1988-2022 (35 water years),20000.0,10000,gamma(h) = 0.5 * mean (z_i - z_j)^2 over pairs in the lag bin
inland,20262810,isotropic,10875.0,102.48354348185038,450716,"veg_p05_temporal_mean residual (OLS, Stage 0)",pixel,1988-2022 (35 water years),20000.0,10000,gamma(h) = 0.5 * mean (z_i - z_j)^2 over pairs in the lag bin
inland,20262810,isotropic,11125.0,101.60042007556822,451730,"veg_p05_temporal_mean residual (OLS, Stage 0)",pixel,1988-2022 (35 water years),20000.0,10000,gamma(h) = 0.5 * mean (z_i - z_j)^2 over pairs in the lag bin
inland,20262810,isotropic,11375.0,100.67667297812069,450423,"veg_p05_temporal_mean residual (OLS, Stage 0)",pixel,1988-2022 (35 water years),20000.0,10000,gamma(h) = 0.5 * mean (z_i - z_j)^2 over pairs in the lag bin
inland,20262810,isotropic,11625.0,101.1964639801557,451895,"veg_p05_temporal_mean residual (OLS, Stage 0)",pixel,1988-2022 (35 water years),20000.0,10000,gamma(h) = 0.5 * mean (z_i - z_j)^2 over pairs in the lag bin
inland,20262810,isotropic,11875.0,101.70995378438057,452234,"veg_p05_temporal_mean residual (OLS, Stage 0)",pixel,1988-2022 (35 water years),20000.0,10000,gamma(h) = 0.5 * mean (z_i - z_j)^2 over pairs in the lag bin
inland,20262810,isotropic,12125.0,101.28681628048393,451381,"veg_p05_temporal_mean residual (OLS, Stage 0)",pixel,1988-2022 (35 water years),20000.0,10000,gamma(h) = 0.5 * mean (z_i - z_j)^2 over pairs in the lag bin
inland,20262810,isotropic,12375.0,101.54637316214618,451327,"veg_p05_temporal_mean residual (OLS, Stage 0)",pixel,1988-2022 (35 water years),20000.0,10000,gamma(h) = 0.5 * mean (z_i - z_j)^2 over pairs in the lag bin
inland,20262810,isotropic,12625.0,101.56851168059967,450847,"veg_p05_temporal_mean residual (OLS, Stage 0)",pixel,1988-2022 (35 water years),20000.0,10000,gamma(h) = 0.5 * mean (z_i - z_j)^2 over pairs in the lag bin
inland,20262810,isotropic,12875.0,102.55852049289335,448575,"veg_p05_temporal_mean residual (OLS, Stage 0)",pixel,1988-2022 (35 water years),20000.0,10000,gamma(h) = 0.5 * mean (z_i - z_j)^2 over pairs in the lag bin
inland,20262810,isotropic,13125.0,103.92565761570118,441952,"veg_p05_temporal_mean residual (OLS, Stage 0)",pixel,1988-2022 (35 water years),20000.0,10000,gamma(h) = 0.5 * mean (z_i - z_j)^2 over pairs in the lag bin
inland,20262810,isotropic,13375.0,104.43788610377571,440853,"veg_p05_temporal_mean residual (OLS, Stage 0)",pixel,1988-2022 (35 water years),20000.0,10000,gamma(h) = 0.5 * mean (z_i - z_j)^2 over pairs in the lag bin
inland,20262810,isotropic,13625.0,104.68052773907509,438458,"veg_p05_temporal_mean residual (OLS, Stage 0)",pixel,1988-2022 (35 water years),20000.0,10000,gamma(h) = 0.5 * mean (z_i - z_j)^2 over pairs in the lag bin
inland,20262810,isotropic,13875.0,104.85348712997813,435359,"veg_p05_temporal_mean residual (OLS, Stage 0)",pixel,1988-2022 (35 water years),20000.0,10000,gamma(h) = 0.5 * mean (z_i - z_j)^2 over pairs in the lag bin
inland,20262810,isotropic,14125.0,105.19168889984564,432767,"veg_p05_temporal_mean residual (OLS, Stage 0)",pixel,1988-2022 (35 water years),20000.0,10000,gamma(h) = 0.5 * mean (z_i - z_j)^2 over pairs in the lag bin
inland,20262810,isotropic,14375.0,105.8020060507714,429205,"veg_p05_temporal_mean residual (OLS, Stage 0)",pixel,1988-2022 (35 water years),20000.0,10000,gamma(h) = 0.5 * mean (z_i - z_j)^2 over pairs in the lag bin
inland,20262810,isotropic,14625.0,106.39388683244518,425296,"veg_p05_temporal_mean residual (OLS, Stage 0)",pixel,1988-2022 (35 water years),20000.0,10000,gamma(h) = 0.5 * mean (z_i - z_j)^2 over pairs in the lag bin
inland,20262810,isotropic,14875.0,107.51408816987488,422051,"veg_p05_temporal_mean residual (OLS, Stage 0)",pixel,1988-2022 (35 water years),20000.0,10000,gamma(h) = 0.5 * mean (z_i - z_j)^2 over pairs in the lag bin
inland,20262810,isotropic,15125.0,108.31078394179391,416819,"veg_p05_temporal_mean residual (OLS, Stage 0)",pixel,1988-2022 (35 water years),20000.0,10000,gamma(h) = 0.5 * mean (z_i - z_j)^2 over pairs in the lag bin
inland,20262810,isotropic,15375.0,109.67930278806989,413366,"veg_p05_temporal_mean residual (OLS, Stage 0)",pixel,1988-2022 (35 water years),20000.0,10000,gamma(h) = 0.5 * mean (z_i - z_j)^2 over pairs in the lag bin
inland,20262810,isotropic,15625.0,109.87207879383791,409451,"veg_p05_temporal_mean residual (OLS, Stage 0)",pixel,1988-2022 (35 water years),20000.0,10000,gamma(h) = 0.5 * mean (z_i - z_j)^2 over pairs in the lag bin
inland,20262810,isotropic,15875.0,111.27559009840974,404845,"veg_p05_temporal_mean residual (OLS, Stage 0)",pixel,1988-2022 (35 water years),20000.0,10000,gamma(h) = 0.5 * mean (z_i - z_j)^2 over pairs in the lag bin
inland,20262810,isotropic,16125.0,112.6177805391113,403083,"veg_p05_temporal_mean residual (OLS, Stage 0)",pixel,1988-2022 (35 water years),20000.0,10000,gamma(h) = 0.5 * mean (z_i - z_j)^2 over pairs in the lag bin
inland,20262810,isotropic,16375.0,114.16969954118142,399270,"veg_p05_temporal_mean residual (OLS, Stage 0)",pixel,1988-2022 (35 water years),20000.0,10000,gamma(h) = 0.5 * mean (z_i - z_j)^2 over pairs in the lag bin
inland,20262810,isotropic,16625.0,115.75327980161893,395676,"veg_p05_temporal_mean residual (OLS, Stage 0)",pixel,1988-2022 (35 water years),20000.0,10000,gamma(h) = 0.5 * mean (z_i - z_j)^2 over pairs in the lag bin
inland,20262810,isotropic,16875.0,117.10452004699334,392668,"veg_p05_temporal_mean residual (OLS, Stage 0)",pixel,1988-2022 (35 water years),20000.0,10000,gamma(h) = 0.5 * mean (z_i - z_j)^2 over pairs in the lag bin
inland,20262810,isotropic,17125.0,118.12087505654749,390125,"veg_p05_temporal_mean residual (OLS, Stage 0)",pixel,1988-2022 (35 water years),20000.0,10000,gamma(h) = 0.5 * mean (z_i - z_j)^2 over pairs in the lag bin
inland,20262810,isotropic,17375.0,117.46357370461813,390682,"veg_p05_temporal_mean residual (OLS, Stage 0)",pixel,1988-2022 (35 water years),20000.0,10000,gamma(h) = 0.5 * mean (z_i - z_j)^2 over pairs in the lag bin
inland,20262810,isotropic,17625.0,117.83677781661345,388589,"veg_p05_temporal_mean residual (OLS, Stage 0)",pixel,1988-2022 (35 water years),20000.0,10000,gamma(h) = 0.5 * mean (z_i - z_j)^2 over pairs in the lag bin
inland,20262810,isotropic,17875.0,117.74639450613087,384793,"veg_p05_temporal_mean residual (OLS, Stage 0)",pixel,1988-2022 (35 water years),20000.0,10000,gamma(h) = 0.5 * mean (z_i - z_j)^2 over pairs in the lag bin
inland,20262810,isotropic,18125.0,117.30238501245934,385357,"veg_p05_temporal_mean residual (OLS, Stage 0)",pixel,1988-2022 (35 water years),20000.0,10000,gamma(h) = 0.5 * mean (z_i - z_j)^2 over pairs in the lag bin
inland,20262810,isotropic,18375.0,117.60235354573811,382563,"veg_p05_temporal_mean residual (OLS, Stage 0)",pixel,1988-2022 (35 water years),20000.0,10000,gamma(h) = 0.5 * mean (z_i - z_j)^2 over pairs in the lag bin
inland,20262810,isotropic,18625.0,117.21179215495869,382853,"veg_p05_temporal_mean residual (OLS, Stage 0)",pixel,1988-2022 (35 water years),20000.0,10000,gamma(h) = 0.5 * mean (z_i - z_j)^2 over pairs in the lag bin
inland,20262810,isotropic,18875.0,116.98440099939869,382075,"veg_p05_temporal_mean residual (OLS, Stage 0)",pixel,1988-2022 (35 water years),20000.0,10000,gamma(h) = 0.5 * mean (z_i - z_j)^2 over pairs in the lag bin
inland,20262810,isotropic,19125.0,116.1567541887496,380605,"veg_p05_temporal_mean residual (OLS, Stage 0)",pixel,1988-2022 (35 water years),20000.0,10000,gamma(h) = 0.5 * mean (z_i - z_j)^2 over pairs in the lag bin
inland,20262810,isotropic,19375.0,115.77901656260659,377440,"veg_p05_temporal_mean residual (OLS, Stage 0)",pixel,1988-2022 (35 water years),20000.0,10000,gamma(h) = 0.5 * mean (z_i - z_j)^2 over pairs in the lag bin
inland,20262810,isotropic,19625.0,114.85612308153269,376131,"veg_p05_temporal_mean residual (OLS, Stage 0)",pixel,1988-2022 (35 water years),20000.0,10000,gamma(h) = 0.5 * mean (z_i - z_j)^2 over pairs in the lag bin
inland,20262810,isotropic,19875.0,114.26477867415346,372940,"veg_p05_temporal_mean residual (OLS, Stage 0)",pixel,1988-2022 (35 water years),20000.0,10000,gamma(h) = 0.5 * mean (z_i - z_j)^2 over pairs in the lag bin
inland,20263810,isotropic,125.0,35.446224266369974,20212,"veg_p05_temporal_mean residual (OLS, Stage 0)",pixel,1988-2022 (35 water years),20000.0,10000,gamma(h) = 0.5 * mean (z_i - z_j)^2 over pairs in the lag bin
inland,20263810,isotropic,375.0,56.051676373926576,55403,"veg_p05_temporal_mean residual (OLS, Stage 0)",pixel,1988-2022 (35 water years),20000.0,10000,gamma(h) = 0.5 * mean (z_i - z_j)^2 over pairs in the lag bin
inland,20263810,isotropic,625.0,67.73455616607147,87162,"veg_p05_temporal_mean residual (OLS, Stage 0)",pixel,1988-2022 (35 water years),20000.0,10000,gamma(h) = 0.5 * mean (z_i - z_j)^2 over pairs in the lag bin
inland,20263810,isotropic,875.0,75.58494030771804,113341,"veg_p05_temporal_mean residual (OLS, Stage 0)",pixel,1988-2022 (35 water years),20000.0,10000,gamma(h) = 0.5 * mean (z_i - z_j)^2 over pairs in the lag bin
inland,20263810,isotropic,1125.0,81.83598517447474,137873,"veg_p05_temporal_mean residual (OLS, Stage 0)",pixel,1988-2022 (35 water years),20000.0,10000,gamma(h) = 0.5 * mean (z_i - z_j)^2 over pairs in the lag bin
inland,20263810,isotropic,1375.0,86.94027668614903,159975,"veg_p05_temporal_mean residual (OLS, Stage 0)",pixel,1988-2022 (35 water years),20000.0,10000,gamma(h) = 0.5 * mean (z_i - z_j)^2 over pairs in the lag bin
inland,20263810,isotropic,1625.0,92.50846404891492,180732,"veg_p05_temporal_mean residual (OLS, Stage 0)",pixel,1988-2022 (35 water years),20000.0,10000,gamma(h) = 0.5 * mean (z_i - z_j)^2 over pairs in the lag bin
inland,20263810,isotropic,1875.0,96.77213797814683,199654,"veg_p05_temporal_mean residual (OLS, Stage 0)",pixel,1988-2022 (35 water years),20000.0,10000,gamma(h) = 0.5 * mean (z_i - z_j)^2 over pairs in the lag bin
inland,20263810,isotropic,2125.0,99.82356396245142,215648,"veg_p05_temporal_mean residual (OLS, Stage 0)",pixel,1988-2022 (35 water years),20000.0,10000,gamma(h) = 0.5 * mean (z_i - z_j)^2 over pairs in the lag bin
inland,20263810,isotropic,2375.0,100.34920055317556,229625,"veg_p05_temporal_mean residual (OLS, Stage 0)",pixel,1988-2022 (35 water years),20000.0,10000,gamma(h) = 0.5 * mean (z_i - z_j)^2 over pairs in the lag bin
inland,20263810,isotropic,2625.0,101.94838417586003,246608,"veg_p05_temporal_mean residual (OLS, Stage 0)",pixel,1988-2022 (35 water years),20000.0,10000,gamma(h) = 0.5 * mean (z_i - z_j)^2 over pairs in the lag bin
inland,20263810,isotropic,2875.0,103.21428551948947,259559,"veg_p05_temporal_mean residual (OLS, Stage 0)",pixel,1988-2022 (35 water years),20000.0,10000,gamma(h) = 0.5 * mean (z_i - z_j)^2 over pairs in the lag bin
inland,20263810,isotropic,3125.0,103.51286797717282,273232,"veg_p05_temporal_mean residual (OLS, Stage 0)",pixel,1988-2022 (35 water years),20000.0,10000,gamma(h) = 0.5 * mean (z_i - z_j)^2 over pairs in the lag bin
inland,20263810,isotropic,3375.0,103.95928652136574,286908,"veg_p05_temporal_mean residual (OLS, Stage 0)",pixel,1988-2022 (35 water years),20000.0,10000,gamma(h) = 0.5 * mean (z_i - z_j)^2 over pairs in the lag bin
inland,20263810,isotropic,3625.0,103.95821186574905,298571,"veg_p05_temporal_mean residual (OLS, Stage 0)",pixel,1988-2022 (35 water years),20000.0,10000,gamma(h) = 0.5 * mean (z_i - z_j)^2 over pairs in the lag bin
inland,20263810,isotropic,3875.0,103.51884191684765,311339,"veg_p05_temporal_mean residual (OLS, Stage 0)",pixel,1988-2022 (35 water years),20000.0,10000,gamma(h) = 0.5 * mean (z_i - z_j)^2 over pairs in the lag bin
inland,20263810,isotropic,4125.0,102.84358163962531,322630,"veg_p05_temporal_mean residual (OLS, Stage 0)",pixel,1988-2022 (35 water years),20000.0,10000,gamma(h) = 0.5 * mean (z_i - z_j)^2 over pairs in the lag bin
inland,20263810,isotropic,4375.0,102.94015047068123,332786,"veg_p05_temporal_mean residual (OLS, Stage 0)",pixel,1988-2022 (35 water years),20000.0,10000,gamma(h) = 0.5 * mean (z_i - z_j)^2 over pairs in the lag bin
inland,20263810,isotropic,4625.0,102.9720040046483,346242,"veg_p05_temporal_mean residual (OLS, Stage 0)",pixel,1988-2022 (35 water years),20000.0,10000,gamma(h) = 0.5 * mean (z_i - z_j)^2 over pairs in the lag bin
inland,20263810,isotropic,4875.0,102.97128082671149,356043,"veg_p05_temporal_mean residual (OLS, Stage 0)",pixel,1988-2022 (35 water years),20000.0,10000,gamma(h) = 0.5 * mean (z_i - z_j)^2 over pairs in the lag bin
inland,20263810,isotropic,5125.0,102.95266124741111,367779,"veg_p05_temporal_mean residual (OLS, Stage 0)",pixel,1988-2022 (35 water years),20000.0,10000,gamma(h) = 0.5 * mean (z_i - z_j)^2 over pairs in the lag bin
inland,20263810,isotropic,5375.0,102.63149997106271,379389,"veg_p05_temporal_mean residual (OLS, Stage 0)",pixel,1988-2022 (35 water years),20000.0,10000,gamma(h) = 0.5 * mean (z_i - z_j)^2 over pairs in the lag bin
inland,20263810,isotropic,5625.0,103.06938224435216,388640,"veg_p05_temporal_mean residual (OLS, Stage 0)",pixel,1988-2022 (35 water years),20000.0,10000,gamma(h) = 0.5 * mean (z_i - z_j)^2 over pairs in the lag bin
inland,20263810,isotropic,5875.0,103.10396476540416,398692,"veg_p05_temporal_mean residual (OLS, Stage 0)",pixel,1988-2022 (35 water years),20000.0,10000,gamma(h) = 0.5 * mean (z_i - z_j)^2 over pairs in the lag bin
inland,20263810,isotropic,6125.0,103.41926787247908,409090,"veg_p05_temporal_mean residual (OLS, Stage 0)",pixel,1988-2022 (35 water years),20000.0,10000,gamma(h) = 0.5 * mean (z_i - z_j)^2 over pairs in the lag bin
inland,20263810,isotropic,6375.0,103.71635838688715,418076,"veg_p05_temporal_mean residual (OLS, Stage 0)",pixel,1988-2022 (35 water years),20000.0,10000,gamma(h) = 0.5 * mean (z_i - z_j)^2 over pairs in the lag bin
inland,20263810,isotropic,6625.0,103.94462871425297,424405,"veg_p05_temporal_mean residual (OLS, Stage 0)",pixel,1988-2022 (35 water years),20000.0,10000,gamma(h) = 0.5 * mean (z_i - z_j)^2 over pairs in the lag bin
inland,20263810,isotropic,6875.0,104.18729374376014,426840,"veg_p05_temporal_mean residual (OLS, Stage 0)",pixel,1988-2022 (35 water years),20000.0,10000,gamma(h) = 0.5 * mean (z_i - z_j)^2 over pairs in the lag bin
inland,20263810,isotropic,7125.0,104.05030058091934,433084,"veg_p05_temporal_mean residual (OLS, Stage 0)",pixel,1988-2022 (35 water years),20000.0,10000,gamma(h) = 0.5 * mean (z_i - z_j)^2 over pairs in the lag bin
inland,20263810,isotropic,7375.0,103.50141642488737,436741,"veg_p05_temporal_mean residual (OLS, Stage 0)",pixel,1988-2022 (35 water years),20000.0,10000,gamma(h) = 0.5 * mean (z_i - z_j)^2 over pairs in the lag bin
inland,20263810,isotropic,7625.0,103.9771271560163,441175,"veg_p05_temporal_mean residual (OLS, Stage 0)",pixel,1988-2022 (35 water years),20000.0,10000,gamma(h) = 0.5 * mean (z_i - z_j)^2 over pairs in the lag bin
inland,20263810,isotropic,7875.0,104.98747774461988,443751,"veg_p05_temporal_mean residual (OLS, Stage 0)",pixel,1988-2022 (35 water years),20000.0,10000,gamma(h) = 0.5 * mean (z_i - z_j)^2 over pairs in the lag bin
inland,20263810,isotropic,8125.0,106.18112665005114,447148,"veg_p05_temporal_mean residual (OLS, Stage 0)",pixel,1988-2022 (35 water years),20000.0,10000,gamma(h) = 0.5 * mean (z_i - z_j)^2 over pairs in the lag bin
inland,20263810,isotropic,8375.0,106.82229548323274,446500,"veg_p05_temporal_mean residual (OLS, Stage 0)",pixel,1988-2022 (35 water years),20000.0,10000,gamma(h) = 0.5 * mean (z_i - z_j)^2 over pairs in the lag bin
inland,20263810,isotropic,8625.0,107.5983462416381,447729,"veg_p05_temporal_mean residual (OLS, Stage 0)",pixel,1988-2022 (35 water years),20000.0,10000,gamma(h) = 0.5 * mean (z_i - z_j)^2 over pairs in the lag bin
inland,20263810,isotropic,8875.0,108.02943225657526,447679,"veg_p05_temporal_mean residual (OLS, Stage 0)",pixel,1988-2022 (35 water years),20000.0,10000,gamma(h) = 0.5 * mean (z_i - z_j)^2 over pairs in the lag bin
inland,20263810,isotropic,9125.0,107.85836495151987,450746,"veg_p05_temporal_mean residual (OLS, Stage 0)",pixel,1988-2022 (35 water years),20000.0,10000,gamma(h) = 0.5 * mean (z_i - z_j)^2 over pairs in the lag bin
inland,20263810,isotropic,9375.0,107.65310176814073,448408,"veg_p05_temporal_mean residual (OLS, Stage 0)",pixel,1988-2022 (35 water years),20000.0,10000,gamma(h) = 0.5 * mean (z_i - z_j)^2 over pairs in the lag bin
inland,20263810,isotropic,9625.0,108.00915336457972,447718,"veg_p05_temporal_mean residual (OLS, Stage 0)",pixel,1988-2022 (35 water years),20000.0,10000,gamma(h) = 0.5 * mean (z_i - z_j)^2 over pairs in the lag bin
inland,20263810,isotropic,9875.0,108.32451782763751,449795,"veg_p05_temporal_mean residual (OLS, Stage 0)",pixel,1988-2022 (35 water years),20000.0,10000,gamma(h) = 0.5 * mean (z_i - z_j)^2 over pairs in the lag bin
inland,20263810,isotropic,10125.0,107.08423171556821,446900,"veg_p05_temporal_mean residual (OLS, Stage 0)",pixel,1988-2022 (35 water years),20000.0,10000,gamma(h) = 0.5 * mean (z_i - z_j)^2 over pairs in the lag bin
inland,20263810,isotropic,10375.0,106.42773661761343,447052,"veg_p05_temporal_mean residual (OLS, Stage 0)",pixel,1988-2022 (35 water years),20000.0,10000,gamma(h) = 0.5 * mean (z_i - z_j)^2 over pairs in the lag bin
inland,20263810,isotropic,10625.0,105.58666674976169,448500,"veg_p05_temporal_mean residual (OLS, Stage 0)",pixel,1988-2022 (35 water years),20000.0,10000,gamma(h) = 0.5 * mean (z_i - z_j)^2 over pairs in the lag bin
inland,20263810,isotropic,10875.0,105.27351520298323,448562,"veg_p05_temporal_mean residual (OLS, Stage 0)",pixel,1988-2022 (35 water years),20000.0,10000,gamma(h) = 0.5 * mean (z_i - z_j)^2 over pairs in the lag bin
inland,20263810,isotropic,11125.0,104.65120291524983,450346,"veg_p05_temporal_mean residual (OLS, Stage 0)",pixel,1988-2022 (35 water years),20000.0,10000,gamma(h) = 0.5 * mean (z_i - z_j)^2 over pairs in the lag bin
inland,20263810,isotropic,11375.0,102.82082176316483,449793,"veg_p05_temporal_mean residual (OLS, Stage 0)",pixel,1988-2022 (35 water years),20000.0,10000,gamma(h) = 0.5 * mean (z_i - z_j)^2 over pairs in the lag bin
inland,20263810,isotropic,11625.0,102.54019801251748,451619,"veg_p05_temporal_mean residual (OLS, Stage 0)",pixel,1988-2022 (35 water years),20000.0,10000,gamma(h) = 0.5 * mean (z_i - z_j)^2 over pairs in the lag bin
inland,20263810,isotropic,11875.0,102.3241566982702,450303,"veg_p05_temporal_mean residual (OLS, Stage 0)",pixel,1988-2022 (35 water years),20000.0,10000,gamma(h) = 0.5 * mean (z_i - z_j)^2 over pairs in the lag bin
inland,20263810,isotropic,12125.0,102.75287120290834,448986,"veg_p05_temporal_mean residual (OLS, Stage 0)",pixel,1988-2022 (35 water years),20000.0,10000,gamma(h) = 0.5 * mean (z_i - z_j)^2 over pairs in the lag bin
inland,20263810,isotropic,12375.0,103.30438138104404,448923,"veg_p05_temporal_mean residual (OLS, Stage 0)",pixel,1988-2022 (35 water years),20000.0,10000,gamma(h) = 0.5 * mean (z_i - z_j)^2 over pairs in the lag bin
inland,20263810,isotropic,12625.0,104.44413336720207,448243,"veg_p05_temporal_mean residual (OLS, Stage 0)",pixel,1988-2022 (35 water years),20000.0,10000,gamma(h) = 0.5 * mean (z_i - z_j)^2 over pairs in the lag bin
inland,20263810,isotropic,12875.0,105.36190393024683,446704,"veg_p05_temporal_mean residual (OLS, Stage 0)",pixel,1988-2022 (35 water years),20000.0,10000,gamma(h) = 0.5 * mean (z_i - z_j)^2 over pairs in the lag bin
inland,20263810,isotropic,13125.0,106.01875445893702,443013,"veg_p05_temporal_mean residual (OLS, Stage 0)",pixel,1988-2022 (35 water years),20000.0,10000,gamma(h) = 0.5 * mean (z_i - z_j)^2 over pairs in the lag bin
inland,20263810,isotropic,13375.0,108.0754705861431,441330,"veg_p05_temporal_mean residual (OLS, Stage 0)",pixel,1988-2022 (35 water years),20000.0,10000,gamma(h) = 0.5 * mean (z_i - z_j)^2 over pairs in the lag bin
inland,20263810,isotropic,13625.0,108.13434782524143,440380,"veg_p05_temporal_mean residual (OLS, Stage 0)",pixel,1988-2022 (35 water years),20000.0,10000,gamma(h) = 0.5 * mean (z_i - z_j)^2 over pairs in the lag bin
inland,20263810,isotropic,13875.0,108.7688962083413,435337,"veg_p05_temporal_mean residual (OLS, Stage 0)",pixel,1988-2022 (35 water years),20000.0,10000,gamma(h) = 0.5 * mean (z_i - z_j)^2 over pairs in the lag bin
inland,20263810,isotropic,14125.0,109.03627961337294,432200,"veg_p05_temporal_mean residual (OLS, Stage 0)",pixel,1988-2022 (35 water years),20000.0,10000,gamma(h) = 0.5 * mean (z_i - z_j)^2 over pairs in the lag bin
inland,20263810,isotropic,14375.0,110.37681764184335,429260,"veg_p05_temporal_mean residual (OLS, Stage 0)",pixel,1988-2022 (35 water years),20000.0,10000,gamma(h) = 0.5 * mean (z_i - z_j)^2 over pairs in the lag bin
inland,20263810,isotropic,14625.0,110.40489576205451,423285,"veg_p05_temporal_mean residual (OLS, Stage 0)",pixel,1988-2022 (35 water years),20000.0,10000,gamma(h) = 0.5 * mean (z_i - z_j)^2 over pairs in the lag bin
inland,20263810,isotropic,14875.0,110.54364418701809,418544,"veg_p05_temporal_mean residual (OLS, Stage 0)",pixel,1988-2022 (35 water years),20000.0,10000,gamma(h) = 0.5 * mean (z_i - z_j)^2 over pairs in the lag bin
inland,20263810,isotropic,15125.0,111.84768286098257,413712,"veg_p05_temporal_mean residual (OLS, Stage 0)",pixel,1988-2022 (35 water years),20000.0,10000,gamma(h) = 0.5 * mean (z_i - z_j)^2 over pairs in the lag bin
inland,20263810,isotropic,15375.0,112.73481197894729,408279,"veg_p05_temporal_mean residual (OLS, Stage 0)",pixel,1988-2022 (35 water years),20000.0,10000,gamma(h) = 0.5 * mean (z_i - z_j)^2 over pairs in the lag bin
inland,20263810,isotropic,15625.0,114.12906480828688,403942,"veg_p05_temporal_mean residual (OLS, Stage 0)",pixel,1988-2022 (35 water years),20000.0,10000,gamma(h) = 0.5 * mean (z_i - z_j)^2 over pairs in the lag bin
inland,20263810,isotropic,15875.0,115.585102003668,399305,"veg_p05_temporal_mean residual (OLS, Stage 0)",pixel,1988-2022 (35 water years),20000.0,10000,gamma(h) = 0.5 * mean (z_i - z_j)^2 over pairs in the lag bin
inland,20263810,isotropic,16125.0,116.60992364272742,396869,"veg_p05_temporal_mean residual (OLS, Stage 0)",pixel,1988-2022 (35 water years),20000.0,10000,gamma(h) = 0.5 * mean (z_i - z_j)^2 over pairs in the lag bin
inland,20263810,isotropic,16375.0,118.69370670401459,393966,"veg_p05_temporal_mean residual (OLS, Stage 0)",pixel,1988-2022 (35 water years),20000.0,10000,gamma(h) = 0.5 * mean (z_i - z_j)^2 over pairs in the lag bin
inland,20263810,isotropic,16625.0,119.43000068259398,390394,"veg_p05_temporal_mean residual (OLS, Stage 0)",pixel,1988-2022 (35 water years),20000.0,10000,gamma(h) = 0.5 * mean (z_i - z_j)^2 over pairs in the lag bin
inland,20263810,isotropic,16875.0,120.6385996262001,387126,"veg_p05_temporal_mean residual (OLS, Stage 0)",pixel,1988-2022 (35 water years),20000.0,10000,gamma(h) = 0.5 * mean (z_i - z_j)^2 over pairs in the lag bin
inland,20263810,isotropic,17125.0,120.92012930169388,386240,"veg_p05_temporal_mean residual (OLS, Stage 0)",pixel,1988-2022 (35 water years),20000.0,10000,gamma(h) = 0.5 * mean (z_i - z_j)^2 over pairs in the lag bin
inland,20263810,isotropic,17375.0,120.88833597113269,383472,"veg_p05_temporal_mean residual (OLS, Stage 0)",pixel,1988-2022 (35 water years),20000.0,10000,gamma(h) = 0.5 * mean (z_i - z_j)^2 over pairs in the lag bin
inland,20263810,isotropic,17625.0,121.23233294630333,379996,"veg_p05_temporal_mean residual (OLS, Stage 0)",pixel,1988-2022 (35 water years),20000.0,10000,gamma(h) = 0.5 * mean (z_i - z_j)^2 over pairs in the lag bin
inland,20263810,isotropic,17875.0,120.99756196402463,379070,"veg_p05_temporal_mean residual (OLS, Stage 0)",pixel,1988-2022 (35 water years),20000.0,10000,gamma(h) = 0.5 * mean (z_i - z_j)^2 over pairs in the lag bin
inland,20263810,isotropic,18125.0,120.83671149548891,379523,"veg_p05_temporal_mean residual (OLS, Stage 0)",pixel,1988-2022 (35 water years),20000.0,10000,gamma(h) = 0.5 * mean (z_i - z_j)^2 over pairs in the lag bin
inland,20263810,isotropic,18375.0,120.86486808133841,376322,"veg_p05_temporal_mean residual (OLS, Stage 0)",pixel,1988-2022 (35 water years),20000.0,10000,gamma(h) = 0.5 * mean (z_i - z_j)^2 over pairs in the lag bin
inland,20263810,isotropic,18625.0,120.44182022742444,376674,"veg_p05_temporal_mean residual (OLS, Stage 0)",pixel,1988-2022 (35 water years),20000.0,10000,gamma(h) = 0.5 * mean (z_i - z_j)^2 over pairs in the lag bin
inland,20263810,isotropic,18875.0,119.23784936947878,375489,"veg_p05_temporal_mean residual (OLS, Stage 0)",pixel,1988-2022 (35 water years),20000.0,10000,gamma(h) = 0.5 * mean (z_i - z_j)^2 over pairs in the lag bin
inland,20263810,isotropic,19125.0,119.85548370663926,374968,"veg_p05_temporal_mean residual (OLS, Stage 0)",pixel,1988-2022 (35 water years),20000.0,10000,gamma(h) = 0.5 * mean (z_i - z_j)^2 over pairs in the lag bin
inland,20263810,isotropic,19375.0,119.64241073595763,375049,"veg_p05_temporal_mean residual (OLS, Stage 0)",pixel,1988-2022 (35 water years),20000.0,10000,gamma(h) = 0.5 * mean (z_i - z_j)^2 over pairs in the lag bin
inland,20263810,isotropic,19625.0,119.97762179274633,374214,"veg_p05_temporal_mean residual (OLS, Stage 0)",pixel,1988-2022 (35 water years),20000.0,10000,gamma(h) = 0.5 * mean (z_i - z_j)^2 over pairs in the lag bin
inland,20263810,isotropic,19875.0,118.59631265172307,371290,"veg_p05_temporal_mean residual (OLS, Stage 0)",pixel,1988-2022 (35 water years),20000.0,10000,gamma(h) = 0.5 * mean (z_i - z_j)^2 over pairs in the lag bin
inland,20264810,isotropic,125.0,34.97356640123555,20231,"veg_p05_temporal_mean residual (OLS, Stage 0)",pixel,1988-2022 (35 water years),20000.0,10000,gamma(h) = 0.5 * mean (z_i - z_j)^2 over pairs in the lag bin
inland,20264810,isotropic,375.0,57.17379042882331,55675,"veg_p05_temporal_mean residual (OLS, Stage 0)",pixel,1988-2022 (35 water years),20000.0,10000,gamma(h) = 0.5 * mean (z_i - z_j)^2 over pairs in the lag bin
inland,20264810,isotropic,625.0,67.61616192376452,86321,"veg_p05_temporal_mean residual (OLS, Stage 0)",pixel,1988-2022 (35 water years),20000.0,10000,gamma(h) = 0.5 * mean (z_i - z_j)^2 over pairs in the lag bin
inland,20264810,isotropic,875.0,76.12801089758963,113986,"veg_p05_temporal_mean residual (OLS, Stage 0)",pixel,1988-2022 (35 water years),20000.0,10000,gamma(h) = 0.5 * mean (z_i - z_j)^2 over pairs in the lag bin
inland,20264810,isotropic,1125.0,80.74041466517059,138586,"veg_p05_temporal_mean residual (OLS, Stage 0)",pixel,1988-2022 (35 water years),20000.0,10000,gamma(h) = 0.5 * mean (z_i - z_j)^2 over pairs in the lag bin
inland,20264810,isotropic,1375.0,85.13663433099255,160429,"veg_p05_temporal_mean residual (OLS, Stage 0)",pixel,1988-2022 (35 water years),20000.0,10000,gamma(h) = 0.5 * mean (z_i - z_j)^2 over pairs in the lag bin
inland,20264810,isotropic,1625.0,90.69418628297993,180245,"veg_p05_temporal_mean residual (OLS, Stage 0)",pixel,1988-2022 (35 water years),20000.0,10000,gamma(h) = 0.5 * mean (z_i - z_j)^2 over pairs in the lag bin
inland,20264810,isotropic,1875.0,93.33430163049704,199923,"veg_p05_temporal_mean residual (OLS, Stage 0)",pixel,1988-2022 (35 water years),20000.0,10000,gamma(h) = 0.5 * mean (z_i - z_j)^2 over pairs in the lag bin
inland,20264810,isotropic,2125.0,95.81619740724706,216110,"veg_p05_temporal_mean residual (OLS, Stage 0)",pixel,1988-2022 (35 water years),20000.0,10000,gamma(h) = 0.5 * mean (z_i - z_j)^2 over pairs in the lag bin
inland,20264810,isotropic,2375.0,96.97633695221394,229347,"veg_p05_temporal_mean residual (OLS, Stage 0)",pixel,1988-2022 (35 water years),20000.0,10000,gamma(h) = 0.5 * mean (z_i - z_j)^2 over pairs in the lag bin
inland,20264810,isotropic,2625.0,97.56018203731895,245434,"veg_p05_temporal_mean residual (OLS, Stage 0)",pixel,1988-2022 (35 water years),20000.0,10000,gamma(h) = 0.5 * mean (z_i - z_j)^2 over pairs in the lag bin
inland,20264810,isotropic,2875.0,98.74809530971396,256935,"veg_p05_temporal_mean residual (OLS, Stage 0)",pixel,1988-2022 (35 water years),20000.0,10000,gamma(h) = 0.5 * mean (z_i - z_j)^2 over pairs in the lag bin
inland,20264810,isotropic,3125.0,99.61861221899116,269857,"veg_p05_temporal_mean residual (OLS, Stage 0)",pixel,1988-2022 (35 water years),20000.0,10000,gamma(h) = 0.5 * mean (z_i - z_j)^2 over pairs in the lag bin
inland,20264810,isotropic,3375.0,100.50468848649174,281746,"veg_p05_temporal_mean residual (OLS, Stage 0)",pixel,1988-2022 (35 water years),20000.0,10000,gamma(h) = 0.5 * mean (z_i - z_j)^2 over pairs in the lag bin
inland,20264810,isotropic,3625.0,101.01049229290848,292934,"veg_p05_temporal_mean residual (OLS, Stage 0)",pixel,1988-2022 (35 water years),20000.0,10000,gamma(h) = 0.5 * mean (z_i - z_j)^2 over pairs in the lag bin
inland,20264810,isotropic,3875.0,100.62779212784714,308457,"veg_p05_temporal_mean residual (OLS, Stage 0)",pixel,1988-2022 (35 water years),20000.0,10000,gamma(h) = 0.5 * mean (z_i - z_j)^2 over pairs in the lag bin
inland,20264810,isotropic,4125.0,100.14448380578654,318487,"veg_p05_temporal_mean residual (OLS, Stage 0)",pixel,1988-2022 (35 water years),20000.0,10000,gamma(h) = 0.5 * mean (z_i - z_j)^2 over pairs in the lag bin
inland,20264810,isotropic,4375.0,100.87310203375745,328660,"veg_p05_temporal_mean residual (OLS, Stage 0)",pixel,1988-2022 (35 water years),20000.0,10000,gamma(h) = 0.5 * mean (z_i - z_j)^2 over pairs in the lag bin
inland,20264810,isotropic,4625.0,100.41938901168731,344469,"veg_p05_temporal_mean residual (OLS, Stage 0)",pixel,1988-2022 (35 water years),20000.0,10000,gamma(h) = 0.5 * mean (z_i - z_j)^2 over pairs in the lag bin
inland,20264810,isotropic,4875.0,101.15211385142737,353980,"veg_p05_temporal_mean residual (OLS, Stage 0)",pixel,1988-2022 (35 water years),20000.0,10000,gamma(h) = 0.5 * mean (z_i - z_j)^2 over pairs in the lag bin
inland,20264810,isotropic,5125.0,100.6627853961324,367279,"veg_p05_temporal_mean residual (OLS, Stage 0)",pixel,1988-2022 (35 water years),20000.0,10000,gamma(h) = 0.5 * mean (z_i - z_j)^2 over pairs in the lag bin
inland,20264810,isotropic,5375.0,101.11634604957226,376649,"veg_p05_temporal_mean residual (OLS, Stage 0)",pixel,1988-2022 (35 water years),20000.0,10000,gamma(h) = 0.5 * mean (z_i - z_j)^2 over pairs in the lag bin
inland,20264810,isotropic,5625.0,101.19987262386842,387901,"veg_p05_temporal_mean residual (OLS, Stage 0)",pixel,1988-2022 (35 water years),20000.0,10000,gamma(h) = 0.5 * mean (z_i - z_j)^2 over pairs in the lag bin
inland,20264810,isotropic,5875.0,100.86645581347102,400773,"veg_p05_temporal_mean residual (OLS, Stage 0)",pixel,1988-2022 (35 water years),20000.0,10000,gamma(h) = 0.5 * mean (z_i - z_j)^2 over pairs in the lag bin
inland,20264810,isotropic,6125.0,101.05095823760091,410522,"veg_p05_temporal_mean residual (OLS, Stage 0)",pixel,1988-2022 (35 water years),20000.0,10000,gamma(h) = 0.5 * mean (z_i - z_j)^2 over pairs in the lag bin
inland,20264810,isotropic,6375.0,101.4144129870318,418368,"veg_p05_temporal_mean residual (OLS, Stage 0)",pixel,1988-2022 (35 water years),20000.0,10000,gamma(h) = 0.5 * mean (z_i - z_j)^2 over pairs in the lag bin
inland,20264810,isotropic,6625.0,101.5802321333871,427214,"veg_p05_temporal_mean residual (OLS, Stage 0)",pixel,1988-2022 (35 water years),20000.0,10000,gamma(h) = 0.5 * mean (z_i - z_j)^2 over pairs in the lag bin
inland,20264810,isotropic,6875.0,102.49183332467241,430179,"veg_p05_temporal_mean residual (OLS, Stage 0)",pixel,1988-2022 (35 water years),20000.0,10000,gamma(h) = 0.5 * mean (z_i - z_j)^2 over pairs in the lag bin
inland,20264810,isotropic,7125.0,103.309297759368,434327,"veg_p05_temporal_mean residual (OLS, Stage 0)",pixel,1988-2022 (35 water years),20000.0,10000,gamma(h) = 0.5 * mean (z_i - z_j)^2 over pairs in the lag bin
inland,20264810,isotropic,7375.0,102.93813185646263,438946,"veg_p05_temporal_mean residual (OLS, Stage 0)",pixel,1988-2022 (35 water years),20000.0,10000,gamma(h) = 0.5 * mean (z_i - z_j)^2 over pairs in the lag bin
inland,20264810,isotropic,7625.0,102.66522784698783,442370,"veg_p05_temporal_mean residual (OLS, Stage 0)",pixel,1988-2022 (35 water years),20000.0,10000,gamma(h) = 0.5 * mean (z_i - z_j)^2 over pairs in the lag bin
inland,20264810,isotropic,7875.0,103.50572754536357,444837,"veg_p05_temporal_mean residual (OLS, Stage 0)",pixel,1988-2022 (35 water years),20000.0,10000,gamma(h) = 0.5 * mean (z_i - z_j)^2 over pairs in the lag bin
inland,20264810,isotropic,8125.0,104.49281342324446,445778,"veg_p05_temporal_mean residual (OLS, Stage 0)",pixel,1988-2022 (35 water years),20000.0,10000,gamma(h) = 0.5 * mean (z_i - z_j)^2 over pairs in the lag bin
inland,20264810,isotropic,8375.0,105.53255126405004,447562,"veg_p05_temporal_mean residual (OLS, Stage 0)",pixel,1988-2022 (35 water years),20000.0,10000,gamma(h) = 0.5 * mean (z_i - z_j)^2 over pairs in the lag bin
inland,20264810,isotropic,8625.0,106.04097740912827,447807,"veg_p05_temporal_mean residual (OLS, Stage 0)",pixel,1988-2022 (35 water years),20000.0,10000,gamma(h) = 0.5 * mean (z_i - z_j)^2 over pairs in the lag bin
inland,20264810,isotropic,8875.0,106.64776691598614,444151,"veg_p05_temporal_mean residual (OLS, Stage 0)",pixel,1988-2022 (35 water years),20000.0,10000,gamma(h) = 0.5 * mean (z_i - z_j)^2 over pairs in the lag bin
inland,20264810,isotropic,9125.0,107.0319102791938,445708,"veg_p05_temporal_mean residual (OLS, Stage 0)",pixel,1988-2022 (35 water years),20000.0,10000,gamma(h) = 0.5 * mean (z_i - z_j)^2 over pairs in the lag bin
inland,20264810,isotropic,9375.0,107.36815512434569,446218,"veg_p05_temporal_mean residual (OLS, Stage 0)",pixel,1988-2022 (35 water years),20000.0,10000,gamma(h) = 0.5 * mean (z_i - z_j)^2 over pairs in the lag bin
inland,20264810,isotropic,9625.0,107.46038740649841,445277,"veg_p05_temporal_mean residual (OLS, Stage 0)",pixel,1988-2022 (35 water years),20000.0,10000,gamma(h) = 0.5 * mean (z_i - z_j)^2 over pairs in the lag bin
inland,20264810,isotropic,9875.0,107.97308147837195,446379,"veg_p05_temporal_mean residual (OLS, Stage 0)",pixel,1988-2022 (35 water years),20000.0,10000,gamma(h) = 0.5 * mean (z_i - z_j)^2 over pairs in the lag bin
inland,20264810,isotropic,10125.0,108.06191820309414,444443,"veg_p05_temporal_mean residual (OLS, Stage 0)",pixel,1988-2022 (35 water years),20000.0,10000,gamma(h) = 0.5 * mean (z_i - z_j)^2 over pairs in the lag bin
inland,20264810,isotropic,10375.0,107.50872972697712,444443,"veg_p05_temporal_mean residual (OLS, Stage 0)",pixel,1988-2022 (35 water years),20000.0,10000,gamma(h) = 0.5 * mean (z_i - z_j)^2 over pairs in the lag bin
inland,20264810,isotropic,10625.0,107.62720181453726,444571,"veg_p05_temporal_mean residual (OLS, Stage 0)",pixel,1988-2022 (35 water years),20000.0,10000,gamma(h) = 0.5 * mean (z_i - z_j)^2 over pairs in the lag bin
inland,20264810,isotropic,10875.0,106.05424216516289,445330,"veg_p05_temporal_mean residual (OLS, Stage 0)",pixel,1988-2022 (35 water years),20000.0,10000,gamma(h) = 0.5 * mean (z_i - z_j)^2 over pairs in the lag bin
inland,20264810,isotropic,11125.0,104.70482547112968,447787,"veg_p05_temporal_mean residual (OLS, Stage 0)",pixel,1988-2022 (35 water years),20000.0,10000,gamma(h) = 0.5 * mean (z_i - z_j)^2 over pairs in the lag bin
inland,20264810,isotropic,11375.0,104.33782792737422,446286,"veg_p05_temporal_mean residual (OLS, Stage 0)",pixel,1988-2022 (35 water years),20000.0,10000,gamma(h) = 0.5 * mean (z_i - z_j)^2 over pairs in the lag bin
inland,20264810,isotropic,11625.0,103.57744280119542,446968,"veg_p05_temporal_mean residual (OLS, Stage 0)",pixel,1988-2022 (35 water years),20000.0,10000,gamma(h) = 0.5 * mean (z_i - z_j)^2 over pairs in the lag bin
inland,20264810,isotropic,11875.0,104.3911673388113,446235,"veg_p05_temporal_mean residual (OLS, Stage 0)",pixel,1988-2022 (35 water years),20000.0,10000,gamma(h) = 0.5 * mean (z_i - z_j)^2 over pairs in the lag bin
inland,20264810,isotropic,12125.0,104.47456277874082,444584,"veg_p05_temporal_mean residual (OLS, Stage 0)",pixel,1988-2022 (35 water years),20000.0,10000,gamma(h) = 0.5 * mean (z_i - z_j)^2 over pairs in the lag bin
inland,20264810,isotropic,12375.0,104.66667608705409,443914,"veg_p05_temporal_mean residual (OLS, Stage 0)",pixel,1988-2022 (35 water years),20000.0,10000,gamma(h) = 0.5 * mean (z_i - z_j)^2 over pairs in the lag bin
inland,20264810,isotropic,12625.0,105.67028944693418,444363,"veg_p05_temporal_mean residual (OLS, Stage 0)",pixel,1988-2022 (35 water years),20000.0,10000,gamma(h) = 0.5 * mean (z_i - z_j)^2 over pairs in the lag bin
inland,20264810,isotropic,12875.0,106.62141947990132,442991,"veg_p05_temporal_mean residual (OLS, Stage 0)",pixel,1988-2022 (35 water years),20000.0,10000,gamma(h) = 0.5 * mean (z_i - z_j)^2 over pairs in the lag bin
inland,20264810,isotropic,13125.0,107.17550089508964,437346,"veg_p05_temporal_mean residual (OLS, Stage 0)",pixel,1988-2022 (35 water years),20000.0,10000,gamma(h) = 0.5 * mean (z_i - z_j)^2 over pairs in the lag bin
inland,20264810,isotropic,13375.0,107.12938323121291,435213,"veg_p05_temporal_mean residual (OLS, Stage 0)",pixel,1988-2022 (35 water years),20000.0,10000,gamma(h) = 0.5 * mean (z_i - z_j)^2 over pairs in the lag bin
inland,20264810,isotropic,13625.0,108.1197732566923,432341,"veg_p05_temporal_mean residual (OLS, Stage 0)",pixel,1988-2022 (35 water years),20000.0,10000,gamma(h) = 0.5 * mean (z_i - z_j)^2 over pairs in the lag bin
inland,20264810,isotropic,13875.0,107.68927321397973,428324,"veg_p05_temporal_mean residual (OLS, Stage 0)",pixel,1988-2022 (35 water years),20000.0,10000,gamma(h) = 0.5 * mean (z_i - z_j)^2 over pairs in the lag bin
inland,20264810,isotropic,14125.0,108.36757057725222,426105,"veg_p05_temporal_mean residual (OLS, Stage 0)",pixel,1988-2022 (35 water years),20000.0,10000,gamma(h) = 0.5 * mean (z_i - z_j)^2 over pairs in the lag bin
inland,20264810,isotropic,14375.0,109.1062792474155,424675,"veg_p05_temporal_mean residual (OLS, Stage 0)",pixel,1988-2022 (35 water years),20000.0,10000,gamma(h) = 0.5 * mean (z_i - z_j)^2 over pairs in the lag bin
inland,20264810,isotropic,14625.0,110.4083502464501,422255,"veg_p05_temporal_mean residual (OLS, Stage 0)",pixel,1988-2022 (35 water years),20000.0,10000,gamma(h) = 0.5 * mean (z_i - z_j)^2 over pairs in the lag bin
inland,20264810,isotropic,14875.0,111.22195846295367,419224,"veg_p05_temporal_mean residual (OLS, Stage 0)",pixel,1988-2022 (35 water years),20000.0,10000,gamma(h) = 0.5 * mean (z_i - z_j)^2 over pairs in the lag bin
inland,20264810,isotropic,15125.0,111.61613569954336,414143,"veg_p05_temporal_mean residual (OLS, Stage 0)",pixel,1988-2022 (35 water years),20000.0,10000,gamma(h) = 0.5 * mean (z_i - z_j)^2 over pairs in the lag bin
inland,20264810,isotropic,15375.0,112.40940321978346,409486,"veg_p05_temporal_mean residual (OLS, Stage 0)",pixel,1988-2022 (35 water years),20000.0,10000,gamma(h) = 0.5 * mean (z_i - z_j)^2 over pairs in the lag bin
inland,20264810,isotropic,15625.0,113.37794525047785,405689,"veg_p05_temporal_mean residual (OLS, Stage 0)",pixel,1988-2022 (35 water years),20000.0,10000,gamma(h) = 0.5 * mean (z_i - z_j)^2 over pairs in the lag bin
inland,20264810,isotropic,15875.0,115.39685076544437,402250,"veg_p05_temporal_mean residual (OLS, Stage 0)",pixel,1988-2022 (35 water years),20000.0,10000,gamma(h) = 0.5 * mean (z_i - z_j)^2 over pairs in the lag bin
inland,20264810,isotropic,16125.0,116.31729752204136,399926,"veg_p05_temporal_mean residual (OLS, Stage 0)",pixel,1988-2022 (35 water years),20000.0,10000,gamma(h) = 0.5 * mean (z_i - z_j)^2 over pairs in the lag bin
inland,20264810,isotropic,16375.0,117.73987597969379,395607,"veg_p05_temporal_mean residual (OLS, Stage 0)",pixel,1988-2022 (35 water years),20000.0,10000,gamma(h) = 0.5 * mean (z_i - z_j)^2 over pairs in the lag bin
inland,20264810,isotropic,16625.0,118.41616692053148,392131,"veg_p05_temporal_mean residual (OLS, Stage 0)",pixel,1988-2022 (35 water years),20000.0,10000,gamma(h) = 0.5 * mean (z_i - z_j)^2 over pairs in the lag bin
inland,20264810,isotropic,16875.0,119.47365931333775,389794,"veg_p05_temporal_mean residual (OLS, Stage 0)",pixel,1988-2022 (35 water years),20000.0,10000,gamma(h) = 0.5 * mean (z_i - z_j)^2 over pairs in the lag bin
inland,20264810,isotropic,17125.0,120.57524602394936,388958,"veg_p05_temporal_mean residual (OLS, Stage 0)",pixel,1988-2022 (35 water years),20000.0,10000,gamma(h) = 0.5 * mean (z_i - z_j)^2 over pairs in the lag bin
inland,20264810,isotropic,17375.0,120.89296716052648,386795,"veg_p05_temporal_mean residual (OLS, Stage 0)",pixel,1988-2022 (35 water years),20000.0,10000,gamma(h) = 0.5 * mean (z_i - z_j)^2 over pairs in the lag bin
inland,20264810,isotropic,17625.0,121.03331777532782,382619,"veg_p05_temporal_mean residual (OLS, Stage 0)",pixel,1988-2022 (35 water years),20000.0,10000,gamma(h) = 0.5 * mean (z_i - z_j)^2 over pairs in the lag bin
inland,20264810,isotropic,17875.0,120.65805866624177,381181,"veg_p05_temporal_mean residual (OLS, Stage 0)",pixel,1988-2022 (35 water years),20000.0,10000,gamma(h) = 0.5 * mean (z_i - z_j)^2 over pairs in the lag bin
inland,20264810,isotropic,18125.0,120.96102070330288,379175,"veg_p05_temporal_mean residual (OLS, Stage 0)",pixel,1988-2022 (35 water years),20000.0,10000,gamma(h) = 0.5 * mean (z_i - z_j)^2 over pairs in the lag bin
inland,20264810,isotropic,18375.0,120.53684975636064,376697,"veg_p05_temporal_mean residual (OLS, Stage 0)",pixel,1988-2022 (35 water years),20000.0,10000,gamma(h) = 0.5 * mean (z_i - z_j)^2 over pairs in the lag bin
inland,20264810,isotropic,18625.0,119.55867201283013,377851,"veg_p05_temporal_mean residual (OLS, Stage 0)",pixel,1988-2022 (35 water years),20000.0,10000,gamma(h) = 0.5 * mean (z_i - z_j)^2 over pairs in the lag bin
inland,20264810,isotropic,18875.0,118.63328981273106,375993,"veg_p05_temporal_mean residual (OLS, Stage 0)",pixel,1988-2022 (35 water years),20000.0,10000,gamma(h) = 0.5 * mean (z_i - z_j)^2 over pairs in the lag bin
inland,20264810,isotropic,19125.0,117.92483191817288,375321,"veg_p05_temporal_mean residual (OLS, Stage 0)",pixel,1988-2022 (35 water years),20000.0,10000,gamma(h) = 0.5 * mean (z_i - z_j)^2 over pairs in the lag bin
inland,20264810,isotropic,19375.0,117.02455773916013,373969,"veg_p05_temporal_mean residual (OLS, Stage 0)",pixel,1988-2022 (35 water years),20000.0,10000,gamma(h) = 0.5 * mean (z_i - z_j)^2 over pairs in the lag bin
inland,20264810,isotropic,19625.0,116.87578916213728,373028,"veg_p05_temporal_mean residual (OLS, Stage 0)",pixel,1988-2022 (35 water years),20000.0,10000,gamma(h) = 0.5 * mean (z_i - z_j)^2 over pairs in the lag bin
inland,20264810,isotropic,19875.0,116.16048761264722,372117,"veg_p05_temporal_mean residual (OLS, Stage 0)",pixel,1988-2022 (35 water years),20000.0,10000,gamma(h) = 0.5 * mean (z_i - z_j)^2 over pairs in the lag bin
inland,20265810,isotropic,125.0,36.31623373829996,20054,"veg_p05_temporal_mean residual (OLS, Stage 0)",pixel,1988-2022 (35 water years),20000.0,10000,gamma(h) = 0.5 * mean (z_i - z_j)^2 over pairs in the lag bin
inland,20265810,isotropic,375.0,57.46910363251115,55856,"veg_p05_temporal_mean residual (OLS, Stage 0)",pixel,1988-2022 (35 water years),20000.0,10000,gamma(h) = 0.5 * mean (z_i - z_j)^2 over pairs in the lag bin
inland,20265810,isotropic,625.0,68.62857229690044,86744,"veg_p05_temporal_mean residual (OLS, Stage 0)",pixel,1988-2022 (35 water years),20000.0,10000,gamma(h) = 0.5 * mean (z_i - z_j)^2 over pairs in the lag bin
inland,20265810,isotropic,875.0,76.74072245236412,114056,"veg_p05_temporal_mean residual (OLS, Stage 0)",pixel,1988-2022 (35 water years),20000.0,10000,gamma(h) = 0.5 * mean (z_i - z_j)^2 over pairs in the lag bin
inland,20265810,isotropic,1125.0,81.55929645344213,138051,"veg_p05_temporal_mean residual (OLS, Stage 0)",pixel,1988-2022 (35 water years),20000.0,10000,gamma(h) = 0.5 * mean (z_i - z_j)^2 over pairs in the lag bin
inland,20265810,isotropic,1375.0,87.63975206232568,159801,"veg_p05_temporal_mean residual (OLS, Stage 0)",pixel,1988-2022 (35 water years),20000.0,10000,gamma(h) = 0.5 * mean (z_i - z_j)^2 over pairs in the lag bin
inland,20265810,isotropic,1625.0,91.3845119464838,181301,"veg_p05_temporal_mean residual (OLS, Stage 0)",pixel,1988-2022 (35 water years),20000.0,10000,gamma(h) = 0.5 * mean (z_i - z_j)^2 over pairs in the lag bin
inland,20265810,isotropic,1875.0,94.34492470786977,199368,"veg_p05_temporal_mean residual (OLS, Stage 0)",pixel,1988-2022 (35 water years),20000.0,10000,gamma(h) = 0.5 * mean (z_i - z_j)^2 over pairs in the lag bin
inland,20265810,isotropic,2125.0,95.96467969664285,215026,"veg_p05_temporal_mean residual (OLS, Stage 0)",pixel,1988-2022 (35 water years),20000.0,10000,gamma(h) = 0.5 * mean (z_i - z_j)^2 over pairs in the lag bin
inland,20265810,isotropic,2375.0,98.05745701670509,230228,"veg_p05_temporal_mean residual (OLS, Stage 0)",pixel,1988-2022 (35 water years),20000.0,10000,gamma(h) = 0.5 * mean (z_i - z_j)^2 over pairs in the lag bin
inland,20265810,isotropic,2625.0,99.4686418764211,244822,"veg_p05_temporal_mean residual (OLS, Stage 0)",pixel,1988-2022 (35 water years),20000.0,10000,gamma(h) = 0.5 * mean (z_i - z_j)^2 over pairs in the lag bin
inland,20265810,isotropic,2875.0,101.4921518105591,255565,"veg_p05_temporal_mean residual (OLS, Stage 0)",pixel,1988-2022 (35 water years),20000.0,10000,gamma(h) = 0.5 * mean (z_i - z_j)^2 over pairs in the lag bin
inland,20265810,isotropic,3125.0,101.94193154758497,269902,"veg_p05_temporal_mean residual (OLS, Stage 0)",pixel,1988-2022 (35 water years),20000.0,10000,gamma(h) = 0.5 * mean (z_i - z_j)^2 over pairs in the lag bin
inland,20265810,isotropic,3375.0,102.83429667356131,282201,"veg_p05_temporal_mean residual (OLS, Stage 0)",pixel,1988-2022 (35 water years),20000.0,10000,gamma(h) = 0.5 * mean (z_i - z_j)^2 over pairs in the lag bin
inland,20265810,isotropic,3625.0,102.69900284545746,293540,"veg_p05_temporal_mean residual (OLS, Stage 0)",pixel,1988-2022 (35 water years),20000.0,10000,gamma(h) = 0.5 * mean (z_i - z_j)^2 over pairs in the lag bin
inland,20265810,isotropic,3875.0,102.62725015233919,308106,"veg_p05_temporal_mean residual (OLS, Stage 0)",pixel,1988-2022 (35 water years),20000.0,10000,gamma(h) = 0.5 * mean (z_i - z_j)^2 over pairs in the lag bin
inland,20265810,isotropic,4125.0,101.5961729468763,318532,"veg_p05_temporal_mean residual (OLS, Stage 0)",pixel,1988-2022 (35 water years),20000.0,10000,gamma(h) = 0.5 * mean (z_i - z_j)^2 over pairs in the lag bin
inland,20265810,isotropic,4375.0,102.0976925215143,328261,"veg_p05_temporal_mean residual (OLS, Stage 0)",pixel,1988-2022 (35 water years),20000.0,10000,gamma(h) = 0.5 * mean (z_i - z_j)^2 over pairs in the lag bin
inland,20265810,isotropic,4625.0,102.32100971650279,342690,"veg_p05_temporal_mean residual (OLS, Stage 0)",pixel,1988-2022 (35 water years),20000.0,10000,gamma(h) = 0.5 * mean (z_i - z_j)^2 over pairs in the lag bin
inland,20265810,isotropic,4875.0,101.2076030158898,351047,"veg_p05_temporal_mean residual (OLS, Stage 0)",pixel,1988-2022 (35 water years),20000.0,10000,gamma(h) = 0.5 * mean (z_i - z_j)^2 over pairs in the lag bin
inland,20265810,isotropic,5125.0,101.04895646231955,363727,"veg_p05_temporal_mean residual (OLS, Stage 0)",pixel,1988-2022 (35 water years),20000.0,10000,gamma(h) = 0.5 * mean (z_i - z_j)^2 over pairs in the lag bin
inland,20265810,isotropic,5375.0,101.37759548912204,375514,"veg_p05_temporal_mean residual (OLS, Stage 0)",pixel,1988-2022 (35 water years),20000.0,10000,gamma(h) = 0.5 * mean (z_i - z_j)^2 over pairs in the lag bin
inland,20265810,isotropic,5625.0,101.22760321324412,383843,"veg_p05_temporal_mean residual (OLS, Stage 0)",pixel,1988-2022 (35 water years),20000.0,10000,gamma(h) = 0.5 * mean (z_i - z_j)^2 over pairs in the lag bin
inland,20265810,isotropic,5875.0,100.90629323246337,394917,"veg_p05_temporal_mean residual (OLS, Stage 0)",pixel,1988-2022 (35 water years),20000.0,10000,gamma(h) = 0.5 * mean (z_i - z_j)^2 over pairs in the lag bin
inland,20265810,isotropic,6125.0,101.00007173999269,404348,"veg_p05_temporal_mean residual (OLS, Stage 0)",pixel,1988-2022 (35 water years),20000.0,10000,gamma(h) = 0.5 * mean (z_i - z_j)^2 over pairs in the lag bin
inland,20265810,isotropic,6375.0,100.93217333023564,412739,"veg_p05_temporal_mean residual (OLS, Stage 0)",pixel,1988-2022 (35 water years),20000.0,10000,gamma(h) = 0.5 * mean (z_i - z_j)^2 over pairs in the lag bin
inland,20265810,isotropic,6625.0,99.73355384587953,420052,"veg_p05_temporal_mean residual (OLS, Stage 0)",pixel,1988-2022 (35 water years),20000.0,10000,gamma(h) = 0.5 * mean (z_i - z_j)^2 over pairs in the lag bin
inland,20265810,isotropic,6875.0,100.66851887773069,424587,"veg_p05_temporal_mean residual (OLS, Stage 0)",pixel,1988-2022 (35 water years),20000.0,10000,gamma(h) = 0.5 * mean (z_i - z_j)^2 over pairs in the lag bin
inland,20265810,isotropic,7125.0,101.4057353746672,427801,"veg_p05_temporal_mean residual (OLS, Stage 0)",pixel,1988-2022 (35 water years),20000.0,10000,gamma(h) = 0.5 * mean (z_i - z_j)^2 over pairs in the lag bin
inland,20265810,isotropic,7375.0,101.11622534560317,430019,"veg_p05_temporal_mean residual (OLS, Stage 0)",pixel,1988-2022 (35 water years),20000.0,10000,gamma(h) = 0.5 * mean (z_i - z_j)^2 over pairs in the lag bin
inland,20265810,isotropic,7625.0,100.75838610402381,434909,"veg_p05_temporal_mean residual (OLS, Stage 0)",pixel,1988-2022 (35 water years),20000.0,10000,gamma(h) = 0.5 * mean (z_i - z_j)^2 over pairs in the lag bin
inland,20265810,isotropic,7875.0,101.76809369587698,438430,"veg_p05_temporal_mean residual (OLS, Stage 0)",pixel,1988-2022 (35 water years),20000.0,10000,gamma(h) = 0.5 * mean (z_i - z_j)^2 over pairs in the lag bin
inland,20265810,isotropic,8125.0,103.03669194639129,440864,"veg_p05_temporal_mean residual (OLS, Stage 0)",pixel,1988-2022 (35 water years),20000.0,10000,gamma(h) = 0.5 * mean (z_i - z_j)^2 over pairs in the lag bin
inland,20265810,isotropic,8375.0,104.66969211920281,441381,"veg_p05_temporal_mean residual (OLS, Stage 0)",pixel,1988-2022 (35 water years),20000.0,10000,gamma(h) = 0.5 * mean (z_i - z_j)^2 over pairs in the lag bin
inland,20265810,isotropic,8625.0,105.28161806138499,441711,"veg_p05_temporal_mean residual (OLS, Stage 0)",pixel,1988-2022 (35 water years),20000.0,10000,gamma(h) = 0.5 * mean (z_i - z_j)^2 over pairs in the lag bin
inland,20265810,isotropic,8875.0,105.07485413655245,440449,"veg_p05_temporal_mean residual (OLS, Stage 0)",pixel,1988-2022 (35 water years),20000.0,10000,gamma(h) = 0.5 * mean (z_i - z_j)^2 over pairs in the lag bin
inland,20265810,isotropic,9125.0,105.53945692349824,443371,"veg_p05_temporal_mean residual (OLS, Stage 0)",pixel,1988-2022 (35 water years),20000.0,10000,gamma(h) = 0.5 * mean (z_i - z_j)^2 over pairs in the lag bin
inland,20265810,isotropic,9375.0,106.3829048592985,442375,"veg_p05_temporal_mean residual (OLS, Stage 0)",pixel,1988-2022 (35 water years),20000.0,10000,gamma(h) = 0.5 * mean (z_i - z_j)^2 over pairs in the lag bin
inland,20265810,isotropic,9625.0,106.21067054157271,443090,"veg_p05_temporal_mean residual (OLS, Stage 0)",pixel,1988-2022 (35 water years),20000.0,10000,gamma(h) = 0.5 * mean (z_i - z_j)^2 over pairs in the lag bin
inland,20265810,isotropic,9875.0,106.18761240076392,443683,"veg_p05_temporal_mean residual (OLS, Stage 0)",pixel,1988-2022 (35 water years),20000.0,10000,gamma(h) = 0.5 * mean (z_i - z_j)^2 over pairs in the lag bin
inland,20265810,isotropic,10125.0,106.0825249073452,444989,"veg_p05_temporal_mean residual (OLS, Stage 0)",pixel,1988-2022 (35 water years),20000.0,10000,gamma(h) = 0.5 * mean (z_i - z_j)^2 over pairs in the lag bin
inland,20265810,isotropic,10375.0,105.35033811486194,446358,"veg_p05_temporal_mean residual (OLS, Stage 0)",pixel,1988-2022 (35 water years),20000.0,10000,gamma(h) = 0.5 * mean (z_i - z_j)^2 over pairs in the lag bin
inland,20265810,isotropic,10625.0,104.29803166114121,447416,"veg_p05_temporal_mean residual (OLS, Stage 0)",pixel,1988-2022 (35 water years),20000.0,10000,gamma(h) = 0.5 * mean (z_i - z_j)^2 over pairs in the lag bin
inland,20265810,isotropic,10875.0,103.88185806762188,447627,"veg_p05_temporal_mean residual (OLS, Stage 0)",pixel,1988-2022 (35 water years),20000.0,10000,gamma(h) = 0.5 * mean (z_i - z_j)^2 over pairs in the lag bin
inland,20265810,isotropic,11125.0,103.26246542014309,451045,"veg_p05_temporal_mean residual (OLS, Stage 0)",pixel,1988-2022 (35 water years),20000.0,10000,gamma(h) = 0.5 * mean (z_i - z_j)^2 over pairs in the lag bin
inland,20265810,isotropic,11375.0,102.3069289660387,451586,"veg_p05_temporal_mean residual (OLS, Stage 0)",pixel,1988-2022 (35 water years),20000.0,10000,gamma(h) = 0.5 * mean (z_i - z_j)^2 over pairs in the lag bin
inland,20265810,isotropic,11625.0,101.71736776399878,454085,"veg_p05_temporal_mean residual (OLS, Stage 0)",pixel,1988-2022 (35 water years),20000.0,10000,gamma(h) = 0.5 * mean (z_i - z_j)^2 over pairs in the lag bin
inland,20265810,isotropic,11875.0,101.65656062428643,454387,"veg_p05_temporal_mean residual (OLS, Stage 0)",pixel,1988-2022 (35 water years),20000.0,10000,gamma(h) = 0.5 * mean (z_i - z_j)^2 over pairs in the lag bin
inland,20265810,isotropic,12125.0,102.53194084283858,453668,"veg_p05_temporal_mean residual (OLS, Stage 0)",pixel,1988-2022 (35 water years),20000.0,10000,gamma(h) = 0.5 * mean (z_i - z_j)^2 over pairs in the lag bin
inland,20265810,isotropic,12375.0,102.91616154053165,454797,"veg_p05_temporal_mean residual (OLS, Stage 0)",pixel,1988-2022 (35 water years),20000.0,10000,gamma(h) = 0.5 * mean (z_i - z_j)^2 over pairs in the lag bin
inland,20265810,isotropic,12625.0,103.33007386011211,453939,"veg_p05_temporal_mean residual (OLS, Stage 0)",pixel,1988-2022 (35 water years),20000.0,10000,gamma(h) = 0.5 * mean (z_i - z_j)^2 over pairs in the lag bin
inland,20265810,isotropic,12875.0,104.52754033545952,452424,"veg_p05_temporal_mean residual (OLS, Stage 0)",pixel,1988-2022 (35 water years),20000.0,10000,gamma(h) = 0.5 * mean (z_i - z_j)^2 over pairs in the lag bin
inland,20265810,isotropic,13125.0,105.17923224420574,446235,"veg_p05_temporal_mean residual (OLS, Stage 0)",pixel,1988-2022 (35 water years),20000.0,10000,gamma(h) = 0.5 * mean (z_i - z_j)^2 over pairs in the lag bin
inland,20265810,isotropic,13375.0,106.3073739171159,444845,"veg_p05_temporal_mean residual (OLS, Stage 0)",pixel,1988-2022 (35 water years),20000.0,10000,gamma(h) = 0.5 * mean (z_i - z_j)^2 over pairs in the lag bin
inland,20265810,isotropic,13625.0,106.27563751773917,441770,"veg_p05_temporal_mean residual (OLS, Stage 0)",pixel,1988-2022 (35 water years),20000.0,10000,gamma(h) = 0.5 * mean (z_i - z_j)^2 over pairs in the lag bin
inland,20265810,isotropic,13875.0,105.99108478159921,437311,"veg_p05_temporal_mean residual (OLS, Stage 0)",pixel,1988-2022 (35 water years),20000.0,10000,gamma(h) = 0.5 * mean (z_i - z_j)^2 over pairs in the lag bin
inland,20265810,isotropic,14125.0,106.44889561149543,434107,"veg_p05_temporal_mean residual (OLS, Stage 0)",pixel,1988-2022 (35 water years),20000.0,10000,gamma(h) = 0.5 * mean (z_i - z_j)^2 over pairs in the lag bin
inland,20265810,isotropic,14375.0,107.21911262669876,430557,"veg_p05_temporal_mean residual (OLS, Stage 0)",pixel,1988-2022 (35 water years),20000.0,10000,gamma(h) = 0.5 * mean (z_i - z_j)^2 over pairs in the lag bin
inland,20265810,isotropic,14625.0,107.859372688789,424992,"veg_p05_temporal_mean residual (OLS, Stage 0)",pixel,1988-2022 (35 water years),20000.0,10000,gamma(h) = 0.5 * mean (z_i - z_j)^2 over pairs in the lag bin
inland,20265810,isotropic,14875.0,108.74049309516289,423397,"veg_p05_temporal_mean residual (OLS, Stage 0)",pixel,1988-2022 (35 water years),20000.0,10000,gamma(h) = 0.5 * mean (z_i - z_j)^2 over pairs in the lag bin
inland,20265810,isotropic,15125.0,110.6547989744616,417697,"veg_p05_temporal_mean residual (OLS, Stage 0)",pixel,1988-2022 (35 water years),20000.0,10000,gamma(h) = 0.5 * mean (z_i - z_j)^2 over pairs in the lag bin
inland,20265810,isotropic,15375.0,111.13712199804621,413801,"veg_p05_temporal_mean residual (OLS, Stage 0)",pixel,1988-2022 (35 water years),20000.0,10000,gamma(h) = 0.5 * mean (z_i - z_j)^2 over pairs in the lag bin
inland,20265810,isotropic,15625.0,111.53348679591541,407858,"veg_p05_temporal_mean residual (OLS, Stage 0)",pixel,1988-2022 (35 water years),20000.0,10000,gamma(h) = 0.5 * mean (z_i - z_j)^2 over pairs in the lag bin
inland,20265810,isotropic,15875.0,113.17239079933252,401871,"veg_p05_temporal_mean residual (OLS, Stage 0)",pixel,1988-2022 (35 water years),20000.0,10000,gamma(h) = 0.5 * mean (z_i - z_j)^2 over pairs in the lag bin
inland,20265810,isotropic,16125.0,113.74845531628425,397751,"veg_p05_temporal_mean residual (OLS, Stage 0)",pixel,1988-2022 (35 water years),20000.0,10000,gamma(h) = 0.5 * mean (z_i - z_j)^2 over pairs in the lag bin
inland,20265810,isotropic,16375.0,114.92799552422763,394862,"veg_p05_temporal_mean residual (OLS, Stage 0)",pixel,1988-2022 (35 water years),20000.0,10000,gamma(h) = 0.5 * mean (z_i - z_j)^2 over pairs in the lag bin
inland,20265810,isotropic,16625.0,115.59695968836265,391187,"veg_p05_temporal_mean residual (OLS, Stage 0)",pixel,1988-2022 (35 water years),20000.0,10000,gamma(h) = 0.5 * mean (z_i - z_j)^2 over pairs in the lag bin
inland,20265810,isotropic,16875.0,116.29468616942664,388275,"veg_p05_temporal_mean residual (OLS, Stage 0)",pixel,1988-2022 (35 water years),20000.0,10000,gamma(h) = 0.5 * mean (z_i - z_j)^2 over pairs in the lag bin
inland,20265810,isotropic,17125.0,118.0503089693431,387417,"veg_p05_temporal_mean residual (OLS, Stage 0)",pixel,1988-2022 (35 water years),20000.0,10000,gamma(h) = 0.5 * mean (z_i - z_j)^2 over pairs in the lag bin
inland,20265810,isotropic,17375.0,118.13415957980048,384009,"veg_p05_temporal_mean residual (OLS, Stage 0)",pixel,1988-2022 (35 water years),20000.0,10000,gamma(h) = 0.5 * mean (z_i - z_j)^2 over pairs in the lag bin
inland,20265810,isotropic,17625.0,118.57348301385859,381457,"veg_p05_temporal_mean residual (OLS, Stage 0)",pixel,1988-2022 (35 water years),20000.0,10000,gamma(h) = 0.5 * mean (z_i - z_j)^2 over pairs in the lag bin
inland,20265810,isotropic,17875.0,118.41852600161603,380402,"veg_p05_temporal_mean residual (OLS, Stage 0)",pixel,1988-2022 (35 water years),20000.0,10000,gamma(h) = 0.5 * mean (z_i - z_j)^2 over pairs in the lag bin
inland,20265810,isotropic,18125.0,118.06571248573353,377116,"veg_p05_temporal_mean residual (OLS, Stage 0)",pixel,1988-2022 (35 water years),20000.0,10000,gamma(h) = 0.5 * mean (z_i - z_j)^2 over pairs in the lag bin
inland,20265810,isotropic,18375.0,117.81717334590303,375003,"veg_p05_temporal_mean residual (OLS, Stage 0)",pixel,1988-2022 (35 water years),20000.0,10000,gamma(h) = 0.5 * mean (z_i - z_j)^2 over pairs in the lag bin
inland,20265810,isotropic,18625.0,117.60523969984611,374114,"veg_p05_temporal_mean residual (OLS, Stage 0)",pixel,1988-2022 (35 water years),20000.0,10000,gamma(h) = 0.5 * mean (z_i - z_j)^2 over pairs in the lag bin
inland,20265810,isotropic,18875.0,116.50202311778345,373566,"veg_p05_temporal_mean residual (OLS, Stage 0)",pixel,1988-2022 (35 water years),20000.0,10000,gamma(h) = 0.5 * mean (z_i - z_j)^2 over pairs in the lag bin
inland,20265810,isotropic,19125.0,115.56595404549383,373690,"veg_p05_temporal_mean residual (OLS, Stage 0)",pixel,1988-2022 (35 water years),20000.0,10000,gamma(h) = 0.5 * mean (z_i - z_j)^2 over pairs in the lag bin
inland,20265810,isotropic,19375.0,115.99775416346333,374296,"veg_p05_temporal_mean residual (OLS, Stage 0)",pixel,1988-2022 (35 water years),20000.0,10000,gamma(h) = 0.5 * mean (z_i - z_j)^2 over pairs in the lag bin
inland,20265810,isotropic,19625.0,115.08358790297657,373031,"veg_p05_temporal_mean residual (OLS, Stage 0)",pixel,1988-2022 (35 water years),20000.0,10000,gamma(h) = 0.5 * mean (z_i - z_j)^2 over pairs in the lag bin
inland,20265810,isotropic,19875.0,115.07001442974634,370734,"veg_p05_temporal_mean residual (OLS, Stage 0)",pixel,1988-2022 (35 water years),20000.0,10000,gamma(h) = 0.5 * mean (z_i - z_j)^2 over pairs in the lag bin
inland,20266810,isotropic,125.0,35.665735708952226,20218,"veg_p05_temporal_mean residual (OLS, Stage 0)",pixel,1988-2022 (35 water years),20000.0,10000,gamma(h) = 0.5 * mean (z_i - z_j)^2 over pairs in the lag bin
inland,20266810,isotropic,375.0,55.22455818458557,55949,"veg_p05_temporal_mean residual (OLS, Stage 0)",pixel,1988-2022 (35 water years),20000.0,10000,gamma(h) = 0.5 * mean (z_i - z_j)^2 over pairs in the lag bin
inland,20266810,isotropic,625.0,66.57313946684621,87427,"veg_p05_temporal_mean residual (OLS, Stage 0)",pixel,1988-2022 (35 water years),20000.0,10000,gamma(h) = 0.5 * mean (z_i - z_j)^2 over pairs in the lag bin
inland,20266810,isotropic,875.0,75.44561418380016,114173,"veg_p05_temporal_mean residual (OLS, Stage 0)",pixel,1988-2022 (35 water years),20000.0,10000,gamma(h) = 0.5 * mean (z_i - z_j)^2 over pairs in the lag bin
inland,20266810,isotropic,1125.0,80.8387433130458,138000,"veg_p05_temporal_mean residual (OLS, Stage 0)",pixel,1988-2022 (35 water years),20000.0,10000,gamma(h) = 0.5 * mean (z_i - z_j)^2 over pairs in the lag bin
inland,20266810,isotropic,1375.0,86.51915367393265,159896,"veg_p05_temporal_mean residual (OLS, Stage 0)",pixel,1988-2022 (35 water years),20000.0,10000,gamma(h) = 0.5 * mean (z_i - z_j)^2 over pairs in the lag bin
inland,20266810,isotropic,1625.0,91.73762021483037,179728,"veg_p05_temporal_mean residual (OLS, Stage 0)",pixel,1988-2022 (35 water years),20000.0,10000,gamma(h) = 0.5 * mean (z_i - z_j)^2 over pairs in the lag bin
inland,20266810,isotropic,1875.0,93.90814869964419,197934,"veg_p05_temporal_mean residual (OLS, Stage 0)",pixel,1988-2022 (35 water years),20000.0,10000,gamma(h) = 0.5 * mean (z_i - z_j)^2 over pairs in the lag bin
inland,20266810,isotropic,2125.0,95.50915517221331,213504,"veg_p05_temporal_mean residual (OLS, Stage 0)",pixel,1988-2022 (35 water years),20000.0,10000,gamma(h) = 0.5 * mean (z_i - z_j)^2 over pairs in the lag bin
inland,20266810,isotropic,2375.0,96.84368362893115,227812,"veg_p05_temporal_mean residual (OLS, Stage 0)",pixel,1988-2022 (35 water years),20000.0,10000,gamma(h) = 0.5 * mean (z_i - z_j)^2 over pairs in the lag bin
inland,20266810,isotropic,2625.0,98.60761019469781,244536,"veg_p05_temporal_mean residual (OLS, Stage 0)",pixel,1988-2022 (35 water years),20000.0,10000,gamma(h) = 0.5 * mean (z_i - z_j)^2 over pairs in the lag bin
inland,20266810,isotropic,2875.0,99.18260379820651,255677,"veg_p05_temporal_mean residual (OLS, Stage 0)",pixel,1988-2022 (35 water years),20000.0,10000,gamma(h) = 0.5 * mean (z_i - z_j)^2 over pairs in the lag bin
inland,20266810,isotropic,3125.0,100.96575613832678,267889,"veg_p05_temporal_mean residual (OLS, Stage 0)",pixel,1988-2022 (35 water years),20000.0,10000,gamma(h) = 0.5 * mean (z_i - z_j)^2 over pairs in the lag bin
inland,20266810,isotropic,3375.0,102.25413735857849,281576,"veg_p05_temporal_mean residual (OLS, Stage 0)",pixel,1988-2022 (35 water years),20000.0,10000,gamma(h) = 0.5 * mean (z_i - z_j)^2 over pairs in the lag bin
inland,20266810,isotropic,3625.0,102.52685804096741,292319,"veg_p05_temporal_mean residual (OLS, Stage 0)",pixel,1988-2022 (35 water years),20000.0,10000,gamma(h) = 0.5 * mean (z_i - z_j)^2 over pairs in the lag bin
inland,20266810,isotropic,3875.0,102.33458966149419,304876,"veg_p05_temporal_mean residual (OLS, Stage 0)",pixel,1988-2022 (35 water years),20000.0,10000,gamma(h) = 0.5 * mean (z_i - z_j)^2 over pairs in the lag bin
inland,20266810,isotropic,4125.0,102.08511257433209,317714,"veg_p05_temporal_mean residual (OLS, Stage 0)",pixel,1988-2022 (35 water years),20000.0,10000,gamma(h) = 0.5 * mean (z_i - z_j)^2 over pairs in the lag bin
inland,20266810,isotropic,4375.0,102.23978751892105,327129,"veg_p05_temporal_mean residual (OLS, Stage 0)",pixel,1988-2022 (35 water years),20000.0,10000,gamma(h) = 0.5 * mean (z_i - z_j)^2 over pairs in the lag bin
inland,20266810,isotropic,4625.0,102.15660117820927,342389,"veg_p05_temporal_mean residual (OLS, Stage 0)",pixel,1988-2022 (35 water years),20000.0,10000,gamma(h) = 0.5 * mean (z_i - z_j)^2 over pairs in the lag bin
inland,20266810,isotropic,4875.0,101.04605677212189,352138,"veg_p05_temporal_mean residual (OLS, Stage 0)",pixel,1988-2022 (35 water years),20000.0,10000,gamma(h) = 0.5 * mean (z_i - z_j)^2 over pairs in the lag bin
inland,20266810,isotropic,5125.0,100.34583926458903,366581,"veg_p05_temporal_mean residual (OLS, Stage 0)",pixel,1988-2022 (35 water years),20000.0,10000,gamma(h) = 0.5 * mean (z_i - z_j)^2 over pairs in the lag bin
inland,20266810,isotropic,5375.0,100.71965059934726,378882,"veg_p05_temporal_mean residual (OLS, Stage 0)",pixel,1988-2022 (35 water years),20000.0,10000,gamma(h) = 0.5 * mean (z_i - z_j)^2 over pairs in the lag bin
inland,20266810,isotropic,5625.0,100.75669830717231,389775,"veg_p05_temporal_mean residual (OLS, Stage 0)",pixel,1988-2022 (35 water years),20000.0,10000,gamma(h) = 0.5 * mean (z_i - z_j)^2 over pairs in the lag bin
inland,20266810,isotropic,5875.0,101.69786032156081,401448,"veg_p05_temporal_mean residual (OLS, Stage 0)",pixel,1988-2022 (35 water years),20000.0,10000,gamma(h) = 0.5 * mean (z_i - z_j)^2 over pairs in the lag bin
inland,20266810,isotropic,6125.0,101.01336792318047,412290,"veg_p05_temporal_mean residual (OLS, Stage 0)",pixel,1988-2022 (35 water years),20000.0,10000,gamma(h) = 0.5 * mean (z_i - z_j)^2 over pairs in the lag bin
inland,20266810,isotropic,6375.0,100.52528902520386,421683,"veg_p05_temporal_mean residual (OLS, Stage 0)",pixel,1988-2022 (35 water years),20000.0,10000,gamma(h) = 0.5 * mean (z_i - z_j)^2 over pairs in the lag bin
inland,20266810,isotropic,6625.0,101.08738433483711,428891,"veg_p05_temporal_mean residual (OLS, Stage 0)",pixel,1988-2022 (35 water years),20000.0,10000,gamma(h) = 0.5 * mean (z_i - z_j)^2 over pairs in the lag bin
inland,20266810,isotropic,6875.0,101.5698249368778,433552,"veg_p05_temporal_mean residual (OLS, Stage 0)",pixel,1988-2022 (35 water years),20000.0,10000,gamma(h) = 0.5 * mean (z_i - z_j)^2 over pairs in the lag bin
inland,20266810,isotropic,7125.0,101.40229344764002,439480,"veg_p05_temporal_mean residual (OLS, Stage 0)",pixel,1988-2022 (35 water years),20000.0,10000,gamma(h) = 0.5 * mean (z_i - z_j)^2 over pairs in the lag bin
inland,20266810,isotropic,7375.0,101.6459864661272,443238,"veg_p05_temporal_mean residual (OLS, Stage 0)",pixel,1988-2022 (35 water years),20000.0,10000,gamma(h) = 0.5 * mean (z_i - z_j)^2 over pairs in the lag bin
inland,20266810,isotropic,7625.0,101.84691372992003,447171,"veg_p05_temporal_mean residual (OLS, Stage 0)",pixel,1988-2022 (35 water years),20000.0,10000,gamma(h) = 0.5 * mean (z_i - z_j)^2 over pairs in the lag bin
inland,20266810,isotropic,7875.0,102.48453798887365,451444,"veg_p05_temporal_mean residual (OLS, Stage 0)",pixel,1988-2022 (35 water years),20000.0,10000,gamma(h) = 0.5 * mean (z_i - z_j)^2 over pairs in the lag bin
inland,20266810,isotropic,8125.0,103.5296183483069,453941,"veg_p05_temporal_mean residual (OLS, Stage 0)",pixel,1988-2022 (35 water years),20000.0,10000,gamma(h) = 0.5 * mean (z_i - z_j)^2 over pairs in the lag bin
inland,20266810,isotropic,8375.0,104.10888774368868,455652,"veg_p05_temporal_mean residual (OLS, Stage 0)",pixel,1988-2022 (35 water years),20000.0,10000,gamma(h) = 0.5 * mean (z_i - z_j)^2 over pairs in the lag bin
inland,20266810,isotropic,8625.0,105.24662459354737,457342,"veg_p05_temporal_mean residual (OLS, Stage 0)",pixel,1988-2022 (35 water years),20000.0,10000,gamma(h) = 0.5 * mean (z_i - z_j)^2 over pairs in the lag bin
inland,20266810,isotropic,8875.0,105.35923397954463,456467,"veg_p05_temporal_mean residual (OLS, Stage 0)",pixel,1988-2022 (35 water years),20000.0,10000,gamma(h) = 0.5 * mean (z_i - z_j)^2 over pairs in the lag bin
inland,20266810,isotropic,9125.0,105.45114369553507,457504,"veg_p05_temporal_mean residual (OLS, Stage 0)",pixel,1988-2022 (35 water years),20000.0,10000,gamma(h) = 0.5 * mean (z_i - z_j)^2 over pairs in the lag bin
inland,20266810,isotropic,9375.0,105.49770312143961,456373,"veg_p05_temporal_mean residual (OLS, Stage 0)",pixel,1988-2022 (35 water years),20000.0,10000,gamma(h) = 0.5 * mean (z_i - z_j)^2 over pairs in the lag bin
inland,20266810,isotropic,9625.0,105.54505717187627,456242,"veg_p05_temporal_mean residual (OLS, Stage 0)",pixel,1988-2022 (35 water years),20000.0,10000,gamma(h) = 0.5 * mean (z_i - z_j)^2 over pairs in the lag bin
inland,20266810,isotropic,9875.0,104.7798257764992,455980,"veg_p05_temporal_mean residual (OLS, Stage 0)",pixel,1988-2022 (35 water years),20000.0,10000,gamma(h) = 0.5 * mean (z_i - z_j)^2 over pairs in the lag bin
inland,20266810,isotropic,10125.0,105.31058904630335,452687,"veg_p05_temporal_mean residual (OLS, Stage 0)",pixel,1988-2022 (35 water years),20000.0,10000,gamma(h) = 0.5 * mean (z_i - z_j)^2 over pairs in the lag bin
inland,20266810,isotropic,10375.0,105.09714834894174,454340,"veg_p05_temporal_mean residual (OLS, Stage 0)",pixel,1988-2022 (35 water years),20000.0,10000,gamma(h) = 0.5 * mean (z_i - z_j)^2 over pairs in the lag bin
inland,20266810,isotropic,10625.0,104.61466362857271,454716,"veg_p05_temporal_mean residual (OLS, Stage 0)",pixel,1988-2022 (35 water years),20000.0,10000,gamma(h) = 0.5 * mean (z_i - z_j)^2 over pairs in the lag bin
inland,20266810,isotropic,10875.0,103.78332531232044,454833,"veg_p05_temporal_mean residual (OLS, Stage 0)",pixel,1988-2022 (35 water years),20000.0,10000,gamma(h) = 0.5 * mean (z_i - z_j)^2 over pairs in the lag bin
inland,20266810,isotropic,11125.0,102.77275046370568,458092,"veg_p05_temporal_mean residual (OLS, Stage 0)",pixel,1988-2022 (35 water years),20000.0,10000,gamma(h) = 0.5 * mean (z_i - z_j)^2 over pairs in the lag bin
inland,20266810,isotropic,11375.0,102.17087280051557,456369,"veg_p05_temporal_mean residual (OLS, Stage 0)",pixel,1988-2022 (35 water years),20000.0,10000,gamma(h) = 0.5 * mean (z_i - z_j)^2 over pairs in the lag bin
inland,20266810,isotropic,11625.0,102.06122084225233,457511,"veg_p05_temporal_mean residual (OLS, Stage 0)",pixel,1988-2022 (35 water years),20000.0,10000,gamma(h) = 0.5 * mean (z_i - z_j)^2 over pairs in the lag bin
inland,20266810,isotropic,11875.0,101.88648117758888,456018,"veg_p05_temporal_mean residual (OLS, Stage 0)",pixel,1988-2022 (35 water years),20000.0,10000,gamma(h) = 0.5 * mean (z_i - z_j)^2 over pairs in the lag bin
inland,20266810,isotropic,12125.0,101.51861532244007,455030,"veg_p05_temporal_mean residual (OLS, Stage 0)",pixel,1988-2022 (35 water years),20000.0,10000,gamma(h) = 0.5 * mean (z_i - z_j)^2 over pairs in the lag bin
inland,20266810,isotropic,12375.0,102.70769848068939,454229,"veg_p05_temporal_mean residual (OLS, Stage 0)",pixel,1988-2022 (35 water years),20000.0,10000,gamma(h) = 0.5 * mean (z_i - z_j)^2 over pairs in the lag bin
inland,20266810,isotropic,12625.0,102.7655049399868,452882,"veg_p05_temporal_mean residual (OLS, Stage 0)",pixel,1988-2022 (35 water years),20000.0,10000,gamma(h) = 0.5 * mean (z_i - z_j)^2 over pairs in the lag bin
inland,20266810,isotropic,12875.0,103.11425241686598,452078,"veg_p05_temporal_mean residual (OLS, Stage 0)",pixel,1988-2022 (35 water years),20000.0,10000,gamma(h) = 0.5 * mean (z_i - z_j)^2 over pairs in the lag bin
inland,20266810,isotropic,13125.0,103.64607166569412,448098,"veg_p05_temporal_mean residual (OLS, Stage 0)",pixel,1988-2022 (35 water years),20000.0,10000,gamma(h) = 0.5 * mean (z_i - z_j)^2 over pairs in the lag bin
inland,20266810,isotropic,13375.0,104.2683494107899,443195,"veg_p05_temporal_mean residual (OLS, Stage 0)",pixel,1988-2022 (35 water years),20000.0,10000,gamma(h) = 0.5 * mean (z_i - z_j)^2 over pairs in the lag bin
inland,20266810,isotropic,13625.0,104.17423302598975,440168,"veg_p05_temporal_mean residual (OLS, Stage 0)",pixel,1988-2022 (35 water years),20000.0,10000,gamma(h) = 0.5 * mean (z_i - z_j)^2 over pairs in the lag bin
inland,20266810,isotropic,13875.0,104.4154981359824,438051,"veg_p05_temporal_mean residual (OLS, Stage 0)",pixel,1988-2022 (35 water years),20000.0,10000,gamma(h) = 0.5 * mean (z_i - z_j)^2 over pairs in the lag bin
inland,20266810,isotropic,14125.0,105.90051229697667,434189,"veg_p05_temporal_mean residual (OLS, Stage 0)",pixel,1988-2022 (35 water years),20000.0,10000,gamma(h) = 0.5 * mean (z_i - z_j)^2 over pairs in the lag bin
inland,20266810,isotropic,14375.0,105.97978883551158,430661,"veg_p05_temporal_mean residual (OLS, Stage 0)",pixel,1988-2022 (35 water years),20000.0,10000,gamma(h) = 0.5 * mean (z_i - z_j)^2 over pairs in the lag bin
inland,20266810,isotropic,14625.0,106.86452881208427,426233,"veg_p05_temporal_mean residual (OLS, Stage 0)",pixel,1988-2022 (35 water years),20000.0,10000,gamma(h) = 0.5 * mean (z_i - z_j)^2 over pairs in the lag bin
inland,20266810,isotropic,14875.0,107.87154692097458,421028,"veg_p05_temporal_mean residual (OLS, Stage 0)",pixel,1988-2022 (35 water years),20000.0,10000,gamma(h) = 0.5 * mean (z_i - z_j)^2 over pairs in the lag bin
inland,20266810,isotropic,15125.0,109.14272536372091,416162,"veg_p05_temporal_mean residual (OLS, Stage 0)",pixel,1988-2022 (35 water years),20000.0,10000,gamma(h) = 0.5 * mean (z_i - z_j)^2 over pairs in the lag bin
inland,20266810,isotropic,15375.0,109.74865061266703,412031,"veg_p05_temporal_mean residual (OLS, Stage 0)",pixel,1988-2022 (35 water years),20000.0,10000,gamma(h) = 0.5 * mean (z_i - z_j)^2 over pairs in the lag bin
inland,20266810,isotropic,15625.0,110.54765427129897,407581,"veg_p05_temporal_mean residual (OLS, Stage 0)",pixel,1988-2022 (35 water years),20000.0,10000,gamma(h) = 0.5 * mean (z_i - z_j)^2 over pairs in the lag bin
inland,20266810,isotropic,15875.0,112.12516911510424,403650,"veg_p05_temporal_mean residual (OLS, Stage 0)",pixel,1988-2022 (35 water years),20000.0,10000,gamma(h) = 0.5 * mean (z_i - z_j)^2 over pairs in the lag bin
inland,20266810,isotropic,16125.0,113.03433504428122,400718,"veg_p05_temporal_mean residual (OLS, Stage 0)",pixel,1988-2022 (35 water years),20000.0,10000,gamma(h) = 0.5 * mean (z_i - z_j)^2 over pairs in the lag bin
inland,20266810,isotropic,16375.0,114.99496894905934,395967,"veg_p05_temporal_mean residual (OLS, Stage 0)",pixel,1988-2022 (35 water years),20000.0,10000,gamma(h) = 0.5 * mean (z_i - z_j)^2 over pairs in the lag bin
inland,20266810,isotropic,16625.0,115.00254123432244,394243,"veg_p05_temporal_mean residual (OLS, Stage 0)",pixel,1988-2022 (35 water years),20000.0,10000,gamma(h) = 0.5 * mean (z_i - z_j)^2 over pairs in the lag bin
inland,20266810,isotropic,16875.0,116.43952721112022,390828,"veg_p05_temporal_mean residual (OLS, Stage 0)",pixel,1988-2022 (35 water years),20000.0,10000,gamma(h) = 0.5 * mean (z_i - z_j)^2 over pairs in the lag bin
inland,20266810,isotropic,17125.0,117.2447477167932,389435,"veg_p05_temporal_mean residual (OLS, Stage 0)",pixel,1988-2022 (35 water years),20000.0,10000,gamma(h) = 0.5 * mean (z_i - z_j)^2 over pairs in the lag bin
inland,20266810,isotropic,17375.0,117.87893126761735,387022,"veg_p05_temporal_mean residual (OLS, Stage 0)",pixel,1988-2022 (35 water years),20000.0,10000,gamma(h) = 0.5 * mean (z_i - z_j)^2 over pairs in the lag bin
inland,20266810,isotropic,17625.0,117.36923322035719,383278,"veg_p05_temporal_mean residual (OLS, Stage 0)",pixel,1988-2022 (35 water years),20000.0,10000,gamma(h) = 0.5 * mean (z_i - z_j)^2 over pairs in the lag bin
inland,20266810,isotropic,17875.0,117.89822176053272,382804,"veg_p05_temporal_mean residual (OLS, Stage 0)",pixel,1988-2022 (35 water years),20000.0,10000,gamma(h) = 0.5 * mean (z_i - z_j)^2 over pairs in the lag bin
inland,20266810,isotropic,18125.0,117.35693379327772,381046,"veg_p05_temporal_mean residual (OLS, Stage 0)",pixel,1988-2022 (35 water years),20000.0,10000,gamma(h) = 0.5 * mean (z_i - z_j)^2 over pairs in the lag bin
inland,20266810,isotropic,18375.0,117.68596458580271,378208,"veg_p05_temporal_mean residual (OLS, Stage 0)",pixel,1988-2022 (35 water years),20000.0,10000,gamma(h) = 0.5 * mean (z_i - z_j)^2 over pairs in the lag bin
inland,20266810,isotropic,18625.0,118.00824814029642,378599,"veg_p05_temporal_mean residual (OLS, Stage 0)",pixel,1988-2022 (35 water years),20000.0,10000,gamma(h) = 0.5 * mean (z_i - z_j)^2 over pairs in the lag bin
inland,20266810,isotropic,18875.0,116.61463965291598,377691,"veg_p05_temporal_mean residual (OLS, Stage 0)",pixel,1988-2022 (35 water years),20000.0,10000,gamma(h) = 0.5 * mean (z_i - z_j)^2 over pairs in the lag bin
inland,20266810,isotropic,19125.0,116.23669195065135,376587,"veg_p05_temporal_mean residual (OLS, Stage 0)",pixel,1988-2022 (35 water years),20000.0,10000,gamma(h) = 0.5 * mean (z_i - z_j)^2 over pairs in the lag bin
inland,20266810,isotropic,19375.0,115.6603016242713,373886,"veg_p05_temporal_mean residual (OLS, Stage 0)",pixel,1988-2022 (35 water years),20000.0,10000,gamma(h) = 0.5 * mean (z_i - z_j)^2 over pairs in the lag bin
inland,20266810,isotropic,19625.0,115.18778181616689,374001,"veg_p05_temporal_mean residual (OLS, Stage 0)",pixel,1988-2022 (35 water years),20000.0,10000,gamma(h) = 0.5 * mean (z_i - z_j)^2 over pairs in the lag bin
inland,20266810,isotropic,19875.0,115.11944533462248,370778,"veg_p05_temporal_mean residual (OLS, Stage 0)",pixel,1988-2022 (35 water years),20000.0,10000,gamma(h) = 0.5 * mean (z_i - z_j)^2 over pairs in the lag bin
inland,20267810,isotropic,125.0,35.153027161008644,20258,"veg_p05_temporal_mean residual (OLS, Stage 0)",pixel,1988-2022 (35 water years),20000.0,10000,gamma(h) = 0.5 * mean (z_i - z_j)^2 over pairs in the lag bin
inland,20267810,isotropic,375.0,56.32449605956537,55944,"veg_p05_temporal_mean residual (OLS, Stage 0)",pixel,1988-2022 (35 water years),20000.0,10000,gamma(h) = 0.5 * mean (z_i - z_j)^2 over pairs in the lag bin
inland,20267810,isotropic,625.0,67.12663879908155,87590,"veg_p05_temporal_mean residual (OLS, Stage 0)",pixel,1988-2022 (35 water years),20000.0,10000,gamma(h) = 0.5 * mean (z_i - z_j)^2 over pairs in the lag bin
inland,20267810,isotropic,875.0,75.11005900483099,113962,"veg_p05_temporal_mean residual (OLS, Stage 0)",pixel,1988-2022 (35 water years),20000.0,10000,gamma(h) = 0.5 * mean (z_i - z_j)^2 over pairs in the lag bin
inland,20267810,isotropic,1125.0,79.39929755379677,138724,"veg_p05_temporal_mean residual (OLS, Stage 0)",pixel,1988-2022 (35 water years),20000.0,10000,gamma(h) = 0.5 * mean (z_i - z_j)^2 over pairs in the lag bin
inland,20267810,isotropic,1375.0,83.1414278252467,161033,"veg_p05_temporal_mean residual (OLS, Stage 0)",pixel,1988-2022 (35 water years),20000.0,10000,gamma(h) = 0.5 * mean (z_i - z_j)^2 over pairs in the lag bin
inland,20267810,isotropic,1625.0,88.33614975906315,182484,"veg_p05_temporal_mean residual (OLS, Stage 0)",pixel,1988-2022 (35 water years),20000.0,10000,gamma(h) = 0.5 * mean (z_i - z_j)^2 over pairs in the lag bin
inland,20267810,isotropic,1875.0,91.90123984393094,203272,"veg_p05_temporal_mean residual (OLS, Stage 0)",pixel,1988-2022 (35 water years),20000.0,10000,gamma(h) = 0.5 * mean (z_i - z_j)^2 over pairs in the lag bin
inland,20267810,isotropic,2125.0,94.4415094238328,218790,"veg_p05_temporal_mean residual (OLS, Stage 0)",pixel,1988-2022 (35 water years),20000.0,10000,gamma(h) = 0.5 * mean (z_i - z_j)^2 over pairs in the lag bin
inland,20267810,isotropic,2375.0,95.34906711402564,234068,"veg_p05_temporal_mean residual (OLS, Stage 0)",pixel,1988-2022 (35 water years),20000.0,10000,gamma(h) = 0.5 * mean (z_i - z_j)^2 over pairs in the lag bin
inland,20267810,isotropic,2625.0,97.514715498825,249503,"veg_p05_temporal_mean residual (OLS, Stage 0)",pixel,1988-2022 (35 water years),20000.0,10000,gamma(h) = 0.5 * mean (z_i - z_j)^2 over pairs in the lag bin
inland,20267810,isotropic,2875.0,99.10284627024792,260828,"veg_p05_temporal_mean residual (OLS, Stage 0)",pixel,1988-2022 (35 water years),20000.0,10000,gamma(h) = 0.5 * mean (z_i - z_j)^2 over pairs in the lag bin
inland,20267810,isotropic,3125.0,100.58693698775708,273190,"veg_p05_temporal_mean residual (OLS, Stage 0)",pixel,1988-2022 (35 water years),20000.0,10000,gamma(h) = 0.5 * mean (z_i - z_j)^2 over pairs in the lag bin
inland,20267810,isotropic,3375.0,101.68738137300518,286135,"veg_p05_temporal_mean residual (OLS, Stage 0)",pixel,1988-2022 (35 water years),20000.0,10000,gamma(h) = 0.5 * mean (z_i - z_j)^2 over pairs in the lag bin
inland,20267810,isotropic,3625.0,101.50505521439597,298257,"veg_p05_temporal_mean residual (OLS, Stage 0)",pixel,1988-2022 (35 water years),20000.0,10000,gamma(h) = 0.5 * mean (z_i - z_j)^2 over pairs in the lag bin
inland,20267810,isotropic,3875.0,101.33841433363105,314326,"veg_p05_temporal_mean residual (OLS, Stage 0)",pixel,1988-2022 (35 water years),20000.0,10000,gamma(h) = 0.5 * mean (z_i - z_j)^2 over pairs in the lag bin
inland,20267810,isotropic,4125.0,101.43334794044623,324574,"veg_p05_temporal_mean residual (OLS, Stage 0)",pixel,1988-2022 (35 water years),20000.0,10000,gamma(h) = 0.5 * mean (z_i - z_j)^2 over pairs in the lag bin
inland,20267810,isotropic,4375.0,101.28488323077845,335630,"veg_p05_temporal_mean residual (OLS, Stage 0)",pixel,1988-2022 (35 water years),20000.0,10000,gamma(h) = 0.5 * mean (z_i - z_j)^2 over pairs in the lag bin
inland,20267810,isotropic,4625.0,100.94770625035872,350947,"veg_p05_temporal_mean residual (OLS, Stage 0)",pixel,1988-2022 (35 water years),20000.0,10000,gamma(h) = 0.5 * mean (z_i - z_j)^2 over pairs in the lag bin
inland,20267810,isotropic,4875.0,99.83419053646449,359654,"veg_p05_temporal_mean residual (OLS, Stage 0)",pixel,1988-2022 (35 water years),20000.0,10000,gamma(h) = 0.5 * mean (z_i - z_j)^2 over pairs in the lag bin
inland,20267810,isotropic,5125.0,99.75011317412088,371589,"veg_p05_temporal_mean residual (OLS, Stage 0)",pixel,1988-2022 (35 water years),20000.0,10000,gamma(h) = 0.5 * mean (z_i - z_j)^2 over pairs in the lag bin
inland,20267810,isotropic,5375.0,99.55980303373062,382849,"veg_p05_temporal_mean residual (OLS, Stage 0)",pixel,1988-2022 (35 water years),20000.0,10000,gamma(h) = 0.5 * mean (z_i - z_j)^2 over pairs in the lag bin
inland,20267810,isotropic,5625.0,100.0670312722145,394704,"veg_p05_temporal_mean residual (OLS, Stage 0)",pixel,1988-2022 (35 water years),20000.0,10000,gamma(h) = 0.5 * mean (z_i - z_j)^2 over pairs in the lag bin
inland,20267810,isotropic,5875.0,100.30203719353129,404024,"veg_p05_temporal_mean residual (OLS, Stage 0)",pixel,1988-2022 (35 water years),20000.0,10000,gamma(h) = 0.5 * mean (z_i - z_j)^2 over pairs in the lag bin
inland,20267810,isotropic,6125.0,100.05487224440293,413922,"veg_p05_temporal_mean residual (OLS, Stage 0)",pixel,1988-2022 (35 water years),20000.0,10000,gamma(h) = 0.5 * mean (z_i - z_j)^2 over pairs in the lag bin
inland,20267810,isotropic,6375.0,100.24875485495227,423411,"veg_p05_temporal_mean residual (OLS, Stage 0)",pixel,1988-2022 (35 water years),20000.0,10000,gamma(h) = 0.5 * mean (z_i - z_j)^2 over pairs in the lag bin
inland,20267810,isotropic,6625.0,100.17406002318155,431145,"veg_p05_temporal_mean residual (OLS, Stage 0)",pixel,1988-2022 (35 water years),20000.0,10000,gamma(h) = 0.5 * mean (z_i - z_j)^2 over pairs in the lag bin
inland,20267810,isotropic,6875.0,100.67038072770495,435994,"veg_p05_temporal_mean residual (OLS, Stage 0)",pixel,1988-2022 (35 water years),20000.0,10000,gamma(h) = 0.5 * mean (z_i - z_j)^2 over pairs in the lag bin
inland,20267810,isotropic,7125.0,101.1114738598535,441356,"veg_p05_temporal_mean residual (OLS, Stage 0)",pixel,1988-2022 (35 water years),20000.0,10000,gamma(h) = 0.5 * mean (z_i - z_j)^2 over pairs in the lag bin
inland,20267810,isotropic,7375.0,100.50919335510015,442735,"veg_p05_temporal_mean residual (OLS, Stage 0)",pixel,1988-2022 (35 water years),20000.0,10000,gamma(h) = 0.5 * mean (z_i - z_j)^2 over pairs in the lag bin
inland,20267810,isotropic,7625.0,101.29093413190407,448275,"veg_p05_temporal_mean residual (OLS, Stage 0)",pixel,1988-2022 (35 water years),20000.0,10000,gamma(h) = 0.5 * mean (z_i - z_j)^2 over pairs in the lag bin
inland,20267810,isotropic,7875.0,102.46443817011648,452221,"veg_p05_temporal_mean residual (OLS, Stage 0)",pixel,1988-2022 (35 water years),20000.0,10000,gamma(h) = 0.5 * mean (z_i - z_j)^2 over pairs in the lag bin
inland,20267810,isotropic,8125.0,104.0908010746315,451386,"veg_p05_temporal_mean residual (OLS, Stage 0)",pixel,1988-2022 (35 water years),20000.0,10000,gamma(h) = 0.5 * mean (z_i - z_j)^2 over pairs in the lag bin
inland,20267810,isotropic,8375.0,105.2494091973712,453689,"veg_p05_temporal_mean residual (OLS, Stage 0)",pixel,1988-2022 (35 water years),20000.0,10000,gamma(h) = 0.5 * mean (z_i - z_j)^2 over pairs in the lag bin
inland,20267810,isotropic,8625.0,105.37166390739482,453309,"veg_p05_temporal_mean residual (OLS, Stage 0)",pixel,1988-2022 (35 water years),20000.0,10000,gamma(h) = 0.5 * mean (z_i - z_j)^2 over pairs in the lag bin
inland,20267810,isotropic,8875.0,105.04179248361744,451989,"veg_p05_temporal_mean residual (OLS, Stage 0)",pixel,1988-2022 (35 water years),20000.0,10000,gamma(h) = 0.5 * mean (z_i - z_j)^2 over pairs in the lag bin
inland,20267810,isotropic,9125.0,105.96455477817015,453711,"veg_p05_temporal_mean residual (OLS, Stage 0)",pixel,1988-2022 (35 water years),20000.0,10000,gamma(h) = 0.5 * mean (z_i - z_j)^2 over pairs in the lag bin
inland,20267810,isotropic,9375.0,106.43526145116344,451368,"veg_p05_temporal_mean residual (OLS, Stage 0)",pixel,1988-2022 (35 water years),20000.0,10000,gamma(h) = 0.5 * mean (z_i - z_j)^2 over pairs in the lag bin
inland,20267810,isotropic,9625.0,105.84926932118806,449904,"veg_p05_temporal_mean residual (OLS, Stage 0)",pixel,1988-2022 (35 water years),20000.0,10000,gamma(h) = 0.5 * mean (z_i - z_j)^2 over pairs in the lag bin
inland,20267810,isotropic,9875.0,105.6176679109414,449698,"veg_p05_temporal_mean residual (OLS, Stage 0)",pixel,1988-2022 (35 water years),20000.0,10000,gamma(h) = 0.5 * mean (z_i - z_j)^2 over pairs in the lag bin
inland,20267810,isotropic,10125.0,104.23418754622112,446794,"veg_p05_temporal_mean residual (OLS, Stage 0)",pixel,1988-2022 (35 water years),20000.0,10000,gamma(h) = 0.5 * mean (z_i - z_j)^2 over pairs in the lag bin
inland,20267810,isotropic,10375.0,103.3318470122763,447424,"veg_p05_temporal_mean residual (OLS, Stage 0)",pixel,1988-2022 (35 water years),20000.0,10000,gamma(h) = 0.5 * mean (z_i - z_j)^2 over pairs in the lag bin
inland,20267810,isotropic,10625.0,102.29395242917678,446758,"veg_p05_temporal_mean residual (OLS, Stage 0)",pixel,1988-2022 (35 water years),20000.0,10000,gamma(h) = 0.5 * mean (z_i - z_j)^2 over pairs in the lag bin
inland,20267810,isotropic,10875.0,101.57344923393318,445747,"veg_p05_temporal_mean residual (OLS, Stage 0)",pixel,1988-2022 (35 water years),20000.0,10000,gamma(h) = 0.5 * mean (z_i - z_j)^2 over pairs in the lag bin
inland,20267810,isotropic,11125.0,100.96356890800622,446045,"veg_p05_temporal_mean residual (OLS, Stage 0)",pixel,1988-2022 (35 water years),20000.0,10000,gamma(h) = 0.5 * mean (z_i - z_j)^2 over pairs in the lag bin
inland,20267810,isotropic,11375.0,99.57633080806828,446076,"veg_p05_temporal_mean residual (OLS, Stage 0)",pixel,1988-2022 (35 water years),20000.0,10000,gamma(h) = 0.5 * mean (z_i - z_j)^2 over pairs in the lag bin
inland,20267810,isotropic,11625.0,99.32777549660285,445073,"veg_p05_temporal_mean residual (OLS, Stage 0)",pixel,1988-2022 (35 water years),20000.0,10000,gamma(h) = 0.5 * mean (z_i - z_j)^2 over pairs in the lag bin
inland,20267810,isotropic,11875.0,100.09742974203884,445205,"veg_p05_temporal_mean residual (OLS, Stage 0)",pixel,1988-2022 (35 water years),20000.0,10000,gamma(h) = 0.5 * mean (z_i - z_j)^2 over pairs in the lag bin
inland,20267810,isotropic,12125.0,100.28901654866692,444374,"veg_p05_temporal_mean residual (OLS, Stage 0)",pixel,1988-2022 (35 water years),20000.0,10000,gamma(h) = 0.5 * mean (z_i - z_j)^2 over pairs in the lag bin
inland,20267810,isotropic,12375.0,101.10402594683025,442084,"veg_p05_temporal_mean residual (OLS, Stage 0)",pixel,1988-2022 (35 water years),20000.0,10000,gamma(h) = 0.5 * mean (z_i - z_j)^2 over pairs in the lag bin
inland,20267810,isotropic,12625.0,102.1894485041904,442809,"veg_p05_temporal_mean residual (OLS, Stage 0)",pixel,1988-2022 (35 water years),20000.0,10000,gamma(h) = 0.5 * mean (z_i - z_j)^2 over pairs in the lag bin
inland,20267810,isotropic,12875.0,103.94101365092678,440352,"veg_p05_temporal_mean residual (OLS, Stage 0)",pixel,1988-2022 (35 water years),20000.0,10000,gamma(h) = 0.5 * mean (z_i - z_j)^2 over pairs in the lag bin
inland,20267810,isotropic,13125.0,104.28105948274853,435135,"veg_p05_temporal_mean residual (OLS, Stage 0)",pixel,1988-2022 (35 water years),20000.0,10000,gamma(h) = 0.5 * mean (z_i - z_j)^2 over pairs in the lag bin
inland,20267810,isotropic,13375.0,104.68762666058029,431444,"veg_p05_temporal_mean residual (OLS, Stage 0)",pixel,1988-2022 (35 water years),20000.0,10000,gamma(h) = 0.5 * mean (z_i - z_j)^2 over pairs in the lag bin
inland,20267810,isotropic,13625.0,104.95808366338579,428896,"veg_p05_temporal_mean residual (OLS, Stage 0)",pixel,1988-2022 (35 water years),20000.0,10000,gamma(h) = 0.5 * mean (z_i - z_j)^2 over pairs in the lag bin
inland,20267810,isotropic,13875.0,105.2930334712065,424476,"veg_p05_temporal_mean residual (OLS, Stage 0)",pixel,1988-2022 (35 water years),20000.0,10000,gamma(h) = 0.5 * mean (z_i - z_j)^2 over pairs in the lag bin
inland,20267810,isotropic,14125.0,105.65757459925877,420498,"veg_p05_temporal_mean residual (OLS, Stage 0)",pixel,1988-2022 (35 water years),20000.0,10000,gamma(h) = 0.5 * mean (z_i - z_j)^2 over pairs in the lag bin
inland,20267810,isotropic,14375.0,105.93228441812215,417859,"veg_p05_temporal_mean residual (OLS, Stage 0)",pixel,1988-2022 (35 water years),20000.0,10000,gamma(h) = 0.5 * mean (z_i - z_j)^2 over pairs in the lag bin
inland,20267810,isotropic,14625.0,106.52301426509591,412818,"veg_p05_temporal_mean residual (OLS, Stage 0)",pixel,1988-2022 (35 water years),20000.0,10000,gamma(h) = 0.5 * mean (z_i - z_j)^2 over pairs in the lag bin
inland,20267810,isotropic,14875.0,107.42665226997735,409020,"veg_p05_temporal_mean residual (OLS, Stage 0)",pixel,1988-2022 (35 water years),20000.0,10000,gamma(h) = 0.5 * mean (z_i - z_j)^2 over pairs in the lag bin
inland,20267810,isotropic,15125.0,107.64893698613018,405056,"veg_p05_temporal_mean residual (OLS, Stage 0)",pixel,1988-2022 (35 water years),20000.0,10000,gamma(h) = 0.5 * mean (z_i - z_j)^2 over pairs in the lag bin
inland,20267810,isotropic,15375.0,109.27171746305623,400019,"veg_p05_temporal_mean residual (OLS, Stage 0)",pixel,1988-2022 (35 water years),20000.0,10000,gamma(h) = 0.5 * mean (z_i - z_j)^2 over pairs in the lag bin
inland,20267810,isotropic,15625.0,110.25914519135446,394352,"veg_p05_temporal_mean residual (OLS, Stage 0)",pixel,1988-2022 (35 water years),20000.0,10000,gamma(h) = 0.5 * mean (z_i - z_j)^2 over pairs in the lag bin
inland,20267810,isotropic,15875.0,111.38865014854869,390638,"veg_p05_temporal_mean residual (OLS, Stage 0)",pixel,1988-2022 (35 water years),20000.0,10000,gamma(h) = 0.5 * mean (z_i - z_j)^2 over pairs in the lag bin
inland,20267810,isotropic,16125.0,112.53106455139188,386930,"veg_p05_temporal_mean residual (OLS, Stage 0)",pixel,1988-2022 (35 water years),20000.0,10000,gamma(h) = 0.5 * mean (z_i - z_j)^2 over pairs in the lag bin
inland,20267810,isotropic,16375.0,113.44690579915634,380878,"veg_p05_temporal_mean residual (OLS, Stage 0)",pixel,1988-2022 (35 water years),20000.0,10000,gamma(h) = 0.5 * mean (z_i - z_j)^2 over pairs in the lag bin
inland,20267810,isotropic,16625.0,114.63611938852983,377918,"veg_p05_temporal_mean residual (OLS, Stage 0)",pixel,1988-2022 (35 water years),20000.0,10000,gamma(h) = 0.5 * mean (z_i - z_j)^2 over pairs in the lag bin
inland,20267810,isotropic,16875.0,115.88423831878494,375095,"veg_p05_temporal_mean residual (OLS, Stage 0)",pixel,1988-2022 (35 water years),20000.0,10000,gamma(h) = 0.5 * mean (z_i - z_j)^2 over pairs in the lag bin
inland,20267810,isotropic,17125.0,116.67530158066967,373334,"veg_p05_temporal_mean residual (OLS, Stage 0)",pixel,1988-2022 (35 water years),20000.0,10000,gamma(h) = 0.5 * mean (z_i - z_j)^2 over pairs in the lag bin
inland,20267810,isotropic,17375.0,117.54653468203777,371143,"veg_p05_temporal_mean residual (OLS, Stage 0)",pixel,1988-2022 (35 water years),20000.0,10000,gamma(h) = 0.5 * mean (z_i - z_j)^2 over pairs in the lag bin
inland,20267810,isotropic,17625.0,117.98564574475446,368657,"veg_p05_temporal_mean residual (OLS, Stage 0)",pixel,1988-2022 (35 water years),20000.0,10000,gamma(h) = 0.5 * mean (z_i - z_j)^2 over pairs in the lag bin
inland,20267810,isotropic,17875.0,118.3607782212737,368532,"veg_p05_temporal_mean residual (OLS, Stage 0)",pixel,1988-2022 (35 water years),20000.0,10000,gamma(h) = 0.5 * mean (z_i - z_j)^2 over pairs in the lag bin
inland,20267810,isotropic,18125.0,118.19504948884295,367433,"veg_p05_temporal_mean residual (OLS, Stage 0)",pixel,1988-2022 (35 water years),20000.0,10000,gamma(h) = 0.5 * mean (z_i - z_j)^2 over pairs in the lag bin
inland,20267810,isotropic,18375.0,117.9271523187867,367151,"veg_p05_temporal_mean residual (OLS, Stage 0)",pixel,1988-2022 (35 water years),20000.0,10000,gamma(h) = 0.5 * mean (z_i - z_j)^2 over pairs in the lag bin
inland,20267810,isotropic,18625.0,116.84701110828037,367466,"veg_p05_temporal_mean residual (OLS, Stage 0)",pixel,1988-2022 (35 water years),20000.0,10000,gamma(h) = 0.5 * mean (z_i - z_j)^2 over pairs in the lag bin
inland,20267810,isotropic,18875.0,116.79414401998027,368719,"veg_p05_temporal_mean residual (OLS, Stage 0)",pixel,1988-2022 (35 water years),20000.0,10000,gamma(h) = 0.5 * mean (z_i - z_j)^2 over pairs in the lag bin
inland,20267810,isotropic,19125.0,115.09451812739182,366618,"veg_p05_temporal_mean residual (OLS, Stage 0)",pixel,1988-2022 (35 water years),20000.0,10000,gamma(h) = 0.5 * mean (z_i - z_j)^2 over pairs in the lag bin
inland,20267810,isotropic,19375.0,114.71048069612918,368354,"veg_p05_temporal_mean residual (OLS, Stage 0)",pixel,1988-2022 (35 water years),20000.0,10000,gamma(h) = 0.5 * mean (z_i - z_j)^2 over pairs in the lag bin
inland,20267810,isotropic,19625.0,115.39804852830487,366894,"veg_p05_temporal_mean residual (OLS, Stage 0)",pixel,1988-2022 (35 water years),20000.0,10000,gamma(h) = 0.5 * mean (z_i - z_j)^2 over pairs in the lag bin
inland,20267810,isotropic,19875.0,114.74728703740098,365729,"veg_p05_temporal_mean residual (OLS, Stage 0)",pixel,1988-2022 (35 water years),20000.0,10000,gamma(h) = 0.5 * mean (z_i - z_j)^2 over pairs in the lag bin
inland,20268810,isotropic,125.0,36.171634216205696,20119,"veg_p05_temporal_mean residual (OLS, Stage 0)",pixel,1988-2022 (35 water years),20000.0,10000,gamma(h) = 0.5 * mean (z_i - z_j)^2 over pairs in the lag bin
inland,20268810,isotropic,375.0,56.29563665851738,55655,"veg_p05_temporal_mean residual (OLS, Stage 0)",pixel,1988-2022 (35 water years),20000.0,10000,gamma(h) = 0.5 * mean (z_i - z_j)^2 over pairs in the lag bin
inland,20268810,isotropic,625.0,68.42520285952402,87201,"veg_p05_temporal_mean residual (OLS, Stage 0)",pixel,1988-2022 (35 water years),20000.0,10000,gamma(h) = 0.5 * mean (z_i - z_j)^2 over pairs in the lag bin
inland,20268810,isotropic,875.0,76.36475274880618,114469,"veg_p05_temporal_mean residual (OLS, Stage 0)",pixel,1988-2022 (35 water years),20000.0,10000,gamma(h) = 0.5 * mean (z_i - z_j)^2 over pairs in the lag bin
inland,20268810,isotropic,1125.0,80.91310961888938,138390,"veg_p05_temporal_mean residual (OLS, Stage 0)",pixel,1988-2022 (35 water years),20000.0,10000,gamma(h) = 0.5 * mean (z_i - z_j)^2 over pairs in the lag bin
inland,20268810,isotropic,1375.0,85.08366057752662,159737,"veg_p05_temporal_mean residual (OLS, Stage 0)",pixel,1988-2022 (35 water years),20000.0,10000,gamma(h) = 0.5 * mean (z_i - z_j)^2 over pairs in the lag bin
inland,20268810,isotropic,1625.0,90.50181944367385,180921,"veg_p05_temporal_mean residual (OLS, Stage 0)",pixel,1988-2022 (35 water years),20000.0,10000,gamma(h) = 0.5 * mean (z_i - z_j)^2 over pairs in the lag bin
inland,20268810,isotropic,1875.0,93.53053320111013,199617,"veg_p05_temporal_mean residual (OLS, Stage 0)",pixel,1988-2022 (35 water years),20000.0,10000,gamma(h) = 0.5 * mean (z_i - z_j)^2 over pairs in the lag bin
inland,20268810,isotropic,2125.0,93.59656655059106,215056,"veg_p05_temporal_mean residual (OLS, Stage 0)",pixel,1988-2022 (35 water years),20000.0,10000,gamma(h) = 0.5 * mean (z_i - z_j)^2 over pairs in the lag bin
inland,20268810,isotropic,2375.0,95.31118245121743,229489,"veg_p05_temporal_mean residual (OLS, Stage 0)",pixel,1988-2022 (35 water years),20000.0,10000,gamma(h) = 0.5 * mean (z_i - z_j)^2 over pairs in the lag bin
inland,20268810,isotropic,2625.0,97.53087307728582,246380,"veg_p05_temporal_mean residual (OLS, Stage 0)",pixel,1988-2022 (35 water years),20000.0,10000,gamma(h) = 0.5 * mean (z_i - z_j)^2 over pairs in the lag bin
inland,20268810,isotropic,2875.0,99.80550081991154,257372,"veg_p05_temporal_mean residual (OLS, Stage 0)",pixel,1988-2022 (35 water years),20000.0,10000,gamma(h) = 0.5 * mean (z_i - z_j)^2 over pairs in the lag bin
inland,20268810,isotropic,3125.0,100.91156111404824,270151,"veg_p05_temporal_mean residual (OLS, Stage 0)",pixel,1988-2022 (35 water years),20000.0,10000,gamma(h) = 0.5 * mean (z_i - z_j)^2 over pairs in the lag bin
inland,20268810,isotropic,3375.0,101.72233229492201,281463,"veg_p05_temporal_mean residual (OLS, Stage 0)",pixel,1988-2022 (35 water years),20000.0,10000,gamma(h) = 0.5 * mean (z_i - z_j)^2 over pairs in the lag bin
inland,20268810,isotropic,3625.0,102.37347025331371,293152,"veg_p05_temporal_mean residual (OLS, Stage 0)",pixel,1988-2022 (35 water years),20000.0,10000,gamma(h) = 0.5 * mean (z_i - z_j)^2 over pairs in the lag bin
inland,20268810,isotropic,3875.0,101.51811239090564,306707,"veg_p05_temporal_mean residual (OLS, Stage 0)",pixel,1988-2022 (35 water years),20000.0,10000,gamma(h) = 0.5 * mean (z_i - z_j)^2 over pairs in the lag bin
inland,20268810,isotropic,4125.0,101.40623311484337,317925,"veg_p05_temporal_mean residual (OLS, Stage 0)",pixel,1988-2022 (35 water years),20000.0,10000,gamma(h) = 0.5 * mean (z_i - z_j)^2 over pairs in the lag bin
inland,20268810,isotropic,4375.0,101.76431462602707,327735,"veg_p05_temporal_mean residual (OLS, Stage 0)",pixel,1988-2022 (35 water years),20000.0,10000,gamma(h) = 0.5 * mean (z_i - z_j)^2 over pairs in the lag bin
inland,20268810,isotropic,4625.0,101.45112331037951,341721,"veg_p05_temporal_mean residual (OLS, Stage 0)",pixel,1988-2022 (35 water years),20000.0,10000,gamma(h) = 0.5 * mean (z_i - z_j)^2 over pairs in the lag bin
inland,20268810,isotropic,4875.0,100.11186362872154,352306,"veg_p05_temporal_mean residual (OLS, Stage 0)",pixel,1988-2022 (35 water years),20000.0,10000,gamma(h) = 0.5 * mean (z_i - z_j)^2 over pairs in the lag bin
inland,20268810,isotropic,5125.0,100.54159318421794,366575,"veg_p05_temporal_mean residual (OLS, Stage 0)",pixel,1988-2022 (35 water years),20000.0,10000,gamma(h) = 0.5 * mean (z_i - z_j)^2 over pairs in the lag bin
inland,20268810,isotropic,5375.0,100.0482526386486,378062,"veg_p05_temporal_mean residual (OLS, Stage 0)",pixel,1988-2022 (35 water years),20000.0,10000,gamma(h) = 0.5 * mean (z_i - z_j)^2 over pairs in the lag bin
inland,20268810,isotropic,5625.0,99.69245963571564,390123,"veg_p05_temporal_mean residual (OLS, Stage 0)",pixel,1988-2022 (35 water years),20000.0,10000,gamma(h) = 0.5 * mean (z_i - z_j)^2 over pairs in the lag bin
inland,20268810,isotropic,5875.0,99.74928410893764,400937,"veg_p05_temporal_mean residual (OLS, Stage 0)",pixel,1988-2022 (35 water years),20000.0,10000,gamma(h) = 0.5 * mean (z_i - z_j)^2 over pairs in the lag bin
inland,20268810,isotropic,6125.0,99.65835246471403,411747,"veg_p05_temporal_mean residual (OLS, Stage 0)",pixel,1988-2022 (35 water years),20000.0,10000,gamma(h) = 0.5 * mean (z_i - z_j)^2 over pairs in the lag bin
inland,20268810,isotropic,6375.0,99.34931876572726,420401,"veg_p05_temporal_mean residual (OLS, Stage 0)",pixel,1988-2022 (35 water years),20000.0,10000,gamma(h) = 0.5 * mean (z_i - z_j)^2 over pairs in the lag bin
inland,20268810,isotropic,6625.0,100.20349106893961,427179,"veg_p05_temporal_mean residual (OLS, Stage 0)",pixel,1988-2022 (35 water years),20000.0,10000,gamma(h) = 0.5 * mean (z_i - z_j)^2 over pairs in the lag bin
inland,20268810,isotropic,6875.0,100.70288186060876,434175,"veg_p05_temporal_mean residual (OLS, Stage 0)",pixel,1988-2022 (35 water years),20000.0,10000,gamma(h) = 0.5 * mean (z_i - z_j)^2 over pairs in the lag bin
inland,20268810,isotropic,7125.0,100.27732772657673,441209,"veg_p05_temporal_mean residual (OLS, Stage 0)",pixel,1988-2022 (35 water years),20000.0,10000,gamma(h) = 0.5 * mean (z_i - z_j)^2 over pairs in the lag bin
inland,20268810,isotropic,7375.0,100.7841799267348,444298,"veg_p05_temporal_mean residual (OLS, Stage 0)",pixel,1988-2022 (35 water years),20000.0,10000,gamma(h) = 0.5 * mean (z_i - z_j)^2 over pairs in the lag bin
inland,20268810,isotropic,7625.0,100.67090706359127,450510,"veg_p05_temporal_mean residual (OLS, Stage 0)",pixel,1988-2022 (35 water years),20000.0,10000,gamma(h) = 0.5 * mean (z_i - z_j)^2 over pairs in the lag bin
inland,20268810,isotropic,7875.0,102.16153337146284,452948,"veg_p05_temporal_mean residual (OLS, Stage 0)",pixel,1988-2022 (35 water years),20000.0,10000,gamma(h) = 0.5 * mean (z_i - z_j)^2 over pairs in the lag bin
inland,20268810,isotropic,8125.0,102.59810614887175,453790,"veg_p05_temporal_mean residual (OLS, Stage 0)",pixel,1988-2022 (35 water years),20000.0,10000,gamma(h) = 0.5 * mean (z_i - z_j)^2 over pairs in the lag bin
inland,20268810,isotropic,8375.0,103.26814033308739,455130,"veg_p05_temporal_mean residual (OLS, Stage 0)",pixel,1988-2022 (35 water years),20000.0,10000,gamma(h) = 0.5 * mean (z_i - z_j)^2 over pairs in the lag bin
inland,20268810,isotropic,8625.0,104.37824750115954,454796,"veg_p05_temporal_mean residual (OLS, Stage 0)",pixel,1988-2022 (35 water years),20000.0,10000,gamma(h) = 0.5 * mean (z_i - z_j)^2 over pairs in the lag bin
inland,20268810,isotropic,8875.0,104.99275999952339,451608,"veg_p05_temporal_mean residual (OLS, Stage 0)",pixel,1988-2022 (35 water years),20000.0,10000,gamma(h) = 0.5 * mean (z_i - z_j)^2 over pairs in the lag bin
inland,20268810,isotropic,9125.0,105.07995096025769,452316,"veg_p05_temporal_mean residual (OLS, Stage 0)",pixel,1988-2022 (35 water years),20000.0,10000,gamma(h) = 0.5 * mean (z_i - z_j)^2 over pairs in the lag bin
inland,20268810,isotropic,9375.0,105.27777636874806,452323,"veg_p05_temporal_mean residual (OLS, Stage 0)",pixel,1988-2022 (35 water years),20000.0,10000,gamma(h) = 0.5 * mean (z_i - z_j)^2 over pairs in the lag bin
inland,20268810,isotropic,9625.0,105.11731167524876,452343,"veg_p05_temporal_mean residual (OLS, Stage 0)",pixel,1988-2022 (35 water years),20000.0,10000,gamma(h) = 0.5 * mean (z_i - z_j)^2 over pairs in the lag bin
inland,20268810,isotropic,9875.0,104.6921119965985,455165,"veg_p05_temporal_mean residual (OLS, Stage 0)",pixel,1988-2022 (35 water years),20000.0,10000,gamma(h) = 0.5 * mean (z_i - z_j)^2 over pairs in the lag bin
inland,20268810,isotropic,10125.0,104.85106609576165,453748,"veg_p05_temporal_mean residual (OLS, Stage 0)",pixel,1988-2022 (35 water years),20000.0,10000,gamma(h) = 0.5 * mean (z_i - z_j)^2 over pairs in the lag bin
inland,20268810,isotropic,10375.0,104.54119375692527,453459,"veg_p05_temporal_mean residual (OLS, Stage 0)",pixel,1988-2022 (35 water years),20000.0,10000,gamma(h) = 0.5 * mean (z_i - z_j)^2 over pairs in the lag bin
inland,20268810,isotropic,10625.0,104.42485895162491,455051,"veg_p05_temporal_mean residual (OLS, Stage 0)",pixel,1988-2022 (35 water years),20000.0,10000,gamma(h) = 0.5 * mean (z_i - z_j)^2 over pairs in the lag bin
inland,20268810,isotropic,10875.0,103.73792888345369,455680,"veg_p05_temporal_mean residual (OLS, Stage 0)",pixel,1988-2022 (35 water years),20000.0,10000,gamma(h) = 0.5 * mean (z_i - z_j)^2 over pairs in the lag bin
inland,20268810,isotropic,11125.0,102.51534591481264,458601,"veg_p05_temporal_mean residual (OLS, Stage 0)",pixel,1988-2022 (35 water years),20000.0,10000,gamma(h) = 0.5 * mean (z_i - z_j)^2 over pairs in the lag bin
inland,20268810,isotropic,11375.0,102.23265030650003,456862,"veg_p05_temporal_mean residual (OLS, Stage 0)",pixel,1988-2022 (35 water years),20000.0,10000,gamma(h) = 0.5 * mean (z_i - z_j)^2 over pairs in the lag bin
inland,20268810,isotropic,11625.0,102.18942328391947,456853,"veg_p05_temporal_mean residual (OLS, Stage 0)",pixel,1988-2022 (35 water years),20000.0,10000,gamma(h) = 0.5 * mean (z_i - z_j)^2 over pairs in the lag bin
inland,20268810,isotropic,11875.0,102.50104964057469,456042,"veg_p05_temporal_mean residual (OLS, Stage 0)",pixel,1988-2022 (35 water years),20000.0,10000,gamma(h) = 0.5 * mean (z_i - z_j)^2 over pairs in the lag bin
inland,20268810,isotropic,12125.0,102.67705312074442,454865,"veg_p05_temporal_mean residual (OLS, Stage 0)",pixel,1988-2022 (35 water years),20000.0,10000,gamma(h) = 0.5 * mean (z_i - z_j)^2 over pairs in the lag bin
inland,20268810,isotropic,12375.0,102.51447288600363,454585,"veg_p05_temporal_mean residual (OLS, Stage 0)",pixel,1988-2022 (35 water years),20000.0,10000,gamma(h) = 0.5 * mean (z_i - z_j)^2 over pairs in the lag bin
inland,20268810,isotropic,12625.0,103.05177999376578,455177,"veg_p05_temporal_mean residual (OLS, Stage 0)",pixel,1988-2022 (35 water years),20000.0,10000,gamma(h) = 0.5 * mean (z_i - z_j)^2 over pairs in the lag bin
inland,20268810,isotropic,12875.0,104.51389011152474,453203,"veg_p05_temporal_mean residual (OLS, Stage 0)",pixel,1988-2022 (35 water years),20000.0,10000,gamma(h) = 0.5 * mean (z_i - z_j)^2 over pairs in the lag bin
inland,20268810,isotropic,13125.0,105.02051298250265,448388,"veg_p05_temporal_mean residual (OLS, Stage 0)",pixel,1988-2022 (35 water years),20000.0,10000,gamma(h) = 0.5 * mean (z_i - z_j)^2 over pairs in the lag bin
inland,20268810,isotropic,13375.0,105.15119142201273,446196,"veg_p05_temporal_mean residual (OLS, Stage 0)",pixel,1988-2022 (35 water years),20000.0,10000,gamma(h) = 0.5 * mean (z_i - z_j)^2 over pairs in the lag bin
inland,20268810,isotropic,13625.0,105.1459915483697,443345,"veg_p05_temporal_mean residual (OLS, Stage 0)",pixel,1988-2022 (35 water years),20000.0,10000,gamma(h) = 0.5 * mean (z_i - z_j)^2 over pairs in the lag bin
inland,20268810,isotropic,13875.0,105.36440493315362,438524,"veg_p05_temporal_mean residual (OLS, Stage 0)",pixel,1988-2022 (35 water years),20000.0,10000,gamma(h) = 0.5 * mean (z_i - z_j)^2 over pairs in the lag bin
inland,20268810,isotropic,14125.0,106.57121644734279,437320,"veg_p05_temporal_mean residual (OLS, Stage 0)",pixel,1988-2022 (35 water years),20000.0,10000,gamma(h) = 0.5 * mean (z_i - z_j)^2 over pairs in the lag bin
inland,20268810,isotropic,14375.0,107.1225235778027,435926,"veg_p05_temporal_mean residual (OLS, Stage 0)",pixel,1988-2022 (35 water years),20000.0,10000,gamma(h) = 0.5 * mean (z_i - z_j)^2 over pairs in the lag bin
inland,20268810,isotropic,14625.0,107.30263527977381,430251,"veg_p05_temporal_mean residual (OLS, Stage 0)",pixel,1988-2022 (35 water years),20000.0,10000,gamma(h) = 0.5 * mean (z_i - z_j)^2 over pairs in the lag bin
inland,20268810,isotropic,14875.0,108.06371164618236,428752,"veg_p05_temporal_mean residual (OLS, Stage 0)",pixel,1988-2022 (35 water years),20000.0,10000,gamma(h) = 0.5 * mean (z_i - z_j)^2 over pairs in the lag bin
inland,20268810,isotropic,15125.0,108.38292806033165,421983,"veg_p05_temporal_mean residual (OLS, Stage 0)",pixel,1988-2022 (35 water years),20000.0,10000,gamma(h) = 0.5 * mean (z_i - z_j)^2 over pairs in the lag bin
inland,20268810,isotropic,15375.0,109.29634344735646,416420,"veg_p05_temporal_mean residual (OLS, Stage 0)",pixel,1988-2022 (35 water years),20000.0,10000,gamma(h) = 0.5 * mean (z_i - z_j)^2 over pairs in the lag bin
inland,20268810,isotropic,15625.0,110.91695273483582,413068,"veg_p05_temporal_mean residual (OLS, Stage 0)",pixel,1988-2022 (35 water years),20000.0,10000,gamma(h) = 0.5 * mean (z_i - z_j)^2 over pairs in the lag bin
inland,20268810,isotropic,15875.0,112.4362856079284,408342,"veg_p05_temporal_mean residual (OLS, Stage 0)",pixel,1988-2022 (35 water years),20000.0,10000,gamma(h) = 0.5 * mean (z_i - z_j)^2 over pairs in the lag bin
inland,20268810,isotropic,16125.0,113.75169610678289,404118,"veg_p05_temporal_mean residual (OLS, Stage 0)",pixel,1988-2022 (35 water years),20000.0,10000,gamma(h) = 0.5 * mean (z_i - z_j)^2 over pairs in the lag bin
inland,20268810,isotropic,16375.0,115.16524408135399,399796,"veg_p05_temporal_mean residual (OLS, Stage 0)",pixel,1988-2022 (35 water years),20000.0,10000,gamma(h) = 0.5 * mean (z_i - z_j)^2 over pairs in the lag bin
inland,20268810,isotropic,16625.0,116.47087228392024,396916,"veg_p05_temporal_mean residual (OLS, Stage 0)",pixel,1988-2022 (35 water years),20000.0,10000,gamma(h) = 0.5 * mean (z_i - z_j)^2 over pairs in the lag bin
inland,20268810,isotropic,16875.0,116.66169998473747,394062,"veg_p05_temporal_mean residual (OLS, Stage 0)",pixel,1988-2022 (35 water years),20000.0,10000,gamma(h) = 0.5 * mean (z_i - z_j)^2 over pairs in the lag bin
inland,20268810,isotropic,17125.0,117.8944491909893,390249,"veg_p05_temporal_mean residual (OLS, Stage 0)",pixel,1988-2022 (35 water years),20000.0,10000,gamma(h) = 0.5 * mean (z_i - z_j)^2 over pairs in the lag bin
inland,20268810,isotropic,17375.0,118.69232578864111,387061,"veg_p05_temporal_mean residual (OLS, Stage 0)",pixel,1988-2022 (35 water years),20000.0,10000,gamma(h) = 0.5 * mean (z_i - z_j)^2 over pairs in the lag bin
inland,20268810,isotropic,17625.0,118.85145993590599,385366,"veg_p05_temporal_mean residual (OLS, Stage 0)",pixel,1988-2022 (35 water years),20000.0,10000,gamma(h) = 0.5 * mean (z_i - z_j)^2 over pairs in the lag bin
inland,20268810,isotropic,17875.0,117.87487633957439,385393,"veg_p05_temporal_mean residual (OLS, Stage 0)",pixel,1988-2022 (35 water years),20000.0,10000,gamma(h) = 0.5 * mean (z_i - z_j)^2 over pairs in the lag bin
inland,20268810,isotropic,18125.0,117.85683276194975,384243,"veg_p05_temporal_mean residual (OLS, Stage 0)",pixel,1988-2022 (35 water years),20000.0,10000,gamma(h) = 0.5 * mean (z_i - z_j)^2 over pairs in the lag bin
inland,20268810,isotropic,18375.0,117.30341103091587,382826,"veg_p05_temporal_mean residual (OLS, Stage 0)",pixel,1988-2022 (35 water years),20000.0,10000,gamma(h) = 0.5 * mean (z_i - z_j)^2 over pairs in the lag bin
inland,20268810,isotropic,18625.0,117.00972893668279,381799,"veg_p05_temporal_mean residual (OLS, Stage 0)",pixel,1988-2022 (35 water years),20000.0,10000,gamma(h) = 0.5 * mean (z_i - z_j)^2 over pairs in the lag bin
inland,20268810,isotropic,18875.0,116.15987771332952,380510,"veg_p05_temporal_mean residual (OLS, Stage 0)",pixel,1988-2022 (35 water years),20000.0,10000,gamma(h) = 0.5 * mean (z_i - z_j)^2 over pairs in the lag bin
inland,20268810,isotropic,19125.0,115.021272430446,379086,"veg_p05_temporal_mean residual (OLS, Stage 0)",pixel,1988-2022 (35 water years),20000.0,10000,gamma(h) = 0.5 * mean (z_i - z_j)^2 over pairs in the lag bin
inland,20268810,isotropic,19375.0,115.40417586599736,379133,"veg_p05_temporal_mean residual (OLS, Stage 0)",pixel,1988-2022 (35 water years),20000.0,10000,gamma(h) = 0.5 * mean (z_i - z_j)^2 over pairs in the lag bin
inland,20268810,isotropic,19625.0,116.2803422496622,376823,"veg_p05_temporal_mean residual (OLS, Stage 0)",pixel,1988-2022 (35 water years),20000.0,10000,gamma(h) = 0.5 * mean (z_i - z_j)^2 over pairs in the lag bin
inland,20268810,isotropic,19875.0,115.24751244983948,375346,"veg_p05_temporal_mean residual (OLS, Stage 0)",pixel,1988-2022 (35 water years),20000.0,10000,gamma(h) = 0.5 * mean (z_i - z_j)^2 over pairs in the lag bin
inland,20269810,isotropic,125.0,34.62931687869118,20107,"veg_p05_temporal_mean residual (OLS, Stage 0)",pixel,1988-2022 (35 water years),20000.0,10000,gamma(h) = 0.5 * mean (z_i - z_j)^2 over pairs in the lag bin
inland,20269810,isotropic,375.0,56.1345645006135,55503,"veg_p05_temporal_mean residual (OLS, Stage 0)",pixel,1988-2022 (35 water years),20000.0,10000,gamma(h) = 0.5 * mean (z_i - z_j)^2 over pairs in the lag bin
inland,20269810,isotropic,625.0,67.54685709076496,87270,"veg_p05_temporal_mean residual (OLS, Stage 0)",pixel,1988-2022 (35 water years),20000.0,10000,gamma(h) = 0.5 * mean (z_i - z_j)^2 over pairs in the lag bin
inland,20269810,isotropic,875.0,75.4966898664578,115218,"veg_p05_temporal_mean residual (OLS, Stage 0)",pixel,1988-2022 (35 water years),20000.0,10000,gamma(h) = 0.5 * mean (z_i - z_j)^2 over pairs in the lag bin
inland,20269810,isotropic,1125.0,81.73443360979728,138744,"veg_p05_temporal_mean residual (OLS, Stage 0)",pixel,1988-2022 (35 water years),20000.0,10000,gamma(h) = 0.5 * mean (z_i - z_j)^2 over pairs in the lag bin
inland,20269810,isotropic,1375.0,86.1487207655633,160786,"veg_p05_temporal_mean residual (OLS, Stage 0)",pixel,1988-2022 (35 water years),20000.0,10000,gamma(h) = 0.5 * mean (z_i - z_j)^2 over pairs in the lag bin
inland,20269810,isotropic,1625.0,89.96590037913263,181864,"veg_p05_temporal_mean residual (OLS, Stage 0)",pixel,1988-2022 (35 water years),20000.0,10000,gamma(h) = 0.5 * mean (z_i - z_j)^2 over pairs in the lag bin
inland,20269810,isotropic,1875.0,92.95859194045778,200568,"veg_p05_temporal_mean residual (OLS, Stage 0)",pixel,1988-2022 (35 water years),20000.0,10000,gamma(h) = 0.5 * mean (z_i - z_j)^2 over pairs in the lag bin
inland,20269810,isotropic,2125.0,94.70691596440074,216550,"veg_p05_temporal_mean residual (OLS, Stage 0)",pixel,1988-2022 (35 water years),20000.0,10000,gamma(h) = 0.5 * mean (z_i - z_j)^2 over pairs in the lag bin
inland,20269810,isotropic,2375.0,96.1576548795023,230257,"veg_p05_temporal_mean residual (OLS, Stage 0)",pixel,1988-2022 (35 water years),20000.0,10000,gamma(h) = 0.5 * mean (z_i - z_j)^2 over pairs in the lag bin
inland,20269810,isotropic,2625.0,97.36619605183243,245626,"veg_p05_temporal_mean residual (OLS, Stage 0)",pixel,1988-2022 (35 water years),20000.0,10000,gamma(h) = 0.5 * mean (z_i - z_j)^2 over pairs in the lag bin
inland,20269810,isotropic,2875.0,99.66037347927121,255932,"veg_p05_temporal_mean residual (OLS, Stage 0)",pixel,1988-2022 (35 water years),20000.0,10000,gamma(h) = 0.5 * mean (z_i - z_j)^2 over pairs in the lag bin
inland,20269810,isotropic,3125.0,100.52975944914031,269710,"veg_p05_temporal_mean residual (OLS, Stage 0)",pixel,1988-2022 (35 water years),20000.0,10000,gamma(h) = 0.5 * mean (z_i - z_j)^2 over pairs in the lag bin
inland,20269810,isotropic,3375.0,101.07204540723545,282226,"veg_p05_temporal_mean residual (OLS, Stage 0)",pixel,1988-2022 (35 water years),20000.0,10000,gamma(h) = 0.5 * mean (z_i - z_j)^2 over pairs in the lag bin
inland,20269810,isotropic,3625.0,101.32341067450174,293096,"veg_p05_temporal_mean residual (OLS, Stage 0)",pixel,1988-2022 (35 water years),20000.0,10000,gamma(h) = 0.5 * mean (z_i - z_j)^2 over pairs in the lag bin
inland,20269810,isotropic,3875.0,101.45642336828196,307387,"veg_p05_temporal_mean residual (OLS, Stage 0)",pixel,1988-2022 (35 water years),20000.0,10000,gamma(h) = 0.5 * mean (z_i - z_j)^2 over pairs in the lag bin
inland,20269810,isotropic,4125.0,101.85163796935277,320300,"veg_p05_temporal_mean residual (OLS, Stage 0)",pixel,1988-2022 (35 water years),20000.0,10000,gamma(h) = 0.5 * mean (z_i - z_j)^2 over pairs in the lag bin
inland,20269810,isotropic,4375.0,101.62513393720175,331398,"veg_p05_temporal_mean residual (OLS, Stage 0)",pixel,1988-2022 (35 water years),20000.0,10000,gamma(h) = 0.5 * mean (z_i - z_j)^2 over pairs in the lag bin
inland,20269810,isotropic,4625.0,101.48315453145656,346822,"veg_p05_temporal_mean residual (OLS, Stage 0)",pixel,1988-2022 (35 water years),20000.0,10000,gamma(h) = 0.5 * mean (z_i - z_j)^2 over pairs in the lag bin
inland,20269810,isotropic,4875.0,100.46419502338341,355875,"veg_p05_temporal_mean residual (OLS, Stage 0)",pixel,1988-2022 (35 water years),20000.0,10000,gamma(h) = 0.5 * mean (z_i - z_j)^2 over pairs in the lag bin
inland,20269810,isotropic,5125.0,100.01128520034787,369995,"veg_p05_temporal_mean residual (OLS, Stage 0)",pixel,1988-2022 (35 water years),20000.0,10000,gamma(h) = 0.5 * mean (z_i - z_j)^2 over pairs in the lag bin
inland,20269810,isotropic,5375.0,100.15796991136682,380543,"veg_p05_temporal_mean residual (OLS, Stage 0)",pixel,1988-2022 (35 water years),20000.0,10000,gamma(h) = 0.5 * mean (z_i - z_j)^2 over pairs in the lag bin
inland,20269810,isotropic,5625.0,99.30104609152562,391902,"veg_p05_temporal_mean residual (OLS, Stage 0)",pixel,1988-2022 (35 water years),20000.0,10000,gamma(h) = 0.5 * mean (z_i - z_j)^2 over pairs in the lag bin
inland,20269810,isotropic,5875.0,99.51941657658985,402288,"veg_p05_temporal_mean residual (OLS, Stage 0)",pixel,1988-2022 (35 water years),20000.0,10000,gamma(h) = 0.5 * mean (z_i - z_j)^2 over pairs in the lag bin
inland,20269810,isotropic,6125.0,99.83270822006729,412348,"veg_p05_temporal_mean residual (OLS, Stage 0)",pixel,1988-2022 (35 water years),20000.0,10000,gamma(h) = 0.5 * mean (z_i - z_j)^2 over pairs in the lag bin
inland,20269810,isotropic,6375.0,100.9755492137837,421887,"veg_p05_temporal_mean residual (OLS, Stage 0)",pixel,1988-2022 (35 water years),20000.0,10000,gamma(h) = 0.5 * mean (z_i - z_j)^2 over pairs in the lag bin
inland,20269810,isotropic,6625.0,100.79566267816634,428450,"veg_p05_temporal_mean residual (OLS, Stage 0)",pixel,1988-2022 (35 water years),20000.0,10000,gamma(h) = 0.5 * mean (z_i - z_j)^2 over pairs in the lag bin
inland,20269810,isotropic,6875.0,101.00400792812701,430239,"veg_p05_temporal_mean residual (OLS, Stage 0)",pixel,1988-2022 (35 water years),20000.0,10000,gamma(h) = 0.5 * mean (z_i - z_j)^2 over pairs in the lag bin
inland,20269810,isotropic,7125.0,101.47660907023777,438952,"veg_p05_temporal_mean residual (OLS, Stage 0)",pixel,1988-2022 (35 water years),20000.0,10000,gamma(h) = 0.5 * mean (z_i - z_j)^2 over pairs in the lag bin
inland,20269810,isotropic,7375.0,101.4678307103541,441554,"veg_p05_temporal_mean residual (OLS, Stage 0)",pixel,1988-2022 (35 water years),20000.0,10000,gamma(h) = 0.5 * mean (z_i - z_j)^2 over pairs in the lag bin
inland,20269810,isotropic,7625.0,101.67209752873569,444612,"veg_p05_temporal_mean residual (OLS, Stage 0)",pixel,1988-2022 (35 water years),20000.0,10000,gamma(h) = 0.5 * mean (z_i - z_j)^2 over pairs in the lag bin
inland,20269810,isotropic,7875.0,102.60191293529147,448392,"veg_p05_temporal_mean residual (OLS, Stage 0)",pixel,1988-2022 (35 water years),20000.0,10000,gamma(h) = 0.5 * mean (z_i - z_j)^2 over pairs in the lag bin
inland,20269810,isotropic,8125.0,103.3486968414571,450025,"veg_p05_temporal_mean residual (OLS, Stage 0)",pixel,1988-2022 (35 water years),20000.0,10000,gamma(h) = 0.5 * mean (z_i - z_j)^2 over pairs in the lag bin
inland,20269810,isotropic,8375.0,104.74523436652511,450870,"veg_p05_temporal_mean residual (OLS, Stage 0)",pixel,1988-2022 (35 water years),20000.0,10000,gamma(h) = 0.5 * mean (z_i - z_j)^2 over pairs in the lag bin
inland,20269810,isotropic,8625.0,105.60260794945,451866,"veg_p05_temporal_mean residual (OLS, Stage 0)",pixel,1988-2022 (35 water years),20000.0,10000,gamma(h) = 0.5 * mean (z_i - z_j)^2 over pairs in the lag bin
inland,20269810,isotropic,8875.0,105.78761795993105,449895,"veg_p05_temporal_mean residual (OLS, Stage 0)",pixel,1988-2022 (35 water years),20000.0,10000,gamma(h) = 0.5 * mean (z_i - z_j)^2 over pairs in the lag bin
inland,20269810,isotropic,9125.0,105.41974809040771,451904,"veg_p05_temporal_mean residual (OLS, Stage 0)",pixel,1988-2022 (35 water years),20000.0,10000,gamma(h) = 0.5 * mean (z_i - z_j)^2 over pairs in the lag bin
inland,20269810,isotropic,9375.0,105.84772226371136,449737,"veg_p05_temporal_mean residual (OLS, Stage 0)",pixel,1988-2022 (35 water years),20000.0,10000,gamma(h) = 0.5 * mean (z_i - z_j)^2 over pairs in the lag bin
inland,20269810,isotropic,9625.0,105.03813525701652,448423,"veg_p05_temporal_mean residual (OLS, Stage 0)",pixel,1988-2022 (35 water years),20000.0,10000,gamma(h) = 0.5 * mean (z_i - z_j)^2 over pairs in the lag bin
inland,20269810,isotropic,9875.0,105.47973058671366,448390,"veg_p05_temporal_mean residual (OLS, Stage 0)",pixel,1988-2022 (35 water years),20000.0,10000,gamma(h) = 0.5 * mean (z_i - z_j)^2 over pairs in the lag bin
inland,20269810,isotropic,10125.0,105.12395728836654,447326,"veg_p05_temporal_mean residual (OLS, Stage 0)",pixel,1988-2022 (35 water years),20000.0,10000,gamma(h) = 0.5 * mean (z_i - z_j)^2 over pairs in the lag bin
inland,20269810,isotropic,10375.0,104.21684712277391,446530,"veg_p05_temporal_mean residual (OLS, Stage 0)",pixel,1988-2022 (35 water years),20000.0,10000,gamma(h) = 0.5 * mean (z_i - z_j)^2 over pairs in the lag bin
inland,20269810,isotropic,10625.0,103.28169556068896,445420,"veg_p05_temporal_mean residual (OLS, Stage 0)",pixel,1988-2022 (35 water years),20000.0,10000,gamma(h) = 0.5 * mean (z_i - z_j)^2 over pairs in the lag bin
inland,20269810,isotropic,10875.0,102.51674736960479,447520,"veg_p05_temporal_mean residual (OLS, Stage 0)",pixel,1988-2022 (35 water years),20000.0,10000,gamma(h) = 0.5 * mean (z_i - z_j)^2 over pairs in the lag bin
inland,20269810,isotropic,11125.0,101.41920179806614,448899,"veg_p05_temporal_mean residual (OLS, Stage 0)",pixel,1988-2022 (35 water years),20000.0,10000,gamma(h) = 0.5 * mean (z_i - z_j)^2 over pairs in the lag bin
inland,20269810,isotropic,11375.0,100.5813083714125,446952,"veg_p05_temporal_mean residual (OLS, Stage 0)",pixel,1988-2022 (35 water years),20000.0,10000,gamma(h) = 0.5 * mean (z_i - z_j)^2 over pairs in the lag bin
inland,20269810,isotropic,11625.0,100.790908809579,447580,"veg_p05_temporal_mean residual (OLS, Stage 0)",pixel,1988-2022 (35 water years),20000.0,10000,gamma(h) = 0.5 * mean (z_i - z_j)^2 over pairs in the lag bin
inland,20269810,isotropic,11875.0,100.79450151828735,447852,"veg_p05_temporal_mean residual (OLS, Stage 0)",pixel,1988-2022 (35 water years),20000.0,10000,gamma(h) = 0.5 * mean (z_i - z_j)^2 over pairs in the lag bin
inland,20269810,isotropic,12125.0,100.66110494343432,447438,"veg_p05_temporal_mean residual (OLS, Stage 0)",pixel,1988-2022 (35 water years),20000.0,10000,gamma(h) = 0.5 * mean (z_i - z_j)^2 over pairs in the lag bin
inland,20269810,isotropic,12375.0,101.55677520703055,447843,"veg_p05_temporal_mean residual (OLS, Stage 0)",pixel,1988-2022 (35 water years),20000.0,10000,gamma(h) = 0.5 * mean (z_i - z_j)^2 over pairs in the lag bin
inland,20269810,isotropic,12625.0,102.49402568481067,447310,"veg_p05_temporal_mean residual (OLS, Stage 0)",pixel,1988-2022 (35 water years),20000.0,10000,gamma(h) = 0.5 * mean (z_i - z_j)^2 over pairs in the lag bin
inland,20269810,isotropic,12875.0,102.82250644141354,444162,"veg_p05_temporal_mean residual (OLS, Stage 0)",pixel,1988-2022 (35 water years),20000.0,10000,gamma(h) = 0.5 * mean (z_i - z_j)^2 over pairs in the lag bin
inland,20269810,isotropic,13125.0,103.97528109443552,439628,"veg_p05_temporal_mean residual (OLS, Stage 0)",pixel,1988-2022 (35 water years),20000.0,10000,gamma(h) = 0.5 * mean (z_i - z_j)^2 over pairs in the lag bin
inland,20269810,isotropic,13375.0,104.15635739810706,438490,"veg_p05_temporal_mean residual (OLS, Stage 0)",pixel,1988-2022 (35 water years),20000.0,10000,gamma(h) = 0.5 * mean (z_i - z_j)^2 over pairs in the lag bin
inland,20269810,isotropic,13625.0,104.99399153098089,436011,"veg_p05_temporal_mean residual (OLS, Stage 0)",pixel,1988-2022 (35 water years),20000.0,10000,gamma(h) = 0.5 * mean (z_i - z_j)^2 over pairs in the lag bin
inland,20269810,isotropic,13875.0,104.93824781235197,430597,"veg_p05_temporal_mean residual (OLS, Stage 0)",pixel,1988-2022 (35 water years),20000.0,10000,gamma(h) = 0.5 * mean (z_i - z_j)^2 over pairs in the lag bin
inland,20269810,isotropic,14125.0,105.90042275340008,429865,"veg_p05_temporal_mean residual (OLS, Stage 0)",pixel,1988-2022 (35 water years),20000.0,10000,gamma(h) = 0.5 * mean (z_i - z_j)^2 over pairs in the lag bin
inland,20269810,isotropic,14375.0,106.9356016115603,426523,"veg_p05_temporal_mean residual (OLS, Stage 0)",pixel,1988-2022 (35 water years),20000.0,10000,gamma(h) = 0.5 * mean (z_i - z_j)^2 over pairs in the lag bin
inland,20269810,isotropic,14625.0,107.66269727208272,422732,"veg_p05_temporal_mean residual (OLS, Stage 0)",pixel,1988-2022 (35 water years),20000.0,10000,gamma(h) = 0.5 * mean (z_i - z_j)^2 over pairs in the lag bin
inland,20269810,isotropic,14875.0,108.3869764700848,419681,"veg_p05_temporal_mean residual (OLS, Stage 0)",pixel,1988-2022 (35 water years),20000.0,10000,gamma(h) = 0.5 * mean (z_i - z_j)^2 over pairs in the lag bin
inland,20269810,isotropic,15125.0,109.13575348824054,414332,"veg_p05_temporal_mean residual (OLS, Stage 0)",pixel,1988-2022 (35 water years),20000.0,10000,gamma(h) = 0.5 * mean (z_i - z_j)^2 over pairs in the lag bin
inland,20269810,isotropic,15375.0,110.07271122189131,409246,"veg_p05_temporal_mean residual (OLS, Stage 0)",pixel,1988-2022 (35 water years),20000.0,10000,gamma(h) = 0.5 * mean (z_i - z_j)^2 over pairs in the lag bin
inland,20269810,isotropic,15625.0,110.87704599844041,406106,"veg_p05_temporal_mean residual (OLS, Stage 0)",pixel,1988-2022 (35 water years),20000.0,10000,gamma(h) = 0.5 * mean (z_i - z_j)^2 over pairs in the lag bin
inland,20269810,isotropic,15875.0,112.1022355631428,399576,"veg_p05_temporal_mean residual (OLS, Stage 0)",pixel,1988-2022 (35 water years),20000.0,10000,gamma(h) = 0.5 * mean (z_i - z_j)^2 over pairs in the lag bin
inland,20269810,isotropic,16125.0,112.65909654983702,398373,"veg_p05_temporal_mean residual (OLS, Stage 0)",pixel,1988-2022 (35 water years),20000.0,10000,gamma(h) = 0.5 * mean (z_i - z_j)^2 over pairs in the lag bin
inland,20269810,isotropic,16375.0,114.05729114346482,394310,"veg_p05_temporal_mean residual (OLS, Stage 0)",pixel,1988-2022 (35 water years),20000.0,10000,gamma(h) = 0.5 * mean (z_i - z_j)^2 over pairs in the lag bin
inland,20269810,isotropic,16625.0,114.50186762425858,391910,"veg_p05_temporal_mean residual (OLS, Stage 0)",pixel,1988-2022 (35 water years),20000.0,10000,gamma(h) = 0.5 * mean (z_i - z_j)^2 over pairs in the lag bin
inland,20269810,isotropic,16875.0,114.87584393994817,388613,"veg_p05_temporal_mean residual (OLS, Stage 0)",pixel,1988-2022 (35 water years),20000.0,10000,gamma(h) = 0.5 * mean (z_i - z_j)^2 over pairs in the lag bin
inland,20269810,isotropic,17125.0,115.93767279030273,386981,"veg_p05_temporal_mean residual (OLS, Stage 0)",pixel,1988-2022 (35 water years),20000.0,10000,gamma(h) = 0.5 * mean (z_i - z_j)^2 over pairs in the lag bin
inland,20269810,isotropic,17375.0,116.47979142849394,383662,"veg_p05_temporal_mean residual (OLS, Stage 0)",pixel,1988-2022 (35 water years),20000.0,10000,gamma(h) = 0.5 * mean (z_i - z_j)^2 over pairs in the lag bin
inland,20269810,isotropic,17625.0,116.40957638949828,381715,"veg_p05_temporal_mean residual (OLS, Stage 0)",pixel,1988-2022 (35 water years),20000.0,10000,gamma(h) = 0.5 * mean (z_i - z_j)^2 over pairs in the lag bin
inland,20269810,isotropic,17875.0,117.96644386245994,381901,"veg_p05_temporal_mean residual (OLS, Stage 0)",pixel,1988-2022 (35 water years),20000.0,10000,gamma(h) = 0.5 * mean (z_i - z_j)^2 over pairs in the lag bin
inland,20269810,isotropic,18125.0,117.6507658426047,382259,"veg_p05_temporal_mean residual (OLS, Stage 0)",pixel,1988-2022 (35 water years),20000.0,10000,gamma(h) = 0.5 * mean (z_i - z_j)^2 over pairs in the lag bin
inland,20269810,isotropic,18375.0,117.39422393688989,379881,"veg_p05_temporal_mean residual (OLS, Stage 0)",pixel,1988-2022 (35 water years),20000.0,10000,gamma(h) = 0.5 * mean (z_i - z_j)^2 over pairs in the lag bin
inland,20269810,isotropic,18625.0,116.4899974112745,378188,"veg_p05_temporal_mean residual (OLS, Stage 0)",pixel,1988-2022 (35 water years),20000.0,10000,gamma(h) = 0.5 * mean (z_i - z_j)^2 over pairs in the lag bin
inland,20269810,isotropic,18875.0,115.5746636322714,377361,"veg_p05_temporal_mean residual (OLS, Stage 0)",pixel,1988-2022 (35 water years),20000.0,10000,gamma(h) = 0.5 * mean (z_i - z_j)^2 over pairs in the lag bin
inland,20269810,isotropic,19125.0,114.61664835882877,375292,"veg_p05_temporal_mean residual (OLS, Stage 0)",pixel,1988-2022 (35 water years),20000.0,10000,gamma(h) = 0.5 * mean (z_i - z_j)^2 over pairs in the lag bin
inland,20269810,isotropic,19375.0,114.72763131066772,374816,"veg_p05_temporal_mean residual (OLS, Stage 0)",pixel,1988-2022 (35 water years),20000.0,10000,gamma(h) = 0.5 * mean (z_i - z_j)^2 over pairs in the lag bin
inland,20269810,isotropic,19625.0,114.19876855815697,372179,"veg_p05_temporal_mean residual (OLS, Stage 0)",pixel,1988-2022 (35 water years),20000.0,10000,gamma(h) = 0.5 * mean (z_i - z_j)^2 over pairs in the lag bin
inland,20269810,isotropic,19875.0,114.4592720984649,369500,"veg_p05_temporal_mean residual (OLS, Stage 0)",pixel,1988-2022 (35 water years),20000.0,10000,gamma(h) = 0.5 * mean (z_i - z_j)^2 over pairs in the lag bin
inland,20260810,0deg,125.0,31.069513924750602,4968,"veg_p05_temporal_mean residual (OLS, Stage 0)",pixel,1988-2022 (35 water years),20000.0,10000,gamma(h) = 0.5 * mean (z_i - z_j)^2 over pairs in the lag bin
inland,20260810,0deg,375.0,51.06136258220076,14349,"veg_p05_temporal_mean residual (OLS, Stage 0)",pixel,1988-2022 (35 water years),20000.0,10000,gamma(h) = 0.5 * mean (z_i - z_j)^2 over pairs in the lag bin
inland,20260810,0deg,625.0,59.458386439843856,22453,"veg_p05_temporal_mean residual (OLS, Stage 0)",pixel,1988-2022 (35 water years),20000.0,10000,gamma(h) = 0.5 * mean (z_i - z_j)^2 over pairs in the lag bin
inland,20260810,0deg,875.0,66.85226867789602,30552,"veg_p05_temporal_mean residual (OLS, Stage 0)",pixel,1988-2022 (35 water years),20000.0,10000,gamma(h) = 0.5 * mean (z_i - z_j)^2 over pairs in the lag bin
inland,20260810,0deg,1125.0,72.42508589329155,37028,"veg_p05_temporal_mean residual (OLS, Stage 0)",pixel,1988-2022 (35 water years),20000.0,10000,gamma(h) = 0.5 * mean (z_i - z_j)^2 over pairs in the lag bin
inland,20260810,0deg,1375.0,76.58311699582572,43195,"veg_p05_temporal_mean residual (OLS, Stage 0)",pixel,1988-2022 (35 water years),20000.0,10000,gamma(h) = 0.5 * mean (z_i - z_j)^2 over pairs in the lag bin
inland,20260810,0deg,1625.0,80.04979193085313,49806,"veg_p05_temporal_mean residual (OLS, Stage 0)",pixel,1988-2022 (35 water years),20000.0,10000,gamma(h) = 0.5 * mean (z_i - z_j)^2 over pairs in the lag bin
inland,20260810,0deg,1875.0,81.97249547288762,54936,"veg_p05_temporal_mean residual (OLS, Stage 0)",pixel,1988-2022 (35 water years),20000.0,10000,gamma(h) = 0.5 * mean (z_i - z_j)^2 over pairs in the lag bin
inland,20260810,0deg,2125.0,85.76853039967042,59892,"veg_p05_temporal_mean residual (OLS, Stage 0)",pixel,1988-2022 (35 water years),20000.0,10000,gamma(h) = 0.5 * mean (z_i - z_j)^2 over pairs in the lag bin
inland,20260810,0deg,2375.0,87.17952063162343,64713,"veg_p05_temporal_mean residual (OLS, Stage 0)",pixel,1988-2022 (35 water years),20000.0,10000,gamma(h) = 0.5 * mean (z_i - z_j)^2 over pairs in the lag bin
inland,20260810,0deg,2625.0,89.65109095608737,69222,"veg_p05_temporal_mean residual (OLS, Stage 0)",pixel,1988-2022 (35 water years),20000.0,10000,gamma(h) = 0.5 * mean (z_i - z_j)^2 over pairs in the lag bin
inland,20260810,0deg,2875.0,91.44954789397592,73594,"veg_p05_temporal_mean residual (OLS, Stage 0)",pixel,1988-2022 (35 water years),20000.0,10000,gamma(h) = 0.5 * mean (z_i - z_j)^2 over pairs in the lag bin
inland,20260810,0deg,3125.0,91.91108273743949,77977,"veg_p05_temporal_mean residual (OLS, Stage 0)",pixel,1988-2022 (35 water years),20000.0,10000,gamma(h) = 0.5 * mean (z_i - z_j)^2 over pairs in the lag bin
inland,20260810,0deg,3375.0,93.0869971747142,81760,"veg_p05_temporal_mean residual (OLS, Stage 0)",pixel,1988-2022 (35 water years),20000.0,10000,gamma(h) = 0.5 * mean (z_i - z_j)^2 over pairs in the lag bin
inland,20260810,0deg,3625.0,94.35662275262384,85657,"veg_p05_temporal_mean residual (OLS, Stage 0)",pixel,1988-2022 (35 water years),20000.0,10000,gamma(h) = 0.5 * mean (z_i - z_j)^2 over pairs in the lag bin
inland,20260810,0deg,3875.0,92.70299148113482,89138,"veg_p05_temporal_mean residual (OLS, Stage 0)",pixel,1988-2022 (35 water years),20000.0,10000,gamma(h) = 0.5 * mean (z_i - z_j)^2 over pairs in the lag bin
inland,20260810,0deg,4125.0,93.04947619926094,92035,"veg_p05_temporal_mean residual (OLS, Stage 0)",pixel,1988-2022 (35 water years),20000.0,10000,gamma(h) = 0.5 * mean (z_i - z_j)^2 over pairs in the lag bin
inland,20260810,0deg,4375.0,93.81861256060273,94040,"veg_p05_temporal_mean residual (OLS, Stage 0)",pixel,1988-2022 (35 water years),20000.0,10000,gamma(h) = 0.5 * mean (z_i - z_j)^2 over pairs in the lag bin
inland,20260810,0deg,4625.0,93.82571086814266,96919,"veg_p05_temporal_mean residual (OLS, Stage 0)",pixel,1988-2022 (35 water years),20000.0,10000,gamma(h) = 0.5 * mean (z_i - z_j)^2 over pairs in the lag bin
inland,20260810,0deg,4875.0,96.04774216746597,98390,"veg_p05_temporal_mean residual (OLS, Stage 0)",pixel,1988-2022 (35 water years),20000.0,10000,gamma(h) = 0.5 * mean (z_i - z_j)^2 over pairs in the lag bin
inland,20260810,0deg,5125.0,97.46566751555059,100891,"veg_p05_temporal_mean residual (OLS, Stage 0)",pixel,1988-2022 (35 water years),20000.0,10000,gamma(h) = 0.5 * mean (z_i - z_j)^2 over pairs in the lag bin
inland,20260810,0deg,5375.0,98.63709833367533,104650,"veg_p05_temporal_mean residual (OLS, Stage 0)",pixel,1988-2022 (35 water years),20000.0,10000,gamma(h) = 0.5 * mean (z_i - z_j)^2 over pairs in the lag bin
inland,20260810,0deg,5625.0,99.40787544557818,106355,"veg_p05_temporal_mean residual (OLS, Stage 0)",pixel,1988-2022 (35 water years),20000.0,10000,gamma(h) = 0.5 * mean (z_i - z_j)^2 over pairs in the lag bin
inland,20260810,0deg,5875.0,101.3379240659828,108077,"veg_p05_temporal_mean residual (OLS, Stage 0)",pixel,1988-2022 (35 water years),20000.0,10000,gamma(h) = 0.5 * mean (z_i - z_j)^2 over pairs in the lag bin
inland,20260810,0deg,6125.0,102.05996308977534,111717,"veg_p05_temporal_mean residual (OLS, Stage 0)",pixel,1988-2022 (35 water years),20000.0,10000,gamma(h) = 0.5 * mean (z_i - z_j)^2 over pairs in the lag bin
inland,20260810,0deg,6375.0,103.24576400187938,113983,"veg_p05_temporal_mean residual (OLS, Stage 0)",pixel,1988-2022 (35 water years),20000.0,10000,gamma(h) = 0.5 * mean (z_i - z_j)^2 over pairs in the lag bin
inland,20260810,0deg,6625.0,103.04448015007604,115535,"veg_p05_temporal_mean residual (OLS, Stage 0)",pixel,1988-2022 (35 water years),20000.0,10000,gamma(h) = 0.5 * mean (z_i - z_j)^2 over pairs in the lag bin
inland,20260810,0deg,6875.0,103.64780516200344,117678,"veg_p05_temporal_mean residual (OLS, Stage 0)",pixel,1988-2022 (35 water years),20000.0,10000,gamma(h) = 0.5 * mean (z_i - z_j)^2 over pairs in the lag bin
inland,20260810,0deg,7125.0,103.50289186349217,119839,"veg_p05_temporal_mean residual (OLS, Stage 0)",pixel,1988-2022 (35 water years),20000.0,10000,gamma(h) = 0.5 * mean (z_i - z_j)^2 over pairs in the lag bin
inland,20260810,0deg,7375.0,105.63831750774501,122017,"veg_p05_temporal_mean residual (OLS, Stage 0)",pixel,1988-2022 (35 water years),20000.0,10000,gamma(h) = 0.5 * mean (z_i - z_j)^2 over pairs in the lag bin
inland,20260810,0deg,7625.0,106.23047363660217,124277,"veg_p05_temporal_mean residual (OLS, Stage 0)",pixel,1988-2022 (35 water years),20000.0,10000,gamma(h) = 0.5 * mean (z_i - z_j)^2 over pairs in the lag bin
inland,20260810,0deg,7875.0,107.50429924441217,125433,"veg_p05_temporal_mean residual (OLS, Stage 0)",pixel,1988-2022 (35 water years),20000.0,10000,gamma(h) = 0.5 * mean (z_i - z_j)^2 over pairs in the lag bin
inland,20260810,0deg,8125.0,108.18185515717323,127391,"veg_p05_temporal_mean residual (OLS, Stage 0)",pixel,1988-2022 (35 water years),20000.0,10000,gamma(h) = 0.5 * mean (z_i - z_j)^2 over pairs in the lag bin
inland,20260810,0deg,8375.0,108.49153252842993,129179,"veg_p05_temporal_mean residual (OLS, Stage 0)",pixel,1988-2022 (35 water years),20000.0,10000,gamma(h) = 0.5 * mean (z_i - z_j)^2 over pairs in the lag bin
inland,20260810,0deg,8625.0,108.88029997146084,130308,"veg_p05_temporal_mean residual (OLS, Stage 0)",pixel,1988-2022 (35 water years),20000.0,10000,gamma(h) = 0.5 * mean (z_i - z_j)^2 over pairs in the lag bin
inland,20260810,0deg,8875.0,109.03371293978314,132838,"veg_p05_temporal_mean residual (OLS, Stage 0)",pixel,1988-2022 (35 water years),20000.0,10000,gamma(h) = 0.5 * mean (z_i - z_j)^2 over pairs in the lag bin
inland,20260810,0deg,9125.0,109.56099270021929,135146,"veg_p05_temporal_mean residual (OLS, Stage 0)",pixel,1988-2022 (35 water years),20000.0,10000,gamma(h) = 0.5 * mean (z_i - z_j)^2 over pairs in the lag bin
inland,20260810,0deg,9375.0,109.1380482168141,136795,"veg_p05_temporal_mean residual (OLS, Stage 0)",pixel,1988-2022 (35 water years),20000.0,10000,gamma(h) = 0.5 * mean (z_i - z_j)^2 over pairs in the lag bin
inland,20260810,0deg,9625.0,108.69361019291235,138315,"veg_p05_temporal_mean residual (OLS, Stage 0)",pixel,1988-2022 (35 water years),20000.0,10000,gamma(h) = 0.5 * mean (z_i - z_j)^2 over pairs in the lag bin
inland,20260810,0deg,9875.0,107.55075898769344,141494,"veg_p05_temporal_mean residual (OLS, Stage 0)",pixel,1988-2022 (35 water years),20000.0,10000,gamma(h) = 0.5 * mean (z_i - z_j)^2 over pairs in the lag bin
inland,20260810,0deg,10125.0,106.11953635387897,142100,"veg_p05_temporal_mean residual (OLS, Stage 0)",pixel,1988-2022 (35 water years),20000.0,10000,gamma(h) = 0.5 * mean (z_i - z_j)^2 over pairs in the lag bin
inland,20260810,0deg,10375.0,104.05858454533002,143519,"veg_p05_temporal_mean residual (OLS, Stage 0)",pixel,1988-2022 (35 water years),20000.0,10000,gamma(h) = 0.5 * mean (z_i - z_j)^2 over pairs in the lag bin
inland,20260810,0deg,10625.0,101.62163967695649,145680,"veg_p05_temporal_mean residual (OLS, Stage 0)",pixel,1988-2022 (35 water years),20000.0,10000,gamma(h) = 0.5 * mean (z_i - z_j)^2 over pairs in the lag bin
inland,20260810,0deg,10875.0,101.84333772438157,147648,"veg_p05_temporal_mean residual (OLS, Stage 0)",pixel,1988-2022 (35 water years),20000.0,10000,gamma(h) = 0.5 * mean (z_i - z_j)^2 over pairs in the lag bin
inland,20260810,0deg,11125.0,101.36182127355052,150217,"veg_p05_temporal_mean residual (OLS, Stage 0)",pixel,1988-2022 (35 water years),20000.0,10000,gamma(h) = 0.5 * mean (z_i - z_j)^2 over pairs in the lag bin
inland,20260810,0deg,11375.0,101.22223785637932,152391,"veg_p05_temporal_mean residual (OLS, Stage 0)",pixel,1988-2022 (35 water years),20000.0,10000,gamma(h) = 0.5 * mean (z_i - z_j)^2 over pairs in the lag bin
inland,20260810,0deg,11625.0,101.06998878778657,153796,"veg_p05_temporal_mean residual (OLS, Stage 0)",pixel,1988-2022 (35 water years),20000.0,10000,gamma(h) = 0.5 * mean (z_i - z_j)^2 over pairs in the lag bin
inland,20260810,0deg,11875.0,101.18339108275767,156162,"veg_p05_temporal_mean residual (OLS, Stage 0)",pixel,1988-2022 (35 water years),20000.0,10000,gamma(h) = 0.5 * mean (z_i - z_j)^2 over pairs in the lag bin
inland,20260810,0deg,12125.0,102.39936745134025,157896,"veg_p05_temporal_mean residual (OLS, Stage 0)",pixel,1988-2022 (35 water years),20000.0,10000,gamma(h) = 0.5 * mean (z_i - z_j)^2 over pairs in the lag bin
inland,20260810,0deg,12375.0,100.68631303898692,157862,"veg_p05_temporal_mean residual (OLS, Stage 0)",pixel,1988-2022 (35 water years),20000.0,10000,gamma(h) = 0.5 * mean (z_i - z_j)^2 over pairs in the lag bin
inland,20260810,0deg,12625.0,101.23618993961449,162018,"veg_p05_temporal_mean residual (OLS, Stage 0)",pixel,1988-2022 (35 water years),20000.0,10000,gamma(h) = 0.5 * mean (z_i - z_j)^2 over pairs in the lag bin
inland,20260810,0deg,12875.0,102.28792114079423,163332,"veg_p05_temporal_mean residual (OLS, Stage 0)",pixel,1988-2022 (35 water years),20000.0,10000,gamma(h) = 0.5 * mean (z_i - z_j)^2 over pairs in the lag bin
inland,20260810,0deg,13125.0,103.78187290630507,165089,"veg_p05_temporal_mean residual (OLS, Stage 0)",pixel,1988-2022 (35 water years),20000.0,10000,gamma(h) = 0.5 * mean (z_i - z_j)^2 over pairs in the lag bin
inland,20260810,0deg,13375.0,105.48828128657978,167896,"veg_p05_temporal_mean residual (OLS, Stage 0)",pixel,1988-2022 (35 water years),20000.0,10000,gamma(h) = 0.5 * mean (z_i - z_j)^2 over pairs in the lag bin
inland,20260810,0deg,13625.0,106.3448649887905,168941,"veg_p05_temporal_mean residual (OLS, Stage 0)",pixel,1988-2022 (35 water years),20000.0,10000,gamma(h) = 0.5 * mean (z_i - z_j)^2 over pairs in the lag bin
inland,20260810,0deg,13875.0,107.88891374367459,170556,"veg_p05_temporal_mean residual (OLS, Stage 0)",pixel,1988-2022 (35 water years),20000.0,10000,gamma(h) = 0.5 * mean (z_i - z_j)^2 over pairs in the lag bin
inland,20260810,0deg,14125.0,110.10648193809315,173102,"veg_p05_temporal_mean residual (OLS, Stage 0)",pixel,1988-2022 (35 water years),20000.0,10000,gamma(h) = 0.5 * mean (z_i - z_j)^2 over pairs in the lag bin
inland,20260810,0deg,14375.0,109.78597411746732,174984,"veg_p05_temporal_mean residual (OLS, Stage 0)",pixel,1988-2022 (35 water years),20000.0,10000,gamma(h) = 0.5 * mean (z_i - z_j)^2 over pairs in the lag bin
inland,20260810,0deg,14625.0,111.66508402903956,176269,"veg_p05_temporal_mean residual (OLS, Stage 0)",pixel,1988-2022 (35 water years),20000.0,10000,gamma(h) = 0.5 * mean (z_i - z_j)^2 over pairs in the lag bin
inland,20260810,0deg,14875.0,113.17481916490296,177513,"veg_p05_temporal_mean residual (OLS, Stage 0)",pixel,1988-2022 (35 water years),20000.0,10000,gamma(h) = 0.5 * mean (z_i - z_j)^2 over pairs in the lag bin
inland,20260810,0deg,15125.0,114.2562868708658,178021,"veg_p05_temporal_mean residual (OLS, Stage 0)",pixel,1988-2022 (35 water years),20000.0,10000,gamma(h) = 0.5 * mean (z_i - z_j)^2 over pairs in the lag bin
inland,20260810,0deg,15375.0,115.26420288702991,178957,"veg_p05_temporal_mean residual (OLS, Stage 0)",pixel,1988-2022 (35 water years),20000.0,10000,gamma(h) = 0.5 * mean (z_i - z_j)^2 over pairs in the lag bin
inland,20260810,0deg,15625.0,115.61520011116592,180048,"veg_p05_temporal_mean residual (OLS, Stage 0)",pixel,1988-2022 (35 water years),20000.0,10000,gamma(h) = 0.5 * mean (z_i - z_j)^2 over pairs in the lag bin
inland,20260810,0deg,15875.0,114.61299072940767,181611,"veg_p05_temporal_mean residual (OLS, Stage 0)",pixel,1988-2022 (35 water years),20000.0,10000,gamma(h) = 0.5 * mean (z_i - z_j)^2 over pairs in the lag bin
inland,20260810,0deg,16125.0,115.60671521902182,182692,"veg_p05_temporal_mean residual (OLS, Stage 0)",pixel,1988-2022 (35 water years),20000.0,10000,gamma(h) = 0.5 * mean (z_i - z_j)^2 over pairs in the lag bin
inland,20260810,0deg,16375.0,115.27243706364266,184242,"veg_p05_temporal_mean residual (OLS, Stage 0)",pixel,1988-2022 (35 water years),20000.0,10000,gamma(h) = 0.5 * mean (z_i - z_j)^2 over pairs in the lag bin
inland,20260810,0deg,16625.0,115.52693772645479,185307,"veg_p05_temporal_mean residual (OLS, Stage 0)",pixel,1988-2022 (35 water years),20000.0,10000,gamma(h) = 0.5 * mean (z_i - z_j)^2 over pairs in the lag bin
inland,20260810,0deg,16875.0,114.3586216423709,185979,"veg_p05_temporal_mean residual (OLS, Stage 0)",pixel,1988-2022 (35 water years),20000.0,10000,gamma(h) = 0.5 * mean (z_i - z_j)^2 over pairs in the lag bin
inland,20260810,0deg,17125.0,115.47661911573329,188265,"veg_p05_temporal_mean residual (OLS, Stage 0)",pixel,1988-2022 (35 water years),20000.0,10000,gamma(h) = 0.5 * mean (z_i - z_j)^2 over pairs in the lag bin
inland,20260810,0deg,17375.0,114.59717815238838,188552,"veg_p05_temporal_mean residual (OLS, Stage 0)",pixel,1988-2022 (35 water years),20000.0,10000,gamma(h) = 0.5 * mean (z_i - z_j)^2 over pairs in the lag bin
inland,20260810,0deg,17625.0,115.35232332963085,189551,"veg_p05_temporal_mean residual (OLS, Stage 0)",pixel,1988-2022 (35 water years),20000.0,10000,gamma(h) = 0.5 * mean (z_i - z_j)^2 over pairs in the lag bin
inland,20260810,0deg,17875.0,115.17745488279583,191936,"veg_p05_temporal_mean residual (OLS, Stage 0)",pixel,1988-2022 (35 water years),20000.0,10000,gamma(h) = 0.5 * mean (z_i - z_j)^2 over pairs in the lag bin
inland,20260810,0deg,18125.0,115.4012812227449,193186,"veg_p05_temporal_mean residual (OLS, Stage 0)",pixel,1988-2022 (35 water years),20000.0,10000,gamma(h) = 0.5 * mean (z_i - z_j)^2 over pairs in the lag bin
inland,20260810,0deg,18375.0,115.42350951932924,193922,"veg_p05_temporal_mean residual (OLS, Stage 0)",pixel,1988-2022 (35 water years),20000.0,10000,gamma(h) = 0.5 * mean (z_i - z_j)^2 over pairs in the lag bin
inland,20260810,0deg,18625.0,115.94149611231204,195260,"veg_p05_temporal_mean residual (OLS, Stage 0)",pixel,1988-2022 (35 water years),20000.0,10000,gamma(h) = 0.5 * mean (z_i - z_j)^2 over pairs in the lag bin
inland,20260810,0deg,18875.0,116.16568667565647,197438,"veg_p05_temporal_mean residual (OLS, Stage 0)",pixel,1988-2022 (35 water years),20000.0,10000,gamma(h) = 0.5 * mean (z_i - z_j)^2 over pairs in the lag bin
inland,20260810,0deg,19125.0,115.73284097478104,196948,"veg_p05_temporal_mean residual (OLS, Stage 0)",pixel,1988-2022 (35 water years),20000.0,10000,gamma(h) = 0.5 * mean (z_i - z_j)^2 over pairs in the lag bin
inland,20260810,0deg,19375.0,116.11975676154346,198002,"veg_p05_temporal_mean residual (OLS, Stage 0)",pixel,1988-2022 (35 water years),20000.0,10000,gamma(h) = 0.5 * mean (z_i - z_j)^2 over pairs in the lag bin
inland,20260810,0deg,19625.0,114.9389807869693,198883,"veg_p05_temporal_mean residual (OLS, Stage 0)",pixel,1988-2022 (35 water years),20000.0,10000,gamma(h) = 0.5 * mean (z_i - z_j)^2 over pairs in the lag bin
inland,20260810,0deg,19875.0,113.25475297611999,198361,"veg_p05_temporal_mean residual (OLS, Stage 0)",pixel,1988-2022 (35 water years),20000.0,10000,gamma(h) = 0.5 * mean (z_i - z_j)^2 over pairs in the lag bin
inland,20260810,45deg,125.0,34.638776971260896,5281,"veg_p05_temporal_mean residual (OLS, Stage 0)",pixel,1988-2022 (35 water years),20000.0,10000,gamma(h) = 0.5 * mean (z_i - z_j)^2 over pairs in the lag bin
inland,20260810,45deg,375.0,53.88008447140285,14025,"veg_p05_temporal_mean residual (OLS, Stage 0)",pixel,1988-2022 (35 water years),20000.0,10000,gamma(h) = 0.5 * mean (z_i - z_j)^2 over pairs in the lag bin
inland,20260810,45deg,625.0,64.08295828756131,22134,"veg_p05_temporal_mean residual (OLS, Stage 0)",pixel,1988-2022 (35 water years),20000.0,10000,gamma(h) = 0.5 * mean (z_i - z_j)^2 over pairs in the lag bin
inland,20260810,45deg,875.0,71.70322917114295,28238,"veg_p05_temporal_mean residual (OLS, Stage 0)",pixel,1988-2022 (35 water years),20000.0,10000,gamma(h) = 0.5 * mean (z_i - z_j)^2 over pairs in the lag bin
inland,20260810,45deg,1125.0,78.43511368183806,34107,"veg_p05_temporal_mean residual (OLS, Stage 0)",pixel,1988-2022 (35 water years),20000.0,10000,gamma(h) = 0.5 * mean (z_i - z_j)^2 over pairs in the lag bin
inland,20260810,45deg,1375.0,83.07640181484497,40583,"veg_p05_temporal_mean residual (OLS, Stage 0)",pixel,1988-2022 (35 water years),20000.0,10000,gamma(h) = 0.5 * mean (z_i - z_j)^2 over pairs in the lag bin
inland,20260810,45deg,1625.0,88.13654727912873,44583,"veg_p05_temporal_mean residual (OLS, Stage 0)",pixel,1988-2022 (35 water years),20000.0,10000,gamma(h) = 0.5 * mean (z_i - z_j)^2 over pairs in the lag bin
inland,20260810,45deg,1875.0,91.79945204208087,50278,"veg_p05_temporal_mean residual (OLS, Stage 0)",pixel,1988-2022 (35 water years),20000.0,10000,gamma(h) = 0.5 * mean (z_i - z_j)^2 over pairs in the lag bin
inland,20260810,45deg,2125.0,92.04607100353394,54113,"veg_p05_temporal_mean residual (OLS, Stage 0)",pixel,1988-2022 (35 water years),20000.0,10000,gamma(h) = 0.5 * mean (z_i - z_j)^2 over pairs in the lag bin
inland,20260810,45deg,2375.0,94.7979090777546,57166,"veg_p05_temporal_mean residual (OLS, Stage 0)",pixel,1988-2022 (35 water years),20000.0,10000,gamma(h) = 0.5 * mean (z_i - z_j)^2 over pairs in the lag bin
inland,20260810,45deg,2625.0,97.39807886270866,62181,"veg_p05_temporal_mean residual (OLS, Stage 0)",pixel,1988-2022 (35 water years),20000.0,10000,gamma(h) = 0.5 * mean (z_i - z_j)^2 over pairs in the lag bin
inland,20260810,45deg,2875.0,98.70900637568036,65409,"veg_p05_temporal_mean residual (OLS, Stage 0)",pixel,1988-2022 (35 water years),20000.0,10000,gamma(h) = 0.5 * mean (z_i - z_j)^2 over pairs in the lag bin
inland,20260810,45deg,3125.0,101.55128236576985,68759,"veg_p05_temporal_mean residual (OLS, Stage 0)",pixel,1988-2022 (35 water years),20000.0,10000,gamma(h) = 0.5 * mean (z_i - z_j)^2 over pairs in the lag bin
inland,20260810,45deg,3375.0,100.80227837631807,72252,"veg_p05_temporal_mean residual (OLS, Stage 0)",pixel,1988-2022 (35 water years),20000.0,10000,gamma(h) = 0.5 * mean (z_i - z_j)^2 over pairs in the lag bin
inland,20260810,45deg,3625.0,102.93663865974668,75643,"veg_p05_temporal_mean residual (OLS, Stage 0)",pixel,1988-2022 (35 water years),20000.0,10000,gamma(h) = 0.5 * mean (z_i - z_j)^2 over pairs in the lag bin
inland,20260810,45deg,3875.0,105.12307329814946,79943,"veg_p05_temporal_mean residual (OLS, Stage 0)",pixel,1988-2022 (35 water years),20000.0,10000,gamma(h) = 0.5 * mean (z_i - z_j)^2 over pairs in the lag bin
inland,20260810,45deg,4125.0,104.88298082853481,83578,"veg_p05_temporal_mean residual (OLS, Stage 0)",pixel,1988-2022 (35 water years),20000.0,10000,gamma(h) = 0.5 * mean (z_i - z_j)^2 over pairs in the lag bin
inland,20260810,45deg,4375.0,105.76062739502596,86001,"veg_p05_temporal_mean residual (OLS, Stage 0)",pixel,1988-2022 (35 water years),20000.0,10000,gamma(h) = 0.5 * mean (z_i - z_j)^2 over pairs in the lag bin
inland,20260810,45deg,4625.0,106.26701280151818,89742,"veg_p05_temporal_mean residual (OLS, Stage 0)",pixel,1988-2022 (35 water years),20000.0,10000,gamma(h) = 0.5 * mean (z_i - z_j)^2 over pairs in the lag bin
inland,20260810,45deg,4875.0,107.3687732607945,92684,"veg_p05_temporal_mean residual (OLS, Stage 0)",pixel,1988-2022 (35 water years),20000.0,10000,gamma(h) = 0.5 * mean (z_i - z_j)^2 over pairs in the lag bin
inland,20260810,45deg,5125.0,108.61158217674773,96778,"veg_p05_temporal_mean residual (OLS, Stage 0)",pixel,1988-2022 (35 water years),20000.0,10000,gamma(h) = 0.5 * mean (z_i - z_j)^2 over pairs in the lag bin
inland,20260810,45deg,5375.0,111.66419674950282,98740,"veg_p05_temporal_mean residual (OLS, Stage 0)",pixel,1988-2022 (35 water years),20000.0,10000,gamma(h) = 0.5 * mean (z_i - z_j)^2 over pairs in the lag bin
inland,20260810,45deg,5625.0,111.0306852500261,102091,"veg_p05_temporal_mean residual (OLS, Stage 0)",pixel,1988-2022 (35 water years),20000.0,10000,gamma(h) = 0.5 * mean (z_i - z_j)^2 over pairs in the lag bin
inland,20260810,45deg,5875.0,110.9942625629628,106399,"veg_p05_temporal_mean residual (OLS, Stage 0)",pixel,1988-2022 (35 water years),20000.0,10000,gamma(h) = 0.5 * mean (z_i - z_j)^2 over pairs in the lag bin
inland,20260810,45deg,6125.0,110.84236085471119,109209,"veg_p05_temporal_mean residual (OLS, Stage 0)",pixel,1988-2022 (35 water years),20000.0,10000,gamma(h) = 0.5 * mean (z_i - z_j)^2 over pairs in the lag bin
inland,20260810,45deg,6375.0,111.26327787190876,113226,"veg_p05_temporal_mean residual (OLS, Stage 0)",pixel,1988-2022 (35 water years),20000.0,10000,gamma(h) = 0.5 * mean (z_i - z_j)^2 over pairs in the lag bin
inland,20260810,45deg,6625.0,109.83165626664439,115827,"veg_p05_temporal_mean residual (OLS, Stage 0)",pixel,1988-2022 (35 water years),20000.0,10000,gamma(h) = 0.5 * mean (z_i - z_j)^2 over pairs in the lag bin
inland,20260810,45deg,6875.0,110.39188691405212,117412,"veg_p05_temporal_mean residual (OLS, Stage 0)",pixel,1988-2022 (35 water years),20000.0,10000,gamma(h) = 0.5 * mean (z_i - z_j)^2 over pairs in the lag bin
inland,20260810,45deg,7125.0,108.27488739163933,119379,"veg_p05_temporal_mean residual (OLS, Stage 0)",pixel,1988-2022 (35 water years),20000.0,10000,gamma(h) = 0.5 * mean (z_i - z_j)^2 over pairs in the lag bin
inland,20260810,45deg,7375.0,108.28772999028915,121114,"veg_p05_temporal_mean residual (OLS, Stage 0)",pixel,1988-2022 (35 water years),20000.0,10000,gamma(h) = 0.5 * mean (z_i - z_j)^2 over pairs in the lag bin
inland,20260810,45deg,7625.0,106.6803660026463,122588,"veg_p05_temporal_mean residual (OLS, Stage 0)",pixel,1988-2022 (35 water years),20000.0,10000,gamma(h) = 0.5 * mean (z_i - z_j)^2 over pairs in the lag bin
inland,20260810,45deg,7875.0,108.44415276739653,125328,"veg_p05_temporal_mean residual (OLS, Stage 0)",pixel,1988-2022 (35 water years),20000.0,10000,gamma(h) = 0.5 * mean (z_i - z_j)^2 over pairs in the lag bin
inland,20260810,45deg,8125.0,109.16076801146545,125097,"veg_p05_temporal_mean residual (OLS, Stage 0)",pixel,1988-2022 (35 water years),20000.0,10000,gamma(h) = 0.5 * mean (z_i - z_j)^2 over pairs in the lag bin
inland,20260810,45deg,8375.0,110.10919490573541,125511,"veg_p05_temporal_mean residual (OLS, Stage 0)",pixel,1988-2022 (35 water years),20000.0,10000,gamma(h) = 0.5 * mean (z_i - z_j)^2 over pairs in the lag bin
inland,20260810,45deg,8625.0,111.31234041451296,125490,"veg_p05_temporal_mean residual (OLS, Stage 0)",pixel,1988-2022 (35 water years),20000.0,10000,gamma(h) = 0.5 * mean (z_i - z_j)^2 over pairs in the lag bin
inland,20260810,45deg,8875.0,110.85311495746699,123079,"veg_p05_temporal_mean residual (OLS, Stage 0)",pixel,1988-2022 (35 water years),20000.0,10000,gamma(h) = 0.5 * mean (z_i - z_j)^2 over pairs in the lag bin
inland,20260810,45deg,9125.0,111.46717203510012,123680,"veg_p05_temporal_mean residual (OLS, Stage 0)",pixel,1988-2022 (35 water years),20000.0,10000,gamma(h) = 0.5 * mean (z_i - z_j)^2 over pairs in the lag bin
inland,20260810,45deg,9375.0,111.91918728814251,121269,"veg_p05_temporal_mean residual (OLS, Stage 0)",pixel,1988-2022 (35 water years),20000.0,10000,gamma(h) = 0.5 * mean (z_i - z_j)^2 over pairs in the lag bin
inland,20260810,45deg,9625.0,112.07012508504499,120732,"veg_p05_temporal_mean residual (OLS, Stage 0)",pixel,1988-2022 (35 water years),20000.0,10000,gamma(h) = 0.5 * mean (z_i - z_j)^2 over pairs in the lag bin
inland,20260810,45deg,9875.0,111.87346655355185,120974,"veg_p05_temporal_mean residual (OLS, Stage 0)",pixel,1988-2022 (35 water years),20000.0,10000,gamma(h) = 0.5 * mean (z_i - z_j)^2 over pairs in the lag bin
inland,20260810,45deg,10125.0,112.9284653368847,119213,"veg_p05_temporal_mean residual (OLS, Stage 0)",pixel,1988-2022 (35 water years),20000.0,10000,gamma(h) = 0.5 * mean (z_i - z_j)^2 over pairs in the lag bin
inland,20260810,45deg,10375.0,112.28815609618475,118718,"veg_p05_temporal_mean residual (OLS, Stage 0)",pixel,1988-2022 (35 water years),20000.0,10000,gamma(h) = 0.5 * mean (z_i - z_j)^2 over pairs in the lag bin
inland,20260810,45deg,10625.0,111.18325893624657,116553,"veg_p05_temporal_mean residual (OLS, Stage 0)",pixel,1988-2022 (35 water years),20000.0,10000,gamma(h) = 0.5 * mean (z_i - z_j)^2 over pairs in the lag bin
inland,20260810,45deg,10875.0,111.57127976541852,115754,"veg_p05_temporal_mean residual (OLS, Stage 0)",pixel,1988-2022 (35 water years),20000.0,10000,gamma(h) = 0.5 * mean (z_i - z_j)^2 over pairs in the lag bin
inland,20260810,45deg,11125.0,111.16799335873469,115208,"veg_p05_temporal_mean residual (OLS, Stage 0)",pixel,1988-2022 (35 water years),20000.0,10000,gamma(h) = 0.5 * mean (z_i - z_j)^2 over pairs in the lag bin
inland,20260810,45deg,11375.0,110.53193527337181,113171,"veg_p05_temporal_mean residual (OLS, Stage 0)",pixel,1988-2022 (35 water years),20000.0,10000,gamma(h) = 0.5 * mean (z_i - z_j)^2 over pairs in the lag bin
inland,20260810,45deg,11625.0,110.25151026060118,114539,"veg_p05_temporal_mean residual (OLS, Stage 0)",pixel,1988-2022 (35 water years),20000.0,10000,gamma(h) = 0.5 * mean (z_i - z_j)^2 over pairs in the lag bin
inland,20260810,45deg,11875.0,112.10190835457215,111719,"veg_p05_temporal_mean residual (OLS, Stage 0)",pixel,1988-2022 (35 water years),20000.0,10000,gamma(h) = 0.5 * mean (z_i - z_j)^2 over pairs in the lag bin
inland,20260810,45deg,12125.0,112.31080758965614,111664,"veg_p05_temporal_mean residual (OLS, Stage 0)",pixel,1988-2022 (35 water years),20000.0,10000,gamma(h) = 0.5 * mean (z_i - z_j)^2 over pairs in the lag bin
inland,20260810,45deg,12375.0,112.90375813588406,110137,"veg_p05_temporal_mean residual (OLS, Stage 0)",pixel,1988-2022 (35 water years),20000.0,10000,gamma(h) = 0.5 * mean (z_i - z_j)^2 over pairs in the lag bin
inland,20260810,45deg,12625.0,115.59466961599053,108049,"veg_p05_temporal_mean residual (OLS, Stage 0)",pixel,1988-2022 (35 water years),20000.0,10000,gamma(h) = 0.5 * mean (z_i - z_j)^2 over pairs in the lag bin
inland,20260810,45deg,12875.0,117.15650415510534,105596,"veg_p05_temporal_mean residual (OLS, Stage 0)",pixel,1988-2022 (35 water years),20000.0,10000,gamma(h) = 0.5 * mean (z_i - z_j)^2 over pairs in the lag bin
inland,20260810,45deg,13125.0,119.14593181057181,102479,"veg_p05_temporal_mean residual (OLS, Stage 0)",pixel,1988-2022 (35 water years),20000.0,10000,gamma(h) = 0.5 * mean (z_i - z_j)^2 over pairs in the lag bin
inland,20260810,45deg,13375.0,119.79234333677482,100361,"veg_p05_temporal_mean residual (OLS, Stage 0)",pixel,1988-2022 (35 water years),20000.0,10000,gamma(h) = 0.5 * mean (z_i - z_j)^2 over pairs in the lag bin
inland,20260810,45deg,13625.0,121.25786829399655,97860,"veg_p05_temporal_mean residual (OLS, Stage 0)",pixel,1988-2022 (35 water years),20000.0,10000,gamma(h) = 0.5 * mean (z_i - z_j)^2 over pairs in the lag bin
inland,20260810,45deg,13875.0,123.23127604859518,94942,"veg_p05_temporal_mean residual (OLS, Stage 0)",pixel,1988-2022 (35 water years),20000.0,10000,gamma(h) = 0.5 * mean (z_i - z_j)^2 over pairs in the lag bin
inland,20260810,45deg,14125.0,125.01572505442013,93179,"veg_p05_temporal_mean residual (OLS, Stage 0)",pixel,1988-2022 (35 water years),20000.0,10000,gamma(h) = 0.5 * mean (z_i - z_j)^2 over pairs in the lag bin
inland,20260810,45deg,14375.0,123.63466131885711,90503,"veg_p05_temporal_mean residual (OLS, Stage 0)",pixel,1988-2022 (35 water years),20000.0,10000,gamma(h) = 0.5 * mean (z_i - z_j)^2 over pairs in the lag bin
inland,20260810,45deg,14625.0,124.32545352353075,87673,"veg_p05_temporal_mean residual (OLS, Stage 0)",pixel,1988-2022 (35 water years),20000.0,10000,gamma(h) = 0.5 * mean (z_i - z_j)^2 over pairs in the lag bin
inland,20260810,45deg,14875.0,124.463701696182,84960,"veg_p05_temporal_mean residual (OLS, Stage 0)",pixel,1988-2022 (35 water years),20000.0,10000,gamma(h) = 0.5 * mean (z_i - z_j)^2 over pairs in the lag bin
inland,20260810,45deg,15125.0,125.16576327251917,81448,"veg_p05_temporal_mean residual (OLS, Stage 0)",pixel,1988-2022 (35 water years),20000.0,10000,gamma(h) = 0.5 * mean (z_i - z_j)^2 over pairs in the lag bin
inland,20260810,45deg,15375.0,125.8557749756944,78683,"veg_p05_temporal_mean residual (OLS, Stage 0)",pixel,1988-2022 (35 water years),20000.0,10000,gamma(h) = 0.5 * mean (z_i - z_j)^2 over pairs in the lag bin
inland,20260810,45deg,15625.0,127.06475068255673,76375,"veg_p05_temporal_mean residual (OLS, Stage 0)",pixel,1988-2022 (35 water years),20000.0,10000,gamma(h) = 0.5 * mean (z_i - z_j)^2 over pairs in the lag bin
inland,20260810,45deg,15875.0,128.32892879357448,74354,"veg_p05_temporal_mean residual (OLS, Stage 0)",pixel,1988-2022 (35 water years),20000.0,10000,gamma(h) = 0.5 * mean (z_i - z_j)^2 over pairs in the lag bin
inland,20260810,45deg,16125.0,129.69058529517446,72541,"veg_p05_temporal_mean residual (OLS, Stage 0)",pixel,1988-2022 (35 water years),20000.0,10000,gamma(h) = 0.5 * mean (z_i - z_j)^2 over pairs in the lag bin
inland,20260810,45deg,16375.0,132.80520860006442,70080,"veg_p05_temporal_mean residual (OLS, Stage 0)",pixel,1988-2022 (35 water years),20000.0,10000,gamma(h) = 0.5 * mean (z_i - z_j)^2 over pairs in the lag bin
inland,20260810,45deg,16625.0,137.73609722726724,68031,"veg_p05_temporal_mean residual (OLS, Stage 0)",pixel,1988-2022 (35 water years),20000.0,10000,gamma(h) = 0.5 * mean (z_i - z_j)^2 over pairs in the lag bin
inland,20260810,45deg,16875.0,142.3663239146206,67141,"veg_p05_temporal_mean residual (OLS, Stage 0)",pixel,1988-2022 (35 water years),20000.0,10000,gamma(h) = 0.5 * mean (z_i - z_j)^2 over pairs in the lag bin
inland,20260810,45deg,17125.0,143.58296640541917,65594,"veg_p05_temporal_mean residual (OLS, Stage 0)",pixel,1988-2022 (35 water years),20000.0,10000,gamma(h) = 0.5 * mean (z_i - z_j)^2 over pairs in the lag bin
inland,20260810,45deg,17375.0,145.30831567232804,64947,"veg_p05_temporal_mean residual (OLS, Stage 0)",pixel,1988-2022 (35 water years),20000.0,10000,gamma(h) = 0.5 * mean (z_i - z_j)^2 over pairs in the lag bin
inland,20260810,45deg,17625.0,147.3429239937006,64288,"veg_p05_temporal_mean residual (OLS, Stage 0)",pixel,1988-2022 (35 water years),20000.0,10000,gamma(h) = 0.5 * mean (z_i - z_j)^2 over pairs in the lag bin
inland,20260810,45deg,17875.0,144.70756437764638,64045,"veg_p05_temporal_mean residual (OLS, Stage 0)",pixel,1988-2022 (35 water years),20000.0,10000,gamma(h) = 0.5 * mean (z_i - z_j)^2 over pairs in the lag bin
inland,20260810,45deg,18125.0,143.7226448484156,65066,"veg_p05_temporal_mean residual (OLS, Stage 0)",pixel,1988-2022 (35 water years),20000.0,10000,gamma(h) = 0.5 * mean (z_i - z_j)^2 over pairs in the lag bin
inland,20260810,45deg,18375.0,144.08005818470758,63728,"veg_p05_temporal_mean residual (OLS, Stage 0)",pixel,1988-2022 (35 water years),20000.0,10000,gamma(h) = 0.5 * mean (z_i - z_j)^2 over pairs in the lag bin
inland,20260810,45deg,18625.0,142.2060362378564,64437,"veg_p05_temporal_mean residual (OLS, Stage 0)",pixel,1988-2022 (35 water years),20000.0,10000,gamma(h) = 0.5 * mean (z_i - z_j)^2 over pairs in the lag bin
inland,20260810,45deg,18875.0,139.69187354410073,63731,"veg_p05_temporal_mean residual (OLS, Stage 0)",pixel,1988-2022 (35 water years),20000.0,10000,gamma(h) = 0.5 * mean (z_i - z_j)^2 over pairs in the lag bin
inland,20260810,45deg,19125.0,139.6890017842067,62727,"veg_p05_temporal_mean residual (OLS, Stage 0)",pixel,1988-2022 (35 water years),20000.0,10000,gamma(h) = 0.5 * mean (z_i - z_j)^2 over pairs in the lag bin
inland,20260810,45deg,19375.0,141.98288111543027,63191,"veg_p05_temporal_mean residual (OLS, Stage 0)",pixel,1988-2022 (35 water years),20000.0,10000,gamma(h) = 0.5 * mean (z_i - z_j)^2 over pairs in the lag bin
inland,20260810,45deg,19625.0,141.58855034438253,62910,"veg_p05_temporal_mean residual (OLS, Stage 0)",pixel,1988-2022 (35 water years),20000.0,10000,gamma(h) = 0.5 * mean (z_i - z_j)^2 over pairs in the lag bin
inland,20260810,45deg,19875.0,145.6923430944804,62661,"veg_p05_temporal_mean residual (OLS, Stage 0)",pixel,1988-2022 (35 water years),20000.0,10000,gamma(h) = 0.5 * mean (z_i - z_j)^2 over pairs in the lag bin
inland,20260810,90deg,125.0,37.59278976295677,4834,"veg_p05_temporal_mean residual (OLS, Stage 0)",pixel,1988-2022 (35 water years),20000.0,10000,gamma(h) = 0.5 * mean (z_i - z_j)^2 over pairs in the lag bin
inland,20260810,90deg,375.0,58.83852975167201,13622,"veg_p05_temporal_mean residual (OLS, Stage 0)",pixel,1988-2022 (35 water years),20000.0,10000,gamma(h) = 0.5 * mean (z_i - z_j)^2 over pairs in the lag bin
inland,20260810,90deg,625.0,70.70693960948233,21267,"veg_p05_temporal_mean residual (OLS, Stage 0)",pixel,1988-2022 (35 water years),20000.0,10000,gamma(h) = 0.5 * mean (z_i - z_j)^2 over pairs in the lag bin
inland,20260810,90deg,875.0,77.88888479134803,27702,"veg_p05_temporal_mean residual (OLS, Stage 0)",pixel,1988-2022 (35 water years),20000.0,10000,gamma(h) = 0.5 * mean (z_i - z_j)^2 over pairs in the lag bin
inland,20260810,90deg,1125.0,81.085781040991,33143,"veg_p05_temporal_mean residual (OLS, Stage 0)",pixel,1988-2022 (35 water years),20000.0,10000,gamma(h) = 0.5 * mean (z_i - z_j)^2 over pairs in the lag bin
inland,20260810,90deg,1375.0,89.20547466295417,37882,"veg_p05_temporal_mean residual (OLS, Stage 0)",pixel,1988-2022 (35 water years),20000.0,10000,gamma(h) = 0.5 * mean (z_i - z_j)^2 over pairs in the lag bin
inland,20260810,90deg,1625.0,93.45902246884432,43201,"veg_p05_temporal_mean residual (OLS, Stage 0)",pixel,1988-2022 (35 water years),20000.0,10000,gamma(h) = 0.5 * mean (z_i - z_j)^2 over pairs in the lag bin
inland,20260810,90deg,1875.0,98.8244090591843,46580,"veg_p05_temporal_mean residual (OLS, Stage 0)",pixel,1988-2022 (35 water years),20000.0,10000,gamma(h) = 0.5 * mean (z_i - z_j)^2 over pairs in the lag bin
inland,20260810,90deg,2125.0,99.02711634806975,49643,"veg_p05_temporal_mean residual (OLS, Stage 0)",pixel,1988-2022 (35 water years),20000.0,10000,gamma(h) = 0.5 * mean (z_i - z_j)^2 over pairs in the lag bin
inland,20260810,90deg,2375.0,97.08768647953319,52625,"veg_p05_temporal_mean residual (OLS, Stage 0)",pixel,1988-2022 (35 water years),20000.0,10000,gamma(h) = 0.5 * mean (z_i - z_j)^2 over pairs in the lag bin
inland,20260810,90deg,2625.0,99.94453486089505,55990,"veg_p05_temporal_mean residual (OLS, Stage 0)",pixel,1988-2022 (35 water years),20000.0,10000,gamma(h) = 0.5 * mean (z_i - z_j)^2 over pairs in the lag bin
inland,20260810,90deg,2875.0,101.17142606745178,58706,"veg_p05_temporal_mean residual (OLS, Stage 0)",pixel,1988-2022 (35 water years),20000.0,10000,gamma(h) = 0.5 * mean (z_i - z_j)^2 over pairs in the lag bin
inland,20260810,90deg,3125.0,102.07871370613744,61022,"veg_p05_temporal_mean residual (OLS, Stage 0)",pixel,1988-2022 (35 water years),20000.0,10000,gamma(h) = 0.5 * mean (z_i - z_j)^2 over pairs in the lag bin
inland,20260810,90deg,3375.0,102.71646921207183,63288,"veg_p05_temporal_mean residual (OLS, Stage 0)",pixel,1988-2022 (35 water years),20000.0,10000,gamma(h) = 0.5 * mean (z_i - z_j)^2 over pairs in the lag bin
inland,20260810,90deg,3625.0,101.52954628766923,66462,"veg_p05_temporal_mean residual (OLS, Stage 0)",pixel,1988-2022 (35 water years),20000.0,10000,gamma(h) = 0.5 * mean (z_i - z_j)^2 over pairs in the lag bin
inland,20260810,90deg,3875.0,99.7193711071644,68881,"veg_p05_temporal_mean residual (OLS, Stage 0)",pixel,1988-2022 (35 water years),20000.0,10000,gamma(h) = 0.5 * mean (z_i - z_j)^2 over pairs in the lag bin
inland,20260810,90deg,4125.0,100.13231699773007,72339,"veg_p05_temporal_mean residual (OLS, Stage 0)",pixel,1988-2022 (35 water years),20000.0,10000,gamma(h) = 0.5 * mean (z_i - z_j)^2 over pairs in the lag bin
inland,20260810,90deg,4375.0,100.54278081531908,75000,"veg_p05_temporal_mean residual (OLS, Stage 0)",pixel,1988-2022 (35 water years),20000.0,10000,gamma(h) = 0.5 * mean (z_i - z_j)^2 over pairs in the lag bin
inland,20260810,90deg,4625.0,99.67499768198135,79404,"veg_p05_temporal_mean residual (OLS, Stage 0)",pixel,1988-2022 (35 water years),20000.0,10000,gamma(h) = 0.5 * mean (z_i - z_j)^2 over pairs in the lag bin
inland,20260810,90deg,4875.0,95.4220827336687,82795,"veg_p05_temporal_mean residual (OLS, Stage 0)",pixel,1988-2022 (35 water years),20000.0,10000,gamma(h) = 0.5 * mean (z_i - z_j)^2 over pairs in the lag bin
inland,20260810,90deg,5125.0,94.1468141630321,86291,"veg_p05_temporal_mean residual (OLS, Stage 0)",pixel,1988-2022 (35 water years),20000.0,10000,gamma(h) = 0.5 * mean (z_i - z_j)^2 over pairs in the lag bin
inland,20260810,90deg,5375.0,92.33220366375853,90420,"veg_p05_temporal_mean residual (OLS, Stage 0)",pixel,1988-2022 (35 water years),20000.0,10000,gamma(h) = 0.5 * mean (z_i - z_j)^2 over pairs in the lag bin
inland,20260810,90deg,5625.0,91.10077223863874,93714,"veg_p05_temporal_mean residual (OLS, Stage 0)",pixel,1988-2022 (35 water years),20000.0,10000,gamma(h) = 0.5 * mean (z_i - z_j)^2 over pairs in the lag bin
inland,20260810,90deg,5875.0,89.68223863770129,96012,"veg_p05_temporal_mean residual (OLS, Stage 0)",pixel,1988-2022 (35 water years),20000.0,10000,gamma(h) = 0.5 * mean (z_i - z_j)^2 over pairs in the lag bin
inland,20260810,90deg,6125.0,88.88203677283754,98008,"veg_p05_temporal_mean residual (OLS, Stage 0)",pixel,1988-2022 (35 water years),20000.0,10000,gamma(h) = 0.5 * mean (z_i - z_j)^2 over pairs in the lag bin
inland,20260810,90deg,6375.0,87.56612107148526,98222,"veg_p05_temporal_mean residual (OLS, Stage 0)",pixel,1988-2022 (35 water years),20000.0,10000,gamma(h) = 0.5 * mean (z_i - z_j)^2 over pairs in the lag bin
inland,20260810,90deg,6625.0,89.27258110055553,98089,"veg_p05_temporal_mean residual (OLS, Stage 0)",pixel,1988-2022 (35 water years),20000.0,10000,gamma(h) = 0.5 * mean (z_i - z_j)^2 over pairs in the lag bin
inland,20260810,90deg,6875.0,91.70070985638493,96832,"veg_p05_temporal_mean residual (OLS, Stage 0)",pixel,1988-2022 (35 water years),20000.0,10000,gamma(h) = 0.5 * mean (z_i - z_j)^2 over pairs in the lag bin
inland,20260810,90deg,7125.0,93.01982054008434,95598,"veg_p05_temporal_mean residual (OLS, Stage 0)",pixel,1988-2022 (35 water years),20000.0,10000,gamma(h) = 0.5 * mean (z_i - z_j)^2 over pairs in the lag bin
inland,20260810,90deg,7375.0,93.99770174188,94235,"veg_p05_temporal_mean residual (OLS, Stage 0)",pixel,1988-2022 (35 water years),20000.0,10000,gamma(h) = 0.5 * mean (z_i - z_j)^2 over pairs in the lag bin
inland,20260810,90deg,7625.0,93.11580299946341,94289,"veg_p05_temporal_mean residual (OLS, Stage 0)",pixel,1988-2022 (35 water years),20000.0,10000,gamma(h) = 0.5 * mean (z_i - z_j)^2 over pairs in the lag bin
inland,20260810,90deg,7875.0,94.5651265707926,93067,"veg_p05_temporal_mean residual (OLS, Stage 0)",pixel,1988-2022 (35 water years),20000.0,10000,gamma(h) = 0.5 * mean (z_i - z_j)^2 over pairs in the lag bin
inland,20260810,90deg,8125.0,98.53100312527086,92136,"veg_p05_temporal_mean residual (OLS, Stage 0)",pixel,1988-2022 (35 water years),20000.0,10000,gamma(h) = 0.5 * mean (z_i - z_j)^2 over pairs in the lag bin
inland,20260810,90deg,8375.0,100.86073687830283,91589,"veg_p05_temporal_mean residual (OLS, Stage 0)",pixel,1988-2022 (35 water years),20000.0,10000,gamma(h) = 0.5 * mean (z_i - z_j)^2 over pairs in the lag bin
inland,20260810,90deg,8625.0,102.80526298829214,89533,"veg_p05_temporal_mean residual (OLS, Stage 0)",pixel,1988-2022 (35 water years),20000.0,10000,gamma(h) = 0.5 * mean (z_i - z_j)^2 over pairs in the lag bin
inland,20260810,90deg,8875.0,102.89349020801998,87719,"veg_p05_temporal_mean residual (OLS, Stage 0)",pixel,1988-2022 (35 water years),20000.0,10000,gamma(h) = 0.5 * mean (z_i - z_j)^2 over pairs in the lag bin
inland,20260810,90deg,9125.0,103.65748769147048,86655,"veg_p05_temporal_mean residual (OLS, Stage 0)",pixel,1988-2022 (35 water years),20000.0,10000,gamma(h) = 0.5 * mean (z_i - z_j)^2 over pairs in the lag bin
inland,20260810,90deg,9375.0,102.36359127269988,84824,"veg_p05_temporal_mean residual (OLS, Stage 0)",pixel,1988-2022 (35 water years),20000.0,10000,gamma(h) = 0.5 * mean (z_i - z_j)^2 over pairs in the lag bin
inland,20260810,90deg,9625.0,102.73078898022524,82420,"veg_p05_temporal_mean residual (OLS, Stage 0)",pixel,1988-2022 (35 water years),20000.0,10000,gamma(h) = 0.5 * mean (z_i - z_j)^2 over pairs in the lag bin
inland,20260810,90deg,9875.0,102.58001455237198,81489,"veg_p05_temporal_mean residual (OLS, Stage 0)",pixel,1988-2022 (35 water years),20000.0,10000,gamma(h) = 0.5 * mean (z_i - z_j)^2 over pairs in the lag bin
inland,20260810,90deg,10125.0,104.6136814682299,78656,"veg_p05_temporal_mean residual (OLS, Stage 0)",pixel,1988-2022 (35 water years),20000.0,10000,gamma(h) = 0.5 * mean (z_i - z_j)^2 over pairs in the lag bin
inland,20260810,90deg,10375.0,103.17831378104565,77425,"veg_p05_temporal_mean residual (OLS, Stage 0)",pixel,1988-2022 (35 water years),20000.0,10000,gamma(h) = 0.5 * mean (z_i - z_j)^2 over pairs in the lag bin
inland,20260810,90deg,10625.0,103.61360307167087,76288,"veg_p05_temporal_mean residual (OLS, Stage 0)",pixel,1988-2022 (35 water years),20000.0,10000,gamma(h) = 0.5 * mean (z_i - z_j)^2 over pairs in the lag bin
inland,20260810,90deg,10875.0,102.02849578087341,74953,"veg_p05_temporal_mean residual (OLS, Stage 0)",pixel,1988-2022 (35 water years),20000.0,10000,gamma(h) = 0.5 * mean (z_i - z_j)^2 over pairs in the lag bin
inland,20260810,90deg,11125.0,98.77885591841574,74348,"veg_p05_temporal_mean residual (OLS, Stage 0)",pixel,1988-2022 (35 water years),20000.0,10000,gamma(h) = 0.5 * mean (z_i - z_j)^2 over pairs in the lag bin
inland,20260810,90deg,11375.0,96.06517214152505,73450,"veg_p05_temporal_mean residual (OLS, Stage 0)",pixel,1988-2022 (35 water years),20000.0,10000,gamma(h) = 0.5 * mean (z_i - z_j)^2 over pairs in the lag bin
inland,20260810,90deg,11625.0,93.93564460067655,71976,"veg_p05_temporal_mean residual (OLS, Stage 0)",pixel,1988-2022 (35 water years),20000.0,10000,gamma(h) = 0.5 * mean (z_i - z_j)^2 over pairs in the lag bin
inland,20260810,90deg,11875.0,92.22051887186743,71589,"veg_p05_temporal_mean residual (OLS, Stage 0)",pixel,1988-2022 (35 water years),20000.0,10000,gamma(h) = 0.5 * mean (z_i - z_j)^2 over pairs in the lag bin
inland,20260810,90deg,12125.0,93.16104418768921,70428,"veg_p05_temporal_mean residual (OLS, Stage 0)",pixel,1988-2022 (35 water years),20000.0,10000,gamma(h) = 0.5 * mean (z_i - z_j)^2 over pairs in the lag bin
inland,20260810,90deg,12375.0,93.12924973965686,68824,"veg_p05_temporal_mean residual (OLS, Stage 0)",pixel,1988-2022 (35 water years),20000.0,10000,gamma(h) = 0.5 * mean (z_i - z_j)^2 over pairs in the lag bin
inland,20260810,90deg,12625.0,91.27779702339217,67620,"veg_p05_temporal_mean residual (OLS, Stage 0)",pixel,1988-2022 (35 water years),20000.0,10000,gamma(h) = 0.5 * mean (z_i - z_j)^2 over pairs in the lag bin
inland,20260810,90deg,12875.0,89.85854526409544,66025,"veg_p05_temporal_mean residual (OLS, Stage 0)",pixel,1988-2022 (35 water years),20000.0,10000,gamma(h) = 0.5 * mean (z_i - z_j)^2 over pairs in the lag bin
inland,20260810,90deg,13125.0,89.20827918046967,63545,"veg_p05_temporal_mean residual (OLS, Stage 0)",pixel,1988-2022 (35 water years),20000.0,10000,gamma(h) = 0.5 * mean (z_i - z_j)^2 over pairs in the lag bin
inland,20260810,90deg,13375.0,88.29976781461265,61899,"veg_p05_temporal_mean residual (OLS, Stage 0)",pixel,1988-2022 (35 water years),20000.0,10000,gamma(h) = 0.5 * mean (z_i - z_j)^2 over pairs in the lag bin
inland,20260810,90deg,13625.0,85.03104039756724,59074,"veg_p05_temporal_mean residual (OLS, Stage 0)",pixel,1988-2022 (35 water years),20000.0,10000,gamma(h) = 0.5 * mean (z_i - z_j)^2 over pairs in the lag bin
inland,20260810,90deg,13875.0,84.87211175158365,57121,"veg_p05_temporal_mean residual (OLS, Stage 0)",pixel,1988-2022 (35 water years),20000.0,10000,gamma(h) = 0.5 * mean (z_i - z_j)^2 over pairs in the lag bin
inland,20260810,90deg,14125.0,84.63206170246147,55706,"veg_p05_temporal_mean residual (OLS, Stage 0)",pixel,1988-2022 (35 water years),20000.0,10000,gamma(h) = 0.5 * mean (z_i - z_j)^2 over pairs in the lag bin
inland,20260810,90deg,14375.0,83.43976833614956,54395,"veg_p05_temporal_mean residual (OLS, Stage 0)",pixel,1988-2022 (35 water years),20000.0,10000,gamma(h) = 0.5 * mean (z_i - z_j)^2 over pairs in the lag bin
inland,20260810,90deg,14625.0,83.48479733904595,52508,"veg_p05_temporal_mean residual (OLS, Stage 0)",pixel,1988-2022 (35 water years),20000.0,10000,gamma(h) = 0.5 * mean (z_i - z_j)^2 over pairs in the lag bin
inland,20260810,90deg,14875.0,81.08211318657561,51259,"veg_p05_temporal_mean residual (OLS, Stage 0)",pixel,1988-2022 (35 water years),20000.0,10000,gamma(h) = 0.5 * mean (z_i - z_j)^2 over pairs in the lag bin
inland,20260810,90deg,15125.0,80.77887236826317,48538,"veg_p05_temporal_mean residual (OLS, Stage 0)",pixel,1988-2022 (35 water years),20000.0,10000,gamma(h) = 0.5 * mean (z_i - z_j)^2 over pairs in the lag bin
inland,20260810,90deg,15375.0,82.85427631786851,46682,"veg_p05_temporal_mean residual (OLS, Stage 0)",pixel,1988-2022 (35 water years),20000.0,10000,gamma(h) = 0.5 * mean (z_i - z_j)^2 over pairs in the lag bin
inland,20260810,90deg,15625.0,86.5434638548594,44665,"veg_p05_temporal_mean residual (OLS, Stage 0)",pixel,1988-2022 (35 water years),20000.0,10000,gamma(h) = 0.5 * mean (z_i - z_j)^2 over pairs in the lag bin
inland,20260810,90deg,15875.0,89.9749332292185,42296,"veg_p05_temporal_mean residual (OLS, Stage 0)",pixel,1988-2022 (35 water years),20000.0,10000,gamma(h) = 0.5 * mean (z_i - z_j)^2 over pairs in the lag bin
inland,20260810,90deg,16125.0,93.4501560363235,39709,"veg_p05_temporal_mean residual (OLS, Stage 0)",pixel,1988-2022 (35 water years),20000.0,10000,gamma(h) = 0.5 * mean (z_i - z_j)^2 over pairs in the lag bin
inland,20260810,90deg,16375.0,97.17780094330598,37442,"veg_p05_temporal_mean residual (OLS, Stage 0)",pixel,1988-2022 (35 water years),20000.0,10000,gamma(h) = 0.5 * mean (z_i - z_j)^2 over pairs in the lag bin
inland,20260810,90deg,16625.0,100.30912050961176,36567,"veg_p05_temporal_mean residual (OLS, Stage 0)",pixel,1988-2022 (35 water years),20000.0,10000,gamma(h) = 0.5 * mean (z_i - z_j)^2 over pairs in the lag bin
inland,20260810,90deg,16875.0,100.56550460369743,35112,"veg_p05_temporal_mean residual (OLS, Stage 0)",pixel,1988-2022 (35 water years),20000.0,10000,gamma(h) = 0.5 * mean (z_i - z_j)^2 over pairs in the lag bin
inland,20260810,90deg,17125.0,95.80347682450562,33672,"veg_p05_temporal_mean residual (OLS, Stage 0)",pixel,1988-2022 (35 water years),20000.0,10000,gamma(h) = 0.5 * mean (z_i - z_j)^2 over pairs in the lag bin
inland,20260810,90deg,17375.0,90.06395471271192,32793,"veg_p05_temporal_mean residual (OLS, Stage 0)",pixel,1988-2022 (35 water years),20000.0,10000,gamma(h) = 0.5 * mean (z_i - z_j)^2 over pairs in the lag bin
inland,20260810,90deg,17625.0,88.15218892646071,31891,"veg_p05_temporal_mean residual (OLS, Stage 0)",pixel,1988-2022 (35 water years),20000.0,10000,gamma(h) = 0.5 * mean (z_i - z_j)^2 over pairs in the lag bin
inland,20260810,90deg,17875.0,86.57472530539324,31224,"veg_p05_temporal_mean residual (OLS, Stage 0)",pixel,1988-2022 (35 water years),20000.0,10000,gamma(h) = 0.5 * mean (z_i - z_j)^2 over pairs in the lag bin
inland,20260810,90deg,18125.0,84.21341742945935,31296,"veg_p05_temporal_mean residual (OLS, Stage 0)",pixel,1988-2022 (35 water years),20000.0,10000,gamma(h) = 0.5 * mean (z_i - z_j)^2 over pairs in the lag bin
inland,20260810,90deg,18375.0,84.05073017400323,31690,"veg_p05_temporal_mean residual (OLS, Stage 0)",pixel,1988-2022 (35 water years),20000.0,10000,gamma(h) = 0.5 * mean (z_i - z_j)^2 over pairs in the lag bin
inland,20260810,90deg,18625.0,89.05908247465405,32106,"veg_p05_temporal_mean residual (OLS, Stage 0)",pixel,1988-2022 (35 water years),20000.0,10000,gamma(h) = 0.5 * mean (z_i - z_j)^2 over pairs in the lag bin
inland,20260810,90deg,18875.0,86.87780733401686,32655,"veg_p05_temporal_mean residual (OLS, Stage 0)",pixel,1988-2022 (35 water years),20000.0,10000,gamma(h) = 0.5 * mean (z_i - z_j)^2 over pairs in the lag bin
inland,20260810,90deg,19125.0,82.71171807168054,33130,"veg_p05_temporal_mean residual (OLS, Stage 0)",pixel,1988-2022 (35 water years),20000.0,10000,gamma(h) = 0.5 * mean (z_i - z_j)^2 over pairs in the lag bin
inland,20260810,90deg,19375.0,82.73455451586625,33451,"veg_p05_temporal_mean residual (OLS, Stage 0)",pixel,1988-2022 (35 water years),20000.0,10000,gamma(h) = 0.5 * mean (z_i - z_j)^2 over pairs in the lag bin
inland,20260810,90deg,19625.0,84.68294245794131,33322,"veg_p05_temporal_mean residual (OLS, Stage 0)",pixel,1988-2022 (35 water years),20000.0,10000,gamma(h) = 0.5 * mean (z_i - z_j)^2 over pairs in the lag bin
inland,20260810,90deg,19875.0,81.78067541934774,32412,"veg_p05_temporal_mean residual (OLS, Stage 0)",pixel,1988-2022 (35 water years),20000.0,10000,gamma(h) = 0.5 * mean (z_i - z_j)^2 over pairs in the lag bin
inland,20260810,135deg,125.0,36.30828161173499,5250,"veg_p05_temporal_mean residual (OLS, Stage 0)",pixel,1988-2022 (35 water years),20000.0,10000,gamma(h) = 0.5 * mean (z_i - z_j)^2 over pairs in the lag bin
inland,20260810,135deg,375.0,57.792303180378475,13803,"veg_p05_temporal_mean residual (OLS, Stage 0)",pixel,1988-2022 (35 water years),20000.0,10000,gamma(h) = 0.5 * mean (z_i - z_j)^2 over pairs in the lag bin
inland,20260810,135deg,625.0,67.26041268231849,21834,"veg_p05_temporal_mean residual (OLS, Stage 0)",pixel,1988-2022 (35 water years),20000.0,10000,gamma(h) = 0.5 * mean (z_i - z_j)^2 over pairs in the lag bin
inland,20260810,135deg,875.0,75.22983748306267,28091,"veg_p05_temporal_mean residual (OLS, Stage 0)",pixel,1988-2022 (35 water years),20000.0,10000,gamma(h) = 0.5 * mean (z_i - z_j)^2 over pairs in the lag bin
inland,20260810,135deg,1125.0,78.93876496808215,34397,"veg_p05_temporal_mean residual (OLS, Stage 0)",pixel,1988-2022 (35 water years),20000.0,10000,gamma(h) = 0.5 * mean (z_i - z_j)^2 over pairs in the lag bin
inland,20260810,135deg,1375.0,83.01758219379725,40101,"veg_p05_temporal_mean residual (OLS, Stage 0)",pixel,1988-2022 (35 water years),20000.0,10000,gamma(h) = 0.5 * mean (z_i - z_j)^2 over pairs in the lag bin
inland,20260810,135deg,1625.0,88.12132307099532,43916,"veg_p05_temporal_mean residual (OLS, Stage 0)",pixel,1988-2022 (35 water years),20000.0,10000,gamma(h) = 0.5 * mean (z_i - z_j)^2 over pairs in the lag bin
inland,20260810,135deg,1875.0,91.16685414831606,48966,"veg_p05_temporal_mean residual (OLS, Stage 0)",pixel,1988-2022 (35 water years),20000.0,10000,gamma(h) = 0.5 * mean (z_i - z_j)^2 over pairs in the lag bin
inland,20260810,135deg,2125.0,92.34694510091552,52599,"veg_p05_temporal_mean residual (OLS, Stage 0)",pixel,1988-2022 (35 water years),20000.0,10000,gamma(h) = 0.5 * mean (z_i - z_j)^2 over pairs in the lag bin
inland,20260810,135deg,2375.0,92.56991778333557,55232,"veg_p05_temporal_mean residual (OLS, Stage 0)",pixel,1988-2022 (35 water years),20000.0,10000,gamma(h) = 0.5 * mean (z_i - z_j)^2 over pairs in the lag bin
inland,20260810,135deg,2625.0,95.33776394254404,59445,"veg_p05_temporal_mean residual (OLS, Stage 0)",pixel,1988-2022 (35 water years),20000.0,10000,gamma(h) = 0.5 * mean (z_i - z_j)^2 over pairs in the lag bin
inland,20260810,135deg,2875.0,98.26283443707783,61955,"veg_p05_temporal_mean residual (OLS, Stage 0)",pixel,1988-2022 (35 water years),20000.0,10000,gamma(h) = 0.5 * mean (z_i - z_j)^2 over pairs in the lag bin
inland,20260810,135deg,3125.0,100.6049505707825,65258,"veg_p05_temporal_mean residual (OLS, Stage 0)",pixel,1988-2022 (35 water years),20000.0,10000,gamma(h) = 0.5 * mean (z_i - z_j)^2 over pairs in the lag bin
inland,20260810,135deg,3375.0,100.11167150016922,67908,"veg_p05_temporal_mean residual (OLS, Stage 0)",pixel,1988-2022 (35 water years),20000.0,10000,gamma(h) = 0.5 * mean (z_i - z_j)^2 over pairs in the lag bin
inland,20260810,135deg,3625.0,99.7865739371352,69833,"veg_p05_temporal_mean residual (OLS, Stage 0)",pixel,1988-2022 (35 water years),20000.0,10000,gamma(h) = 0.5 * mean (z_i - z_j)^2 over pairs in the lag bin
inland,20260810,135deg,3875.0,99.27865616408005,73041,"veg_p05_temporal_mean residual (OLS, Stage 0)",pixel,1988-2022 (35 water years),20000.0,10000,gamma(h) = 0.5 * mean (z_i - z_j)^2 over pairs in the lag bin
inland,20260810,135deg,4125.0,100.11186725612316,74938,"veg_p05_temporal_mean residual (OLS, Stage 0)",pixel,1988-2022 (35 water years),20000.0,10000,gamma(h) = 0.5 * mean (z_i - z_j)^2 over pairs in the lag bin
inland,20260810,135deg,4375.0,101.22337968672771,77333,"veg_p05_temporal_mean residual (OLS, Stage 0)",pixel,1988-2022 (35 water years),20000.0,10000,gamma(h) = 0.5 * mean (z_i - z_j)^2 over pairs in the lag bin
inland,20260810,135deg,4625.0,100.7230251914574,81515,"veg_p05_temporal_mean residual (OLS, Stage 0)",pixel,1988-2022 (35 water years),20000.0,10000,gamma(h) = 0.5 * mean (z_i - z_j)^2 over pairs in the lag bin
inland,20260810,135deg,4875.0,100.28677445541297,83648,"veg_p05_temporal_mean residual (OLS, Stage 0)",pixel,1988-2022 (35 water years),20000.0,10000,gamma(h) = 0.5 * mean (z_i - z_j)^2 over pairs in the lag bin
inland,20260810,135deg,5125.0,100.4411632626683,87554,"veg_p05_temporal_mean residual (OLS, Stage 0)",pixel,1988-2022 (35 water years),20000.0,10000,gamma(h) = 0.5 * mean (z_i - z_j)^2 over pairs in the lag bin
inland,20260810,135deg,5375.0,99.12844083536253,89776,"veg_p05_temporal_mean residual (OLS, Stage 0)",pixel,1988-2022 (35 water years),20000.0,10000,gamma(h) = 0.5 * mean (z_i - z_j)^2 over pairs in the lag bin
inland,20260810,135deg,5625.0,97.81849663549028,93041,"veg_p05_temporal_mean residual (OLS, Stage 0)",pixel,1988-2022 (35 water years),20000.0,10000,gamma(h) = 0.5 * mean (z_i - z_j)^2 over pairs in the lag bin
inland,20260810,135deg,5875.0,98.00035567325078,95597,"veg_p05_temporal_mean residual (OLS, Stage 0)",pixel,1988-2022 (35 water years),20000.0,10000,gamma(h) = 0.5 * mean (z_i - z_j)^2 over pairs in the lag bin
inland,20260810,135deg,6125.0,97.90618892761746,97616,"veg_p05_temporal_mean residual (OLS, Stage 0)",pixel,1988-2022 (35 water years),20000.0,10000,gamma(h) = 0.5 * mean (z_i - z_j)^2 over pairs in the lag bin
inland,20260810,135deg,6375.0,97.61508172357003,99388,"veg_p05_temporal_mean residual (OLS, Stage 0)",pixel,1988-2022 (35 water years),20000.0,10000,gamma(h) = 0.5 * mean (z_i - z_j)^2 over pairs in the lag bin
inland,20260810,135deg,6625.0,97.15131493074931,101976,"veg_p05_temporal_mean residual (OLS, Stage 0)",pixel,1988-2022 (35 water years),20000.0,10000,gamma(h) = 0.5 * mean (z_i - z_j)^2 over pairs in the lag bin
inland,20260810,135deg,6875.0,96.81528522724798,103111,"veg_p05_temporal_mean residual (OLS, Stage 0)",pixel,1988-2022 (35 water years),20000.0,10000,gamma(h) = 0.5 * mean (z_i - z_j)^2 over pairs in the lag bin
inland,20260810,135deg,7125.0,95.8947722040071,105397,"veg_p05_temporal_mean residual (OLS, Stage 0)",pixel,1988-2022 (35 water years),20000.0,10000,gamma(h) = 0.5 * mean (z_i - z_j)^2 over pairs in the lag bin
inland,20260810,135deg,7375.0,95.09164838390318,105362,"veg_p05_temporal_mean residual (OLS, Stage 0)",pixel,1988-2022 (35 water years),20000.0,10000,gamma(h) = 0.5 * mean (z_i - z_j)^2 over pairs in the lag bin
inland,20260810,135deg,7625.0,97.29206227744358,107355,"veg_p05_temporal_mean residual (OLS, Stage 0)",pixel,1988-2022 (35 water years),20000.0,10000,gamma(h) = 0.5 * mean (z_i - z_j)^2 over pairs in the lag bin
inland,20260810,135deg,7875.0,96.94575021651838,107856,"veg_p05_temporal_mean residual (OLS, Stage 0)",pixel,1988-2022 (35 water years),20000.0,10000,gamma(h) = 0.5 * mean (z_i - z_j)^2 over pairs in the lag bin
inland,20260810,135deg,8125.0,95.62277238501296,107061,"veg_p05_temporal_mean residual (OLS, Stage 0)",pixel,1988-2022 (35 water years),20000.0,10000,gamma(h) = 0.5 * mean (z_i - z_j)^2 over pairs in the lag bin
inland,20260810,135deg,8375.0,95.74508575920491,109174,"veg_p05_temporal_mean residual (OLS, Stage 0)",pixel,1988-2022 (35 water years),20000.0,10000,gamma(h) = 0.5 * mean (z_i - z_j)^2 over pairs in the lag bin
inland,20260810,135deg,8625.0,96.21640241430406,109331,"veg_p05_temporal_mean residual (OLS, Stage 0)",pixel,1988-2022 (35 water years),20000.0,10000,gamma(h) = 0.5 * mean (z_i - z_j)^2 over pairs in the lag bin
inland,20260810,135deg,8875.0,96.50786066585096,109180,"veg_p05_temporal_mean residual (OLS, Stage 0)",pixel,1988-2022 (35 water years),20000.0,10000,gamma(h) = 0.5 * mean (z_i - z_j)^2 over pairs in the lag bin
inland,20260810,135deg,9125.0,96.3050045285604,109912,"veg_p05_temporal_mean residual (OLS, Stage 0)",pixel,1988-2022 (35 water years),20000.0,10000,gamma(h) = 0.5 * mean (z_i - z_j)^2 over pairs in the lag bin
inland,20260810,135deg,9375.0,98.22216574473566,110305,"veg_p05_temporal_mean residual (OLS, Stage 0)",pixel,1988-2022 (35 water years),20000.0,10000,gamma(h) = 0.5 * mean (z_i - z_j)^2 over pairs in the lag bin
inland,20260810,135deg,9625.0,98.532121034149,110593,"veg_p05_temporal_mean residual (OLS, Stage 0)",pixel,1988-2022 (35 water years),20000.0,10000,gamma(h) = 0.5 * mean (z_i - z_j)^2 over pairs in the lag bin
inland,20260810,135deg,9875.0,98.57644701149515,111937,"veg_p05_temporal_mean residual (OLS, Stage 0)",pixel,1988-2022 (35 water years),20000.0,10000,gamma(h) = 0.5 * mean (z_i - z_j)^2 over pairs in the lag bin
inland,20260810,135deg,10125.0,97.58949653863382,112045,"veg_p05_temporal_mean residual (OLS, Stage 0)",pixel,1988-2022 (35 water years),20000.0,10000,gamma(h) = 0.5 * mean (z_i - z_j)^2 over pairs in the lag bin
inland,20260810,135deg,10375.0,97.52228650143,112858,"veg_p05_temporal_mean residual (OLS, Stage 0)",pixel,1988-2022 (35 water years),20000.0,10000,gamma(h) = 0.5 * mean (z_i - z_j)^2 over pairs in the lag bin
inland,20260810,135deg,10625.0,96.44219737534884,112706,"veg_p05_temporal_mean residual (OLS, Stage 0)",pixel,1988-2022 (35 water years),20000.0,10000,gamma(h) = 0.5 * mean (z_i - z_j)^2 over pairs in the lag bin
inland,20260810,135deg,10875.0,96.66703046778846,112534,"veg_p05_temporal_mean residual (OLS, Stage 0)",pixel,1988-2022 (35 water years),20000.0,10000,gamma(h) = 0.5 * mean (z_i - z_j)^2 over pairs in the lag bin
inland,20260810,135deg,11125.0,96.86179364532153,113643,"veg_p05_temporal_mean residual (OLS, Stage 0)",pixel,1988-2022 (35 water years),20000.0,10000,gamma(h) = 0.5 * mean (z_i - z_j)^2 over pairs in the lag bin
inland,20260810,135deg,11375.0,95.67546950491459,113433,"veg_p05_temporal_mean residual (OLS, Stage 0)",pixel,1988-2022 (35 water years),20000.0,10000,gamma(h) = 0.5 * mean (z_i - z_j)^2 over pairs in the lag bin
inland,20260810,135deg,11625.0,96.07933953736766,114769,"veg_p05_temporal_mean residual (OLS, Stage 0)",pixel,1988-2022 (35 water years),20000.0,10000,gamma(h) = 0.5 * mean (z_i - z_j)^2 over pairs in the lag bin
inland,20260810,135deg,11875.0,98.45616803111736,113333,"veg_p05_temporal_mean residual (OLS, Stage 0)",pixel,1988-2022 (35 water years),20000.0,10000,gamma(h) = 0.5 * mean (z_i - z_j)^2 over pairs in the lag bin
inland,20260810,135deg,12125.0,98.4899453275323,113211,"veg_p05_temporal_mean residual (OLS, Stage 0)",pixel,1988-2022 (35 water years),20000.0,10000,gamma(h) = 0.5 * mean (z_i - z_j)^2 over pairs in the lag bin
inland,20260810,135deg,12375.0,97.5449525072995,114031,"veg_p05_temporal_mean residual (OLS, Stage 0)",pixel,1988-2022 (35 water years),20000.0,10000,gamma(h) = 0.5 * mean (z_i - z_j)^2 over pairs in the lag bin
inland,20260810,135deg,12625.0,99.38682107431302,113284,"veg_p05_temporal_mean residual (OLS, Stage 0)",pixel,1988-2022 (35 water years),20000.0,10000,gamma(h) = 0.5 * mean (z_i - z_j)^2 over pairs in the lag bin
inland,20260810,135deg,12875.0,101.19999527529487,113229,"veg_p05_temporal_mean residual (OLS, Stage 0)",pixel,1988-2022 (35 water years),20000.0,10000,gamma(h) = 0.5 * mean (z_i - z_j)^2 over pairs in the lag bin
inland,20260810,135deg,13125.0,103.7694626654588,112576,"veg_p05_temporal_mean residual (OLS, Stage 0)",pixel,1988-2022 (35 water years),20000.0,10000,gamma(h) = 0.5 * mean (z_i - z_j)^2 over pairs in the lag bin
inland,20260810,135deg,13375.0,102.4340583307852,111719,"veg_p05_temporal_mean residual (OLS, Stage 0)",pixel,1988-2022 (35 water years),20000.0,10000,gamma(h) = 0.5 * mean (z_i - z_j)^2 over pairs in the lag bin
inland,20260810,135deg,13625.0,102.57016150180745,111849,"veg_p05_temporal_mean residual (OLS, Stage 0)",pixel,1988-2022 (35 water years),20000.0,10000,gamma(h) = 0.5 * mean (z_i - z_j)^2 over pairs in the lag bin
inland,20260810,135deg,13875.0,102.39071476144258,110395,"veg_p05_temporal_mean residual (OLS, Stage 0)",pixel,1988-2022 (35 water years),20000.0,10000,gamma(h) = 0.5 * mean (z_i - z_j)^2 over pairs in the lag bin
inland,20260810,135deg,14125.0,101.5202642227864,110565,"veg_p05_temporal_mean residual (OLS, Stage 0)",pixel,1988-2022 (35 water years),20000.0,10000,gamma(h) = 0.5 * mean (z_i - z_j)^2 over pairs in the lag bin
inland,20260810,135deg,14375.0,99.7623323795993,110545,"veg_p05_temporal_mean residual (OLS, Stage 0)",pixel,1988-2022 (35 water years),20000.0,10000,gamma(h) = 0.5 * mean (z_i - z_j)^2 over pairs in the lag bin
inland,20260810,135deg,14625.0,100.58123346375527,109615,"veg_p05_temporal_mean residual (OLS, Stage 0)",pixel,1988-2022 (35 water years),20000.0,10000,gamma(h) = 0.5 * mean (z_i - z_j)^2 over pairs in the lag bin
inland,20260810,135deg,14875.0,102.20942986155559,109091,"veg_p05_temporal_mean residual (OLS, Stage 0)",pixel,1988-2022 (35 water years),20000.0,10000,gamma(h) = 0.5 * mean (z_i - z_j)^2 over pairs in the lag bin
inland,20260810,135deg,15125.0,102.73395717793709,109884,"veg_p05_temporal_mean residual (OLS, Stage 0)",pixel,1988-2022 (35 water years),20000.0,10000,gamma(h) = 0.5 * mean (z_i - z_j)^2 over pairs in the lag bin
inland,20260810,135deg,15375.0,103.27872000222273,108318,"veg_p05_temporal_mean residual (OLS, Stage 0)",pixel,1988-2022 (35 water years),20000.0,10000,gamma(h) = 0.5 * mean (z_i - z_j)^2 over pairs in the lag bin
inland,20260810,135deg,15625.0,106.452242925731,106933,"veg_p05_temporal_mean residual (OLS, Stage 0)",pixel,1988-2022 (35 water years),20000.0,10000,gamma(h) = 0.5 * mean (z_i - z_j)^2 over pairs in the lag bin
inland,20260810,135deg,15875.0,107.8866911736368,107220,"veg_p05_temporal_mean residual (OLS, Stage 0)",pixel,1988-2022 (35 water years),20000.0,10000,gamma(h) = 0.5 * mean (z_i - z_j)^2 over pairs in the lag bin
inland,20260810,135deg,16125.0,108.80561353770103,106769,"veg_p05_temporal_mean residual (OLS, Stage 0)",pixel,1988-2022 (35 water years),20000.0,10000,gamma(h) = 0.5 * mean (z_i - z_j)^2 over pairs in the lag bin
inland,20260810,135deg,16375.0,111.03159994059183,104970,"veg_p05_temporal_mean residual (OLS, Stage 0)",pixel,1988-2022 (35 water years),20000.0,10000,gamma(h) = 0.5 * mean (z_i - z_j)^2 over pairs in the lag bin
inland,20260810,135deg,16625.0,111.14511443042106,103332,"veg_p05_temporal_mean residual (OLS, Stage 0)",pixel,1988-2022 (35 water years),20000.0,10000,gamma(h) = 0.5 * mean (z_i - z_j)^2 over pairs in the lag bin
inland,20260810,135deg,16875.0,112.04792062917885,101450,"veg_p05_temporal_mean residual (OLS, Stage 0)",pixel,1988-2022 (35 water years),20000.0,10000,gamma(h) = 0.5 * mean (z_i - z_j)^2 over pairs in the lag bin
inland,20260810,135deg,17125.0,114.40072381825863,99926,"veg_p05_temporal_mean residual (OLS, Stage 0)",pixel,1988-2022 (35 water years),20000.0,10000,gamma(h) = 0.5 * mean (z_i - z_j)^2 over pairs in the lag bin
inland,20260810,135deg,17375.0,115.3448459454112,97275,"veg_p05_temporal_mean residual (OLS, Stage 0)",pixel,1988-2022 (35 water years),20000.0,10000,gamma(h) = 0.5 * mean (z_i - z_j)^2 over pairs in the lag bin
inland,20260810,135deg,17625.0,115.46390059022146,94799,"veg_p05_temporal_mean residual (OLS, Stage 0)",pixel,1988-2022 (35 water years),20000.0,10000,gamma(h) = 0.5 * mean (z_i - z_j)^2 over pairs in the lag bin
inland,20260810,135deg,17875.0,116.3740678750661,92207,"veg_p05_temporal_mean residual (OLS, Stage 0)",pixel,1988-2022 (35 water years),20000.0,10000,gamma(h) = 0.5 * mean (z_i - z_j)^2 over pairs in the lag bin
inland,20260810,135deg,18125.0,116.10026835116284,90345,"veg_p05_temporal_mean residual (OLS, Stage 0)",pixel,1988-2022 (35 water years),20000.0,10000,gamma(h) = 0.5 * mean (z_i - z_j)^2 over pairs in the lag bin
inland,20260810,135deg,18375.0,114.97956220319011,87821,"veg_p05_temporal_mean residual (OLS, Stage 0)",pixel,1988-2022 (35 water years),20000.0,10000,gamma(h) = 0.5 * mean (z_i - z_j)^2 over pairs in the lag bin
inland,20260810,135deg,18625.0,114.95477195173461,85284,"veg_p05_temporal_mean residual (OLS, Stage 0)",pixel,1988-2022 (35 water years),20000.0,10000,gamma(h) = 0.5 * mean (z_i - z_j)^2 over pairs in the lag bin
inland,20260810,135deg,18875.0,114.51717520618085,84383,"veg_p05_temporal_mean residual (OLS, Stage 0)",pixel,1988-2022 (35 water years),20000.0,10000,gamma(h) = 0.5 * mean (z_i - z_j)^2 over pairs in the lag bin
inland,20260810,135deg,19125.0,111.26915683217175,82121,"veg_p05_temporal_mean residual (OLS, Stage 0)",pixel,1988-2022 (35 water years),20000.0,10000,gamma(h) = 0.5 * mean (z_i - z_j)^2 over pairs in the lag bin
inland,20260810,135deg,19375.0,110.17183842266346,79493,"veg_p05_temporal_mean residual (OLS, Stage 0)",pixel,1988-2022 (35 water years),20000.0,10000,gamma(h) = 0.5 * mean (z_i - z_j)^2 over pairs in the lag bin
inland,20260810,135deg,19625.0,108.12762901593001,76768,"veg_p05_temporal_mean residual (OLS, Stage 0)",pixel,1988-2022 (35 water years),20000.0,10000,gamma(h) = 0.5 * mean (z_i - z_j)^2 over pairs in the lag bin
inland,20260810,135deg,19875.0,105.33993259484636,73722,"veg_p05_temporal_mean residual (OLS, Stage 0)",pixel,1988-2022 (35 water years),20000.0,10000,gamma(h) = 0.5 * mean (z_i - z_j)^2 over pairs in the lag bin
