"set","row_type","scope","form","n","value","reference","delta","detail","cluster_note","support_level","unit","period_label","weighting","estimand","cluster","source_sha256_first50","interval_status"
"part-year (115 parts in 64 paddocks)","drop_one_cluster","1","linear",70,0.15878250944637,0.161270968760519,-0.00248845931414932,"slope with zone_fid 1 removed","clustered on the PADDOCK (zone_fid)","pixel","part-year (115 parts in 64 paddocks)","1988-2022","pixel-weighted by the unit's cell count","WITHIN-UNIT (unit fixed effects) - never a version of the between-unit slope","zone_fid","1427adc27f162a7e520b44ac98249e9ae66da7472f7747dc2d61c8a3221f0d0c","diagnostic - NOT registered, and nothing here is proposed for registration"
"part-year (115 parts in 64 paddocks)","drop_one_cluster","2","linear",35,0.161019422988811,0.161270968760519,-0.000251545771708134,"slope with zone_fid 2 removed","clustered on the PADDOCK (zone_fid)","pixel","part-year (115 parts in 64 paddocks)","1988-2022","pixel-weighted by the unit's cell count","WITHIN-UNIT (unit fixed effects) - never a version of the between-unit slope","zone_fid","1427adc27f162a7e520b44ac98249e9ae66da7472f7747dc2d61c8a3221f0d0c","diagnostic - NOT registered, and nothing here is proposed for registration"
"part-year (115 parts in 64 paddocks)","drop_one_cluster","3","linear",70,0.160498438956397,0.161270968760519,-0.000772529804121819,"slope with zone_fid 3 removed","clustered on the PADDOCK (zone_fid)","pixel","part-year (115 parts in 64 paddocks)","1988-2022","pixel-weighted by the unit's cell count","WITHIN-UNIT (unit fixed effects) - never a version of the between-unit slope","zone_fid","1427adc27f162a7e520b44ac98249e9ae66da7472f7747dc2d61c8a3221f0d0c","diagnostic - NOT registered, and nothing here is proposed for registration"
"part-year (115 parts in 64 paddocks)","drop_one_cluster","4","linear",105,0.159949332074889,0.161270968760519,-0.00132163668562998,"slope with zone_fid 4 removed","clustered on the PADDOCK (zone_fid)","pixel","part-year (115 parts in 64 paddocks)","1988-2022","pixel-weighted by the unit's cell count","WITHIN-UNIT (unit fixed effects) - never a version of the between-unit slope","zone_fid","1427adc27f162a7e520b44ac98249e9ae66da7472f7747dc2d61c8a3221f0d0c","diagnostic - NOT registered, and nothing here is proposed for registration"
"part-year (115 parts in 64 paddocks)","drop_one_cluster","5","linear",70,0.160665928540756,0.161270968760519,-0.000605040219763431,"slope with zone_fid 5 removed","clustered on the PADDOCK (zone_fid)","pixel","part-year (115 parts in 64 paddocks)","1988-2022","pixel-weighted by the unit's cell count","WITHIN-UNIT (unit fixed effects) - never a version of the between-unit slope","zone_fid","1427adc27f162a7e520b44ac98249e9ae66da7472f7747dc2d61c8a3221f0d0c","diagnostic - NOT registered, and nothing here is proposed for registration"
"part-year (115 parts in 64 paddocks)","drop_one_cluster","6","linear",70,0.158343393218268,0.161270968760519,-0.00292757554225134,"slope with zone_fid 6 removed","clustered on the PADDOCK (zone_fid)","pixel","part-year (115 parts in 64 paddocks)","1988-2022","pixel-weighted by the unit's cell count","WITHIN-UNIT (unit fixed effects) - never a version of the between-unit slope","zone_fid","1427adc27f162a7e520b44ac98249e9ae66da7472f7747dc2d61c8a3221f0d0c","diagnostic - NOT registered, and nothing here is proposed for registration"
"part-year (115 parts in 64 paddocks)","drop_one_cluster","7","linear",35,0.159121259988914,0.161270968760519,-0.00214970877160492,"slope with zone_fid 7 removed","clustered on the PADDOCK (zone_fid)","pixel","part-year (115 parts in 64 paddocks)","1988-2022","pixel-weighted by the unit's cell count","WITHIN-UNIT (unit fixed effects) - never a version of the between-unit slope","zone_fid","1427adc27f162a7e520b44ac98249e9ae66da7472f7747dc2d61c8a3221f0d0c","diagnostic - NOT registered, and nothing here is proposed for registration"
"part-year (115 parts in 64 paddocks)","drop_one_cluster","8","linear",35,0.161206886335921,0.161270968760519,-6.40824245983496e-05,"slope with zone_fid 8 removed","clustered on the PADDOCK (zone_fid)","pixel","part-year (115 parts in 64 paddocks)","1988-2022","pixel-weighted by the unit's cell count","WITHIN-UNIT (unit fixed effects) - never a version of the between-unit slope","zone_fid","1427adc27f162a7e520b44ac98249e9ae66da7472f7747dc2d61c8a3221f0d0c","diagnostic - NOT registered, and nothing here is proposed for registration"
"part-year (115 parts in 64 paddocks)","drop_one_cluster","9","linear",70,0.157565928956892,0.161270968760519,-0.0037050398036268,"slope with zone_fid 9 removed","clustered on the PADDOCK (zone_fid)","pixel","part-year (115 parts in 64 paddocks)","1988-2022","pixel-weighted by the unit's cell count","WITHIN-UNIT (unit fixed effects) - never a version of the between-unit slope","zone_fid","1427adc27f162a7e520b44ac98249e9ae66da7472f7747dc2d61c8a3221f0d0c","diagnostic - NOT registered, and nothing here is proposed for registration"
"part-year (115 parts in 64 paddocks)","drop_one_cluster","10","linear",70,0.158767580407183,0.161270968760519,-0.00250338835333619,"slope with zone_fid 10 removed","clustered on the PADDOCK (zone_fid)","pixel","part-year (115 parts in 64 paddocks)","1988-2022","pixel-weighted by the unit's cell count","WITHIN-UNIT (unit fixed effects) - never a version of the between-unit slope","zone_fid","1427adc27f162a7e520b44ac98249e9ae66da7472f7747dc2d61c8a3221f0d0c","diagnostic - NOT registered, and nothing here is proposed for registration"
"part-year (115 parts in 64 paddocks)","drop_one_cluster","11","linear",35,0.16166463477722,0.161270968760519,0.000393666016701377,"slope with zone_fid 11 removed","clustered on the PADDOCK (zone_fid)","pixel","part-year (115 parts in 64 paddocks)","1988-2022","pixel-weighted by the unit's cell count","WITHIN-UNIT (unit fixed effects) - never a version of the between-unit slope","zone_fid","1427adc27f162a7e520b44ac98249e9ae66da7472f7747dc2d61c8a3221f0d0c","diagnostic - NOT registered, and nothing here is proposed for registration"
"part-year (115 parts in 64 paddocks)","drop_one_cluster","12","linear",70,0.160085062405086,0.161270968760519,-0.00118590635543309,"slope with zone_fid 12 removed","clustered on the PADDOCK (zone_fid)","pixel","part-year (115 parts in 64 paddocks)","1988-2022","pixel-weighted by the unit's cell count","WITHIN-UNIT (unit fixed effects) - never a version of the between-unit slope","zone_fid","1427adc27f162a7e520b44ac98249e9ae66da7472f7747dc2d61c8a3221f0d0c","diagnostic - NOT registered, and nothing here is proposed for registration"
"part-year (115 parts in 64 paddocks)","drop_one_cluster","13","linear",35,0.161952925201684,0.161270968760519,0.000681956441164783,"slope with zone_fid 13 removed","clustered on the PADDOCK (zone_fid)","pixel","part-year (115 parts in 64 paddocks)","1988-2022","pixel-weighted by the unit's cell count","WITHIN-UNIT (unit fixed effects) - never a version of the between-unit slope","zone_fid","1427adc27f162a7e520b44ac98249e9ae66da7472f7747dc2d61c8a3221f0d0c","diagnostic - NOT registered, and nothing here is proposed for registration"
"part-year (115 parts in 64 paddocks)","drop_one_cluster","14","linear",35,0.160971865489922,0.161270968760519,-0.00029910327059729,"slope with zone_fid 14 removed","clustered on the PADDOCK (zone_fid)","pixel","part-year (115 parts in 64 paddocks)","1988-2022","pixel-weighted by the unit's cell count","WITHIN-UNIT (unit fixed effects) - never a version of the between-unit slope","zone_fid","1427adc27f162a7e520b44ac98249e9ae66da7472f7747dc2d61c8a3221f0d0c","diagnostic - NOT registered, and nothing here is proposed for registration"
"part-year (115 parts in 64 paddocks)","drop_one_cluster","15","linear",35,0.162964046340619,0.161270968760519,0.00169307758010023,"slope with zone_fid 15 removed","clustered on the PADDOCK (zone_fid)","pixel","part-year (115 parts in 64 paddocks)","1988-2022","pixel-weighted by the unit's cell count","WITHIN-UNIT (unit fixed effects) - never a version of the between-unit slope","zone_fid","1427adc27f162a7e520b44ac98249e9ae66da7472f7747dc2d61c8a3221f0d0c","diagnostic - NOT registered, and nothing here is proposed for registration"
"part-year (115 parts in 64 paddocks)","drop_one_cluster","16","linear",70,0.163038379904154,0.161270968760519,0.00176741114363449,"slope with zone_fid 16 removed","clustered on the PADDOCK (zone_fid)","pixel","part-year (115 parts in 64 paddocks)","1988-2022","pixel-weighted by the unit's cell count","WITHIN-UNIT (unit fixed effects) - never a version of the between-unit slope","zone_fid","1427adc27f162a7e520b44ac98249e9ae66da7472f7747dc2d61c8a3221f0d0c","diagnostic - NOT registered, and nothing here is proposed for registration"
"part-year (115 parts in 64 paddocks)","drop_one_cluster","17","linear",35,0.16282327338499,0.161270968760519,0.00155230462447078,"slope with zone_fid 17 removed","clustered on the PADDOCK (zone_fid)","pixel","part-year (115 parts in 64 paddocks)","1988-2022","pixel-weighted by the unit's cell count","WITHIN-UNIT (unit fixed effects) - never a version of the between-unit slope","zone_fid","1427adc27f162a7e520b44ac98249e9ae66da7472f7747dc2d61c8a3221f0d0c","diagnostic - NOT registered, and nothing here is proposed for registration"
"part-year (115 parts in 64 paddocks)","drop_one_cluster","18","linear",105,0.161250341513679,0.161270968760519,-2.06272468404878e-05,"slope with zone_fid 18 removed","clustered on the PADDOCK (zone_fid)","pixel","part-year (115 parts in 64 paddocks)","1988-2022","pixel-weighted by the unit's cell count","WITHIN-UNIT (unit fixed effects) - never a version of the between-unit slope","zone_fid","1427adc27f162a7e520b44ac98249e9ae66da7472f7747dc2d61c8a3221f0d0c","diagnostic - NOT registered, and nothing here is proposed for registration"
"part-year (115 parts in 64 paddocks)","drop_one_cluster","19","linear",35,0.163515856351826,0.161270968760519,0.00224488759130703,"slope with zone_fid 19 removed","clustered on the PADDOCK (zone_fid)","pixel","part-year (115 parts in 64 paddocks)","1988-2022","pixel-weighted by the unit's cell count","WITHIN-UNIT (unit fixed effects) - never a version of the between-unit slope","zone_fid","1427adc27f162a7e520b44ac98249e9ae66da7472f7747dc2d61c8a3221f0d0c","diagnostic - NOT registered, and nothing here is proposed for registration"
"part-year (115 parts in 64 paddocks)","drop_one_cluster","20","linear",35,0.162425608137898,0.161270968760519,0.00115463937737867,"slope with zone_fid 20 removed","clustered on the PADDOCK (zone_fid)","pixel","part-year (115 parts in 64 paddocks)","1988-2022","pixel-weighted by the unit's cell count","WITHIN-UNIT (unit fixed effects) - never a version of the between-unit slope","zone_fid","1427adc27f162a7e520b44ac98249e9ae66da7472f7747dc2d61c8a3221f0d0c","diagnostic - NOT registered, and nothing here is proposed for registration"
"part-year (115 parts in 64 paddocks)","drop_one_cluster","21","linear",70,0.159090207624609,0.161270968760519,-0.00218076113590995,"slope with zone_fid 21 removed","clustered on the PADDOCK (zone_fid)","pixel","part-year (115 parts in 64 paddocks)","1988-2022","pixel-weighted by the unit's cell count","WITHIN-UNIT (unit fixed effects) - never a version of the between-unit slope","zone_fid","1427adc27f162a7e520b44ac98249e9ae66da7472f7747dc2d61c8a3221f0d0c","diagnostic - NOT registered, and nothing here is proposed for registration"
"part-year (115 parts in 64 paddocks)","drop_one_cluster","22","linear",35,0.160652146399838,0.161270968760519,-0.000618822360680976,"slope with zone_fid 22 removed","clustered on the PADDOCK (zone_fid)","pixel","part-year (115 parts in 64 paddocks)","1988-2022","pixel-weighted by the unit's cell count","WITHIN-UNIT (unit fixed effects) - never a version of the between-unit slope","zone_fid","1427adc27f162a7e520b44ac98249e9ae66da7472f7747dc2d61c8a3221f0d0c","diagnostic - NOT registered, and nothing here is proposed for registration"
"part-year (115 parts in 64 paddocks)","drop_one_cluster","23","linear",35,0.160601744744336,0.161270968760519,-0.000669224016182718,"slope with zone_fid 23 removed","clustered on the PADDOCK (zone_fid)","pixel","part-year (115 parts in 64 paddocks)","1988-2022","pixel-weighted by the unit's cell count","WITHIN-UNIT (unit fixed effects) - never a version of the between-unit slope","zone_fid","1427adc27f162a7e520b44ac98249e9ae66da7472f7747dc2d61c8a3221f0d0c","diagnostic - NOT registered, and nothing here is proposed for registration"
"part-year (115 parts in 64 paddocks)","drop_one_cluster","24","linear",70,0.161122916982829,0.161270968760519,-0.000148051777690311,"slope with zone_fid 24 removed","clustered on the PADDOCK (zone_fid)","pixel","part-year (115 parts in 64 paddocks)","1988-2022","pixel-weighted by the unit's cell count","WITHIN-UNIT (unit fixed effects) - never a version of the between-unit slope","zone_fid","1427adc27f162a7e520b44ac98249e9ae66da7472f7747dc2d61c8a3221f0d0c","diagnostic - NOT registered, and nothing here is proposed for registration"
"part-year (115 parts in 64 paddocks)","drop_one_cluster","25","linear",70,0.164321599691342,0.161270968760519,0.00305063093082261,"slope with zone_fid 25 removed","clustered on the PADDOCK (zone_fid)","pixel","part-year (115 parts in 64 paddocks)","1988-2022","pixel-weighted by the unit's cell count","WITHIN-UNIT (unit fixed effects) - never a version of the between-unit slope","zone_fid","1427adc27f162a7e520b44ac98249e9ae66da7472f7747dc2d61c8a3221f0d0c","diagnostic - NOT registered, and nothing here is proposed for registration"
"part-year (115 parts in 64 paddocks)","drop_one_cluster","26","linear",70,0.162139074815365,0.161270968760519,0.000868106054845663,"slope with zone_fid 26 removed","clustered on the PADDOCK (zone_fid)","pixel","part-year (115 parts in 64 paddocks)","1988-2022","pixel-weighted by the unit's cell count","WITHIN-UNIT (unit fixed effects) - never a version of the between-unit slope","zone_fid","1427adc27f162a7e520b44ac98249e9ae66da7472f7747dc2d61c8a3221f0d0c","diagnostic - NOT registered, and nothing here is proposed for registration"
"part-year (115 parts in 64 paddocks)","drop_one_cluster","27","linear",70,0.161277764565546,0.161270968760519,6.7958050267436e-06,"slope with zone_fid 27 removed","clustered on the PADDOCK (zone_fid)","pixel","part-year (115 parts in 64 paddocks)","1988-2022","pixel-weighted by the unit's cell count","WITHIN-UNIT (unit fixed effects) - never a version of the between-unit slope","zone_fid","1427adc27f162a7e520b44ac98249e9ae66da7472f7747dc2d61c8a3221f0d0c","diagnostic - NOT registered, and nothing here is proposed for registration"
"part-year (115 parts in 64 paddocks)","drop_one_cluster","28","linear",70,0.161140201569424,0.161270968760519,-0.000130767191095005,"slope with zone_fid 28 removed","clustered on the PADDOCK (zone_fid)","pixel","part-year (115 parts in 64 paddocks)","1988-2022","pixel-weighted by the unit's cell count","WITHIN-UNIT (unit fixed effects) - never a version of the between-unit slope","zone_fid","1427adc27f162a7e520b44ac98249e9ae66da7472f7747dc2d61c8a3221f0d0c","diagnostic - NOT registered, and nothing here is proposed for registration"
"part-year (115 parts in 64 paddocks)","drop_one_cluster","29","linear",35,0.162062149111729,0.161270968760519,0.000791180351210091,"slope with zone_fid 29 removed","clustered on the PADDOCK (zone_fid)","pixel","part-year (115 parts in 64 paddocks)","1988-2022","pixel-weighted by the unit's cell count","WITHIN-UNIT (unit fixed effects) - never a version of the between-unit slope","zone_fid","1427adc27f162a7e520b44ac98249e9ae66da7472f7747dc2d61c8a3221f0d0c","diagnostic - NOT registered, and nothing here is proposed for registration"
"part-year (115 parts in 64 paddocks)","drop_one_cluster","30","linear",35,0.162058560911893,0.161270968760519,0.000787592151373723,"slope with zone_fid 30 removed","clustered on the PADDOCK (zone_fid)","pixel","part-year (115 parts in 64 paddocks)","1988-2022","pixel-weighted by the unit's cell count","WITHIN-UNIT (unit fixed effects) - never a version of the between-unit slope","zone_fid","1427adc27f162a7e520b44ac98249e9ae66da7472f7747dc2d61c8a3221f0d0c","diagnostic - NOT registered, and nothing here is proposed for registration"
"part-year (115 parts in 64 paddocks)","drop_one_cluster","31","linear",105,0.161352031295881,0.161270968760519,8.10625353622751e-05,"slope with zone_fid 31 removed","clustered on the PADDOCK (zone_fid)","pixel","part-year (115 parts in 64 paddocks)","1988-2022","pixel-weighted by the unit's cell count","WITHIN-UNIT (unit fixed effects) - never a version of the between-unit slope","zone_fid","1427adc27f162a7e520b44ac98249e9ae66da7472f7747dc2d61c8a3221f0d0c","diagnostic - NOT registered, and nothing here is proposed for registration"
"part-year (115 parts in 64 paddocks)","drop_one_cluster","32","linear",70,0.161921789449881,0.161270968760519,0.000650820689362341,"slope with zone_fid 32 removed","clustered on the PADDOCK (zone_fid)","pixel","part-year (115 parts in 64 paddocks)","1988-2022","pixel-weighted by the unit's cell count","WITHIN-UNIT (unit fixed effects) - never a version of the between-unit slope","zone_fid","1427adc27f162a7e520b44ac98249e9ae66da7472f7747dc2d61c8a3221f0d0c","diagnostic - NOT registered, and nothing here is proposed for registration"
"part-year (115 parts in 64 paddocks)","drop_one_cluster","33","linear",35,0.163472920693047,0.161270968760519,0.00220195193252831,"slope with zone_fid 33 removed","clustered on the PADDOCK (zone_fid)","pixel","part-year (115 parts in 64 paddocks)","1988-2022","pixel-weighted by the unit's cell count","WITHIN-UNIT (unit fixed effects) - never a version of the between-unit slope","zone_fid","1427adc27f162a7e520b44ac98249e9ae66da7472f7747dc2d61c8a3221f0d0c","diagnostic - NOT registered, and nothing here is proposed for registration"
"part-year (115 parts in 64 paddocks)","drop_one_cluster","34","linear",35,0.162196078250146,0.161270968760519,0.000925109489626791,"slope with zone_fid 34 removed","clustered on the PADDOCK (zone_fid)","pixel","part-year (115 parts in 64 paddocks)","1988-2022","pixel-weighted by the unit's cell count","WITHIN-UNIT (unit fixed effects) - never a version of the between-unit slope","zone_fid","1427adc27f162a7e520b44ac98249e9ae66da7472f7747dc2d61c8a3221f0d0c","diagnostic - NOT registered, and nothing here is proposed for registration"
"part-year (115 parts in 64 paddocks)","drop_one_cluster","35","linear",35,0.161778662798899,0.161270968760519,0.000507694038379858,"slope with zone_fid 35 removed","clustered on the PADDOCK (zone_fid)","pixel","part-year (115 parts in 64 paddocks)","1988-2022","pixel-weighted by the unit's cell count","WITHIN-UNIT (unit fixed effects) - never a version of the between-unit slope","zone_fid","1427adc27f162a7e520b44ac98249e9ae66da7472f7747dc2d61c8a3221f0d0c","diagnostic - NOT registered, and nothing here is proposed for registration"
"part-year (115 parts in 64 paddocks)","drop_one_cluster","36","linear",35,0.163861247199625,0.161270968760519,0.00259027843910586,"slope with zone_fid 36 removed","clustered on the PADDOCK (zone_fid)","pixel","part-year (115 parts in 64 paddocks)","1988-2022","pixel-weighted by the unit's cell count","WITHIN-UNIT (unit fixed effects) - never a version of the between-unit slope","zone_fid","1427adc27f162a7e520b44ac98249e9ae66da7472f7747dc2d61c8a3221f0d0c","diagnostic - NOT registered, and nothing here is proposed for registration"
"part-year (115 parts in 64 paddocks)","drop_one_cluster","37","linear",105,0.163773181308436,0.161270968760519,0.00250221254791647,"slope with zone_fid 37 removed","clustered on the PADDOCK (zone_fid)","pixel","part-year (115 parts in 64 paddocks)","1988-2022","pixel-weighted by the unit's cell count","WITHIN-UNIT (unit fixed effects) - never a version of the between-unit slope","zone_fid","1427adc27f162a7e520b44ac98249e9ae66da7472f7747dc2d61c8a3221f0d0c","diagnostic - NOT registered, and nothing here is proposed for registration"
"part-year (115 parts in 64 paddocks)","drop_one_cluster","38","linear",105,0.161373334507727,0.161270968760519,0.000102365747207761,"slope with zone_fid 38 removed","clustered on the PADDOCK (zone_fid)","pixel","part-year (115 parts in 64 paddocks)","1988-2022","pixel-weighted by the unit's cell count","WITHIN-UNIT (unit fixed effects) - never a version of the between-unit slope","zone_fid","1427adc27f162a7e520b44ac98249e9ae66da7472f7747dc2d61c8a3221f0d0c","diagnostic - NOT registered, and nothing here is proposed for registration"
"part-year (115 parts in 64 paddocks)","drop_one_cluster","39","linear",70,0.160740024298051,0.161270968760519,-0.000530944462467625,"slope with zone_fid 39 removed","clustered on the PADDOCK (zone_fid)","pixel","part-year (115 parts in 64 paddocks)","1988-2022","pixel-weighted by the unit's cell count","WITHIN-UNIT (unit fixed effects) - never a version of the between-unit slope","zone_fid","1427adc27f162a7e520b44ac98249e9ae66da7472f7747dc2d61c8a3221f0d0c","diagnostic - NOT registered, and nothing here is proposed for registration"
"part-year (115 parts in 64 paddocks)","drop_one_cluster","40","linear",35,0.162047014073864,0.161270968760519,0.000776045313345186,"slope with zone_fid 40 removed","clustered on the PADDOCK (zone_fid)","pixel","part-year (115 parts in 64 paddocks)","1988-2022","pixel-weighted by the unit's cell count","WITHIN-UNIT (unit fixed effects) - never a version of the between-unit slope","zone_fid","1427adc27f162a7e520b44ac98249e9ae66da7472f7747dc2d61c8a3221f0d0c","diagnostic - NOT registered, and nothing here is proposed for registration"
"part-year (115 parts in 64 paddocks)","drop_one_cluster","41","linear",35,0.162146862910707,0.161270968760519,0.000875894150188156,"slope with zone_fid 41 removed","clustered on the PADDOCK (zone_fid)","pixel","part-year (115 parts in 64 paddocks)","1988-2022","pixel-weighted by the unit's cell count","WITHIN-UNIT (unit fixed effects) - never a version of the between-unit slope","zone_fid","1427adc27f162a7e520b44ac98249e9ae66da7472f7747dc2d61c8a3221f0d0c","diagnostic - NOT registered, and nothing here is proposed for registration"
"part-year (115 parts in 64 paddocks)","drop_one_cluster","42","linear",35,0.162287309706137,0.161270968760519,0.0010163409456182,"slope with zone_fid 42 removed","clustered on the PADDOCK (zone_fid)","pixel","part-year (115 parts in 64 paddocks)","1988-2022","pixel-weighted by the unit's cell count","WITHIN-UNIT (unit fixed effects) - never a version of the between-unit slope","zone_fid","1427adc27f162a7e520b44ac98249e9ae66da7472f7747dc2d61c8a3221f0d0c","diagnostic - NOT registered, and nothing here is proposed for registration"
"part-year (115 parts in 64 paddocks)","drop_one_cluster","43","linear",35,0.161357964032968,0.161270968760519,8.69952724487366e-05,"slope with zone_fid 43 removed","clustered on the PADDOCK (zone_fid)","pixel","part-year (115 parts in 64 paddocks)","1988-2022","pixel-weighted by the unit's cell count","WITHIN-UNIT (unit fixed effects) - never a version of the between-unit slope","zone_fid","1427adc27f162a7e520b44ac98249e9ae66da7472f7747dc2d61c8a3221f0d0c","diagnostic - NOT registered, and nothing here is proposed for registration"
"part-year (115 parts in 64 paddocks)","drop_one_cluster","44","linear",35,0.161612954239494,0.161270968760519,0.000341985478975376,"slope with zone_fid 44 removed","clustered on the PADDOCK (zone_fid)","pixel","part-year (115 parts in 64 paddocks)","1988-2022","pixel-weighted by the unit's cell count","WITHIN-UNIT (unit fixed effects) - never a version of the between-unit slope","zone_fid","1427adc27f162a7e520b44ac98249e9ae66da7472f7747dc2d61c8a3221f0d0c","diagnostic - NOT registered, and nothing here is proposed for registration"
"part-year (115 parts in 64 paddocks)","drop_one_cluster","45","linear",70,0.161448776894285,0.161270968760519,0.000177808133766,"slope with zone_fid 45 removed","clustered on the PADDOCK (zone_fid)","pixel","part-year (115 parts in 64 paddocks)","1988-2022","pixel-weighted by the unit's cell count","WITHIN-UNIT (unit fixed effects) - never a version of the between-unit slope","zone_fid","1427adc27f162a7e520b44ac98249e9ae66da7472f7747dc2d61c8a3221f0d0c","diagnostic - NOT registered, and nothing here is proposed for registration"
"part-year (115 parts in 64 paddocks)","drop_one_cluster","46","linear",35,0.161262327040516,0.161270968760519,-8.64172000281105e-06,"slope with zone_fid 46 removed","clustered on the PADDOCK (zone_fid)","pixel","part-year (115 parts in 64 paddocks)","1988-2022","pixel-weighted by the unit's cell count","WITHIN-UNIT (unit fixed effects) - never a version of the between-unit slope","zone_fid","1427adc27f162a7e520b44ac98249e9ae66da7472f7747dc2d61c8a3221f0d0c","diagnostic - NOT registered, and nothing here is proposed for registration"
"part-year (115 parts in 64 paddocks)","drop_one_cluster","47","linear",35,0.16161044935316,0.161270968760519,0.00033948059264069,"slope with zone_fid 47 removed","clustered on the PADDOCK (zone_fid)","pixel","part-year (115 parts in 64 paddocks)","1988-2022","pixel-weighted by the unit's cell count","WITHIN-UNIT (unit fixed effects) - never a version of the between-unit slope","zone_fid","1427adc27f162a7e520b44ac98249e9ae66da7472f7747dc2d61c8a3221f0d0c","diagnostic - NOT registered, and nothing here is proposed for registration"
"part-year (115 parts in 64 paddocks)","drop_one_cluster","48","linear",105,0.161335274528406,0.161270968760519,6.43057678871295e-05,"slope with zone_fid 48 removed","clustered on the PADDOCK (zone_fid)","pixel","part-year (115 parts in 64 paddocks)","1988-2022","pixel-weighted by the unit's cell count","WITHIN-UNIT (unit fixed effects) - never a version of the between-unit slope","zone_fid","1427adc27f162a7e520b44ac98249e9ae66da7472f7747dc2d61c8a3221f0d0c","diagnostic - NOT registered, and nothing here is proposed for registration"
"part-year (115 parts in 64 paddocks)","drop_one_cluster","49","linear",35,0.161626635853487,0.161270968760519,0.000355667092968082,"slope with zone_fid 49 removed","clustered on the PADDOCK (zone_fid)","pixel","part-year (115 parts in 64 paddocks)","1988-2022","pixel-weighted by the unit's cell count","WITHIN-UNIT (unit fixed effects) - never a version of the between-unit slope","zone_fid","1427adc27f162a7e520b44ac98249e9ae66da7472f7747dc2d61c8a3221f0d0c","diagnostic - NOT registered, and nothing here is proposed for registration"
"part-year (115 parts in 64 paddocks)","drop_one_cluster","50","linear",35,0.161387274389971,0.161270968760519,0.00011630562945189,"slope with zone_fid 50 removed","clustered on the PADDOCK (zone_fid)","pixel","part-year (115 parts in 64 paddocks)","1988-2022","pixel-weighted by the unit's cell count","WITHIN-UNIT (unit fixed effects) - never a version of the between-unit slope","zone_fid","1427adc27f162a7e520b44ac98249e9ae66da7472f7747dc2d61c8a3221f0d0c","diagnostic - NOT registered, and nothing here is proposed for registration"
"part-year (115 parts in 64 paddocks)","drop_one_cluster","51","linear",105,0.161280831860863,0.161270968760519,9.86310034353788e-06,"slope with zone_fid 51 removed","clustered on the PADDOCK (zone_fid)","pixel","part-year (115 parts in 64 paddocks)","1988-2022","pixel-weighted by the unit's cell count","WITHIN-UNIT (unit fixed effects) - never a version of the between-unit slope","zone_fid","1427adc27f162a7e520b44ac98249e9ae66da7472f7747dc2d61c8a3221f0d0c","diagnostic - NOT registered, and nothing here is proposed for registration"
"part-year (115 parts in 64 paddocks)","drop_one_cluster","52","linear",70,0.160945407449423,0.161270968760519,-0.000325561311096512,"slope with zone_fid 52 removed","clustered on the PADDOCK (zone_fid)","pixel","part-year (115 parts in 64 paddocks)","1988-2022","pixel-weighted by the unit's cell count","WITHIN-UNIT (unit fixed effects) - never a version of the between-unit slope","zone_fid","1427adc27f162a7e520b44ac98249e9ae66da7472f7747dc2d61c8a3221f0d0c","diagnostic - NOT registered, and nothing here is proposed for registration"
"part-year (115 parts in 64 paddocks)","drop_one_cluster","53","linear",70,0.160899448094597,0.161270968760519,-0.000371520665922165,"slope with zone_fid 53 removed","clustered on the PADDOCK (zone_fid)","pixel","part-year (115 parts in 64 paddocks)","1988-2022","pixel-weighted by the unit's cell count","WITHIN-UNIT (unit fixed effects) - never a version of the between-unit slope","zone_fid","1427adc27f162a7e520b44ac98249e9ae66da7472f7747dc2d61c8a3221f0d0c","diagnostic - NOT registered, and nothing here is proposed for registration"
"part-year (115 parts in 64 paddocks)","drop_one_cluster","54","linear",70,0.160915711648282,0.161270968760519,-0.000355257112237273,"slope with zone_fid 54 removed","clustered on the PADDOCK (zone_fid)","pixel","part-year (115 parts in 64 paddocks)","1988-2022","pixel-weighted by the unit's cell count","WITHIN-UNIT (unit fixed effects) - never a version of the between-unit slope","zone_fid","1427adc27f162a7e520b44ac98249e9ae66da7472f7747dc2d61c8a3221f0d0c","diagnostic - NOT registered, and nothing here is proposed for registration"
"part-year (115 parts in 64 paddocks)","drop_one_cluster","55","linear",105,0.159660730873042,0.161270968760519,-0.00161023788747733,"slope with zone_fid 55 removed","clustered on the PADDOCK (zone_fid)","pixel","part-year (115 parts in 64 paddocks)","1988-2022","pixel-weighted by the unit's cell count","WITHIN-UNIT (unit fixed effects) - never a version of the between-unit slope","zone_fid","1427adc27f162a7e520b44ac98249e9ae66da7472f7747dc2d61c8a3221f0d0c","diagnostic - NOT registered, and nothing here is proposed for registration"
"part-year (115 parts in 64 paddocks)","drop_one_cluster","56","linear",105,0.160555421802631,0.161270968760519,-0.000715546957888419,"slope with zone_fid 56 removed","clustered on the PADDOCK (zone_fid)","pixel","part-year (115 parts in 64 paddocks)","1988-2022","pixel-weighted by the unit's cell count","WITHIN-UNIT (unit fixed effects) - never a version of the between-unit slope","zone_fid","1427adc27f162a7e520b44ac98249e9ae66da7472f7747dc2d61c8a3221f0d0c","diagnostic - NOT registered, and nothing here is proposed for registration"
"part-year (115 parts in 64 paddocks)","drop_one_cluster","57","linear",105,0.160893579582919,0.161270968760519,-0.000377389177600412,"slope with zone_fid 57 removed","clustered on the PADDOCK (zone_fid)","pixel","part-year (115 parts in 64 paddocks)","1988-2022","pixel-weighted by the unit's cell count","WITHIN-UNIT (unit fixed effects) - never a version of the between-unit slope","zone_fid","1427adc27f162a7e520b44ac98249e9ae66da7472f7747dc2d61c8a3221f0d0c","diagnostic - NOT registered, and nothing here is proposed for registration"
"part-year (115 parts in 64 paddocks)","drop_one_cluster","58","linear",105,0.161553188304118,0.161270968760519,0.000282219543599055,"slope with zone_fid 58 removed","clustered on the PADDOCK (zone_fid)","pixel","part-year (115 parts in 64 paddocks)","1988-2022","pixel-weighted by the unit's cell count","WITHIN-UNIT (unit fixed effects) - never a version of the between-unit slope","zone_fid","1427adc27f162a7e520b44ac98249e9ae66da7472f7747dc2d61c8a3221f0d0c","diagnostic - NOT registered, and nothing here is proposed for registration"
"part-year (115 parts in 64 paddocks)","drop_one_cluster","59","linear",70,0.161168186568639,0.161270968760519,-0.000102782191880535,"slope with zone_fid 59 removed","clustered on the PADDOCK (zone_fid)","pixel","part-year (115 parts in 64 paddocks)","1988-2022","pixel-weighted by the unit's cell count","WITHIN-UNIT (unit fixed effects) - never a version of the between-unit slope","zone_fid","1427adc27f162a7e520b44ac98249e9ae66da7472f7747dc2d61c8a3221f0d0c","diagnostic - NOT registered, and nothing here is proposed for registration"
"part-year (115 parts in 64 paddocks)","drop_one_cluster","60","linear",70,0.161054516041517,0.161270968760519,-0.000216452719001836,"slope with zone_fid 60 removed","clustered on the PADDOCK (zone_fid)","pixel","part-year (115 parts in 64 paddocks)","1988-2022","pixel-weighted by the unit's cell count","WITHIN-UNIT (unit fixed effects) - never a version of the between-unit slope","zone_fid","1427adc27f162a7e520b44ac98249e9ae66da7472f7747dc2d61c8a3221f0d0c","diagnostic - NOT registered, and nothing here is proposed for registration"
"part-year (115 parts in 64 paddocks)","drop_one_cluster","61","linear",105,0.161114796193818,0.161270968760519,-0.000156172566700863,"slope with zone_fid 61 removed","clustered on the PADDOCK (zone_fid)","pixel","part-year (115 parts in 64 paddocks)","1988-2022","pixel-weighted by the unit's cell count","WITHIN-UNIT (unit fixed effects) - never a version of the between-unit slope","zone_fid","1427adc27f162a7e520b44ac98249e9ae66da7472f7747dc2d61c8a3221f0d0c","diagnostic - NOT registered, and nothing here is proposed for registration"
"part-year (115 parts in 64 paddocks)","drop_one_cluster","62","linear",105,0.159928295663846,0.161270968760519,-0.0013426730966733,"slope with zone_fid 62 removed","clustered on the PADDOCK (zone_fid)","pixel","part-year (115 parts in 64 paddocks)","1988-2022","pixel-weighted by the unit's cell count","WITHIN-UNIT (unit fixed effects) - never a version of the between-unit slope","zone_fid","1427adc27f162a7e520b44ac98249e9ae66da7472f7747dc2d61c8a3221f0d0c","diagnostic - NOT registered, and nothing here is proposed for registration"
"part-year (115 parts in 64 paddocks)","drop_one_cluster","63","linear",105,0.160834764456352,0.161270968760519,-0.000436204304167492,"slope with zone_fid 63 removed","clustered on the PADDOCK (zone_fid)","pixel","part-year (115 parts in 64 paddocks)","1988-2022","pixel-weighted by the unit's cell count","WITHIN-UNIT (unit fixed effects) - never a version of the between-unit slope","zone_fid","1427adc27f162a7e520b44ac98249e9ae66da7472f7747dc2d61c8a3221f0d0c","diagnostic - NOT registered, and nothing here is proposed for registration"
"part-year (115 parts in 64 paddocks)","drop_one_cluster","64","linear",70,0.16098495951187,0.161270968760519,-0.000286009248648883,"slope with zone_fid 64 removed","clustered on the PADDOCK (zone_fid)","pixel","part-year (115 parts in 64 paddocks)","1988-2022","pixel-weighted by the unit's cell count","WITHIN-UNIT (unit fixed effects) - never a version of the between-unit slope","zone_fid","1427adc27f162a7e520b44ac98249e9ae66da7472f7747dc2d61c8a3221f0d0c","diagnostic - NOT registered, and nothing here is proposed for registration"
"part-year (115 parts in 64 paddocks)","form_summary","pooled","linear",4025,10.7838473333637,0.173481971168033,0,"leave-one-zone_fid-out CV weighted RMSE 10.7838; in-sample R2 0.1735; terms +0.16127","clustered on the PADDOCK (zone_fid)","pixel","part-year (115 parts in 64 paddocks)","1988-2022","pixel-weighted by the unit's cell count","WITHIN-UNIT (unit fixed effects) - never a version of the between-unit slope","zone_fid","1427adc27f162a7e520b44ac98249e9ae66da7472f7747dc2d61c8a3221f0d0c","diagnostic - NOT registered, and nothing here is proposed for registration"
"part-year (115 parts in 64 paddocks)","form_summary","pooled","quadratic",4025,10.5520819428872,0.173481971168033,0.036142899823403,"leave-one-zone_fid-out CV weighted RMSE 10.5521; in-sample R2 0.2096; terms +0.43952 -0.00313","clustered on the PADDOCK (zone_fid)","pixel","part-year (115 parts in 64 paddocks)","1988-2022","pixel-weighted by the unit's cell count","WITHIN-UNIT (unit fixed effects) - never a version of the between-unit slope","zone_fid","1427adc27f162a7e520b44ac98249e9ae66da7472f7747dc2d61c8a3221f0d0c","diagnostic - NOT registered, and nothing here is proposed for registration"
"part-year (115 parts in 64 paddocks)","form_summary","pooled","sqrt_x",4025,10.463537043452,0.173481971168033,0.0485681770550302,"leave-one-zone_fid-out CV weighted RMSE 10.4635; in-sample R2 0.2221; terms +1.78168","clustered on the PADDOCK (zone_fid)","pixel","part-year (115 parts in 64 paddocks)","1988-2022","pixel-weighted by the unit's cell count","WITHIN-UNIT (unit fixed effects) - never a version of the between-unit slope","zone_fid","1427adc27f162a7e520b44ac98249e9ae66da7472f7747dc2d61c8a3221f0d0c","diagnostic - NOT registered, and nothing here is proposed for registration"
"part-year (115 parts in 64 paddocks)","form_summary","pooled","log_x1",4025,10.3359768445559,0.173481971168033,0.067289631869117,"leave-one-zone_fid-out CV weighted RMSE 10.3360; in-sample R2 0.2408; terms +3.74060","clustered on the PADDOCK (zone_fid)","pixel","part-year (115 parts in 64 paddocks)","1988-2022","pixel-weighted by the unit's cell count","WITHIN-UNIT (unit fixed effects) - never a version of the between-unit slope","zone_fid","1427adc27f162a7e520b44ac98249e9ae66da7472f7747dc2d61c8a3221f0d0c","diagnostic - NOT registered, and nothing here is proposed for registration"
"part-year (115 parts in 64 paddocks)","form_summary","pooled","cubic",4025,10.4699585384135,0.173481971168033,0.0493285437612631,"leave-one-zone_fid-out CV weighted RMSE 10.4700; in-sample R2 0.2228; terms +0.76034 -0.01314 +0.00007","clustered on the PADDOCK (zone_fid)","pixel","part-year (115 parts in 64 paddocks)","1988-2022","pixel-weighted by the unit's cell count","WITHIN-UNIT (unit fixed effects) - never a version of the between-unit slope","zone_fid","1427adc27f162a7e520b44ac98249e9ae66da7472f7747dc2d61c8a3221f0d0c","diagnostic - NOT registered, and nothing here is proposed for registration"
"part-year (115 parts in 64 paddocks)","heteroscedasticity_by_demeaned_water","quartile 1","linear",1009,10.8206372200105,10.7748974660557,0.0457397539547397,"demeaned water -58.90 to -20.37 pp","clustered on the PADDOCK (zone_fid)","pixel","part-year (115 parts in 64 paddocks)","1988-2022","pixel-weighted by the unit's cell count","WITHIN-UNIT (unit fixed effects) - never a version of the between-unit slope","zone_fid","1427adc27f162a7e520b44ac98249e9ae66da7472f7747dc2d61c8a3221f0d0c","diagnostic - NOT registered, and nothing here is proposed for registration"
"part-year (115 parts in 64 paddocks)","heteroscedasticity_by_demeaned_water","quartile 2","linear",1004,12.1063738812165,10.7748974660557,1.33147641516083,"demeaned water -20.37 to -5.93 pp","clustered on the PADDOCK (zone_fid)","pixel","part-year (115 parts in 64 paddocks)","1988-2022","pixel-weighted by the unit's cell count","WITHIN-UNIT (unit fixed effects) - never a version of the between-unit slope","zone_fid","1427adc27f162a7e520b44ac98249e9ae66da7472f7747dc2d61c8a3221f0d0c","diagnostic - NOT registered, and nothing here is proposed for registration"
"part-year (115 parts in 64 paddocks)","heteroscedasticity_by_demeaned_water","quartile 3","linear",1006,12.1171837165183,10.7748974660557,1.3422862504626,"demeaned water -5.93 to 9.34 pp","clustered on the PADDOCK (zone_fid)","pixel","part-year (115 parts in 64 paddocks)","1988-2022","pixel-weighted by the unit's cell count","WITHIN-UNIT (unit fixed effects) - never a version of the between-unit slope","zone_fid","1427adc27f162a7e520b44ac98249e9ae66da7472f7747dc2d61c8a3221f0d0c","diagnostic - NOT registered, and nothing here is proposed for registration"
"part-year (115 parts in 64 paddocks)","heteroscedasticity_by_demeaned_water","quartile 4","linear",1006,8.09399965602729,10.7748974660557,-2.68089781002842,"demeaned water 9.34 to 94.24 pp","clustered on the PADDOCK (zone_fid)","pixel","part-year (115 parts in 64 paddocks)","1988-2022","pixel-weighted by the unit's cell count","WITHIN-UNIT (unit fixed effects) - never a version of the between-unit slope","zone_fid","1427adc27f162a7e520b44ac98249e9ae66da7472f7747dc2d61c8a3221f0d0c","diagnostic - NOT registered, and nothing here is proposed for registration"
"part-year (115 parts in 64 paddocks)","within_by_community","aeolian","linear",595,0.420946040728079,0.161270968760519,0.25967507196756,"residual SD 10.234; R2 0.1073","clustered on the PADDOCK (zone_fid)","pixel","part-year (115 parts in 64 paddocks)","1988-2022","pixel-weighted by the unit's cell count","WITHIN-UNIT (unit fixed effects) - never a version of the between-unit slope","zone_fid","1427adc27f162a7e520b44ac98249e9ae66da7472f7747dc2d61c8a3221f0d0c","diagnostic - NOT registered, and nothing here is proposed for registration"
"part-year (115 parts in 64 paddocks)","within_by_community","inland","linear",2135,0.154414713122549,0.161270968760519,-0.00685625563797015,"residual SD 10.430; R2 0.2000","clustered on the PADDOCK (zone_fid)","pixel","part-year (115 parts in 64 paddocks)","1988-2022","pixel-weighted by the unit's cell count","WITHIN-UNIT (unit fixed effects) - never a version of the between-unit slope","zone_fid","1427adc27f162a7e520b44ac98249e9ae66da7472f7747dc2d61c8a3221f0d0c","diagnostic - NOT registered, and nothing here is proposed for registration"
"part-year (115 parts in 64 paddocks)","within_by_community","riverine","linear",1295,0.21004447682445,0.161270968760519,0.0487735080639304,"residual SD 12.158; R2 0.1275","clustered on the PADDOCK (zone_fid)","pixel","part-year (115 parts in 64 paddocks)","1988-2022","pixel-weighted by the unit's cell count","WITHIN-UNIT (unit fixed effects) - never a version of the between-unit slope","zone_fid","1427adc27f162a7e520b44ac98249e9ae66da7472f7747dc2d61c8a3221f0d0c","diagnostic - NOT registered, and nothing here is proposed for registration"
"part-year (115 parts in 64 paddocks)","bootstrap_scheme","iid_part_years","linear",2000,0.0246878319879683,0.161270968760519,-6.15687244587826e-05,"2.5th 0.1489, 50th 0.1612, 97.5th 0.1736; width 0.0247","clustered on the PADDOCK (zone_fid)","pixel","part-year (115 parts in 64 paddocks)","1988-2022","pixel-weighted by the unit's cell count","WITHIN-UNIT (unit fixed effects) - never a version of the between-unit slope","zone_fid","1427adc27f162a7e520b44ac98249e9ae66da7472f7747dc2d61c8a3221f0d0c","diagnostic - NOT registered, and nothing here is proposed for registration"
"part-year (115 parts in 64 paddocks)","bootstrap_scheme","part_id","linear",2000,0.037119231598093,0.161270968760519,-0.000102387306052637,"2.5th 0.1439, 50th 0.1612, 97.5th 0.1810; width 0.0371","clustered on the PADDOCK (zone_fid)","pixel","part-year (115 parts in 64 paddocks)","1988-2022","pixel-weighted by the unit's cell count","WITHIN-UNIT (unit fixed effects) - never a version of the between-unit slope","zone_fid","1427adc27f162a7e520b44ac98249e9ae66da7472f7747dc2d61c8a3221f0d0c","diagnostic - NOT registered, and nothing here is proposed for registration"
"part-year (115 parts in 64 paddocks)","bootstrap_scheme","zone_fid","linear",2000,0.037939420283928,0.161270968760519,0.000564974039425348,"2.5th 0.1432, 50th 0.1618, 97.5th 0.1811; width 0.0379","clustered on the PADDOCK (zone_fid)","pixel","part-year (115 parts in 64 paddocks)","1988-2022","pixel-weighted by the unit's cell count","WITHIN-UNIT (unit fixed effects) - never a version of the between-unit slope","zone_fid","1427adc27f162a7e520b44ac98249e9ae66da7472f7747dc2d61c8a3221f0d0c","diagnostic - NOT registered, and nothing here is proposed for registration"
"patch-year (93 unzoned patches)","drop_one_cluster","U0001","linear",35,0.210569613592412,0.21057259836261,-2.98477019708421e-06,"slope with patch_id U0001 removed","NO PADDOCK EXISTS. Unzoned patches are not nested in management zones; the cluster is the patch itself and no paddock cluster is substituted (spec section 6).","pixel","patch-year (93 unzoned patches)","1988-2022","pixel-weighted by the unit's cell count","WITHIN-UNIT (unit fixed effects) - never a version of the between-unit slope","patch_id","f9d526890ca5bf781287dbc901b8366c3ec7308c388ac152abd37c1de3329a39","diagnostic - NOT registered, and nothing here is proposed for registration"
"patch-year (93 unzoned patches)","drop_one_cluster","U0008","linear",35,0.210559548980441,0.21057259836261,-1.3049382168201e-05,"slope with patch_id U0008 removed","NO PADDOCK EXISTS. Unzoned patches are not nested in management zones; the cluster is the patch itself and no paddock cluster is substituted (spec section 6).","pixel","patch-year (93 unzoned patches)","1988-2022","pixel-weighted by the unit's cell count","WITHIN-UNIT (unit fixed effects) - never a version of the between-unit slope","patch_id","f9d526890ca5bf781287dbc901b8366c3ec7308c388ac152abd37c1de3329a39","diagnostic - NOT registered, and nothing here is proposed for registration"
"patch-year (93 unzoned patches)","drop_one_cluster","U0019","linear",35,0.210605627677166,0.21057259836261,3.30293145559268e-05,"slope with patch_id U0019 removed","NO PADDOCK EXISTS. Unzoned patches are not nested in management zones; the cluster is the patch itself and no paddock cluster is substituted (spec section 6).","pixel","patch-year (93 unzoned patches)","1988-2022","pixel-weighted by the unit's cell count","WITHIN-UNIT (unit fixed effects) - never a version of the between-unit slope","patch_id","f9d526890ca5bf781287dbc901b8366c3ec7308c388ac152abd37c1de3329a39","diagnostic - NOT registered, and nothing here is proposed for registration"
"patch-year (93 unzoned patches)","drop_one_cluster","U0021","linear",35,0.214221059789194,0.21057259836261,0.00364846142658426,"slope with patch_id U0021 removed","NO PADDOCK EXISTS. Unzoned patches are not nested in management zones; the cluster is the patch itself and no paddock cluster is substituted (spec section 6).","pixel","patch-year (93 unzoned patches)","1988-2022","pixel-weighted by the unit's cell count","WITHIN-UNIT (unit fixed effects) - never a version of the between-unit slope","patch_id","f9d526890ca5bf781287dbc901b8366c3ec7308c388ac152abd37c1de3329a39","diagnostic - NOT registered, and nothing here is proposed for registration"
"patch-year (93 unzoned patches)","drop_one_cluster","U0023","linear",35,0.210565031572278,0.21057259836261,-7.56679033175889e-06,"slope with patch_id U0023 removed","NO PADDOCK EXISTS. Unzoned patches are not nested in management zones; the cluster is the patch itself and no paddock cluster is substituted (spec section 6).","pixel","patch-year (93 unzoned patches)","1988-2022","pixel-weighted by the unit's cell count","WITHIN-UNIT (unit fixed effects) - never a version of the between-unit slope","patch_id","f9d526890ca5bf781287dbc901b8366c3ec7308c388ac152abd37c1de3329a39","diagnostic - NOT registered, and nothing here is proposed for registration"
"patch-year (93 unzoned patches)","drop_one_cluster","U0025","linear",35,0.2112099703859,0.21057259836261,0.000637372023290006,"slope with patch_id U0025 removed","NO PADDOCK EXISTS. Unzoned patches are not nested in management zones; the cluster is the patch itself and no paddock cluster is substituted (spec section 6).","pixel","patch-year (93 unzoned patches)","1988-2022","pixel-weighted by the unit's cell count","WITHIN-UNIT (unit fixed effects) - never a version of the between-unit slope","patch_id","f9d526890ca5bf781287dbc901b8366c3ec7308c388ac152abd37c1de3329a39","diagnostic - NOT registered, and nothing here is proposed for registration"
"patch-year (93 unzoned patches)","drop_one_cluster","U0026","linear",35,0.210679153147848,0.21057259836261,0.00010655478523805,"slope with patch_id U0026 removed","NO PADDOCK EXISTS. Unzoned patches are not nested in management zones; the cluster is the patch itself and no paddock cluster is substituted (spec section 6).","pixel","patch-year (93 unzoned patches)","1988-2022","pixel-weighted by the unit's cell count","WITHIN-UNIT (unit fixed effects) - never a version of the between-unit slope","patch_id","f9d526890ca5bf781287dbc901b8366c3ec7308c388ac152abd37c1de3329a39","diagnostic - NOT registered, and nothing here is proposed for registration"
"patch-year (93 unzoned patches)","drop_one_cluster","U0027","linear",35,0.210584147221349,0.21057259836261,1.15488587396906e-05,"slope with patch_id U0027 removed","NO PADDOCK EXISTS. Unzoned patches are not nested in management zones; the cluster is the patch itself and no paddock cluster is substituted (spec section 6).","pixel","patch-year (93 unzoned patches)","1988-2022","pixel-weighted by the unit's cell count","WITHIN-UNIT (unit fixed effects) - never a version of the between-unit slope","patch_id","f9d526890ca5bf781287dbc901b8366c3ec7308c388ac152abd37c1de3329a39","diagnostic - NOT registered, and nothing here is proposed for registration"
"patch-year (93 unzoned patches)","drop_one_cluster","U0028","linear",35,0.210654864544472,0.21057259836261,8.22661818620785e-05,"slope with patch_id U0028 removed","NO PADDOCK EXISTS. Unzoned patches are not nested in management zones; the cluster is the patch itself and no paddock cluster is substituted (spec section 6).","pixel","patch-year (93 unzoned patches)","1988-2022","pixel-weighted by the unit's cell count","WITHIN-UNIT (unit fixed effects) - never a version of the between-unit slope","patch_id","f9d526890ca5bf781287dbc901b8366c3ec7308c388ac152abd37c1de3329a39","diagnostic - NOT registered, and nothing here is proposed for registration"
"patch-year (93 unzoned patches)","drop_one_cluster","U0031","linear",35,0.210615035924139,0.21057259836261,4.24375615292738e-05,"slope with patch_id U0031 removed","NO PADDOCK EXISTS. Unzoned patches are not nested in management zones; the cluster is the patch itself and no paddock cluster is substituted (spec section 6).","pixel","patch-year (93 unzoned patches)","1988-2022","pixel-weighted by the unit's cell count","WITHIN-UNIT (unit fixed effects) - never a version of the between-unit slope","patch_id","f9d526890ca5bf781287dbc901b8366c3ec7308c388ac152abd37c1de3329a39","diagnostic - NOT registered, and nothing here is proposed for registration"
"patch-year (93 unzoned patches)","drop_one_cluster","U0032","linear",35,0.210568636169566,0.21057259836261,-3.96219304404921e-06,"slope with patch_id U0032 removed","NO PADDOCK EXISTS. Unzoned patches are not nested in management zones; the cluster is the patch itself and no paddock cluster is substituted (spec section 6).","pixel","patch-year (93 unzoned patches)","1988-2022","pixel-weighted by the unit's cell count","WITHIN-UNIT (unit fixed effects) - never a version of the between-unit slope","patch_id","f9d526890ca5bf781287dbc901b8366c3ec7308c388ac152abd37c1de3329a39","diagnostic - NOT registered, and nothing here is proposed for registration"
"patch-year (93 unzoned patches)","drop_one_cluster","U0033","linear",35,0.210560285050829,0.21057259836261,-1.23133117809482e-05,"slope with patch_id U0033 removed","NO PADDOCK EXISTS. Unzoned patches are not nested in management zones; the cluster is the patch itself and no paddock cluster is substituted (spec section 6).","pixel","patch-year (93 unzoned patches)","1988-2022","pixel-weighted by the unit's cell count","WITHIN-UNIT (unit fixed effects) - never a version of the between-unit slope","patch_id","f9d526890ca5bf781287dbc901b8366c3ec7308c388ac152abd37c1de3329a39","diagnostic - NOT registered, and nothing here is proposed for registration"
"patch-year (93 unzoned patches)","drop_one_cluster","U0034","linear",35,0.210568565610218,0.21057259836261,-4.03275239135858e-06,"slope with patch_id U0034 removed","NO PADDOCK EXISTS. Unzoned patches are not nested in management zones; the cluster is the patch itself and no paddock cluster is substituted (spec section 6).","pixel","patch-year (93 unzoned patches)","1988-2022","pixel-weighted by the unit's cell count","WITHIN-UNIT (unit fixed effects) - never a version of the between-unit slope","patch_id","f9d526890ca5bf781287dbc901b8366c3ec7308c388ac152abd37c1de3329a39","diagnostic - NOT registered, and nothing here is proposed for registration"
"patch-year (93 unzoned patches)","drop_one_cluster","U0036","linear",35,0.21056709788157,0.21057259836261,-5.50048103922784e-06,"slope with patch_id U0036 removed","NO PADDOCK EXISTS. Unzoned patches are not nested in management zones; the cluster is the patch itself and no paddock cluster is substituted (spec section 6).","pixel","patch-year (93 unzoned patches)","1988-2022","pixel-weighted by the unit's cell count","WITHIN-UNIT (unit fixed effects) - never a version of the between-unit slope","patch_id","f9d526890ca5bf781287dbc901b8366c3ec7308c388ac152abd37c1de3329a39","diagnostic - NOT registered, and nothing here is proposed for registration"
"patch-year (93 unzoned patches)","drop_one_cluster","U0047","linear",35,0.210572298608153,0.21057259836261,-2.99754456783985e-07,"slope with patch_id U0047 removed","NO PADDOCK EXISTS. Unzoned patches are not nested in management zones; the cluster is the patch itself and no paddock cluster is substituted (spec section 6).","pixel","patch-year (93 unzoned patches)","1988-2022","pixel-weighted by the unit's cell count","WITHIN-UNIT (unit fixed effects) - never a version of the between-unit slope","patch_id","f9d526890ca5bf781287dbc901b8366c3ec7308c388ac152abd37c1de3329a39","diagnostic - NOT registered, and nothing here is proposed for registration"
"patch-year (93 unzoned patches)","drop_one_cluster","U0077","linear",35,0.210597193020277,0.21057259836261,2.45946576673262e-05,"slope with patch_id U0077 removed","NO PADDOCK EXISTS. Unzoned patches are not nested in management zones; the cluster is the patch itself and no paddock cluster is substituted (spec section 6).","pixel","patch-year (93 unzoned patches)","1988-2022","pixel-weighted by the unit's cell count","WITHIN-UNIT (unit fixed effects) - never a version of the between-unit slope","patch_id","f9d526890ca5bf781287dbc901b8366c3ec7308c388ac152abd37c1de3329a39","diagnostic - NOT registered, and nothing here is proposed for registration"
"patch-year (93 unzoned patches)","drop_one_cluster","U0078","linear",35,0.210614761536917,0.21057259836261,4.21631743071915e-05,"slope with patch_id U0078 removed","NO PADDOCK EXISTS. Unzoned patches are not nested in management zones; the cluster is the patch itself and no paddock cluster is substituted (spec section 6).","pixel","patch-year (93 unzoned patches)","1988-2022","pixel-weighted by the unit's cell count","WITHIN-UNIT (unit fixed effects) - never a version of the between-unit slope","patch_id","f9d526890ca5bf781287dbc901b8366c3ec7308c388ac152abd37c1de3329a39","diagnostic - NOT registered, and nothing here is proposed for registration"
"patch-year (93 unzoned patches)","drop_one_cluster","U0081","linear",35,0.210681571499932,0.21057259836261,0.000108973137322804,"slope with patch_id U0081 removed","NO PADDOCK EXISTS. Unzoned patches are not nested in management zones; the cluster is the patch itself and no paddock cluster is substituted (spec section 6).","pixel","patch-year (93 unzoned patches)","1988-2022","pixel-weighted by the unit's cell count","WITHIN-UNIT (unit fixed effects) - never a version of the between-unit slope","patch_id","f9d526890ca5bf781287dbc901b8366c3ec7308c388ac152abd37c1de3329a39","diagnostic - NOT registered, and nothing here is proposed for registration"
"patch-year (93 unzoned patches)","drop_one_cluster","U0101","linear",35,0.212313183750214,0.21057259836261,0.00174058538760408,"slope with patch_id U0101 removed","NO PADDOCK EXISTS. Unzoned patches are not nested in management zones; the cluster is the patch itself and no paddock cluster is substituted (spec section 6).","pixel","patch-year (93 unzoned patches)","1988-2022","pixel-weighted by the unit's cell count","WITHIN-UNIT (unit fixed effects) - never a version of the between-unit slope","patch_id","f9d526890ca5bf781287dbc901b8366c3ec7308c388ac152abd37c1de3329a39","diagnostic - NOT registered, and nothing here is proposed for registration"
"patch-year (93 unzoned patches)","drop_one_cluster","U0104","linear",35,0.212085726986886,0.21057259836261,0.00151312862427683,"slope with patch_id U0104 removed","NO PADDOCK EXISTS. Unzoned patches are not nested in management zones; the cluster is the patch itself and no paddock cluster is substituted (spec section 6).","pixel","patch-year (93 unzoned patches)","1988-2022","pixel-weighted by the unit's cell count","WITHIN-UNIT (unit fixed effects) - never a version of the between-unit slope","patch_id","f9d526890ca5bf781287dbc901b8366c3ec7308c388ac152abd37c1de3329a39","diagnostic - NOT registered, and nothing here is proposed for registration"
"patch-year (93 unzoned patches)","drop_one_cluster","U0105","linear",35,0.213363604859701,0.21057259836261,0.00279100649709127,"slope with patch_id U0105 removed","NO PADDOCK EXISTS. Unzoned patches are not nested in management zones; the cluster is the patch itself and no paddock cluster is substituted (spec section 6).","pixel","patch-year (93 unzoned patches)","1988-2022","pixel-weighted by the unit's cell count","WITHIN-UNIT (unit fixed effects) - never a version of the between-unit slope","patch_id","f9d526890ca5bf781287dbc901b8366c3ec7308c388ac152abd37c1de3329a39","diagnostic - NOT registered, and nothing here is proposed for registration"
"patch-year (93 unzoned patches)","drop_one_cluster","U0107","linear",35,0.210335583858403,0.21057259836261,-0.000237014504206573,"slope with patch_id U0107 removed","NO PADDOCK EXISTS. Unzoned patches are not nested in management zones; the cluster is the patch itself and no paddock cluster is substituted (spec section 6).","pixel","patch-year (93 unzoned patches)","1988-2022","pixel-weighted by the unit's cell count","WITHIN-UNIT (unit fixed effects) - never a version of the between-unit slope","patch_id","f9d526890ca5bf781287dbc901b8366c3ec7308c388ac152abd37c1de3329a39","diagnostic - NOT registered, and nothing here is proposed for registration"
"patch-year (93 unzoned patches)","drop_one_cluster","U0109","linear",35,0.212013960064774,0.21057259836261,0.00144136170216455,"slope with patch_id U0109 removed","NO PADDOCK EXISTS. Unzoned patches are not nested in management zones; the cluster is the patch itself and no paddock cluster is substituted (spec section 6).","pixel","patch-year (93 unzoned patches)","1988-2022","pixel-weighted by the unit's cell count","WITHIN-UNIT (unit fixed effects) - never a version of the between-unit slope","patch_id","f9d526890ca5bf781287dbc901b8366c3ec7308c388ac152abd37c1de3329a39","diagnostic - NOT registered, and nothing here is proposed for registration"
"patch-year (93 unzoned patches)","drop_one_cluster","U0111","linear",35,0.210883119158491,0.21057259836261,0.000310520795880981,"slope with patch_id U0111 removed","NO PADDOCK EXISTS. Unzoned patches are not nested in management zones; the cluster is the patch itself and no paddock cluster is substituted (spec section 6).","pixel","patch-year (93 unzoned patches)","1988-2022","pixel-weighted by the unit's cell count","WITHIN-UNIT (unit fixed effects) - never a version of the between-unit slope","patch_id","f9d526890ca5bf781287dbc901b8366c3ec7308c388ac152abd37c1de3329a39","diagnostic - NOT registered, and nothing here is proposed for registration"
"patch-year (93 unzoned patches)","drop_one_cluster","U0112","linear",35,0.210626540314464,0.21057259836261,5.3941951854819e-05,"slope with patch_id U0112 removed","NO PADDOCK EXISTS. Unzoned patches are not nested in management zones; the cluster is the patch itself and no paddock cluster is substituted (spec section 6).","pixel","patch-year (93 unzoned patches)","1988-2022","pixel-weighted by the unit's cell count","WITHIN-UNIT (unit fixed effects) - never a version of the between-unit slope","patch_id","f9d526890ca5bf781287dbc901b8366c3ec7308c388ac152abd37c1de3329a39","diagnostic - NOT registered, and nothing here is proposed for registration"
"patch-year (93 unzoned patches)","drop_one_cluster","U0158","linear",35,0.209945839907923,0.21057259836261,-0.000626758454686988,"slope with patch_id U0158 removed","NO PADDOCK EXISTS. Unzoned patches are not nested in management zones; the cluster is the patch itself and no paddock cluster is substituted (spec section 6).","pixel","patch-year (93 unzoned patches)","1988-2022","pixel-weighted by the unit's cell count","WITHIN-UNIT (unit fixed effects) - never a version of the between-unit slope","patch_id","f9d526890ca5bf781287dbc901b8366c3ec7308c388ac152abd37c1de3329a39","diagnostic - NOT registered, and nothing here is proposed for registration"
"patch-year (93 unzoned patches)","drop_one_cluster","U0163","linear",35,0.213020401408745,0.21057259836261,0.00244780304613573,"slope with patch_id U0163 removed","NO PADDOCK EXISTS. Unzoned patches are not nested in management zones; the cluster is the patch itself and no paddock cluster is substituted (spec section 6).","pixel","patch-year (93 unzoned patches)","1988-2022","pixel-weighted by the unit's cell count","WITHIN-UNIT (unit fixed effects) - never a version of the between-unit slope","patch_id","f9d526890ca5bf781287dbc901b8366c3ec7308c388ac152abd37c1de3329a39","diagnostic - NOT registered, and nothing here is proposed for registration"
"patch-year (93 unzoned patches)","drop_one_cluster","U0168","linear",35,0.211415073561633,0.21057259836261,0.000842475199023418,"slope with patch_id U0168 removed","NO PADDOCK EXISTS. Unzoned patches are not nested in management zones; the cluster is the patch itself and no paddock cluster is substituted (spec section 6).","pixel","patch-year (93 unzoned patches)","1988-2022","pixel-weighted by the unit's cell count","WITHIN-UNIT (unit fixed effects) - never a version of the between-unit slope","patch_id","f9d526890ca5bf781287dbc901b8366c3ec7308c388ac152abd37c1de3329a39","diagnostic - NOT registered, and nothing here is proposed for registration"
"patch-year (93 unzoned patches)","drop_one_cluster","U0169","linear",35,0.210334981444741,0.21057259836261,-0.000237616917868694,"slope with patch_id U0169 removed","NO PADDOCK EXISTS. Unzoned patches are not nested in management zones; the cluster is the patch itself and no paddock cluster is substituted (spec section 6).","pixel","patch-year (93 unzoned patches)","1988-2022","pixel-weighted by the unit's cell count","WITHIN-UNIT (unit fixed effects) - never a version of the between-unit slope","patch_id","f9d526890ca5bf781287dbc901b8366c3ec7308c388ac152abd37c1de3329a39","diagnostic - NOT registered, and nothing here is proposed for registration"
"patch-year (93 unzoned patches)","drop_one_cluster","U0170","linear",35,0.210640435741919,0.21057259836261,6.7837379309349e-05,"slope with patch_id U0170 removed","NO PADDOCK EXISTS. Unzoned patches are not nested in management zones; the cluster is the patch itself and no paddock cluster is substituted (spec section 6).","pixel","patch-year (93 unzoned patches)","1988-2022","pixel-weighted by the unit's cell count","WITHIN-UNIT (unit fixed effects) - never a version of the between-unit slope","patch_id","f9d526890ca5bf781287dbc901b8366c3ec7308c388ac152abd37c1de3329a39","diagnostic - NOT registered, and nothing here is proposed for registration"
"patch-year (93 unzoned patches)","drop_one_cluster","U0186","linear",35,0.211064135412715,0.21057259836261,0.000491537050104962,"slope with patch_id U0186 removed","NO PADDOCK EXISTS. Unzoned patches are not nested in management zones; the cluster is the patch itself and no paddock cluster is substituted (spec section 6).","pixel","patch-year (93 unzoned patches)","1988-2022","pixel-weighted by the unit's cell count","WITHIN-UNIT (unit fixed effects) - never a version of the between-unit slope","patch_id","f9d526890ca5bf781287dbc901b8366c3ec7308c388ac152abd37c1de3329a39","diagnostic - NOT registered, and nothing here is proposed for registration"
"patch-year (93 unzoned patches)","drop_one_cluster","U0187","linear",35,0.210695155041141,0.21057259836261,0.000122556678531061,"slope with patch_id U0187 removed","NO PADDOCK EXISTS. Unzoned patches are not nested in management zones; the cluster is the patch itself and no paddock cluster is substituted (spec section 6).","pixel","patch-year (93 unzoned patches)","1988-2022","pixel-weighted by the unit's cell count","WITHIN-UNIT (unit fixed effects) - never a version of the between-unit slope","patch_id","f9d526890ca5bf781287dbc901b8366c3ec7308c388ac152abd37c1de3329a39","diagnostic - NOT registered, and nothing here is proposed for registration"
"patch-year (93 unzoned patches)","drop_one_cluster","U0192","linear",35,0.211250888683475,0.21057259836261,0.000678290320865138,"slope with patch_id U0192 removed","NO PADDOCK EXISTS. Unzoned patches are not nested in management zones; the cluster is the patch itself and no paddock cluster is substituted (spec section 6).","pixel","patch-year (93 unzoned patches)","1988-2022","pixel-weighted by the unit's cell count","WITHIN-UNIT (unit fixed effects) - never a version of the between-unit slope","patch_id","f9d526890ca5bf781287dbc901b8366c3ec7308c388ac152abd37c1de3329a39","diagnostic - NOT registered, and nothing here is proposed for registration"
"patch-year (93 unzoned patches)","drop_one_cluster","U0205","linear",35,0.210913796629637,0.21057259836261,0.000341198267027415,"slope with patch_id U0205 removed","NO PADDOCK EXISTS. Unzoned patches are not nested in management zones; the cluster is the patch itself and no paddock cluster is substituted (spec section 6).","pixel","patch-year (93 unzoned patches)","1988-2022","pixel-weighted by the unit's cell count","WITHIN-UNIT (unit fixed effects) - never a version of the between-unit slope","patch_id","f9d526890ca5bf781287dbc901b8366c3ec7308c388ac152abd37c1de3329a39","diagnostic - NOT registered, and nothing here is proposed for registration"
"patch-year (93 unzoned patches)","drop_one_cluster","U0214","linear",35,0.217526651887295,0.21057259836261,0.00695405352468542,"slope with patch_id U0214 removed","NO PADDOCK EXISTS. Unzoned patches are not nested in management zones; the cluster is the patch itself and no paddock cluster is substituted (spec section 6).","pixel","patch-year (93 unzoned patches)","1988-2022","pixel-weighted by the unit's cell count","WITHIN-UNIT (unit fixed effects) - never a version of the between-unit slope","patch_id","f9d526890ca5bf781287dbc901b8366c3ec7308c388ac152abd37c1de3329a39","diagnostic - NOT registered, and nothing here is proposed for registration"
"patch-year (93 unzoned patches)","drop_one_cluster","U0221","linear",35,0.211494107721527,0.21057259836261,0.00092150935891705,"slope with patch_id U0221 removed","NO PADDOCK EXISTS. Unzoned patches are not nested in management zones; the cluster is the patch itself and no paddock cluster is substituted (spec section 6).","pixel","patch-year (93 unzoned patches)","1988-2022","pixel-weighted by the unit's cell count","WITHIN-UNIT (unit fixed effects) - never a version of the between-unit slope","patch_id","f9d526890ca5bf781287dbc901b8366c3ec7308c388ac152abd37c1de3329a39","diagnostic - NOT registered, and nothing here is proposed for registration"
"patch-year (93 unzoned patches)","drop_one_cluster","U0229","linear",35,0.210635635469821,0.21057259836261,6.30371072109226e-05,"slope with patch_id U0229 removed","NO PADDOCK EXISTS. Unzoned patches are not nested in management zones; the cluster is the patch itself and no paddock cluster is substituted (spec section 6).","pixel","patch-year (93 unzoned patches)","1988-2022","pixel-weighted by the unit's cell count","WITHIN-UNIT (unit fixed effects) - never a version of the between-unit slope","patch_id","f9d526890ca5bf781287dbc901b8366c3ec7308c388ac152abd37c1de3329a39","diagnostic - NOT registered, and nothing here is proposed for registration"
"patch-year (93 unzoned patches)","drop_one_cluster","U0231","linear",35,0.211083807709765,0.21057259836261,0.000511209347155067,"slope with patch_id U0231 removed","NO PADDOCK EXISTS. Unzoned patches are not nested in management zones; the cluster is the patch itself and no paddock cluster is substituted (spec section 6).","pixel","patch-year (93 unzoned patches)","1988-2022","pixel-weighted by the unit's cell count","WITHIN-UNIT (unit fixed effects) - never a version of the between-unit slope","patch_id","f9d526890ca5bf781287dbc901b8366c3ec7308c388ac152abd37c1de3329a39","diagnostic - NOT registered, and nothing here is proposed for registration"
"patch-year (93 unzoned patches)","drop_one_cluster","U0235","linear",35,0.212999851801968,0.21057259836261,0.00242725343935823,"slope with patch_id U0235 removed","NO PADDOCK EXISTS. Unzoned patches are not nested in management zones; the cluster is the patch itself and no paddock cluster is substituted (spec section 6).","pixel","patch-year (93 unzoned patches)","1988-2022","pixel-weighted by the unit's cell count","WITHIN-UNIT (unit fixed effects) - never a version of the between-unit slope","patch_id","f9d526890ca5bf781287dbc901b8366c3ec7308c388ac152abd37c1de3329a39","diagnostic - NOT registered, and nothing here is proposed for registration"
"patch-year (93 unzoned patches)","drop_one_cluster","U0238","linear",35,0.207756974667211,0.21057259836261,-0.00281562369539809,"slope with patch_id U0238 removed","NO PADDOCK EXISTS. Unzoned patches are not nested in management zones; the cluster is the patch itself and no paddock cluster is substituted (spec section 6).","pixel","patch-year (93 unzoned patches)","1988-2022","pixel-weighted by the unit's cell count","WITHIN-UNIT (unit fixed effects) - never a version of the between-unit slope","patch_id","f9d526890ca5bf781287dbc901b8366c3ec7308c388ac152abd37c1de3329a39","diagnostic - NOT registered, and nothing here is proposed for registration"
"patch-year (93 unzoned patches)","drop_one_cluster","U0243","linear",35,0.21106301829135,0.21057259836261,0.000490419928740077,"slope with patch_id U0243 removed","NO PADDOCK EXISTS. Unzoned patches are not nested in management zones; the cluster is the patch itself and no paddock cluster is substituted (spec section 6).","pixel","patch-year (93 unzoned patches)","1988-2022","pixel-weighted by the unit's cell count","WITHIN-UNIT (unit fixed effects) - never a version of the between-unit slope","patch_id","f9d526890ca5bf781287dbc901b8366c3ec7308c388ac152abd37c1de3329a39","diagnostic - NOT registered, and nothing here is proposed for registration"
"patch-year (93 unzoned patches)","drop_one_cluster","U0245","linear",35,0.210659330053919,0.21057259836261,8.67316913092386e-05,"slope with patch_id U0245 removed","NO PADDOCK EXISTS. Unzoned patches are not nested in management zones; the cluster is the patch itself and no paddock cluster is substituted (spec section 6).","pixel","patch-year (93 unzoned patches)","1988-2022","pixel-weighted by the unit's cell count","WITHIN-UNIT (unit fixed effects) - never a version of the between-unit slope","patch_id","f9d526890ca5bf781287dbc901b8366c3ec7308c388ac152abd37c1de3329a39","diagnostic - NOT registered, and nothing here is proposed for registration"
"patch-year (93 unzoned patches)","drop_one_cluster","U0246","linear",35,0.211744400850147,0.21057259836261,0.00117180248753784,"slope with patch_id U0246 removed","NO PADDOCK EXISTS. Unzoned patches are not nested in management zones; the cluster is the patch itself and no paddock cluster is substituted (spec section 6).","pixel","patch-year (93 unzoned patches)","1988-2022","pixel-weighted by the unit's cell count","WITHIN-UNIT (unit fixed effects) - never a version of the between-unit slope","patch_id","f9d526890ca5bf781287dbc901b8366c3ec7308c388ac152abd37c1de3329a39","diagnostic - NOT registered, and nothing here is proposed for registration"
"patch-year (93 unzoned patches)","drop_one_cluster","U0248","linear",35,0.212830931587346,0.21057259836261,0.00225833322473684,"slope with patch_id U0248 removed","NO PADDOCK EXISTS. Unzoned patches are not nested in management zones; the cluster is the patch itself and no paddock cluster is substituted (spec section 6).","pixel","patch-year (93 unzoned patches)","1988-2022","pixel-weighted by the unit's cell count","WITHIN-UNIT (unit fixed effects) - never a version of the between-unit slope","patch_id","f9d526890ca5bf781287dbc901b8366c3ec7308c388ac152abd37c1de3329a39","diagnostic - NOT registered, and nothing here is proposed for registration"
"patch-year (93 unzoned patches)","drop_one_cluster","U0249","linear",35,0.210804203192115,0.21057259836261,0.000231604829505155,"slope with patch_id U0249 removed","NO PADDOCK EXISTS. Unzoned patches are not nested in management zones; the cluster is the patch itself and no paddock cluster is substituted (spec section 6).","pixel","patch-year (93 unzoned patches)","1988-2022","pixel-weighted by the unit's cell count","WITHIN-UNIT (unit fixed effects) - never a version of the between-unit slope","patch_id","f9d526890ca5bf781287dbc901b8366c3ec7308c388ac152abd37c1de3329a39","diagnostic - NOT registered, and nothing here is proposed for registration"
"patch-year (93 unzoned patches)","drop_one_cluster","U0250","linear",35,0.21077810547581,0.21057259836261,0.000205507113200193,"slope with patch_id U0250 removed","NO PADDOCK EXISTS. Unzoned patches are not nested in management zones; the cluster is the patch itself and no paddock cluster is substituted (spec section 6).","pixel","patch-year (93 unzoned patches)","1988-2022","pixel-weighted by the unit's cell count","WITHIN-UNIT (unit fixed effects) - never a version of the between-unit slope","patch_id","f9d526890ca5bf781287dbc901b8366c3ec7308c388ac152abd37c1de3329a39","diagnostic - NOT registered, and nothing here is proposed for registration"
"patch-year (93 unzoned patches)","drop_one_cluster","U0270","linear",35,0.210737814498314,0.21057259836261,0.000165216135704221,"slope with patch_id U0270 removed","NO PADDOCK EXISTS. Unzoned patches are not nested in management zones; the cluster is the patch itself and no paddock cluster is substituted (spec section 6).","pixel","patch-year (93 unzoned patches)","1988-2022","pixel-weighted by the unit's cell count","WITHIN-UNIT (unit fixed effects) - never a version of the between-unit slope","patch_id","f9d526890ca5bf781287dbc901b8366c3ec7308c388ac152abd37c1de3329a39","diagnostic - NOT registered, and nothing here is proposed for registration"
"patch-year (93 unzoned patches)","drop_one_cluster","U0278","linear",35,0.210474021109486,0.21057259836261,-9.85772531235662e-05,"slope with patch_id U0278 removed","NO PADDOCK EXISTS. Unzoned patches are not nested in management zones; the cluster is the patch itself and no paddock cluster is substituted (spec section 6).","pixel","patch-year (93 unzoned patches)","1988-2022","pixel-weighted by the unit's cell count","WITHIN-UNIT (unit fixed effects) - never a version of the between-unit slope","patch_id","f9d526890ca5bf781287dbc901b8366c3ec7308c388ac152abd37c1de3329a39","diagnostic - NOT registered, and nothing here is proposed for registration"
"patch-year (93 unzoned patches)","drop_one_cluster","U0279","linear",35,0.210680126333399,0.21057259836261,0.000107527970789417,"slope with patch_id U0279 removed","NO PADDOCK EXISTS. Unzoned patches are not nested in management zones; the cluster is the patch itself and no paddock cluster is substituted (spec section 6).","pixel","patch-year (93 unzoned patches)","1988-2022","pixel-weighted by the unit's cell count","WITHIN-UNIT (unit fixed effects) - never a version of the between-unit slope","patch_id","f9d526890ca5bf781287dbc901b8366c3ec7308c388ac152abd37c1de3329a39","diagnostic - NOT registered, and nothing here is proposed for registration"
"patch-year (93 unzoned patches)","drop_one_cluster","U0280","linear",35,0.211014210843598,0.21057259836261,0.000441612480988895,"slope with patch_id U0280 removed","NO PADDOCK EXISTS. Unzoned patches are not nested in management zones; the cluster is the patch itself and no paddock cluster is substituted (spec section 6).","pixel","patch-year (93 unzoned patches)","1988-2022","pixel-weighted by the unit's cell count","WITHIN-UNIT (unit fixed effects) - never a version of the between-unit slope","patch_id","f9d526890ca5bf781287dbc901b8366c3ec7308c388ac152abd37c1de3329a39","diagnostic - NOT registered, and nothing here is proposed for registration"
"patch-year (93 unzoned patches)","drop_one_cluster","U0286","linear",35,0.210617681312734,0.21057259836261,4.50829501243422e-05,"slope with patch_id U0286 removed","NO PADDOCK EXISTS. Unzoned patches are not nested in management zones; the cluster is the patch itself and no paddock cluster is substituted (spec section 6).","pixel","patch-year (93 unzoned patches)","1988-2022","pixel-weighted by the unit's cell count","WITHIN-UNIT (unit fixed effects) - never a version of the between-unit slope","patch_id","f9d526890ca5bf781287dbc901b8366c3ec7308c388ac152abd37c1de3329a39","diagnostic - NOT registered, and nothing here is proposed for registration"
"patch-year (93 unzoned patches)","drop_one_cluster","U0293","linear",35,0.211104783954293,0.21057259836261,0.000532185591683804,"slope with patch_id U0293 removed","NO PADDOCK EXISTS. Unzoned patches are not nested in management zones; the cluster is the patch itself and no paddock cluster is substituted (spec section 6).","pixel","patch-year (93 unzoned patches)","1988-2022","pixel-weighted by the unit's cell count","WITHIN-UNIT (unit fixed effects) - never a version of the between-unit slope","patch_id","f9d526890ca5bf781287dbc901b8366c3ec7308c388ac152abd37c1de3329a39","diagnostic - NOT registered, and nothing here is proposed for registration"
"patch-year (93 unzoned patches)","drop_one_cluster","U0326","linear",35,0.211107913382596,0.21057259836261,0.000535315019986299,"slope with patch_id U0326 removed","NO PADDOCK EXISTS. Unzoned patches are not nested in management zones; the cluster is the patch itself and no paddock cluster is substituted (spec section 6).","pixel","patch-year (93 unzoned patches)","1988-2022","pixel-weighted by the unit's cell count","WITHIN-UNIT (unit fixed effects) - never a version of the between-unit slope","patch_id","f9d526890ca5bf781287dbc901b8366c3ec7308c388ac152abd37c1de3329a39","diagnostic - NOT registered, and nothing here is proposed for registration"
"patch-year (93 unzoned patches)","drop_one_cluster","U0335","linear",35,0.210035512302247,0.21057259836261,-0.000537086060362402,"slope with patch_id U0335 removed","NO PADDOCK EXISTS. Unzoned patches are not nested in management zones; the cluster is the patch itself and no paddock cluster is substituted (spec section 6).","pixel","patch-year (93 unzoned patches)","1988-2022","pixel-weighted by the unit's cell count","WITHIN-UNIT (unit fixed effects) - never a version of the between-unit slope","patch_id","f9d526890ca5bf781287dbc901b8366c3ec7308c388ac152abd37c1de3329a39","diagnostic - NOT registered, and nothing here is proposed for registration"
"patch-year (93 unzoned patches)","drop_one_cluster","U0347","linear",35,0.215600462452039,0.21057259836261,0.00502786408942954,"slope with patch_id U0347 removed","NO PADDOCK EXISTS. Unzoned patches are not nested in management zones; the cluster is the patch itself and no paddock cluster is substituted (spec section 6).","pixel","patch-year (93 unzoned patches)","1988-2022","pixel-weighted by the unit's cell count","WITHIN-UNIT (unit fixed effects) - never a version of the between-unit slope","patch_id","f9d526890ca5bf781287dbc901b8366c3ec7308c388ac152abd37c1de3329a39","diagnostic - NOT registered, and nothing here is proposed for registration"
"patch-year (93 unzoned patches)","drop_one_cluster","U0380","linear",35,0.210802044320766,0.21057259836261,0.000229445958156466,"slope with patch_id U0380 removed","NO PADDOCK EXISTS. Unzoned patches are not nested in management zones; the cluster is the patch itself and no paddock cluster is substituted (spec section 6).","pixel","patch-year (93 unzoned patches)","1988-2022","pixel-weighted by the unit's cell count","WITHIN-UNIT (unit fixed effects) - never a version of the between-unit slope","patch_id","f9d526890ca5bf781287dbc901b8366c3ec7308c388ac152abd37c1de3329a39","diagnostic - NOT registered, and nothing here is proposed for registration"
"patch-year (93 unzoned patches)","drop_one_cluster","U0393","linear",35,0.210632218075625,0.21057259836261,5.96197130157683e-05,"slope with patch_id U0393 removed","NO PADDOCK EXISTS. Unzoned patches are not nested in management zones; the cluster is the patch itself and no paddock cluster is substituted (spec section 6).","pixel","patch-year (93 unzoned patches)","1988-2022","pixel-weighted by the unit's cell count","WITHIN-UNIT (unit fixed effects) - never a version of the between-unit slope","patch_id","f9d526890ca5bf781287dbc901b8366c3ec7308c388ac152abd37c1de3329a39","diagnostic - NOT registered, and nothing here is proposed for registration"
"patch-year (93 unzoned patches)","drop_one_cluster","U0403","linear",35,0.210665652667032,0.21057259836261,9.30543044222187e-05,"slope with patch_id U0403 removed","NO PADDOCK EXISTS. Unzoned patches are not nested in management zones; the cluster is the patch itself and no paddock cluster is substituted (spec section 6).","pixel","patch-year (93 unzoned patches)","1988-2022","pixel-weighted by the unit's cell count","WITHIN-UNIT (unit fixed effects) - never a version of the between-unit slope","patch_id","f9d526890ca5bf781287dbc901b8366c3ec7308c388ac152abd37c1de3329a39","diagnostic - NOT registered, and nothing here is proposed for registration"
"patch-year (93 unzoned patches)","drop_one_cluster","U0419","linear",35,0.198579660178848,0.21057259836261,-0.0119929381837611,"slope with patch_id U0419 removed","NO PADDOCK EXISTS. Unzoned patches are not nested in management zones; the cluster is the patch itself and no paddock cluster is substituted (spec section 6).","pixel","patch-year (93 unzoned patches)","1988-2022","pixel-weighted by the unit's cell count","WITHIN-UNIT (unit fixed effects) - never a version of the between-unit slope","patch_id","f9d526890ca5bf781287dbc901b8366c3ec7308c388ac152abd37c1de3329a39","diagnostic - NOT registered, and nothing here is proposed for registration"
"patch-year (93 unzoned patches)","drop_one_cluster","U0440","linear",35,0.210637771511225,0.21057259836261,6.51731486150386e-05,"slope with patch_id U0440 removed","NO PADDOCK EXISTS. Unzoned patches are not nested in management zones; the cluster is the patch itself and no paddock cluster is substituted (spec section 6).","pixel","patch-year (93 unzoned patches)","1988-2022","pixel-weighted by the unit's cell count","WITHIN-UNIT (unit fixed effects) - never a version of the between-unit slope","patch_id","f9d526890ca5bf781287dbc901b8366c3ec7308c388ac152abd37c1de3329a39","diagnostic - NOT registered, and nothing here is proposed for registration"
"patch-year (93 unzoned patches)","drop_one_cluster","U0444","linear",35,0.210800423756664,0.21057259836261,0.000227825394054776,"slope with patch_id U0444 removed","NO PADDOCK EXISTS. Unzoned patches are not nested in management zones; the cluster is the patch itself and no paddock cluster is substituted (spec section 6).","pixel","patch-year (93 unzoned patches)","1988-2022","pixel-weighted by the unit's cell count","WITHIN-UNIT (unit fixed effects) - never a version of the between-unit slope","patch_id","f9d526890ca5bf781287dbc901b8366c3ec7308c388ac152abd37c1de3329a39","diagnostic - NOT registered, and nothing here is proposed for registration"
"patch-year (93 unzoned patches)","drop_one_cluster","U0445","linear",35,0.210865916042834,0.21057259836261,0.000293317680224503,"slope with patch_id U0445 removed","NO PADDOCK EXISTS. Unzoned patches are not nested in management zones; the cluster is the patch itself and no paddock cluster is substituted (spec section 6).","pixel","patch-year (93 unzoned patches)","1988-2022","pixel-weighted by the unit's cell count","WITHIN-UNIT (unit fixed effects) - never a version of the between-unit slope","patch_id","f9d526890ca5bf781287dbc901b8366c3ec7308c388ac152abd37c1de3329a39","diagnostic - NOT registered, and nothing here is proposed for registration"
"patch-year (93 unzoned patches)","drop_one_cluster","U0451","linear",35,0.211087964768682,0.21057259836261,0.000515366406071999,"slope with patch_id U0451 removed","NO PADDOCK EXISTS. Unzoned patches are not nested in management zones; the cluster is the patch itself and no paddock cluster is substituted (spec section 6).","pixel","patch-year (93 unzoned patches)","1988-2022","pixel-weighted by the unit's cell count","WITHIN-UNIT (unit fixed effects) - never a version of the between-unit slope","patch_id","f9d526890ca5bf781287dbc901b8366c3ec7308c388ac152abd37c1de3329a39","diagnostic - NOT registered, and nothing here is proposed for registration"
"patch-year (93 unzoned patches)","drop_one_cluster","U0464","linear",35,0.210820842591715,0.21057259836261,0.000248244229105382,"slope with patch_id U0464 removed","NO PADDOCK EXISTS. Unzoned patches are not nested in management zones; the cluster is the patch itself and no paddock cluster is substituted (spec section 6).","pixel","patch-year (93 unzoned patches)","1988-2022","pixel-weighted by the unit's cell count","WITHIN-UNIT (unit fixed effects) - never a version of the between-unit slope","patch_id","f9d526890ca5bf781287dbc901b8366c3ec7308c388ac152abd37c1de3329a39","diagnostic - NOT registered, and nothing here is proposed for registration"
"patch-year (93 unzoned patches)","drop_one_cluster","U0467","linear",35,0.215624353792233,0.21057259836261,0.00505175542962349,"slope with patch_id U0467 removed","NO PADDOCK EXISTS. Unzoned patches are not nested in management zones; the cluster is the patch itself and no paddock cluster is substituted (spec section 6).","pixel","patch-year (93 unzoned patches)","1988-2022","pixel-weighted by the unit's cell count","WITHIN-UNIT (unit fixed effects) - never a version of the between-unit slope","patch_id","f9d526890ca5bf781287dbc901b8366c3ec7308c388ac152abd37c1de3329a39","diagnostic - NOT registered, and nothing here is proposed for registration"
"patch-year (93 unzoned patches)","drop_one_cluster","U0470","linear",35,0.209415488123327,0.21057259836261,-0.00115711023928255,"slope with patch_id U0470 removed","NO PADDOCK EXISTS. Unzoned patches are not nested in management zones; the cluster is the patch itself and no paddock cluster is substituted (spec section 6).","pixel","patch-year (93 unzoned patches)","1988-2022","pixel-weighted by the unit's cell count","WITHIN-UNIT (unit fixed effects) - never a version of the between-unit slope","patch_id","f9d526890ca5bf781287dbc901b8366c3ec7308c388ac152abd37c1de3329a39","diagnostic - NOT registered, and nothing here is proposed for registration"
"patch-year (93 unzoned patches)","drop_one_cluster","U0486","linear",35,0.194294396941405,0.21057259836261,-0.0162782014212048,"slope with patch_id U0486 removed","NO PADDOCK EXISTS. Unzoned patches are not nested in management zones; the cluster is the patch itself and no paddock cluster is substituted (spec section 6).","pixel","patch-year (93 unzoned patches)","1988-2022","pixel-weighted by the unit's cell count","WITHIN-UNIT (unit fixed effects) - never a version of the between-unit slope","patch_id","f9d526890ca5bf781287dbc901b8366c3ec7308c388ac152abd37c1de3329a39","diagnostic - NOT registered, and nothing here is proposed for registration"
"patch-year (93 unzoned patches)","drop_one_cluster","U0488","linear",35,0.210331211269633,0.21057259836261,-0.00024138709297622,"slope with patch_id U0488 removed","NO PADDOCK EXISTS. Unzoned patches are not nested in management zones; the cluster is the patch itself and no paddock cluster is substituted (spec section 6).","pixel","patch-year (93 unzoned patches)","1988-2022","pixel-weighted by the unit's cell count","WITHIN-UNIT (unit fixed effects) - never a version of the between-unit slope","patch_id","f9d526890ca5bf781287dbc901b8366c3ec7308c388ac152abd37c1de3329a39","diagnostic - NOT registered, and nothing here is proposed for registration"
"patch-year (93 unzoned patches)","drop_one_cluster","U0492","linear",35,0.210522790876982,0.21057259836261,-4.9807485627662e-05,"slope with patch_id U0492 removed","NO PADDOCK EXISTS. Unzoned patches are not nested in management zones; the cluster is the patch itself and no paddock cluster is substituted (spec section 6).","pixel","patch-year (93 unzoned patches)","1988-2022","pixel-weighted by the unit's cell count","WITHIN-UNIT (unit fixed effects) - never a version of the between-unit slope","patch_id","f9d526890ca5bf781287dbc901b8366c3ec7308c388ac152abd37c1de3329a39","diagnostic - NOT registered, and nothing here is proposed for registration"
"patch-year (93 unzoned patches)","drop_one_cluster","U0501","linear",35,0.210350335340633,0.21057259836261,-0.000222263021976199,"slope with patch_id U0501 removed","NO PADDOCK EXISTS. Unzoned patches are not nested in management zones; the cluster is the patch itself and no paddock cluster is substituted (spec section 6).","pixel","patch-year (93 unzoned patches)","1988-2022","pixel-weighted by the unit's cell count","WITHIN-UNIT (unit fixed effects) - never a version of the between-unit slope","patch_id","f9d526890ca5bf781287dbc901b8366c3ec7308c388ac152abd37c1de3329a39","diagnostic - NOT registered, and nothing here is proposed for registration"
"patch-year (93 unzoned patches)","drop_one_cluster","U0506","linear",35,0.210575882545916,0.21057259836261,3.28418330655667e-06,"slope with patch_id U0506 removed","NO PADDOCK EXISTS. Unzoned patches are not nested in management zones; the cluster is the patch itself and no paddock cluster is substituted (spec section 6).","pixel","patch-year (93 unzoned patches)","1988-2022","pixel-weighted by the unit's cell count","WITHIN-UNIT (unit fixed effects) - never a version of the between-unit slope","patch_id","f9d526890ca5bf781287dbc901b8366c3ec7308c388ac152abd37c1de3329a39","diagnostic - NOT registered, and nothing here is proposed for registration"
"patch-year (93 unzoned patches)","drop_one_cluster","U0508","linear",35,0.212882749117206,0.21057259836261,0.00231015075459617,"slope with patch_id U0508 removed","NO PADDOCK EXISTS. Unzoned patches are not nested in management zones; the cluster is the patch itself and no paddock cluster is substituted (spec section 6).","pixel","patch-year (93 unzoned patches)","1988-2022","pixel-weighted by the unit's cell count","WITHIN-UNIT (unit fixed effects) - never a version of the between-unit slope","patch_id","f9d526890ca5bf781287dbc901b8366c3ec7308c388ac152abd37c1de3329a39","diagnostic - NOT registered, and nothing here is proposed for registration"
"patch-year (93 unzoned patches)","drop_one_cluster","U0512","linear",35,0.21074570321565,0.21057259836261,0.000173104853040534,"slope with patch_id U0512 removed","NO PADDOCK EXISTS. Unzoned patches are not nested in management zones; the cluster is the patch itself and no paddock cluster is substituted (spec section 6).","pixel","patch-year (93 unzoned patches)","1988-2022","pixel-weighted by the unit's cell count","WITHIN-UNIT (unit fixed effects) - never a version of the between-unit slope","patch_id","f9d526890ca5bf781287dbc901b8366c3ec7308c388ac152abd37c1de3329a39","diagnostic - NOT registered, and nothing here is proposed for registration"
"patch-year (93 unzoned patches)","drop_one_cluster","U0513","linear",35,0.210759060957397,0.21057259836261,0.000186462594787135,"slope with patch_id U0513 removed","NO PADDOCK EXISTS. Unzoned patches are not nested in management zones; the cluster is the patch itself and no paddock cluster is substituted (spec section 6).","pixel","patch-year (93 unzoned patches)","1988-2022","pixel-weighted by the unit's cell count","WITHIN-UNIT (unit fixed effects) - never a version of the between-unit slope","patch_id","f9d526890ca5bf781287dbc901b8366c3ec7308c388ac152abd37c1de3329a39","diagnostic - NOT registered, and nothing here is proposed for registration"
"patch-year (93 unzoned patches)","drop_one_cluster","U0521","linear",35,0.211024769423323,0.21057259836261,0.000452171060713186,"slope with patch_id U0521 removed","NO PADDOCK EXISTS. Unzoned patches are not nested in management zones; the cluster is the patch itself and no paddock cluster is substituted (spec section 6).","pixel","patch-year (93 unzoned patches)","1988-2022","pixel-weighted by the unit's cell count","WITHIN-UNIT (unit fixed effects) - never a version of the between-unit slope","patch_id","f9d526890ca5bf781287dbc901b8366c3ec7308c388ac152abd37c1de3329a39","diagnostic - NOT registered, and nothing here is proposed for registration"
"patch-year (93 unzoned patches)","drop_one_cluster","U0525","linear",35,0.210573201048417,0.21057259836261,6.02685807898906e-07,"slope with patch_id U0525 removed","NO PADDOCK EXISTS. Unzoned patches are not nested in management zones; the cluster is the patch itself and no paddock cluster is substituted (spec section 6).","pixel","patch-year (93 unzoned patches)","1988-2022","pixel-weighted by the unit's cell count","WITHIN-UNIT (unit fixed effects) - never a version of the between-unit slope","patch_id","f9d526890ca5bf781287dbc901b8366c3ec7308c388ac152abd37c1de3329a39","diagnostic - NOT registered, and nothing here is proposed for registration"
"patch-year (93 unzoned patches)","drop_one_cluster","U0526","linear",35,0.210625568582153,0.21057259836261,5.2970219543147e-05,"slope with patch_id U0526 removed","NO PADDOCK EXISTS. Unzoned patches are not nested in management zones; the cluster is the patch itself and no paddock cluster is substituted (spec section 6).","pixel","patch-year (93 unzoned patches)","1988-2022","pixel-weighted by the unit's cell count","WITHIN-UNIT (unit fixed effects) - never a version of the between-unit slope","patch_id","f9d526890ca5bf781287dbc901b8366c3ec7308c388ac152abd37c1de3329a39","diagnostic - NOT registered, and nothing here is proposed for registration"
"patch-year (93 unzoned patches)","drop_one_cluster","U0528","linear",35,0.210607469649686,0.21057259836261,3.4871287075966e-05,"slope with patch_id U0528 removed","NO PADDOCK EXISTS. Unzoned patches are not nested in management zones; the cluster is the patch itself and no paddock cluster is substituted (spec section 6).","pixel","patch-year (93 unzoned patches)","1988-2022","pixel-weighted by the unit's cell count","WITHIN-UNIT (unit fixed effects) - never a version of the between-unit slope","patch_id","f9d526890ca5bf781287dbc901b8366c3ec7308c388ac152abd37c1de3329a39","diagnostic - NOT registered, and nothing here is proposed for registration"
"patch-year (93 unzoned patches)","drop_one_cluster","U0533","linear",35,0.210579781147855,0.21057259836261,7.18278524539095e-06,"slope with patch_id U0533 removed","NO PADDOCK EXISTS. Unzoned patches are not nested in management zones; the cluster is the patch itself and no paddock cluster is substituted (spec section 6).","pixel","patch-year (93 unzoned patches)","1988-2022","pixel-weighted by the unit's cell count","WITHIN-UNIT (unit fixed effects) - never a version of the between-unit slope","patch_id","f9d526890ca5bf781287dbc901b8366c3ec7308c388ac152abd37c1de3329a39","diagnostic - NOT registered, and nothing here is proposed for registration"
"patch-year (93 unzoned patches)","drop_one_cluster","U0534","linear",35,0.210620115933893,0.21057259836261,4.7517571283906e-05,"slope with patch_id U0534 removed","NO PADDOCK EXISTS. Unzoned patches are not nested in management zones; the cluster is the patch itself and no paddock cluster is substituted (spec section 6).","pixel","patch-year (93 unzoned patches)","1988-2022","pixel-weighted by the unit's cell count","WITHIN-UNIT (unit fixed effects) - never a version of the between-unit slope","patch_id","f9d526890ca5bf781287dbc901b8366c3ec7308c388ac152abd37c1de3329a39","diagnostic - NOT registered, and nothing here is proposed for registration"
"patch-year (93 unzoned patches)","drop_one_cluster","U0535","linear",35,0.210477547202267,0.21057259836261,-9.50511603426962e-05,"slope with patch_id U0535 removed","NO PADDOCK EXISTS. Unzoned patches are not nested in management zones; the cluster is the patch itself and no paddock cluster is substituted (spec section 6).","pixel","patch-year (93 unzoned patches)","1988-2022","pixel-weighted by the unit's cell count","WITHIN-UNIT (unit fixed effects) - never a version of the between-unit slope","patch_id","f9d526890ca5bf781287dbc901b8366c3ec7308c388ac152abd37c1de3329a39","diagnostic - NOT registered, and nothing here is proposed for registration"
"patch-year (93 unzoned patches)","drop_one_cluster","U0538","linear",35,0.204340383627482,0.21057259836261,-0.00623221473512767,"slope with patch_id U0538 removed","NO PADDOCK EXISTS. Unzoned patches are not nested in management zones; the cluster is the patch itself and no paddock cluster is substituted (spec section 6).","pixel","patch-year (93 unzoned patches)","1988-2022","pixel-weighted by the unit's cell count","WITHIN-UNIT (unit fixed effects) - never a version of the between-unit slope","patch_id","f9d526890ca5bf781287dbc901b8366c3ec7308c388ac152abd37c1de3329a39","diagnostic - NOT registered, and nothing here is proposed for registration"
"patch-year (93 unzoned patches)","drop_one_cluster","U0544","linear",35,0.197917766151216,0.21057259836261,-0.0126548322113936,"slope with patch_id U0544 removed","NO PADDOCK EXISTS. Unzoned patches are not nested in management zones; the cluster is the patch itself and no paddock cluster is substituted (spec section 6).","pixel","patch-year (93 unzoned patches)","1988-2022","pixel-weighted by the unit's cell count","WITHIN-UNIT (unit fixed effects) - never a version of the between-unit slope","patch_id","f9d526890ca5bf781287dbc901b8366c3ec7308c388ac152abd37c1de3329a39","diagnostic - NOT registered, and nothing here is proposed for registration"
"patch-year (93 unzoned patches)","drop_one_cluster","U0547","linear",35,0.210882254523276,0.21057259836261,0.000309656160665944,"slope with patch_id U0547 removed","NO PADDOCK EXISTS. Unzoned patches are not nested in management zones; the cluster is the patch itself and no paddock cluster is substituted (spec section 6).","pixel","patch-year (93 unzoned patches)","1988-2022","pixel-weighted by the unit's cell count","WITHIN-UNIT (unit fixed effects) - never a version of the between-unit slope","patch_id","f9d526890ca5bf781287dbc901b8366c3ec7308c388ac152abd37c1de3329a39","diagnostic - NOT registered, and nothing here is proposed for registration"
"patch-year (93 unzoned patches)","drop_one_cluster","U0554","linear",35,0.210697100311264,0.21057259836261,0.000124501948654543,"slope with patch_id U0554 removed","NO PADDOCK EXISTS. Unzoned patches are not nested in management zones; the cluster is the patch itself and no paddock cluster is substituted (spec section 6).","pixel","patch-year (93 unzoned patches)","1988-2022","pixel-weighted by the unit's cell count","WITHIN-UNIT (unit fixed effects) - never a version of the between-unit slope","patch_id","f9d526890ca5bf781287dbc901b8366c3ec7308c388ac152abd37c1de3329a39","diagnostic - NOT registered, and nothing here is proposed for registration"
"patch-year (93 unzoned patches)","drop_one_cluster","U0562","linear",34,0.210726139790795,0.21057259836261,0.00015354142818591,"slope with patch_id U0562 removed","NO PADDOCK EXISTS. Unzoned patches are not nested in management zones; the cluster is the patch itself and no paddock cluster is substituted (spec section 6).","pixel","patch-year (93 unzoned patches)","1988-2022","pixel-weighted by the unit's cell count","WITHIN-UNIT (unit fixed effects) - never a version of the between-unit slope","patch_id","f9d526890ca5bf781287dbc901b8366c3ec7308c388ac152abd37c1de3329a39","diagnostic - NOT registered, and nothing here is proposed for registration"
"patch-year (93 unzoned patches)","drop_one_cluster","U0563","linear",35,0.211121947338746,0.21057259836261,0.000549348976136399,"slope with patch_id U0563 removed","NO PADDOCK EXISTS. Unzoned patches are not nested in management zones; the cluster is the patch itself and no paddock cluster is substituted (spec section 6).","pixel","patch-year (93 unzoned patches)","1988-2022","pixel-weighted by the unit's cell count","WITHIN-UNIT (unit fixed effects) - never a version of the between-unit slope","patch_id","f9d526890ca5bf781287dbc901b8366c3ec7308c388ac152abd37c1de3329a39","diagnostic - NOT registered, and nothing here is proposed for registration"
"patch-year (93 unzoned patches)","drop_one_cluster","U0571","linear",35,0.212189210598325,0.21057259836261,0.00161661223571494,"slope with patch_id U0571 removed","NO PADDOCK EXISTS. Unzoned patches are not nested in management zones; the cluster is the patch itself and no paddock cluster is substituted (spec section 6).","pixel","patch-year (93 unzoned patches)","1988-2022","pixel-weighted by the unit's cell count","WITHIN-UNIT (unit fixed effects) - never a version of the between-unit slope","patch_id","f9d526890ca5bf781287dbc901b8366c3ec7308c388ac152abd37c1de3329a39","diagnostic - NOT registered, and nothing here is proposed for registration"
"patch-year (93 unzoned patches)","drop_one_cluster","U0573","linear",34,0.210737626920228,0.21057259836261,0.000165028557617936,"slope with patch_id U0573 removed","NO PADDOCK EXISTS. Unzoned patches are not nested in management zones; the cluster is the patch itself and no paddock cluster is substituted (spec section 6).","pixel","patch-year (93 unzoned patches)","1988-2022","pixel-weighted by the unit's cell count","WITHIN-UNIT (unit fixed effects) - never a version of the between-unit slope","patch_id","f9d526890ca5bf781287dbc901b8366c3ec7308c388ac152abd37c1de3329a39","diagnostic - NOT registered, and nothing here is proposed for registration"
"patch-year (93 unzoned patches)","drop_one_cluster","U0574","linear",35,0.21057718274397,0.21057259836261,4.5843813602231e-06,"slope with patch_id U0574 removed","NO PADDOCK EXISTS. Unzoned patches are not nested in management zones; the cluster is the patch itself and no paddock cluster is substituted (spec section 6).","pixel","patch-year (93 unzoned patches)","1988-2022","pixel-weighted by the unit's cell count","WITHIN-UNIT (unit fixed effects) - never a version of the between-unit slope","patch_id","f9d526890ca5bf781287dbc901b8366c3ec7308c388ac152abd37c1de3329a39","diagnostic - NOT registered, and nothing here is proposed for registration"
"patch-year (93 unzoned patches)","drop_one_cluster","U0593","linear",35,0.210797563626983,0.21057259836261,0.0002249652643731,"slope with patch_id U0593 removed","NO PADDOCK EXISTS. Unzoned patches are not nested in management zones; the cluster is the patch itself and no paddock cluster is substituted (spec section 6).","pixel","patch-year (93 unzoned patches)","1988-2022","pixel-weighted by the unit's cell count","WITHIN-UNIT (unit fixed effects) - never a version of the between-unit slope","patch_id","f9d526890ca5bf781287dbc901b8366c3ec7308c388ac152abd37c1de3329a39","diagnostic - NOT registered, and nothing here is proposed for registration"
"patch-year (93 unzoned patches)","drop_one_cluster","U0608","linear",35,0.210618095605057,0.21057259836261,4.54972424474009e-05,"slope with patch_id U0608 removed","NO PADDOCK EXISTS. Unzoned patches are not nested in management zones; the cluster is the patch itself and no paddock cluster is substituted (spec section 6).","pixel","patch-year (93 unzoned patches)","1988-2022","pixel-weighted by the unit's cell count","WITHIN-UNIT (unit fixed effects) - never a version of the between-unit slope","patch_id","f9d526890ca5bf781287dbc901b8366c3ec7308c388ac152abd37c1de3329a39","diagnostic - NOT registered, and nothing here is proposed for registration"
"patch-year (93 unzoned patches)","drop_one_cluster","U0610","linear",35,0.210582534203617,0.21057259836261,9.93584100716927e-06,"slope with patch_id U0610 removed","NO PADDOCK EXISTS. Unzoned patches are not nested in management zones; the cluster is the patch itself and no paddock cluster is substituted (spec section 6).","pixel","patch-year (93 unzoned patches)","1988-2022","pixel-weighted by the unit's cell count","WITHIN-UNIT (unit fixed effects) - never a version of the between-unit slope","patch_id","f9d526890ca5bf781287dbc901b8366c3ec7308c388ac152abd37c1de3329a39","diagnostic - NOT registered, and nothing here is proposed for registration"
"patch-year (93 unzoned patches)","form_summary","pooled","linear",3253,13.8466580987463,0.115925599132622,0,"leave-one-patch_id-out CV weighted RMSE 13.8467; in-sample R2 0.1159; terms +0.21057","NO PADDOCK EXISTS. Unzoned patches are not nested in management zones; the cluster is the patch itself and no paddock cluster is substituted (spec section 6).","pixel","patch-year (93 unzoned patches)","1988-2022","pixel-weighted by the unit's cell count","WITHIN-UNIT (unit fixed effects) - never a version of the between-unit slope","patch_id","f9d526890ca5bf781287dbc901b8366c3ec7308c388ac152abd37c1de3329a39","diagnostic - NOT registered, and nothing here is proposed for registration"
"patch-year (93 unzoned patches)","form_summary","pooled","quadratic",3253,13.4173203194701,0.115925599132622,0.055136445495609,"leave-one-patch_id-out CV weighted RMSE 13.4173; in-sample R2 0.1711; terms +0.63423 -0.00540","NO PADDOCK EXISTS. Unzoned patches are not nested in management zones; the cluster is the patch itself and no paddock cluster is substituted (spec section 6).","pixel","patch-year (93 unzoned patches)","1988-2022","pixel-weighted by the unit's cell count","WITHIN-UNIT (unit fixed effects) - never a version of the between-unit slope","patch_id","f9d526890ca5bf781287dbc901b8366c3ec7308c388ac152abd37c1de3329a39","diagnostic - NOT registered, and nothing here is proposed for registration"
"patch-year (93 unzoned patches)","form_summary","pooled","sqrt_x",3253,13.4452806771768,0.115925599132622,0.0510007084320254,"leave-one-patch_id-out CV weighted RMSE 13.4453; in-sample R2 0.1669; terms +2.19436","NO PADDOCK EXISTS. Unzoned patches are not nested in management zones; the cluster is the patch itself and no paddock cluster is substituted (spec section 6).","pixel","patch-year (93 unzoned patches)","1988-2022","pixel-weighted by the unit's cell count","WITHIN-UNIT (unit fixed effects) - never a version of the between-unit slope","patch_id","f9d526890ca5bf781287dbc901b8366c3ec7308c388ac152abd37c1de3329a39","diagnostic - NOT registered, and nothing here is proposed for registration"
"patch-year (93 unzoned patches)","form_summary","pooled","log_x1",3253,13.2687944686215,0.115925599132622,0.0717451225233632,"leave-one-patch_id-out CV weighted RMSE 13.2688; in-sample R2 0.1877; terms +4.29890","NO PADDOCK EXISTS. Unzoned patches are not nested in management zones; the cluster is the patch itself and no paddock cluster is substituted (spec section 6).","pixel","patch-year (93 unzoned patches)","1988-2022","pixel-weighted by the unit's cell count","WITHIN-UNIT (unit fixed effects) - never a version of the between-unit slope","patch_id","f9d526890ca5bf781287dbc901b8366c3ec7308c388ac152abd37c1de3329a39","diagnostic - NOT registered, and nothing here is proposed for registration"
"patch-year (93 unzoned patches)","form_summary","pooled","cubic",3253,13.2605760318133,0.115925599132622,0.0744652113923414,"leave-one-patch_id-out CV weighted RMSE 13.2606; in-sample R2 0.1904; terms +1.12479 -0.02212 +0.00013","NO PADDOCK EXISTS. Unzoned patches are not nested in management zones; the cluster is the patch itself and no paddock cluster is substituted (spec section 6).","pixel","patch-year (93 unzoned patches)","1988-2022","pixel-weighted by the unit's cell count","WITHIN-UNIT (unit fixed effects) - never a version of the between-unit slope","patch_id","f9d526890ca5bf781287dbc901b8366c3ec7308c388ac152abd37c1de3329a39","diagnostic - NOT registered, and nothing here is proposed for registration"
"patch-year (93 unzoned patches)","heteroscedasticity_by_demeaned_water","quartile 1","linear",816,10.3673965024355,13.8157656459868,-3.44836914355133,"demeaned water -51.20 to -20.44 pp","NO PADDOCK EXISTS. Unzoned patches are not nested in management zones; the cluster is the patch itself and no paddock cluster is substituted (spec section 6).","pixel","patch-year (93 unzoned patches)","1988-2022","pixel-weighted by the unit's cell count","WITHIN-UNIT (unit fixed effects) - never a version of the between-unit slope","patch_id","f9d526890ca5bf781287dbc901b8366c3ec7308c388ac152abd37c1de3329a39","diagnostic - NOT registered, and nothing here is proposed for registration"
"patch-year (93 unzoned patches)","heteroscedasticity_by_demeaned_water","quartile 2","linear",811,11.8672159526141,13.8157656459868,-1.94854969337276,"demeaned water -20.44 to -7.80 pp","NO PADDOCK EXISTS. Unzoned patches are not nested in management zones; the cluster is the patch itself and no paddock cluster is substituted (spec section 6).","pixel","patch-year (93 unzoned patches)","1988-2022","pixel-weighted by the unit's cell count","WITHIN-UNIT (unit fixed effects) - never a version of the between-unit slope","patch_id","f9d526890ca5bf781287dbc901b8366c3ec7308c388ac152abd37c1de3329a39","diagnostic - NOT registered, and nothing here is proposed for registration"
"patch-year (93 unzoned patches)","heteroscedasticity_by_demeaned_water","quartile 3","linear",813,12.3769399794605,13.8157656459868,-1.43882566652638,"demeaned water -7.80 to 6.20 pp","NO PADDOCK EXISTS. Unzoned patches are not nested in management zones; the cluster is the patch itself and no paddock cluster is substituted (spec section 6).","pixel","patch-year (93 unzoned patches)","1988-2022","pixel-weighted by the unit's cell count","WITHIN-UNIT (unit fixed effects) - never a version of the between-unit slope","patch_id","f9d526890ca5bf781287dbc901b8366c3ec7308c388ac152abd37c1de3329a39","diagnostic - NOT registered, and nothing here is proposed for registration"
"patch-year (93 unzoned patches)","heteroscedasticity_by_demeaned_water","quartile 4","linear",813,8.99568887300306,13.8157656459868,-4.82007677298376,"demeaned water 6.20 to 94.80 pp","NO PADDOCK EXISTS. Unzoned patches are not nested in management zones; the cluster is the patch itself and no paddock cluster is substituted (spec section 6).","pixel","patch-year (93 unzoned patches)","1988-2022","pixel-weighted by the unit's cell count","WITHIN-UNIT (unit fixed effects) - never a version of the between-unit slope","patch_id","f9d526890ca5bf781287dbc901b8366c3ec7308c388ac152abd37c1de3329a39","diagnostic - NOT registered, and nothing here is proposed for registration"
"patch-year (93 unzoned patches)","within_by_community","aeolian","linear",525,0.1483436439874,0.21057259836261,-0.0622289543752092,"residual SD 14.468; R2 0.0582","NO PADDOCK EXISTS. Unzoned patches are not nested in management zones; the cluster is the patch itself and no paddock cluster is substituted (spec section 6).","pixel","patch-year (93 unzoned patches)","1988-2022","pixel-weighted by the unit's cell count","WITHIN-UNIT (unit fixed effects) - never a version of the between-unit slope","patch_id","f9d526890ca5bf781287dbc901b8366c3ec7308c388ac152abd37c1de3329a39","diagnostic - NOT registered, and nothing here is proposed for registration"
"patch-year (93 unzoned patches)","within_by_community","inland","linear",1890,0.20047216862775,0.21057259836261,-0.0101004297348591,"residual SD 12.580; R2 0.1428","NO PADDOCK EXISTS. Unzoned patches are not nested in management zones; the cluster is the patch itself and no paddock cluster is substituted (spec section 6).","pixel","patch-year (93 unzoned patches)","1988-2022","pixel-weighted by the unit's cell count","WITHIN-UNIT (unit fixed effects) - never a version of the between-unit slope","patch_id","f9d526890ca5bf781287dbc901b8366c3ec7308c388ac152abd37c1de3329a39","diagnostic - NOT registered, and nothing here is proposed for registration"
"patch-year (93 unzoned patches)","within_by_community","riverine","linear",838,0.290869244216457,0.21057259836261,0.080296645853847,"residual SD 16.322; R2 0.0938","NO PADDOCK EXISTS. Unzoned patches are not nested in management zones; the cluster is the patch itself and no paddock cluster is substituted (spec section 6).","pixel","patch-year (93 unzoned patches)","1988-2022","pixel-weighted by the unit's cell count","WITHIN-UNIT (unit fixed effects) - never a version of the between-unit slope","patch_id","f9d526890ca5bf781287dbc901b8366c3ec7308c388ac152abd37c1de3329a39","diagnostic - NOT registered, and nothing here is proposed for registration"
"patch-year (93 unzoned patches)","bootstrap_scheme","iid_part_years","linear",2000,0.0723693270706974,0.21057259836261,0.000825923983836546,"2.5th 0.1735, 50th 0.2114, 97.5th 0.2458; width 0.0724","NO PADDOCK EXISTS. Unzoned patches are not nested in management zones; the cluster is the patch itself and no paddock cluster is substituted (spec section 6).","pixel","patch-year (93 unzoned patches)","1988-2022","pixel-weighted by the unit's cell count","WITHIN-UNIT (unit fixed effects) - never a version of the between-unit slope","patch_id","f9d526890ca5bf781287dbc901b8366c3ec7308c388ac152abd37c1de3329a39","diagnostic - NOT registered, and nothing here is proposed for registration"
"patch-year (93 unzoned patches)","bootstrap_scheme","patch_id","linear",2000,0.101200058121202,0.21057259836261,-0.00106520518270428,"2.5th 0.1617, 50th 0.2095, 97.5th 0.2629; width 0.1012","NO PADDOCK EXISTS. Unzoned patches are not nested in management zones; the cluster is the patch itself and no paddock cluster is substituted (spec section 6).","pixel","patch-year (93 unzoned patches)","1988-2022","pixel-weighted by the unit's cell count","WITHIN-UNIT (unit fixed effects) - never a version of the between-unit slope","patch_id","f9d526890ca5bf781287dbc901b8366c3ec7308c388ac152abd37c1de3329a39","diagnostic - NOT registered, and nothing here is proposed for registration"
