"row_type","period","period_label","cluster_value","paddock_name","n_parts_dropped","slope_all","slope_without","slope_delta","part_id","community_short","residual_in_sample","residual_cluster_deleted","hat_leverage","support_level","unit","weighting","estimand","cluster","source_sha256_first50","interval_status","deletion_rule"
"drop_one_cluster","whole_record","1988-2022",1,"Bala 26ca",2,0.547273733307921,0.584913333858448,0.0376396005505263,,,,,,"pixel","part (paddock x community)","pixel-weighted by the part's cell count","BETWEEN-UNIT (across parts)","zone_fid (paddock)","77e3ef0aecd1497c187d930959110d994081c800b510c78004514a007126494a","diagnostic - NOT registered, and nothing here is proposed for registration","the whole paddock is removed and the slope refitted"
"drop_one_cluster","whole_record","1988-2022",2,"Bala 27ca",1,0.547273733307921,0.547941015854818,0.000667282546896852,,,,,,"pixel","part (paddock x community)","pixel-weighted by the part's cell count","BETWEEN-UNIT (across parts)","zone_fid (paddock)","77e3ef0aecd1497c187d930959110d994081c800b510c78004514a007126494a","diagnostic - NOT registered, and nothing here is proposed for registration","the whole paddock is removed and the slope refitted"
"drop_one_cluster","whole_record","1988-2022",3,"Bala 28ca",2,0.547273733307921,0.558443509572187,0.011169776264266,,,,,,"pixel","part (paddock x community)","pixel-weighted by the part's cell count","BETWEEN-UNIT (across parts)","zone_fid (paddock)","77e3ef0aecd1497c187d930959110d994081c800b510c78004514a007126494a","diagnostic - NOT registered, and nothing here is proposed for registration","the whole paddock is removed and the slope refitted"
"drop_one_cluster","whole_record","1988-2022",4,"Bala 29ca",3,0.547273733307921,0.469218432571937,-0.0780553007359839,,,,,,"pixel","part (paddock x community)","pixel-weighted by the part's cell count","BETWEEN-UNIT (across parts)","zone_fid (paddock)","77e3ef0aecd1497c187d930959110d994081c800b510c78004514a007126494a","diagnostic - NOT registered, and nothing here is proposed for registration","the whole paddock is removed and the slope refitted"
"drop_one_cluster","whole_record","1988-2022",5,"Bala 1",2,0.547273733307921,0.553671202073158,0.00639746876523717,,,,,,"pixel","part (paddock x community)","pixel-weighted by the part's cell count","BETWEEN-UNIT (across parts)","zone_fid (paddock)","77e3ef0aecd1497c187d930959110d994081c800b510c78004514a007126494a","diagnostic - NOT registered, and nothing here is proposed for registration","the whole paddock is removed and the slope refitted"
"drop_one_cluster","whole_record","1988-2022",6,"Bala 2",2,0.547273733307921,0.576703519026279,0.0294297857183575,,,,,,"pixel","part (paddock x community)","pixel-weighted by the part's cell count","BETWEEN-UNIT (across parts)","zone_fid (paddock)","77e3ef0aecd1497c187d930959110d994081c800b510c78004514a007126494a","diagnostic - NOT registered, and nothing here is proposed for registration","the whole paddock is removed and the slope refitted"
"drop_one_cluster","whole_record","1988-2022",7,"Bala 3",1,0.547273733307921,0.556414504761124,0.00914077145320225,,,,,,"pixel","part (paddock x community)","pixel-weighted by the part's cell count","BETWEEN-UNIT (across parts)","zone_fid (paddock)","77e3ef0aecd1497c187d930959110d994081c800b510c78004514a007126494a","diagnostic - NOT registered, and nothing here is proposed for registration","the whole paddock is removed and the slope refitted"
"drop_one_cluster","whole_record","1988-2022",8,"Bala 4",1,0.547273733307921,0.54679188501128,-0.000481848296641219,,,,,,"pixel","part (paddock x community)","pixel-weighted by the part's cell count","BETWEEN-UNIT (across parts)","zone_fid (paddock)","77e3ef0aecd1497c187d930959110d994081c800b510c78004514a007126494a","diagnostic - NOT registered, and nothing here is proposed for registration","the whole paddock is removed and the slope refitted"
"drop_one_cluster","whole_record","1988-2022",9,"Bala 5",2,0.547273733307921,0.555795631269846,0.00852189796192437,,,,,,"pixel","part (paddock x community)","pixel-weighted by the part's cell count","BETWEEN-UNIT (across parts)","zone_fid (paddock)","77e3ef0aecd1497c187d930959110d994081c800b510c78004514a007126494a","diagnostic - NOT registered, and nothing here is proposed for registration","the whole paddock is removed and the slope refitted"
"drop_one_cluster","whole_record","1988-2022",10,"Bala 6",2,0.547273733307921,0.586710558474033,0.0394368251661118,,,,,,"pixel","part (paddock x community)","pixel-weighted by the part's cell count","BETWEEN-UNIT (across parts)","zone_fid (paddock)","77e3ef0aecd1497c187d930959110d994081c800b510c78004514a007126494a","diagnostic - NOT registered, and nothing here is proposed for registration","the whole paddock is removed and the slope refitted"
"drop_one_cluster","whole_record","1988-2022",11,"Bala 9",1,0.547273733307921,0.547248960582034,-2.4772725887523e-05,,,,,,"pixel","part (paddock x community)","pixel-weighted by the part's cell count","BETWEEN-UNIT (across parts)","zone_fid (paddock)","77e3ef0aecd1497c187d930959110d994081c800b510c78004514a007126494a","diagnostic - NOT registered, and nothing here is proposed for registration","the whole paddock is removed and the slope refitted"
"drop_one_cluster","whole_record","1988-2022",12,"Bala 12",2,0.547273733307921,0.552958823472392,0.00568509016447116,,,,,,"pixel","part (paddock x community)","pixel-weighted by the part's cell count","BETWEEN-UNIT (across parts)","zone_fid (paddock)","77e3ef0aecd1497c187d930959110d994081c800b510c78004514a007126494a","diagnostic - NOT registered, and nothing here is proposed for registration","the whole paddock is removed and the slope refitted"
"drop_one_cluster","whole_record","1988-2022",13,"Bala 13",1,0.547273733307921,0.545160978210797,-0.0021127550971245,,,,,,"pixel","part (paddock x community)","pixel-weighted by the part's cell count","BETWEEN-UNIT (across parts)","zone_fid (paddock)","77e3ef0aecd1497c187d930959110d994081c800b510c78004514a007126494a","diagnostic - NOT registered, and nothing here is proposed for registration","the whole paddock is removed and the slope refitted"
"drop_one_cluster","whole_record","1988-2022",14,"Bala 15",1,0.547273733307921,0.547664951319173,0.00039121801125197,,,,,,"pixel","part (paddock x community)","pixel-weighted by the part's cell count","BETWEEN-UNIT (across parts)","zone_fid (paddock)","77e3ef0aecd1497c187d930959110d994081c800b510c78004514a007126494a","diagnostic - NOT registered, and nothing here is proposed for registration","the whole paddock is removed and the slope refitted"
"drop_one_cluster","whole_record","1988-2022",15,"Bala 17",1,0.547273733307921,0.546193280100812,-0.00108045320710914,,,,,,"pixel","part (paddock x community)","pixel-weighted by the part's cell count","BETWEEN-UNIT (across parts)","zone_fid (paddock)","77e3ef0aecd1497c187d930959110d994081c800b510c78004514a007126494a","diagnostic - NOT registered, and nothing here is proposed for registration","the whole paddock is removed and the slope refitted"
"drop_one_cluster","whole_record","1988-2022",16,"Bala 18",2,0.547273733307921,0.54472884607616,-0.00254488723176161,,,,,,"pixel","part (paddock x community)","pixel-weighted by the part's cell count","BETWEEN-UNIT (across parts)","zone_fid (paddock)","77e3ef0aecd1497c187d930959110d994081c800b510c78004514a007126494a","diagnostic - NOT registered, and nothing here is proposed for registration","the whole paddock is removed and the slope refitted"
"drop_one_cluster","whole_record","1988-2022",17,"Bala 19",1,0.547273733307921,0.545743674269047,-0.00153005903887382,,,,,,"pixel","part (paddock x community)","pixel-weighted by the part's cell count","BETWEEN-UNIT (across parts)","zone_fid (paddock)","77e3ef0aecd1497c187d930959110d994081c800b510c78004514a007126494a","diagnostic - NOT registered, and nothing here is proposed for registration","the whole paddock is removed and the slope refitted"
"drop_one_cluster","whole_record","1988-2022",18,"Bala 20",3,0.547273733307921,0.544903232468844,-0.00237050083907708,,,,,,"pixel","part (paddock x community)","pixel-weighted by the part's cell count","BETWEEN-UNIT (across parts)","zone_fid (paddock)","77e3ef0aecd1497c187d930959110d994081c800b510c78004514a007126494a","diagnostic - NOT registered, and nothing here is proposed for registration","the whole paddock is removed and the slope refitted"
"drop_one_cluster","whole_record","1988-2022",19,"Bala 21",1,0.547273733307921,0.546540065876711,-0.000733667431210283,,,,,,"pixel","part (paddock x community)","pixel-weighted by the part's cell count","BETWEEN-UNIT (across parts)","zone_fid (paddock)","77e3ef0aecd1497c187d930959110d994081c800b510c78004514a007126494a","diagnostic - NOT registered, and nothing here is proposed for registration","the whole paddock is removed and the slope refitted"
"drop_one_cluster","whole_record","1988-2022",20,"Bala 22",1,0.547273733307921,0.548319369358288,0.00104563605036712,,,,,,"pixel","part (paddock x community)","pixel-weighted by the part's cell count","BETWEEN-UNIT (across parts)","zone_fid (paddock)","77e3ef0aecd1497c187d930959110d994081c800b510c78004514a007126494a","diagnostic - NOT registered, and nothing here is proposed for registration","the whole paddock is removed and the slope refitted"
"drop_one_cluster","whole_record","1988-2022",21,"Bala 23",2,0.547273733307921,0.55124703523875,0.00397330193082868,,,,,,"pixel","part (paddock x community)","pixel-weighted by the part's cell count","BETWEEN-UNIT (across parts)","zone_fid (paddock)","77e3ef0aecd1497c187d930959110d994081c800b510c78004514a007126494a","diagnostic - NOT registered, and nothing here is proposed for registration","the whole paddock is removed and the slope refitted"
"drop_one_cluster","whole_record","1988-2022",22,"Bala 24",1,0.547273733307921,0.547525793829164,0.000252060521242603,,,,,,"pixel","part (paddock x community)","pixel-weighted by the part's cell count","BETWEEN-UNIT (across parts)","zone_fid (paddock)","77e3ef0aecd1497c187d930959110d994081c800b510c78004514a007126494a","diagnostic - NOT registered, and nothing here is proposed for registration","the whole paddock is removed and the slope refitted"
"drop_one_cluster","whole_record","1988-2022",23,"Bala 25",1,0.547273733307921,0.547908019253333,0.000634285945411261,,,,,,"pixel","part (paddock x community)","pixel-weighted by the part's cell count","BETWEEN-UNIT (across parts)","zone_fid (paddock)","77e3ef0aecd1497c187d930959110d994081c800b510c78004514a007126494a","diagnostic - NOT registered, and nothing here is proposed for registration","the whole paddock is removed and the slope refitted"
"drop_one_cluster","whole_record","1988-2022",24,"Bala 7/10",2,0.547273733307921,0.546442884433337,-0.000830848874584733,,,,,,"pixel","part (paddock x community)","pixel-weighted by the part's cell count","BETWEEN-UNIT (across parts)","zone_fid (paddock)","77e3ef0aecd1497c187d930959110d994081c800b510c78004514a007126494a","diagnostic - NOT registered, and nothing here is proposed for registration","the whole paddock is removed and the slope refitted"
"drop_one_cluster","whole_record","1988-2022",25,"Bala 8/11",2,0.547273733307921,0.545026858808536,-0.00224687449938543,,,,,,"pixel","part (paddock x community)","pixel-weighted by the part's cell count","BETWEEN-UNIT (across parts)","zone_fid (paddock)","77e3ef0aecd1497c187d930959110d994081c800b510c78004514a007126494a","diagnostic - NOT registered, and nothing here is proposed for registration","the whole paddock is removed and the slope refitted"
"drop_one_cluster","whole_record","1988-2022",26,"Bala 14/16",2,0.547273733307921,0.543215447949704,-0.00405828535821684,,,,,,"pixel","part (paddock x community)","pixel-weighted by the part's cell count","BETWEEN-UNIT (across parts)","zone_fid (paddock)","77e3ef0aecd1497c187d930959110d994081c800b510c78004514a007126494a","diagnostic - NOT registered, and nothing here is proposed for registration","the whole paddock is removed and the slope refitted"
"drop_one_cluster","whole_record","1988-2022",27,"Mara 1",2,0.547273733307921,0.547335889013682,6.21557057605138e-05,,,,,,"pixel","part (paddock x community)","pixel-weighted by the part's cell count","BETWEEN-UNIT (across parts)","zone_fid (paddock)","77e3ef0aecd1497c187d930959110d994081c800b510c78004514a007126494a","diagnostic - NOT registered, and nothing here is proposed for registration","the whole paddock is removed and the slope refitted"
"drop_one_cluster","whole_record","1988-2022",28,"Mara 2",2,0.547273733307921,0.54731475256487,4.10192569491041e-05,,,,,,"pixel","part (paddock x community)","pixel-weighted by the part's cell count","BETWEEN-UNIT (across parts)","zone_fid (paddock)","77e3ef0aecd1497c187d930959110d994081c800b510c78004514a007126494a","diagnostic - NOT registered, and nothing here is proposed for registration","the whole paddock is removed and the slope refitted"
"drop_one_cluster","whole_record","1988-2022",29,"Mara 3",1,0.547273733307921,0.546607006232955,-0.000666727074965956,,,,,,"pixel","part (paddock x community)","pixel-weighted by the part's cell count","BETWEEN-UNIT (across parts)","zone_fid (paddock)","77e3ef0aecd1497c187d930959110d994081c800b510c78004514a007126494a","diagnostic - NOT registered, and nothing here is proposed for registration","the whole paddock is removed and the slope refitted"
"drop_one_cluster","whole_record","1988-2022",30,"Mara 10",1,0.547273733307921,0.546705046752007,-0.000568686555914466,,,,,,"pixel","part (paddock x community)","pixel-weighted by the part's cell count","BETWEEN-UNIT (across parts)","zone_fid (paddock)","77e3ef0aecd1497c187d930959110d994081c800b510c78004514a007126494a","diagnostic - NOT registered, and nothing here is proposed for registration","the whole paddock is removed and the slope refitted"
"drop_one_cluster","whole_record","1988-2022",31,"Mara 13",3,0.547273733307921,0.547431392363956,0.000157659056034709,,,,,,"pixel","part (paddock x community)","pixel-weighted by the part's cell count","BETWEEN-UNIT (across parts)","zone_fid (paddock)","77e3ef0aecd1497c187d930959110d994081c800b510c78004514a007126494a","diagnostic - NOT registered, and nothing here is proposed for registration","the whole paddock is removed and the slope refitted"
"drop_one_cluster","whole_record","1988-2022",32,"Mara 12",2,0.547273733307921,0.54637880951286,-0.000894923795061175,,,,,,"pixel","part (paddock x community)","pixel-weighted by the part's cell count","BETWEEN-UNIT (across parts)","zone_fid (paddock)","77e3ef0aecd1497c187d930959110d994081c800b510c78004514a007126494a","diagnostic - NOT registered, and nothing here is proposed for registration","the whole paddock is removed and the slope refitted"
"drop_one_cluster","whole_record","1988-2022",33,"Mara 14",1,0.547273733307921,0.545271846307127,-0.00200188700079418,,,,,,"pixel","part (paddock x community)","pixel-weighted by the part's cell count","BETWEEN-UNIT (across parts)","zone_fid (paddock)","77e3ef0aecd1497c187d930959110d994081c800b510c78004514a007126494a","diagnostic - NOT registered, and nothing here is proposed for registration","the whole paddock is removed and the slope refitted"
"drop_one_cluster","whole_record","1988-2022",34,"Mara 5",1,0.547273733307921,0.54738619537551,0.000112462067588637,,,,,,"pixel","part (paddock x community)","pixel-weighted by the part's cell count","BETWEEN-UNIT (across parts)","zone_fid (paddock)","77e3ef0aecd1497c187d930959110d994081c800b510c78004514a007126494a","diagnostic - NOT registered, and nothing here is proposed for registration","the whole paddock is removed and the slope refitted"
"drop_one_cluster","whole_record","1988-2022",35,"Mara 9",1,0.547273733307921,0.546228870406541,-0.00104486290138039,,,,,,"pixel","part (paddock x community)","pixel-weighted by the part's cell count","BETWEEN-UNIT (across parts)","zone_fid (paddock)","77e3ef0aecd1497c187d930959110d994081c800b510c78004514a007126494a","diagnostic - NOT registered, and nothing here is proposed for registration","the whole paddock is removed and the slope refitted"
"drop_one_cluster","whole_record","1988-2022",36,"Mara 6",1,0.547273733307921,0.542440497448831,-0.00483323585909057,,,,,,"pixel","part (paddock x community)","pixel-weighted by the part's cell count","BETWEEN-UNIT (across parts)","zone_fid (paddock)","77e3ef0aecd1497c187d930959110d994081c800b510c78004514a007126494a","diagnostic - NOT registered, and nothing here is proposed for registration","the whole paddock is removed and the slope refitted"
"drop_one_cluster","whole_record","1988-2022",37,"Mara 7",3,0.547273733307921,0.545240669565326,-0.00203306374259493,,,,,,"pixel","part (paddock x community)","pixel-weighted by the part's cell count","BETWEEN-UNIT (across parts)","zone_fid (paddock)","77e3ef0aecd1497c187d930959110d994081c800b510c78004514a007126494a","diagnostic - NOT registered, and nothing here is proposed for registration","the whole paddock is removed and the slope refitted"
"drop_one_cluster","whole_record","1988-2022",38,"Mara 8",3,0.547273733307921,0.550607705309923,0.00333397200200136,,,,,,"pixel","part (paddock x community)","pixel-weighted by the part's cell count","BETWEEN-UNIT (across parts)","zone_fid (paddock)","77e3ef0aecd1497c187d930959110d994081c800b510c78004514a007126494a","diagnostic - NOT registered, and nothing here is proposed for registration","the whole paddock is removed and the slope refitted"
"drop_one_cluster","whole_record","1988-2022",39,"Mara 11",2,0.547273733307921,0.558885002138876,0.0116112688309544,,,,,,"pixel","part (paddock x community)","pixel-weighted by the part's cell count","BETWEEN-UNIT (across parts)","zone_fid (paddock)","77e3ef0aecd1497c187d930959110d994081c800b510c78004514a007126494a","diagnostic - NOT registered, and nothing here is proposed for registration","the whole paddock is removed and the slope refitted"
"drop_one_cluster","whole_record","1988-2022",40,"Mara 15",1,0.547273733307921,0.543727832105163,-0.00354590120275811,,,,,,"pixel","part (paddock x community)","pixel-weighted by the part's cell count","BETWEEN-UNIT (across parts)","zone_fid (paddock)","77e3ef0aecd1497c187d930959110d994081c800b510c78004514a007126494a","diagnostic - NOT registered, and nothing here is proposed for registration","the whole paddock is removed and the slope refitted"
"drop_one_cluster","whole_record","1988-2022",41,"Mara 16",1,0.547273733307921,0.546065423379704,-0.00120830992821719,,,,,,"pixel","part (paddock x community)","pixel-weighted by the part's cell count","BETWEEN-UNIT (across parts)","zone_fid (paddock)","77e3ef0aecd1497c187d930959110d994081c800b510c78004514a007126494a","diagnostic - NOT registered, and nothing here is proposed for registration","the whole paddock is removed and the slope refitted"
"drop_one_cluster","whole_record","1988-2022",42,"Mara 17",1,0.547273733307921,0.545852003069945,-0.00142173023797676,,,,,,"pixel","part (paddock x community)","pixel-weighted by the part's cell count","BETWEEN-UNIT (across parts)","zone_fid (paddock)","77e3ef0aecd1497c187d930959110d994081c800b510c78004514a007126494a","diagnostic - NOT registered, and nothing here is proposed for registration","the whole paddock is removed and the slope refitted"
"drop_one_cluster","whole_record","1988-2022",43,"Mara 18",1,0.547273733307921,0.549085616137628,0.00181188282970679,,,,,,"pixel","part (paddock x community)","pixel-weighted by the part's cell count","BETWEEN-UNIT (across parts)","zone_fid (paddock)","77e3ef0aecd1497c187d930959110d994081c800b510c78004514a007126494a","diagnostic - NOT registered, and nothing here is proposed for registration","the whole paddock is removed and the slope refitted"
"drop_one_cluster","whole_record","1988-2022",44,"Mara 19",1,0.547273733307921,0.545175823571012,-0.00209790973690915,,,,,,"pixel","part (paddock x community)","pixel-weighted by the part's cell count","BETWEEN-UNIT (across parts)","zone_fid (paddock)","77e3ef0aecd1497c187d930959110d994081c800b510c78004514a007126494a","diagnostic - NOT registered, and nothing here is proposed for registration","the whole paddock is removed and the slope refitted"
"drop_one_cluster","whole_record","1988-2022",45,"Mara 21",2,0.547273733307921,0.554789447573363,0.00751571426544217,,,,,,"pixel","part (paddock x community)","pixel-weighted by the part's cell count","BETWEEN-UNIT (across parts)","zone_fid (paddock)","77e3ef0aecd1497c187d930959110d994081c800b510c78004514a007126494a","diagnostic - NOT registered, and nothing here is proposed for registration","the whole paddock is removed and the slope refitted"
"drop_one_cluster","whole_record","1988-2022",46,"Mara 20",1,0.547273733307921,0.547045954613593,-0.000227778694327996,,,,,,"pixel","part (paddock x community)","pixel-weighted by the part's cell count","BETWEEN-UNIT (across parts)","zone_fid (paddock)","77e3ef0aecd1497c187d930959110d994081c800b510c78004514a007126494a","diagnostic - NOT registered, and nothing here is proposed for registration","the whole paddock is removed and the slope refitted"
"drop_one_cluster","whole_record","1988-2022",47,"Mara 22",1,0.547273733307921,0.547348795732604,7.50624246825815e-05,,,,,,"pixel","part (paddock x community)","pixel-weighted by the part's cell count","BETWEEN-UNIT (across parts)","zone_fid (paddock)","77e3ef0aecd1497c187d930959110d994081c800b510c78004514a007126494a","diagnostic - NOT registered, and nothing here is proposed for registration","the whole paddock is removed and the slope refitted"
"drop_one_cluster","whole_record","1988-2022",48,"Mara 4",3,0.547273733307921,0.54719092544834,-8.28078595815906e-05,,,,,,"pixel","part (paddock x community)","pixel-weighted by the part's cell count","BETWEEN-UNIT (across parts)","zone_fid (paddock)","77e3ef0aecd1497c187d930959110d994081c800b510c78004514a007126494a","diagnostic - NOT registered, and nothing here is proposed for registration","the whole paddock is removed and the slope refitted"
"drop_one_cluster","whole_record","1988-2022",49,"Mara 5a",1,0.547273733307921,0.546728760613103,-0.000544972694818568,,,,,,"pixel","part (paddock x community)","pixel-weighted by the part's cell count","BETWEEN-UNIT (across parts)","zone_fid (paddock)","77e3ef0aecd1497c187d930959110d994081c800b510c78004514a007126494a","diagnostic - NOT registered, and nothing here is proposed for registration","the whole paddock is removed and the slope refitted"
"drop_one_cluster","whole_record","1988-2022",50,"Mara 22a",1,0.547273733307921,0.5479836651173,0.000709931809379061,,,,,,"pixel","part (paddock x community)","pixel-weighted by the part's cell count","BETWEEN-UNIT (across parts)","zone_fid (paddock)","77e3ef0aecd1497c187d930959110d994081c800b510c78004514a007126494a","diagnostic - NOT registered, and nothing here is proposed for registration","the whole paddock is removed and the slope refitted"
"drop_one_cluster","whole_record","1988-2022",51,"Dinan 3",3,0.547273733307921,0.54745520093562,0.000181467627698551,,,,,,"pixel","part (paddock x community)","pixel-weighted by the part's cell count","BETWEEN-UNIT (across parts)","zone_fid (paddock)","77e3ef0aecd1497c187d930959110d994081c800b510c78004514a007126494a","diagnostic - NOT registered, and nothing here is proposed for registration","the whole paddock is removed and the slope refitted"
"drop_one_cluster","whole_record","1988-2022",52,"Dinan 2",2,0.547273733307921,0.542255157273629,-0.00501857603429234,,,,,,"pixel","part (paddock x community)","pixel-weighted by the part's cell count","BETWEEN-UNIT (across parts)","zone_fid (paddock)","77e3ef0aecd1497c187d930959110d994081c800b510c78004514a007126494a","diagnostic - NOT registered, and nothing here is proposed for registration","the whole paddock is removed and the slope refitted"
"drop_one_cluster","whole_record","1988-2022",53,"Dinan 6",2,0.547273733307921,0.547117314952654,-0.000156418355267252,,,,,,"pixel","part (paddock x community)","pixel-weighted by the part's cell count","BETWEEN-UNIT (across parts)","zone_fid (paddock)","77e3ef0aecd1497c187d930959110d994081c800b510c78004514a007126494a","diagnostic - NOT registered, and nothing here is proposed for registration","the whole paddock is removed and the slope refitted"
"drop_one_cluster","whole_record","1988-2022",54,"Dinan 7",2,0.547273733307921,0.548907125026501,0.00163339171857979,,,,,,"pixel","part (paddock x community)","pixel-weighted by the part's cell count","BETWEEN-UNIT (across parts)","zone_fid (paddock)","77e3ef0aecd1497c187d930959110d994081c800b510c78004514a007126494a","diagnostic - NOT registered, and nothing here is proposed for registration","the whole paddock is removed and the slope refitted"
"drop_one_cluster","whole_record","1988-2022",55,"Dinan 8",3,0.547273733307921,0.512456836491562,-0.0348168968163597,,,,,,"pixel","part (paddock x community)","pixel-weighted by the part's cell count","BETWEEN-UNIT (across parts)","zone_fid (paddock)","77e3ef0aecd1497c187d930959110d994081c800b510c78004514a007126494a","diagnostic - NOT registered, and nothing here is proposed for registration","the whole paddock is removed and the slope refitted"
"drop_one_cluster","whole_record","1988-2022",56,"Dinan 9",3,0.547273733307921,0.538993526273066,-0.0082802070348551,,,,,,"pixel","part (paddock x community)","pixel-weighted by the part's cell count","BETWEEN-UNIT (across parts)","zone_fid (paddock)","77e3ef0aecd1497c187d930959110d994081c800b510c78004514a007126494a","diagnostic - NOT registered, and nothing here is proposed for registration","the whole paddock is removed and the slope refitted"
"drop_one_cluster","whole_record","1988-2022",57,"Dinan 10",3,0.547273733307921,0.523617053862898,-0.0236566794450236,,,,,,"pixel","part (paddock x community)","pixel-weighted by the part's cell count","BETWEEN-UNIT (across parts)","zone_fid (paddock)","77e3ef0aecd1497c187d930959110d994081c800b510c78004514a007126494a","diagnostic - NOT registered, and nothing here is proposed for registration","the whole paddock is removed and the slope refitted"
"drop_one_cluster","whole_record","1988-2022",58,"Dinan 13",3,0.547273733307921,0.546819111682782,-0.000454621625138985,,,,,,"pixel","part (paddock x community)","pixel-weighted by the part's cell count","BETWEEN-UNIT (across parts)","zone_fid (paddock)","77e3ef0aecd1497c187d930959110d994081c800b510c78004514a007126494a","diagnostic - NOT registered, and nothing here is proposed for registration","the whole paddock is removed and the slope refitted"
"drop_one_cluster","whole_record","1988-2022",59,"Dinan 12",2,0.547273733307921,0.551750670756138,0.00447693744821642,,,,,,"pixel","part (paddock x community)","pixel-weighted by the part's cell count","BETWEEN-UNIT (across parts)","zone_fid (paddock)","77e3ef0aecd1497c187d930959110d994081c800b510c78004514a007126494a","diagnostic - NOT registered, and nothing here is proposed for registration","the whole paddock is removed and the slope refitted"
"drop_one_cluster","whole_record","1988-2022",60,"Dinan 14",2,0.547273733307921,0.556172736766785,0.00889900345886396,,,,,,"pixel","part (paddock x community)","pixel-weighted by the part's cell count","BETWEEN-UNIT (across parts)","zone_fid (paddock)","77e3ef0aecd1497c187d930959110d994081c800b510c78004514a007126494a","diagnostic - NOT registered, and nothing here is proposed for registration","the whole paddock is removed and the slope refitted"
"drop_one_cluster","whole_record","1988-2022",61,"Dinan 11",3,0.547273733307921,0.550777951708007,0.00350421840008563,,,,,,"pixel","part (paddock x community)","pixel-weighted by the part's cell count","BETWEEN-UNIT (across parts)","zone_fid (paddock)","77e3ef0aecd1497c187d930959110d994081c800b510c78004514a007126494a","diagnostic - NOT registered, and nothing here is proposed for registration","the whole paddock is removed and the slope refitted"
"drop_one_cluster","whole_record","1988-2022",62,"Dinan 1",3,0.547273733307921,0.543718692404781,-0.00355504090313985,,,,,,"pixel","part (paddock x community)","pixel-weighted by the part's cell count","BETWEEN-UNIT (across parts)","zone_fid (paddock)","77e3ef0aecd1497c187d930959110d994081c800b510c78004514a007126494a","diagnostic - NOT registered, and nothing here is proposed for registration","the whole paddock is removed and the slope refitted"
"drop_one_cluster","whole_record","1988-2022",63,"Dinan 4",3,0.547273733307921,0.541861730614244,-0.00541200269367692,,,,,,"pixel","part (paddock x community)","pixel-weighted by the part's cell count","BETWEEN-UNIT (across parts)","zone_fid (paddock)","77e3ef0aecd1497c187d930959110d994081c800b510c78004514a007126494a","diagnostic - NOT registered, and nothing here is proposed for registration","the whole paddock is removed and the slope refitted"
"drop_one_cluster","whole_record","1988-2022",64,"Dinan 5",2,0.547273733307921,0.547269261610114,-4.47169780759538e-06,,,,,,"pixel","part (paddock x community)","pixel-weighted by the part's cell count","BETWEEN-UNIT (across parts)","zone_fid (paddock)","77e3ef0aecd1497c187d930959110d994081c800b510c78004514a007126494a","diagnostic - NOT registered, and nothing here is proposed for registration","the whole paddock is removed and the slope refitted"
"part_leverage_and_deleted_residual","whole_record","1988-2022",1,"Bala 26ca",,0.547273733307921,,,"01_inland","inland",-7.62281467320477,-8.76272569093888,0.130177723112958,"pixel","part (paddock x community)","pixel-weighted by the part's cell count","BETWEEN-UNIT (across parts)","zone_fid (paddock)","77e3ef0aecd1497c187d930959110d994081c800b510c78004514a007126494a","diagnostic - NOT registered, and nothing here is proposed for registration","residual_cluster_deleted = predicted from a fit with this part's WHOLE PADDOCK removed"
"part_leverage_and_deleted_residual","whole_record","1988-2022",1,"Bala 26ca",,0.547273733307921,,,"01_riverine","riverine",-3.98688901806948,-3.90062143625546,0.00137426659582593,"pixel","part (paddock x community)","pixel-weighted by the part's cell count","BETWEEN-UNIT (across parts)","zone_fid (paddock)","77e3ef0aecd1497c187d930959110d994081c800b510c78004514a007126494a","diagnostic - NOT registered, and nothing here is proposed for registration","residual_cluster_deleted = predicted from a fit with this part's WHOLE PADDOCK removed"
"part_leverage_and_deleted_residual","whole_record","1988-2022",2,"Bala 27ca",,0.547273733307921,,,"02_inland","inland",-0.934162384594018,-0.966195602870542,0.0331539681834135,"pixel","part (paddock x community)","pixel-weighted by the part's cell count","BETWEEN-UNIT (across parts)","zone_fid (paddock)","77e3ef0aecd1497c187d930959110d994081c800b510c78004514a007126494a","diagnostic - NOT registered, and nothing here is proposed for registration","residual_cluster_deleted = predicted from a fit with this part's WHOLE PADDOCK removed"
"part_leverage_and_deleted_residual","whole_record","1988-2022",3,"Bala 28ca",,0.547273733307921,,,"03_inland","inland",-3.81297838686463,-4.19636334807282,0.0934028336011154,"pixel","part (paddock x community)","pixel-weighted by the part's cell count","BETWEEN-UNIT (across parts)","zone_fid (paddock)","77e3ef0aecd1497c187d930959110d994081c800b510c78004514a007126494a","diagnostic - NOT registered, and nothing here is proposed for registration","residual_cluster_deleted = predicted from a fit with this part's WHOLE PADDOCK removed"
"part_leverage_and_deleted_residual","whole_record","1988-2022",3,"Bala 28ca",,0.547273733307921,,,"03_riverine","riverine",-2.94049782191506,-2.90473284385993,0.00870663476804276,"pixel","part (paddock x community)","pixel-weighted by the part's cell count","BETWEEN-UNIT (across parts)","zone_fid (paddock)","77e3ef0aecd1497c187d930959110d994081c800b510c78004514a007126494a","diagnostic - NOT registered, and nothing here is proposed for registration","residual_cluster_deleted = predicted from a fit with this part's WHOLE PADDOCK removed"
"part_leverage_and_deleted_residual","whole_record","1988-2022",4,"Bala 29ca",,0.547273733307921,,,"04_aeolian","aeolian",-24.8453786859863,-27.2901625946861,0.0530582149112002,"pixel","part (paddock x community)","pixel-weighted by the part's cell count","BETWEEN-UNIT (across parts)","zone_fid (paddock)","77e3ef0aecd1497c187d930959110d994081c800b510c78004514a007126494a","diagnostic - NOT registered, and nothing here is proposed for registration","residual_cluster_deleted = predicted from a fit with this part's WHOLE PADDOCK removed"
"part_leverage_and_deleted_residual","whole_record","1988-2022",4,"Bala 29ca",,0.547273733307921,,,"04_inland","inland",5.87301396116153,4.45105690063976,0.0229697489323787,"pixel","part (paddock x community)","pixel-weighted by the part's cell count","BETWEEN-UNIT (across parts)","zone_fid (paddock)","77e3ef0aecd1497c187d930959110d994081c800b510c78004514a007126494a","diagnostic - NOT registered, and nothing here is proposed for registration","residual_cluster_deleted = predicted from a fit with this part's WHOLE PADDOCK removed"
"part_leverage_and_deleted_residual","whole_record","1988-2022",4,"Bala 29ca",,0.547273733307921,,,"04_riverine","riverine",-21.5752779580664,-23.742229599175,0.0429201281709752,"pixel","part (paddock x community)","pixel-weighted by the part's cell count","BETWEEN-UNIT (across parts)","zone_fid (paddock)","77e3ef0aecd1497c187d930959110d994081c800b510c78004514a007126494a","diagnostic - NOT registered, and nothing here is proposed for registration","residual_cluster_deleted = predicted from a fit with this part's WHOLE PADDOCK removed"
"part_leverage_and_deleted_residual","whole_record","1988-2022",5,"Bala 1",,0.547273733307921,,,"05_inland","inland",9.74380383352882,9.93125000556261,0.0181191709538717,"pixel","part (paddock x community)","pixel-weighted by the part's cell count","BETWEEN-UNIT (across parts)","zone_fid (paddock)","77e3ef0aecd1497c187d930959110d994081c800b510c78004514a007126494a","diagnostic - NOT registered, and nothing here is proposed for registration","residual_cluster_deleted = predicted from a fit with this part's WHOLE PADDOCK removed"
"part_leverage_and_deleted_residual","whole_record","1988-2022",5,"Bala 1",,0.547273733307921,,,"05_riverine","riverine",9.02007544757055,9.27960327106843,0.00128860826678389,"pixel","part (paddock x community)","pixel-weighted by the part's cell count","BETWEEN-UNIT (across parts)","zone_fid (paddock)","77e3ef0aecd1497c187d930959110d994081c800b510c78004514a007126494a","diagnostic - NOT registered, and nothing here is proposed for registration","residual_cluster_deleted = predicted from a fit with this part's WHOLE PADDOCK removed"
"part_leverage_and_deleted_residual","whole_record","1988-2022",6,"Bala 2",,0.547273733307921,,,"06_inland","inland",10.6220776119005,11.4297876204403,0.0649614993063332,"pixel","part (paddock x community)","pixel-weighted by the part's cell count","BETWEEN-UNIT (across parts)","zone_fid (paddock)","77e3ef0aecd1497c187d930959110d994081c800b510c78004514a007126494a","diagnostic - NOT registered, and nothing here is proposed for registration","residual_cluster_deleted = predicted from a fit with this part's WHOLE PADDOCK removed"
"part_leverage_and_deleted_residual","whole_record","1988-2022",6,"Bala 2",,0.547273733307921,,,"06_riverine","riverine",9.26377231992995,10.3165526467418,0.00864395810495501,"pixel","part (paddock x community)","pixel-weighted by the part's cell count","BETWEEN-UNIT (across parts)","zone_fid (paddock)","77e3ef0aecd1497c187d930959110d994081c800b510c78004514a007126494a","diagnostic - NOT registered, and nothing here is proposed for registration","residual_cluster_deleted = predicted from a fit with this part's WHOLE PADDOCK removed"
"part_leverage_and_deleted_residual","whole_record","1988-2022",7,"Bala 3",,0.547273733307921,,,"07_inland","inland",4.78590512211112,5.04159746256173,0.0507165322795676,"pixel","part (paddock x community)","pixel-weighted by the part's cell count","BETWEEN-UNIT (across parts)","zone_fid (paddock)","77e3ef0aecd1497c187d930959110d994081c800b510c78004514a007126494a","diagnostic - NOT registered, and nothing here is proposed for registration","residual_cluster_deleted = predicted from a fit with this part's WHOLE PADDOCK removed"
"part_leverage_and_deleted_residual","whole_record","1988-2022",8,"Bala 4",,0.547273733307921,,,"08_inland","inland",9.21802091276606,9.28381012331565,0.0070864450775825,"pixel","part (paddock x community)","pixel-weighted by the part's cell count","BETWEEN-UNIT (across parts)","zone_fid (paddock)","77e3ef0aecd1497c187d930959110d994081c800b510c78004514a007126494a","diagnostic - NOT registered, and nothing here is proposed for registration","residual_cluster_deleted = predicted from a fit with this part's WHOLE PADDOCK removed"
"part_leverage_and_deleted_residual","whole_record","1988-2022",9,"Bala 5",,0.547273733307921,,,"09_inland","inland",5.20293437448174,5.44654087974958,0.0371916246430401,"pixel","part (paddock x community)","pixel-weighted by the part's cell count","BETWEEN-UNIT (across parts)","zone_fid (paddock)","77e3ef0aecd1497c187d930959110d994081c800b510c78004514a007126494a","diagnostic - NOT registered, and nothing here is proposed for registration","residual_cluster_deleted = predicted from a fit with this part's WHOLE PADDOCK removed"
"part_leverage_and_deleted_residual","whole_record","1988-2022",9,"Bala 5",,0.547273733307921,,,"09_riverine","riverine",8.18781009747014,8.52812809220728,0.00782708081658747,"pixel","part (paddock x community)","pixel-weighted by the part's cell count","BETWEEN-UNIT (across parts)","zone_fid (paddock)","77e3ef0aecd1497c187d930959110d994081c800b510c78004514a007126494a","diagnostic - NOT registered, and nothing here is proposed for registration","residual_cluster_deleted = predicted from a fit with this part's WHOLE PADDOCK removed"
"part_leverage_and_deleted_residual","whole_record","1988-2022",10,"Bala 6",,0.547273733307921,,,"10_inland","inland",12.2159422760361,13.1144619829592,0.0345168224223892,"pixel","part (paddock x community)","pixel-weighted by the part's cell count","BETWEEN-UNIT (across parts)","zone_fid (paddock)","77e3ef0aecd1497c187d930959110d994081c800b510c78004514a007126494a","diagnostic - NOT registered, and nothing here is proposed for registration","residual_cluster_deleted = predicted from a fit with this part's WHOLE PADDOCK removed"
"part_leverage_and_deleted_residual","whole_record","1988-2022",10,"Bala 6",,0.547273733307921,,,"10_riverine","riverine",11.3852988939023,12.7848651547105,0.0591828156918228,"pixel","part (paddock x community)","pixel-weighted by the part's cell count","BETWEEN-UNIT (across parts)","zone_fid (paddock)","77e3ef0aecd1497c187d930959110d994081c800b510c78004514a007126494a","diagnostic - NOT registered, and nothing here is proposed for registration","residual_cluster_deleted = predicted from a fit with this part's WHOLE PADDOCK removed"
"part_leverage_and_deleted_residual","whole_record","1988-2022",11,"Bala 9",,0.547273733307921,,,"11_inland","inland",-0.515699506654926,-0.518416734413876,0.0052413966960951,"pixel","part (paddock x community)","pixel-weighted by the part's cell count","BETWEEN-UNIT (across parts)","zone_fid (paddock)","77e3ef0aecd1497c187d930959110d994081c800b510c78004514a007126494a","diagnostic - NOT registered, and nothing here is proposed for registration","residual_cluster_deleted = predicted from a fit with this part's WHOLE PADDOCK removed"
"part_leverage_and_deleted_residual","whole_record","1988-2022",12,"Bala 12",,0.547273733307921,,,"12_inland","inland",-3.7800905894774,-3.94348079226633,0.0411952757568322,"pixel","part (paddock x community)","pixel-weighted by the part's cell count","BETWEEN-UNIT (across parts)","zone_fid (paddock)","77e3ef0aecd1497c187d930959110d994081c800b510c78004514a007126494a","diagnostic - NOT registered, and nothing here is proposed for registration","residual_cluster_deleted = predicted from a fit with this part's WHOLE PADDOCK removed"
"part_leverage_and_deleted_residual","whole_record","1988-2022",12,"Bala 12",,0.547273733307921,,,"12_riverine","riverine",-4.05634354340113,-4.08729640340133,0.000833491460845587,"pixel","part (paddock x community)","pixel-weighted by the part's cell count","BETWEEN-UNIT (across parts)","zone_fid (paddock)","77e3ef0aecd1497c187d930959110d994081c800b510c78004514a007126494a","diagnostic - NOT registered, and nothing here is proposed for registration","residual_cluster_deleted = predicted from a fit with this part's WHOLE PADDOCK removed"
"part_leverage_and_deleted_residual","whole_record","1988-2022",13,"Bala 13",,0.547273733307921,,,"13_inland","inland",4.96877439185062,5.06070310491212,0.0181652057344098,"pixel","part (paddock x community)","pixel-weighted by the part's cell count","BETWEEN-UNIT (across parts)","zone_fid (paddock)","77e3ef0aecd1497c187d930959110d994081c800b510c78004514a007126494a","diagnostic - NOT registered, and nothing here is proposed for registration","residual_cluster_deleted = predicted from a fit with this part's WHOLE PADDOCK removed"
"part_leverage_and_deleted_residual","whole_record","1988-2022",14,"Bala 15",,0.547273733307921,,,"14_inland","inland",-17.6541311670633,-17.8438595812303,0.0106327004706243,"pixel","part (paddock x community)","pixel-weighted by the part's cell count","BETWEEN-UNIT (across parts)","zone_fid (paddock)","77e3ef0aecd1497c187d930959110d994081c800b510c78004514a007126494a","diagnostic - NOT registered, and nothing here is proposed for registration","residual_cluster_deleted = predicted from a fit with this part's WHOLE PADDOCK removed"
"part_leverage_and_deleted_residual","whole_record","1988-2022",15,"Bala 17",,0.547273733307921,,,"15_inland","inland",6.23191748456939,6.32954704444941,0.0154244149216985,"pixel","part (paddock x community)","pixel-weighted by the part's cell count","BETWEEN-UNIT (across parts)","zone_fid (paddock)","77e3ef0aecd1497c187d930959110d994081c800b510c78004514a007126494a","diagnostic - NOT registered, and nothing here is proposed for registration","residual_cluster_deleted = predicted from a fit with this part's WHOLE PADDOCK removed"
"part_leverage_and_deleted_residual","whole_record","1988-2022",16,"Bala 18",,0.547273733307921,,,"16_inland","inland",1.5041885200726,1.58690627081974,0.045962898079127,"pixel","part (paddock x community)","pixel-weighted by the part's cell count","BETWEEN-UNIT (across parts)","zone_fid (paddock)","77e3ef0aecd1497c187d930959110d994081c800b510c78004514a007126494a","diagnostic - NOT registered, and nothing here is proposed for registration","residual_cluster_deleted = predicted from a fit with this part's WHOLE PADDOCK removed"
"part_leverage_and_deleted_residual","whole_record","1988-2022",16,"Bala 18",,0.547273733307921,,,"16_riverine","riverine",9.17140629378422,9.21006530623396,0.000828431211431587,"pixel","part (paddock x community)","pixel-weighted by the part's cell count","BETWEEN-UNIT (across parts)","zone_fid (paddock)","77e3ef0aecd1497c187d930959110d994081c800b510c78004514a007126494a","diagnostic - NOT registered, and nothing here is proposed for registration","residual_cluster_deleted = predicted from a fit with this part's WHOLE PADDOCK removed"
"part_leverage_and_deleted_residual","whole_record","1988-2022",17,"Bala 19",,0.547273733307921,,,"17_inland","inland",4.43617338803288,4.51792838736819,0.0180956828717924,"pixel","part (paddock x community)","pixel-weighted by the part's cell count","BETWEEN-UNIT (across parts)","zone_fid (paddock)","77e3ef0aecd1497c187d930959110d994081c800b510c78004514a007126494a","diagnostic - NOT registered, and nothing here is proposed for registration","residual_cluster_deleted = predicted from a fit with this part's WHOLE PADDOCK removed"
"part_leverage_and_deleted_residual","whole_record","1988-2022",18,"Bala 20",,0.547273733307921,,,"18_aeolian","aeolian",-10.1613088358658,-10.1607221789785,0.000227762405564619,"pixel","part (paddock x community)","pixel-weighted by the part's cell count","BETWEEN-UNIT (across parts)","zone_fid (paddock)","77e3ef0aecd1497c187d930959110d994081c800b510c78004514a007126494a","diagnostic - NOT registered, and nothing here is proposed for registration","residual_cluster_deleted = predicted from a fit with this part's WHOLE PADDOCK removed"
"part_leverage_and_deleted_residual","whole_record","1988-2022",18,"Bala 20",,0.547273733307921,,,"18_inland","inland",2.0349459614666,2.08867936230457,0.0299206738070131,"pixel","part (paddock x community)","pixel-weighted by the part's cell count","BETWEEN-UNIT (across parts)","zone_fid (paddock)","77e3ef0aecd1497c187d930959110d994081c800b510c78004514a007126494a","diagnostic - NOT registered, and nothing here is proposed for registration","residual_cluster_deleted = predicted from a fit with this part's WHOLE PADDOCK removed"
"part_leverage_and_deleted_residual","whole_record","1988-2022",18,"Bala 20",,0.547273733307921,,,"18_riverine","riverine",-2.7298493649892,-2.72194245928082,0.0036815331189339,"pixel","part (paddock x community)","pixel-weighted by the part's cell count","BETWEEN-UNIT (across parts)","zone_fid (paddock)","77e3ef0aecd1497c187d930959110d994081c800b510c78004514a007126494a","diagnostic - NOT registered, and nothing here is proposed for registration","residual_cluster_deleted = predicted from a fit with this part's WHOLE PADDOCK removed"
"part_leverage_and_deleted_residual","whole_record","1988-2022",19,"Bala 21",,0.547273733307921,,,"19_inland","inland",0.711540360542358,0.732126193103724,0.028117874698788,"pixel","part (paddock x community)","pixel-weighted by the part's cell count","BETWEEN-UNIT (across parts)","zone_fid (paddock)","77e3ef0aecd1497c187d930959110d994081c800b510c78004514a007126494a","diagnostic - NOT registered, and nothing here is proposed for registration","residual_cluster_deleted = predicted from a fit with this part's WHOLE PADDOCK removed"
"part_leverage_and_deleted_residual","whole_record","1988-2022",20,"Bala 22",,0.547273733307921,,,"20_inland","inland",-0.875000351294617,-0.91630295943817,0.0450752752876193,"pixel","part (paddock x community)","pixel-weighted by the part's cell count","BETWEEN-UNIT (across parts)","zone_fid (paddock)","77e3ef0aecd1497c187d930959110d994081c800b510c78004514a007126494a","diagnostic - NOT registered, and nothing here is proposed for registration","residual_cluster_deleted = predicted from a fit with this part's WHOLE PADDOCK removed"
"part_leverage_and_deleted_residual","whole_record","1988-2022",21,"Bala 23",,0.547273733307921,,,"21_inland","inland",-1.47187334063818,-1.60847677865156,0.0554092804724096,"pixel","part (paddock x community)","pixel-weighted by the part's cell count","BETWEEN-UNIT (across parts)","zone_fid (paddock)","77e3ef0aecd1497c187d930959110d994081c800b510c78004514a007126494a","diagnostic - NOT registered, and nothing here is proposed for registration","residual_cluster_deleted = predicted from a fit with this part's WHOLE PADDOCK removed"
"part_leverage_and_deleted_residual","whole_record","1988-2022",21,"Bala 23",,0.547273733307921,,,"21_riverine","riverine",-6.1352169386516,-6.22825676507894,0.00621254572708431,"pixel","part (paddock x community)","pixel-weighted by the part's cell count","BETWEEN-UNIT (across parts)","zone_fid (paddock)","77e3ef0aecd1497c187d930959110d994081c800b510c78004514a007126494a","diagnostic - NOT registered, and nothing here is proposed for registration","residual_cluster_deleted = predicted from a fit with this part's WHOLE PADDOCK removed"
"part_leverage_and_deleted_residual","whole_record","1988-2022",22,"Bala 24",,0.547273733307921,,,"22_inland","inland",4.73443069214936,4.7687652270476,0.0071998794789694,"pixel","part (paddock x community)","pixel-weighted by the part's cell count","BETWEEN-UNIT (across parts)","zone_fid (paddock)","77e3ef0aecd1497c187d930959110d994081c800b510c78004514a007126494a","diagnostic - NOT registered, and nothing here is proposed for registration","residual_cluster_deleted = predicted from a fit with this part's WHOLE PADDOCK removed"
"part_leverage_and_deleted_residual","whole_record","1988-2022",23,"Bala 25",,0.547273733307921,,,"23_inland","inland",-1.48424808087705,-1.50606093576248,0.0144833813609158,"pixel","part (paddock x community)","pixel-weighted by the part's cell count","BETWEEN-UNIT (across parts)","zone_fid (paddock)","77e3ef0aecd1497c187d930959110d994081c800b510c78004514a007126494a","diagnostic - NOT registered, and nothing here is proposed for registration","residual_cluster_deleted = predicted from a fit with this part's WHOLE PADDOCK removed"
"part_leverage_and_deleted_residual","whole_record","1988-2022",24,"Bala 7/10",,0.547273733307921,,,"24_inland","inland",3.1106522418948,3.1343105525947,0.00765543172946876,"pixel","part (paddock x community)","pixel-weighted by the part's cell count","BETWEEN-UNIT (across parts)","zone_fid (paddock)","77e3ef0aecd1497c187d930959110d994081c800b510c78004514a007126494a","diagnostic - NOT registered, and nothing here is proposed for registration","residual_cluster_deleted = predicted from a fit with this part's WHOLE PADDOCK removed"
"part_leverage_and_deleted_residual","whole_record","1988-2022",24,"Bala 7/10",,0.547273733307921,,,"24_riverine","riverine",-8.23056750779239,-8.21931904074577,5.99002275093105e-05,"pixel","part (paddock x community)","pixel-weighted by the part's cell count","BETWEEN-UNIT (across parts)","zone_fid (paddock)","77e3ef0aecd1497c187d930959110d994081c800b510c78004514a007126494a","diagnostic - NOT registered, and nothing here is proposed for registration","residual_cluster_deleted = predicted from a fit with this part's WHOLE PADDOCK removed"
"part_leverage_and_deleted_residual","whole_record","1988-2022",25,"Bala 8/11",,0.547273733307921,,,"25_inland","inland",1.97916082352555,2.05855332742277,0.0386172696479478,"pixel","part (paddock x community)","pixel-weighted by the part's cell count","BETWEEN-UNIT (across parts)","zone_fid (paddock)","77e3ef0aecd1497c187d930959110d994081c800b510c78004514a007126494a","diagnostic - NOT registered, and nothing here is proposed for registration","residual_cluster_deleted = predicted from a fit with this part's WHOLE PADDOCK removed"
"part_leverage_and_deleted_residual","whole_record","1988-2022",25,"Bala 8/11",,0.547273733307921,,,"25_riverine","riverine",-2.64229605437205,-2.60115174199759,9.44538590471039e-05,"pixel","part (paddock x community)","pixel-weighted by the part's cell count","BETWEEN-UNIT (across parts)","zone_fid (paddock)","77e3ef0aecd1497c187d930959110d994081c800b510c78004514a007126494a","diagnostic - NOT registered, and nothing here is proposed for registration","residual_cluster_deleted = predicted from a fit with this part's WHOLE PADDOCK removed"
"part_leverage_and_deleted_residual","whole_record","1988-2022",26,"Bala 14/16",,0.547273733307921,,,"26_inland","inland",5.43387577579665,5.54909429774641,0.0207422152412214,"pixel","part (paddock x community)","pixel-weighted by the part's cell count","BETWEEN-UNIT (across parts)","zone_fid (paddock)","77e3ef0aecd1497c187d930959110d994081c800b510c78004514a007126494a","diagnostic - NOT registered, and nothing here is proposed for registration","residual_cluster_deleted = predicted from a fit with this part's WHOLE PADDOCK removed"
"part_leverage_and_deleted_residual","whole_record","1988-2022",26,"Bala 14/16",,0.547273733307921,,,"26_riverine","riverine",3.40621226497802,3.41601517824375,0.000451190852724395,"pixel","part (paddock x community)","pixel-weighted by the part's cell count","BETWEEN-UNIT (across parts)","zone_fid (paddock)","77e3ef0aecd1497c187d930959110d994081c800b510c78004514a007126494a","diagnostic - NOT registered, and nothing here is proposed for registration","residual_cluster_deleted = predicted from a fit with this part's WHOLE PADDOCK removed"
"part_leverage_and_deleted_residual","whole_record","1988-2022",27,"Mara 1",,0.547273733307921,,,"27_inland","inland",9.06835344054215,9.07608456898666,0.000745375964083315,"pixel","part (paddock x community)","pixel-weighted by the part's cell count","BETWEEN-UNIT (across parts)","zone_fid (paddock)","77e3ef0aecd1497c187d930959110d994081c800b510c78004514a007126494a","diagnostic - NOT registered, and nothing here is proposed for registration","residual_cluster_deleted = predicted from a fit with this part's WHOLE PADDOCK removed"
"part_leverage_and_deleted_residual","whole_record","1988-2022",27,"Mara 1",,0.547273733307921,,,"27_riverine","riverine",3.34077195937112,3.3497549099452,0.000928033595967446,"pixel","part (paddock x community)","pixel-weighted by the part's cell count","BETWEEN-UNIT (across parts)","zone_fid (paddock)","77e3ef0aecd1497c187d930959110d994081c800b510c78004514a007126494a","diagnostic - NOT registered, and nothing here is proposed for registration","residual_cluster_deleted = predicted from a fit with this part's WHOLE PADDOCK removed"
"part_leverage_and_deleted_residual","whole_record","1988-2022",28,"Mara 2",,0.547273733307921,,,"28_inland","inland",2.91086501056748,2.9144269478348,0.00157393470394505,"pixel","part (paddock x community)","pixel-weighted by the part's cell count","BETWEEN-UNIT (across parts)","zone_fid (paddock)","77e3ef0aecd1497c187d930959110d994081c800b510c78004514a007126494a","diagnostic - NOT registered, and nothing here is proposed for registration","residual_cluster_deleted = predicted from a fit with this part's WHOLE PADDOCK removed"
"part_leverage_and_deleted_residual","whole_record","1988-2022",28,"Mara 2",,0.547273733307921,,,"28_riverine","riverine",-0.75511204448177,-0.751202913074557,0.00195401398635662,"pixel","part (paddock x community)","pixel-weighted by the part's cell count","BETWEEN-UNIT (across parts)","zone_fid (paddock)","77e3ef0aecd1497c187d930959110d994081c800b510c78004514a007126494a","diagnostic - NOT registered, and nothing here is proposed for registration","residual_cluster_deleted = predicted from a fit with this part's WHOLE PADDOCK removed"
"part_leverage_and_deleted_residual","whole_record","1988-2022",29,"Mara 3",,0.547273733307921,,,"29_inland","inland",2.49489618189705,2.51683235704159,0.00871578716125718,"pixel","part (paddock x community)","pixel-weighted by the part's cell count","BETWEEN-UNIT (across parts)","zone_fid (paddock)","77e3ef0aecd1497c187d930959110d994081c800b510c78004514a007126494a","diagnostic - NOT registered, and nothing here is proposed for registration","residual_cluster_deleted = predicted from a fit with this part's WHOLE PADDOCK removed"
"part_leverage_and_deleted_residual","whole_record","1988-2022",30,"Mara 10",,0.547273733307921,,,"30_inland","inland",4.6861175278237,4.71243704397615,0.00558511782902379,"pixel","part (paddock x community)","pixel-weighted by the part's cell count","BETWEEN-UNIT (across parts)","zone_fid (paddock)","77e3ef0aecd1497c187d930959110d994081c800b510c78004514a007126494a","diagnostic - NOT registered, and nothing here is proposed for registration","residual_cluster_deleted = predicted from a fit with this part's WHOLE PADDOCK removed"
"part_leverage_and_deleted_residual","whole_record","1988-2022",31,"Mara 13",,0.547273733307921,,,"31_aeolian","aeolian",18.9427307178021,18.9465636470565,0.000219934978229846,"pixel","part (paddock x community)","pixel-weighted by the part's cell count","BETWEEN-UNIT (across parts)","zone_fid (paddock)","77e3ef0aecd1497c187d930959110d994081c800b510c78004514a007126494a","diagnostic - NOT registered, and nothing here is proposed for registration","residual_cluster_deleted = predicted from a fit with this part's WHOLE PADDOCK removed"
"part_leverage_and_deleted_residual","whole_record","1988-2022",31,"Mara 13",,0.547273733307921,,,"31_inland","inland",-1.59617470826853,-1.59691192180181,0.00116197515458575,"pixel","part (paddock x community)","pixel-weighted by the part's cell count","BETWEEN-UNIT (across parts)","zone_fid (paddock)","77e3ef0aecd1497c187d930959110d994081c800b510c78004514a007126494a","diagnostic - NOT registered, and nothing here is proposed for registration","residual_cluster_deleted = predicted from a fit with this part's WHOLE PADDOCK removed"
"part_leverage_and_deleted_residual","whole_record","1988-2022",31,"Mara 13",,0.547273733307921,,,"31_riverine","riverine",0.515961589641989,0.515110358430761,0.00154667086387555,"pixel","part (paddock x community)","pixel-weighted by the part's cell count","BETWEEN-UNIT (across parts)","zone_fid (paddock)","77e3ef0aecd1497c187d930959110d994081c800b510c78004514a007126494a","diagnostic - NOT registered, and nothing here is proposed for registration","residual_cluster_deleted = predicted from a fit with this part's WHOLE PADDOCK removed"
"part_leverage_and_deleted_residual","whole_record","1988-2022",32,"Mara 12",,0.547273733307921,,,"32_inland","inland",3.27651287229739,3.30700873946408,0.00837624680686042,"pixel","part (paddock x community)","pixel-weighted by the part's cell count","BETWEEN-UNIT (across parts)","zone_fid (paddock)","77e3ef0aecd1497c187d930959110d994081c800b510c78004514a007126494a","diagnostic - NOT registered, and nothing here is proposed for registration","residual_cluster_deleted = predicted from a fit with this part's WHOLE PADDOCK removed"
"part_leverage_and_deleted_residual","whole_record","1988-2022",32,"Mara 12",,0.547273733307921,,,"32_riverine","riverine",12.8871431863404,12.9034293639968,0.000315088758931623,"pixel","part (paddock x community)","pixel-weighted by the part's cell count","BETWEEN-UNIT (across parts)","zone_fid (paddock)","77e3ef0aecd1497c187d930959110d994081c800b510c78004514a007126494a","diagnostic - NOT registered, and nothing here is proposed for registration","residual_cluster_deleted = predicted from a fit with this part's WHOLE PADDOCK removed"
"part_leverage_and_deleted_residual","whole_record","1988-2022",33,"Mara 14",,0.547273733307921,,,"33_inland","inland",1.07431314651215,1.131440386422,0.0504907201434826,"pixel","part (paddock x community)","pixel-weighted by the part's cell count","BETWEEN-UNIT (across parts)","zone_fid (paddock)","77e3ef0aecd1497c187d930959110d994081c800b510c78004514a007126494a","diagnostic - NOT registered, and nothing here is proposed for registration","residual_cluster_deleted = predicted from a fit with this part's WHOLE PADDOCK removed"
"part_leverage_and_deleted_residual","whole_record","1988-2022",34,"Mara 5",,0.547273733307921,,,"34_inland","inland",-0.171771133524544,-0.175101468676019,0.0190194586981351,"pixel","part (paddock x community)","pixel-weighted by the part's cell count","BETWEEN-UNIT (across parts)","zone_fid (paddock)","77e3ef0aecd1497c187d930959110d994081c800b510c78004514a007126494a","diagnostic - NOT registered, and nothing here is proposed for registration","residual_cluster_deleted = predicted from a fit with this part's WHOLE PADDOCK removed"
"part_leverage_and_deleted_residual","whole_record","1988-2022",35,"Mara 9",,0.547273733307921,,,"35_inland","inland",3.89603572033977,3.9292186719896,0.00844517814352746,"pixel","part (paddock x community)","pixel-weighted by the part's cell count","BETWEEN-UNIT (across parts)","zone_fid (paddock)","77e3ef0aecd1497c187d930959110d994081c800b510c78004514a007126494a","diagnostic - NOT registered, and nothing here is proposed for registration","residual_cluster_deleted = predicted from a fit with this part's WHOLE PADDOCK removed"
"part_leverage_and_deleted_residual","whole_record","1988-2022",36,"Mara 6",,0.547273733307921,,,"36_inland","inland",6.08818507139175,6.22547107855121,0.0220523082393633,"pixel","part (paddock x community)","pixel-weighted by the part's cell count","BETWEEN-UNIT (across parts)","zone_fid (paddock)","77e3ef0aecd1497c187d930959110d994081c800b510c78004514a007126494a","diagnostic - NOT registered, and nothing here is proposed for registration","residual_cluster_deleted = predicted from a fit with this part's WHOLE PADDOCK removed"
"part_leverage_and_deleted_residual","whole_record","1988-2022",37,"Mara 7",,0.547273733307921,,,"37_aeolian","aeolian",12.3855394689872,12.4350579746588,0.00298950039710625,"pixel","part (paddock x community)","pixel-weighted by the part's cell count","BETWEEN-UNIT (across parts)","zone_fid (paddock)","77e3ef0aecd1497c187d930959110d994081c800b510c78004514a007126494a","diagnostic - NOT registered, and nothing here is proposed for registration","residual_cluster_deleted = predicted from a fit with this part's WHOLE PADDOCK removed"
"part_leverage_and_deleted_residual","whole_record","1988-2022",37,"Mara 7",,0.547273733307921,,,"37_inland","inland",4.70528548643502,4.81995660999495,0.0231821516299881,"pixel","part (paddock x community)","pixel-weighted by the part's cell count","BETWEEN-UNIT (across parts)","zone_fid (paddock)","77e3ef0aecd1497c187d930959110d994081c800b510c78004514a007126494a","diagnostic - NOT registered, and nothing here is proposed for registration","residual_cluster_deleted = predicted from a fit with this part's WHOLE PADDOCK removed"
"part_leverage_and_deleted_residual","whole_record","1988-2022",37,"Mara 7",,0.547273733307921,,,"37_riverine","riverine",6.64249634557861,6.71782514148526,0.00139399175000948,"pixel","part (paddock x community)","pixel-weighted by the part's cell count","BETWEEN-UNIT (across parts)","zone_fid (paddock)","77e3ef0aecd1497c187d930959110d994081c800b510c78004514a007126494a","diagnostic - NOT registered, and nothing here is proposed for registration","residual_cluster_deleted = predicted from a fit with this part's WHOLE PADDOCK removed"
"part_leverage_and_deleted_residual","whole_record","1988-2022",38,"Mara 8",,0.547273733307921,,,"38_aeolian","aeolian",12.2604276348968,12.3625665975558,0.00786637513528739,"pixel","part (paddock x community)","pixel-weighted by the part's cell count","BETWEEN-UNIT (across parts)","zone_fid (paddock)","77e3ef0aecd1497c187d930959110d994081c800b510c78004514a007126494a","diagnostic - NOT registered, and nothing here is proposed for registration","residual_cluster_deleted = predicted from a fit with this part's WHOLE PADDOCK removed"
"part_leverage_and_deleted_residual","whole_record","1988-2022",38,"Mara 8",,0.547273733307921,,,"38_inland","inland",-1.03490806140836,-1.05574195114615,0.00186495565445805,"pixel","part (paddock x community)","pixel-weighted by the part's cell count","BETWEEN-UNIT (across parts)","zone_fid (paddock)","77e3ef0aecd1497c187d930959110d994081c800b510c78004514a007126494a","diagnostic - NOT registered, and nothing here is proposed for registration","residual_cluster_deleted = predicted from a fit with this part's WHOLE PADDOCK removed"
"part_leverage_and_deleted_residual","whole_record","1988-2022",38,"Mara 8",,0.547273733307921,,,"38_riverine","riverine",1.77626048059672,1.82346471022048,0.00172700499172161,"pixel","part (paddock x community)","pixel-weighted by the part's cell count","BETWEEN-UNIT (across parts)","zone_fid (paddock)","77e3ef0aecd1497c187d930959110d994081c800b510c78004514a007126494a","diagnostic - NOT registered, and nothing here is proposed for registration","residual_cluster_deleted = predicted from a fit with this part's WHOLE PADDOCK removed"
"part_leverage_and_deleted_residual","whole_record","1988-2022",39,"Mara 11",,0.547273733307921,,,"39_inland","inland",7.02031606362154,7.35131704570544,0.0460895609559694,"pixel","part (paddock x community)","pixel-weighted by the part's cell count","BETWEEN-UNIT (across parts)","zone_fid (paddock)","77e3ef0aecd1497c187d930959110d994081c800b510c78004514a007126494a","diagnostic - NOT registered, and nothing here is proposed for registration","residual_cluster_deleted = predicted from a fit with this part's WHOLE PADDOCK removed"
"part_leverage_and_deleted_residual","whole_record","1988-2022",39,"Mara 11",,0.547273733307921,,,"39_riverine","riverine",-7.12302914760309,-6.77460436186156,0.00121687940112132,"pixel","part (paddock x community)","pixel-weighted by the part's cell count","BETWEEN-UNIT (across parts)","zone_fid (paddock)","77e3ef0aecd1497c187d930959110d994081c800b510c78004514a007126494a","diagnostic - NOT registered, and nothing here is proposed for registration","residual_cluster_deleted = predicted from a fit with this part's WHOLE PADDOCK removed"
"part_leverage_and_deleted_residual","whole_record","1988-2022",40,"Mara 15",,0.547273733307921,,,"40_inland","inland",5.65412736572804,5.79533916271875,0.0243664422436395,"pixel","part (paddock x community)","pixel-weighted by the part's cell count","BETWEEN-UNIT (across parts)","zone_fid (paddock)","77e3ef0aecd1497c187d930959110d994081c800b510c78004514a007126494a","diagnostic - NOT registered, and nothing here is proposed for registration","residual_cluster_deleted = predicted from a fit with this part's WHOLE PADDOCK removed"
"part_leverage_and_deleted_residual","whole_record","1988-2022",41,"Mara 16",,0.547273733307921,,,"41_inland","inland",0.934057589229113,0.968812447374859,0.0358736701204622,"pixel","part (paddock x community)","pixel-weighted by the part's cell count","BETWEEN-UNIT (across parts)","zone_fid (paddock)","77e3ef0aecd1497c187d930959110d994081c800b510c78004514a007126494a","diagnostic - NOT registered, and nothing here is proposed for registration","residual_cluster_deleted = predicted from a fit with this part's WHOLE PADDOCK removed"
"part_leverage_and_deleted_residual","whole_record","1988-2022",42,"Mara 17",,0.547273733307921,,,"42_inland","inland",7.95952141932567,8.01427179461055,0.0068316094946624,"pixel","part (paddock x community)","pixel-weighted by the part's cell count","BETWEEN-UNIT (across parts)","zone_fid (paddock)","77e3ef0aecd1497c187d930959110d994081c800b510c78004514a007126494a","diagnostic - NOT registered, and nothing here is proposed for registration","residual_cluster_deleted = predicted from a fit with this part's WHOLE PADDOCK removed"
"part_leverage_and_deleted_residual","whole_record","1988-2022",43,"Mara 18",,0.547273733307921,,,"43_inland","inland",9.73369730292581,9.79232520273312,0.00598712753033735,"pixel","part (paddock x community)","pixel-weighted by the part's cell count","BETWEEN-UNIT (across parts)","zone_fid (paddock)","77e3ef0aecd1497c187d930959110d994081c800b510c78004514a007126494a","diagnostic - NOT registered, and nothing here is proposed for registration","residual_cluster_deleted = predicted from a fit with this part's WHOLE PADDOCK removed"
"part_leverage_and_deleted_residual","whole_record","1988-2022",44,"Mara 19",,0.547273733307921,,,"44_inland","inland",3.96856011481533,4.02825995955689,0.0148202562250035,"pixel","part (paddock x community)","pixel-weighted by the part's cell count","BETWEEN-UNIT (across parts)","zone_fid (paddock)","77e3ef0aecd1497c187d930959110d994081c800b510c78004514a007126494a","diagnostic - NOT registered, and nothing here is proposed for registration","residual_cluster_deleted = predicted from a fit with this part's WHOLE PADDOCK removed"
"part_leverage_and_deleted_residual","whole_record","1988-2022",45,"Mara 21",,0.547273733307921,,,"45_inland","inland",-5.40467955132375,-5.63048591572634,0.0365995486171233,"pixel","part (paddock x community)","pixel-weighted by the part's cell count","BETWEEN-UNIT (across parts)","zone_fid (paddock)","77e3ef0aecd1497c187d930959110d994081c800b510c78004514a007126494a","diagnostic - NOT registered, and nothing here is proposed for registration","residual_cluster_deleted = predicted from a fit with this part's WHOLE PADDOCK removed"
"part_leverage_and_deleted_residual","whole_record","1988-2022",45,"Mara 21",,0.547273733307921,,,"45_riverine","riverine",-2.55439509657032,-2.69946714297026,0.00548585417581531,"pixel","part (paddock x community)","pixel-weighted by the part's cell count","BETWEEN-UNIT (across parts)","zone_fid (paddock)","77e3ef0aecd1497c187d930959110d994081c800b510c78004514a007126494a","diagnostic - NOT registered, and nothing here is proposed for registration","residual_cluster_deleted = predicted from a fit with this part's WHOLE PADDOCK removed"
"part_leverage_and_deleted_residual","whole_record","1988-2022",46,"Mara 20",,0.547273733307921,,,"46_inland","inland",3.3011316981252,3.31212722671061,0.00331977844834489,"pixel","part (paddock x community)","pixel-weighted by the part's cell count","BETWEEN-UNIT (across parts)","zone_fid (paddock)","77e3ef0aecd1497c187d930959110d994081c800b510c78004514a007126494a","diagnostic - NOT registered, and nothing here is proposed for registration","residual_cluster_deleted = predicted from a fit with this part's WHOLE PADDOCK removed"
"part_leverage_and_deleted_residual","whole_record","1988-2022",47,"Mara 22",,0.547273733307921,,,"47_inland","inland",2.04123520032007,2.05784330710897,0.00807063722077061,"pixel","part (paddock x community)","pixel-weighted by the part's cell count","BETWEEN-UNIT (across parts)","zone_fid (paddock)","77e3ef0aecd1497c187d930959110d994081c800b510c78004514a007126494a","diagnostic - NOT registered, and nothing here is proposed for registration","residual_cluster_deleted = predicted from a fit with this part's WHOLE PADDOCK removed"
"part_leverage_and_deleted_residual","whole_record","1988-2022",48,"Mara 4",,0.547273733307921,,,"48_aeolian","aeolian",11.5807330808804,11.5858971195852,0.000157472896774435,"pixel","part (paddock x community)","pixel-weighted by the part's cell count","BETWEEN-UNIT (across parts)","zone_fid (paddock)","77e3ef0aecd1497c187d930959110d994081c800b510c78004514a007126494a","diagnostic - NOT registered, and nothing here is proposed for registration","residual_cluster_deleted = predicted from a fit with this part's WHOLE PADDOCK removed"
"part_leverage_and_deleted_residual","whole_record","1988-2022",48,"Mara 4",,0.547273733307921,,,"48_inland","inland",6.85325241649163,6.86078824974027,0.00103322562556661,"pixel","part (paddock x community)","pixel-weighted by the part's cell count","BETWEEN-UNIT (across parts)","zone_fid (paddock)","77e3ef0aecd1497c187d930959110d994081c800b510c78004514a007126494a","diagnostic - NOT registered, and nothing here is proposed for registration","residual_cluster_deleted = predicted from a fit with this part's WHOLE PADDOCK removed"
"part_leverage_and_deleted_residual","whole_record","1988-2022",48,"Mara 4",,0.547273733307921,,,"48_riverine","riverine",1.6512491115327,1.65728943152499,0.000455097121783741,"pixel","part (paddock x community)","pixel-weighted by the part's cell count","BETWEEN-UNIT (across parts)","zone_fid (paddock)","77e3ef0aecd1497c187d930959110d994081c800b510c78004514a007126494a","diagnostic - NOT registered, and nothing here is proposed for registration","residual_cluster_deleted = predicted from a fit with this part's WHOLE PADDOCK removed"
"part_leverage_and_deleted_residual","whole_record","1988-2022",49,"Mara 5a",,0.547273733307921,,,"49_inland","inland",2.86730824984457,2.88268074120829,0.00533270685995949,"pixel","part (paddock x community)","pixel-weighted by the part's cell count","BETWEEN-UNIT (across parts)","zone_fid (paddock)","77e3ef0aecd1497c187d930959110d994081c800b510c78004514a007126494a","diagnostic - NOT registered, and nothing here is proposed for registration","residual_cluster_deleted = predicted from a fit with this part's WHOLE PADDOCK removed"
"part_leverage_and_deleted_residual","whole_record","1988-2022",50,"Mara 22a",,0.547273733307921,,,"50_inland","inland",-3.001655764286,-3.02396858229936,0.00737865404554955,"pixel","part (paddock x community)","pixel-weighted by the part's cell count","BETWEEN-UNIT (across parts)","zone_fid (paddock)","77e3ef0aecd1497c187d930959110d994081c800b510c78004514a007126494a","diagnostic - NOT registered, and nothing here is proposed for registration","residual_cluster_deleted = predicted from a fit with this part's WHOLE PADDOCK removed"
"part_leverage_and_deleted_residual","whole_record","1988-2022",51,"Dinan 3",,0.547273733307921,,,"51_aeolian","aeolian",10.2753627907193,10.2852182255753,0.0121404507419602,"pixel","part (paddock x community)","pixel-weighted by the part's cell count","BETWEEN-UNIT (across parts)","zone_fid (paddock)","77e3ef0aecd1497c187d930959110d994081c800b510c78004514a007126494a","diagnostic - NOT registered, and nothing here is proposed for registration","residual_cluster_deleted = predicted from a fit with this part's WHOLE PADDOCK removed"
"part_leverage_and_deleted_residual","whole_record","1988-2022",51,"Dinan 3",,0.547273733307921,,,"51_inland","inland",6.38965831254541,6.39513888953941,0.00565532447128914,"pixel","part (paddock x community)","pixel-weighted by the part's cell count","BETWEEN-UNIT (across parts)","zone_fid (paddock)","77e3ef0aecd1497c187d930959110d994081c800b510c78004514a007126494a","diagnostic - NOT registered, and nothing here is proposed for registration","residual_cluster_deleted = predicted from a fit with this part's WHOLE PADDOCK removed"
"part_leverage_and_deleted_residual","whole_record","1988-2022",51,"Dinan 3",,0.547273733307921,,,"51_riverine","riverine",-18.4384843774425,-18.4308995210214,0.00571008933425691,"pixel","part (paddock x community)","pixel-weighted by the part's cell count","BETWEEN-UNIT (across parts)","zone_fid (paddock)","77e3ef0aecd1497c187d930959110d994081c800b510c78004514a007126494a","diagnostic - NOT registered, and nothing here is proposed for registration","residual_cluster_deleted = predicted from a fit with this part's WHOLE PADDOCK removed"
"part_leverage_and_deleted_residual","whole_record","1988-2022",52,"Dinan 2",,0.547273733307921,,,"52_inland","inland",6.26841735564433,6.38658874289594,0.0200770150432397,"pixel","part (paddock x community)","pixel-weighted by the part's cell count","BETWEEN-UNIT (across parts)","zone_fid (paddock)","77e3ef0aecd1497c187d930959110d994081c800b510c78004514a007126494a","diagnostic - NOT registered, and nothing here is proposed for registration","residual_cluster_deleted = predicted from a fit with this part's WHOLE PADDOCK removed"
"part_leverage_and_deleted_residual","whole_record","1988-2022",52,"Dinan 2",,0.547273733307921,,,"52_riverine","riverine",-14.6817951339958,-14.6671491700307,0.0026115893117667,"pixel","part (paddock x community)","pixel-weighted by the part's cell count","BETWEEN-UNIT (across parts)","zone_fid (paddock)","77e3ef0aecd1497c187d930959110d994081c800b510c78004514a007126494a","diagnostic - NOT registered, and nothing here is proposed for registration","residual_cluster_deleted = predicted from a fit with this part's WHOLE PADDOCK removed"
"part_leverage_and_deleted_residual","whole_record","1988-2022",53,"Dinan 6",,0.547273733307921,,,"53_inland","inland",-2.96164666189807,-2.97987279539453,0.00786726589967853,"pixel","part (paddock x community)","pixel-weighted by the part's cell count","BETWEEN-UNIT (across parts)","zone_fid (paddock)","77e3ef0aecd1497c187d930959110d994081c800b510c78004514a007126494a","diagnostic - NOT registered, and nothing here is proposed for registration","residual_cluster_deleted = predicted from a fit with this part's WHOLE PADDOCK removed"
"part_leverage_and_deleted_residual","whole_record","1988-2022",53,"Dinan 6",,0.547273733307921,,,"53_riverine","riverine",4.67535811821818,4.65649278558202,0.00126740217276955,"pixel","part (paddock x community)","pixel-weighted by the part's cell count","BETWEEN-UNIT (across parts)","zone_fid (paddock)","77e3ef0aecd1497c187d930959110d994081c800b510c78004514a007126494a","diagnostic - NOT registered, and nothing here is proposed for registration","residual_cluster_deleted = predicted from a fit with this part's WHOLE PADDOCK removed"
"part_leverage_and_deleted_residual","whole_record","1988-2022",54,"Dinan 7",,0.547273733307921,,,"54_aeolian","aeolian",14.6481035867325,14.7033521916724,0.000388581055101336,"pixel","part (paddock x community)","pixel-weighted by the part's cell count","BETWEEN-UNIT (across parts)","zone_fid (paddock)","77e3ef0aecd1497c187d930959110d994081c800b510c78004514a007126494a","diagnostic - NOT registered, and nothing here is proposed for registration","residual_cluster_deleted = predicted from a fit with this part's WHOLE PADDOCK removed"
"part_leverage_and_deleted_residual","whole_record","1988-2022",54,"Dinan 7",,0.547273733307921,,,"54_riverine","riverine",1.1645349897886,1.21028102572782,0.0339604611811489,"pixel","part (paddock x community)","pixel-weighted by the part's cell count","BETWEEN-UNIT (across parts)","zone_fid (paddock)","77e3ef0aecd1497c187d930959110d994081c800b510c78004514a007126494a","diagnostic - NOT registered, and nothing here is proposed for registration","residual_cluster_deleted = predicted from a fit with this part's WHOLE PADDOCK removed"
"part_leverage_and_deleted_residual","whole_record","1988-2022",55,"Dinan 8",,0.547273733307921,,,"55_aeolian","aeolian",-6.59649379267727,-7.84310190585607,0.059791654604547,"pixel","part (paddock x community)","pixel-weighted by the part's cell count","BETWEEN-UNIT (across parts)","zone_fid (paddock)","77e3ef0aecd1497c187d930959110d994081c800b510c78004514a007126494a","diagnostic - NOT registered, and nothing here is proposed for registration","residual_cluster_deleted = predicted from a fit with this part's WHOLE PADDOCK removed"
"part_leverage_and_deleted_residual","whole_record","1988-2022",55,"Dinan 8",,0.547273733307921,,,"55_inland","inland",-1.61937547817032,-2.44788011104115,0.00589773365102272,"pixel","part (paddock x community)","pixel-weighted by the part's cell count","BETWEEN-UNIT (across parts)","zone_fid (paddock)","77e3ef0aecd1497c187d930959110d994081c800b510c78004514a007126494a","diagnostic - NOT registered, and nothing here is proposed for registration","residual_cluster_deleted = predicted from a fit with this part's WHOLE PADDOCK removed"
"part_leverage_and_deleted_residual","whole_record","1988-2022",55,"Dinan 8",,0.547273733307921,,,"55_riverine","riverine",-13.4129732548515,-14.3023530433151,0.039796900471689,"pixel","part (paddock x community)","pixel-weighted by the part's cell count","BETWEEN-UNIT (across parts)","zone_fid (paddock)","77e3ef0aecd1497c187d930959110d994081c800b510c78004514a007126494a","diagnostic - NOT registered, and nothing here is proposed for registration","residual_cluster_deleted = predicted from a fit with this part's WHOLE PADDOCK removed"
"part_leverage_and_deleted_residual","whole_record","1988-2022",56,"Dinan 9",,0.547273733307921,,,"56_aeolian","aeolian",-7.70334425469768,-7.92316562443794,0.013750633141583,"pixel","part (paddock x community)","pixel-weighted by the part's cell count","BETWEEN-UNIT (across parts)","zone_fid (paddock)","77e3ef0aecd1497c187d930959110d994081c800b510c78004514a007126494a","diagnostic - NOT registered, and nothing here is proposed for registration","residual_cluster_deleted = predicted from a fit with this part's WHOLE PADDOCK removed"
"part_leverage_and_deleted_residual","whole_record","1988-2022",56,"Dinan 9",,0.547273733307921,,,"56_inland","inland",0.525902510875355,0.307954242255057,0.0391693517332882,"pixel","part (paddock x community)","pixel-weighted by the part's cell count","BETWEEN-UNIT (across parts)","zone_fid (paddock)","77e3ef0aecd1497c187d930959110d994081c800b510c78004514a007126494a","diagnostic - NOT registered, and nothing here is proposed for registration","residual_cluster_deleted = predicted from a fit with this part's WHOLE PADDOCK removed"
"part_leverage_and_deleted_residual","whole_record","1988-2022",56,"Dinan 9",,0.547273733307921,,,"56_riverine","riverine",-9.13504388460677,-9.3771436955022,0.0145031324231561,"pixel","part (paddock x community)","pixel-weighted by the part's cell count","BETWEEN-UNIT (across parts)","zone_fid (paddock)","77e3ef0aecd1497c187d930959110d994081c800b510c78004514a007126494a","diagnostic - NOT registered, and nothing here is proposed for registration","residual_cluster_deleted = predicted from a fit with this part's WHOLE PADDOCK removed"
"part_leverage_and_deleted_residual","whole_record","1988-2022",57,"Dinan 10",,0.547273733307921,,,"57_aeolian","aeolian",-19.3339568156521,-20.0461371679884,0.0349848139434045,"pixel","part (paddock x community)","pixel-weighted by the part's cell count","BETWEEN-UNIT (across parts)","zone_fid (paddock)","77e3ef0aecd1497c187d930959110d994081c800b510c78004514a007126494a","diagnostic - NOT registered, and nothing here is proposed for registration","residual_cluster_deleted = predicted from a fit with this part's WHOLE PADDOCK removed"
"part_leverage_and_deleted_residual","whole_record","1988-2022",57,"Dinan 10",,0.547273733307921,,,"57_inland","inland",2.79310718587732,2.11232992646558,0.0137208824676793,"pixel","part (paddock x community)","pixel-weighted by the part's cell count","BETWEEN-UNIT (across parts)","zone_fid (paddock)","77e3ef0aecd1497c187d930959110d994081c800b510c78004514a007126494a","diagnostic - NOT registered, and nothing here is proposed for registration","residual_cluster_deleted = predicted from a fit with this part's WHOLE PADDOCK removed"
"part_leverage_and_deleted_residual","whole_record","1988-2022",57,"Dinan 10",,0.547273733307921,,,"57_riverine","riverine",-10.8892840218077,-11.5632740447056,0.0033736273334354,"pixel","part (paddock x community)","pixel-weighted by the part's cell count","BETWEEN-UNIT (across parts)","zone_fid (paddock)","77e3ef0aecd1497c187d930959110d994081c800b510c78004514a007126494a","diagnostic - NOT registered, and nothing here is proposed for registration","residual_cluster_deleted = predicted from a fit with this part's WHOLE PADDOCK removed"
"part_leverage_and_deleted_residual","whole_record","1988-2022",58,"Dinan 13",,0.547273733307921,,,"58_aeolian","aeolian",-9.36304692867573,-9.67884766667972,0.00422619250296269,"pixel","part (paddock x community)","pixel-weighted by the part's cell count","BETWEEN-UNIT (across parts)","zone_fid (paddock)","77e3ef0aecd1497c187d930959110d994081c800b510c78004514a007126494a","diagnostic - NOT registered, and nothing here is proposed for registration","residual_cluster_deleted = predicted from a fit with this part's WHOLE PADDOCK removed"
"part_leverage_and_deleted_residual","whole_record","1988-2022",58,"Dinan 13",,0.547273733307921,,,"58_inland","inland",-8.03178366263425,-8.32821961456355,0.0310953803939416,"pixel","part (paddock x community)","pixel-weighted by the part's cell count","BETWEEN-UNIT (across parts)","zone_fid (paddock)","77e3ef0aecd1497c187d930959110d994081c800b510c78004514a007126494a","diagnostic - NOT registered, and nothing here is proposed for registration","residual_cluster_deleted = predicted from a fit with this part's WHOLE PADDOCK removed"
"part_leverage_and_deleted_residual","whole_record","1988-2022",58,"Dinan 13",,0.547273733307921,,,"58_riverine","riverine",-14.3303689108822,-14.6395808358579,0.0183148383576004,"pixel","part (paddock x community)","pixel-weighted by the part's cell count","BETWEEN-UNIT (across parts)","zone_fid (paddock)","77e3ef0aecd1497c187d930959110d994081c800b510c78004514a007126494a","diagnostic - NOT registered, and nothing here is proposed for registration","residual_cluster_deleted = predicted from a fit with this part's WHOLE PADDOCK removed"
"part_leverage_and_deleted_residual","whole_record","1988-2022",59,"Dinan 12",,0.547273733307921,,,"59_aeolian","aeolian",7.61091049213336,7.74090045063395,0.0207878041223707,"pixel","part (paddock x community)","pixel-weighted by the part's cell count","BETWEEN-UNIT (across parts)","zone_fid (paddock)","77e3ef0aecd1497c187d930959110d994081c800b510c78004514a007126494a","diagnostic - NOT registered, and nothing here is proposed for registration","residual_cluster_deleted = predicted from a fit with this part's WHOLE PADDOCK removed"
"part_leverage_and_deleted_residual","whole_record","1988-2022",59,"Dinan 12",,0.547273733307921,,,"59_riverine","riverine",-0.652733821352641,-0.591913505770741,0.0357422461060005,"pixel","part (paddock x community)","pixel-weighted by the part's cell count","BETWEEN-UNIT (across parts)","zone_fid (paddock)","77e3ef0aecd1497c187d930959110d994081c800b510c78004514a007126494a","diagnostic - NOT registered, and nothing here is proposed for registration","residual_cluster_deleted = predicted from a fit with this part's WHOLE PADDOCK removed"
"part_leverage_and_deleted_residual","whole_record","1988-2022",60,"Dinan 14",,0.547273733307921,,,"60_aeolian","aeolian",7.26375385684629,7.54892268472339,0.0367162704693679,"pixel","part (paddock x community)","pixel-weighted by the part's cell count","BETWEEN-UNIT (across parts)","zone_fid (paddock)","77e3ef0aecd1497c187d930959110d994081c800b510c78004514a007126494a","diagnostic - NOT registered, and nothing here is proposed for registration","residual_cluster_deleted = predicted from a fit with this part's WHOLE PADDOCK removed"
"part_leverage_and_deleted_residual","whole_record","1988-2022",60,"Dinan 14",,0.547273733307921,,,"60_riverine","riverine",13.3908725456151,13.5991125651029,0.000449659617356109,"pixel","part (paddock x community)","pixel-weighted by the part's cell count","BETWEEN-UNIT (across parts)","zone_fid (paddock)","77e3ef0aecd1497c187d930959110d994081c800b510c78004514a007126494a","diagnostic - NOT registered, and nothing here is proposed for registration","residual_cluster_deleted = predicted from a fit with this part's WHOLE PADDOCK removed"
"part_leverage_and_deleted_residual","whole_record","1988-2022",61,"Dinan 11",,0.547273733307921,,,"61_aeolian","aeolian",12.8009546970737,12.841264848702,0.00951577821967939,"pixel","part (paddock x community)","pixel-weighted by the part's cell count","BETWEEN-UNIT (across parts)","zone_fid (paddock)","77e3ef0aecd1497c187d930959110d994081c800b510c78004514a007126494a","diagnostic - NOT registered, and nothing here is proposed for registration","residual_cluster_deleted = predicted from a fit with this part's WHOLE PADDOCK removed"
"part_leverage_and_deleted_residual","whole_record","1988-2022",61,"Dinan 11",,0.547273733307921,,,"61_inland","inland",-2.22965192800639,-2.31037612829,0.00420001149001165,"pixel","part (paddock x community)","pixel-weighted by the part's cell count","BETWEEN-UNIT (across parts)","zone_fid (paddock)","77e3ef0aecd1497c187d930959110d994081c800b510c78004514a007126494a","diagnostic - NOT registered, and nothing here is proposed for registration","residual_cluster_deleted = predicted from a fit with this part's WHOLE PADDOCK removed"
"part_leverage_and_deleted_residual","whole_record","1988-2022",61,"Dinan 11",,0.547273733307921,,,"61_riverine","riverine",-9.73418097808055,-9.76858206430895,0.00708142935020979,"pixel","part (paddock x community)","pixel-weighted by the part's cell count","BETWEEN-UNIT (across parts)","zone_fid (paddock)","77e3ef0aecd1497c187d930959110d994081c800b510c78004514a007126494a","diagnostic - NOT registered, and nothing here is proposed for registration","residual_cluster_deleted = predicted from a fit with this part's WHOLE PADDOCK removed"
"part_leverage_and_deleted_residual","whole_record","1988-2022",62,"Dinan 1",,0.547273733307921,,,"62_aeolian","aeolian",2.57389507397583,2.4902560448957,0.00545962994355895,"pixel","part (paddock x community)","pixel-weighted by the part's cell count","BETWEEN-UNIT (across parts)","zone_fid (paddock)","77e3ef0aecd1497c187d930959110d994081c800b510c78004514a007126494a","diagnostic - NOT registered, and nothing here is proposed for registration","residual_cluster_deleted = predicted from a fit with this part's WHOLE PADDOCK removed"
"part_leverage_and_deleted_residual","whole_record","1988-2022",62,"Dinan 1",,0.547273733307921,,,"62_inland","inland",3.01796661376244,3.01453105450582,0.0126231724504544,"pixel","part (paddock x community)","pixel-weighted by the part's cell count","BETWEEN-UNIT (across parts)","zone_fid (paddock)","77e3ef0aecd1497c187d930959110d994081c800b510c78004514a007126494a","diagnostic - NOT registered, and nothing here is proposed for registration","residual_cluster_deleted = predicted from a fit with this part's WHOLE PADDOCK removed"
"part_leverage_and_deleted_residual","whole_record","1988-2022",62,"Dinan 1",,0.547273733307921,,,"62_riverine","riverine",-27.6385001621694,-27.7036904182125,0.00414916877439339,"pixel","part (paddock x community)","pixel-weighted by the part's cell count","BETWEEN-UNIT (across parts)","zone_fid (paddock)","77e3ef0aecd1497c187d930959110d994081c800b510c78004514a007126494a","diagnostic - NOT registered, and nothing here is proposed for registration","residual_cluster_deleted = predicted from a fit with this part's WHOLE PADDOCK removed"
"part_leverage_and_deleted_residual","whole_record","1988-2022",63,"Dinan 4",,0.547273733307921,,,"63_aeolian","aeolian",6.56327152000571,6.40041832158032,0.000284070455294616,"pixel","part (paddock x community)","pixel-weighted by the part's cell count","BETWEEN-UNIT (across parts)","zone_fid (paddock)","77e3ef0aecd1497c187d930959110d994081c800b510c78004514a007126494a","diagnostic - NOT registered, and nothing here is proposed for registration","residual_cluster_deleted = predicted from a fit with this part's WHOLE PADDOCK removed"
"part_leverage_and_deleted_residual","whole_record","1988-2022",63,"Dinan 4",,0.547273733307921,,,"63_inland","inland",1.04700438611542,0.995949942591949,0.00852043585834391,"pixel","part (paddock x community)","pixel-weighted by the part's cell count","BETWEEN-UNIT (across parts)","zone_fid (paddock)","77e3ef0aecd1497c187d930959110d994081c800b510c78004514a007126494a","diagnostic - NOT registered, and nothing here is proposed for registration","residual_cluster_deleted = predicted from a fit with this part's WHOLE PADDOCK removed"
"part_leverage_and_deleted_residual","whole_record","1988-2022",63,"Dinan 4",,0.547273733307921,,,"63_riverine","riverine",-11.4821650149387,-11.6304397470795,0.0136352211365569,"pixel","part (paddock x community)","pixel-weighted by the part's cell count","BETWEEN-UNIT (across parts)","zone_fid (paddock)","77e3ef0aecd1497c187d930959110d994081c800b510c78004514a007126494a","diagnostic - NOT registered, and nothing here is proposed for registration","residual_cluster_deleted = predicted from a fit with this part's WHOLE PADDOCK removed"
"part_leverage_and_deleted_residual","whole_record","1988-2022",64,"Dinan 5",,0.547273733307921,,,"64_inland","inland",0.427165224770306,0.430492327517129,0.00581166323442477,"pixel","part (paddock x community)","pixel-weighted by the part's cell count","BETWEEN-UNIT (across parts)","zone_fid (paddock)","77e3ef0aecd1497c187d930959110d994081c800b510c78004514a007126494a","diagnostic - NOT registered, and nothing here is proposed for registration","residual_cluster_deleted = predicted from a fit with this part's WHOLE PADDOCK removed"
"part_leverage_and_deleted_residual","whole_record","1988-2022",64,"Dinan 5",,0.547273733307921,,,"64_riverine","riverine",0.270599332910272,0.273887106908795,0.00392153201045714,"pixel","part (paddock x community)","pixel-weighted by the part's cell count","BETWEEN-UNIT (across parts)","zone_fid (paddock)","77e3ef0aecd1497c187d930959110d994081c800b510c78004514a007126494a","diagnostic - NOT registered, and nothing here is proposed for registration","residual_cluster_deleted = predicted from a fit with this part's WHOLE PADDOCK removed"
"drop_one_cluster","cropping_era","1988-2013",1,"Bala 26ca",2,0.592241397897206,0.631670454180377,0.0394290562831707,,,,,,"pixel","part (paddock x community)","pixel-weighted by the part's cell count","BETWEEN-UNIT (across parts)","zone_fid (paddock)","77e3ef0aecd1497c187d930959110d994081c800b510c78004514a007126494a","diagnostic - NOT registered, and nothing here is proposed for registration","the whole paddock is removed and the slope refitted"
"drop_one_cluster","cropping_era","1988-2013",2,"Bala 27ca",1,0.592241397897206,0.592663207050266,0.000421809153060004,,,,,,"pixel","part (paddock x community)","pixel-weighted by the part's cell count","BETWEEN-UNIT (across parts)","zone_fid (paddock)","77e3ef0aecd1497c187d930959110d994081c800b510c78004514a007126494a","diagnostic - NOT registered, and nothing here is proposed for registration","the whole paddock is removed and the slope refitted"
"drop_one_cluster","cropping_era","1988-2013",3,"Bala 28ca",2,0.592241397897206,0.604999593844154,0.0127581959469484,,,,,,"pixel","part (paddock x community)","pixel-weighted by the part's cell count","BETWEEN-UNIT (across parts)","zone_fid (paddock)","77e3ef0aecd1497c187d930959110d994081c800b510c78004514a007126494a","diagnostic - NOT registered, and nothing here is proposed for registration","the whole paddock is removed and the slope refitted"
"drop_one_cluster","cropping_era","1988-2013",4,"Bala 29ca",3,0.592241397897206,0.508107071431364,-0.0841343264658415,,,,,,"pixel","part (paddock x community)","pixel-weighted by the part's cell count","BETWEEN-UNIT (across parts)","zone_fid (paddock)","77e3ef0aecd1497c187d930959110d994081c800b510c78004514a007126494a","diagnostic - NOT registered, and nothing here is proposed for registration","the whole paddock is removed and the slope refitted"
"drop_one_cluster","cropping_era","1988-2013",5,"Bala 1",2,0.592241397897206,0.601525940478995,0.00928454258178901,,,,,,"pixel","part (paddock x community)","pixel-weighted by the part's cell count","BETWEEN-UNIT (across parts)","zone_fid (paddock)","77e3ef0aecd1497c187d930959110d994081c800b510c78004514a007126494a","diagnostic - NOT registered, and nothing here is proposed for registration","the whole paddock is removed and the slope refitted"
"drop_one_cluster","cropping_era","1988-2013",6,"Bala 2",2,0.592241397897206,0.623932212796596,0.0316908148993903,,,,,,"pixel","part (paddock x community)","pixel-weighted by the part's cell count","BETWEEN-UNIT (across parts)","zone_fid (paddock)","77e3ef0aecd1497c187d930959110d994081c800b510c78004514a007126494a","diagnostic - NOT registered, and nothing here is proposed for registration","the whole paddock is removed and the slope refitted"
"drop_one_cluster","cropping_era","1988-2013",7,"Bala 3",1,0.592241397897206,0.606067532365701,0.0138261344684956,,,,,,"pixel","part (paddock x community)","pixel-weighted by the part's cell count","BETWEEN-UNIT (across parts)","zone_fid (paddock)","77e3ef0aecd1497c187d930959110d994081c800b510c78004514a007126494a","diagnostic - NOT registered, and nothing here is proposed for registration","the whole paddock is removed and the slope refitted"
"drop_one_cluster","cropping_era","1988-2013",8,"Bala 4",1,0.592241397897206,0.59134249667788,-0.000898901219325454,,,,,,"pixel","part (paddock x community)","pixel-weighted by the part's cell count","BETWEEN-UNIT (across parts)","zone_fid (paddock)","77e3ef0aecd1497c187d930959110d994081c800b510c78004514a007126494a","diagnostic - NOT registered, and nothing here is proposed for registration","the whole paddock is removed and the slope refitted"
"drop_one_cluster","cropping_era","1988-2013",9,"Bala 5",2,0.592241397897206,0.60035643827033,0.00811504037312449,,,,,,"pixel","part (paddock x community)","pixel-weighted by the part's cell count","BETWEEN-UNIT (across parts)","zone_fid (paddock)","77e3ef0aecd1497c187d930959110d994081c800b510c78004514a007126494a","diagnostic - NOT registered, and nothing here is proposed for registration","the whole paddock is removed and the slope refitted"
"drop_one_cluster","cropping_era","1988-2013",10,"Bala 6",2,0.592241397897206,0.628730984154226,0.03648958625702,,,,,,"pixel","part (paddock x community)","pixel-weighted by the part's cell count","BETWEEN-UNIT (across parts)","zone_fid (paddock)","77e3ef0aecd1497c187d930959110d994081c800b510c78004514a007126494a","diagnostic - NOT registered, and nothing here is proposed for registration","the whole paddock is removed and the slope refitted"
"drop_one_cluster","cropping_era","1988-2013",11,"Bala 9",1,0.592241397897206,0.592386645782466,0.000145247885260158,,,,,,"pixel","part (paddock x community)","pixel-weighted by the part's cell count","BETWEEN-UNIT (across parts)","zone_fid (paddock)","77e3ef0aecd1497c187d930959110d994081c800b510c78004514a007126494a","diagnostic - NOT registered, and nothing here is proposed for registration","the whole paddock is removed and the slope refitted"
"drop_one_cluster","cropping_era","1988-2013",12,"Bala 12",2,0.592241397897206,0.599087710298163,0.00684631240095668,,,,,,"pixel","part (paddock x community)","pixel-weighted by the part's cell count","BETWEEN-UNIT (across parts)","zone_fid (paddock)","77e3ef0aecd1497c187d930959110d994081c800b510c78004514a007126494a","diagnostic - NOT registered, and nothing here is proposed for registration","the whole paddock is removed and the slope refitted"
"drop_one_cluster","cropping_era","1988-2013",13,"Bala 13",1,0.592241397897206,0.589641876340683,-0.00259952155652321,,,,,,"pixel","part (paddock x community)","pixel-weighted by the part's cell count","BETWEEN-UNIT (across parts)","zone_fid (paddock)","77e3ef0aecd1497c187d930959110d994081c800b510c78004514a007126494a","diagnostic - NOT registered, and nothing here is proposed for registration","the whole paddock is removed and the slope refitted"
"drop_one_cluster","cropping_era","1988-2013",14,"Bala 15",1,0.592241397897206,0.594674805852124,0.00243340795491798,,,,,,"pixel","part (paddock x community)","pixel-weighted by the part's cell count","BETWEEN-UNIT (across parts)","zone_fid (paddock)","77e3ef0aecd1497c187d930959110d994081c800b510c78004514a007126494a","diagnostic - NOT registered, and nothing here is proposed for registration","the whole paddock is removed and the slope refitted"
"drop_one_cluster","cropping_era","1988-2013",15,"Bala 17",1,0.592241397897206,0.590739709265975,-0.00150168863123079,,,,,,"pixel","part (paddock x community)","pixel-weighted by the part's cell count","BETWEEN-UNIT (across parts)","zone_fid (paddock)","77e3ef0aecd1497c187d930959110d994081c800b510c78004514a007126494a","diagnostic - NOT registered, and nothing here is proposed for registration","the whole paddock is removed and the slope refitted"
"drop_one_cluster","cropping_era","1988-2013",16,"Bala 18",2,0.592241397897206,0.588170256296616,-0.00407114160059019,,,,,,"pixel","part (paddock x community)","pixel-weighted by the part's cell count","BETWEEN-UNIT (across parts)","zone_fid (paddock)","77e3ef0aecd1497c187d930959110d994081c800b510c78004514a007126494a","diagnostic - NOT registered, and nothing here is proposed for registration","the whole paddock is removed and the slope refitted"
"drop_one_cluster","cropping_era","1988-2013",17,"Bala 19",1,0.592241397897206,0.590465472659216,-0.00177592523798986,,,,,,"pixel","part (paddock x community)","pixel-weighted by the part's cell count","BETWEEN-UNIT (across parts)","zone_fid (paddock)","77e3ef0aecd1497c187d930959110d994081c800b510c78004514a007126494a","diagnostic - NOT registered, and nothing here is proposed for registration","the whole paddock is removed and the slope refitted"
"drop_one_cluster","cropping_era","1988-2013",18,"Bala 20",3,0.592241397897206,0.588549014962035,-0.00369238293517105,,,,,,"pixel","part (paddock x community)","pixel-weighted by the part's cell count","BETWEEN-UNIT (across parts)","zone_fid (paddock)","77e3ef0aecd1497c187d930959110d994081c800b510c78004514a007126494a","diagnostic - NOT registered, and nothing here is proposed for registration","the whole paddock is removed and the slope refitted"
"drop_one_cluster","cropping_era","1988-2013",19,"Bala 21",1,0.592241397897206,0.591761725315717,-0.000479672581488733,,,,,,"pixel","part (paddock x community)","pixel-weighted by the part's cell count","BETWEEN-UNIT (across parts)","zone_fid (paddock)","77e3ef0aecd1497c187d930959110d994081c800b510c78004514a007126494a","diagnostic - NOT registered, and nothing here is proposed for registration","the whole paddock is removed and the slope refitted"
"drop_one_cluster","cropping_era","1988-2013",20,"Bala 22",1,0.592241397897206,0.593023057918238,0.000781660021031749,,,,,,"pixel","part (paddock x community)","pixel-weighted by the part's cell count","BETWEEN-UNIT (across parts)","zone_fid (paddock)","77e3ef0aecd1497c187d930959110d994081c800b510c78004514a007126494a","diagnostic - NOT registered, and nothing here is proposed for registration","the whole paddock is removed and the slope refitted"
"drop_one_cluster","cropping_era","1988-2013",21,"Bala 23",2,0.592241397897206,0.595252765579616,0.00301136768241006,,,,,,"pixel","part (paddock x community)","pixel-weighted by the part's cell count","BETWEEN-UNIT (across parts)","zone_fid (paddock)","77e3ef0aecd1497c187d930959110d994081c800b510c78004514a007126494a","diagnostic - NOT registered, and nothing here is proposed for registration","the whole paddock is removed and the slope refitted"
"drop_one_cluster","cropping_era","1988-2013",22,"Bala 24",1,0.592241397897206,0.592559326744951,0.000317928847744842,,,,,,"pixel","part (paddock x community)","pixel-weighted by the part's cell count","BETWEEN-UNIT (across parts)","zone_fid (paddock)","77e3ef0aecd1497c187d930959110d994081c800b510c78004514a007126494a","diagnostic - NOT registered, and nothing here is proposed for registration","the whole paddock is removed and the slope refitted"
"drop_one_cluster","cropping_era","1988-2013",23,"Bala 25",1,0.592241397897206,0.592550360722246,0.000308962825040227,,,,,,"pixel","part (paddock x community)","pixel-weighted by the part's cell count","BETWEEN-UNIT (across parts)","zone_fid (paddock)","77e3ef0aecd1497c187d930959110d994081c800b510c78004514a007126494a","diagnostic - NOT registered, and nothing here is proposed for registration","the whole paddock is removed and the slope refitted"
"drop_one_cluster","cropping_era","1988-2013",24,"Bala 7/10",2,0.592241397897206,0.591317723316535,-0.00092367458067133,,,,,,"pixel","part (paddock x community)","pixel-weighted by the part's cell count","BETWEEN-UNIT (across parts)","zone_fid (paddock)","77e3ef0aecd1497c187d930959110d994081c800b510c78004514a007126494a","diagnostic - NOT registered, and nothing here is proposed for registration","the whole paddock is removed and the slope refitted"
"drop_one_cluster","cropping_era","1988-2013",25,"Bala 8/11",2,0.592241397897206,0.589217923060237,-0.00302347483696852,,,,,,"pixel","part (paddock x community)","pixel-weighted by the part's cell count","BETWEEN-UNIT (across parts)","zone_fid (paddock)","77e3ef0aecd1497c187d930959110d994081c800b510c78004514a007126494a","diagnostic - NOT registered, and nothing here is proposed for registration","the whole paddock is removed and the slope refitted"
"drop_one_cluster","cropping_era","1988-2013",26,"Bala 14/16",2,0.592241397897206,0.588389334652299,-0.00385206324490639,,,,,,"pixel","part (paddock x community)","pixel-weighted by the part's cell count","BETWEEN-UNIT (across parts)","zone_fid (paddock)","77e3ef0aecd1497c187d930959110d994081c800b510c78004514a007126494a","diagnostic - NOT registered, and nothing here is proposed for registration","the whole paddock is removed and the slope refitted"
"drop_one_cluster","cropping_era","1988-2013",27,"Mara 1",2,0.592241397897206,0.592140410399213,-0.00010098749799281,,,,,,"pixel","part (paddock x community)","pixel-weighted by the part's cell count","BETWEEN-UNIT (across parts)","zone_fid (paddock)","77e3ef0aecd1497c187d930959110d994081c800b510c78004514a007126494a","diagnostic - NOT registered, and nothing here is proposed for registration","the whole paddock is removed and the slope refitted"
"drop_one_cluster","cropping_era","1988-2013",28,"Mara 2",2,0.592241397897206,0.59252412870948,0.000282730812273813,,,,,,"pixel","part (paddock x community)","pixel-weighted by the part's cell count","BETWEEN-UNIT (across parts)","zone_fid (paddock)","77e3ef0aecd1497c187d930959110d994081c800b510c78004514a007126494a","diagnostic - NOT registered, and nothing here is proposed for registration","the whole paddock is removed and the slope refitted"
"drop_one_cluster","cropping_era","1988-2013",29,"Mara 3",1,0.592241397897206,0.591541354326255,-0.000700043570951214,,,,,,"pixel","part (paddock x community)","pixel-weighted by the part's cell count","BETWEEN-UNIT (across parts)","zone_fid (paddock)","77e3ef0aecd1497c187d930959110d994081c800b510c78004514a007126494a","diagnostic - NOT registered, and nothing here is proposed for registration","the whole paddock is removed and the slope refitted"
"drop_one_cluster","cropping_era","1988-2013",30,"Mara 10",1,0.592241397897206,0.59150961435662,-0.000731783540585451,,,,,,"pixel","part (paddock x community)","pixel-weighted by the part's cell count","BETWEEN-UNIT (across parts)","zone_fid (paddock)","77e3ef0aecd1497c187d930959110d994081c800b510c78004514a007126494a","diagnostic - NOT registered, and nothing here is proposed for registration","the whole paddock is removed and the slope refitted"
"drop_one_cluster","cropping_era","1988-2013",31,"Mara 13",3,0.592241397897206,0.592576271656039,0.000334873758832788,,,,,,"pixel","part (paddock x community)","pixel-weighted by the part's cell count","BETWEEN-UNIT (across parts)","zone_fid (paddock)","77e3ef0aecd1497c187d930959110d994081c800b510c78004514a007126494a","diagnostic - NOT registered, and nothing here is proposed for registration","the whole paddock is removed and the slope refitted"
"drop_one_cluster","cropping_era","1988-2013",32,"Mara 12",2,0.592241397897206,0.591190305983011,-0.00105109191419506,,,,,,"pixel","part (paddock x community)","pixel-weighted by the part's cell count","BETWEEN-UNIT (across parts)","zone_fid (paddock)","77e3ef0aecd1497c187d930959110d994081c800b510c78004514a007126494a","diagnostic - NOT registered, and nothing here is proposed for registration","the whole paddock is removed and the slope refitted"
"drop_one_cluster","cropping_era","1988-2013",33,"Mara 14",1,0.592241397897206,0.589441898836773,-0.00279949906043286,,,,,,"pixel","part (paddock x community)","pixel-weighted by the part's cell count","BETWEEN-UNIT (across parts)","zone_fid (paddock)","77e3ef0aecd1497c187d930959110d994081c800b510c78004514a007126494a","diagnostic - NOT registered, and nothing here is proposed for registration","the whole paddock is removed and the slope refitted"
"drop_one_cluster","cropping_era","1988-2013",34,"Mara 5",1,0.592241397897206,0.592496754333042,0.000255356435835852,,,,,,"pixel","part (paddock x community)","pixel-weighted by the part's cell count","BETWEEN-UNIT (across parts)","zone_fid (paddock)","77e3ef0aecd1497c187d930959110d994081c800b510c78004514a007126494a","diagnostic - NOT registered, and nothing here is proposed for registration","the whole paddock is removed and the slope refitted"
"drop_one_cluster","cropping_era","1988-2013",35,"Mara 9",1,0.592241397897206,0.591084644074504,-0.00115675382270208,,,,,,"pixel","part (paddock x community)","pixel-weighted by the part's cell count","BETWEEN-UNIT (across parts)","zone_fid (paddock)","77e3ef0aecd1497c187d930959110d994081c800b510c78004514a007126494a","diagnostic - NOT registered, and nothing here is proposed for registration","the whole paddock is removed and the slope refitted"
"drop_one_cluster","cropping_era","1988-2013",36,"Mara 6",1,0.592241397897206,0.587404588221938,-0.00483680967526778,,,,,,"pixel","part (paddock x community)","pixel-weighted by the part's cell count","BETWEEN-UNIT (across parts)","zone_fid (paddock)","77e3ef0aecd1497c187d930959110d994081c800b510c78004514a007126494a","diagnostic - NOT registered, and nothing here is proposed for registration","the whole paddock is removed and the slope refitted"
"drop_one_cluster","cropping_era","1988-2013",37,"Mara 7",3,0.592241397897206,0.589855911754455,-0.00238548614275058,,,,,,"pixel","part (paddock x community)","pixel-weighted by the part's cell count","BETWEEN-UNIT (across parts)","zone_fid (paddock)","77e3ef0aecd1497c187d930959110d994081c800b510c78004514a007126494a","diagnostic - NOT registered, and nothing here is proposed for registration","the whole paddock is removed and the slope refitted"
"drop_one_cluster","cropping_era","1988-2013",38,"Mara 8",3,0.592241397897206,0.595630864701149,0.00338946680394281,,,,,,"pixel","part (paddock x community)","pixel-weighted by the part's cell count","BETWEEN-UNIT (across parts)","zone_fid (paddock)","77e3ef0aecd1497c187d930959110d994081c800b510c78004514a007126494a","diagnostic - NOT registered, and nothing here is proposed for registration","the whole paddock is removed and the slope refitted"
"drop_one_cluster","cropping_era","1988-2013",39,"Mara 11",2,0.592241397897206,0.611309577365188,0.0190681794679817,,,,,,"pixel","part (paddock x community)","pixel-weighted by the part's cell count","BETWEEN-UNIT (across parts)","zone_fid (paddock)","77e3ef0aecd1497c187d930959110d994081c800b510c78004514a007126494a","diagnostic - NOT registered, and nothing here is proposed for registration","the whole paddock is removed and the slope refitted"
"drop_one_cluster","cropping_era","1988-2013",40,"Mara 15",1,0.592241397897206,0.587946941466893,-0.00429445643031312,,,,,,"pixel","part (paddock x community)","pixel-weighted by the part's cell count","BETWEEN-UNIT (across parts)","zone_fid (paddock)","77e3ef0aecd1497c187d930959110d994081c800b510c78004514a007126494a","diagnostic - NOT registered, and nothing here is proposed for registration","the whole paddock is removed and the slope refitted"
"drop_one_cluster","cropping_era","1988-2013",41,"Mara 16",1,0.592241397897206,0.592848338211029,0.000606940313823467,,,,,,"pixel","part (paddock x community)","pixel-weighted by the part's cell count","BETWEEN-UNIT (across parts)","zone_fid (paddock)","77e3ef0aecd1497c187d930959110d994081c800b510c78004514a007126494a","diagnostic - NOT registered, and nothing here is proposed for registration","the whole paddock is removed and the slope refitted"
"drop_one_cluster","cropping_era","1988-2013",42,"Mara 17",1,0.592241397897206,0.59044416500325,-0.0017972328939555,,,,,,"pixel","part (paddock x community)","pixel-weighted by the part's cell count","BETWEEN-UNIT (across parts)","zone_fid (paddock)","77e3ef0aecd1497c187d930959110d994081c800b510c78004514a007126494a","diagnostic - NOT registered, and nothing here is proposed for registration","the whole paddock is removed and the slope refitted"
"drop_one_cluster","cropping_era","1988-2013",43,"Mara 18",1,0.592241397897206,0.593875005256176,0.00163360735897011,,,,,,"pixel","part (paddock x community)","pixel-weighted by the part's cell count","BETWEEN-UNIT (across parts)","zone_fid (paddock)","77e3ef0aecd1497c187d930959110d994081c800b510c78004514a007126494a","diagnostic - NOT registered, and nothing here is proposed for registration","the whole paddock is removed and the slope refitted"
"drop_one_cluster","cropping_era","1988-2013",44,"Mara 19",1,0.592241397897206,0.590192672300756,-0.00204872559644986,,,,,,"pixel","part (paddock x community)","pixel-weighted by the part's cell count","BETWEEN-UNIT (across parts)","zone_fid (paddock)","77e3ef0aecd1497c187d930959110d994081c800b510c78004514a007126494a","diagnostic - NOT registered, and nothing here is proposed for registration","the whole paddock is removed and the slope refitted"
"drop_one_cluster","cropping_era","1988-2013",45,"Mara 21",2,0.592241397897206,0.599831453686935,0.0075900557897296,,,,,,"pixel","part (paddock x community)","pixel-weighted by the part's cell count","BETWEEN-UNIT (across parts)","zone_fid (paddock)","77e3ef0aecd1497c187d930959110d994081c800b510c78004514a007126494a","diagnostic - NOT registered, and nothing here is proposed for registration","the whole paddock is removed and the slope refitted"
"drop_one_cluster","cropping_era","1988-2013",46,"Mara 20",1,0.592241397897206,0.592033592762866,-0.000207805134339822,,,,,,"pixel","part (paddock x community)","pixel-weighted by the part's cell count","BETWEEN-UNIT (across parts)","zone_fid (paddock)","77e3ef0aecd1497c187d930959110d994081c800b510c78004514a007126494a","diagnostic - NOT registered, and nothing here is proposed for registration","the whole paddock is removed and the slope refitted"
"drop_one_cluster","cropping_era","1988-2013",47,"Mara 22",1,0.592241397897206,0.592878674185261,0.000637276288054767,,,,,,"pixel","part (paddock x community)","pixel-weighted by the part's cell count","BETWEEN-UNIT (across parts)","zone_fid (paddock)","77e3ef0aecd1497c187d930959110d994081c800b510c78004514a007126494a","diagnostic - NOT registered, and nothing here is proposed for registration","the whole paddock is removed and the slope refitted"
"drop_one_cluster","cropping_era","1988-2013",48,"Mara 4",3,0.592241397897206,0.592206100825432,-3.52970717739653e-05,,,,,,"pixel","part (paddock x community)","pixel-weighted by the part's cell count","BETWEEN-UNIT (across parts)","zone_fid (paddock)","77e3ef0aecd1497c187d930959110d994081c800b510c78004514a007126494a","diagnostic - NOT registered, and nothing here is proposed for registration","the whole paddock is removed and the slope refitted"
"drop_one_cluster","cropping_era","1988-2013",49,"Mara 5a",1,0.592241397897206,0.591670573322852,-0.000570824574353868,,,,,,"pixel","part (paddock x community)","pixel-weighted by the part's cell count","BETWEEN-UNIT (across parts)","zone_fid (paddock)","77e3ef0aecd1497c187d930959110d994081c800b510c78004514a007126494a","diagnostic - NOT registered, and nothing here is proposed for registration","the whole paddock is removed and the slope refitted"
"drop_one_cluster","cropping_era","1988-2013",50,"Mara 22a",1,0.592241397897206,0.594174045459887,0.0019326475626813,,,,,,"pixel","part (paddock x community)","pixel-weighted by the part's cell count","BETWEEN-UNIT (across parts)","zone_fid (paddock)","77e3ef0aecd1497c187d930959110d994081c800b510c78004514a007126494a","diagnostic - NOT registered, and nothing here is proposed for registration","the whole paddock is removed and the slope refitted"
"drop_one_cluster","cropping_era","1988-2013",51,"Dinan 3",3,0.592241397897206,0.591457572188882,-0.000783825708324359,,,,,,"pixel","part (paddock x community)","pixel-weighted by the part's cell count","BETWEEN-UNIT (across parts)","zone_fid (paddock)","77e3ef0aecd1497c187d930959110d994081c800b510c78004514a007126494a","diagnostic - NOT registered, and nothing here is proposed for registration","the whole paddock is removed and the slope refitted"
"drop_one_cluster","cropping_era","1988-2013",52,"Dinan 2",2,0.592241397897206,0.58718213891355,-0.00505925898365545,,,,,,"pixel","part (paddock x community)","pixel-weighted by the part's cell count","BETWEEN-UNIT (across parts)","zone_fid (paddock)","77e3ef0aecd1497c187d930959110d994081c800b510c78004514a007126494a","diagnostic - NOT registered, and nothing here is proposed for registration","the whole paddock is removed and the slope refitted"
"drop_one_cluster","cropping_era","1988-2013",53,"Dinan 6",2,0.592241397897206,0.592316632023044,7.52341258380973e-05,,,,,,"pixel","part (paddock x community)","pixel-weighted by the part's cell count","BETWEEN-UNIT (across parts)","zone_fid (paddock)","77e3ef0aecd1497c187d930959110d994081c800b510c78004514a007126494a","diagnostic - NOT registered, and nothing here is proposed for registration","the whole paddock is removed and the slope refitted"
"drop_one_cluster","cropping_era","1988-2013",54,"Dinan 7",2,0.592241397897206,0.596324020209474,0.00408262231226797,,,,,,"pixel","part (paddock x community)","pixel-weighted by the part's cell count","BETWEEN-UNIT (across parts)","zone_fid (paddock)","77e3ef0aecd1497c187d930959110d994081c800b510c78004514a007126494a","diagnostic - NOT registered, and nothing here is proposed for registration","the whole paddock is removed and the slope refitted"
"drop_one_cluster","cropping_era","1988-2013",55,"Dinan 8",3,0.592241397897206,0.555367130732526,-0.03687426716468,,,,,,"pixel","part (paddock x community)","pixel-weighted by the part's cell count","BETWEEN-UNIT (across parts)","zone_fid (paddock)","77e3ef0aecd1497c187d930959110d994081c800b510c78004514a007126494a","diagnostic - NOT registered, and nothing here is proposed for registration","the whole paddock is removed and the slope refitted"
"drop_one_cluster","cropping_era","1988-2013",56,"Dinan 9",3,0.592241397897206,0.583823076506515,-0.00841832139069043,,,,,,"pixel","part (paddock x community)","pixel-weighted by the part's cell count","BETWEEN-UNIT (across parts)","zone_fid (paddock)","77e3ef0aecd1497c187d930959110d994081c800b510c78004514a007126494a","diagnostic - NOT registered, and nothing here is proposed for registration","the whole paddock is removed and the slope refitted"
"drop_one_cluster","cropping_era","1988-2013",57,"Dinan 10",3,0.592241397897206,0.566323004866526,-0.0259183930306796,,,,,,"pixel","part (paddock x community)","pixel-weighted by the part's cell count","BETWEEN-UNIT (across parts)","zone_fid (paddock)","77e3ef0aecd1497c187d930959110d994081c800b510c78004514a007126494a","diagnostic - NOT registered, and nothing here is proposed for registration","the whole paddock is removed and the slope refitted"
"drop_one_cluster","cropping_era","1988-2013",58,"Dinan 13",3,0.592241397897206,0.583350391137537,-0.00889100675966892,,,,,,"pixel","part (paddock x community)","pixel-weighted by the part's cell count","BETWEEN-UNIT (across parts)","zone_fid (paddock)","77e3ef0aecd1497c187d930959110d994081c800b510c78004514a007126494a","diagnostic - NOT registered, and nothing here is proposed for registration","the whole paddock is removed and the slope refitted"
"drop_one_cluster","cropping_era","1988-2013",59,"Dinan 12",2,0.592241397897206,0.602989910817321,0.0107485129201152,,,,,,"pixel","part (paddock x community)","pixel-weighted by the part's cell count","BETWEEN-UNIT (across parts)","zone_fid (paddock)","77e3ef0aecd1497c187d930959110d994081c800b510c78004514a007126494a","diagnostic - NOT registered, and nothing here is proposed for registration","the whole paddock is removed and the slope refitted"
"drop_one_cluster","cropping_era","1988-2013",60,"Dinan 14",2,0.592241397897206,0.598584219961152,0.00634282206394621,,,,,,"pixel","part (paddock x community)","pixel-weighted by the part's cell count","BETWEEN-UNIT (across parts)","zone_fid (paddock)","77e3ef0aecd1497c187d930959110d994081c800b510c78004514a007126494a","diagnostic - NOT registered, and nothing here is proposed for registration","the whole paddock is removed and the slope refitted"
"drop_one_cluster","cropping_era","1988-2013",61,"Dinan 11",3,0.592241397897206,0.594493126789412,0.00225172889220604,,,,,,"pixel","part (paddock x community)","pixel-weighted by the part's cell count","BETWEEN-UNIT (across parts)","zone_fid (paddock)","77e3ef0aecd1497c187d930959110d994081c800b510c78004514a007126494a","diagnostic - NOT registered, and nothing here is proposed for registration","the whole paddock is removed and the slope refitted"
"drop_one_cluster","cropping_era","1988-2013",62,"Dinan 1",3,0.592241397897206,0.587948558067251,-0.00429283982995521,,,,,,"pixel","part (paddock x community)","pixel-weighted by the part's cell count","BETWEEN-UNIT (across parts)","zone_fid (paddock)","77e3ef0aecd1497c187d930959110d994081c800b510c78004514a007126494a","diagnostic - NOT registered, and nothing here is proposed for registration","the whole paddock is removed and the slope refitted"
"drop_one_cluster","cropping_era","1988-2013",63,"Dinan 4",3,0.592241397897206,0.587532245701105,-0.00470915219610091,,,,,,"pixel","part (paddock x community)","pixel-weighted by the part's cell count","BETWEEN-UNIT (across parts)","zone_fid (paddock)","77e3ef0aecd1497c187d930959110d994081c800b510c78004514a007126494a","diagnostic - NOT registered, and nothing here is proposed for registration","the whole paddock is removed and the slope refitted"
"drop_one_cluster","cropping_era","1988-2013",64,"Dinan 5",2,0.592241397897206,0.592535177150486,0.000293779253280224,,,,,,"pixel","part (paddock x community)","pixel-weighted by the part's cell count","BETWEEN-UNIT (across parts)","zone_fid (paddock)","77e3ef0aecd1497c187d930959110d994081c800b510c78004514a007126494a","diagnostic - NOT registered, and nothing here is proposed for registration","the whole paddock is removed and the slope refitted"
"part_leverage_and_deleted_residual","cropping_era","1988-2013",1,"Bala 26ca",,0.592241397897206,,,"01_inland","inland",-8.05309942671454,-9.21424134589988,0.126047896936073,"pixel","part (paddock x community)","pixel-weighted by the part's cell count","BETWEEN-UNIT (across parts)","zone_fid (paddock)","77e3ef0aecd1497c187d930959110d994081c800b510c78004514a007126494a","diagnostic - NOT registered, and nothing here is proposed for registration","residual_cluster_deleted = predicted from a fit with this part's WHOLE PADDOCK removed"
"part_leverage_and_deleted_residual","cropping_era","1988-2013",1,"Bala 26ca",,0.592241397897206,,,"01_riverine","riverine",-1.25955106890551,-1.14027123629748,0.00146661112529894,"pixel","part (paddock x community)","pixel-weighted by the part's cell count","BETWEEN-UNIT (across parts)","zone_fid (paddock)","77e3ef0aecd1497c187d930959110d994081c800b510c78004514a007126494a","diagnostic - NOT registered, and nothing here is proposed for registration","residual_cluster_deleted = predicted from a fit with this part's WHOLE PADDOCK removed"
"part_leverage_and_deleted_residual","cropping_era","1988-2013",2,"Bala 27ca",,0.592241397897206,,,"02_inland","inland",-0.514211510365044,-0.532312437491456,0.0340043287579581,"pixel","part (paddock x community)","pixel-weighted by the part's cell count","BETWEEN-UNIT (across parts)","zone_fid (paddock)","77e3ef0aecd1497c187d930959110d994081c800b510c78004514a007126494a","diagnostic - NOT registered, and nothing here is proposed for registration","residual_cluster_deleted = predicted from a fit with this part's WHOLE PADDOCK removed"
"part_leverage_and_deleted_residual","cropping_era","1988-2013",3,"Bala 28ca",,0.592241397897206,,,"03_inland","inland",-4.21826840831403,-4.6619741680464,0.0986511848691273,"pixel","part (paddock x community)","pixel-weighted by the part's cell count","BETWEEN-UNIT (across parts)","zone_fid (paddock)","77e3ef0aecd1497c187d930959110d994081c800b510c78004514a007126494a","diagnostic - NOT registered, and nothing here is proposed for registration","residual_cluster_deleted = predicted from a fit with this part's WHOLE PADDOCK removed"
"part_leverage_and_deleted_residual","cropping_era","1988-2013",3,"Bala 28ca",,0.592241397897206,,,"03_riverine","riverine",-3.94250423536498,-3.88438323759878,0.00973459936981331,"pixel","part (paddock x community)","pixel-weighted by the part's cell count","BETWEEN-UNIT (across parts)","zone_fid (paddock)","77e3ef0aecd1497c187d930959110d994081c800b510c78004514a007126494a","diagnostic - NOT registered, and nothing here is proposed for registration","residual_cluster_deleted = predicted from a fit with this part's WHOLE PADDOCK removed"
"part_leverage_and_deleted_residual","cropping_era","1988-2013",4,"Bala 29ca",,0.592241397897206,,,"04_aeolian","aeolian",-28.0623647012539,-30.5604736549517,0.0476314854566466,"pixel","part (paddock x community)","pixel-weighted by the part's cell count","BETWEEN-UNIT (across parts)","zone_fid (paddock)","77e3ef0aecd1497c187d930959110d994081c800b510c78004514a007126494a","diagnostic - NOT registered, and nothing here is proposed for registration","residual_cluster_deleted = predicted from a fit with this part's WHOLE PADDOCK removed"
"part_leverage_and_deleted_residual","cropping_era","1988-2013",4,"Bala 29ca",,0.592241397897206,,,"04_inland","inland",6.49734577420324,4.92086073588393,0.0234575239243495,"pixel","part (paddock x community)","pixel-weighted by the part's cell count","BETWEEN-UNIT (across parts)","zone_fid (paddock)","77e3ef0aecd1497c187d930959110d994081c800b510c78004514a007126494a","diagnostic - NOT registered, and nothing here is proposed for registration","residual_cluster_deleted = predicted from a fit with this part's WHOLE PADDOCK removed"
"part_leverage_and_deleted_residual","cropping_era","1988-2013",4,"Bala 29ca",,0.592241397897206,,,"04_riverine","riverine",-24.2715035713762,-26.5835064241509,0.0419262358788828,"pixel","part (paddock x community)","pixel-weighted by the part's cell count","BETWEEN-UNIT (across parts)","zone_fid (paddock)","77e3ef0aecd1497c187d930959110d994081c800b510c78004514a007126494a","diagnostic - NOT registered, and nothing here is proposed for registration","residual_cluster_deleted = predicted from a fit with this part's WHOLE PADDOCK removed"
"part_leverage_and_deleted_residual","cropping_era","1988-2013",5,"Bala 1",,0.592241397897206,,,"05_inland","inland",11.6245506503688,11.8810768766595,0.0208297858850715,"pixel","part (paddock x community)","pixel-weighted by the part's cell count","BETWEEN-UNIT (across parts)","zone_fid (paddock)","77e3ef0aecd1497c187d930959110d994081c800b510c78004514a007126494a","diagnostic - NOT registered, and nothing here is proposed for registration","residual_cluster_deleted = predicted from a fit with this part's WHOLE PADDOCK removed"
"part_leverage_and_deleted_residual","cropping_era","1988-2013",5,"Bala 1",,0.592241397897206,,,"05_riverine","riverine",9.67986205732981,10.0237582932899,0.00131664693426309,"pixel","part (paddock x community)","pixel-weighted by the part's cell count","BETWEEN-UNIT (across parts)","zone_fid (paddock)","77e3ef0aecd1497c187d930959110d994081c800b510c78004514a007126494a","diagnostic - NOT registered, and nothing here is proposed for registration","residual_cluster_deleted = predicted from a fit with this part's WHOLE PADDOCK removed"
"part_leverage_and_deleted_residual","cropping_era","1988-2013",6,"Bala 2",,0.592241397897206,,,"06_inland","inland",10.7638154174991,11.623579866168,0.0684946699342412,"pixel","part (paddock x community)","pixel-weighted by the part's cell count","BETWEEN-UNIT (across parts)","zone_fid (paddock)","77e3ef0aecd1497c187d930959110d994081c800b510c78004514a007126494a","diagnostic - NOT registered, and nothing here is proposed for registration","residual_cluster_deleted = predicted from a fit with this part's WHOLE PADDOCK removed"
"part_leverage_and_deleted_residual","cropping_era","1988-2013",6,"Bala 2",,0.592241397897206,,,"06_riverine","riverine",8.56874298039077,9.67321317559078,0.00879118884255235,"pixel","part (paddock x community)","pixel-weighted by the part's cell count","BETWEEN-UNIT (across parts)","zone_fid (paddock)","77e3ef0aecd1497c187d930959110d994081c800b510c78004514a007126494a","diagnostic - NOT registered, and nothing here is proposed for registration","residual_cluster_deleted = predicted from a fit with this part's WHOLE PADDOCK removed"
"part_leverage_and_deleted_residual","cropping_era","1988-2013",7,"Bala 3",,0.592241397897206,,,"07_inland","inland",6.32046346845942,6.70218999352581,0.0569554914789232,"pixel","part (paddock x community)","pixel-weighted by the part's cell count","BETWEEN-UNIT (across parts)","zone_fid (paddock)","77e3ef0aecd1497c187d930959110d994081c800b510c78004514a007126494a","diagnostic - NOT registered, and nothing here is proposed for registration","residual_cluster_deleted = predicted from a fit with this part's WHOLE PADDOCK removed"
"part_leverage_and_deleted_residual","cropping_era","1988-2013",8,"Bala 4",,0.592241397897206,,,"08_inland","inland",9.29989997034454,9.36790891554863,0.00725977865681503,"pixel","part (paddock x community)","pixel-weighted by the part's cell count","BETWEEN-UNIT (across parts)","zone_fid (paddock)","77e3ef0aecd1497c187d930959110d994081c800b510c78004514a007126494a","diagnostic - NOT registered, and nothing here is proposed for registration","residual_cluster_deleted = predicted from a fit with this part's WHOLE PADDOCK removed"
"part_leverage_and_deleted_residual","cropping_era","1988-2013",9,"Bala 5",,0.592241397897206,,,"09_inland","inland",4.80202582424695,5.0270974000156,0.0365833066351001,"pixel","part (paddock x community)","pixel-weighted by the part's cell count","BETWEEN-UNIT (across parts)","zone_fid (paddock)","77e3ef0aecd1497c187d930959110d994081c800b510c78004514a007126494a","diagnostic - NOT registered, and nothing here is proposed for registration","residual_cluster_deleted = predicted from a fit with this part's WHOLE PADDOCK removed"
"part_leverage_and_deleted_residual","cropping_era","1988-2013",9,"Bala 5",,0.592241397897206,,,"09_riverine","riverine",8.07544080625784,8.40501968222982,0.00863926440993698,"pixel","part (paddock x community)","pixel-weighted by the part's cell count","BETWEEN-UNIT (across parts)","zone_fid (paddock)","77e3ef0aecd1497c187d930959110d994081c800b510c78004514a007126494a","diagnostic - NOT registered, and nothing here is proposed for registration","residual_cluster_deleted = predicted from a fit with this part's WHOLE PADDOCK removed"
"part_leverage_and_deleted_residual","cropping_era","1988-2013",10,"Bala 6",,0.592241397897206,,,"10_inland","inland",12.1856478000309,13.0225820253078,0.0338881044154394,"pixel","part (paddock x community)","pixel-weighted by the part's cell count","BETWEEN-UNIT (across parts)","zone_fid (paddock)","77e3ef0aecd1497c187d930959110d994081c800b510c78004514a007126494a","diagnostic - NOT registered, and nothing here is proposed for registration","residual_cluster_deleted = predicted from a fit with this part's WHOLE PADDOCK removed"
"part_leverage_and_deleted_residual","cropping_era","1988-2013",10,"Bala 6",,0.592241397897206,,,"10_riverine","riverine",10.5665714483413,11.8289329880736,0.0549570645412659,"pixel","part (paddock x community)","pixel-weighted by the part's cell count","BETWEEN-UNIT (across parts)","zone_fid (paddock)","77e3ef0aecd1497c187d930959110d994081c800b510c78004514a007126494a","diagnostic - NOT registered, and nothing here is proposed for registration","residual_cluster_deleted = predicted from a fit with this part's WHOLE PADDOCK removed"
"part_leverage_and_deleted_residual","cropping_era","1988-2013",11,"Bala 9",,0.592241397897206,,,"11_inland","inland",-1.9880518800329,-1.99874238356544,0.00534861501934502,"pixel","part (paddock x community)","pixel-weighted by the part's cell count","BETWEEN-UNIT (across parts)","zone_fid (paddock)","77e3ef0aecd1497c187d930959110d994081c800b510c78004514a007126494a","diagnostic - NOT registered, and nothing here is proposed for registration","residual_cluster_deleted = predicted from a fit with this part's WHOLE PADDOCK removed"
"part_leverage_and_deleted_residual","cropping_era","1988-2013",12,"Bala 12",,0.592241397897206,,,"12_inland","inland",-3.86592949763889,-4.06009797512728,0.0478105811511714,"pixel","part (paddock x community)","pixel-weighted by the part's cell count","BETWEEN-UNIT (across parts)","zone_fid (paddock)","77e3ef0aecd1497c187d930959110d994081c800b510c78004514a007126494a","diagnostic - NOT registered, and nothing here is proposed for registration","residual_cluster_deleted = predicted from a fit with this part's WHOLE PADDOCK removed"
"part_leverage_and_deleted_residual","cropping_era","1988-2013",12,"Bala 12",,0.592241397897206,,,"12_riverine","riverine",-1.6333062656755,-1.63891429164799,0.00098949670538476,"pixel","part (paddock x community)","pixel-weighted by the part's cell count","BETWEEN-UNIT (across parts)","zone_fid (paddock)","77e3ef0aecd1497c187d930959110d994081c800b510c78004514a007126494a","diagnostic - NOT registered, and nothing here is proposed for registration","residual_cluster_deleted = predicted from a fit with this part's WHOLE PADDOCK removed"
"part_leverage_and_deleted_residual","cropping_era","1988-2013",13,"Bala 13",,0.592241397897206,,,"13_inland","inland",5.97685956666881,6.08760416221703,0.0181918194082914,"pixel","part (paddock x community)","pixel-weighted by the part's cell count","BETWEEN-UNIT (across parts)","zone_fid (paddock)","77e3ef0aecd1497c187d930959110d994081c800b510c78004514a007126494a","diagnostic - NOT registered, and nothing here is proposed for registration","residual_cluster_deleted = predicted from a fit with this part's WHOLE PADDOCK removed"
"part_leverage_and_deleted_residual","cropping_era","1988-2013",14,"Bala 15",,0.592241397897206,,,"14_inland","inland",-21.2105933714823,-21.4433214992361,0.0108531753237063,"pixel","part (paddock x community)","pixel-weighted by the part's cell count","BETWEEN-UNIT (across parts)","zone_fid (paddock)","77e3ef0aecd1497c187d930959110d994081c800b510c78004514a007126494a","diagnostic - NOT registered, and nothing here is proposed for registration","residual_cluster_deleted = predicted from a fit with this part's WHOLE PADDOCK removed"
"part_leverage_and_deleted_residual","cropping_era","1988-2013",15,"Bala 17",,0.592241397897206,,,"15_inland","inland",6.5252525745553,6.62927278899591,0.0156910445159626,"pixel","part (paddock x community)","pixel-weighted by the part's cell count","BETWEEN-UNIT (across parts)","zone_fid (paddock)","77e3ef0aecd1497c187d930959110d994081c800b510c78004514a007126494a","diagnostic - NOT registered, and nothing here is proposed for registration","residual_cluster_deleted = predicted from a fit with this part's WHOLE PADDOCK removed"
"part_leverage_and_deleted_residual","cropping_era","1988-2013",16,"Bala 18",,0.592241397897206,,,"16_inland","inland",2.83463846315078,2.95557812057368,0.0375062128078054,"pixel","part (paddock x community)","pixel-weighted by the part's cell count","BETWEEN-UNIT (across parts)","zone_fid (paddock)","77e3ef0aecd1497c187d930959110d994081c800b510c78004514a007126494a","diagnostic - NOT registered, and nothing here is proposed for registration","residual_cluster_deleted = predicted from a fit with this part's WHOLE PADDOCK removed"
"part_leverage_and_deleted_residual","cropping_era","1988-2013",16,"Bala 18",,0.592241397897206,,,"16_riverine","riverine",9.47358540492394,9.53918374846742,0.000843132828348243,"pixel","part (paddock x community)","pixel-weighted by the part's cell count","BETWEEN-UNIT (across parts)","zone_fid (paddock)","77e3ef0aecd1497c187d930959110d994081c800b510c78004514a007126494a","diagnostic - NOT registered, and nothing here is proposed for registration","residual_cluster_deleted = predicted from a fit with this part's WHOLE PADDOCK removed"
"part_leverage_and_deleted_residual","cropping_era","1988-2013",17,"Bala 19",,0.592241397897206,,,"17_inland","inland",3.86306980450887,3.93810502356048,0.0190536358483774,"pixel","part (paddock x community)","pixel-weighted by the part's cell count","BETWEEN-UNIT (across parts)","zone_fid (paddock)","77e3ef0aecd1497c187d930959110d994081c800b510c78004514a007126494a","diagnostic - NOT registered, and nothing here is proposed for registration","residual_cluster_deleted = predicted from a fit with this part's WHOLE PADDOCK removed"
"part_leverage_and_deleted_residual","cropping_era","1988-2013",18,"Bala 20",,0.592241397897206,,,"18_aeolian","aeolian",-10.7100239734318,-10.6876816379804,0.000217759526102414,"pixel","part (paddock x community)","pixel-weighted by the part's cell count","BETWEEN-UNIT (across parts)","zone_fid (paddock)","77e3ef0aecd1497c187d930959110d994081c800b510c78004514a007126494a","diagnostic - NOT registered, and nothing here is proposed for registration","residual_cluster_deleted = predicted from a fit with this part's WHOLE PADDOCK removed"
"part_leverage_and_deleted_residual","cropping_era","1988-2013",18,"Bala 20",,0.592241397897206,,,"18_inland","inland",4.31130917269775,4.3966334211716,0.0223650315401079,"pixel","part (paddock x community)","pixel-weighted by the part's cell count","BETWEEN-UNIT (across parts)","zone_fid (paddock)","77e3ef0aecd1497c187d930959110d994081c800b510c78004514a007126494a","diagnostic - NOT registered, and nothing here is proposed for registration","residual_cluster_deleted = predicted from a fit with this part's WHOLE PADDOCK removed"
"part_leverage_and_deleted_residual","cropping_era","1988-2013",18,"Bala 20",,0.592241397897206,,,"18_riverine","riverine",-3.54325423276094,-3.5091073916702,0.00360452077721051,"pixel","part (paddock x community)","pixel-weighted by the part's cell count","BETWEEN-UNIT (across parts)","zone_fid (paddock)","77e3ef0aecd1497c187d930959110d994081c800b510c78004514a007126494a","diagnostic - NOT registered, and nothing here is proposed for registration","residual_cluster_deleted = predicted from a fit with this part's WHOLE PADDOCK removed"
"part_leverage_and_deleted_residual","cropping_era","1988-2013",19,"Bala 21",,0.592241397897206,,,"19_inland","inland",0.469647278059284,0.482864567606669,0.0273726639601656,"pixel","part (paddock x community)","pixel-weighted by the part's cell count","BETWEEN-UNIT (across parts)","zone_fid (paddock)","77e3ef0aecd1497c187d930959110d994081c800b510c78004514a007126494a","diagnostic - NOT registered, and nothing here is proposed for registration","residual_cluster_deleted = predicted from a fit with this part's WHOLE PADDOCK removed"
"part_leverage_and_deleted_residual","cropping_era","1988-2013",20,"Bala 22",,0.592241397897206,,,"20_inland","inland",-0.715630241234535,-0.744025511940038,0.038164377766484,"pixel","part (paddock x community)","pixel-weighted by the part's cell count","BETWEEN-UNIT (across parts)","zone_fid (paddock)","77e3ef0aecd1497c187d930959110d994081c800b510c78004514a007126494a","diagnostic - NOT registered, and nothing here is proposed for registration","residual_cluster_deleted = predicted from a fit with this part's WHOLE PADDOCK removed"
"part_leverage_and_deleted_residual","cropping_era","1988-2013",21,"Bala 23",,0.592241397897206,,,"21_inland","inland",-1.25117424460917,-1.35761767951081,0.0507761195916655,"pixel","part (paddock x community)","pixel-weighted by the part's cell count","BETWEEN-UNIT (across parts)","zone_fid (paddock)","77e3ef0aecd1497c187d930959110d994081c800b510c78004514a007126494a","diagnostic - NOT registered, and nothing here is proposed for registration","residual_cluster_deleted = predicted from a fit with this part's WHOLE PADDOCK removed"
"part_leverage_and_deleted_residual","cropping_era","1988-2013",21,"Bala 23",,0.592241397897206,,,"21_riverine","riverine",-5.32513624487201,-5.39897358657627,0.00593313624714741,"pixel","part (paddock x community)","pixel-weighted by the part's cell count","BETWEEN-UNIT (across parts)","zone_fid (paddock)","77e3ef0aecd1497c187d930959110d994081c800b510c78004514a007126494a","diagnostic - NOT registered, and nothing here is proposed for registration","residual_cluster_deleted = predicted from a fit with this part's WHOLE PADDOCK removed"
"part_leverage_and_deleted_residual","cropping_era","1988-2013",22,"Bala 24",,0.592241397897206,,,"22_inland","inland",4.95038574799165,4.98644360223578,0.00723117659006056,"pixel","part (paddock x community)","pixel-weighted by the part's cell count","BETWEEN-UNIT (across parts)","zone_fid (paddock)","77e3ef0aecd1497c187d930959110d994081c800b510c78004514a007126494a","diagnostic - NOT registered, and nothing here is proposed for registration","residual_cluster_deleted = predicted from a fit with this part's WHOLE PADDOCK removed"
"part_leverage_and_deleted_residual","cropping_era","1988-2013",23,"Bala 25",,0.592241397897206,,,"23_inland","inland",-0.913194900015483,-0.925501649540365,0.013297382593537,"pixel","part (paddock x community)","pixel-weighted by the part's cell count","BETWEEN-UNIT (across parts)","zone_fid (paddock)","77e3ef0aecd1497c187d930959110d994081c800b510c78004514a007126494a","diagnostic - NOT registered, and nothing here is proposed for registration","residual_cluster_deleted = predicted from a fit with this part's WHOLE PADDOCK removed"
"part_leverage_and_deleted_residual","cropping_era","1988-2013",24,"Bala 7/10",,0.592241397897206,,,"24_inland","inland",3.36908615695901,3.39516244508275,0.00772136928941543,"pixel","part (paddock x community)","pixel-weighted by the part's cell count","BETWEEN-UNIT (across parts)","zone_fid (paddock)","77e3ef0aecd1497c187d930959110d994081c800b510c78004514a007126494a","diagnostic - NOT registered, and nothing here is proposed for registration","residual_cluster_deleted = predicted from a fit with this part's WHOLE PADDOCK removed"
"part_leverage_and_deleted_residual","cropping_era","1988-2013",24,"Bala 7/10",,0.592241397897206,,,"24_riverine","riverine",-4.37230551415583,-4.36270455729332,7.03132093471647e-05,"pixel","part (paddock x community)","pixel-weighted by the part's cell count","BETWEEN-UNIT (across parts)","zone_fid (paddock)","77e3ef0aecd1497c187d930959110d994081c800b510c78004514a007126494a","diagnostic - NOT registered, and nothing here is proposed for registration","residual_cluster_deleted = predicted from a fit with this part's WHOLE PADDOCK removed"
"part_leverage_and_deleted_residual","cropping_era","1988-2013",25,"Bala 8/11",,0.592241397897206,,,"25_inland","inland",2.23971978424423,2.33667274657697,0.0414598242442004,"pixel","part (paddock x community)","pixel-weighted by the part's cell count","BETWEEN-UNIT (across parts)","zone_fid (paddock)","77e3ef0aecd1497c187d930959110d994081c800b510c78004514a007126494a","diagnostic - NOT registered, and nothing here is proposed for registration","residual_cluster_deleted = predicted from a fit with this part's WHOLE PADDOCK removed"
"part_leverage_and_deleted_residual","cropping_era","1988-2013",25,"Bala 8/11",,0.592241397897206,,,"25_riverine","riverine",3.09387479484531,3.12269530997938,0.000131494980996136,"pixel","part (paddock x community)","pixel-weighted by the part's cell count","BETWEEN-UNIT (across parts)","zone_fid (paddock)","77e3ef0aecd1497c187d930959110d994081c800b510c78004514a007126494a","diagnostic - NOT registered, and nothing here is proposed for registration","residual_cluster_deleted = predicted from a fit with this part's WHOLE PADDOCK removed"
"part_leverage_and_deleted_residual","cropping_era","1988-2013",26,"Bala 14/16",,0.592241397897206,,,"26_inland","inland",4.85031334892494,4.96004482801614,0.0221552205051863,"pixel","part (paddock x community)","pixel-weighted by the part's cell count","BETWEEN-UNIT (across parts)","zone_fid (paddock)","77e3ef0aecd1497c187d930959110d994081c800b510c78004514a007126494a","diagnostic - NOT registered, and nothing here is proposed for registration","residual_cluster_deleted = predicted from a fit with this part's WHOLE PADDOCK removed"
"part_leverage_and_deleted_residual","cropping_era","1988-2013",26,"Bala 14/16",,0.592241397897206,,,"26_riverine","riverine",7.34363814536621,7.34289016898681,0.00053010059949297,"pixel","part (paddock x community)","pixel-weighted by the part's cell count","BETWEEN-UNIT (across parts)","zone_fid (paddock)","77e3ef0aecd1497c187d930959110d994081c800b510c78004514a007126494a","diagnostic - NOT registered, and nothing here is proposed for registration","residual_cluster_deleted = predicted from a fit with this part's WHOLE PADDOCK removed"
"part_leverage_and_deleted_residual","cropping_era","1988-2013",27,"Mara 1",,0.592241397897206,,,"27_inland","inland",9.59427524544088,9.60149390582605,0.000761588620835945,"pixel","part (paddock x community)","pixel-weighted by the part's cell count","BETWEEN-UNIT (across parts)","zone_fid (paddock)","77e3ef0aecd1497c187d930959110d994081c800b510c78004514a007126494a","diagnostic - NOT registered, and nothing here is proposed for registration","residual_cluster_deleted = predicted from a fit with this part's WHOLE PADDOCK removed"
"part_leverage_and_deleted_residual","cropping_era","1988-2013",27,"Mara 1",,0.592241397897206,,,"27_riverine","riverine",-0.36983040287334,-0.364600932077472,0.000850198618955677,"pixel","part (paddock x community)","pixel-weighted by the part's cell count","BETWEEN-UNIT (across parts)","zone_fid (paddock)","77e3ef0aecd1497c187d930959110d994081c800b510c78004514a007126494a","diagnostic - NOT registered, and nothing here is proposed for registration","residual_cluster_deleted = predicted from a fit with this part's WHOLE PADDOCK removed"
"part_leverage_and_deleted_residual","cropping_era","1988-2013",28,"Mara 2",,0.592241397897206,,,"28_inland","inland",4.27302104524158,4.28262867260742,0.00152996709254089,"pixel","part (paddock x community)","pixel-weighted by the part's cell count","BETWEEN-UNIT (across parts)","zone_fid (paddock)","77e3ef0aecd1497c187d930959110d994081c800b510c78004514a007126494a","diagnostic - NOT registered, and nothing here is proposed for registration","residual_cluster_deleted = predicted from a fit with this part's WHOLE PADDOCK removed"
"part_leverage_and_deleted_residual","cropping_era","1988-2013",28,"Mara 2",,0.592241397897206,,,"28_riverine","riverine",2.3071553033319,2.31939544490281,0.00198905092932495,"pixel","part (paddock x community)","pixel-weighted by the part's cell count","BETWEEN-UNIT (across parts)","zone_fid (paddock)","77e3ef0aecd1497c187d930959110d994081c800b510c78004514a007126494a","diagnostic - NOT registered, and nothing here is proposed for registration","residual_cluster_deleted = predicted from a fit with this part's WHOLE PADDOCK removed"
"part_leverage_and_deleted_residual","cropping_era","1988-2013",29,"Mara 3",,0.592241397897206,,,"29_inland","inland",2.03360906287975,2.05406030062314,0.00995649335961137,"pixel","part (paddock x community)","pixel-weighted by the part's cell count","BETWEEN-UNIT (across parts)","zone_fid (paddock)","77e3ef0aecd1497c187d930959110d994081c800b510c78004514a007126494a","diagnostic - NOT registered, and nothing here is proposed for registration","residual_cluster_deleted = predicted from a fit with this part's WHOLE PADDOCK removed"
"part_leverage_and_deleted_residual","cropping_era","1988-2013",30,"Mara 10",,0.592241397897206,,,"30_inland","inland",4.70078614735559,4.72878375516146,0.0059206783933224,"pixel","part (paddock x community)","pixel-weighted by the part's cell count","BETWEEN-UNIT (across parts)","zone_fid (paddock)","77e3ef0aecd1497c187d930959110d994081c800b510c78004514a007126494a","diagnostic - NOT registered, and nothing here is proposed for registration","residual_cluster_deleted = predicted from a fit with this part's WHOLE PADDOCK removed"
"part_leverage_and_deleted_residual","cropping_era","1988-2013",31,"Mara 13",,0.592241397897206,,,"31_aeolian","aeolian",19.1364036877373,19.1413317712499,0.000215586874095725,"pixel","part (paddock x community)","pixel-weighted by the part's cell count","BETWEEN-UNIT (across parts)","zone_fid (paddock)","77e3ef0aecd1497c187d930959110d994081c800b510c78004514a007126494a","diagnostic - NOT registered, and nothing here is proposed for registration","residual_cluster_deleted = predicted from a fit with this part's WHOLE PADDOCK removed"
"part_leverage_and_deleted_residual","cropping_era","1988-2013",31,"Mara 13",,0.592241397897206,,,"31_inland","inland",-3.45314561677095,-3.45919245399466,0.00154737716288259,"pixel","part (paddock x community)","pixel-weighted by the part's cell count","BETWEEN-UNIT (across parts)","zone_fid (paddock)","77e3ef0aecd1497c187d930959110d994081c800b510c78004514a007126494a","diagnostic - NOT registered, and nothing here is proposed for registration","residual_cluster_deleted = predicted from a fit with this part's WHOLE PADDOCK removed"
"part_leverage_and_deleted_residual","cropping_era","1988-2013",31,"Mara 13",,0.592241397897206,,,"31_riverine","riverine",-0.224755925632891,-0.230354891099751,0.00180819594675351,"pixel","part (paddock x community)","pixel-weighted by the part's cell count","BETWEEN-UNIT (across parts)","zone_fid (paddock)","77e3ef0aecd1497c187d930959110d994081c800b510c78004514a007126494a","diagnostic - NOT registered, and nothing here is proposed for registration","residual_cluster_deleted = predicted from a fit with this part's WHOLE PADDOCK removed"
"part_leverage_and_deleted_residual","cropping_era","1988-2013",32,"Mara 12",,0.592241397897206,,,"32_inland","inland",3.60716283286989,3.64169295110462,0.00855719334527677,"pixel","part (paddock x community)","pixel-weighted by the part's cell count","BETWEEN-UNIT (across parts)","zone_fid (paddock)","77e3ef0aecd1497c187d930959110d994081c800b510c78004514a007126494a","diagnostic - NOT registered, and nothing here is proposed for registration","residual_cluster_deleted = predicted from a fit with this part's WHOLE PADDOCK removed"
"part_leverage_and_deleted_residual","cropping_era","1988-2013",32,"Mara 12",,0.592241397897206,,,"32_riverine","riverine",14.4234557372395,14.4423265587714,0.000303819240055468,"pixel","part (paddock x community)","pixel-weighted by the part's cell count","BETWEEN-UNIT (across parts)","zone_fid (paddock)","77e3ef0aecd1497c187d930959110d994081c800b510c78004514a007126494a","diagnostic - NOT registered, and nothing here is proposed for registration","residual_cluster_deleted = predicted from a fit with this part's WHOLE PADDOCK removed"
"part_leverage_and_deleted_residual","cropping_era","1988-2013",33,"Mara 14",,0.592241397897206,,,"33_inland","inland",1.52917922260986,1.6073084952552,0.048608759846625,"pixel","part (paddock x community)","pixel-weighted by the part's cell count","BETWEEN-UNIT (across parts)","zone_fid (paddock)","77e3ef0aecd1497c187d930959110d994081c800b510c78004514a007126494a","diagnostic - NOT registered, and nothing here is proposed for registration","residual_cluster_deleted = predicted from a fit with this part's WHOLE PADDOCK removed"
"part_leverage_and_deleted_residual","cropping_era","1988-2013",34,"Mara 5",,0.592241397897206,,,"34_inland","inland",-0.410480976427664,-0.41777481028079,0.0174587688717147,"pixel","part (paddock x community)","pixel-weighted by the part's cell count","BETWEEN-UNIT (across parts)","zone_fid (paddock)","77e3ef0aecd1497c187d930959110d994081c800b510c78004514a007126494a","diagnostic - NOT registered, and nothing here is proposed for registration","residual_cluster_deleted = predicted from a fit with this part's WHOLE PADDOCK removed"
"part_leverage_and_deleted_residual","cropping_era","1988-2013",35,"Mara 9",,0.592241397897206,,,"35_inland","inland",4.69282968114375,4.73087327335354,0.00804155808274497,"pixel","part (paddock x community)","pixel-weighted by the part's cell count","BETWEEN-UNIT (across parts)","zone_fid (paddock)","77e3ef0aecd1497c187d930959110d994081c800b510c78004514a007126494a","diagnostic - NOT registered, and nothing here is proposed for registration","residual_cluster_deleted = predicted from a fit with this part's WHOLE PADDOCK removed"
"part_leverage_and_deleted_residual","cropping_era","1988-2013",36,"Mara 6",,0.592241397897206,,,"36_inland","inland",5.27810915108267,5.41135056035687,0.0246225794814121,"pixel","part (paddock x community)","pixel-weighted by the part's cell count","BETWEEN-UNIT (across parts)","zone_fid (paddock)","77e3ef0aecd1497c187d930959110d994081c800b510c78004514a007126494a","diagnostic - NOT registered, and nothing here is proposed for registration","residual_cluster_deleted = predicted from a fit with this part's WHOLE PADDOCK removed"
"part_leverage_and_deleted_residual","cropping_era","1988-2013",37,"Mara 7",,0.592241397897206,,,"37_aeolian","aeolian",14.2239626309271,14.2754967096232,0.00291814375363042,"pixel","part (paddock x community)","pixel-weighted by the part's cell count","BETWEEN-UNIT (across parts)","zone_fid (paddock)","77e3ef0aecd1497c187d930959110d994081c800b510c78004514a007126494a","diagnostic - NOT registered, and nothing here is proposed for registration","residual_cluster_deleted = predicted from a fit with this part's WHOLE PADDOCK removed"
"part_leverage_and_deleted_residual","cropping_era","1988-2013",37,"Mara 7",,0.592241397897206,,,"37_inland","inland",5.01619574271534,5.1436893519638,0.0242564026490032,"pixel","part (paddock x community)","pixel-weighted by the part's cell count","BETWEEN-UNIT (across parts)","zone_fid (paddock)","77e3ef0aecd1497c187d930959110d994081c800b510c78004514a007126494a","diagnostic - NOT registered, and nothing here is proposed for registration","residual_cluster_deleted = predicted from a fit with this part's WHOLE PADDOCK removed"
"part_leverage_and_deleted_residual","cropping_era","1988-2013",37,"Mara 7",,0.592241397897206,,,"37_riverine","riverine",8.48624140204061,8.56670562908197,0.00139239236793476,"pixel","part (paddock x community)","pixel-weighted by the part's cell count","BETWEEN-UNIT (across parts)","zone_fid (paddock)","77e3ef0aecd1497c187d930959110d994081c800b510c78004514a007126494a","diagnostic - NOT registered, and nothing here is proposed for registration","residual_cluster_deleted = predicted from a fit with this part's WHOLE PADDOCK removed"
"part_leverage_and_deleted_residual","cropping_era","1988-2013",38,"Mara 8",,0.592241397897206,,,"38_aeolian","aeolian",11.6501810657409,11.7449855533788,0.00736013598926693,"pixel","part (paddock x community)","pixel-weighted by the part's cell count","BETWEEN-UNIT (across parts)","zone_fid (paddock)","77e3ef0aecd1497c187d930959110d994081c800b510c78004514a007126494a","diagnostic - NOT registered, and nothing here is proposed for registration","residual_cluster_deleted = predicted from a fit with this part's WHOLE PADDOCK removed"
"part_leverage_and_deleted_residual","cropping_era","1988-2013",38,"Mara 8",,0.592241397897206,,,"38_inland","inland",-4.48860245393215,-4.53197054525141,0.00273190654831914,"pixel","part (paddock x community)","pixel-weighted by the part's cell count","BETWEEN-UNIT (across parts)","zone_fid (paddock)","77e3ef0aecd1497c187d930959110d994081c800b510c78004514a007126494a","diagnostic - NOT registered, and nothing here is proposed for registration","residual_cluster_deleted = predicted from a fit with this part's WHOLE PADDOCK removed"
"part_leverage_and_deleted_residual","cropping_era","1988-2013",38,"Mara 8",,0.592241397897206,,,"38_riverine","riverine",2.01143312615629,2.04606692565103,0.00158605606429617,"pixel","part (paddock x community)","pixel-weighted by the part's cell count","BETWEEN-UNIT (across parts)","zone_fid (paddock)","77e3ef0aecd1497c187d930959110d994081c800b510c78004514a007126494a","diagnostic - NOT registered, and nothing here is proposed for registration","residual_cluster_deleted = predicted from a fit with this part's WHOLE PADDOCK removed"
"part_leverage_and_deleted_residual","cropping_era","1988-2013",39,"Mara 11",,0.592241397897206,,,"39_inland","inland",9.57877462383988,10.1337859399768,0.0553686853125836,"pixel","part (paddock x community)","pixel-weighted by the part's cell count","BETWEEN-UNIT (across parts)","zone_fid (paddock)","77e3ef0aecd1497c187d930959110d994081c800b510c78004514a007126494a","diagnostic - NOT registered, and nothing here is proposed for registration","residual_cluster_deleted = predicted from a fit with this part's WHOLE PADDOCK removed"
"part_leverage_and_deleted_residual","cropping_era","1988-2013",39,"Mara 11",,0.592241397897206,,,"39_riverine","riverine",-5.00813868379655,-4.42937127626947,0.00143337603787667,"pixel","part (paddock x community)","pixel-weighted by the part's cell count","BETWEEN-UNIT (across parts)","zone_fid (paddock)","77e3ef0aecd1497c187d930959110d994081c800b510c78004514a007126494a","diagnostic - NOT registered, and nothing here is proposed for registration","residual_cluster_deleted = predicted from a fit with this part's WHOLE PADDOCK removed"
"part_leverage_and_deleted_residual","cropping_era","1988-2013",40,"Mara 15",,0.592241397897206,,,"40_inland","inland",4.85880366136985,4.99649844311395,0.0275582557088261,"pixel","part (paddock x community)","pixel-weighted by the part's cell count","BETWEEN-UNIT (across parts)","zone_fid (paddock)","77e3ef0aecd1497c187d930959110d994081c800b510c78004514a007126494a","diagnostic - NOT registered, and nothing here is proposed for registration","residual_cluster_deleted = predicted from a fit with this part's WHOLE PADDOCK removed"
"part_leverage_and_deleted_residual","cropping_era","1988-2013",41,"Mara 16",,0.592241397897206,,,"41_inland","inland",-0.420617194906924,-0.438215164029714,0.0401582842570519,"pixel","part (paddock x community)","pixel-weighted by the part's cell count","BETWEEN-UNIT (across parts)","zone_fid (paddock)","77e3ef0aecd1497c187d930959110d994081c800b510c78004514a007126494a","diagnostic - NOT registered, and nothing here is proposed for registration","residual_cluster_deleted = predicted from a fit with this part's WHOLE PADDOCK removed"
"part_leverage_and_deleted_residual","cropping_era","1988-2013",42,"Mara 17",,0.592241397897206,,,"42_inland","inland",6.74999585463122,6.80479974182884,0.00805371050976829,"pixel","part (paddock x community)","pixel-weighted by the part's cell count","BETWEEN-UNIT (across parts)","zone_fid (paddock)","77e3ef0aecd1497c187d930959110d994081c800b510c78004514a007126494a","diagnostic - NOT registered, and nothing here is proposed for registration","residual_cluster_deleted = predicted from a fit with this part's WHOLE PADDOCK removed"
"part_leverage_and_deleted_residual","cropping_era","1988-2013",43,"Mara 18",,0.592241397897206,,,"43_inland","inland",10.3506367194228,10.4082523743497,0.00553557435529667,"pixel","part (paddock x community)","pixel-weighted by the part's cell count","BETWEEN-UNIT (across parts)","zone_fid (paddock)","77e3ef0aecd1497c187d930959110d994081c800b510c78004514a007126494a","diagnostic - NOT registered, and nothing here is proposed for registration","residual_cluster_deleted = predicted from a fit with this part's WHOLE PADDOCK removed"
"part_leverage_and_deleted_residual","cropping_era","1988-2013",44,"Mara 19",,0.592241397897206,,,"44_inland","inland",4.43380589565201,4.49020664592466,0.0125608362198261,"pixel","part (paddock x community)","pixel-weighted by the part's cell count","BETWEEN-UNIT (across parts)","zone_fid (paddock)","77e3ef0aecd1497c187d930959110d994081c800b510c78004514a007126494a","diagnostic - NOT registered, and nothing here is proposed for registration","residual_cluster_deleted = predicted from a fit with this part's WHOLE PADDOCK removed"
"part_leverage_and_deleted_residual","cropping_era","1988-2013",45,"Mara 21",,0.592241397897206,,,"45_inland","inland",-5.79135817052017,-6.0094814201462,0.035731287117145,"pixel","part (paddock x community)","pixel-weighted by the part's cell count","BETWEEN-UNIT (across parts)","zone_fid (paddock)","77e3ef0aecd1497c187d930959110d994081c800b510c78004514a007126494a","diagnostic - NOT registered, and nothing here is proposed for registration","residual_cluster_deleted = predicted from a fit with this part's WHOLE PADDOCK removed"
"part_leverage_and_deleted_residual","cropping_era","1988-2013",45,"Mara 21",,0.592241397897206,,,"45_riverine","riverine",-0.356529020223519,-0.490734540369218,0.00521355020960393,"pixel","part (paddock x community)","pixel-weighted by the part's cell count","BETWEEN-UNIT (across parts)","zone_fid (paddock)","77e3ef0aecd1497c187d930959110d994081c800b510c78004514a007126494a","diagnostic - NOT registered, and nothing here is proposed for registration","residual_cluster_deleted = predicted from a fit with this part's WHOLE PADDOCK removed"
"part_leverage_and_deleted_residual","cropping_era","1988-2013",46,"Mara 20",,0.592241397897206,,,"46_inland","inland",3.33841429591901,3.34931513513853,0.00325464722778122,"pixel","part (paddock x community)","pixel-weighted by the part's cell count","BETWEEN-UNIT (across parts)","zone_fid (paddock)","77e3ef0aecd1497c187d930959110d994081c800b510c78004514a007126494a","diagnostic - NOT registered, and nothing here is proposed for registration","residual_cluster_deleted = predicted from a fit with this part's WHOLE PADDOCK removed"
"part_leverage_and_deleted_residual","cropping_era","1988-2013",47,"Mara 22",,0.592241397897206,,,"47_inland","inland",3.99213009190915,4.02687279651452,0.00862771345433801,"pixel","part (paddock x community)","pixel-weighted by the part's cell count","BETWEEN-UNIT (across parts)","zone_fid (paddock)","77e3ef0aecd1497c187d930959110d994081c800b510c78004514a007126494a","diagnostic - NOT registered, and nothing here is proposed for registration","residual_cluster_deleted = predicted from a fit with this part's WHOLE PADDOCK removed"
"part_leverage_and_deleted_residual","cropping_era","1988-2013",48,"Mara 4",,0.592241397897206,,,"48_aeolian","aeolian",11.23306834035,11.2405430904254,0.000159197067695382,"pixel","part (paddock x community)","pixel-weighted by the part's cell count","BETWEEN-UNIT (across parts)","zone_fid (paddock)","77e3ef0aecd1497c187d930959110d994081c800b510c78004514a007126494a","diagnostic - NOT registered, and nothing here is proposed for registration","residual_cluster_deleted = predicted from a fit with this part's WHOLE PADDOCK removed"
"part_leverage_and_deleted_residual","cropping_era","1988-2013",48,"Mara 4",,0.592241397897206,,,"48_inland","inland",7.04618349057981,7.05469097853637,0.00108230424355054,"pixel","part (paddock x community)","pixel-weighted by the part's cell count","BETWEEN-UNIT (across parts)","zone_fid (paddock)","77e3ef0aecd1497c187d930959110d994081c800b510c78004514a007126494a","diagnostic - NOT registered, and nothing here is proposed for registration","residual_cluster_deleted = predicted from a fit with this part's WHOLE PADDOCK removed"
"part_leverage_and_deleted_residual","cropping_era","1988-2013",48,"Mara 4",,0.592241397897206,,,"48_riverine","riverine",5.81466551745562,5.82243454532752,0.000535629557334309,"pixel","part (paddock x community)","pixel-weighted by the part's cell count","BETWEEN-UNIT (across parts)","zone_fid (paddock)","77e3ef0aecd1497c187d930959110d994081c800b510c78004514a007126494a","diagnostic - NOT registered, and nothing here is proposed for registration","residual_cluster_deleted = predicted from a fit with this part's WHOLE PADDOCK removed"
"part_leverage_and_deleted_residual","cropping_era","1988-2013",49,"Mara 5a",,0.592241397897206,,,"49_inland","inland",3.41328545794921,3.42898901342707,0.00457964590040317,"pixel","part (paddock x community)","pixel-weighted by the part's cell count","BETWEEN-UNIT (across parts)","zone_fid (paddock)","77e3ef0aecd1497c187d930959110d994081c800b510c78004514a007126494a","diagnostic - NOT registered, and nothing here is proposed for registration","residual_cluster_deleted = predicted from a fit with this part's WHOLE PADDOCK removed"
"part_leverage_and_deleted_residual","cropping_era","1988-2013",50,"Mara 22a",,0.592241397897206,,,"50_inland","inland",-6.30065809456713,-6.36876709850981,0.0106942211717319,"pixel","part (paddock x community)","pixel-weighted by the part's cell count","BETWEEN-UNIT (across parts)","zone_fid (paddock)","77e3ef0aecd1497c187d930959110d994081c800b510c78004514a007126494a","diagnostic - NOT registered, and nothing here is proposed for registration","residual_cluster_deleted = predicted from a fit with this part's WHOLE PADDOCK removed"
"part_leverage_and_deleted_residual","cropping_era","1988-2013",51,"Dinan 3",,0.592241397897206,,,"51_aeolian","aeolian",7.94637629358697,7.92272661723983,0.0113504594035139,"pixel","part (paddock x community)","pixel-weighted by the part's cell count","BETWEEN-UNIT (across parts)","zone_fid (paddock)","77e3ef0aecd1497c187d930959110d994081c800b510c78004514a007126494a","diagnostic - NOT registered, and nothing here is proposed for registration","residual_cluster_deleted = predicted from a fit with this part's WHOLE PADDOCK removed"
"part_leverage_and_deleted_residual","cropping_era","1988-2013",51,"Dinan 3",,0.592241397897206,,,"51_inland","inland",6.1537180379882,6.14865901920253,0.00568301968415751,"pixel","part (paddock x community)","pixel-weighted by the part's cell count","BETWEEN-UNIT (across parts)","zone_fid (paddock)","77e3ef0aecd1497c187d930959110d994081c800b510c78004514a007126494a","diagnostic - NOT registered, and nothing here is proposed for registration","residual_cluster_deleted = predicted from a fit with this part's WHOLE PADDOCK removed"
"part_leverage_and_deleted_residual","cropping_era","1988-2013",51,"Dinan 3",,0.592241397897206,,,"51_riverine","riverine",-19.2231493025951,-19.2369947603645,0.0052251462948862,"pixel","part (paddock x community)","pixel-weighted by the part's cell count","BETWEEN-UNIT (across parts)","zone_fid (paddock)","77e3ef0aecd1497c187d930959110d994081c800b510c78004514a007126494a","diagnostic - NOT registered, and nothing here is proposed for registration","residual_cluster_deleted = predicted from a fit with this part's WHOLE PADDOCK removed"
"part_leverage_and_deleted_residual","cropping_era","1988-2013",52,"Dinan 2",,0.592241397897206,,,"52_inland","inland",4.98906330878162,5.09390218837468,0.0218930190728015,"pixel","part (paddock x community)","pixel-weighted by the part's cell count","BETWEEN-UNIT (across parts)","zone_fid (paddock)","77e3ef0aecd1497c187d930959110d994081c800b510c78004514a007126494a","diagnostic - NOT registered, and nothing here is proposed for registration","residual_cluster_deleted = predicted from a fit with this part's WHOLE PADDOCK removed"
"part_leverage_and_deleted_residual","cropping_era","1988-2013",52,"Dinan 2",,0.592241397897206,,,"52_riverine","riverine",-14.1863767719516,-14.198381673173,0.00288802262807765,"pixel","part (paddock x community)","pixel-weighted by the part's cell count","BETWEEN-UNIT (across parts)","zone_fid (paddock)","77e3ef0aecd1497c187d930959110d994081c800b510c78004514a007126494a","diagnostic - NOT registered, and nothing here is proposed for registration","residual_cluster_deleted = predicted from a fit with this part's WHOLE PADDOCK removed"
"part_leverage_and_deleted_residual","cropping_era","1988-2013",53,"Dinan 6",,0.592241397897206,,,"53_inland","inland",-2.55353472468296,-2.56748015250126,0.00760972587958192,"pixel","part (paddock x community)","pixel-weighted by the part's cell count","BETWEEN-UNIT (across parts)","zone_fid (paddock)","77e3ef0aecd1497c187d930959110d994081c800b510c78004514a007126494a","diagnostic - NOT registered, and nothing here is proposed for registration","residual_cluster_deleted = predicted from a fit with this part's WHOLE PADDOCK removed"
"part_leverage_and_deleted_residual","cropping_era","1988-2013",53,"Dinan 6",,0.592241397897206,,,"53_riverine","riverine",5.2983029418226,5.28477057626581,0.00125300318718475,"pixel","part (paddock x community)","pixel-weighted by the part's cell count","BETWEEN-UNIT (across parts)","zone_fid (paddock)","77e3ef0aecd1497c187d930959110d994081c800b510c78004514a007126494a","diagnostic - NOT registered, and nothing here is proposed for registration","residual_cluster_deleted = predicted from a fit with this part's WHOLE PADDOCK removed"
"part_leverage_and_deleted_residual","cropping_era","1988-2013",54,"Dinan 7",,0.592241397897206,,,"54_aeolian","aeolian",13.3417747902135,13.47553524894,0.000360787417596551,"pixel","part (paddock x community)","pixel-weighted by the part's cell count","BETWEEN-UNIT (across parts)","zone_fid (paddock)","77e3ef0aecd1497c187d930959110d994081c800b510c78004514a007126494a","diagnostic - NOT registered, and nothing here is proposed for registration","residual_cluster_deleted = predicted from a fit with this part's WHOLE PADDOCK removed"
"part_leverage_and_deleted_residual","cropping_era","1988-2013",54,"Dinan 7",,0.592241397897206,,,"54_riverine","riverine",3.21398965356803,3.32683209026995,0.032707695163303,"pixel","part (paddock x community)","pixel-weighted by the part's cell count","BETWEEN-UNIT (across parts)","zone_fid (paddock)","77e3ef0aecd1497c187d930959110d994081c800b510c78004514a007126494a","diagnostic - NOT registered, and nothing here is proposed for registration","residual_cluster_deleted = predicted from a fit with this part's WHOLE PADDOCK removed"
"part_leverage_and_deleted_residual","cropping_era","1988-2013",55,"Dinan 8",,0.592241397897206,,,"55_aeolian","aeolian",-9.10242194152247,-10.4521628643005,0.0548926660773585,"pixel","part (paddock x community)","pixel-weighted by the part's cell count","BETWEEN-UNIT (across parts)","zone_fid (paddock)","77e3ef0aecd1497c187d930959110d994081c800b510c78004514a007126494a","diagnostic - NOT registered, and nothing here is proposed for registration","residual_cluster_deleted = predicted from a fit with this part's WHOLE PADDOCK removed"
"part_leverage_and_deleted_residual","cropping_era","1988-2013",55,"Dinan 8",,0.592241397897206,,,"55_inland","inland",-3.80383427928885,-4.57675742289453,0.00477608058876884,"pixel","part (paddock x community)","pixel-weighted by the part's cell count","BETWEEN-UNIT (across parts)","zone_fid (paddock)","77e3ef0aecd1497c187d930959110d994081c800b510c78004514a007126494a","diagnostic - NOT registered, and nothing here is proposed for registration","residual_cluster_deleted = predicted from a fit with this part's WHOLE PADDOCK removed"
"part_leverage_and_deleted_residual","cropping_era","1988-2013",55,"Dinan 8",,0.592241397897206,,,"55_riverine","riverine",-15.3295433539078,-16.2781638711069,0.0351454524730758,"pixel","part (paddock x community)","pixel-weighted by the part's cell count","BETWEEN-UNIT (across parts)","zone_fid (paddock)","77e3ef0aecd1497c187d930959110d994081c800b510c78004514a007126494a","diagnostic - NOT registered, and nothing here is proposed for registration","residual_cluster_deleted = predicted from a fit with this part's WHOLE PADDOCK removed"
"part_leverage_and_deleted_residual","cropping_era","1988-2013",56,"Dinan 9",,0.592241397897206,,,"56_aeolian","aeolian",-8.79310359241521,-9.01437692639032,0.0133507297663133,"pixel","part (paddock x community)","pixel-weighted by the part's cell count","BETWEEN-UNIT (across parts)","zone_fid (paddock)","77e3ef0aecd1497c187d930959110d994081c800b510c78004514a007126494a","diagnostic - NOT registered, and nothing here is proposed for registration","residual_cluster_deleted = predicted from a fit with this part's WHOLE PADDOCK removed"
"part_leverage_and_deleted_residual","cropping_era","1988-2013",56,"Dinan 9",,0.592241397897206,,,"56_inland","inland",0.962301471068685,0.740813178494676,0.0387211472814679,"pixel","part (paddock x community)","pixel-weighted by the part's cell count","BETWEEN-UNIT (across parts)","zone_fid (paddock)","77e3ef0aecd1497c187d930959110d994081c800b510c78004514a007126494a","diagnostic - NOT registered, and nothing here is proposed for registration","residual_cluster_deleted = predicted from a fit with this part's WHOLE PADDOCK removed"
"part_leverage_and_deleted_residual","cropping_era","1988-2013",56,"Dinan 9",,0.592241397897206,,,"56_riverine","riverine",-10.0981068060034,-10.3376338452752,0.0136041549699466,"pixel","part (paddock x community)","pixel-weighted by the part's cell count","BETWEEN-UNIT (across parts)","zone_fid (paddock)","77e3ef0aecd1497c187d930959110d994081c800b510c78004514a007126494a","diagnostic - NOT registered, and nothing here is proposed for registration","residual_cluster_deleted = predicted from a fit with this part's WHOLE PADDOCK removed"
"part_leverage_and_deleted_residual","cropping_era","1988-2013",57,"Dinan 10",,0.592241397897206,,,"57_aeolian","aeolian",-20.0031320948478,-20.7841928485697,0.0371238376820632,"pixel","part (paddock x community)","pixel-weighted by the part's cell count","BETWEEN-UNIT (across parts)","zone_fid (paddock)","77e3ef0aecd1497c187d930959110d994081c800b510c78004514a007126494a","diagnostic - NOT registered, and nothing here is proposed for registration","residual_cluster_deleted = predicted from a fit with this part's WHOLE PADDOCK removed"
"part_leverage_and_deleted_residual","cropping_era","1988-2013",57,"Dinan 10",,0.592241397897206,,,"57_inland","inland",3.71822611720403,2.93975481031813,0.0158138232929681,"pixel","part (paddock x community)","pixel-weighted by the part's cell count","BETWEEN-UNIT (across parts)","zone_fid (paddock)","77e3ef0aecd1497c187d930959110d994081c800b510c78004514a007126494a","diagnostic - NOT registered, and nothing here is proposed for registration","residual_cluster_deleted = predicted from a fit with this part's WHOLE PADDOCK removed"
"part_leverage_and_deleted_residual","cropping_era","1988-2013",57,"Dinan 10",,0.592241397897206,,,"57_riverine","riverine",-14.004557926868,-14.7491161130207,0.0036302841242161,"pixel","part (paddock x community)","pixel-weighted by the part's cell count","BETWEEN-UNIT (across parts)","zone_fid (paddock)","77e3ef0aecd1497c187d930959110d994081c800b510c78004514a007126494a","diagnostic - NOT registered, and nothing here is proposed for registration","residual_cluster_deleted = predicted from a fit with this part's WHOLE PADDOCK removed"
"part_leverage_and_deleted_residual","cropping_era","1988-2013",58,"Dinan 13",,0.592241397897206,,,"58_aeolian","aeolian",-10.2716654849986,-10.7451498214579,0.00450873195855473,"pixel","part (paddock x community)","pixel-weighted by the part's cell count","BETWEEN-UNIT (across parts)","zone_fid (paddock)","77e3ef0aecd1497c187d930959110d994081c800b510c78004514a007126494a","diagnostic - NOT registered, and nothing here is proposed for registration","residual_cluster_deleted = predicted from a fit with this part's WHOLE PADDOCK removed"
"part_leverage_and_deleted_residual","cropping_era","1988-2013",58,"Dinan 13",,0.592241397897206,,,"58_inland","inland",-4.46248681541744,-4.63569600129071,0.0162924381604974,"pixel","part (paddock x community)","pixel-weighted by the part's cell count","BETWEEN-UNIT (across parts)","zone_fid (paddock)","77e3ef0aecd1497c187d930959110d994081c800b510c78004514a007126494a","diagnostic - NOT registered, and nothing here is proposed for registration","residual_cluster_deleted = predicted from a fit with this part's WHOLE PADDOCK removed"
"part_leverage_and_deleted_residual","cropping_era","1988-2013",58,"Dinan 13",,0.592241397897206,,,"58_riverine","riverine",-14.612598862549,-14.9665461436418,0.0204678461629657,"pixel","part (paddock x community)","pixel-weighted by the part's cell count","BETWEEN-UNIT (across parts)","zone_fid (paddock)","77e3ef0aecd1497c187d930959110d994081c800b510c78004514a007126494a","diagnostic - NOT registered, and nothing here is proposed for registration","residual_cluster_deleted = predicted from a fit with this part's WHOLE PADDOCK removed"
"part_leverage_and_deleted_residual","cropping_era","1988-2013",59,"Dinan 12",,0.592241397897206,,,"59_aeolian","aeolian",7.53450332620487,7.91456593103575,0.0205939880852534,"pixel","part (paddock x community)","pixel-weighted by the part's cell count","BETWEEN-UNIT (across parts)","zone_fid (paddock)","77e3ef0aecd1497c187d930959110d994081c800b510c78004514a007126494a","diagnostic - NOT registered, and nothing here is proposed for registration","residual_cluster_deleted = predicted from a fit with this part's WHOLE PADDOCK removed"
"part_leverage_and_deleted_residual","cropping_era","1988-2013",59,"Dinan 12",,0.592241397897206,,,"59_riverine","riverine",3.14141119030858,3.39818177881669,0.0454059883426264,"pixel","part (paddock x community)","pixel-weighted by the part's cell count","BETWEEN-UNIT (across parts)","zone_fid (paddock)","77e3ef0aecd1497c187d930959110d994081c800b510c78004514a007126494a","diagnostic - NOT registered, and nothing here is proposed for registration","residual_cluster_deleted = predicted from a fit with this part's WHOLE PADDOCK removed"
"part_leverage_and_deleted_residual","cropping_era","1988-2013",60,"Dinan 14",,0.592241397897206,,,"60_aeolian","aeolian",5.14297626093503,5.3399895035035,0.0350878752545756,"pixel","part (paddock x community)","pixel-weighted by the part's cell count","BETWEEN-UNIT (across parts)","zone_fid (paddock)","77e3ef0aecd1497c187d930959110d994081c800b510c78004514a007126494a","diagnostic - NOT registered, and nothing here is proposed for registration","residual_cluster_deleted = predicted from a fit with this part's WHOLE PADDOCK removed"
"part_leverage_and_deleted_residual","cropping_era","1988-2013",60,"Dinan 14",,0.592241397897206,,,"60_riverine","riverine",14.6288512063245,14.7955263894245,0.000557960353412871,"pixel","part (paddock x community)","pixel-weighted by the part's cell count","BETWEEN-UNIT (across parts)","zone_fid (paddock)","77e3ef0aecd1497c187d930959110d994081c800b510c78004514a007126494a","diagnostic - NOT registered, and nothing here is proposed for registration","residual_cluster_deleted = predicted from a fit with this part's WHOLE PADDOCK removed"
"part_leverage_and_deleted_residual","cropping_era","1988-2013",61,"Dinan 11",,0.592241397897206,,,"61_aeolian","aeolian",12.8296908543038,12.8542277067837,0.00914059252176319,"pixel","part (paddock x community)","pixel-weighted by the part's cell count","BETWEEN-UNIT (across parts)","zone_fid (paddock)","77e3ef0aecd1497c187d930959110d994081c800b510c78004514a007126494a","diagnostic - NOT registered, and nothing here is proposed for registration","residual_cluster_deleted = predicted from a fit with this part's WHOLE PADDOCK removed"
"part_leverage_and_deleted_residual","cropping_era","1988-2013",61,"Dinan 11",,0.592241397897206,,,"61_inland","inland",-3.41519700433707,-3.46161936076446,0.00369636116051,"pixel","part (paddock x community)","pixel-weighted by the part's cell count","BETWEEN-UNIT (across parts)","zone_fid (paddock)","77e3ef0aecd1497c187d930959110d994081c800b510c78004514a007126494a","diagnostic - NOT registered, and nothing here is proposed for registration","residual_cluster_deleted = predicted from a fit with this part's WHOLE PADDOCK removed"
"part_leverage_and_deleted_residual","cropping_era","1988-2013",61,"Dinan 11",,0.592241397897206,,,"61_riverine","riverine",-7.08290135229922,-7.0913345740738,0.00909703860823644,"pixel","part (paddock x community)","pixel-weighted by the part's cell count","BETWEEN-UNIT (across parts)","zone_fid (paddock)","77e3ef0aecd1497c187d930959110d994081c800b510c78004514a007126494a","diagnostic - NOT registered, and nothing here is proposed for registration","residual_cluster_deleted = predicted from a fit with this part's WHOLE PADDOCK removed"
"part_leverage_and_deleted_residual","cropping_era","1988-2013",62,"Dinan 1",,0.592241397897206,,,"62_aeolian","aeolian",0.530322780306427,0.42961826951808,0.00569468234989171,"pixel","part (paddock x community)","pixel-weighted by the part's cell count","BETWEEN-UNIT (across parts)","zone_fid (paddock)","77e3ef0aecd1497c187d930959110d994081c800b510c78004514a007126494a","diagnostic - NOT registered, and nothing here is proposed for registration","residual_cluster_deleted = predicted from a fit with this part's WHOLE PADDOCK removed"
"part_leverage_and_deleted_residual","cropping_era","1988-2013",62,"Dinan 1",,0.592241397897206,,,"62_inland","inland",3.10756562051463,3.10732011658345,0.0126358429780937,"pixel","part (paddock x community)","pixel-weighted by the part's cell count","BETWEEN-UNIT (across parts)","zone_fid (paddock)","77e3ef0aecd1497c187d930959110d994081c800b510c78004514a007126494a","diagnostic - NOT registered, and nothing here is proposed for registration","residual_cluster_deleted = predicted from a fit with this part's WHOLE PADDOCK removed"
"part_leverage_and_deleted_residual","cropping_era","1988-2013",62,"Dinan 1",,0.592241397897206,,,"62_riverine","riverine",-25.8815192482565,-25.9663398058791,0.00479116491015919,"pixel","part (paddock x community)","pixel-weighted by the part's cell count","BETWEEN-UNIT (across parts)","zone_fid (paddock)","77e3ef0aecd1497c187d930959110d994081c800b510c78004514a007126494a","diagnostic - NOT registered, and nothing here is proposed for registration","residual_cluster_deleted = predicted from a fit with this part's WHOLE PADDOCK removed"
"part_leverage_and_deleted_residual","cropping_era","1988-2013",63,"Dinan 4",,0.592241397897206,,,"63_aeolian","aeolian",6.38871501742661,6.23102944397962,0.000314704163598624,"pixel","part (paddock x community)","pixel-weighted by the part's cell count","BETWEEN-UNIT (across parts)","zone_fid (paddock)","77e3ef0aecd1497c187d930959110d994081c800b510c78004514a007126494a","diagnostic - NOT registered, and nothing here is proposed for registration","residual_cluster_deleted = predicted from a fit with this part's WHOLE PADDOCK removed"
"part_leverage_and_deleted_residual","cropping_era","1988-2013",63,"Dinan 4",,0.592241397897206,,,"63_inland","inland",-0.502188720225021,-0.530253575401431,0.00985430132805764,"pixel","part (paddock x community)","pixel-weighted by the part's cell count","BETWEEN-UNIT (across parts)","zone_fid (paddock)","77e3ef0aecd1497c187d930959110d994081c800b510c78004514a007126494a","diagnostic - NOT registered, and nothing here is proposed for registration","residual_cluster_deleted = predicted from a fit with this part's WHOLE PADDOCK removed"
"part_leverage_and_deleted_residual","cropping_era","1988-2013",63,"Dinan 4",,0.592241397897206,,,"63_riverine","riverine",-9.67399727650989,-9.8155212207411,0.0143826602111557,"pixel","part (paddock x community)","pixel-weighted by the part's cell count","BETWEEN-UNIT (across parts)","zone_fid (paddock)","77e3ef0aecd1497c187d930959110d994081c800b510c78004514a007126494a","diagnostic - NOT registered, and nothing here is proposed for registration","residual_cluster_deleted = predicted from a fit with this part's WHOLE PADDOCK removed"
"part_leverage_and_deleted_residual","cropping_era","1988-2013",64,"Dinan 5",,0.592241397897206,,,"64_inland","inland",-1.2916817058975,-1.29955999749461,0.0070354944000321,"pixel","part (paddock x community)","pixel-weighted by the part's cell count","BETWEEN-UNIT (across parts)","zone_fid (paddock)","77e3ef0aecd1497c187d930959110d994081c800b510c78004514a007126494a","diagnostic - NOT registered, and nothing here is proposed for registration","residual_cluster_deleted = predicted from a fit with this part's WHOLE PADDOCK removed"
"part_leverage_and_deleted_residual","cropping_era","1988-2013",64,"Dinan 5",,0.592241397897206,,,"64_riverine","riverine",0.445663736514717,0.440841779638944,0.00349612939265337,"pixel","part (paddock x community)","pixel-weighted by the part's cell count","BETWEEN-UNIT (across parts)","zone_fid (paddock)","77e3ef0aecd1497c187d930959110d994081c800b510c78004514a007126494a","diagnostic - NOT registered, and nothing here is proposed for registration","residual_cluster_deleted = predicted from a fit with this part's WHOLE PADDOCK removed"
"drop_one_cluster","post_management","2018-2022",1,"Bala 26ca",2,0.324225093305476,0.336835790986314,0.0126106976808386,,,,,,"pixel","part (paddock x community)","pixel-weighted by the part's cell count","BETWEEN-UNIT (across parts)","zone_fid (paddock)","77e3ef0aecd1497c187d930959110d994081c800b510c78004514a007126494a","diagnostic - NOT registered, and nothing here is proposed for registration","the whole paddock is removed and the slope refitted"
"drop_one_cluster","post_management","2018-2022",2,"Bala 27ca",1,0.324225093305476,0.324789169343245,0.000564076037769479,,,,,,"pixel","part (paddock x community)","pixel-weighted by the part's cell count","BETWEEN-UNIT (across parts)","zone_fid (paddock)","77e3ef0aecd1497c187d930959110d994081c800b510c78004514a007126494a","diagnostic - NOT registered, and nothing here is proposed for registration","the whole paddock is removed and the slope refitted"
"drop_one_cluster","post_management","2018-2022",3,"Bala 28ca",2,0.324225093305476,0.324732327441212,0.000507234135736057,,,,,,"pixel","part (paddock x community)","pixel-weighted by the part's cell count","BETWEEN-UNIT (across parts)","zone_fid (paddock)","77e3ef0aecd1497c187d930959110d994081c800b510c78004514a007126494a","diagnostic - NOT registered, and nothing here is proposed for registration","the whole paddock is removed and the slope refitted"
"drop_one_cluster","post_management","2018-2022",4,"Bala 29ca",3,0.324225093305476,0.279536302086984,-0.0446887912184915,,,,,,"pixel","part (paddock x community)","pixel-weighted by the part's cell count","BETWEEN-UNIT (across parts)","zone_fid (paddock)","77e3ef0aecd1497c187d930959110d994081c800b510c78004514a007126494a","diagnostic - NOT registered, and nothing here is proposed for registration","the whole paddock is removed and the slope refitted"
"drop_one_cluster","post_management","2018-2022",5,"Bala 1",2,0.324225093305476,0.326568466856347,0.00234337355087078,,,,,,"pixel","part (paddock x community)","pixel-weighted by the part's cell count","BETWEEN-UNIT (across parts)","zone_fid (paddock)","77e3ef0aecd1497c187d930959110d994081c800b510c78004514a007126494a","diagnostic - NOT registered, and nothing here is proposed for registration","the whole paddock is removed and the slope refitted"
"drop_one_cluster","post_management","2018-2022",6,"Bala 2",2,0.324225093305476,0.34756143538902,0.0233363420835444,,,,,,"pixel","part (paddock x community)","pixel-weighted by the part's cell count","BETWEEN-UNIT (across parts)","zone_fid (paddock)","77e3ef0aecd1497c187d930959110d994081c800b510c78004514a007126494a","diagnostic - NOT registered, and nothing here is proposed for registration","the whole paddock is removed and the slope refitted"
"drop_one_cluster","post_management","2018-2022",7,"Bala 3",1,0.324225093305476,0.326677310944825,0.00245221763934922,,,,,,"pixel","part (paddock x community)","pixel-weighted by the part's cell count","BETWEEN-UNIT (across parts)","zone_fid (paddock)","77e3ef0aecd1497c187d930959110d994081c800b510c78004514a007126494a","diagnostic - NOT registered, and nothing here is proposed for registration","the whole paddock is removed and the slope refitted"
"drop_one_cluster","post_management","2018-2022",8,"Bala 4",1,0.324225093305476,0.326370960129885,0.00214586682440931,,,,,,"pixel","part (paddock x community)","pixel-weighted by the part's cell count","BETWEEN-UNIT (across parts)","zone_fid (paddock)","77e3ef0aecd1497c187d930959110d994081c800b510c78004514a007126494a","diagnostic - NOT registered, and nothing here is proposed for registration","the whole paddock is removed and the slope refitted"
"drop_one_cluster","post_management","2018-2022",9,"Bala 5",2,0.324225093305476,0.337660175678704,0.0134350823732277,,,,,,"pixel","part (paddock x community)","pixel-weighted by the part's cell count","BETWEEN-UNIT (across parts)","zone_fid (paddock)","77e3ef0aecd1497c187d930959110d994081c800b510c78004514a007126494a","diagnostic - NOT registered, and nothing here is proposed for registration","the whole paddock is removed and the slope refitted"
"drop_one_cluster","post_management","2018-2022",10,"Bala 6",2,0.324225093305476,0.373195635624494,0.0489705423190185,,,,,,"pixel","part (paddock x community)","pixel-weighted by the part's cell count","BETWEEN-UNIT (across parts)","zone_fid (paddock)","77e3ef0aecd1497c187d930959110d994081c800b510c78004514a007126494a","diagnostic - NOT registered, and nothing here is proposed for registration","the whole paddock is removed and the slope refitted"
"drop_one_cluster","post_management","2018-2022",11,"Bala 9",1,0.324225093305476,0.324271246790274,4.61534847979728e-05,,,,,,"pixel","part (paddock x community)","pixel-weighted by the part's cell count","BETWEEN-UNIT (across parts)","zone_fid (paddock)","77e3ef0aecd1497c187d930959110d994081c800b510c78004514a007126494a","diagnostic - NOT registered, and nothing here is proposed for registration","the whole paddock is removed and the slope refitted"
"drop_one_cluster","post_management","2018-2022",12,"Bala 12",2,0.324225093305476,0.327451608220016,0.00322651491453996,,,,,,"pixel","part (paddock x community)","pixel-weighted by the part's cell count","BETWEEN-UNIT (across parts)","zone_fid (paddock)","77e3ef0aecd1497c187d930959110d994081c800b510c78004514a007126494a","diagnostic - NOT registered, and nothing here is proposed for registration","the whole paddock is removed and the slope refitted"
"drop_one_cluster","post_management","2018-2022",13,"Bala 13",1,0.324225093305476,0.322944250525476,-0.00128084277999946,,,,,,"pixel","part (paddock x community)","pixel-weighted by the part's cell count","BETWEEN-UNIT (across parts)","zone_fid (paddock)","77e3ef0aecd1497c187d930959110d994081c800b510c78004514a007126494a","diagnostic - NOT registered, and nothing here is proposed for registration","the whole paddock is removed and the slope refitted"
"drop_one_cluster","post_management","2018-2022",14,"Bala 15",1,0.324225093305476,0.322785030539313,-0.00144006276616265,,,,,,"pixel","part (paddock x community)","pixel-weighted by the part's cell count","BETWEEN-UNIT (across parts)","zone_fid (paddock)","77e3ef0aecd1497c187d930959110d994081c800b510c78004514a007126494a","diagnostic - NOT registered, and nothing here is proposed for registration","the whole paddock is removed and the slope refitted"
"drop_one_cluster","post_management","2018-2022",15,"Bala 17",1,0.324225093305476,0.323922523269666,-0.000302570035810357,,,,,,"pixel","part (paddock x community)","pixel-weighted by the part's cell count","BETWEEN-UNIT (across parts)","zone_fid (paddock)","77e3ef0aecd1497c187d930959110d994081c800b510c78004514a007126494a","diagnostic - NOT registered, and nothing here is proposed for registration","the whole paddock is removed and the slope refitted"
"drop_one_cluster","post_management","2018-2022",16,"Bala 18",2,0.324225093305476,0.319605776348439,-0.00461931695703721,,,,,,"pixel","part (paddock x community)","pixel-weighted by the part's cell count","BETWEEN-UNIT (across parts)","zone_fid (paddock)","77e3ef0aecd1497c187d930959110d994081c800b510c78004514a007126494a","diagnostic - NOT registered, and nothing here is proposed for registration","the whole paddock is removed and the slope refitted"
"drop_one_cluster","post_management","2018-2022",17,"Bala 19",1,0.324225093305476,0.323440324107952,-0.000784769197523516,,,,,,"pixel","part (paddock x community)","pixel-weighted by the part's cell count","BETWEEN-UNIT (across parts)","zone_fid (paddock)","77e3ef0aecd1497c187d930959110d994081c800b510c78004514a007126494a","diagnostic - NOT registered, and nothing here is proposed for registration","the whole paddock is removed and the slope refitted"
"drop_one_cluster","post_management","2018-2022",18,"Bala 20",3,0.324225093305476,0.322716786551293,-0.00150830675418262,,,,,,"pixel","part (paddock x community)","pixel-weighted by the part's cell count","BETWEEN-UNIT (across parts)","zone_fid (paddock)","77e3ef0aecd1497c187d930959110d994081c800b510c78004514a007126494a","diagnostic - NOT registered, and nothing here is proposed for registration","the whole paddock is removed and the slope refitted"
"drop_one_cluster","post_management","2018-2022",19,"Bala 21",1,0.324225093305476,0.323819438899126,-0.000405654406349598,,,,,,"pixel","part (paddock x community)","pixel-weighted by the part's cell count","BETWEEN-UNIT (across parts)","zone_fid (paddock)","77e3ef0aecd1497c187d930959110d994081c800b510c78004514a007126494a","diagnostic - NOT registered, and nothing here is proposed for registration","the whole paddock is removed and the slope refitted"
"drop_one_cluster","post_management","2018-2022",20,"Bala 22",1,0.324225093305476,0.317196181954862,-0.00702891135061429,,,,,,"pixel","part (paddock x community)","pixel-weighted by the part's cell count","BETWEEN-UNIT (across parts)","zone_fid (paddock)","77e3ef0aecd1497c187d930959110d994081c800b510c78004514a007126494a","diagnostic - NOT registered, and nothing here is proposed for registration","the whole paddock is removed and the slope refitted"
"drop_one_cluster","post_management","2018-2022",21,"Bala 23",2,0.324225093305476,0.331057617267434,0.00683252396195771,,,,,,"pixel","part (paddock x community)","pixel-weighted by the part's cell count","BETWEEN-UNIT (across parts)","zone_fid (paddock)","77e3ef0aecd1497c187d930959110d994081c800b510c78004514a007126494a","diagnostic - NOT registered, and nothing here is proposed for registration","the whole paddock is removed and the slope refitted"
"drop_one_cluster","post_management","2018-2022",22,"Bala 24",1,0.324225093305476,0.324487862366004,0.000262769060527746,,,,,,"pixel","part (paddock x community)","pixel-weighted by the part's cell count","BETWEEN-UNIT (across parts)","zone_fid (paddock)","77e3ef0aecd1497c187d930959110d994081c800b510c78004514a007126494a","diagnostic - NOT registered, and nothing here is proposed for registration","the whole paddock is removed and the slope refitted"
"drop_one_cluster","post_management","2018-2022",23,"Bala 25",1,0.324225093305476,0.327384002915409,0.00315890960993359,,,,,,"pixel","part (paddock x community)","pixel-weighted by the part's cell count","BETWEEN-UNIT (across parts)","zone_fid (paddock)","77e3ef0aecd1497c187d930959110d994081c800b510c78004514a007126494a","diagnostic - NOT registered, and nothing here is proposed for registration","the whole paddock is removed and the slope refitted"
"drop_one_cluster","post_management","2018-2022",24,"Bala 7/10",2,0.324225093305476,0.323809460418185,-0.000415632887291073,,,,,,"pixel","part (paddock x community)","pixel-weighted by the part's cell count","BETWEEN-UNIT (across parts)","zone_fid (paddock)","77e3ef0aecd1497c187d930959110d994081c800b510c78004514a007126494a","diagnostic - NOT registered, and nothing here is proposed for registration","the whole paddock is removed and the slope refitted"
"drop_one_cluster","post_management","2018-2022",25,"Bala 8/11",2,0.324225093305476,0.323641613534736,-0.000583479770740358,,,,,,"pixel","part (paddock x community)","pixel-weighted by the part's cell count","BETWEEN-UNIT (across parts)","zone_fid (paddock)","77e3ef0aecd1497c187d930959110d994081c800b510c78004514a007126494a","diagnostic - NOT registered, and nothing here is proposed for registration","the whole paddock is removed and the slope refitted"
"drop_one_cluster","post_management","2018-2022",26,"Bala 14/16",2,0.324225093305476,0.321493735498307,-0.00273135780716882,,,,,,"pixel","part (paddock x community)","pixel-weighted by the part's cell count","BETWEEN-UNIT (across parts)","zone_fid (paddock)","77e3ef0aecd1497c187d930959110d994081c800b510c78004514a007126494a","diagnostic - NOT registered, and nothing here is proposed for registration","the whole paddock is removed and the slope refitted"
"drop_one_cluster","post_management","2018-2022",27,"Mara 1",2,0.324225093305476,0.324617799090315,0.000392705784839353,,,,,,"pixel","part (paddock x community)","pixel-weighted by the part's cell count","BETWEEN-UNIT (across parts)","zone_fid (paddock)","77e3ef0aecd1497c187d930959110d994081c800b510c78004514a007126494a","diagnostic - NOT registered, and nothing here is proposed for registration","the whole paddock is removed and the slope refitted"
"drop_one_cluster","post_management","2018-2022",28,"Mara 2",2,0.324225093305476,0.323454986440977,-0.000770106864498687,,,,,,"pixel","part (paddock x community)","pixel-weighted by the part's cell count","BETWEEN-UNIT (across parts)","zone_fid (paddock)","77e3ef0aecd1497c187d930959110d994081c800b510c78004514a007126494a","diagnostic - NOT registered, and nothing here is proposed for registration","the whole paddock is removed and the slope refitted"
"drop_one_cluster","post_management","2018-2022",29,"Mara 3",1,0.324225093305476,0.323923613277259,-0.000301480028216561,,,,,,"pixel","part (paddock x community)","pixel-weighted by the part's cell count","BETWEEN-UNIT (across parts)","zone_fid (paddock)","77e3ef0aecd1497c187d930959110d994081c800b510c78004514a007126494a","diagnostic - NOT registered, and nothing here is proposed for registration","the whole paddock is removed and the slope refitted"
"drop_one_cluster","post_management","2018-2022",30,"Mara 10",1,0.324225093305476,0.324079419427298,-0.000145673878177988,,,,,,"pixel","part (paddock x community)","pixel-weighted by the part's cell count","BETWEEN-UNIT (across parts)","zone_fid (paddock)","77e3ef0aecd1497c187d930959110d994081c800b510c78004514a007126494a","diagnostic - NOT registered, and nothing here is proposed for registration","the whole paddock is removed and the slope refitted"
"drop_one_cluster","post_management","2018-2022",31,"Mara 13",3,0.324225093305476,0.32448680571429,0.000261712408814396,,,,,,"pixel","part (paddock x community)","pixel-weighted by the part's cell count","BETWEEN-UNIT (across parts)","zone_fid (paddock)","77e3ef0aecd1497c187d930959110d994081c800b510c78004514a007126494a","diagnostic - NOT registered, and nothing here is proposed for registration","the whole paddock is removed and the slope refitted"
"drop_one_cluster","post_management","2018-2022",32,"Mara 12",2,0.324225093305476,0.323340436503068,-0.000884656802407457,,,,,,"pixel","part (paddock x community)","pixel-weighted by the part's cell count","BETWEEN-UNIT (across parts)","zone_fid (paddock)","77e3ef0aecd1497c187d930959110d994081c800b510c78004514a007126494a","diagnostic - NOT registered, and nothing here is proposed for registration","the whole paddock is removed and the slope refitted"
"drop_one_cluster","post_management","2018-2022",33,"Mara 14",1,0.324225093305476,0.321676161980567,-0.00254893132490847,,,,,,"pixel","part (paddock x community)","pixel-weighted by the part's cell count","BETWEEN-UNIT (across parts)","zone_fid (paddock)","77e3ef0aecd1497c187d930959110d994081c800b510c78004514a007126494a","diagnostic - NOT registered, and nothing here is proposed for registration","the whole paddock is removed and the slope refitted"
"drop_one_cluster","post_management","2018-2022",34,"Mara 5",1,0.324225093305476,0.32183814764077,-0.00238694566470637,,,,,,"pixel","part (paddock x community)","pixel-weighted by the part's cell count","BETWEEN-UNIT (across parts)","zone_fid (paddock)","77e3ef0aecd1497c187d930959110d994081c800b510c78004514a007126494a","diagnostic - NOT registered, and nothing here is proposed for registration","the whole paddock is removed and the slope refitted"
"drop_one_cluster","post_management","2018-2022",35,"Mara 9",1,0.324225093305476,0.323579418969404,-0.000645674336071766,,,,,,"pixel","part (paddock x community)","pixel-weighted by the part's cell count","BETWEEN-UNIT (across parts)","zone_fid (paddock)","77e3ef0aecd1497c187d930959110d994081c800b510c78004514a007126494a","diagnostic - NOT registered, and nothing here is proposed for registration","the whole paddock is removed and the slope refitted"
"drop_one_cluster","post_management","2018-2022",36,"Mara 6",1,0.324225093305476,0.318946720766105,-0.0052783725393708,,,,,,"pixel","part (paddock x community)","pixel-weighted by the part's cell count","BETWEEN-UNIT (across parts)","zone_fid (paddock)","77e3ef0aecd1497c187d930959110d994081c800b510c78004514a007126494a","diagnostic - NOT registered, and nothing here is proposed for registration","the whole paddock is removed and the slope refitted"
"drop_one_cluster","post_management","2018-2022",37,"Mara 7",3,0.324225093305476,0.322051036584889,-0.00217405672058679,,,,,,"pixel","part (paddock x community)","pixel-weighted by the part's cell count","BETWEEN-UNIT (across parts)","zone_fid (paddock)","77e3ef0aecd1497c187d930959110d994081c800b510c78004514a007126494a","diagnostic - NOT registered, and nothing here is proposed for registration","the whole paddock is removed and the slope refitted"
"drop_one_cluster","post_management","2018-2022",38,"Mara 8",3,0.324225093305476,0.326944558259898,0.00271946495442205,,,,,,"pixel","part (paddock x community)","pixel-weighted by the part's cell count","BETWEEN-UNIT (across parts)","zone_fid (paddock)","77e3ef0aecd1497c187d930959110d994081c800b510c78004514a007126494a","diagnostic - NOT registered, and nothing here is proposed for registration","the whole paddock is removed and the slope refitted"
"drop_one_cluster","post_management","2018-2022",39,"Mara 11",2,0.324225093305476,0.321707031508028,-0.0025180617974474,,,,,,"pixel","part (paddock x community)","pixel-weighted by the part's cell count","BETWEEN-UNIT (across parts)","zone_fid (paddock)","77e3ef0aecd1497c187d930959110d994081c800b510c78004514a007126494a","diagnostic - NOT registered, and nothing here is proposed for registration","the whole paddock is removed and the slope refitted"
"drop_one_cluster","post_management","2018-2022",40,"Mara 15",1,0.324225093305476,0.323164696648647,-0.00106039665682917,,,,,,"pixel","part (paddock x community)","pixel-weighted by the part's cell count","BETWEEN-UNIT (across parts)","zone_fid (paddock)","77e3ef0aecd1497c187d930959110d994081c800b510c78004514a007126494a","diagnostic - NOT registered, and nothing here is proposed for registration","the whole paddock is removed and the slope refitted"
"drop_one_cluster","post_management","2018-2022",41,"Mara 16",1,0.324225093305476,0.320919685303426,-0.00330540800204993,,,,,,"pixel","part (paddock x community)","pixel-weighted by the part's cell count","BETWEEN-UNIT (across parts)","zone_fid (paddock)","77e3ef0aecd1497c187d930959110d994081c800b510c78004514a007126494a","diagnostic - NOT registered, and nothing here is proposed for registration","the whole paddock is removed and the slope refitted"
"drop_one_cluster","post_management","2018-2022",42,"Mara 17",1,0.324225093305476,0.324855232983579,0.000630139678103103,,,,,,"pixel","part (paddock x community)","pixel-weighted by the part's cell count","BETWEEN-UNIT (across parts)","zone_fid (paddock)","77e3ef0aecd1497c187d930959110d994081c800b510c78004514a007126494a","diagnostic - NOT registered, and nothing here is proposed for registration","the whole paddock is removed and the slope refitted"
"drop_one_cluster","post_management","2018-2022",43,"Mara 18",1,0.324225093305476,0.324192175164221,-3.2918141254612e-05,,,,,,"pixel","part (paddock x community)","pixel-weighted by the part's cell count","BETWEEN-UNIT (across parts)","zone_fid (paddock)","77e3ef0aecd1497c187d930959110d994081c800b510c78004514a007126494a","diagnostic - NOT registered, and nothing here is proposed for registration","the whole paddock is removed and the slope refitted"
"drop_one_cluster","post_management","2018-2022",44,"Mara 19",1,0.324225093305476,0.321363890124035,-0.00286120318144084,,,,,,"pixel","part (paddock x community)","pixel-weighted by the part's cell count","BETWEEN-UNIT (across parts)","zone_fid (paddock)","77e3ef0aecd1497c187d930959110d994081c800b510c78004514a007126494a","diagnostic - NOT registered, and nothing here is proposed for registration","the whole paddock is removed and the slope refitted"
"drop_one_cluster","post_management","2018-2022",45,"Mara 21",2,0.324225093305476,0.332904547195214,0.00867945388973856,,,,,,"pixel","part (paddock x community)","pixel-weighted by the part's cell count","BETWEEN-UNIT (across parts)","zone_fid (paddock)","77e3ef0aecd1497c187d930959110d994081c800b510c78004514a007126494a","diagnostic - NOT registered, and nothing here is proposed for registration","the whole paddock is removed and the slope refitted"
"drop_one_cluster","post_management","2018-2022",46,"Mara 20",1,0.324225093305476,0.323932829967952,-0.00029226333752419,,,,,,"pixel","part (paddock x community)","pixel-weighted by the part's cell count","BETWEEN-UNIT (across parts)","zone_fid (paddock)","77e3ef0aecd1497c187d930959110d994081c800b510c78004514a007126494a","diagnostic - NOT registered, and nothing here is proposed for registration","the whole paddock is removed and the slope refitted"
"drop_one_cluster","post_management","2018-2022",47,"Mara 22",1,0.324225093305476,0.325611135615799,0.00138604231032302,,,,,,"pixel","part (paddock x community)","pixel-weighted by the part's cell count","BETWEEN-UNIT (across parts)","zone_fid (paddock)","77e3ef0aecd1497c187d930959110d994081c800b510c78004514a007126494a","diagnostic - NOT registered, and nothing here is proposed for registration","the whole paddock is removed and the slope refitted"
"drop_one_cluster","post_management","2018-2022",48,"Mara 4",3,0.324225093305476,0.324124074509333,-0.000101018796142549,,,,,,"pixel","part (paddock x community)","pixel-weighted by the part's cell count","BETWEEN-UNIT (across parts)","zone_fid (paddock)","77e3ef0aecd1497c187d930959110d994081c800b510c78004514a007126494a","diagnostic - NOT registered, and nothing here is proposed for registration","the whole paddock is removed and the slope refitted"
"drop_one_cluster","post_management","2018-2022",49,"Mara 5a",1,0.324225093305476,0.323215639714439,-0.00100945359103732,,,,,,"pixel","part (paddock x community)","pixel-weighted by the part's cell count","BETWEEN-UNIT (across parts)","zone_fid (paddock)","77e3ef0aecd1497c187d930959110d994081c800b510c78004514a007126494a","diagnostic - NOT registered, and nothing here is proposed for registration","the whole paddock is removed and the slope refitted"
"drop_one_cluster","post_management","2018-2022",50,"Mara 22a",1,0.324225093305476,0.324210275034918,-1.48182705577704e-05,,,,,,"pixel","part (paddock x community)","pixel-weighted by the part's cell count","BETWEEN-UNIT (across parts)","zone_fid (paddock)","77e3ef0aecd1497c187d930959110d994081c800b510c78004514a007126494a","diagnostic - NOT registered, and nothing here is proposed for registration","the whole paddock is removed and the slope refitted"
"drop_one_cluster","post_management","2018-2022",51,"Dinan 3",3,0.324225093305476,0.327446109152074,0.00322101584659834,,,,,,"pixel","part (paddock x community)","pixel-weighted by the part's cell count","BETWEEN-UNIT (across parts)","zone_fid (paddock)","77e3ef0aecd1497c187d930959110d994081c800b510c78004514a007126494a","diagnostic - NOT registered, and nothing here is proposed for registration","the whole paddock is removed and the slope refitted"
"drop_one_cluster","post_management","2018-2022",52,"Dinan 2",2,0.324225093305476,0.322608425614507,-0.00161666769096935,,,,,,"pixel","part (paddock x community)","pixel-weighted by the part's cell count","BETWEEN-UNIT (across parts)","zone_fid (paddock)","77e3ef0aecd1497c187d930959110d994081c800b510c78004514a007126494a","diagnostic - NOT registered, and nothing here is proposed for registration","the whole paddock is removed and the slope refitted"
"drop_one_cluster","post_management","2018-2022",53,"Dinan 6",2,0.324225093305476,0.322345780848622,-0.00187931245685408,,,,,,"pixel","part (paddock x community)","pixel-weighted by the part's cell count","BETWEEN-UNIT (across parts)","zone_fid (paddock)","77e3ef0aecd1497c187d930959110d994081c800b510c78004514a007126494a","diagnostic - NOT registered, and nothing here is proposed for registration","the whole paddock is removed and the slope refitted"
"drop_one_cluster","post_management","2018-2022",54,"Dinan 7",2,0.324225093305476,0.316309003223961,-0.00791609008151456,,,,,,"pixel","part (paddock x community)","pixel-weighted by the part's cell count","BETWEEN-UNIT (across parts)","zone_fid (paddock)","77e3ef0aecd1497c187d930959110d994081c800b510c78004514a007126494a","diagnostic - NOT registered, and nothing here is proposed for registration","the whole paddock is removed and the slope refitted"
"drop_one_cluster","post_management","2018-2022",55,"Dinan 8",3,0.324225093305476,0.305088327095753,-0.0191367662097226,,,,,,"pixel","part (paddock x community)","pixel-weighted by the part's cell count","BETWEEN-UNIT (across parts)","zone_fid (paddock)","77e3ef0aecd1497c187d930959110d994081c800b510c78004514a007126494a","diagnostic - NOT registered, and nothing here is proposed for registration","the whole paddock is removed and the slope refitted"
"drop_one_cluster","post_management","2018-2022",56,"Dinan 9",3,0.324225093305476,0.312132710285477,-0.0120923830199993,,,,,,"pixel","part (paddock x community)","pixel-weighted by the part's cell count","BETWEEN-UNIT (across parts)","zone_fid (paddock)","77e3ef0aecd1497c187d930959110d994081c800b510c78004514a007126494a","diagnostic - NOT registered, and nothing here is proposed for registration","the whole paddock is removed and the slope refitted"
"drop_one_cluster","post_management","2018-2022",57,"Dinan 10",3,0.324225093305476,0.310762491023925,-0.0134626022815506,,,,,,"pixel","part (paddock x community)","pixel-weighted by the part's cell count","BETWEEN-UNIT (across parts)","zone_fid (paddock)","77e3ef0aecd1497c187d930959110d994081c800b510c78004514a007126494a","diagnostic - NOT registered, and nothing here is proposed for registration","the whole paddock is removed and the slope refitted"
"drop_one_cluster","post_management","2018-2022",58,"Dinan 13",3,0.324225093305476,0.32516599635564,0.000940903050164366,,,,,,"pixel","part (paddock x community)","pixel-weighted by the part's cell count","BETWEEN-UNIT (across parts)","zone_fid (paddock)","77e3ef0aecd1497c187d930959110d994081c800b510c78004514a007126494a","diagnostic - NOT registered, and nothing here is proposed for registration","the whole paddock is removed and the slope refitted"
"drop_one_cluster","post_management","2018-2022",59,"Dinan 12",2,0.324225093305476,0.332336272808335,0.00811117950285939,,,,,,"pixel","part (paddock x community)","pixel-weighted by the part's cell count","BETWEEN-UNIT (across parts)","zone_fid (paddock)","77e3ef0aecd1497c187d930959110d994081c800b510c78004514a007126494a","diagnostic - NOT registered, and nothing here is proposed for registration","the whole paddock is removed and the slope refitted"
"drop_one_cluster","post_management","2018-2022",60,"Dinan 14",2,0.324225093305476,0.331003017047943,0.00677792374246711,,,,,,"pixel","part (paddock x community)","pixel-weighted by the part's cell count","BETWEEN-UNIT (across parts)","zone_fid (paddock)","77e3ef0aecd1497c187d930959110d994081c800b510c78004514a007126494a","diagnostic - NOT registered, and nothing here is proposed for registration","the whole paddock is removed and the slope refitted"
"drop_one_cluster","post_management","2018-2022",61,"Dinan 11",3,0.324225093305476,0.328328000486142,0.00410290718066625,,,,,,"pixel","part (paddock x community)","pixel-weighted by the part's cell count","BETWEEN-UNIT (across parts)","zone_fid (paddock)","77e3ef0aecd1497c187d930959110d994081c800b510c78004514a007126494a","diagnostic - NOT registered, and nothing here is proposed for registration","the whole paddock is removed and the slope refitted"
"drop_one_cluster","post_management","2018-2022",62,"Dinan 1",3,0.324225093305476,0.323185695704759,-0.00103939760071653,,,,,,"pixel","part (paddock x community)","pixel-weighted by the part's cell count","BETWEEN-UNIT (across parts)","zone_fid (paddock)","77e3ef0aecd1497c187d930959110d994081c800b510c78004514a007126494a","diagnostic - NOT registered, and nothing here is proposed for registration","the whole paddock is removed and the slope refitted"
"drop_one_cluster","post_management","2018-2022",63,"Dinan 4",3,0.324225093305476,0.317561271398346,-0.00666382190713022,,,,,,"pixel","part (paddock x community)","pixel-weighted by the part's cell count","BETWEEN-UNIT (across parts)","zone_fid (paddock)","77e3ef0aecd1497c187d930959110d994081c800b510c78004514a007126494a","diagnostic - NOT registered, and nothing here is proposed for registration","the whole paddock is removed and the slope refitted"
"drop_one_cluster","post_management","2018-2022",64,"Dinan 5",2,0.324225093305476,0.324496276487233,0.000271183181757395,,,,,,"pixel","part (paddock x community)","pixel-weighted by the part's cell count","BETWEEN-UNIT (across parts)","zone_fid (paddock)","77e3ef0aecd1497c187d930959110d994081c800b510c78004514a007126494a","diagnostic - NOT registered, and nothing here is proposed for registration","the whole paddock is removed and the slope refitted"
"part_leverage_and_deleted_residual","post_management","2018-2022",1,"Bala 26ca",,0.324225093305476,,,"01_inland","inland",-4.06460064100268,-4.544589300477,0.105805752586954,"pixel","part (paddock x community)","pixel-weighted by the part's cell count","BETWEEN-UNIT (across parts)","zone_fid (paddock)","77e3ef0aecd1497c187d930959110d994081c800b510c78004514a007126494a","diagnostic - NOT registered, and nothing here is proposed for registration","residual_cluster_deleted = predicted from a fit with this part's WHOLE PADDOCK removed"
"part_leverage_and_deleted_residual","post_management","2018-2022",1,"Bala 26ca",,0.324225093305476,,,"01_riverine","riverine",-10.1578371837379,-10.152661533328,0.00141061656136012,"pixel","part (paddock x community)","pixel-weighted by the part's cell count","BETWEEN-UNIT (across parts)","zone_fid (paddock)","77e3ef0aecd1497c187d930959110d994081c800b510c78004514a007126494a","diagnostic - NOT registered, and nothing here is proposed for registration","residual_cluster_deleted = predicted from a fit with this part's WHOLE PADDOCK removed"
"part_leverage_and_deleted_residual","post_management","2018-2022",2,"Bala 27ca",,0.324225093305476,,,"02_inland","inland",-1.09017492354992,-1.12708585443455,0.0327489966619749,"pixel","part (paddock x community)","pixel-weighted by the part's cell count","BETWEEN-UNIT (across parts)","zone_fid (paddock)","77e3ef0aecd1497c187d930959110d994081c800b510c78004514a007126494a","diagnostic - NOT registered, and nothing here is proposed for registration","residual_cluster_deleted = predicted from a fit with this part's WHOLE PADDOCK removed"
"part_leverage_and_deleted_residual","post_management","2018-2022",3,"Bala 28ca",,0.324225093305476,,,"03_inland","inland",-0.236688272978924,-0.24812444684072,0.048067018952182,"pixel","part (paddock x community)","pixel-weighted by the part's cell count","BETWEEN-UNIT (across parts)","zone_fid (paddock)","77e3ef0aecd1497c187d930959110d994081c800b510c78004514a007126494a","diagnostic - NOT registered, and nothing here is proposed for registration","residual_cluster_deleted = predicted from a fit with this part's WHOLE PADDOCK removed"
"part_leverage_and_deleted_residual","post_management","2018-2022",3,"Bala 28ca",,0.324225093305476,,,"03_riverine","riverine",0.810911293515559,0.816617543637008,0.00788783231333222,"pixel","part (paddock x community)","pixel-weighted by the part's cell count","BETWEEN-UNIT (across parts)","zone_fid (paddock)","77e3ef0aecd1497c187d930959110d994081c800b510c78004514a007126494a","diagnostic - NOT registered, and nothing here is proposed for registration","residual_cluster_deleted = predicted from a fit with this part's WHOLE PADDOCK removed"
"part_leverage_and_deleted_residual","post_management","2018-2022",4,"Bala 29ca",,0.324225093305476,,,"04_aeolian","aeolian",-16.9682826226306,-18.9390053658171,0.0604448768928226,"pixel","part (paddock x community)","pixel-weighted by the part's cell count","BETWEEN-UNIT (across parts)","zone_fid (paddock)","77e3ef0aecd1497c187d930959110d994081c800b510c78004514a007126494a","diagnostic - NOT registered, and nothing here is proposed for registration","residual_cluster_deleted = predicted from a fit with this part's WHOLE PADDOCK removed"
"part_leverage_and_deleted_residual","post_management","2018-2022",4,"Bala 29ca",,0.324225093305476,,,"04_inland","inland",-0.446204853817427,-1.47991089825102,0.0213751547169493,"pixel","part (paddock x community)","pixel-weighted by the part's cell count","BETWEEN-UNIT (across parts)","zone_fid (paddock)","77e3ef0aecd1497c187d930959110d994081c800b510c78004514a007126494a","diagnostic - NOT registered, and nothing here is proposed for registration","residual_cluster_deleted = predicted from a fit with this part's WHOLE PADDOCK removed"
"part_leverage_and_deleted_residual","post_management","2018-2022",4,"Bala 29ca",,0.324225093305476,,,"04_riverine","riverine",-15.4861534737579,-16.9723862620524,0.0353133525336182,"pixel","part (paddock x community)","pixel-weighted by the part's cell count","BETWEEN-UNIT (across parts)","zone_fid (paddock)","77e3ef0aecd1497c187d930959110d994081c800b510c78004514a007126494a","diagnostic - NOT registered, and nothing here is proposed for registration","residual_cluster_deleted = predicted from a fit with this part's WHOLE PADDOCK removed"
"part_leverage_and_deleted_residual","post_management","2018-2022",5,"Bala 1",,0.324225093305476,,,"05_inland","inland",6.38967759680524,6.49236828226211,0.0149830804799094,"pixel","part (paddock x community)","pixel-weighted by the part's cell count","BETWEEN-UNIT (across parts)","zone_fid (paddock)","77e3ef0aecd1497c187d930959110d994081c800b510c78004514a007126494a","diagnostic - NOT registered, and nothing here is proposed for registration","residual_cluster_deleted = predicted from a fit with this part's WHOLE PADDOCK removed"
"part_leverage_and_deleted_residual","post_management","2018-2022",5,"Bala 1",,0.324225093305476,,,"05_riverine","riverine",7.57316357700985,7.72476604570245,0.00145425137675147,"pixel","part (paddock x community)","pixel-weighted by the part's cell count","BETWEEN-UNIT (across parts)","zone_fid (paddock)","77e3ef0aecd1497c187d930959110d994081c800b510c78004514a007126494a","diagnostic - NOT registered, and nothing here is proposed for registration","residual_cluster_deleted = predicted from a fit with this part's WHOLE PADDOCK removed"
"part_leverage_and_deleted_residual","post_management","2018-2022",6,"Bala 2",,0.324225093305476,,,"06_inland","inland",12.4339862065275,13.2656598491005,0.0577111081423862,"pixel","part (paddock x community)","pixel-weighted by the part's cell count","BETWEEN-UNIT (across parts)","zone_fid (paddock)","77e3ef0aecd1497c187d930959110d994081c800b510c78004514a007126494a","diagnostic - NOT registered, and nothing here is proposed for registration","residual_cluster_deleted = predicted from a fit with this part's WHOLE PADDOCK removed"
"part_leverage_and_deleted_residual","post_management","2018-2022",6,"Bala 2",,0.324225093305476,,,"06_riverine","riverine",11.4629472554442,12.4841017277452,0.00676275819097162,"pixel","part (paddock x community)","pixel-weighted by the part's cell count","BETWEEN-UNIT (across parts)","zone_fid (paddock)","77e3ef0aecd1497c187d930959110d994081c800b510c78004514a007126494a","diagnostic - NOT registered, and nothing here is proposed for registration","residual_cluster_deleted = predicted from a fit with this part's WHOLE PADDOCK removed"
"part_leverage_and_deleted_residual","post_management","2018-2022",7,"Bala 3",,0.324225093305476,,,"07_inland","inland",2.00033819675849,2.0905342582131,0.0431449812890125,"pixel","part (paddock x community)","pixel-weighted by the part's cell count","BETWEEN-UNIT (across parts)","zone_fid (paddock)","77e3ef0aecd1497c187d930959110d994081c800b510c78004514a007126494a","diagnostic - NOT registered, and nothing here is proposed for registration","residual_cluster_deleted = predicted from a fit with this part's WHOLE PADDOCK removed"
"part_leverage_and_deleted_residual","post_management","2018-2022",8,"Bala 4",,0.324225093305476,,,"08_inland","inland",11.1802237337088,11.2781453449379,0.00868242146507768,"pixel","part (paddock x community)","pixel-weighted by the part's cell count","BETWEEN-UNIT (across parts)","zone_fid (paddock)","77e3ef0aecd1497c187d930959110d994081c800b510c78004514a007126494a","diagnostic - NOT registered, and nothing here is proposed for registration","residual_cluster_deleted = predicted from a fit with this part's WHOLE PADDOCK removed"
"part_leverage_and_deleted_residual","post_management","2018-2022",9,"Bala 5",,0.324225093305476,,,"09_inland","inland",8.87937268619609,9.36473749607711,0.0462495339494986,"pixel","part (paddock x community)","pixel-weighted by the part's cell count","BETWEEN-UNIT (across parts)","zone_fid (paddock)","77e3ef0aecd1497c187d930959110d994081c800b510c78004514a007126494a","diagnostic - NOT registered, and nothing here is proposed for registration","residual_cluster_deleted = predicted from a fit with this part's WHOLE PADDOCK removed"
"part_leverage_and_deleted_residual","post_management","2018-2022",9,"Bala 5",,0.324225093305476,,,"09_riverine","riverine",9.91493847475467,10.4630609727159,0.00573696088585801,"pixel","part (paddock x community)","pixel-weighted by the part's cell count","BETWEEN-UNIT (across parts)","zone_fid (paddock)","77e3ef0aecd1497c187d930959110d994081c800b510c78004514a007126494a","diagnostic - NOT registered, and nothing here is proposed for registration","residual_cluster_deleted = predicted from a fit with this part's WHOLE PADDOCK removed"
"part_leverage_and_deleted_residual","post_management","2018-2022",10,"Bala 6",,0.324225093305476,,,"10_inland","inland",14.6686391560522,16.2172584849147,0.0487981648580932,"pixel","part (paddock x community)","pixel-weighted by the part's cell count","BETWEEN-UNIT (across parts)","zone_fid (paddock)","77e3ef0aecd1497c187d930959110d994081c800b510c78004514a007126494a","diagnostic - NOT registered, and nothing here is proposed for registration","residual_cluster_deleted = predicted from a fit with this part's WHOLE PADDOCK removed"
"part_leverage_and_deleted_residual","post_management","2018-2022",10,"Bala 6",,0.324225093305476,,,"10_riverine","riverine",13.0615718172332,15.3521164092675,0.07595297084454,"pixel","part (paddock x community)","pixel-weighted by the part's cell count","BETWEEN-UNIT (across parts)","zone_fid (paddock)","77e3ef0aecd1497c187d930959110d994081c800b510c78004514a007126494a","diagnostic - NOT registered, and nothing here is proposed for registration","residual_cluster_deleted = predicted from a fit with this part's WHOLE PADDOCK removed"
"part_leverage_and_deleted_residual","post_management","2018-2022",11,"Bala 9",,0.324225093305476,,,"11_inland","inland",0.196391619847269,0.198087884546368,0.00856319255977036,"pixel","part (paddock x community)","pixel-weighted by the part's cell count","BETWEEN-UNIT (across parts)","zone_fid (paddock)","77e3ef0aecd1497c187d930959110d994081c800b510c78004514a007126494a","diagnostic - NOT registered, and nothing here is proposed for registration","residual_cluster_deleted = predicted from a fit with this part's WHOLE PADDOCK removed"
"part_leverage_and_deleted_residual","post_management","2018-2022",12,"Bala 12",,0.324225093305476,,,"12_inland","inland",-4.50581197675781,-4.63894065887759,0.0273463095338519,"pixel","part (paddock x community)","pixel-weighted by the part's cell count","BETWEEN-UNIT (across parts)","zone_fid (paddock)","77e3ef0aecd1497c187d930959110d994081c800b510c78004514a007126494a","diagnostic - NOT registered, and nothing here is proposed for registration","residual_cluster_deleted = predicted from a fit with this part's WHOLE PADDOCK removed"
"part_leverage_and_deleted_residual","post_management","2018-2022",12,"Bala 12",,0.324225093305476,,,"12_riverine","riverine",-10.4906016004167,-10.5809514700118,0.000625364274111698,"pixel","part (paddock x community)","pixel-weighted by the part's cell count","BETWEEN-UNIT (across parts)","zone_fid (paddock)","77e3ef0aecd1497c187d930959110d994081c800b510c78004514a007126494a","diagnostic - NOT registered, and nothing here is proposed for registration","residual_cluster_deleted = predicted from a fit with this part's WHOLE PADDOCK removed"
"part_leverage_and_deleted_residual","post_management","2018-2022",13,"Bala 13",,0.324225093305476,,,"13_inland","inland",3.16293536540209,3.22493122989087,0.0192239338049018,"pixel","part (paddock x community)","pixel-weighted by the part's cell count","BETWEEN-UNIT (across parts)","zone_fid (paddock)","77e3ef0aecd1497c187d930959110d994081c800b510c78004514a007126494a","diagnostic - NOT registered, and nothing here is proposed for registration","residual_cluster_deleted = predicted from a fit with this part's WHOLE PADDOCK removed"
"part_leverage_and_deleted_residual","post_management","2018-2022",14,"Bala 15",,0.324225093305476,,,"14_inland","inland",-6.95855334778975,-7.04234097296354,0.0118976950271851,"pixel","part (paddock x community)","pixel-weighted by the part's cell count","BETWEEN-UNIT (across parts)","zone_fid (paddock)","77e3ef0aecd1497c187d930959110d994081c800b510c78004514a007126494a","diagnostic - NOT registered, and nothing here is proposed for registration","residual_cluster_deleted = predicted from a fit with this part's WHOLE PADDOCK removed"
"part_leverage_and_deleted_residual","post_management","2018-2022",15,"Bala 17",,0.324225093305476,,,"15_inland","inland",5.84130257572831,5.93086960967341,0.0151018383204747,"pixel","part (paddock x community)","pixel-weighted by the part's cell count","BETWEEN-UNIT (across parts)","zone_fid (paddock)","77e3ef0aecd1497c187d930959110d994081c800b510c78004514a007126494a","diagnostic - NOT registered, and nothing here is proposed for registration","residual_cluster_deleted = predicted from a fit with this part's WHOLE PADDOCK removed"
"part_leverage_and_deleted_residual","post_management","2018-2022",16,"Bala 18",,0.324225093305476,,,"16_inland","inland",2.62016424054637,2.83232552195184,0.0716989962765504,"pixel","part (paddock x community)","pixel-weighted by the part's cell count","BETWEEN-UNIT (across parts)","zone_fid (paddock)","77e3ef0aecd1497c187d930959110d994081c800b510c78004514a007126494a","diagnostic - NOT registered, and nothing here is proposed for registration","residual_cluster_deleted = predicted from a fit with this part's WHOLE PADDOCK removed"
"part_leverage_and_deleted_residual","post_management","2018-2022",16,"Bala 18",,0.324225093305476,,,"16_riverine","riverine",7.20598470022786,7.27731612647342,0.000852758146290035,"pixel","part (paddock x community)","pixel-weighted by the part's cell count","BETWEEN-UNIT (across parts)","zone_fid (paddock)","77e3ef0aecd1497c187d930959110d994081c800b510c78004514a007126494a","diagnostic - NOT registered, and nothing here is proposed for registration","residual_cluster_deleted = predicted from a fit with this part's WHOLE PADDOCK removed"
"part_leverage_and_deleted_residual","post_management","2018-2022",17,"Bala 19",,0.324225093305476,,,"17_inland","inland",5.36289508993328,5.45651428413018,0.0171573259634236,"pixel","part (paddock x community)","pixel-weighted by the part's cell count","BETWEEN-UNIT (across parts)","zone_fid (paddock)","77e3ef0aecd1497c187d930959110d994081c800b510c78004514a007126494a","diagnostic - NOT registered, and nothing here is proposed for registration","residual_cluster_deleted = predicted from a fit with this part's WHOLE PADDOCK removed"
"part_leverage_and_deleted_residual","post_management","2018-2022",18,"Bala 20",,0.324225093305476,,,"18_aeolian","aeolian",-7.32007642348845,-7.33386091280144,0.000239419243528547,"pixel","part (paddock x community)","pixel-weighted by the part's cell count","BETWEEN-UNIT (across parts)","zone_fid (paddock)","77e3ef0aecd1497c187d930959110d994081c800b510c78004514a007126494a","diagnostic - NOT registered, and nothing here is proposed for registration","residual_cluster_deleted = predicted from a fit with this part's WHOLE PADDOCK removed"
"part_leverage_and_deleted_residual","post_management","2018-2022",18,"Bala 20",,0.324225093305476,,,"18_inland","inland",1.15382381048681,1.20845379275114,0.0635873910946643,"pixel","part (paddock x community)","pixel-weighted by the part's cell count","BETWEEN-UNIT (across parts)","zone_fid (paddock)","77e3ef0aecd1497c187d930959110d994081c800b510c78004514a007126494a","diagnostic - NOT registered, and nothing here is proposed for registration","residual_cluster_deleted = predicted from a fit with this part's WHOLE PADDOCK removed"
"part_leverage_and_deleted_residual","post_management","2018-2022",18,"Bala 20",,0.324225093305476,,,"18_riverine","riverine",-4.05139171635849,-4.04565841461101,0.00381326148547038,"pixel","part (paddock x community)","pixel-weighted by the part's cell count","BETWEEN-UNIT (across parts)","zone_fid (paddock)","77e3ef0aecd1497c187d930959110d994081c800b510c78004514a007126494a","diagnostic - NOT registered, and nothing here is proposed for registration","residual_cluster_deleted = predicted from a fit with this part's WHOLE PADDOCK removed"
"part_leverage_and_deleted_residual","post_management","2018-2022",19,"Bala 21",,0.324225093305476,,,"19_inland","inland",0.342062228188638,0.35821167283946,0.0450835242827543,"pixel","part (paddock x community)","pixel-weighted by the part's cell count","BETWEEN-UNIT (across parts)","zone_fid (paddock)","77e3ef0aecd1497c187d930959110d994081c800b510c78004514a007126494a","diagnostic - NOT registered, and nothing here is proposed for registration","residual_cluster_deleted = predicted from a fit with this part's WHOLE PADDOCK removed"
"part_leverage_and_deleted_residual","post_management","2018-2022",20,"Bala 22",,0.324225093305476,,,"20_inland","inland",6.78704905464949,7.17136903394984,0.0535908802741807,"pixel","part (paddock x community)","pixel-weighted by the part's cell count","BETWEEN-UNIT (across parts)","zone_fid (paddock)","77e3ef0aecd1497c187d930959110d994081c800b510c78004514a007126494a","diagnostic - NOT registered, and nothing here is proposed for registration","residual_cluster_deleted = predicted from a fit with this part's WHOLE PADDOCK removed"
"part_leverage_and_deleted_residual","post_management","2018-2022",21,"Bala 23",,0.324225093305476,,,"21_inland","inland",-1.79297133751614,-2.08731261008201,0.0776560091853318,"pixel","part (paddock x community)","pixel-weighted by the part's cell count","BETWEEN-UNIT (across parts)","zone_fid (paddock)","77e3ef0aecd1497c187d930959110d994081c800b510c78004514a007126494a","diagnostic - NOT registered, and nothing here is proposed for registration","residual_cluster_deleted = predicted from a fit with this part's WHOLE PADDOCK removed"
"part_leverage_and_deleted_residual","post_management","2018-2022",21,"Bala 23",,0.324225093305476,,,"21_riverine","riverine",-11.0977968597401,-11.3047073792325,0.00872925780417249,"pixel","part (paddock x community)","pixel-weighted by the part's cell count","BETWEEN-UNIT (across parts)","zone_fid (paddock)","77e3ef0aecd1497c187d930959110d994081c800b510c78004514a007126494a","diagnostic - NOT registered, and nothing here is proposed for registration","residual_cluster_deleted = predicted from a fit with this part's WHOLE PADDOCK removed"
"part_leverage_and_deleted_residual","post_management","2018-2022",22,"Bala 24",,0.324225093305476,,,"22_inland","inland",2.58548563842785,2.60524755081147,0.00758542595212331,"pixel","part (paddock x community)","pixel-weighted by the part's cell count","BETWEEN-UNIT (across parts)","zone_fid (paddock)","77e3ef0aecd1497c187d930959110d994081c800b510c78004514a007126494a","diagnostic - NOT registered, and nothing here is proposed for registration","residual_cluster_deleted = predicted from a fit with this part's WHOLE PADDOCK removed"
"part_leverage_and_deleted_residual","post_management","2018-2022",23,"Bala 25",,0.324225093305476,,,"23_inland","inland",-4.99810313870834,-5.11181301741779,0.0222445301348077,"pixel","part (paddock x community)","pixel-weighted by the part's cell count","BETWEEN-UNIT (across parts)","zone_fid (paddock)","77e3ef0aecd1497c187d930959110d994081c800b510c78004514a007126494a","diagnostic - NOT registered, and nothing here is proposed for registration","residual_cluster_deleted = predicted from a fit with this part's WHOLE PADDOCK removed"
"part_leverage_and_deleted_residual","post_management","2018-2022",24,"Bala 7/10",,0.324225093305476,,,"24_inland","inland",2.74679569074362,2.76383937801334,0.00655706663216478,"pixel","part (paddock x community)","pixel-weighted by the part's cell count","BETWEEN-UNIT (across parts)","zone_fid (paddock)","77e3ef0aecd1497c187d930959110d994081c800b510c78004514a007126494a","diagnostic - NOT registered, and nothing here is proposed for registration","residual_cluster_deleted = predicted from a fit with this part's WHOLE PADDOCK removed"
"part_leverage_and_deleted_residual","post_management","2018-2022",24,"Bala 7/10",,0.324225093305476,,,"24_riverine","riverine",-16.6246074306004,-16.6091745452107,6.08372987786864e-05,"pixel","part (paddock x community)","pixel-weighted by the part's cell count","BETWEEN-UNIT (across parts)","zone_fid (paddock)","77e3ef0aecd1497c187d930959110d994081c800b510c78004514a007126494a","diagnostic - NOT registered, and nothing here is proposed for registration","residual_cluster_deleted = predicted from a fit with this part's WHOLE PADDOCK removed"
"part_leverage_and_deleted_residual","post_management","2018-2022",25,"Bala 8/11",,0.324225093305476,,,"25_inland","inland",1.19729989334864,1.237909369072,0.0336088498435614,"pixel","part (paddock x community)","pixel-weighted by the part's cell count","BETWEEN-UNIT (across parts)","zone_fid (paddock)","77e3ef0aecd1497c187d930959110d994081c800b510c78004514a007126494a","diagnostic - NOT registered, and nothing here is proposed for registration","residual_cluster_deleted = predicted from a fit with this part's WHOLE PADDOCK removed"
"part_leverage_and_deleted_residual","post_management","2018-2022",25,"Bala 8/11",,0.324225093305476,,,"25_riverine","riverine",-15.2498830711921,-15.2098196858558,6.4712364786559e-05,"pixel","part (paddock x community)","pixel-weighted by the part's cell count","BETWEEN-UNIT (across parts)","zone_fid (paddock)","77e3ef0aecd1497c187d930959110d994081c800b510c78004514a007126494a","diagnostic - NOT registered, and nothing here is proposed for registration","residual_cluster_deleted = predicted from a fit with this part's WHOLE PADDOCK removed"
"part_leverage_and_deleted_residual","post_management","2018-2022",26,"Bala 14/16",,0.324225093305476,,,"26_inland","inland",11.0982283723312,11.2374523693632,0.0124809506143521,"pixel","part (paddock x community)","pixel-weighted by the part's cell count","BETWEEN-UNIT (across parts)","zone_fid (paddock)","77e3ef0aecd1497c187d930959110d994081c800b510c78004514a007126494a","diagnostic - NOT registered, and nothing here is proposed for registration","residual_cluster_deleted = predicted from a fit with this part's WHOLE PADDOCK removed"
"part_leverage_and_deleted_residual","post_management","2018-2022",26,"Bala 14/16",,0.324225093305476,,,"26_riverine","riverine",-5.81408298444463,-5.7291609480955,0.000375463375934268,"pixel","part (paddock x community)","pixel-weighted by the part's cell count","BETWEEN-UNIT (across parts)","zone_fid (paddock)","77e3ef0aecd1497c187d930959110d994081c800b510c78004514a007126494a","diagnostic - NOT registered, and nothing here is proposed for registration","residual_cluster_deleted = predicted from a fit with this part's WHOLE PADDOCK removed"
"part_leverage_and_deleted_residual","post_management","2018-2022",27,"Mara 1",,0.324225093305476,,,"27_inland","inland",7.27830229205759,7.28928386812392,0.000777099221374763,"pixel","part (paddock x community)","pixel-weighted by the part's cell count","BETWEEN-UNIT (across parts)","zone_fid (paddock)","77e3ef0aecd1497c187d930959110d994081c800b510c78004514a007126494a","diagnostic - NOT registered, and nothing here is proposed for registration","residual_cluster_deleted = predicted from a fit with this part's WHOLE PADDOCK removed"
"part_leverage_and_deleted_residual","post_management","2018-2022",27,"Mara 1",,0.324225093305476,,,"27_riverine","riverine",12.1023064773931,12.1220267153743,0.00103486230492254,"pixel","part (paddock x community)","pixel-weighted by the part's cell count","BETWEEN-UNIT (across parts)","zone_fid (paddock)","77e3ef0aecd1497c187d930959110d994081c800b510c78004514a007126494a","diagnostic - NOT registered, and nothing here is proposed for registration","residual_cluster_deleted = predicted from a fit with this part's WHOLE PADDOCK removed"
"part_leverage_and_deleted_residual","post_management","2018-2022",28,"Mara 2",,0.324225093305476,,,"28_inland","inland",-1.56071288294613,-1.58463483652346,0.00218170717094096,"pixel","part (paddock x community)","pixel-weighted by the part's cell count","BETWEEN-UNIT (across parts)","zone_fid (paddock)","77e3ef0aecd1497c187d930959110d994081c800b510c78004514a007126494a","diagnostic - NOT registered, and nothing here is proposed for registration","residual_cluster_deleted = predicted from a fit with this part's WHOLE PADDOCK removed"
"part_leverage_and_deleted_residual","post_management","2018-2022",28,"Mara 2",,0.324225093305476,,,"28_riverine","riverine",-10.9503996328809,-10.9788475045008,0.00222743446217134,"pixel","part (paddock x community)","pixel-weighted by the part's cell count","BETWEEN-UNIT (across parts)","zone_fid (paddock)","77e3ef0aecd1497c187d930959110d994081c800b510c78004514a007126494a","diagnostic - NOT registered, and nothing here is proposed for registration","residual_cluster_deleted = predicted from a fit with this part's WHOLE PADDOCK removed"
"part_leverage_and_deleted_residual","post_management","2018-2022",29,"Mara 3",,0.324225093305476,,,"29_inland","inland",4.65548542303476,4.68762159973672,0.00685553985496214,"pixel","part (paddock x community)","pixel-weighted by the part's cell count","BETWEEN-UNIT (across parts)","zone_fid (paddock)","77e3ef0aecd1497c187d930959110d994081c800b510c78004514a007126494a","diagnostic - NOT registered, and nothing here is proposed for registration","residual_cluster_deleted = predicted from a fit with this part's WHOLE PADDOCK removed"
"part_leverage_and_deleted_residual","post_management","2018-2022",30,"Mara 10",,0.324225093305476,,,"30_inland","inland",3.13395664002431,3.15019819051446,0.00515572338878735,"pixel","part (paddock x community)","pixel-weighted by the part's cell count","BETWEEN-UNIT (across parts)","zone_fid (paddock)","77e3ef0aecd1497c187d930959110d994081c800b510c78004514a007126494a","diagnostic - NOT registered, and nothing here is proposed for registration","residual_cluster_deleted = predicted from a fit with this part's WHOLE PADDOCK removed"
"part_leverage_and_deleted_residual","post_management","2018-2022",31,"Mara 13",,0.324225093305476,,,"31_aeolian","aeolian",17.7093036127455,17.7243429224639,0.00017999331113845,"pixel","part (paddock x community)","pixel-weighted by the part's cell count","BETWEEN-UNIT (across parts)","zone_fid (paddock)","77e3ef0aecd1497c187d930959110d994081c800b510c78004514a007126494a","diagnostic - NOT registered, and nothing here is proposed for registration","residual_cluster_deleted = predicted from a fit with this part's WHOLE PADDOCK removed"
"part_leverage_and_deleted_residual","post_management","2018-2022",31,"Mara 13",,0.324225093305476,,,"31_inland","inland",4.07929636244407,4.0910665334817,0.0015197136298457,"pixel","part (paddock x community)","pixel-weighted by the part's cell count","BETWEEN-UNIT (across parts)","zone_fid (paddock)","77e3ef0aecd1497c187d930959110d994081c800b510c78004514a007126494a","diagnostic - NOT registered, and nothing here is proposed for registration","residual_cluster_deleted = predicted from a fit with this part's WHOLE PADDOCK removed"
"part_leverage_and_deleted_residual","post_management","2018-2022",31,"Mara 13",,0.324225093305476,,,"31_riverine","riverine",2.5466793122835,2.55533576517151,0.00126908358340893,"pixel","part (paddock x community)","pixel-weighted by the part's cell count","BETWEEN-UNIT (across parts)","zone_fid (paddock)","77e3ef0aecd1497c187d930959110d994081c800b510c78004514a007126494a","diagnostic - NOT registered, and nothing here is proposed for registration","residual_cluster_deleted = predicted from a fit with this part's WHOLE PADDOCK removed"
"part_leverage_and_deleted_residual","post_management","2018-2022",32,"Mara 12",,0.324225093305476,,,"32_inland","inland",3.84294060799965,3.87992925452974,0.00934437174840407,"pixel","part (paddock x community)","pixel-weighted by the part's cell count","BETWEEN-UNIT (across parts)","zone_fid (paddock)","77e3ef0aecd1497c187d930959110d994081c800b510c78004514a007126494a","diagnostic - NOT registered, and nothing here is proposed for registration","residual_cluster_deleted = predicted from a fit with this part's WHOLE PADDOCK removed"
"part_leverage_and_deleted_residual","post_management","2018-2022",32,"Mara 12",,0.324225093305476,,,"32_riverine","riverine",9.67595257837257,9.68546679245301,0.00046511304461398,"pixel","part (paddock x community)","pixel-weighted by the part's cell count","BETWEEN-UNIT (across parts)","zone_fid (paddock)","77e3ef0aecd1497c187d930959110d994081c800b510c78004514a007126494a","diagnostic - NOT registered, and nothing here is proposed for registration","residual_cluster_deleted = predicted from a fit with this part's WHOLE PADDOCK removed"
"part_leverage_and_deleted_residual","post_management","2018-2022",33,"Mara 14",,0.324225093305476,,,"33_inland","inland",1.44571947211935,1.54431030087476,0.0638413333767863,"pixel","part (paddock x community)","pixel-weighted by the part's cell count","BETWEEN-UNIT (across parts)","zone_fid (paddock)","77e3ef0aecd1497c187d930959110d994081c800b510c78004514a007126494a","diagnostic - NOT registered, and nothing here is proposed for registration","residual_cluster_deleted = predicted from a fit with this part's WHOLE PADDOCK removed"
"part_leverage_and_deleted_residual","post_management","2018-2022",34,"Mara 5",,0.324225093305476,,,"34_inland","inland",6.12231468168886,6.20847870787044,0.0138784443397246,"pixel","part (paddock x community)","pixel-weighted by the part's cell count","BETWEEN-UNIT (across parts)","zone_fid (paddock)","77e3ef0aecd1497c187d930959110d994081c800b510c78004514a007126494a","diagnostic - NOT registered, and nothing here is proposed for registration","residual_cluster_deleted = predicted from a fit with this part's WHOLE PADDOCK removed"
"part_leverage_and_deleted_residual","post_management","2018-2022",35,"Mara 9",,0.324225093305476,,,"35_inland","inland",4.08677919723941,4.11767387969459,0.00750294543905316,"pixel","part (paddock x community)","pixel-weighted by the part's cell count","BETWEEN-UNIT (across parts)","zone_fid (paddock)","77e3ef0aecd1497c187d930959110d994081c800b510c78004514a007126494a","diagnostic - NOT registered, and nothing here is proposed for registration","residual_cluster_deleted = predicted from a fit with this part's WHOLE PADDOCK removed"
"part_leverage_and_deleted_residual","post_management","2018-2022",36,"Mara 6",,0.324225093305476,,,"36_inland","inland",10.153534204693,10.3549483043262,0.0194510000160023,"pixel","part (paddock x community)","pixel-weighted by the part's cell count","BETWEEN-UNIT (across parts)","zone_fid (paddock)","77e3ef0aecd1497c187d930959110d994081c800b510c78004514a007126494a","diagnostic - NOT registered, and nothing here is proposed for registration","residual_cluster_deleted = predicted from a fit with this part's WHOLE PADDOCK removed"
"part_leverage_and_deleted_residual","post_management","2018-2022",37,"Mara 7",,0.324225093305476,,,"37_aeolian","aeolian",4.59236784655218,4.61128166444047,0.00268705179210593,"pixel","part (paddock x community)","pixel-weighted by the part's cell count","BETWEEN-UNIT (across parts)","zone_fid (paddock)","77e3ef0aecd1497c187d930959110d994081c800b510c78004514a007126494a","diagnostic - NOT registered, and nothing here is proposed for registration","residual_cluster_deleted = predicted from a fit with this part's WHOLE PADDOCK removed"
"part_leverage_and_deleted_residual","post_management","2018-2022",37,"Mara 7",,0.324225093305476,,,"37_inland","inland",4.44468186419928,4.54736065265433,0.0225715567849576,"pixel","part (paddock x community)","pixel-weighted by the part's cell count","BETWEEN-UNIT (across parts)","zone_fid (paddock)","77e3ef0aecd1497c187d930959110d994081c800b510c78004514a007126494a","diagnostic - NOT registered, and nothing here is proposed for registration","residual_cluster_deleted = predicted from a fit with this part's WHOLE PADDOCK removed"
"part_leverage_and_deleted_residual","post_management","2018-2022",37,"Mara 7",,0.324225093305476,,,"37_riverine","riverine",-0.857618551675444,-0.812598921573155,0.00157015282298501,"pixel","part (paddock x community)","pixel-weighted by the part's cell count","BETWEEN-UNIT (across parts)","zone_fid (paddock)","77e3ef0aecd1497c187d930959110d994081c800b510c78004514a007126494a","diagnostic - NOT registered, and nothing here is proposed for registration","residual_cluster_deleted = predicted from a fit with this part's WHOLE PADDOCK removed"
"part_leverage_and_deleted_residual","post_management","2018-2022",38,"Mara 8",,0.324225093305476,,,"38_aeolian","aeolian",12.1107084211381,12.2242680965742,0.0082784278628488,"pixel","part (paddock x community)","pixel-weighted by the part's cell count","BETWEEN-UNIT (across parts)","zone_fid (paddock)","77e3ef0aecd1497c187d930959110d994081c800b510c78004514a007126494a","diagnostic - NOT registered, and nothing here is proposed for registration","residual_cluster_deleted = predicted from a fit with this part's WHOLE PADDOCK removed"
"part_leverage_and_deleted_residual","post_management","2018-2022",38,"Mara 8",,0.324225093305476,,,"38_inland","inland",8.35152699223466,8.40707520443094,0.000951718132746463,"pixel","part (paddock x community)","pixel-weighted by the part's cell count","BETWEEN-UNIT (across parts)","zone_fid (paddock)","77e3ef0aecd1497c187d930959110d994081c800b510c78004514a007126494a","diagnostic - NOT registered, and nothing here is proposed for registration","residual_cluster_deleted = predicted from a fit with this part's WHOLE PADDOCK removed"
"part_leverage_and_deleted_residual","post_management","2018-2022",38,"Mara 8",,0.324225093305476,,,"38_riverine","riverine",0.246021577717933,0.323481824395181,0.00263107336054634,"pixel","part (paddock x community)","pixel-weighted by the part's cell count","BETWEEN-UNIT (across parts)","zone_fid (paddock)","77e3ef0aecd1497c187d930959110d994081c800b510c78004514a007126494a","diagnostic - NOT registered, and nothing here is proposed for registration","residual_cluster_deleted = predicted from a fit with this part's WHOLE PADDOCK removed"
"part_leverage_and_deleted_residual","post_management","2018-2022",39,"Mara 11",,0.324225093305476,,,"39_inland","inland",-2.94824483066477,-3.04427970944162,0.0277214827329639,"pixel","part (paddock x community)","pixel-weighted by the part's cell count","BETWEEN-UNIT (across parts)","zone_fid (paddock)","77e3ef0aecd1497c187d930959110d994081c800b510c78004514a007126494a","diagnostic - NOT registered, and nothing here is proposed for registration","residual_cluster_deleted = predicted from a fit with this part's WHOLE PADDOCK removed"
"part_leverage_and_deleted_residual","post_management","2018-2022",39,"Mara 11",,0.324225093305476,,,"39_riverine","riverine",-17.1728329222809,-17.2710296578334,0.000689903743999338,"pixel","part (paddock x community)","pixel-weighted by the part's cell count","BETWEEN-UNIT (across parts)","zone_fid (paddock)","77e3ef0aecd1497c187d930959110d994081c800b510c78004514a007126494a","diagnostic - NOT registered, and nothing here is proposed for registration","residual_cluster_deleted = predicted from a fit with this part's WHOLE PADDOCK removed"
"part_leverage_and_deleted_residual","post_management","2018-2022",40,"Mara 15",,0.324225093305476,,,"40_inland","inland",6.06446249072913,6.19652563005484,0.0213124494612192,"pixel","part (paddock x community)","pixel-weighted by the part's cell count","BETWEEN-UNIT (across parts)","zone_fid (paddock)","77e3ef0aecd1497c187d930959110d994081c800b510c78004514a007126494a","diagnostic - NOT registered, and nothing here is proposed for registration","residual_cluster_deleted = predicted from a fit with this part's WHOLE PADDOCK removed"
"part_leverage_and_deleted_residual","post_management","2018-2022",41,"Mara 16",,0.324225093305476,,,"41_inland","inland",7.20304973674698,7.33892286627167,0.0185140424556217,"pixel","part (paddock x community)","pixel-weighted by the part's cell count","BETWEEN-UNIT (across parts)","zone_fid (paddock)","77e3ef0aecd1497c187d930959110d994081c800b510c78004514a007126494a","diagnostic - NOT registered, and nothing here is proposed for registration","residual_cluster_deleted = predicted from a fit with this part's WHOLE PADDOCK removed"
"part_leverage_and_deleted_residual","post_management","2018-2022",42,"Mara 17",,0.324225093305476,,,"42_inland","inland",10.2154860379046,10.2768958520637,0.00597552169868775,"pixel","part (paddock x community)","pixel-weighted by the part's cell count","BETWEEN-UNIT (across parts)","zone_fid (paddock)","77e3ef0aecd1497c187d930959110d994081c800b510c78004514a007126494a","diagnostic - NOT registered, and nothing here is proposed for registration","residual_cluster_deleted = predicted from a fit with this part's WHOLE PADDOCK removed"
"part_leverage_and_deleted_residual","post_management","2018-2022",43,"Mara 18",,0.324225093305476,,,"43_inland","inland",-0.443402989763463,-0.44558298764634,0.00489246210760914,"pixel","part (paddock x community)","pixel-weighted by the part's cell count","BETWEEN-UNIT (across parts)","zone_fid (paddock)","77e3ef0aecd1497c187d930959110d994081c800b510c78004514a007126494a","diagnostic - NOT registered, and nothing here is proposed for registration","residual_cluster_deleted = predicted from a fit with this part's WHOLE PADDOCK removed"
"part_leverage_and_deleted_residual","post_management","2018-2022",44,"Mara 19",,0.324225093305476,,,"44_inland","inland",4.62186511507043,4.74305422595533,0.025550859237851,"pixel","part (paddock x community)","pixel-weighted by the part's cell count","BETWEEN-UNIT (across parts)","zone_fid (paddock)","77e3ef0aecd1497c187d930959110d994081c800b510c78004514a007126494a","diagnostic - NOT registered, and nothing here is proposed for registration","residual_cluster_deleted = predicted from a fit with this part's WHOLE PADDOCK removed"
"part_leverage_and_deleted_residual","post_management","2018-2022",45,"Mara 21",,0.324225093305476,,,"45_inland","inland",-5.63345251558013,-5.98734687942294,0.0423790087898888,"pixel","part (paddock x community)","pixel-weighted by the part's cell count","BETWEEN-UNIT (across parts)","zone_fid (paddock)","77e3ef0aecd1497c187d930959110d994081c800b510c78004514a007126494a","diagnostic - NOT registered, and nothing here is proposed for registration","residual_cluster_deleted = predicted from a fit with this part's WHOLE PADDOCK removed"
"part_leverage_and_deleted_residual","post_management","2018-2022",45,"Mara 21",,0.324225093305476,,,"45_riverine","riverine",-9.82110293638949,-10.0875172580667,0.00775925260482254,"pixel","part (paddock x community)","pixel-weighted by the part's cell count","BETWEEN-UNIT (across parts)","zone_fid (paddock)","77e3ef0aecd1497c187d930959110d994081c800b510c78004514a007126494a","diagnostic - NOT registered, and nothing here is proposed for registration","residual_cluster_deleted = predicted from a fit with this part's WHOLE PADDOCK removed"
"part_leverage_and_deleted_residual","post_management","2018-2022",46,"Mara 20",,0.324225093305476,,,"46_inland","inland",3.12479219558676,3.13716904770955,0.00394522957945504,"pixel","part (paddock x community)","pixel-weighted by the part's cell count","BETWEEN-UNIT (across parts)","zone_fid (paddock)","77e3ef0aecd1497c187d930959110d994081c800b510c78004514a007126494a","diagnostic - NOT registered, and nothing here is proposed for registration","residual_cluster_deleted = predicted from a fit with this part's WHOLE PADDOCK removed"
"part_leverage_and_deleted_residual","post_management","2018-2022",47,"Mara 22",,0.324225093305476,,,"47_inland","inland",-4.33683696332048,-4.38974347157689,0.0120523006865866,"pixel","part (paddock x community)","pixel-weighted by the part's cell count","BETWEEN-UNIT (across parts)","zone_fid (paddock)","77e3ef0aecd1497c187d930959110d994081c800b510c78004514a007126494a","diagnostic - NOT registered, and nothing here is proposed for registration","residual_cluster_deleted = predicted from a fit with this part's WHOLE PADDOCK removed"
"part_leverage_and_deleted_residual","post_management","2018-2022",48,"Mara 4",,0.324225093305476,,,"48_aeolian","aeolian",9.38459571219104,9.38654267876163,0.000125783725279748,"pixel","part (paddock x community)","pixel-weighted by the part's cell count","BETWEEN-UNIT (across parts)","zone_fid (paddock)","77e3ef0aecd1497c187d930959110d994081c800b510c78004514a007126494a","diagnostic - NOT registered, and nothing here is proposed for registration","residual_cluster_deleted = predicted from a fit with this part's WHOLE PADDOCK removed"
"part_leverage_and_deleted_residual","post_management","2018-2022",48,"Mara 4",,0.324225093305476,,,"48_inland","inland",7.22527036140148,7.22998998682905,0.000914071687063466,"pixel","part (paddock x community)","pixel-weighted by the part's cell count","BETWEEN-UNIT (across parts)","zone_fid (paddock)","77e3ef0aecd1497c187d930959110d994081c800b510c78004514a007126494a","diagnostic - NOT registered, and nothing here is proposed for registration","residual_cluster_deleted = predicted from a fit with this part's WHOLE PADDOCK removed"
"part_leverage_and_deleted_residual","post_management","2018-2022",48,"Mara 4",,0.324225093305476,,,"48_riverine","riverine",-9.67434871567916,-9.67111450295609,0.000375032487724074,"pixel","part (paddock x community)","pixel-weighted by the part's cell count","BETWEEN-UNIT (across parts)","zone_fid (paddock)","77e3ef0aecd1497c187d930959110d994081c800b510c78004514a007126494a","diagnostic - NOT registered, and nothing here is proposed for registration","residual_cluster_deleted = predicted from a fit with this part's WHOLE PADDOCK removed"
"part_leverage_and_deleted_residual","post_management","2018-2022",49,"Mara 5a",,0.324225093305476,,,"49_inland","inland",7.37712847136677,7.41350658144377,0.00490700448935355,"pixel","part (paddock x community)","pixel-weighted by the part's cell count","BETWEEN-UNIT (across parts)","zone_fid (paddock)","77e3ef0aecd1497c187d930959110d994081c800b510c78004514a007126494a","diagnostic - NOT registered, and nothing here is proposed for registration","residual_cluster_deleted = predicted from a fit with this part's WHOLE PADDOCK removed"
"part_leverage_and_deleted_residual","post_management","2018-2022",50,"Mara 22a",,0.324225093305476,,,"50_inland","inland",5.60476611100039,5.6160317628251,0.00200598078865498,"pixel","part (paddock x community)","pixel-weighted by the part's cell count","BETWEEN-UNIT (across parts)","zone_fid (paddock)","77e3ef0aecd1497c187d930959110d994081c800b510c78004514a007126494a","diagnostic - NOT registered, and nothing here is proposed for registration","residual_cluster_deleted = predicted from a fit with this part's WHOLE PADDOCK removed"
"part_leverage_and_deleted_residual","post_management","2018-2022",51,"Dinan 3",,0.324225093305476,,,"51_aeolian","aeolian",14.9681002586891,15.1073574602504,0.0126225645528952,"pixel","part (paddock x community)","pixel-weighted by the part's cell count","BETWEEN-UNIT (across parts)","zone_fid (paddock)","77e3ef0aecd1497c187d930959110d994081c800b510c78004514a007126494a","diagnostic - NOT registered, and nothing here is proposed for registration","residual_cluster_deleted = predicted from a fit with this part's WHOLE PADDOCK removed"
"part_leverage_and_deleted_residual","post_management","2018-2022",51,"Dinan 3",,0.324225093305476,,,"51_inland","inland",8.97698839559482,9.05026540666996,0.00795355386813441,"pixel","part (paddock x community)","pixel-weighted by the part's cell count","BETWEEN-UNIT (across parts)","zone_fid (paddock)","77e3ef0aecd1497c187d930959110d994081c800b510c78004514a007126494a","diagnostic - NOT registered, and nothing here is proposed for registration","residual_cluster_deleted = predicted from a fit with this part's WHOLE PADDOCK removed"
"part_leverage_and_deleted_residual","post_management","2018-2022",51,"Dinan 3",,0.324225093305476,,,"51_riverine","riverine",-18.1621740669761,-18.0722232741101,0.00623868665625702,"pixel","part (paddock x community)","pixel-weighted by the part's cell count","BETWEEN-UNIT (across parts)","zone_fid (paddock)","77e3ef0aecd1497c187d930959110d994081c800b510c78004514a007126494a","diagnostic - NOT registered, and nothing here is proposed for registration","residual_cluster_deleted = predicted from a fit with this part's WHOLE PADDOCK removed"
"part_leverage_and_deleted_residual","post_management","2018-2022",52,"Dinan 2",,0.324225093305476,,,"52_inland","inland",11.1535047087002,11.3195050725973,0.0162173842457164,"pixel","part (paddock x community)","pixel-weighted by the part's cell count","BETWEEN-UNIT (across parts)","zone_fid (paddock)","77e3ef0aecd1497c187d930959110d994081c800b510c78004514a007126494a","diagnostic - NOT registered, and nothing here is proposed for registration","residual_cluster_deleted = predicted from a fit with this part's WHOLE PADDOCK removed"
"part_leverage_and_deleted_residual","post_management","2018-2022",52,"Dinan 2",,0.324225093305476,,,"52_riverine","riverine",-14.1992408416728,-14.0584426780769,0.00215976517567534,"pixel","part (paddock x community)","pixel-weighted by the part's cell count","BETWEEN-UNIT (across parts)","zone_fid (paddock)","77e3ef0aecd1497c187d930959110d994081c800b510c78004514a007126494a","diagnostic - NOT registered, and nothing here is proposed for registration","residual_cluster_deleted = predicted from a fit with this part's WHOLE PADDOCK removed"
"part_leverage_and_deleted_residual","post_management","2018-2022",53,"Dinan 6",,0.324225093305476,,,"53_inland","inland",-6.20454308951863,-6.27426459729134,0.0123250874108234,"pixel","part (paddock x community)","pixel-weighted by the part's cell count","BETWEEN-UNIT (across parts)","zone_fid (paddock)","77e3ef0aecd1497c187d930959110d994081c800b510c78004514a007126494a","diagnostic - NOT registered, and nothing here is proposed for registration","residual_cluster_deleted = predicted from a fit with this part's WHOLE PADDOCK removed"
"part_leverage_and_deleted_residual","post_management","2018-2022",53,"Dinan 6",,0.324225093305476,,,"53_riverine","riverine",4.54138394924937,4.46995655197333,0.00174574974700628,"pixel","part (paddock x community)","pixel-weighted by the part's cell count","BETWEEN-UNIT (across parts)","zone_fid (paddock)","77e3ef0aecd1497c187d930959110d994081c800b510c78004514a007126494a","diagnostic - NOT registered, and nothing here is proposed for registration","residual_cluster_deleted = predicted from a fit with this part's WHOLE PADDOCK removed"
"part_leverage_and_deleted_residual","post_management","2018-2022",54,"Dinan 7",,0.324225093305476,,,"54_aeolian","aeolian",15.157785554984,14.7515721229096,0.000431823932966284,"pixel","part (paddock x community)","pixel-weighted by the part's cell count","BETWEEN-UNIT (across parts)","zone_fid (paddock)","77e3ef0aecd1497c187d930959110d994081c800b510c78004514a007126494a","diagnostic - NOT registered, and nothing here is proposed for registration","residual_cluster_deleted = predicted from a fit with this part's WHOLE PADDOCK removed"
"part_leverage_and_deleted_residual","post_management","2018-2022",54,"Dinan 7",,0.324225093305476,,,"54_riverine","riverine",-11.2346292987598,-11.5229214865439,0.0253727754036596,"pixel","part (paddock x community)","pixel-weighted by the part's cell count","BETWEEN-UNIT (across parts)","zone_fid (paddock)","77e3ef0aecd1497c187d930959110d994081c800b510c78004514a007126494a","diagnostic - NOT registered, and nothing here is proposed for registration","residual_cluster_deleted = predicted from a fit with this part's WHOLE PADDOCK removed"
"part_leverage_and_deleted_residual","post_management","2018-2022",55,"Dinan 8",,0.324225093305476,,,"55_aeolian","aeolian",-2.19448452315623,-3.09410267595825,0.0635564679762108,"pixel","part (paddock x community)","pixel-weighted by the part's cell count","BETWEEN-UNIT (across parts)","zone_fid (paddock)","77e3ef0aecd1497c187d930959110d994081c800b510c78004514a007126494a","diagnostic - NOT registered, and nothing here is proposed for registration","residual_cluster_deleted = predicted from a fit with this part's WHOLE PADDOCK removed"
"part_leverage_and_deleted_residual","post_management","2018-2022",55,"Dinan 8",,0.324225093305476,,,"55_inland","inland",0.582779089931037,-0.302819467945739,0.0137590303688505,"pixel","part (paddock x community)","pixel-weighted by the part's cell count","BETWEEN-UNIT (across parts)","zone_fid (paddock)","77e3ef0aecd1497c187d930959110d994081c800b510c78004514a007126494a","diagnostic - NOT registered, and nothing here is proposed for registration","residual_cluster_deleted = predicted from a fit with this part's WHOLE PADDOCK removed"
"part_leverage_and_deleted_residual","post_management","2018-2022",55,"Dinan 8",,0.324225093305476,,,"55_riverine","riverine",-11.3409358869615,-11.9999872826824,0.0436680602591245,"pixel","part (paddock x community)","pixel-weighted by the part's cell count","BETWEEN-UNIT (across parts)","zone_fid (paddock)","77e3ef0aecd1497c187d930959110d994081c800b510c78004514a007126494a","diagnostic - NOT registered, and nothing here is proposed for registration","residual_cluster_deleted = predicted from a fit with this part's WHOLE PADDOCK removed"
"part_leverage_and_deleted_residual","post_management","2018-2022",56,"Dinan 9",,0.324225093305476,,,"56_aeolian","aeolian",-8.56349443725642,-9.0698941682407,0.0131424200488814,"pixel","part (paddock x community)","pixel-weighted by the part's cell count","BETWEEN-UNIT (across parts)","zone_fid (paddock)","77e3ef0aecd1497c187d930959110d994081c800b510c78004514a007126494a","diagnostic - NOT registered, and nothing here is proposed for registration","residual_cluster_deleted = predicted from a fit with this part's WHOLE PADDOCK removed"
"part_leverage_and_deleted_residual","post_management","2018-2022",56,"Dinan 9",,0.324225093305476,,,"56_inland","inland",-7.52504874804345,-7.94365947123617,0.0261594505544371,"pixel","part (paddock x community)","pixel-weighted by the part's cell count","BETWEEN-UNIT (across parts)","zone_fid (paddock)","77e3ef0aecd1497c187d930959110d994081c800b510c78004514a007126494a","diagnostic - NOT registered, and nothing here is proposed for registration","residual_cluster_deleted = predicted from a fit with this part's WHOLE PADDOCK removed"
"part_leverage_and_deleted_residual","post_management","2018-2022",56,"Dinan 9",,0.324225093305476,,,"56_riverine","riverine",-11.9049528975699,-12.422280031394,0.0120283888217847,"pixel","part (paddock x community)","pixel-weighted by the part's cell count","BETWEEN-UNIT (across parts)","zone_fid (paddock)","77e3ef0aecd1497c187d930959110d994081c800b510c78004514a007126494a","diagnostic - NOT registered, and nothing here is proposed for registration","residual_cluster_deleted = predicted from a fit with this part's WHOLE PADDOCK removed"
"part_leverage_and_deleted_residual","post_management","2018-2022",57,"Dinan 10",,0.324225093305476,,,"57_aeolian","aeolian",-17.9220274964288,-18.4129559307697,0.0260614572892064,"pixel","part (paddock x community)","pixel-weighted by the part's cell count","BETWEEN-UNIT (across parts)","zone_fid (paddock)","77e3ef0aecd1497c187d930959110d994081c800b510c78004514a007126494a","diagnostic - NOT registered, and nothing here is proposed for registration","residual_cluster_deleted = predicted from a fit with this part's WHOLE PADDOCK removed"
"part_leverage_and_deleted_residual","post_management","2018-2022",57,"Dinan 10",,0.324225093305476,,,"57_inland","inland",-0.313384875487536,-0.749607486953252,0.00892246178565603,"pixel","part (paddock x community)","pixel-weighted by the part's cell count","BETWEEN-UNIT (across parts)","zone_fid (paddock)","77e3ef0aecd1497c187d930959110d994081c800b510c78004514a007126494a","diagnostic - NOT registered, and nothing here is proposed for registration","residual_cluster_deleted = predicted from a fit with this part's WHOLE PADDOCK removed"
"part_leverage_and_deleted_residual","post_management","2018-2022",57,"Dinan 10",,0.324225093305476,,,"57_riverine","riverine",-0.85194322940832,-1.32891417620779,0.00264641500111776,"pixel","part (paddock x community)","pixel-weighted by the part's cell count","BETWEEN-UNIT (across parts)","zone_fid (paddock)","77e3ef0aecd1497c187d930959110d994081c800b510c78004514a007126494a","diagnostic - NOT registered, and nothing here is proposed for registration","residual_cluster_deleted = predicted from a fit with this part's WHOLE PADDOCK removed"
"part_leverage_and_deleted_residual","post_management","2018-2022",58,"Dinan 13",,0.324225093305476,,,"58_aeolian","aeolian",-8.48234708624216,-8.70350261882474,0.00249507767396471,"pixel","part (paddock x community)","pixel-weighted by the part's cell count","BETWEEN-UNIT (across parts)","zone_fid (paddock)","77e3ef0aecd1497c187d930959110d994081c800b510c78004514a007126494a","diagnostic - NOT registered, and nothing here is proposed for registration","residual_cluster_deleted = predicted from a fit with this part's WHOLE PADDOCK removed"
"part_leverage_and_deleted_residual","post_management","2018-2022",58,"Dinan 13",,0.324225093305476,,,"58_inland","inland",-2.96572628939958,-3.23059745732095,0.0334462880379841,"pixel","part (paddock x community)","pixel-weighted by the part's cell count","BETWEEN-UNIT (across parts)","zone_fid (paddock)","77e3ef0aecd1497c187d930959110d994081c800b510c78004514a007126494a","diagnostic - NOT registered, and nothing here is proposed for registration","residual_cluster_deleted = predicted from a fit with this part's WHOLE PADDOCK removed"
"part_leverage_and_deleted_residual","post_management","2018-2022",58,"Dinan 13",,0.324225093305476,,,"58_riverine","riverine",-13.1248360026294,-13.3609259059673,0.0148647071483478,"pixel","part (paddock x community)","pixel-weighted by the part's cell count","BETWEEN-UNIT (across parts)","zone_fid (paddock)","77e3ef0aecd1497c187d930959110d994081c800b510c78004514a007126494a","diagnostic - NOT registered, and nothing here is proposed for registration","residual_cluster_deleted = predicted from a fit with this part's WHOLE PADDOCK removed"
"part_leverage_and_deleted_residual","post_management","2018-2022",59,"Dinan 12",,0.324225093305476,,,"59_aeolian","aeolian",4.65157676209248,4.52631035352572,0.0164510623566302,"pixel","part (paddock x community)","pixel-weighted by the part's cell count","BETWEEN-UNIT (across parts)","zone_fid (paddock)","77e3ef0aecd1497c187d930959110d994081c800b510c78004514a007126494a","diagnostic - NOT registered, and nothing here is proposed for registration","residual_cluster_deleted = predicted from a fit with this part's WHOLE PADDOCK removed"
"part_leverage_and_deleted_residual","post_management","2018-2022",59,"Dinan 12",,0.324225093305476,,,"59_riverine","riverine",-12.3950348830112,-12.7687854911886,0.0303945120678181,"pixel","part (paddock x community)","pixel-weighted by the part's cell count","BETWEEN-UNIT (across parts)","zone_fid (paddock)","77e3ef0aecd1497c187d930959110d994081c800b510c78004514a007126494a","diagnostic - NOT registered, and nothing here is proposed for registration","residual_cluster_deleted = predicted from a fit with this part's WHOLE PADDOCK removed"
"part_leverage_and_deleted_residual","post_management","2018-2022",60,"Dinan 14",,0.324225093305476,,,"60_aeolian","aeolian",7.65406996252188,7.92826735904536,0.0344732423298048,"pixel","part (paddock x community)","pixel-weighted by the part's cell count","BETWEEN-UNIT (across parts)","zone_fid (paddock)","77e3ef0aecd1497c187d930959110d994081c800b510c78004514a007126494a","diagnostic - NOT registered, and nothing here is proposed for registration","residual_cluster_deleted = predicted from a fit with this part's WHOLE PADDOCK removed"
"part_leverage_and_deleted_residual","post_management","2018-2022",60,"Dinan 14",,0.324225093305476,,,"60_riverine","riverine",5.47942710904842,5.53822263127019,0.000213027611667916,"pixel","part (paddock x community)","pixel-weighted by the part's cell count","BETWEEN-UNIT (across parts)","zone_fid (paddock)","77e3ef0aecd1497c187d930959110d994081c800b510c78004514a007126494a","diagnostic - NOT registered, and nothing here is proposed for registration","residual_cluster_deleted = predicted from a fit with this part's WHOLE PADDOCK removed"
"part_leverage_and_deleted_residual","post_management","2018-2022",61,"Dinan 11",,0.324225093305476,,,"61_aeolian","aeolian",8.56150556609013,8.64640439267668,0.00891247664851467,"pixel","part (paddock x community)","pixel-weighted by the part's cell count","BETWEEN-UNIT (across parts)","zone_fid (paddock)","77e3ef0aecd1497c187d930959110d994081c800b510c78004514a007126494a","diagnostic - NOT registered, and nothing here is proposed for registration","residual_cluster_deleted = predicted from a fit with this part's WHOLE PADDOCK removed"
"part_leverage_and_deleted_residual","post_management","2018-2022",61,"Dinan 11",,0.324225093305476,,,"61_inland","inland",10.0769630241242,9.94555280947139,0.00711522671789536,"pixel","part (paddock x community)","pixel-weighted by the part's cell count","BETWEEN-UNIT (across parts)","zone_fid (paddock)","77e3ef0aecd1497c187d930959110d994081c800b510c78004514a007126494a","diagnostic - NOT registered, and nothing here is proposed for registration","residual_cluster_deleted = predicted from a fit with this part's WHOLE PADDOCK removed"
"part_leverage_and_deleted_residual","post_management","2018-2022",61,"Dinan 11",,0.324225093305476,,,"61_riverine","riverine",-11.4104557000493,-11.5106891539084,0.0127451239605111,"pixel","part (paddock x community)","pixel-weighted by the part's cell count","BETWEEN-UNIT (across parts)","zone_fid (paddock)","77e3ef0aecd1497c187d930959110d994081c800b510c78004514a007126494a","diagnostic - NOT registered, and nothing here is proposed for registration","residual_cluster_deleted = predicted from a fit with this part's WHOLE PADDOCK removed"
"part_leverage_and_deleted_residual","post_management","2018-2022",62,"Dinan 1",,0.324225093305476,,,"62_aeolian","aeolian",8.16012585153144,8.0943617591078,0.00363302745297063,"pixel","part (paddock x community)","pixel-weighted by the part's cell count","BETWEEN-UNIT (across parts)","zone_fid (paddock)","77e3ef0aecd1497c187d930959110d994081c800b510c78004514a007126494a","diagnostic - NOT registered, and nothing here is proposed for registration","residual_cluster_deleted = predicted from a fit with this part's WHOLE PADDOCK removed"
"part_leverage_and_deleted_residual","post_management","2018-2022",62,"Dinan 1",,0.324225093305476,,,"62_inland","inland",-0.21235946673545,-0.254913748371237,0.0126563696935891,"pixel","part (paddock x community)","pixel-weighted by the part's cell count","BETWEEN-UNIT (across parts)","zone_fid (paddock)","77e3ef0aecd1497c187d930959110d994081c800b510c78004514a007126494a","diagnostic - NOT registered, and nothing here is proposed for registration","residual_cluster_deleted = predicted from a fit with this part's WHOLE PADDOCK removed"
"part_leverage_and_deleted_residual","post_management","2018-2022",62,"Dinan 1",,0.324225093305476,,,"62_riverine","riverine",-32.3633397688617,-32.4187456405557,0.00227267564507273,"pixel","part (paddock x community)","pixel-weighted by the part's cell count","BETWEEN-UNIT (across parts)","zone_fid (paddock)","77e3ef0aecd1497c187d930959110d994081c800b510c78004514a007126494a","diagnostic - NOT registered, and nothing here is proposed for registration","residual_cluster_deleted = predicted from a fit with this part's WHOLE PADDOCK removed"
"part_leverage_and_deleted_residual","post_management","2018-2022",63,"Dinan 4",,0.324225093305476,,,"63_aeolian","aeolian",13.5750007849661,13.2463457393497,0.000360569945106891,"pixel","part (paddock x community)","pixel-weighted by the part's cell count","BETWEEN-UNIT (across parts)","zone_fid (paddock)","77e3ef0aecd1497c187d930959110d994081c800b510c78004514a007126494a","diagnostic - NOT registered, and nothing here is proposed for registration","residual_cluster_deleted = predicted from a fit with this part's WHOLE PADDOCK removed"
"part_leverage_and_deleted_residual","post_management","2018-2022",63,"Dinan 4",,0.324225093305476,,,"63_inland","inland",-2.18571876951852,-2.40586107213429,0.0147448969155255,"pixel","part (paddock x community)","pixel-weighted by the part's cell count","BETWEEN-UNIT (across parts)","zone_fid (paddock)","77e3ef0aecd1497c187d930959110d994081c800b510c78004514a007126494a","diagnostic - NOT registered, and nothing here is proposed for registration","residual_cluster_deleted = predicted from a fit with this part's WHOLE PADDOCK removed"
"part_leverage_and_deleted_residual","post_management","2018-2022",63,"Dinan 4",,0.324225093305476,,,"63_riverine","riverine",-19.154863750112,-19.3998245244858,0.0107837740117408,"pixel","part (paddock x community)","pixel-weighted by the part's cell count","BETWEEN-UNIT (across parts)","zone_fid (paddock)","77e3ef0aecd1497c187d930959110d994081c800b510c78004514a007126494a","diagnostic - NOT registered, and nothing here is proposed for registration","residual_cluster_deleted = predicted from a fit with this part's WHOLE PADDOCK removed"
"part_leverage_and_deleted_residual","post_management","2018-2022",64,"Dinan 5",,0.324225093305476,,,"64_inland","inland",2.33202379284248,2.34326771418308,0.00903809367039795,"pixel","part (paddock x community)","pixel-weighted by the part's cell count","BETWEEN-UNIT (across parts)","zone_fid (paddock)","77e3ef0aecd1497c187d930959110d994081c800b510c78004514a007126494a","diagnostic - NOT registered, and nothing here is proposed for registration","residual_cluster_deleted = predicted from a fit with this part's WHOLE PADDOCK removed"
"part_leverage_and_deleted_residual","post_management","2018-2022",64,"Dinan 5",,0.324225093305476,,,"64_riverine","riverine",-1.75079308420278,-1.73875546934948,0.00621874689448167,"pixel","part (paddock x community)","pixel-weighted by the part's cell count","BETWEEN-UNIT (across parts)","zone_fid (paddock)","77e3ef0aecd1497c187d930959110d994081c800b510c78004514a007126494a","diagnostic - NOT registered, and nothing here is proposed for registration","residual_cluster_deleted = predicted from a fit with this part's WHOLE PADDOCK removed"
