"row_type","period","period_label","scope","form","n","n_clusters","x_min","x_max","cv_rmse_weighted_leave_one_paddock_out","r2_in_sample","delta_r2_vs_linear","resid_sd","term_1","term_2","term_3","term_4","part_id","community_of_part","residual","support_level","unit","weighting","estimand","cluster","source_sha256_first50","interval_status"
"form_summary","whole_record","1988-2022","pooled","linear",115,64,0.997691428571428,58.8975085714286,8.57182007139694,0.472497305905502,0,8.0846317084291,52.6971961343224,0.547273733307921,,,,,,"pixel","part (paddock x community)","pixel-weighted by the part's cell count","BETWEEN-UNIT (across parts)","zone_fid (paddock)","77e3ef0aecd1497c187d930959110d994081c800b510c78004514a007126494a","diagnostic - NOT registered, and nothing here is proposed for registration"
"form_summary","whole_record","1988-2022","pooled","quadratic",115,64,0.997691428571428,58.8975085714286,8.55347351084701,0.498090483451728,0.0255931775462264,7.88606976408134,48.1918502670472,1.04185477312173,-0.00958212146151166,,,,,"pixel","part (paddock x community)","pixel-weighted by the part's cell count","BETWEEN-UNIT (across parts)","zone_fid (paddock)","77e3ef0aecd1497c187d930959110d994081c800b510c78004514a007126494a","diagnostic - NOT registered, and nothing here is proposed for registration"
"form_summary","whole_record","1988-2022","pooled","sqrt_x",115,64,0.997691428571428,58.8975085714286,8.48112773504405,0.48797717448395,0.0154798685784482,7.96512435398527,42.4959013815372,5.02417265985446,,,,,,"pixel","part (paddock x community)","pixel-weighted by the part's cell count","BETWEEN-UNIT (across parts)","zone_fid (paddock)","77e3ef0aecd1497c187d930959110d994081c800b510c78004514a007126494a","diagnostic - NOT registered, and nothing here is proposed for registration"
"form_summary","whole_record","1988-2022","pooled","log_x1",115,64,0.997691428571428,58.8975085714286,8.70129972767027,0.464933548215674,-0.0075637576898272,8.14238738285253,34.390956942154,10.4865108341651,,,,,,"pixel","part (paddock x community)","pixel-weighted by the part's cell count","BETWEEN-UNIT (across parts)","zone_fid (paddock)","77e3ef0aecd1497c187d930959110d994081c800b510c78004514a007126494a","diagnostic - NOT registered, and nothing here is proposed for registration"
"form_summary","whole_record","1988-2022","pooled","cubic",115,64,0.997691428571428,58.8975085714286,8.8053647111162,0.4981271212081,0.0256298153025981,7.885781930153,48.4055170972719,1.00010798446377,-0.00769935531624644,-2.33830418013377e-05,,,,"pixel","part (paddock x community)","pixel-weighted by the part's cell count","BETWEEN-UNIT (across parts)","zone_fid (paddock)","77e3ef0aecd1497c187d930959110d994081c800b510c78004514a007126494a","diagnostic - NOT registered, and nothing here is proposed for registration"
"form_summary","whole_record","1988-2022","aeolian","linear",17,17,0.997691428571428,19.7088285714286,15.7448187360795,0.00545118477039996,0,12.3577535284503,49.5155494720645,-0.308531743033839,,,,,,"pixel","part (paddock x community)","pixel-weighted by the part's cell count","BETWEEN-UNIT (across parts)","zone_fid (paddock)","77e3ef0aecd1497c187d930959110d994081c800b510c78004514a007126494a","diagnostic - NOT registered, and nothing here is proposed for registration"
"form_summary","whole_record","1988-2022","aeolian","quadratic",17,17,0.997691428571428,19.7088285714286,16.2015663465136,0.111728174745149,0.106276989974749,11.6788322504053,58.9352304542456,-4.38446306476512,0.306290955921606,,,,,"pixel","part (paddock x community)","pixel-weighted by the part's cell count","BETWEEN-UNIT (across parts)","zone_fid (paddock)","77e3ef0aecd1497c187d930959110d994081c800b510c78004514a007126494a","diagnostic - NOT registered, and nothing here is proposed for registration"
"form_summary","whole_record","1988-2022","aeolian","sqrt_x",17,17,0.997691428571428,19.7088285714286,15.6692442082997,0.0254681312243649,0.0200169464539649,12.2327612569097,54.2617517219346,-3.04239484917635,,,,,,"pixel","part (paddock x community)","pixel-weighted by the part's cell count","BETWEEN-UNIT (across parts)","zone_fid (paddock)","77e3ef0aecd1497c187d930959110d994081c800b510c78004514a007126494a","diagnostic - NOT registered, and nothing here is proposed for registration"
"form_summary","whole_record","1988-2022","aeolian","log_x1",17,17,0.997691428571428,19.7088285714286,15.4649709541511,0.0452261017951543,0.0397749170247543,12.1081208162502,56.5110632247121,-5.32130571762293,,,,,,"pixel","part (paddock x community)","pixel-weighted by the part's cell count","BETWEEN-UNIT (across parts)","zone_fid (paddock)","77e3ef0aecd1497c187d930959110d994081c800b510c78004514a007126494a","diagnostic - NOT registered, and nothing here is proposed for registration"
"form_summary","whole_record","1988-2022","aeolian","cubic",17,17,0.997691428571428,19.7088285714286,48.5952580989125,0.213606941613098,0.208155756842698,10.9886998879022,70.1239911570143,-11.6929147156908,1.47988709743516,-0.0500198612734433,,,,"pixel","part (paddock x community)","pixel-weighted by the part's cell count","BETWEEN-UNIT (across parts)","zone_fid (paddock)","77e3ef0aecd1497c187d930959110d994081c800b510c78004514a007126494a","diagnostic - NOT registered, and nothing here is proposed for registration"
"form_summary","whole_record","1988-2022","riverine","linear",37,37,3.0222,33.2615057142857,11.7469320005778,0.0662073445998673,0,9.6074209931447,49.6683762114536,0.347531513869848,,,,,,"pixel","part (paddock x community)","pixel-weighted by the part's cell count","BETWEEN-UNIT (across parts)","zone_fid (paddock)","77e3ef0aecd1497c187d930959110d994081c800b510c78004514a007126494a","diagnostic - NOT registered, and nothing here is proposed for registration"
"form_summary","whole_record","1988-2022","riverine","quadratic",37,37,3.0222,33.2615057142857,11.9936589900952,0.176755942938078,0.11054859833821,9.02081750573799,58.407907307671,-1.10807091703475,0.0466016986780958,,,,,"pixel","part (paddock x community)","pixel-weighted by the part's cell count","BETWEEN-UNIT (across parts)","zone_fid (paddock)","77e3ef0aecd1497c187d930959110d994081c800b510c78004514a007126494a","diagnostic - NOT registered, and nothing here is proposed for registration"
"form_summary","whole_record","1988-2022","riverine","sqrt_x",37,37,3.0222,33.2615057142857,12.4380372334174,0.0324709630298248,-0.0337363815700426,9.77943126768729,48.316276804881,1.73316268737978,,,,,,"pixel","part (paddock x community)","pixel-weighted by the part's cell count","BETWEEN-UNIT (across parts)","zone_fid (paddock)","77e3ef0aecd1497c187d930959110d994081c800b510c78004514a007126494a","diagnostic - NOT registered, and nothing here is proposed for registration"
"form_summary","whole_record","1988-2022","riverine","log_x1",37,37,3.0222,33.2615057142857,12.984924475027,0.0113106966917181,-0.0548966479081492,9.88579300335805,49.8343628340214,1.84458826943879,,,,,,"pixel","part (paddock x community)","pixel-weighted by the part's cell count","BETWEEN-UNIT (across parts)","zone_fid (paddock)","77e3ef0aecd1497c187d930959110d994081c800b510c78004514a007126494a","diagnostic - NOT registered, and nothing here is proposed for registration"
"form_summary","whole_record","1988-2022","riverine","cubic",37,37,3.0222,33.2615057142857,11.7963375285722,0.293411644927218,0.227204300327351,8.35727768781137,76.4368852072327,-6.25603158994636,0.404487411116919,-0.0068455731036901,,,,"pixel","part (paddock x community)","pixel-weighted by the part's cell count","BETWEEN-UNIT (across parts)","zone_fid (paddock)","77e3ef0aecd1497c187d930959110d994081c800b510c78004514a007126494a","diagnostic - NOT registered, and nothing here is proposed for registration"
"form_summary","whole_record","1988-2022","inland","linear",61,61,5.9298,58.8975085714286,4.61669290246569,0.385901573062982,0,4.39060685541785,62.7902303763017,0.285175839037979,,,,,,"pixel","part (paddock x community)","pixel-weighted by the part's cell count","BETWEEN-UNIT (across parts)","zone_fid (paddock)","77e3ef0aecd1497c187d930959110d994081c800b510c78004514a007126494a","diagnostic - NOT registered, and nothing here is proposed for registration"
"form_summary","whole_record","1988-2022","inland","quadratic",61,61,5.9298,58.8975085714286,4.70790879004833,0.391713319772771,0.00581174670978946,4.36978140316824,60.7838071065657,0.451157080844534,-0.00283360356167605,,,,,"pixel","part (paddock x community)","pixel-weighted by the part's cell count","BETWEEN-UNIT (across parts)","zone_fid (paddock)","77e3ef0aecd1497c187d930959110d994081c800b510c78004514a007126494a","diagnostic - NOT registered, and nothing here is proposed for registration"
"form_summary","whole_record","1988-2022","inland","sqrt_x",61,61,5.9298,58.8975085714286,4.58319749913371,0.392490454355856,0.00658888129287427,4.36698913951327,55.6617337203627,2.93458976293091,,,,,,"pixel","part (paddock x community)","pixel-weighted by the part's cell count","BETWEEN-UNIT (across parts)","zone_fid (paddock)","77e3ef0aecd1497c187d930959110d994081c800b510c78004514a007126494a","diagnostic - NOT registered, and nothing here is proposed for registration"
"form_summary","whole_record","1988-2022","inland","log_x1",61,61,5.9298,58.8975085714286,4.58595367837726,0.389238624455796,0.00333705139281448,4.3786611811624,46.6666768193994,7.39801713913801,,,,,,"pixel","part (paddock x community)","pixel-weighted by the part's cell count","BETWEEN-UNIT (across parts)","zone_fid (paddock)","77e3ef0aecd1497c187d930959110d994081c800b510c78004514a007126494a","diagnostic - NOT registered, and nothing here is proposed for registration"
"form_summary","whole_record","1988-2022","inland","cubic",61,61,5.9298,58.8975085714286,4.94461965426118,0.39295969435916,0.00705812129617844,4.36530228384204,58.9224763136334,0.695845042123415,-0.011768270713862,9.69080108150279e-05,,,,"pixel","part (paddock x community)","pixel-weighted by the part's cell count","BETWEEN-UNIT (across parts)","zone_fid (paddock)","77e3ef0aecd1497c187d930959110d994081c800b510c78004514a007126494a","diagnostic - NOT registered, and nothing here is proposed for registration"
"form_summary","cropping_era","1988-2013","pooled","linear",115,64,0.11655,53.3137076923077,9.21241234690128,0.467552722323283,0,8.69280961774986,52.3320616676638,0.592241397897206,,,,,,"pixel","part (paddock x community)","pixel-weighted by the part's cell count","BETWEEN-UNIT (across parts)","zone_fid (paddock)","77e3ef0aecd1497c187d930959110d994081c800b510c78004514a007126494a","diagnostic - NOT registered, and nothing here is proposed for registration"
"form_summary","cropping_era","1988-2013","pooled","quadratic",115,64,0.11655,53.3137076923077,9.20933759855713,0.487533144293728,0.0199804219704441,8.52814849549738,48.7530257227516,1.05784773712274,-0.00993012556083708,,,,,"pixel","part (paddock x community)","pixel-weighted by the part's cell count","BETWEEN-UNIT (across parts)","zone_fid (paddock)","77e3ef0aecd1497c187d930959110d994081c800b510c78004514a007126494a","diagnostic - NOT registered, and nothing here is proposed for registration"
"form_summary","cropping_era","1988-2013","pooled","sqrt_x",115,64,0.11655,53.3137076923077,9.14779478391384,0.477378256892149,0.00982553456886581,8.61222960617505,43.1672875050959,5.05367647736037,,,,,,"pixel","part (paddock x community)","pixel-weighted by the part's cell count","BETWEEN-UNIT (across parts)","zone_fid (paddock)","77e3ef0aecd1497c187d930959110d994081c800b510c78004514a007126494a","diagnostic - NOT registered, and nothing here is proposed for registration"
"form_summary","cropping_era","1988-2013","pooled","log_x1",115,64,0.11655,53.3137076923077,9.40890623191741,0.447773850125348,-0.0197788721979353,8.85279376173526,37.4635113370991,9.74835819341737,,,,,,"pixel","part (paddock x community)","pixel-weighted by the part's cell count","BETWEEN-UNIT (across parts)","zone_fid (paddock)","77e3ef0aecd1497c187d930959110d994081c800b510c78004514a007126494a","diagnostic - NOT registered, and nothing here is proposed for registration"
"form_summary","cropping_era","1988-2013","pooled","cubic",115,64,0.11655,53.3137076923077,9.36493861810011,0.487823307760122,0.0202705854368384,8.5257337954243,49.2909933928216,0.93254227820844,-0.00374762961991277,-8.27001459750003e-05,,,,"pixel","part (paddock x community)","pixel-weighted by the part's cell count","BETWEEN-UNIT (across parts)","zone_fid (paddock)","77e3ef0aecd1497c187d930959110d994081c800b510c78004514a007126494a","diagnostic - NOT registered, and nothing here is proposed for registration"
"form_summary","cropping_era","1988-2013","aeolian","linear",17,17,0.11655,18.8633038461538,15.8337597918576,0.00747787476106709,0,12.8085739334879,46.9656640667701,-0.372995202977802,,,,,,"pixel","part (paddock x community)","pixel-weighted by the part's cell count","BETWEEN-UNIT (across parts)","zone_fid (paddock)","77e3ef0aecd1497c187d930959110d994081c800b510c78004514a007126494a","diagnostic - NOT registered, and nothing here is proposed for registration"
"form_summary","cropping_era","1988-2013","aeolian","quadratic",17,17,0.11655,18.8633038461538,16.9956383704194,0.157472139280129,0.149994264519062,11.8011088601624,53.8350924167198,-4.64486959546556,0.389094439797699,,,,,"pixel","part (paddock x community)","pixel-weighted by the part's cell count","BETWEEN-UNIT (across parts)","zone_fid (paddock)","77e3ef0aecd1497c187d930959110d994081c800b510c78004514a007126494a","diagnostic - NOT registered, and nothing here is proposed for registration"
"form_summary","cropping_era","1988-2013","aeolian","sqrt_x",17,17,0.11655,18.8633038461538,15.6076517391595,0.0486091834500469,0.0411313086889799,12.5403644597523,52.0745477479796,-3.71627136140761,,,,,,"pixel","part (paddock x community)","pixel-weighted by the part's cell count","BETWEEN-UNIT (across parts)","zone_fid (paddock)","77e3ef0aecd1497c187d930959110d994081c800b510c78004514a007126494a","diagnostic - NOT registered, and nothing here is proposed for registration"
"form_summary","cropping_era","1988-2013","aeolian","log_x1",17,17,0.11655,18.8633038461538,15.3922395115647,0.0796787112019921,0.072200836440925,12.333899778168,53.2648940501131,-5.75565241379296,,,,,,"pixel","part (paddock x community)","pixel-weighted by the part's cell count","BETWEEN-UNIT (across parts)","zone_fid (paddock)","77e3ef0aecd1497c187d930959110d994081c800b510c78004514a007126494a","diagnostic - NOT registered, and nothing here is proposed for registration"
"form_summary","cropping_era","1988-2013","aeolian","cubic",17,17,0.11655,18.8633038461538,49.1456229745321,0.345392847429644,0.337914972668577,10.4021007109002,62.2100350144538,-12.7098063212549,1.90481123442832,-0.0706921538994855,,,,"pixel","part (paddock x community)","pixel-weighted by the part's cell count","BETWEEN-UNIT (across parts)","zone_fid (paddock)","77e3ef0aecd1497c187d930959110d994081c800b510c78004514a007126494a","diagnostic - NOT registered, and nothing here is proposed for registration"
"form_summary","cropping_era","1988-2013","riverine","linear",37,37,1.21322692307692,32.3360384615385,12.7956827656148,0.0556987580943442,0,10.6784796089891,49.3587797777368,0.377099766142468,,,,,,"pixel","part (paddock x community)","pixel-weighted by the part's cell count","BETWEEN-UNIT (across parts)","zone_fid (paddock)","77e3ef0aecd1497c187d930959110d994081c800b510c78004514a007126494a","diagnostic - NOT registered, and nothing here is proposed for registration"
"form_summary","cropping_era","1988-2013","riverine","quadratic",37,37,1.21322692307692,32.3360384615385,13.0701939605362,0.125399546033761,0.0697007879394167,10.2768257174257,56.0031295496447,-0.894530529939236,0.0449719110955871,,,,,"pixel","part (paddock x community)","pixel-weighted by the part's cell count","BETWEEN-UNIT (across parts)","zone_fid (paddock)","77e3ef0aecd1497c187d930959110d994081c800b510c78004514a007126494a","diagnostic - NOT registered, and nothing here is proposed for registration"
"form_summary","cropping_era","1988-2013","riverine","sqrt_x",37,37,1.21322692307692,32.3360384615385,13.2253274052149,0.0305485542282442,-0.0251502038661,10.8197486912221,47.750088145456,1.85381992932266,,,,,,"pixel","part (paddock x community)","pixel-weighted by the part's cell count","BETWEEN-UNIT (across parts)","zone_fid (paddock)","77e3ef0aecd1497c187d930959110d994081c800b510c78004514a007126494a","diagnostic - NOT registered, and nothing here is proposed for registration"
"form_summary","cropping_era","1988-2013","riverine","log_x1",37,37,1.21322692307692,32.3360384615385,13.4524296694457,0.0142105971482989,-0.0414881609460453,10.9105392219552,48.7566998875714,2.1314723325627,,,,,,"pixel","part (paddock x community)","pixel-weighted by the part's cell count","BETWEEN-UNIT (across parts)","zone_fid (paddock)","77e3ef0aecd1497c187d930959110d994081c800b510c78004514a007126494a","diagnostic - NOT registered, and nothing here is proposed for registration"
"form_summary","cropping_era","1988-2013","riverine","cubic",37,37,1.21322692307692,32.3360384615385,14.0750972455549,0.127679879402234,0.0719811213078898,10.263419662345,58.046167882412,-1.59425036400455,0.100689532008513,-0.00118380582265827,,,,"pixel","part (paddock x community)","pixel-weighted by the part's cell count","BETWEEN-UNIT (across parts)","zone_fid (paddock)","77e3ef0aecd1497c187d930959110d994081c800b510c78004514a007126494a","diagnostic - NOT registered, and nothing here is proposed for registration"
"form_summary","cropping_era","1988-2013","inland","linear",61,61,2.24026538461538,53.3137076923077,4.84053164494423,0.381562233336472,0,4.62940988853501,62.8450792738943,0.301493449962009,,,,,,"pixel","part (paddock x community)","pixel-weighted by the part's cell count","BETWEEN-UNIT (across parts)","zone_fid (paddock)","77e3ef0aecd1497c187d930959110d994081c800b510c78004514a007126494a","diagnostic - NOT registered, and nothing here is proposed for registration"
"form_summary","cropping_era","1988-2013","inland","quadratic",61,61,2.24026538461538,53.3137076923077,4.92232536390448,0.384282246406253,0.00272001306978142,4.61921813424019,61.761130975313,0.407620856834913,-0.00202914978341275,,,,,"pixel","part (paddock x community)","pixel-weighted by the part's cell count","BETWEEN-UNIT (across parts)","zone_fid (paddock)","77e3ef0aecd1497c187d930959110d994081c800b510c78004514a007126494a","diagnostic - NOT registered, and nothing here is proposed for registration"
"form_summary","cropping_era","1988-2013","inland","sqrt_x",61,61,2.24026538461538,53.3137076923077,4.8180520826509,0.382982401820181,0.00142016848370896,4.62409138994945,56.7340188683668,2.83604994322694,,,,,,"pixel","part (paddock x community)","pixel-weighted by the part's cell count","BETWEEN-UNIT (across parts)","zone_fid (paddock)","77e3ef0aecd1497c187d930959110d994081c800b510c78004514a007126494a","diagnostic - NOT registered, and nothing here is proposed for registration"
"form_summary","cropping_era","1988-2013","inland","log_x1",61,61,2.24026538461538,53.3137076923077,4.86632623177078,0.368496520127296,-0.0130657132091759,4.67805698106023,50.7012531119632,6.35430472772953,,,,,,"pixel","part (paddock x community)","pixel-weighted by the part's cell count","BETWEEN-UNIT (across parts)","zone_fid (paddock)","77e3ef0aecd1497c187d930959110d994081c800b510c78004514a007126494a","diagnostic - NOT registered, and nothing here is proposed for registration"
"form_summary","cropping_era","1988-2013","inland","cubic",61,61,2.24026538461538,53.3137076923077,5.01068718097438,0.384475124487421,0.00291289115094884,4.6184945756699,62.246925932687,0.326400000493861,0.0013945723319252,-4.1483792213862e-05,,,,"pixel","part (paddock x community)","pixel-weighted by the part's cell count","BETWEEN-UNIT (across parts)","zone_fid (paddock)","77e3ef0aecd1497c187d930959110d994081c800b510c78004514a007126494a","diagnostic - NOT registered, and nothing here is proposed for registration"
"form_summary","post_management","2018-2022","pooled","linear",115,64,2.37424,83.87392,8.65378014324427,0.335390695824622,0,8.21085329791612,54.0781037652426,0.324225093305476,,,,,,"pixel","part (paddock x community)","pixel-weighted by the part's cell count","BETWEEN-UNIT (across parts)","zone_fid (paddock)","77e3ef0aecd1497c187d930959110d994081c800b510c78004514a007126494a","diagnostic - NOT registered, and nothing here is proposed for registration"
"form_summary","post_management","2018-2022","pooled","quadratic",115,64,2.37424,83.87392,8.88434227850978,0.33593964318268,0.000548947358057328,8.20746163810138,54.8315203107507,0.273300531304082,0.000666640421844635,,,,,"pixel","part (paddock x community)","pixel-weighted by the part's cell count","BETWEEN-UNIT (across parts)","zone_fid (paddock)","77e3ef0aecd1497c187d930959110d994081c800b510c78004514a007126494a","diagnostic - NOT registered, and nothing here is proposed for registration"
"form_summary","post_management","2018-2022","pooled","sqrt_x",115,64,2.37424,83.87392,8.89057687941739,0.314626715843981,-0.0207639799806412,8.33813015669881,45.5235718119686,3.49995917989299,,,,,,"pixel","part (paddock x community)","pixel-weighted by the part's cell count","BETWEEN-UNIT (across parts)","zone_fid (paddock)","77e3ef0aecd1497c187d930959110d994081c800b510c78004514a007126494a","diagnostic - NOT registered, and nothing here is proposed for registration"
"form_summary","post_management","2018-2022","pooled","log_x1",115,64,2.37424,83.87392,9.42013889705619,0.264200310914147,-0.071190384910475,8.63942590435476,37.2539070936952,8.24925929396911,,,,,,"pixel","part (paddock x community)","pixel-weighted by the part's cell count","BETWEEN-UNIT (across parts)","zone_fid (paddock)","77e3ef0aecd1497c187d930959110d994081c800b510c78004514a007126494a","diagnostic - NOT registered, and nothing here is proposed for registration"
"form_summary","post_management","2018-2022","pooled","cubic",115,64,2.37424,83.87392,9.11647513008364,0.335979130597611,0.000588434772988422,8.20721761189355,54.5733306980448,0.303726942729278,-0.000245362564840578,7.70586885379242e-06,,,,"pixel","part (paddock x community)","pixel-weighted by the part's cell count","BETWEEN-UNIT (across parts)","zone_fid (paddock)","77e3ef0aecd1497c187d930959110d994081c800b510c78004514a007126494a","diagnostic - NOT registered, and nothing here is proposed for registration"
"form_summary","post_management","2018-2022","aeolian","linear",17,17,3.9967,27.6433,15.0951023080757,0.00413854818021309,0,10.3527115574887,54.3837755729735,-0.140753590083465,,,,,,"pixel","part (paddock x community)","pixel-weighted by the part's cell count","BETWEEN-UNIT (across parts)","zone_fid (paddock)","77e3ef0aecd1497c187d930959110d994081c800b510c78004514a007126494a","diagnostic - NOT registered, and nothing here is proposed for registration"
"form_summary","post_management","2018-2022","aeolian","quadratic",17,17,3.9967,27.6433,18.3454770979993,0.0720906128053869,0.0679520646251738,9.99326576287074,42.6765664724945,2.32782369158475,-0.106200329070618,,,,,"pixel","part (paddock x community)","pixel-weighted by the part's cell count","BETWEEN-UNIT (across parts)","zone_fid (paddock)","77e3ef0aecd1497c187d930959110d994081c800b510c78004514a007126494a","diagnostic - NOT registered, and nothing here is proposed for registration"
"form_summary","post_management","2018-2022","aeolian","sqrt_x",17,17,3.9967,27.6433,16.0345898175064,0.000368015436518654,-0.00377053274369443,10.3722917705795,53.7950408244403,-0.26905452701181,,,,,,"pixel","part (paddock x community)","pixel-weighted by the part's cell count","BETWEEN-UNIT (across parts)","zone_fid (paddock)","77e3ef0aecd1497c187d930959110d994081c800b510c78004514a007126494a","diagnostic - NOT registered, and nothing here is proposed for registration"
"form_summary","post_management","2018-2022","aeolian","log_x1",17,17,3.9967,27.6433,16.8003554586362,0.000448130113868794,-0.00369041806634429,10.3718761228854,51.7948629094711,0.505390391546071,,,,,,"pixel","part (paddock x community)","pixel-weighted by the part's cell count","BETWEEN-UNIT (across parts)","zone_fid (paddock)","77e3ef0aecd1497c187d930959110d994081c800b510c78004514a007126494a","diagnostic - NOT registered, and nothing here is proposed for registration"
"form_summary","post_management","2018-2022","aeolian","cubic",17,17,3.9967,27.6433,20.3553076130634,0.248777677366673,0.244639129186459,8.99163968458312,8.67521332170507,13.2159410659993,-1.08895530712843,0.0260519125618296,,,,"pixel","part (paddock x community)","pixel-weighted by the part's cell count","BETWEEN-UNIT (across parts)","zone_fid (paddock)","77e3ef0aecd1497c187d930959110d994081c800b510c78004514a007126494a","diagnostic - NOT registered, and nothing here is proposed for registration"
"form_summary","post_management","2018-2022","riverine","linear",37,37,2.37424,52.87326,10.1568131818189,0.000301861404706227,0,8.19253799488833,53.9539970385259,0.0103163809583763,,,,,,"pixel","part (paddock x community)","pixel-weighted by the part's cell count","BETWEEN-UNIT (across parts)","zone_fid (paddock)","77e3ef0aecd1497c187d930959110d994081c800b510c78004514a007126494a","diagnostic - NOT registered, and nothing here is proposed for registration"
"form_summary","post_management","2018-2022","riverine","quadratic",37,37,2.37424,52.87326,8.50601590878841,0.382037115040719,0.381735253636013,6.4411767773011,68.119558552289,-1.34020843478587,0.0241935674581387,,,,,"pixel","part (paddock x community)","pixel-weighted by the part's cell count","BETWEEN-UNIT (across parts)","zone_fid (paddock)","77e3ef0aecd1497c187d930959110d994081c800b510c78004514a007126494a","diagnostic - NOT registered, and nothing here is proposed for registration"
"form_summary","post_management","2018-2022","riverine","sqrt_x",37,37,2.37424,52.87326,11.1745077097026,0.0169902391677842,0.016688377763078,8.1238694848424,57.6933609201161,-0.709820839870654,,,,,,"pixel","part (paddock x community)","pixel-weighted by the part's cell count","BETWEEN-UNIT (across parts)","zone_fid (paddock)","77e3ef0aecd1497c187d930959110d994081c800b510c78004514a007126494a","diagnostic - NOT registered, and nothing here is proposed for registration"
"form_summary","post_management","2018-2022","riverine","log_x1",37,37,2.37424,52.87326,12.4293794539461,0.0740756901024879,0.0737738286977817,7.88445657816157,63.8558794771454,-3.09615611136441,,,,,,"pixel","part (paddock x community)","pixel-weighted by the part's cell count","BETWEEN-UNIT (across parts)","zone_fid (paddock)","77e3ef0aecd1497c187d930959110d994081c800b510c78004514a007126494a","diagnostic - NOT registered, and nothing here is proposed for registration"
"form_summary","post_management","2018-2022","riverine","cubic",37,37,2.37424,52.87326,6.64974892578571,0.460877935795327,0.460576074390621,6.01627356233673,73.3773571109075,-2.53390360939787,0.0824382088989866,-0.00074538248307606,,,,"pixel","part (paddock x community)","pixel-weighted by the part's cell count","BETWEEN-UNIT (across parts)","zone_fid (paddock)","77e3ef0aecd1497c187d930959110d994081c800b510c78004514a007126494a","diagnostic - NOT registered, and nothing here is proposed for registration"
"form_summary","post_management","2018-2022","inland","linear",61,61,10.8969,83.87392,5.74365494604796,0.288801359481701,0,5.43036901735536,61.1820256071848,0.212479158009304,,,,,,"pixel","part (paddock x community)","pixel-weighted by the part's cell count","BETWEEN-UNIT (across parts)","zone_fid (paddock)","77e3ef0aecd1497c187d930959110d994081c800b510c78004514a007126494a","diagnostic - NOT registered, and nothing here is proposed for registration"
"form_summary","post_management","2018-2022","inland","quadratic",61,61,10.8969,83.87392,5.80032545409513,0.300956419692174,0.0121550602104737,5.38376394600232,65.3614346034172,-0.0124691780588184,0.00259239384584552,,,,,"pixel","part (paddock x community)","pixel-weighted by the part's cell count","BETWEEN-UNIT (across parts)","zone_fid (paddock)","77e3ef0aecd1497c187d930959110d994081c800b510c78004514a007126494a","diagnostic - NOT registered, and nothing here is proposed for registration"
"form_summary","post_management","2018-2022","inland","sqrt_x",61,61,10.8969,83.87392,5.82563268202136,0.274739032801657,-0.0140623266800436,5.48379279109842,53.5300098699589,2.60948431161409,,,,,,"pixel","part (paddock x community)","pixel-weighted by the part's cell count","BETWEEN-UNIT (across parts)","zone_fid (paddock)","77e3ef0aecd1497c187d930959110d994081c800b510c78004514a007126494a","diagnostic - NOT registered, and nothing here is proposed for registration"
"form_summary","post_management","2018-2022","inland","log_x1",61,61,10.8969,83.87392,5.91791081645507,0.256540022560333,-0.0322613369213675,5.5521690518262,41.1722051244783,7.85645293931276,,,,,,"pixel","part (paddock x community)","pixel-weighted by the part's cell count","BETWEEN-UNIT (across parts)","zone_fid (paddock)","77e3ef0aecd1497c187d930959110d994081c800b510c78004514a007126494a","diagnostic - NOT registered, and nothing here is proposed for registration"
"form_summary","post_management","2018-2022","inland","cubic",61,61,10.8969,83.87392,5.91431667769666,0.30662938760321,0.0178280281215091,5.36187393935159,58.5768157585448,0.539682093850748,-0.0106017084883425,9.56018820161441e-05,,,,"pixel","part (paddock x community)","pixel-weighted by the part's cell count","BETWEEN-UNIT (across parts)","zone_fid (paddock)","77e3ef0aecd1497c187d930959110d994081c800b510c78004514a007126494a","diagnostic - NOT registered, and nothing here is proposed for registration"
"part_residual","whole_record","1988-2022","pooled","linear",115,64,,,,0.472497305905502,,8.0846317084291,,,,,"01_inland","inland",-7.62281467320477,"pixel","part (paddock x community)","pixel-weighted by the part's cell count","BETWEEN-UNIT (across parts)","zone_fid (paddock)","77e3ef0aecd1497c187d930959110d994081c800b510c78004514a007126494a","diagnostic - NOT registered, and nothing here is proposed for registration"
"part_residual","whole_record","1988-2022","pooled","linear",115,64,,,,0.472497305905502,,8.0846317084291,,,,,"01_riverine","riverine",-3.98688901806948,"pixel","part (paddock x community)","pixel-weighted by the part's cell count","BETWEEN-UNIT (across parts)","zone_fid (paddock)","77e3ef0aecd1497c187d930959110d994081c800b510c78004514a007126494a","diagnostic - NOT registered, and nothing here is proposed for registration"
"part_residual","whole_record","1988-2022","pooled","linear",115,64,,,,0.472497305905502,,8.0846317084291,,,,,"02_inland","inland",-0.934162384594018,"pixel","part (paddock x community)","pixel-weighted by the part's cell count","BETWEEN-UNIT (across parts)","zone_fid (paddock)","77e3ef0aecd1497c187d930959110d994081c800b510c78004514a007126494a","diagnostic - NOT registered, and nothing here is proposed for registration"
"part_residual","whole_record","1988-2022","pooled","linear",115,64,,,,0.472497305905502,,8.0846317084291,,,,,"03_inland","inland",-3.81297838686463,"pixel","part (paddock x community)","pixel-weighted by the part's cell count","BETWEEN-UNIT (across parts)","zone_fid (paddock)","77e3ef0aecd1497c187d930959110d994081c800b510c78004514a007126494a","diagnostic - NOT registered, and nothing here is proposed for registration"
"part_residual","whole_record","1988-2022","pooled","linear",115,64,,,,0.472497305905502,,8.0846317084291,,,,,"03_riverine","riverine",-2.94049782191506,"pixel","part (paddock x community)","pixel-weighted by the part's cell count","BETWEEN-UNIT (across parts)","zone_fid (paddock)","77e3ef0aecd1497c187d930959110d994081c800b510c78004514a007126494a","diagnostic - NOT registered, and nothing here is proposed for registration"
"part_residual","whole_record","1988-2022","pooled","linear",115,64,,,,0.472497305905502,,8.0846317084291,,,,,"04_aeolian","aeolian",-24.8453786859863,"pixel","part (paddock x community)","pixel-weighted by the part's cell count","BETWEEN-UNIT (across parts)","zone_fid (paddock)","77e3ef0aecd1497c187d930959110d994081c800b510c78004514a007126494a","diagnostic - NOT registered, and nothing here is proposed for registration"
"part_residual","whole_record","1988-2022","pooled","linear",115,64,,,,0.472497305905502,,8.0846317084291,,,,,"04_inland","inland",5.87301396116153,"pixel","part (paddock x community)","pixel-weighted by the part's cell count","BETWEEN-UNIT (across parts)","zone_fid (paddock)","77e3ef0aecd1497c187d930959110d994081c800b510c78004514a007126494a","diagnostic - NOT registered, and nothing here is proposed for registration"
"part_residual","whole_record","1988-2022","pooled","linear",115,64,,,,0.472497305905502,,8.0846317084291,,,,,"04_riverine","riverine",-21.5752779580664,"pixel","part (paddock x community)","pixel-weighted by the part's cell count","BETWEEN-UNIT (across parts)","zone_fid (paddock)","77e3ef0aecd1497c187d930959110d994081c800b510c78004514a007126494a","diagnostic - NOT registered, and nothing here is proposed for registration"
"part_residual","whole_record","1988-2022","pooled","linear",115,64,,,,0.472497305905502,,8.0846317084291,,,,,"05_inland","inland",9.74380383352882,"pixel","part (paddock x community)","pixel-weighted by the part's cell count","BETWEEN-UNIT (across parts)","zone_fid (paddock)","77e3ef0aecd1497c187d930959110d994081c800b510c78004514a007126494a","diagnostic - NOT registered, and nothing here is proposed for registration"
"part_residual","whole_record","1988-2022","pooled","linear",115,64,,,,0.472497305905502,,8.0846317084291,,,,,"05_riverine","riverine",9.02007544757055,"pixel","part (paddock x community)","pixel-weighted by the part's cell count","BETWEEN-UNIT (across parts)","zone_fid (paddock)","77e3ef0aecd1497c187d930959110d994081c800b510c78004514a007126494a","diagnostic - NOT registered, and nothing here is proposed for registration"
"part_residual","whole_record","1988-2022","pooled","linear",115,64,,,,0.472497305905502,,8.0846317084291,,,,,"06_inland","inland",10.6220776119005,"pixel","part (paddock x community)","pixel-weighted by the part's cell count","BETWEEN-UNIT (across parts)","zone_fid (paddock)","77e3ef0aecd1497c187d930959110d994081c800b510c78004514a007126494a","diagnostic - NOT registered, and nothing here is proposed for registration"
"part_residual","whole_record","1988-2022","pooled","linear",115,64,,,,0.472497305905502,,8.0846317084291,,,,,"06_riverine","riverine",9.26377231992995,"pixel","part (paddock x community)","pixel-weighted by the part's cell count","BETWEEN-UNIT (across parts)","zone_fid (paddock)","77e3ef0aecd1497c187d930959110d994081c800b510c78004514a007126494a","diagnostic - NOT registered, and nothing here is proposed for registration"
"part_residual","whole_record","1988-2022","pooled","linear",115,64,,,,0.472497305905502,,8.0846317084291,,,,,"07_inland","inland",4.78590512211112,"pixel","part (paddock x community)","pixel-weighted by the part's cell count","BETWEEN-UNIT (across parts)","zone_fid (paddock)","77e3ef0aecd1497c187d930959110d994081c800b510c78004514a007126494a","diagnostic - NOT registered, and nothing here is proposed for registration"
"part_residual","whole_record","1988-2022","pooled","linear",115,64,,,,0.472497305905502,,8.0846317084291,,,,,"08_inland","inland",9.21802091276606,"pixel","part (paddock x community)","pixel-weighted by the part's cell count","BETWEEN-UNIT (across parts)","zone_fid (paddock)","77e3ef0aecd1497c187d930959110d994081c800b510c78004514a007126494a","diagnostic - NOT registered, and nothing here is proposed for registration"
"part_residual","whole_record","1988-2022","pooled","linear",115,64,,,,0.472497305905502,,8.0846317084291,,,,,"09_inland","inland",5.20293437448174,"pixel","part (paddock x community)","pixel-weighted by the part's cell count","BETWEEN-UNIT (across parts)","zone_fid (paddock)","77e3ef0aecd1497c187d930959110d994081c800b510c78004514a007126494a","diagnostic - NOT registered, and nothing here is proposed for registration"
"part_residual","whole_record","1988-2022","pooled","linear",115,64,,,,0.472497305905502,,8.0846317084291,,,,,"09_riverine","riverine",8.18781009747014,"pixel","part (paddock x community)","pixel-weighted by the part's cell count","BETWEEN-UNIT (across parts)","zone_fid (paddock)","77e3ef0aecd1497c187d930959110d994081c800b510c78004514a007126494a","diagnostic - NOT registered, and nothing here is proposed for registration"
"part_residual","whole_record","1988-2022","pooled","linear",115,64,,,,0.472497305905502,,8.0846317084291,,,,,"10_inland","inland",12.2159422760361,"pixel","part (paddock x community)","pixel-weighted by the part's cell count","BETWEEN-UNIT (across parts)","zone_fid (paddock)","77e3ef0aecd1497c187d930959110d994081c800b510c78004514a007126494a","diagnostic - NOT registered, and nothing here is proposed for registration"
"part_residual","whole_record","1988-2022","pooled","linear",115,64,,,,0.472497305905502,,8.0846317084291,,,,,"10_riverine","riverine",11.3852988939023,"pixel","part (paddock x community)","pixel-weighted by the part's cell count","BETWEEN-UNIT (across parts)","zone_fid (paddock)","77e3ef0aecd1497c187d930959110d994081c800b510c78004514a007126494a","diagnostic - NOT registered, and nothing here is proposed for registration"
"part_residual","whole_record","1988-2022","pooled","linear",115,64,,,,0.472497305905502,,8.0846317084291,,,,,"11_inland","inland",-0.515699506654926,"pixel","part (paddock x community)","pixel-weighted by the part's cell count","BETWEEN-UNIT (across parts)","zone_fid (paddock)","77e3ef0aecd1497c187d930959110d994081c800b510c78004514a007126494a","diagnostic - NOT registered, and nothing here is proposed for registration"
"part_residual","whole_record","1988-2022","pooled","linear",115,64,,,,0.472497305905502,,8.0846317084291,,,,,"12_inland","inland",-3.7800905894774,"pixel","part (paddock x community)","pixel-weighted by the part's cell count","BETWEEN-UNIT (across parts)","zone_fid (paddock)","77e3ef0aecd1497c187d930959110d994081c800b510c78004514a007126494a","diagnostic - NOT registered, and nothing here is proposed for registration"
"part_residual","whole_record","1988-2022","pooled","linear",115,64,,,,0.472497305905502,,8.0846317084291,,,,,"12_riverine","riverine",-4.05634354340113,"pixel","part (paddock x community)","pixel-weighted by the part's cell count","BETWEEN-UNIT (across parts)","zone_fid (paddock)","77e3ef0aecd1497c187d930959110d994081c800b510c78004514a007126494a","diagnostic - NOT registered, and nothing here is proposed for registration"
"part_residual","whole_record","1988-2022","pooled","linear",115,64,,,,0.472497305905502,,8.0846317084291,,,,,"13_inland","inland",4.96877439185062,"pixel","part (paddock x community)","pixel-weighted by the part's cell count","BETWEEN-UNIT (across parts)","zone_fid (paddock)","77e3ef0aecd1497c187d930959110d994081c800b510c78004514a007126494a","diagnostic - NOT registered, and nothing here is proposed for registration"
"part_residual","whole_record","1988-2022","pooled","linear",115,64,,,,0.472497305905502,,8.0846317084291,,,,,"14_inland","inland",-17.6541311670633,"pixel","part (paddock x community)","pixel-weighted by the part's cell count","BETWEEN-UNIT (across parts)","zone_fid (paddock)","77e3ef0aecd1497c187d930959110d994081c800b510c78004514a007126494a","diagnostic - NOT registered, and nothing here is proposed for registration"
"part_residual","whole_record","1988-2022","pooled","linear",115,64,,,,0.472497305905502,,8.0846317084291,,,,,"15_inland","inland",6.23191748456939,"pixel","part (paddock x community)","pixel-weighted by the part's cell count","BETWEEN-UNIT (across parts)","zone_fid (paddock)","77e3ef0aecd1497c187d930959110d994081c800b510c78004514a007126494a","diagnostic - NOT registered, and nothing here is proposed for registration"
"part_residual","whole_record","1988-2022","pooled","linear",115,64,,,,0.472497305905502,,8.0846317084291,,,,,"16_inland","inland",1.5041885200726,"pixel","part (paddock x community)","pixel-weighted by the part's cell count","BETWEEN-UNIT (across parts)","zone_fid (paddock)","77e3ef0aecd1497c187d930959110d994081c800b510c78004514a007126494a","diagnostic - NOT registered, and nothing here is proposed for registration"
"part_residual","whole_record","1988-2022","pooled","linear",115,64,,,,0.472497305905502,,8.0846317084291,,,,,"16_riverine","riverine",9.17140629378422,"pixel","part (paddock x community)","pixel-weighted by the part's cell count","BETWEEN-UNIT (across parts)","zone_fid (paddock)","77e3ef0aecd1497c187d930959110d994081c800b510c78004514a007126494a","diagnostic - NOT registered, and nothing here is proposed for registration"
"part_residual","whole_record","1988-2022","pooled","linear",115,64,,,,0.472497305905502,,8.0846317084291,,,,,"17_inland","inland",4.43617338803288,"pixel","part (paddock x community)","pixel-weighted by the part's cell count","BETWEEN-UNIT (across parts)","zone_fid (paddock)","77e3ef0aecd1497c187d930959110d994081c800b510c78004514a007126494a","diagnostic - NOT registered, and nothing here is proposed for registration"
"part_residual","whole_record","1988-2022","pooled","linear",115,64,,,,0.472497305905502,,8.0846317084291,,,,,"18_aeolian","aeolian",-10.1613088358658,"pixel","part (paddock x community)","pixel-weighted by the part's cell count","BETWEEN-UNIT (across parts)","zone_fid (paddock)","77e3ef0aecd1497c187d930959110d994081c800b510c78004514a007126494a","diagnostic - NOT registered, and nothing here is proposed for registration"
"part_residual","whole_record","1988-2022","pooled","linear",115,64,,,,0.472497305905502,,8.0846317084291,,,,,"18_inland","inland",2.0349459614666,"pixel","part (paddock x community)","pixel-weighted by the part's cell count","BETWEEN-UNIT (across parts)","zone_fid (paddock)","77e3ef0aecd1497c187d930959110d994081c800b510c78004514a007126494a","diagnostic - NOT registered, and nothing here is proposed for registration"
"part_residual","whole_record","1988-2022","pooled","linear",115,64,,,,0.472497305905502,,8.0846317084291,,,,,"18_riverine","riverine",-2.7298493649892,"pixel","part (paddock x community)","pixel-weighted by the part's cell count","BETWEEN-UNIT (across parts)","zone_fid (paddock)","77e3ef0aecd1497c187d930959110d994081c800b510c78004514a007126494a","diagnostic - NOT registered, and nothing here is proposed for registration"
"part_residual","whole_record","1988-2022","pooled","linear",115,64,,,,0.472497305905502,,8.0846317084291,,,,,"19_inland","inland",0.711540360542358,"pixel","part (paddock x community)","pixel-weighted by the part's cell count","BETWEEN-UNIT (across parts)","zone_fid (paddock)","77e3ef0aecd1497c187d930959110d994081c800b510c78004514a007126494a","diagnostic - NOT registered, and nothing here is proposed for registration"
"part_residual","whole_record","1988-2022","pooled","linear",115,64,,,,0.472497305905502,,8.0846317084291,,,,,"20_inland","inland",-0.875000351294617,"pixel","part (paddock x community)","pixel-weighted by the part's cell count","BETWEEN-UNIT (across parts)","zone_fid (paddock)","77e3ef0aecd1497c187d930959110d994081c800b510c78004514a007126494a","diagnostic - NOT registered, and nothing here is proposed for registration"
"part_residual","whole_record","1988-2022","pooled","linear",115,64,,,,0.472497305905502,,8.0846317084291,,,,,"21_inland","inland",-1.47187334063818,"pixel","part (paddock x community)","pixel-weighted by the part's cell count","BETWEEN-UNIT (across parts)","zone_fid (paddock)","77e3ef0aecd1497c187d930959110d994081c800b510c78004514a007126494a","diagnostic - NOT registered, and nothing here is proposed for registration"
"part_residual","whole_record","1988-2022","pooled","linear",115,64,,,,0.472497305905502,,8.0846317084291,,,,,"21_riverine","riverine",-6.1352169386516,"pixel","part (paddock x community)","pixel-weighted by the part's cell count","BETWEEN-UNIT (across parts)","zone_fid (paddock)","77e3ef0aecd1497c187d930959110d994081c800b510c78004514a007126494a","diagnostic - NOT registered, and nothing here is proposed for registration"
"part_residual","whole_record","1988-2022","pooled","linear",115,64,,,,0.472497305905502,,8.0846317084291,,,,,"22_inland","inland",4.73443069214936,"pixel","part (paddock x community)","pixel-weighted by the part's cell count","BETWEEN-UNIT (across parts)","zone_fid (paddock)","77e3ef0aecd1497c187d930959110d994081c800b510c78004514a007126494a","diagnostic - NOT registered, and nothing here is proposed for registration"
"part_residual","whole_record","1988-2022","pooled","linear",115,64,,,,0.472497305905502,,8.0846317084291,,,,,"23_inland","inland",-1.48424808087705,"pixel","part (paddock x community)","pixel-weighted by the part's cell count","BETWEEN-UNIT (across parts)","zone_fid (paddock)","77e3ef0aecd1497c187d930959110d994081c800b510c78004514a007126494a","diagnostic - NOT registered, and nothing here is proposed for registration"
"part_residual","whole_record","1988-2022","pooled","linear",115,64,,,,0.472497305905502,,8.0846317084291,,,,,"24_inland","inland",3.1106522418948,"pixel","part (paddock x community)","pixel-weighted by the part's cell count","BETWEEN-UNIT (across parts)","zone_fid (paddock)","77e3ef0aecd1497c187d930959110d994081c800b510c78004514a007126494a","diagnostic - NOT registered, and nothing here is proposed for registration"
"part_residual","whole_record","1988-2022","pooled","linear",115,64,,,,0.472497305905502,,8.0846317084291,,,,,"24_riverine","riverine",-8.23056750779239,"pixel","part (paddock x community)","pixel-weighted by the part's cell count","BETWEEN-UNIT (across parts)","zone_fid (paddock)","77e3ef0aecd1497c187d930959110d994081c800b510c78004514a007126494a","diagnostic - NOT registered, and nothing here is proposed for registration"
"part_residual","whole_record","1988-2022","pooled","linear",115,64,,,,0.472497305905502,,8.0846317084291,,,,,"25_inland","inland",1.97916082352555,"pixel","part (paddock x community)","pixel-weighted by the part's cell count","BETWEEN-UNIT (across parts)","zone_fid (paddock)","77e3ef0aecd1497c187d930959110d994081c800b510c78004514a007126494a","diagnostic - NOT registered, and nothing here is proposed for registration"
"part_residual","whole_record","1988-2022","pooled","linear",115,64,,,,0.472497305905502,,8.0846317084291,,,,,"25_riverine","riverine",-2.64229605437205,"pixel","part (paddock x community)","pixel-weighted by the part's cell count","BETWEEN-UNIT (across parts)","zone_fid (paddock)","77e3ef0aecd1497c187d930959110d994081c800b510c78004514a007126494a","diagnostic - NOT registered, and nothing here is proposed for registration"
"part_residual","whole_record","1988-2022","pooled","linear",115,64,,,,0.472497305905502,,8.0846317084291,,,,,"26_inland","inland",5.43387577579665,"pixel","part (paddock x community)","pixel-weighted by the part's cell count","BETWEEN-UNIT (across parts)","zone_fid (paddock)","77e3ef0aecd1497c187d930959110d994081c800b510c78004514a007126494a","diagnostic - NOT registered, and nothing here is proposed for registration"
"part_residual","whole_record","1988-2022","pooled","linear",115,64,,,,0.472497305905502,,8.0846317084291,,,,,"26_riverine","riverine",3.40621226497802,"pixel","part (paddock x community)","pixel-weighted by the part's cell count","BETWEEN-UNIT (across parts)","zone_fid (paddock)","77e3ef0aecd1497c187d930959110d994081c800b510c78004514a007126494a","diagnostic - NOT registered, and nothing here is proposed for registration"
"part_residual","whole_record","1988-2022","pooled","linear",115,64,,,,0.472497305905502,,8.0846317084291,,,,,"27_inland","inland",9.06835344054215,"pixel","part (paddock x community)","pixel-weighted by the part's cell count","BETWEEN-UNIT (across parts)","zone_fid (paddock)","77e3ef0aecd1497c187d930959110d994081c800b510c78004514a007126494a","diagnostic - NOT registered, and nothing here is proposed for registration"
"part_residual","whole_record","1988-2022","pooled","linear",115,64,,,,0.472497305905502,,8.0846317084291,,,,,"27_riverine","riverine",3.34077195937112,"pixel","part (paddock x community)","pixel-weighted by the part's cell count","BETWEEN-UNIT (across parts)","zone_fid (paddock)","77e3ef0aecd1497c187d930959110d994081c800b510c78004514a007126494a","diagnostic - NOT registered, and nothing here is proposed for registration"
"part_residual","whole_record","1988-2022","pooled","linear",115,64,,,,0.472497305905502,,8.0846317084291,,,,,"28_inland","inland",2.91086501056748,"pixel","part (paddock x community)","pixel-weighted by the part's cell count","BETWEEN-UNIT (across parts)","zone_fid (paddock)","77e3ef0aecd1497c187d930959110d994081c800b510c78004514a007126494a","diagnostic - NOT registered, and nothing here is proposed for registration"
"part_residual","whole_record","1988-2022","pooled","linear",115,64,,,,0.472497305905502,,8.0846317084291,,,,,"28_riverine","riverine",-0.75511204448177,"pixel","part (paddock x community)","pixel-weighted by the part's cell count","BETWEEN-UNIT (across parts)","zone_fid (paddock)","77e3ef0aecd1497c187d930959110d994081c800b510c78004514a007126494a","diagnostic - NOT registered, and nothing here is proposed for registration"
"part_residual","whole_record","1988-2022","pooled","linear",115,64,,,,0.472497305905502,,8.0846317084291,,,,,"29_inland","inland",2.49489618189705,"pixel","part (paddock x community)","pixel-weighted by the part's cell count","BETWEEN-UNIT (across parts)","zone_fid (paddock)","77e3ef0aecd1497c187d930959110d994081c800b510c78004514a007126494a","diagnostic - NOT registered, and nothing here is proposed for registration"
"part_residual","whole_record","1988-2022","pooled","linear",115,64,,,,0.472497305905502,,8.0846317084291,,,,,"30_inland","inland",4.6861175278237,"pixel","part (paddock x community)","pixel-weighted by the part's cell count","BETWEEN-UNIT (across parts)","zone_fid (paddock)","77e3ef0aecd1497c187d930959110d994081c800b510c78004514a007126494a","diagnostic - NOT registered, and nothing here is proposed for registration"
"part_residual","whole_record","1988-2022","pooled","linear",115,64,,,,0.472497305905502,,8.0846317084291,,,,,"31_aeolian","aeolian",18.9427307178021,"pixel","part (paddock x community)","pixel-weighted by the part's cell count","BETWEEN-UNIT (across parts)","zone_fid (paddock)","77e3ef0aecd1497c187d930959110d994081c800b510c78004514a007126494a","diagnostic - NOT registered, and nothing here is proposed for registration"
"part_residual","whole_record","1988-2022","pooled","linear",115,64,,,,0.472497305905502,,8.0846317084291,,,,,"31_inland","inland",-1.59617470826853,"pixel","part (paddock x community)","pixel-weighted by the part's cell count","BETWEEN-UNIT (across parts)","zone_fid (paddock)","77e3ef0aecd1497c187d930959110d994081c800b510c78004514a007126494a","diagnostic - NOT registered, and nothing here is proposed for registration"
"part_residual","whole_record","1988-2022","pooled","linear",115,64,,,,0.472497305905502,,8.0846317084291,,,,,"31_riverine","riverine",0.515961589641989,"pixel","part (paddock x community)","pixel-weighted by the part's cell count","BETWEEN-UNIT (across parts)","zone_fid (paddock)","77e3ef0aecd1497c187d930959110d994081c800b510c78004514a007126494a","diagnostic - NOT registered, and nothing here is proposed for registration"
"part_residual","whole_record","1988-2022","pooled","linear",115,64,,,,0.472497305905502,,8.0846317084291,,,,,"32_inland","inland",3.27651287229739,"pixel","part (paddock x community)","pixel-weighted by the part's cell count","BETWEEN-UNIT (across parts)","zone_fid (paddock)","77e3ef0aecd1497c187d930959110d994081c800b510c78004514a007126494a","diagnostic - NOT registered, and nothing here is proposed for registration"
"part_residual","whole_record","1988-2022","pooled","linear",115,64,,,,0.472497305905502,,8.0846317084291,,,,,"32_riverine","riverine",12.8871431863404,"pixel","part (paddock x community)","pixel-weighted by the part's cell count","BETWEEN-UNIT (across parts)","zone_fid (paddock)","77e3ef0aecd1497c187d930959110d994081c800b510c78004514a007126494a","diagnostic - NOT registered, and nothing here is proposed for registration"
"part_residual","whole_record","1988-2022","pooled","linear",115,64,,,,0.472497305905502,,8.0846317084291,,,,,"33_inland","inland",1.07431314651215,"pixel","part (paddock x community)","pixel-weighted by the part's cell count","BETWEEN-UNIT (across parts)","zone_fid (paddock)","77e3ef0aecd1497c187d930959110d994081c800b510c78004514a007126494a","diagnostic - NOT registered, and nothing here is proposed for registration"
"part_residual","whole_record","1988-2022","pooled","linear",115,64,,,,0.472497305905502,,8.0846317084291,,,,,"34_inland","inland",-0.171771133524544,"pixel","part (paddock x community)","pixel-weighted by the part's cell count","BETWEEN-UNIT (across parts)","zone_fid (paddock)","77e3ef0aecd1497c187d930959110d994081c800b510c78004514a007126494a","diagnostic - NOT registered, and nothing here is proposed for registration"
"part_residual","whole_record","1988-2022","pooled","linear",115,64,,,,0.472497305905502,,8.0846317084291,,,,,"35_inland","inland",3.89603572033977,"pixel","part (paddock x community)","pixel-weighted by the part's cell count","BETWEEN-UNIT (across parts)","zone_fid (paddock)","77e3ef0aecd1497c187d930959110d994081c800b510c78004514a007126494a","diagnostic - NOT registered, and nothing here is proposed for registration"
"part_residual","whole_record","1988-2022","pooled","linear",115,64,,,,0.472497305905502,,8.0846317084291,,,,,"36_inland","inland",6.08818507139175,"pixel","part (paddock x community)","pixel-weighted by the part's cell count","BETWEEN-UNIT (across parts)","zone_fid (paddock)","77e3ef0aecd1497c187d930959110d994081c800b510c78004514a007126494a","diagnostic - NOT registered, and nothing here is proposed for registration"
"part_residual","whole_record","1988-2022","pooled","linear",115,64,,,,0.472497305905502,,8.0846317084291,,,,,"37_aeolian","aeolian",12.3855394689872,"pixel","part (paddock x community)","pixel-weighted by the part's cell count","BETWEEN-UNIT (across parts)","zone_fid (paddock)","77e3ef0aecd1497c187d930959110d994081c800b510c78004514a007126494a","diagnostic - NOT registered, and nothing here is proposed for registration"
"part_residual","whole_record","1988-2022","pooled","linear",115,64,,,,0.472497305905502,,8.0846317084291,,,,,"37_inland","inland",4.70528548643502,"pixel","part (paddock x community)","pixel-weighted by the part's cell count","BETWEEN-UNIT (across parts)","zone_fid (paddock)","77e3ef0aecd1497c187d930959110d994081c800b510c78004514a007126494a","diagnostic - NOT registered, and nothing here is proposed for registration"
"part_residual","whole_record","1988-2022","pooled","linear",115,64,,,,0.472497305905502,,8.0846317084291,,,,,"37_riverine","riverine",6.64249634557861,"pixel","part (paddock x community)","pixel-weighted by the part's cell count","BETWEEN-UNIT (across parts)","zone_fid (paddock)","77e3ef0aecd1497c187d930959110d994081c800b510c78004514a007126494a","diagnostic - NOT registered, and nothing here is proposed for registration"
"part_residual","whole_record","1988-2022","pooled","linear",115,64,,,,0.472497305905502,,8.0846317084291,,,,,"38_aeolian","aeolian",12.2604276348968,"pixel","part (paddock x community)","pixel-weighted by the part's cell count","BETWEEN-UNIT (across parts)","zone_fid (paddock)","77e3ef0aecd1497c187d930959110d994081c800b510c78004514a007126494a","diagnostic - NOT registered, and nothing here is proposed for registration"
"part_residual","whole_record","1988-2022","pooled","linear",115,64,,,,0.472497305905502,,8.0846317084291,,,,,"38_inland","inland",-1.03490806140836,"pixel","part (paddock x community)","pixel-weighted by the part's cell count","BETWEEN-UNIT (across parts)","zone_fid (paddock)","77e3ef0aecd1497c187d930959110d994081c800b510c78004514a007126494a","diagnostic - NOT registered, and nothing here is proposed for registration"
"part_residual","whole_record","1988-2022","pooled","linear",115,64,,,,0.472497305905502,,8.0846317084291,,,,,"38_riverine","riverine",1.77626048059672,"pixel","part (paddock x community)","pixel-weighted by the part's cell count","BETWEEN-UNIT (across parts)","zone_fid (paddock)","77e3ef0aecd1497c187d930959110d994081c800b510c78004514a007126494a","diagnostic - NOT registered, and nothing here is proposed for registration"
"part_residual","whole_record","1988-2022","pooled","linear",115,64,,,,0.472497305905502,,8.0846317084291,,,,,"39_inland","inland",7.02031606362154,"pixel","part (paddock x community)","pixel-weighted by the part's cell count","BETWEEN-UNIT (across parts)","zone_fid (paddock)","77e3ef0aecd1497c187d930959110d994081c800b510c78004514a007126494a","diagnostic - NOT registered, and nothing here is proposed for registration"
"part_residual","whole_record","1988-2022","pooled","linear",115,64,,,,0.472497305905502,,8.0846317084291,,,,,"39_riverine","riverine",-7.12302914760309,"pixel","part (paddock x community)","pixel-weighted by the part's cell count","BETWEEN-UNIT (across parts)","zone_fid (paddock)","77e3ef0aecd1497c187d930959110d994081c800b510c78004514a007126494a","diagnostic - NOT registered, and nothing here is proposed for registration"
"part_residual","whole_record","1988-2022","pooled","linear",115,64,,,,0.472497305905502,,8.0846317084291,,,,,"40_inland","inland",5.65412736572804,"pixel","part (paddock x community)","pixel-weighted by the part's cell count","BETWEEN-UNIT (across parts)","zone_fid (paddock)","77e3ef0aecd1497c187d930959110d994081c800b510c78004514a007126494a","diagnostic - NOT registered, and nothing here is proposed for registration"
"part_residual","whole_record","1988-2022","pooled","linear",115,64,,,,0.472497305905502,,8.0846317084291,,,,,"41_inland","inland",0.934057589229113,"pixel","part (paddock x community)","pixel-weighted by the part's cell count","BETWEEN-UNIT (across parts)","zone_fid (paddock)","77e3ef0aecd1497c187d930959110d994081c800b510c78004514a007126494a","diagnostic - NOT registered, and nothing here is proposed for registration"
"part_residual","whole_record","1988-2022","pooled","linear",115,64,,,,0.472497305905502,,8.0846317084291,,,,,"42_inland","inland",7.95952141932567,"pixel","part (paddock x community)","pixel-weighted by the part's cell count","BETWEEN-UNIT (across parts)","zone_fid (paddock)","77e3ef0aecd1497c187d930959110d994081c800b510c78004514a007126494a","diagnostic - NOT registered, and nothing here is proposed for registration"
"part_residual","whole_record","1988-2022","pooled","linear",115,64,,,,0.472497305905502,,8.0846317084291,,,,,"43_inland","inland",9.73369730292581,"pixel","part (paddock x community)","pixel-weighted by the part's cell count","BETWEEN-UNIT (across parts)","zone_fid (paddock)","77e3ef0aecd1497c187d930959110d994081c800b510c78004514a007126494a","diagnostic - NOT registered, and nothing here is proposed for registration"
"part_residual","whole_record","1988-2022","pooled","linear",115,64,,,,0.472497305905502,,8.0846317084291,,,,,"44_inland","inland",3.96856011481533,"pixel","part (paddock x community)","pixel-weighted by the part's cell count","BETWEEN-UNIT (across parts)","zone_fid (paddock)","77e3ef0aecd1497c187d930959110d994081c800b510c78004514a007126494a","diagnostic - NOT registered, and nothing here is proposed for registration"
"part_residual","whole_record","1988-2022","pooled","linear",115,64,,,,0.472497305905502,,8.0846317084291,,,,,"45_inland","inland",-5.40467955132375,"pixel","part (paddock x community)","pixel-weighted by the part's cell count","BETWEEN-UNIT (across parts)","zone_fid (paddock)","77e3ef0aecd1497c187d930959110d994081c800b510c78004514a007126494a","diagnostic - NOT registered, and nothing here is proposed for registration"
"part_residual","whole_record","1988-2022","pooled","linear",115,64,,,,0.472497305905502,,8.0846317084291,,,,,"45_riverine","riverine",-2.55439509657032,"pixel","part (paddock x community)","pixel-weighted by the part's cell count","BETWEEN-UNIT (across parts)","zone_fid (paddock)","77e3ef0aecd1497c187d930959110d994081c800b510c78004514a007126494a","diagnostic - NOT registered, and nothing here is proposed for registration"
"part_residual","whole_record","1988-2022","pooled","linear",115,64,,,,0.472497305905502,,8.0846317084291,,,,,"46_inland","inland",3.3011316981252,"pixel","part (paddock x community)","pixel-weighted by the part's cell count","BETWEEN-UNIT (across parts)","zone_fid (paddock)","77e3ef0aecd1497c187d930959110d994081c800b510c78004514a007126494a","diagnostic - NOT registered, and nothing here is proposed for registration"
"part_residual","whole_record","1988-2022","pooled","linear",115,64,,,,0.472497305905502,,8.0846317084291,,,,,"47_inland","inland",2.04123520032007,"pixel","part (paddock x community)","pixel-weighted by the part's cell count","BETWEEN-UNIT (across parts)","zone_fid (paddock)","77e3ef0aecd1497c187d930959110d994081c800b510c78004514a007126494a","diagnostic - NOT registered, and nothing here is proposed for registration"
"part_residual","whole_record","1988-2022","pooled","linear",115,64,,,,0.472497305905502,,8.0846317084291,,,,,"48_aeolian","aeolian",11.5807330808804,"pixel","part (paddock x community)","pixel-weighted by the part's cell count","BETWEEN-UNIT (across parts)","zone_fid (paddock)","77e3ef0aecd1497c187d930959110d994081c800b510c78004514a007126494a","diagnostic - NOT registered, and nothing here is proposed for registration"
"part_residual","whole_record","1988-2022","pooled","linear",115,64,,,,0.472497305905502,,8.0846317084291,,,,,"48_inland","inland",6.85325241649163,"pixel","part (paddock x community)","pixel-weighted by the part's cell count","BETWEEN-UNIT (across parts)","zone_fid (paddock)","77e3ef0aecd1497c187d930959110d994081c800b510c78004514a007126494a","diagnostic - NOT registered, and nothing here is proposed for registration"
"part_residual","whole_record","1988-2022","pooled","linear",115,64,,,,0.472497305905502,,8.0846317084291,,,,,"48_riverine","riverine",1.6512491115327,"pixel","part (paddock x community)","pixel-weighted by the part's cell count","BETWEEN-UNIT (across parts)","zone_fid (paddock)","77e3ef0aecd1497c187d930959110d994081c800b510c78004514a007126494a","diagnostic - NOT registered, and nothing here is proposed for registration"
"part_residual","whole_record","1988-2022","pooled","linear",115,64,,,,0.472497305905502,,8.0846317084291,,,,,"49_inland","inland",2.86730824984457,"pixel","part (paddock x community)","pixel-weighted by the part's cell count","BETWEEN-UNIT (across parts)","zone_fid (paddock)","77e3ef0aecd1497c187d930959110d994081c800b510c78004514a007126494a","diagnostic - NOT registered, and nothing here is proposed for registration"
"part_residual","whole_record","1988-2022","pooled","linear",115,64,,,,0.472497305905502,,8.0846317084291,,,,,"50_inland","inland",-3.001655764286,"pixel","part (paddock x community)","pixel-weighted by the part's cell count","BETWEEN-UNIT (across parts)","zone_fid (paddock)","77e3ef0aecd1497c187d930959110d994081c800b510c78004514a007126494a","diagnostic - NOT registered, and nothing here is proposed for registration"
"part_residual","whole_record","1988-2022","pooled","linear",115,64,,,,0.472497305905502,,8.0846317084291,,,,,"51_aeolian","aeolian",10.2753627907193,"pixel","part (paddock x community)","pixel-weighted by the part's cell count","BETWEEN-UNIT (across parts)","zone_fid (paddock)","77e3ef0aecd1497c187d930959110d994081c800b510c78004514a007126494a","diagnostic - NOT registered, and nothing here is proposed for registration"
"part_residual","whole_record","1988-2022","pooled","linear",115,64,,,,0.472497305905502,,8.0846317084291,,,,,"51_inland","inland",6.38965831254541,"pixel","part (paddock x community)","pixel-weighted by the part's cell count","BETWEEN-UNIT (across parts)","zone_fid (paddock)","77e3ef0aecd1497c187d930959110d994081c800b510c78004514a007126494a","diagnostic - NOT registered, and nothing here is proposed for registration"
"part_residual","whole_record","1988-2022","pooled","linear",115,64,,,,0.472497305905502,,8.0846317084291,,,,,"51_riverine","riverine",-18.4384843774425,"pixel","part (paddock x community)","pixel-weighted by the part's cell count","BETWEEN-UNIT (across parts)","zone_fid (paddock)","77e3ef0aecd1497c187d930959110d994081c800b510c78004514a007126494a","diagnostic - NOT registered, and nothing here is proposed for registration"
"part_residual","whole_record","1988-2022","pooled","linear",115,64,,,,0.472497305905502,,8.0846317084291,,,,,"52_inland","inland",6.26841735564433,"pixel","part (paddock x community)","pixel-weighted by the part's cell count","BETWEEN-UNIT (across parts)","zone_fid (paddock)","77e3ef0aecd1497c187d930959110d994081c800b510c78004514a007126494a","diagnostic - NOT registered, and nothing here is proposed for registration"
"part_residual","whole_record","1988-2022","pooled","linear",115,64,,,,0.472497305905502,,8.0846317084291,,,,,"52_riverine","riverine",-14.6817951339958,"pixel","part (paddock x community)","pixel-weighted by the part's cell count","BETWEEN-UNIT (across parts)","zone_fid (paddock)","77e3ef0aecd1497c187d930959110d994081c800b510c78004514a007126494a","diagnostic - NOT registered, and nothing here is proposed for registration"
"part_residual","whole_record","1988-2022","pooled","linear",115,64,,,,0.472497305905502,,8.0846317084291,,,,,"53_inland","inland",-2.96164666189807,"pixel","part (paddock x community)","pixel-weighted by the part's cell count","BETWEEN-UNIT (across parts)","zone_fid (paddock)","77e3ef0aecd1497c187d930959110d994081c800b510c78004514a007126494a","diagnostic - NOT registered, and nothing here is proposed for registration"
"part_residual","whole_record","1988-2022","pooled","linear",115,64,,,,0.472497305905502,,8.0846317084291,,,,,"53_riverine","riverine",4.67535811821818,"pixel","part (paddock x community)","pixel-weighted by the part's cell count","BETWEEN-UNIT (across parts)","zone_fid (paddock)","77e3ef0aecd1497c187d930959110d994081c800b510c78004514a007126494a","diagnostic - NOT registered, and nothing here is proposed for registration"
"part_residual","whole_record","1988-2022","pooled","linear",115,64,,,,0.472497305905502,,8.0846317084291,,,,,"54_aeolian","aeolian",14.6481035867325,"pixel","part (paddock x community)","pixel-weighted by the part's cell count","BETWEEN-UNIT (across parts)","zone_fid (paddock)","77e3ef0aecd1497c187d930959110d994081c800b510c78004514a007126494a","diagnostic - NOT registered, and nothing here is proposed for registration"
"part_residual","whole_record","1988-2022","pooled","linear",115,64,,,,0.472497305905502,,8.0846317084291,,,,,"54_riverine","riverine",1.1645349897886,"pixel","part (paddock x community)","pixel-weighted by the part's cell count","BETWEEN-UNIT (across parts)","zone_fid (paddock)","77e3ef0aecd1497c187d930959110d994081c800b510c78004514a007126494a","diagnostic - NOT registered, and nothing here is proposed for registration"
"part_residual","whole_record","1988-2022","pooled","linear",115,64,,,,0.472497305905502,,8.0846317084291,,,,,"55_aeolian","aeolian",-6.59649379267727,"pixel","part (paddock x community)","pixel-weighted by the part's cell count","BETWEEN-UNIT (across parts)","zone_fid (paddock)","77e3ef0aecd1497c187d930959110d994081c800b510c78004514a007126494a","diagnostic - NOT registered, and nothing here is proposed for registration"
"part_residual","whole_record","1988-2022","pooled","linear",115,64,,,,0.472497305905502,,8.0846317084291,,,,,"55_inland","inland",-1.61937547817032,"pixel","part (paddock x community)","pixel-weighted by the part's cell count","BETWEEN-UNIT (across parts)","zone_fid (paddock)","77e3ef0aecd1497c187d930959110d994081c800b510c78004514a007126494a","diagnostic - NOT registered, and nothing here is proposed for registration"
"part_residual","whole_record","1988-2022","pooled","linear",115,64,,,,0.472497305905502,,8.0846317084291,,,,,"55_riverine","riverine",-13.4129732548515,"pixel","part (paddock x community)","pixel-weighted by the part's cell count","BETWEEN-UNIT (across parts)","zone_fid (paddock)","77e3ef0aecd1497c187d930959110d994081c800b510c78004514a007126494a","diagnostic - NOT registered, and nothing here is proposed for registration"
"part_residual","whole_record","1988-2022","pooled","linear",115,64,,,,0.472497305905502,,8.0846317084291,,,,,"56_aeolian","aeolian",-7.70334425469768,"pixel","part (paddock x community)","pixel-weighted by the part's cell count","BETWEEN-UNIT (across parts)","zone_fid (paddock)","77e3ef0aecd1497c187d930959110d994081c800b510c78004514a007126494a","diagnostic - NOT registered, and nothing here is proposed for registration"
"part_residual","whole_record","1988-2022","pooled","linear",115,64,,,,0.472497305905502,,8.0846317084291,,,,,"56_inland","inland",0.525902510875355,"pixel","part (paddock x community)","pixel-weighted by the part's cell count","BETWEEN-UNIT (across parts)","zone_fid (paddock)","77e3ef0aecd1497c187d930959110d994081c800b510c78004514a007126494a","diagnostic - NOT registered, and nothing here is proposed for registration"
"part_residual","whole_record","1988-2022","pooled","linear",115,64,,,,0.472497305905502,,8.0846317084291,,,,,"56_riverine","riverine",-9.13504388460677,"pixel","part (paddock x community)","pixel-weighted by the part's cell count","BETWEEN-UNIT (across parts)","zone_fid (paddock)","77e3ef0aecd1497c187d930959110d994081c800b510c78004514a007126494a","diagnostic - NOT registered, and nothing here is proposed for registration"
"part_residual","whole_record","1988-2022","pooled","linear",115,64,,,,0.472497305905502,,8.0846317084291,,,,,"57_aeolian","aeolian",-19.3339568156521,"pixel","part (paddock x community)","pixel-weighted by the part's cell count","BETWEEN-UNIT (across parts)","zone_fid (paddock)","77e3ef0aecd1497c187d930959110d994081c800b510c78004514a007126494a","diagnostic - NOT registered, and nothing here is proposed for registration"
"part_residual","whole_record","1988-2022","pooled","linear",115,64,,,,0.472497305905502,,8.0846317084291,,,,,"57_inland","inland",2.79310718587732,"pixel","part (paddock x community)","pixel-weighted by the part's cell count","BETWEEN-UNIT (across parts)","zone_fid (paddock)","77e3ef0aecd1497c187d930959110d994081c800b510c78004514a007126494a","diagnostic - NOT registered, and nothing here is proposed for registration"
"part_residual","whole_record","1988-2022","pooled","linear",115,64,,,,0.472497305905502,,8.0846317084291,,,,,"57_riverine","riverine",-10.8892840218077,"pixel","part (paddock x community)","pixel-weighted by the part's cell count","BETWEEN-UNIT (across parts)","zone_fid (paddock)","77e3ef0aecd1497c187d930959110d994081c800b510c78004514a007126494a","diagnostic - NOT registered, and nothing here is proposed for registration"
"part_residual","whole_record","1988-2022","pooled","linear",115,64,,,,0.472497305905502,,8.0846317084291,,,,,"58_aeolian","aeolian",-9.36304692867573,"pixel","part (paddock x community)","pixel-weighted by the part's cell count","BETWEEN-UNIT (across parts)","zone_fid (paddock)","77e3ef0aecd1497c187d930959110d994081c800b510c78004514a007126494a","diagnostic - NOT registered, and nothing here is proposed for registration"
"part_residual","whole_record","1988-2022","pooled","linear",115,64,,,,0.472497305905502,,8.0846317084291,,,,,"58_inland","inland",-8.03178366263425,"pixel","part (paddock x community)","pixel-weighted by the part's cell count","BETWEEN-UNIT (across parts)","zone_fid (paddock)","77e3ef0aecd1497c187d930959110d994081c800b510c78004514a007126494a","diagnostic - NOT registered, and nothing here is proposed for registration"
"part_residual","whole_record","1988-2022","pooled","linear",115,64,,,,0.472497305905502,,8.0846317084291,,,,,"58_riverine","riverine",-14.3303689108822,"pixel","part (paddock x community)","pixel-weighted by the part's cell count","BETWEEN-UNIT (across parts)","zone_fid (paddock)","77e3ef0aecd1497c187d930959110d994081c800b510c78004514a007126494a","diagnostic - NOT registered, and nothing here is proposed for registration"
"part_residual","whole_record","1988-2022","pooled","linear",115,64,,,,0.472497305905502,,8.0846317084291,,,,,"59_aeolian","aeolian",7.61091049213336,"pixel","part (paddock x community)","pixel-weighted by the part's cell count","BETWEEN-UNIT (across parts)","zone_fid (paddock)","77e3ef0aecd1497c187d930959110d994081c800b510c78004514a007126494a","diagnostic - NOT registered, and nothing here is proposed for registration"
"part_residual","whole_record","1988-2022","pooled","linear",115,64,,,,0.472497305905502,,8.0846317084291,,,,,"59_riverine","riverine",-0.652733821352641,"pixel","part (paddock x community)","pixel-weighted by the part's cell count","BETWEEN-UNIT (across parts)","zone_fid (paddock)","77e3ef0aecd1497c187d930959110d994081c800b510c78004514a007126494a","diagnostic - NOT registered, and nothing here is proposed for registration"
"part_residual","whole_record","1988-2022","pooled","linear",115,64,,,,0.472497305905502,,8.0846317084291,,,,,"60_aeolian","aeolian",7.26375385684629,"pixel","part (paddock x community)","pixel-weighted by the part's cell count","BETWEEN-UNIT (across parts)","zone_fid (paddock)","77e3ef0aecd1497c187d930959110d994081c800b510c78004514a007126494a","diagnostic - NOT registered, and nothing here is proposed for registration"
"part_residual","whole_record","1988-2022","pooled","linear",115,64,,,,0.472497305905502,,8.0846317084291,,,,,"60_riverine","riverine",13.3908725456151,"pixel","part (paddock x community)","pixel-weighted by the part's cell count","BETWEEN-UNIT (across parts)","zone_fid (paddock)","77e3ef0aecd1497c187d930959110d994081c800b510c78004514a007126494a","diagnostic - NOT registered, and nothing here is proposed for registration"
"part_residual","whole_record","1988-2022","pooled","linear",115,64,,,,0.472497305905502,,8.0846317084291,,,,,"61_aeolian","aeolian",12.8009546970737,"pixel","part (paddock x community)","pixel-weighted by the part's cell count","BETWEEN-UNIT (across parts)","zone_fid (paddock)","77e3ef0aecd1497c187d930959110d994081c800b510c78004514a007126494a","diagnostic - NOT registered, and nothing here is proposed for registration"
"part_residual","whole_record","1988-2022","pooled","linear",115,64,,,,0.472497305905502,,8.0846317084291,,,,,"61_inland","inland",-2.22965192800639,"pixel","part (paddock x community)","pixel-weighted by the part's cell count","BETWEEN-UNIT (across parts)","zone_fid (paddock)","77e3ef0aecd1497c187d930959110d994081c800b510c78004514a007126494a","diagnostic - NOT registered, and nothing here is proposed for registration"
"part_residual","whole_record","1988-2022","pooled","linear",115,64,,,,0.472497305905502,,8.0846317084291,,,,,"61_riverine","riverine",-9.73418097808055,"pixel","part (paddock x community)","pixel-weighted by the part's cell count","BETWEEN-UNIT (across parts)","zone_fid (paddock)","77e3ef0aecd1497c187d930959110d994081c800b510c78004514a007126494a","diagnostic - NOT registered, and nothing here is proposed for registration"
"part_residual","whole_record","1988-2022","pooled","linear",115,64,,,,0.472497305905502,,8.0846317084291,,,,,"62_aeolian","aeolian",2.57389507397583,"pixel","part (paddock x community)","pixel-weighted by the part's cell count","BETWEEN-UNIT (across parts)","zone_fid (paddock)","77e3ef0aecd1497c187d930959110d994081c800b510c78004514a007126494a","diagnostic - NOT registered, and nothing here is proposed for registration"
"part_residual","whole_record","1988-2022","pooled","linear",115,64,,,,0.472497305905502,,8.0846317084291,,,,,"62_inland","inland",3.01796661376244,"pixel","part (paddock x community)","pixel-weighted by the part's cell count","BETWEEN-UNIT (across parts)","zone_fid (paddock)","77e3ef0aecd1497c187d930959110d994081c800b510c78004514a007126494a","diagnostic - NOT registered, and nothing here is proposed for registration"
"part_residual","whole_record","1988-2022","pooled","linear",115,64,,,,0.472497305905502,,8.0846317084291,,,,,"62_riverine","riverine",-27.6385001621694,"pixel","part (paddock x community)","pixel-weighted by the part's cell count","BETWEEN-UNIT (across parts)","zone_fid (paddock)","77e3ef0aecd1497c187d930959110d994081c800b510c78004514a007126494a","diagnostic - NOT registered, and nothing here is proposed for registration"
"part_residual","whole_record","1988-2022","pooled","linear",115,64,,,,0.472497305905502,,8.0846317084291,,,,,"63_aeolian","aeolian",6.56327152000571,"pixel","part (paddock x community)","pixel-weighted by the part's cell count","BETWEEN-UNIT (across parts)","zone_fid (paddock)","77e3ef0aecd1497c187d930959110d994081c800b510c78004514a007126494a","diagnostic - NOT registered, and nothing here is proposed for registration"
"part_residual","whole_record","1988-2022","pooled","linear",115,64,,,,0.472497305905502,,8.0846317084291,,,,,"63_inland","inland",1.04700438611542,"pixel","part (paddock x community)","pixel-weighted by the part's cell count","BETWEEN-UNIT (across parts)","zone_fid (paddock)","77e3ef0aecd1497c187d930959110d994081c800b510c78004514a007126494a","diagnostic - NOT registered, and nothing here is proposed for registration"
"part_residual","whole_record","1988-2022","pooled","linear",115,64,,,,0.472497305905502,,8.0846317084291,,,,,"63_riverine","riverine",-11.4821650149387,"pixel","part (paddock x community)","pixel-weighted by the part's cell count","BETWEEN-UNIT (across parts)","zone_fid (paddock)","77e3ef0aecd1497c187d930959110d994081c800b510c78004514a007126494a","diagnostic - NOT registered, and nothing here is proposed for registration"
"part_residual","whole_record","1988-2022","pooled","linear",115,64,,,,0.472497305905502,,8.0846317084291,,,,,"64_inland","inland",0.427165224770306,"pixel","part (paddock x community)","pixel-weighted by the part's cell count","BETWEEN-UNIT (across parts)","zone_fid (paddock)","77e3ef0aecd1497c187d930959110d994081c800b510c78004514a007126494a","diagnostic - NOT registered, and nothing here is proposed for registration"
"part_residual","whole_record","1988-2022","pooled","linear",115,64,,,,0.472497305905502,,8.0846317084291,,,,,"64_riverine","riverine",0.270599332910272,"pixel","part (paddock x community)","pixel-weighted by the part's cell count","BETWEEN-UNIT (across parts)","zone_fid (paddock)","77e3ef0aecd1497c187d930959110d994081c800b510c78004514a007126494a","diagnostic - NOT registered, and nothing here is proposed for registration"
"part_residual","whole_record","1988-2022","pooled","quadratic",115,64,,,,0.498090483451728,,7.88606976408134,,,,,"01_inland","inland",-5.62365460095637,"pixel","part (paddock x community)","pixel-weighted by the part's cell count","BETWEEN-UNIT (across parts)","zone_fid (paddock)","77e3ef0aecd1497c187d930959110d994081c800b510c78004514a007126494a","diagnostic - NOT registered, and nothing here is proposed for registration"
"part_residual","whole_record","1988-2022","pooled","quadratic",115,64,,,,0.498090483451728,,7.88606976408134,,,,,"01_riverine","riverine",-4.37461631407047,"pixel","part (paddock x community)","pixel-weighted by the part's cell count","BETWEEN-UNIT (across parts)","zone_fid (paddock)","77e3ef0aecd1497c187d930959110d994081c800b510c78004514a007126494a","diagnostic - NOT registered, and nothing here is proposed for registration"
"part_residual","whole_record","1988-2022","pooled","quadratic",115,64,,,,0.498090483451728,,7.88606976408134,,,,,"02_inland","inland",-2.66630724610998,"pixel","part (paddock x community)","pixel-weighted by the part's cell count","BETWEEN-UNIT (across parts)","zone_fid (paddock)","77e3ef0aecd1497c187d930959110d994081c800b510c78004514a007126494a","diagnostic - NOT registered, and nothing here is proposed for registration"
"part_residual","whole_record","1988-2022","pooled","quadratic",115,64,,,,0.498090483451728,,7.88606976408134,,,,,"03_inland","inland",-0.22779689032005,"pixel","part (paddock x community)","pixel-weighted by the part's cell count","BETWEEN-UNIT (across parts)","zone_fid (paddock)","77e3ef0aecd1497c187d930959110d994081c800b510c78004514a007126494a","diagnostic - NOT registered, and nothing here is proposed for registration"
"part_residual","whole_record","1988-2022","pooled","quadratic",115,64,,,,0.498090483451728,,7.88606976408134,,,,,"03_riverine","riverine",-3.03153927227052,"pixel","part (paddock x community)","pixel-weighted by the part's cell count","BETWEEN-UNIT (across parts)","zone_fid (paddock)","77e3ef0aecd1497c187d930959110d994081c800b510c78004514a007126494a","diagnostic - NOT registered, and nothing here is proposed for registration"
"part_residual","whole_record","1988-2022","pooled","quadratic",115,64,,,,0.498090483451728,,7.88606976408134,,,,,"04_aeolian","aeolian",-21.6568498693091,"pixel","part (paddock x community)","pixel-weighted by the part's cell count","BETWEEN-UNIT (across parts)","zone_fid (paddock)","77e3ef0aecd1497c187d930959110d994081c800b510c78004514a007126494a","diagnostic - NOT registered, and nothing here is proposed for registration"
"part_residual","whole_record","1988-2022","pooled","quadratic",115,64,,,,0.498090483451728,,7.88606976408134,,,,,"04_inland","inland",4.93318115643869,"pixel","part (paddock x community)","pixel-weighted by the part's cell count","BETWEEN-UNIT (across parts)","zone_fid (paddock)","77e3ef0aecd1497c187d930959110d994081c800b510c78004514a007126494a","diagnostic - NOT registered, and nothing here is proposed for registration"
"part_residual","whole_record","1988-2022","pooled","quadratic",115,64,,,,0.498090483451728,,7.88606976408134,,,,,"04_riverine","riverine",-19.8336745525969,"pixel","part (paddock x community)","pixel-weighted by the part's cell count","BETWEEN-UNIT (across parts)","zone_fid (paddock)","77e3ef0aecd1497c187d930959110d994081c800b510c78004514a007126494a","diagnostic - NOT registered, and nothing here is proposed for registration"
"part_residual","whole_record","1988-2022","pooled","quadratic",115,64,,,,0.498090483451728,,7.88606976408134,,,,,"05_inland","inland",8.86249826651223,"pixel","part (paddock x community)","pixel-weighted by the part's cell count","BETWEEN-UNIT (across parts)","zone_fid (paddock)","77e3ef0aecd1497c187d930959110d994081c800b510c78004514a007126494a","diagnostic - NOT registered, and nothing here is proposed for registration"
"part_residual","whole_record","1988-2022","pooled","quadratic",115,64,,,,0.498090483451728,,7.88606976408134,,,,,"05_riverine","riverine",11.5558848570464,"pixel","part (paddock x community)","pixel-weighted by the part's cell count","BETWEEN-UNIT (across parts)","zone_fid (paddock)","77e3ef0aecd1497c187d930959110d994081c800b510c78004514a007126494a","diagnostic - NOT registered, and nothing here is proposed for registration"
"part_residual","whole_record","1988-2022","pooled","quadratic",115,64,,,,0.498090483451728,,7.88606976408134,,,,,"06_inland","inland",10.7484632216909,"pixel","part (paddock x community)","pixel-weighted by the part's cell count","BETWEEN-UNIT (across parts)","zone_fid (paddock)","77e3ef0aecd1497c187d930959110d994081c800b510c78004514a007126494a","diagnostic - NOT registered, and nothing here is proposed for registration"
"part_residual","whole_record","1988-2022","pooled","quadratic",115,64,,,,0.498090483451728,,7.88606976408134,,,,,"06_riverine","riverine",12.3619155228649,"pixel","part (paddock x community)","pixel-weighted by the part's cell count","BETWEEN-UNIT (across parts)","zone_fid (paddock)","77e3ef0aecd1497c187d930959110d994081c800b510c78004514a007126494a","diagnostic - NOT registered, and nothing here is proposed for registration"
"part_residual","whole_record","1988-2022","pooled","quadratic",115,64,,,,0.498090483451728,,7.88606976408134,,,,,"07_inland","inland",4.84526384170345,"pixel","part (paddock x community)","pixel-weighted by the part's cell count","BETWEEN-UNIT (across parts)","zone_fid (paddock)","77e3ef0aecd1497c187d930959110d994081c800b510c78004514a007126494a","diagnostic - NOT registered, and nothing here is proposed for registration"
"part_residual","whole_record","1988-2022","pooled","quadratic",115,64,,,,0.498090483451728,,7.88606976408134,,,,,"08_inland","inland",7.34813951708391,"pixel","part (paddock x community)","pixel-weighted by the part's cell count","BETWEEN-UNIT (across parts)","zone_fid (paddock)","77e3ef0aecd1497c187d930959110d994081c800b510c78004514a007126494a","diagnostic - NOT registered, and nothing here is proposed for registration"
"part_residual","whole_record","1988-2022","pooled","quadratic",115,64,,,,0.498090483451728,,7.88606976408134,,,,,"09_inland","inland",4.04120523347071,"pixel","part (paddock x community)","pixel-weighted by the part's cell count","BETWEEN-UNIT (across parts)","zone_fid (paddock)","77e3ef0aecd1497c187d930959110d994081c800b510c78004514a007126494a","diagnostic - NOT registered, and nothing here is proposed for registration"
"part_residual","whole_record","1988-2022","pooled","quadratic",115,64,,,,0.498090483451728,,7.88606976408134,,,,,"09_riverine","riverine",10.1386914065281,"pixel","part (paddock x community)","pixel-weighted by the part's cell count","BETWEEN-UNIT (across parts)","zone_fid (paddock)","77e3ef0aecd1497c187d930959110d994081c800b510c78004514a007126494a","diagnostic - NOT registered, and nothing here is proposed for registration"
"part_residual","whole_record","1988-2022","pooled","quadratic",115,64,,,,0.498090483451728,,7.88606976408134,,,,,"10_inland","inland",11.2939877891073,"pixel","part (paddock x community)","pixel-weighted by the part's cell count","BETWEEN-UNIT (across parts)","zone_fid (paddock)","77e3ef0aecd1497c187d930959110d994081c800b510c78004514a007126494a","diagnostic - NOT registered, and nothing here is proposed for registration"
"part_residual","whole_record","1988-2022","pooled","quadratic",115,64,,,,0.498090483451728,,7.88606976408134,,,,,"10_riverine","riverine",14.4403647705719,"pixel","part (paddock x community)","pixel-weighted by the part's cell count","BETWEEN-UNIT (across parts)","zone_fid (paddock)","77e3ef0aecd1497c187d930959110d994081c800b510c78004514a007126494a","diagnostic - NOT registered, and nothing here is proposed for registration"
"part_residual","whole_record","1988-2022","pooled","quadratic",115,64,,,,0.498090483451728,,7.88606976408134,,,,,"11_inland","inland",-2.33611281989603,"pixel","part (paddock x community)","pixel-weighted by the part's cell count","BETWEEN-UNIT (across parts)","zone_fid (paddock)","77e3ef0aecd1497c187d930959110d994081c800b510c78004514a007126494a","diagnostic - NOT registered, and nothing here is proposed for registration"
"part_residual","whole_record","1988-2022","pooled","quadratic",115,64,,,,0.498090483451728,,7.88606976408134,,,,,"12_inland","inland",-3.63132004359917,"pixel","part (paddock x community)","pixel-weighted by the part's cell count","BETWEEN-UNIT (across parts)","zone_fid (paddock)","77e3ef0aecd1497c187d930959110d994081c800b510c78004514a007126494a","diagnostic - NOT registered, and nothing here is proposed for registration"
"part_residual","whole_record","1988-2022","pooled","quadratic",115,64,,,,0.498090483451728,,7.88606976408134,,,,,"12_riverine","riverine",-5.19814213322855,"pixel","part (paddock x community)","pixel-weighted by the part's cell count","BETWEEN-UNIT (across parts)","zone_fid (paddock)","77e3ef0aecd1497c187d930959110d994081c800b510c78004514a007126494a","diagnostic - NOT registered, and nothing here is proposed for registration"
"part_residual","whole_record","1988-2022","pooled","quadratic",115,64,,,,0.498090483451728,,7.88606976408134,,,,,"13_inland","inland",3.28429473712515,"pixel","part (paddock x community)","pixel-weighted by the part's cell count","BETWEEN-UNIT (across parts)","zone_fid (paddock)","77e3ef0aecd1497c187d930959110d994081c800b510c78004514a007126494a","diagnostic - NOT registered, and nothing here is proposed for registration"
"part_residual","whole_record","1988-2022","pooled","quadratic",115,64,,,,0.498090483451728,,7.88606976408134,,,,,"14_inland","inland",-19.5303262559323,"pixel","part (paddock x community)","pixel-weighted by the part's cell count","BETWEEN-UNIT (across parts)","zone_fid (paddock)","77e3ef0aecd1497c187d930959110d994081c800b510c78004514a007126494a","diagnostic - NOT registered, and nothing here is proposed for registration"
"part_residual","whole_record","1988-2022","pooled","quadratic",115,64,,,,0.498090483451728,,7.88606976408134,,,,,"15_inland","inland",4.38009717852908,"pixel","part (paddock x community)","pixel-weighted by the part's cell count","BETWEEN-UNIT (across parts)","zone_fid (paddock)","77e3ef0aecd1497c187d930959110d994081c800b510c78004514a007126494a","diagnostic - NOT registered, and nothing here is proposed for registration"
"part_residual","whole_record","1988-2022","pooled","quadratic",115,64,,,,0.498090483451728,,7.88606976408134,,,,,"16_inland","inland",3.48631836089612,"pixel","part (paddock x community)","pixel-weighted by the part's cell count","BETWEEN-UNIT (across parts)","zone_fid (paddock)","77e3ef0aecd1497c187d930959110d994081c800b510c78004514a007126494a","diagnostic - NOT registered, and nothing here is proposed for registration"
"part_residual","whole_record","1988-2022","pooled","quadratic",115,64,,,,0.498090483451728,,7.88606976408134,,,,,"16_riverine","riverine",7.36752043547519,"pixel","part (paddock x community)","pixel-weighted by the part's cell count","BETWEEN-UNIT (across parts)","zone_fid (paddock)","77e3ef0aecd1497c187d930959110d994081c800b510c78004514a007126494a","diagnostic - NOT registered, and nothing here is proposed for registration"
"part_residual","whole_record","1988-2022","pooled","quadratic",115,64,,,,0.498090483451728,,7.88606976408134,,,,,"17_inland","inland",2.66651984069468,"pixel","part (paddock x community)","pixel-weighted by the part's cell count","BETWEEN-UNIT (across parts)","zone_fid (paddock)","77e3ef0aecd1497c187d930959110d994081c800b510c78004514a007126494a","diagnostic - NOT registered, and nothing here is proposed for registration"
"part_residual","whole_record","1988-2022","pooled","quadratic",115,64,,,,0.498090483451728,,7.88606976408134,,,,,"18_aeolian","aeolian",-11.6815165322119,"pixel","part (paddock x community)","pixel-weighted by the part's cell count","BETWEEN-UNIT (across parts)","zone_fid (paddock)","77e3ef0aecd1497c187d930959110d994081c800b510c78004514a007126494a","diagnostic - NOT registered, and nothing here is proposed for registration"
"part_residual","whole_record","1988-2022","pooled","quadratic",115,64,,,,0.498090483451728,,7.88606976408134,,,,,"18_inland","inland",2.71090235651131,"pixel","part (paddock x community)","pixel-weighted by the part's cell count","BETWEEN-UNIT (across parts)","zone_fid (paddock)","77e3ef0aecd1497c187d930959110d994081c800b510c78004514a007126494a","diagnostic - NOT registered, and nothing here is proposed for registration"
"part_residual","whole_record","1988-2022","pooled","quadratic",115,64,,,,0.498090483451728,,7.88606976408134,,,,,"18_riverine","riverine",-4.51960176091801,"pixel","part (paddock x community)","pixel-weighted by the part's cell count","BETWEEN-UNIT (across parts)","zone_fid (paddock)","77e3ef0aecd1497c187d930959110d994081c800b510c78004514a007126494a","diagnostic - NOT registered, and nothing here is proposed for registration"
"part_residual","whole_record","1988-2022","pooled","quadratic",115,64,,,,0.498090483451728,,7.88606976408134,,,,,"19_inland","inland",0.872555230700485,"pixel","part (paddock x community)","pixel-weighted by the part's cell count","BETWEEN-UNIT (across parts)","zone_fid (paddock)","77e3ef0aecd1497c187d930959110d994081c800b510c78004514a007126494a","diagnostic - NOT registered, and nothing here is proposed for registration"
"part_residual","whole_record","1988-2022","pooled","quadratic",115,64,,,,0.498090483451728,,7.88606976408134,,,,,"20_inland","inland",7.74033387968434,"pixel","part (paddock x community)","pixel-weighted by the part's cell count","BETWEEN-UNIT (across parts)","zone_fid (paddock)","77e3ef0aecd1497c187d930959110d994081c800b510c78004514a007126494a","diagnostic - NOT registered, and nothing here is proposed for registration"
"part_residual","whole_record","1988-2022","pooled","quadratic",115,64,,,,0.498090483451728,,7.88606976408134,,,,,"21_inland","inland",-1.24547275512042,"pixel","part (paddock x community)","pixel-weighted by the part's cell count","BETWEEN-UNIT (across parts)","zone_fid (paddock)","77e3ef0aecd1497c187d930959110d994081c800b510c78004514a007126494a","diagnostic - NOT registered, and nothing here is proposed for registration"
"part_residual","whole_record","1988-2022","pooled","quadratic",115,64,,,,0.498090483451728,,7.88606976408134,,,,,"21_riverine","riverine",-7.86975207978715,"pixel","part (paddock x community)","pixel-weighted by the part's cell count","BETWEEN-UNIT (across parts)","zone_fid (paddock)","77e3ef0aecd1497c187d930959110d994081c800b510c78004514a007126494a","diagnostic - NOT registered, and nothing here is proposed for registration"
"part_residual","whole_record","1988-2022","pooled","quadratic",115,64,,,,0.498090483451728,,7.88606976408134,,,,,"22_inland","inland",2.89849054791105,"pixel","part (paddock x community)","pixel-weighted by the part's cell count","BETWEEN-UNIT (across parts)","zone_fid (paddock)","77e3ef0aecd1497c187d930959110d994081c800b510c78004514a007126494a","diagnostic - NOT registered, and nothing here is proposed for registration"
"part_residual","whole_record","1988-2022","pooled","quadratic",115,64,,,,0.498090483451728,,7.88606976408134,,,,,"23_inland","inland",-2.94650116995795,"pixel","part (paddock x community)","pixel-weighted by the part's cell count","BETWEEN-UNIT (across parts)","zone_fid (paddock)","77e3ef0aecd1497c187d930959110d994081c800b510c78004514a007126494a","diagnostic - NOT registered, and nothing here is proposed for registration"
"part_residual","whole_record","1988-2022","pooled","quadratic",115,64,,,,0.498090483451728,,7.88606976408134,,,,,"24_inland","inland",2.14063237091042,"pixel","part (paddock x community)","pixel-weighted by the part's cell count","BETWEEN-UNIT (across parts)","zone_fid (paddock)","77e3ef0aecd1497c187d930959110d994081c800b510c78004514a007126494a","diagnostic - NOT registered, and nothing here is proposed for registration"
"part_residual","whole_record","1988-2022","pooled","quadratic",115,64,,,,0.498090483451728,,7.88606976408134,,,,,"24_riverine","riverine",-9.84712350465607,"pixel","part (paddock x community)","pixel-weighted by the part's cell count","BETWEEN-UNIT (across parts)","zone_fid (paddock)","77e3ef0aecd1497c187d930959110d994081c800b510c78004514a007126494a","diagnostic - NOT registered, and nothing here is proposed for registration"
"part_residual","whole_record","1988-2022","pooled","quadratic",115,64,,,,0.498090483451728,,7.88606976408134,,,,,"25_inland","inland",0.470986360889626,"pixel","part (paddock x community)","pixel-weighted by the part's cell count","BETWEEN-UNIT (across parts)","zone_fid (paddock)","77e3ef0aecd1497c187d930959110d994081c800b510c78004514a007126494a","diagnostic - NOT registered, and nothing here is proposed for registration"
"part_residual","whole_record","1988-2022","pooled","quadratic",115,64,,,,0.498090483451728,,7.88606976408134,,,,,"25_riverine","riverine",-3.39666546177281,"pixel","part (paddock x community)","pixel-weighted by the part's cell count","BETWEEN-UNIT (across parts)","zone_fid (paddock)","77e3ef0aecd1497c187d930959110d994081c800b510c78004514a007126494a","diagnostic - NOT registered, and nothing here is proposed for registration"
"part_residual","whole_record","1988-2022","pooled","quadratic",115,64,,,,0.498090483451728,,7.88606976408134,,,,,"26_inland","inland",5.13487881380811,"pixel","part (paddock x community)","pixel-weighted by the part's cell count","BETWEEN-UNIT (across parts)","zone_fid (paddock)","77e3ef0aecd1497c187d930959110d994081c800b510c78004514a007126494a","diagnostic - NOT registered, and nothing here is proposed for registration"
"part_residual","whole_record","1988-2022","pooled","quadratic",115,64,,,,0.498090483451728,,7.88606976408134,,,,,"26_riverine","riverine",3.18510674712895,"pixel","part (paddock x community)","pixel-weighted by the part's cell count","BETWEEN-UNIT (across parts)","zone_fid (paddock)","77e3ef0aecd1497c187d930959110d994081c800b510c78004514a007126494a","diagnostic - NOT registered, and nothing here is proposed for registration"
"part_residual","whole_record","1988-2022","pooled","quadratic",115,64,,,,0.498090483451728,,7.88606976408134,,,,,"27_inland","inland",7.19617411497357,"pixel","part (paddock x community)","pixel-weighted by the part's cell count","BETWEEN-UNIT (across parts)","zone_fid (paddock)","77e3ef0aecd1497c187d930959110d994081c800b510c78004514a007126494a","diagnostic - NOT registered, and nothing here is proposed for registration"
"part_residual","whole_record","1988-2022","pooled","quadratic",115,64,,,,0.498090483451728,,7.88606976408134,,,,,"27_riverine","riverine",5.09310304991409,"pixel","part (paddock x community)","pixel-weighted by the part's cell count","BETWEEN-UNIT (across parts)","zone_fid (paddock)","77e3ef0aecd1497c187d930959110d994081c800b510c78004514a007126494a","diagnostic - NOT registered, and nothing here is proposed for registration"
"part_residual","whole_record","1988-2022","pooled","quadratic",115,64,,,,0.498090483451728,,7.88606976408134,,,,,"28_inland","inland",1.27129725869142,"pixel","part (paddock x community)","pixel-weighted by the part's cell count","BETWEEN-UNIT (across parts)","zone_fid (paddock)","77e3ef0aecd1497c187d930959110d994081c800b510c78004514a007126494a","diagnostic - NOT registered, and nothing here is proposed for registration"
"part_residual","whole_record","1988-2022","pooled","quadratic",115,64,,,,0.498090483451728,,7.88606976408134,,,,,"28_riverine","riverine",-0.901422503702598,"pixel","part (paddock x community)","pixel-weighted by the part's cell count","BETWEEN-UNIT (across parts)","zone_fid (paddock)","77e3ef0aecd1497c187d930959110d994081c800b510c78004514a007126494a","diagnostic - NOT registered, and nothing here is proposed for registration"
"part_residual","whole_record","1988-2022","pooled","quadratic",115,64,,,,0.498090483451728,,7.88606976408134,,,,,"29_inland","inland",1.11119754096734,"pixel","part (paddock x community)","pixel-weighted by the part's cell count","BETWEEN-UNIT (across parts)","zone_fid (paddock)","77e3ef0aecd1497c187d930959110d994081c800b510c78004514a007126494a","diagnostic - NOT registered, and nothing here is proposed for registration"
"part_residual","whole_record","1988-2022","pooled","quadratic",115,64,,,,0.498090483451728,,7.88606976408134,,,,,"30_inland","inland",2.96993101321463,"pixel","part (paddock x community)","pixel-weighted by the part's cell count","BETWEEN-UNIT (across parts)","zone_fid (paddock)","77e3ef0aecd1497c187d930959110d994081c800b510c78004514a007126494a","diagnostic - NOT registered, and nothing here is proposed for registration"
"part_residual","whole_record","1988-2022","pooled","quadratic",115,64,,,,0.498090483451728,,7.88606976408134,,,,,"31_aeolian","aeolian",22.4391539508141,"pixel","part (paddock x community)","pixel-weighted by the part's cell count","BETWEEN-UNIT (across parts)","zone_fid (paddock)","77e3ef0aecd1497c187d930959110d994081c800b510c78004514a007126494a","diagnostic - NOT registered, and nothing here is proposed for registration"
"part_residual","whole_record","1988-2022","pooled","quadratic",115,64,,,,0.498090483451728,,7.88606976408134,,,,,"31_inland","inland",-3.20283506492163,"pixel","part (paddock x community)","pixel-weighted by the part's cell count","BETWEEN-UNIT (across parts)","zone_fid (paddock)","77e3ef0aecd1497c187d930959110d994081c800b510c78004514a007126494a","diagnostic - NOT registered, and nothing here is proposed for registration"
"part_residual","whole_record","1988-2022","pooled","quadratic",115,64,,,,0.498090483451728,,7.88606976408134,,,,,"31_riverine","riverine",-1.01212599793692,"pixel","part (paddock x community)","pixel-weighted by the part's cell count","BETWEEN-UNIT (across parts)","zone_fid (paddock)","77e3ef0aecd1497c187d930959110d994081c800b510c78004514a007126494a","diagnostic - NOT registered, and nothing here is proposed for registration"
"part_residual","whole_record","1988-2022","pooled","quadratic",115,64,,,,0.498090483451728,,7.88606976408134,,,,,"32_inland","inland",2.57559866957554,"pixel","part (paddock x community)","pixel-weighted by the part's cell count","BETWEEN-UNIT (across parts)","zone_fid (paddock)","77e3ef0aecd1497c187d930959110d994081c800b510c78004514a007126494a","diagnostic - NOT registered, and nothing here is proposed for registration"
"part_residual","whole_record","1988-2022","pooled","quadratic",115,64,,,,0.498090483451728,,7.88606976408134,,,,,"32_riverine","riverine",11.2314306178996,"pixel","part (paddock x community)","pixel-weighted by the part's cell count","BETWEEN-UNIT (across parts)","zone_fid (paddock)","77e3ef0aecd1497c187d930959110d994081c800b510c78004514a007126494a","diagnostic - NOT registered, and nothing here is proposed for registration"
"part_residual","whole_record","1988-2022","pooled","quadratic",115,64,,,,0.498090483451728,,7.88606976408134,,,,,"33_inland","inland",1.80871796363041,"pixel","part (paddock x community)","pixel-weighted by the part's cell count","BETWEEN-UNIT (across parts)","zone_fid (paddock)","77e3ef0aecd1497c187d930959110d994081c800b510c78004514a007126494a","diagnostic - NOT registered, and nothing here is proposed for registration"
"part_residual","whole_record","1988-2022","pooled","quadratic",115,64,,,,0.498090483451728,,7.88606976408134,,,,,"34_inland","inland",1.43679027580953,"pixel","part (paddock x community)","pixel-weighted by the part's cell count","BETWEEN-UNIT (across parts)","zone_fid (paddock)","77e3ef0aecd1497c187d930959110d994081c800b510c78004514a007126494a","diagnostic - NOT registered, and nothing here is proposed for registration"
"part_residual","whole_record","1988-2022","pooled","quadratic",115,64,,,,0.498090483451728,,7.88606976408134,,,,,"35_inland","inland",2.59368818352816,"pixel","part (paddock x community)","pixel-weighted by the part's cell count","BETWEEN-UNIT (across parts)","zone_fid (paddock)","77e3ef0aecd1497c187d930959110d994081c800b510c78004514a007126494a","diagnostic - NOT registered, and nothing here is proposed for registration"
"part_residual","whole_record","1988-2022","pooled","quadratic",115,64,,,,0.498090483451728,,7.88606976408134,,,,,"36_inland","inland",5.39141091330346,"pixel","part (paddock x community)","pixel-weighted by the part's cell count","BETWEEN-UNIT (across parts)","zone_fid (paddock)","77e3ef0aecd1497c187d930959110d994081c800b510c78004514a007126494a","diagnostic - NOT registered, and nothing here is proposed for registration"
"part_residual","whole_record","1988-2022","pooled","quadratic",115,64,,,,0.498090483451728,,7.88606976408134,,,,,"37_aeolian","aeolian",16.1594881232934,"pixel","part (paddock x community)","pixel-weighted by the part's cell count","BETWEEN-UNIT (across parts)","zone_fid (paddock)","77e3ef0aecd1497c187d930959110d994081c800b510c78004514a007126494a","diagnostic - NOT registered, and nothing here is proposed for registration"
"part_residual","whole_record","1988-2022","pooled","quadratic",115,64,,,,0.498090483451728,,7.88606976408134,,,,,"37_inland","inland",3.40611763956461,"pixel","part (paddock x community)","pixel-weighted by the part's cell count","BETWEEN-UNIT (across parts)","zone_fid (paddock)","77e3ef0aecd1497c187d930959110d994081c800b510c78004514a007126494a","diagnostic - NOT registered, and nothing here is proposed for registration"
"part_residual","whole_record","1988-2022","pooled","quadratic",115,64,,,,0.498090483451728,,7.88606976408134,,,,,"37_riverine","riverine",6.05269021893804,"pixel","part (paddock x community)","pixel-weighted by the part's cell count","BETWEEN-UNIT (across parts)","zone_fid (paddock)","77e3ef0aecd1497c187d930959110d994081c800b510c78004514a007126494a","diagnostic - NOT registered, and nothing here is proposed for registration"
"part_residual","whole_record","1988-2022","pooled","quadratic",115,64,,,,0.498090483451728,,7.88606976408134,,,,,"38_aeolian","aeolian",14.9512329175324,"pixel","part (paddock x community)","pixel-weighted by the part's cell count","BETWEEN-UNIT (across parts)","zone_fid (paddock)","77e3ef0aecd1497c187d930959110d994081c800b510c78004514a007126494a","diagnostic - NOT registered, and nothing here is proposed for registration"
"part_residual","whole_record","1988-2022","pooled","quadratic",115,64,,,,0.498090483451728,,7.88606976408134,,,,,"38_inland","inland",-0.740483953711376,"pixel","part (paddock x community)","pixel-weighted by the part's cell count","BETWEEN-UNIT (across parts)","zone_fid (paddock)","77e3ef0aecd1497c187d930959110d994081c800b510c78004514a007126494a","diagnostic - NOT registered, and nothing here is proposed for registration"
"part_residual","whole_record","1988-2022","pooled","quadratic",115,64,,,,0.498090483451728,,7.88606976408134,,,,,"38_riverine","riverine",0.17446276251269,"pixel","part (paddock x community)","pixel-weighted by the part's cell count","BETWEEN-UNIT (across parts)","zone_fid (paddock)","77e3ef0aecd1497c187d930959110d994081c800b510c78004514a007126494a","diagnostic - NOT registered, and nothing here is proposed for registration"
"part_residual","whole_record","1988-2022","pooled","quadratic",115,64,,,,0.498090483451728,,7.88606976408134,,,,,"39_inland","inland",8.09997269509282,"pixel","part (paddock x community)","pixel-weighted by the part's cell count","BETWEEN-UNIT (across parts)","zone_fid (paddock)","77e3ef0aecd1497c187d930959110d994081c800b510c78004514a007126494a","diagnostic - NOT registered, and nothing here is proposed for registration"
"part_residual","whole_record","1988-2022","pooled","quadratic",115,64,,,,0.498090483451728,,7.88606976408134,,,,,"39_riverine","riverine",-5.51667474796142,"pixel","part (paddock x community)","pixel-weighted by the part's cell count","BETWEEN-UNIT (across parts)","zone_fid (paddock)","77e3ef0aecd1497c187d930959110d994081c800b510c78004514a007126494a","diagnostic - NOT registered, and nothing here is proposed for registration"
"part_residual","whole_record","1988-2022","pooled","quadratic",115,64,,,,0.498090483451728,,7.88606976408134,,,,,"40_inland","inland",4.02915815942085,"pixel","part (paddock x community)","pixel-weighted by the part's cell count","BETWEEN-UNIT (across parts)","zone_fid (paddock)","77e3ef0aecd1497c187d930959110d994081c800b510c78004514a007126494a","diagnostic - NOT registered, and nothing here is proposed for registration"
"part_residual","whole_record","1988-2022","pooled","quadratic",115,64,,,,0.498090483451728,,7.88606976408134,,,,,"41_inland","inland",1.87321547162421,"pixel","part (paddock x community)","pixel-weighted by the part's cell count","BETWEEN-UNIT (across parts)","zone_fid (paddock)","77e3ef0aecd1497c187d930959110d994081c800b510c78004514a007126494a","diagnostic - NOT registered, and nothing here is proposed for registration"
"part_residual","whole_record","1988-2022","pooled","quadratic",115,64,,,,0.498090483451728,,7.88606976408134,,,,,"42_inland","inland",6.36296906573725,"pixel","part (paddock x community)","pixel-weighted by the part's cell count","BETWEEN-UNIT (across parts)","zone_fid (paddock)","77e3ef0aecd1497c187d930959110d994081c800b510c78004514a007126494a","diagnostic - NOT registered, and nothing here is proposed for registration"
"part_residual","whole_record","1988-2022","pooled","quadratic",115,64,,,,0.498090483451728,,7.88606976408134,,,,,"43_inland","inland",8.57356901755892,"pixel","part (paddock x community)","pixel-weighted by the part's cell count","BETWEEN-UNIT (across parts)","zone_fid (paddock)","77e3ef0aecd1497c187d930959110d994081c800b510c78004514a007126494a","diagnostic - NOT registered, and nothing here is proposed for registration"
"part_residual","whole_record","1988-2022","pooled","quadratic",115,64,,,,0.498090483451728,,7.88606976408134,,,,,"44_inland","inland",4.62533148688311,"pixel","part (paddock x community)","pixel-weighted by the part's cell count","BETWEEN-UNIT (across parts)","zone_fid (paddock)","77e3ef0aecd1497c187d930959110d994081c800b510c78004514a007126494a","diagnostic - NOT registered, and nothing here is proposed for registration"
"part_residual","whole_record","1988-2022","pooled","quadratic",115,64,,,,0.498090483451728,,7.88606976408134,,,,,"45_inland","inland",-4.10866600479117,"pixel","part (paddock x community)","pixel-weighted by the part's cell count","BETWEEN-UNIT (across parts)","zone_fid (paddock)","77e3ef0aecd1497c187d930959110d994081c800b510c78004514a007126494a","diagnostic - NOT registered, and nothing here is proposed for registration"
"part_residual","whole_record","1988-2022","pooled","quadratic",115,64,,,,0.498090483451728,,7.88606976408134,,,,,"45_riverine","riverine",-3.89859231585794,"pixel","part (paddock x community)","pixel-weighted by the part's cell count","BETWEEN-UNIT (across parts)","zone_fid (paddock)","77e3ef0aecd1497c187d930959110d994081c800b510c78004514a007126494a","diagnostic - NOT registered, and nothing here is proposed for registration"
"part_residual","whole_record","1988-2022","pooled","quadratic",115,64,,,,0.498090483451728,,7.88606976408134,,,,,"46_inland","inland",1.56672266334112,"pixel","part (paddock x community)","pixel-weighted by the part's cell count","BETWEEN-UNIT (across parts)","zone_fid (paddock)","77e3ef0aecd1497c187d930959110d994081c800b510c78004514a007126494a","diagnostic - NOT registered, and nothing here is proposed for registration"
"part_residual","whole_record","1988-2022","pooled","quadratic",115,64,,,,0.498090483451728,,7.88606976408134,,,,,"47_inland","inland",0.186093219240348,"pixel","part (paddock x community)","pixel-weighted by the part's cell count","BETWEEN-UNIT (across parts)","zone_fid (paddock)","77e3ef0aecd1497c187d930959110d994081c800b510c78004514a007126494a","diagnostic - NOT registered, and nothing here is proposed for registration"
"part_residual","whole_record","1988-2022","pooled","quadratic",115,64,,,,0.498090483451728,,7.88606976408134,,,,,"48_aeolian","aeolian",15.2185166508835,"pixel","part (paddock x community)","pixel-weighted by the part's cell count","BETWEEN-UNIT (across parts)","zone_fid (paddock)","77e3ef0aecd1497c187d930959110d994081c800b510c78004514a007126494a","diagnostic - NOT registered, and nothing here is proposed for registration"
"part_residual","whole_record","1988-2022","pooled","quadratic",115,64,,,,0.498090483451728,,7.88606976408134,,,,,"48_inland","inland",5.1840922979261,"pixel","part (paddock x community)","pixel-weighted by the part's cell count","BETWEEN-UNIT (across parts)","zone_fid (paddock)","77e3ef0aecd1497c187d930959110d994081c800b510c78004514a007126494a","diagnostic - NOT registered, and nothing here is proposed for registration"
"part_residual","whole_record","1988-2022","pooled","quadratic",115,64,,,,0.498090483451728,,7.88606976408134,,,,,"48_riverine","riverine",1.49706366912734,"pixel","part (paddock x community)","pixel-weighted by the part's cell count","BETWEEN-UNIT (across parts)","zone_fid (paddock)","77e3ef0aecd1497c187d930959110d994081c800b510c78004514a007126494a","diagnostic - NOT registered, and nothing here is proposed for registration"
"part_residual","whole_record","1988-2022","pooled","quadratic",115,64,,,,0.498090483451728,,7.88606976408134,,,,,"49_inland","inland",3.24881739731457,"pixel","part (paddock x community)","pixel-weighted by the part's cell count","BETWEEN-UNIT (across parts)","zone_fid (paddock)","77e3ef0aecd1497c187d930959110d994081c800b510c78004514a007126494a","diagnostic - NOT registered, and nothing here is proposed for registration"
"part_residual","whole_record","1988-2022","pooled","quadratic",115,64,,,,0.498090483451728,,7.88606976408134,,,,,"50_inland","inland",-0.121587503244598,"pixel","part (paddock x community)","pixel-weighted by the part's cell count","BETWEEN-UNIT (across parts)","zone_fid (paddock)","77e3ef0aecd1497c187d930959110d994081c800b510c78004514a007126494a","diagnostic - NOT registered, and nothing here is proposed for registration"
"part_residual","whole_record","1988-2022","pooled","quadratic",115,64,,,,0.498090483451728,,7.88606976408134,,,,,"51_aeolian","aeolian",14.2968073243441,"pixel","part (paddock x community)","pixel-weighted by the part's cell count","BETWEEN-UNIT (across parts)","zone_fid (paddock)","77e3ef0aecd1497c187d930959110d994081c800b510c78004514a007126494a","diagnostic - NOT registered, and nothing here is proposed for registration"
"part_residual","whole_record","1988-2022","pooled","quadratic",115,64,,,,0.498090483451728,,7.88606976408134,,,,,"51_inland","inland",4.51777287586179,"pixel","part (paddock x community)","pixel-weighted by the part's cell count","BETWEEN-UNIT (across parts)","zone_fid (paddock)","77e3ef0aecd1497c187d930959110d994081c800b510c78004514a007126494a","diagnostic - NOT registered, and nothing here is proposed for registration"
"part_residual","whole_record","1988-2022","pooled","quadratic",115,64,,,,0.498090483451728,,7.88606976408134,,,,,"51_riverine","riverine",-18.8659979173356,"pixel","part (paddock x community)","pixel-weighted by the part's cell count","BETWEEN-UNIT (across parts)","zone_fid (paddock)","77e3ef0aecd1497c187d930959110d994081c800b510c78004514a007126494a","diagnostic - NOT registered, and nothing here is proposed for registration"
"part_residual","whole_record","1988-2022","pooled","quadratic",115,64,,,,0.498090483451728,,7.88606976408134,,,,,"52_inland","inland",4.77450033161058,"pixel","part (paddock x community)","pixel-weighted by the part's cell count","BETWEEN-UNIT (across parts)","zone_fid (paddock)","77e3ef0aecd1497c187d930959110d994081c800b510c78004514a007126494a","diagnostic - NOT registered, and nothing here is proposed for registration"
"part_residual","whole_record","1988-2022","pooled","quadratic",115,64,,,,0.498090483451728,,7.88606976408134,,,,,"52_riverine","riverine",-14.5965258760389,"pixel","part (paddock x community)","pixel-weighted by the part's cell count","BETWEEN-UNIT (across parts)","zone_fid (paddock)","77e3ef0aecd1497c187d930959110d994081c800b510c78004514a007126494a","diagnostic - NOT registered, and nothing here is proposed for registration"
"part_residual","whole_record","1988-2022","pooled","quadratic",115,64,,,,0.498090483451728,,7.88606976408134,,,,,"53_inland","inland",-4.72623128052267,"pixel","part (paddock x community)","pixel-weighted by the part's cell count","BETWEEN-UNIT (across parts)","zone_fid (paddock)","77e3ef0aecd1497c187d930959110d994081c800b510c78004514a007126494a","diagnostic - NOT registered, and nothing here is proposed for registration"
"part_residual","whole_record","1988-2022","pooled","quadratic",115,64,,,,0.498090483451728,,7.88606976408134,,,,,"53_riverine","riverine",3.33855181868026,"pixel","part (paddock x community)","pixel-weighted by the part's cell count","BETWEEN-UNIT (across parts)","zone_fid (paddock)","77e3ef0aecd1497c187d930959110d994081c800b510c78004514a007126494a","diagnostic - NOT registered, and nothing here is proposed for registration"
"part_residual","whole_record","1988-2022","pooled","quadratic",115,64,,,,0.498090483451728,,7.88606976408134,,,,,"54_aeolian","aeolian",17.8185796552198,"pixel","part (paddock x community)","pixel-weighted by the part's cell count","BETWEEN-UNIT (across parts)","zone_fid (paddock)","77e3ef0aecd1497c187d930959110d994081c800b510c78004514a007126494a","diagnostic - NOT registered, and nothing here is proposed for registration"
"part_residual","whole_record","1988-2022","pooled","quadratic",115,64,,,,0.498090483451728,,7.88606976408134,,,,,"54_riverine","riverine",2.1005514093335,"pixel","part (paddock x community)","pixel-weighted by the part's cell count","BETWEEN-UNIT (across parts)","zone_fid (paddock)","77e3ef0aecd1497c187d930959110d994081c800b510c78004514a007126494a","diagnostic - NOT registered, and nothing here is proposed for registration"
"part_residual","whole_record","1988-2022","pooled","quadratic",115,64,,,,0.498090483451728,,7.88606976408134,,,,,"55_aeolian","aeolian",-4.73680936051215,"pixel","part (paddock x community)","pixel-weighted by the part's cell count","BETWEEN-UNIT (across parts)","zone_fid (paddock)","77e3ef0aecd1497c187d930959110d994081c800b510c78004514a007126494a","diagnostic - NOT registered, and nothing here is proposed for registration"
"part_residual","whole_record","1988-2022","pooled","quadratic",115,64,,,,0.498090483451728,,7.88606976408134,,,,,"55_inland","inland",-2.92225860199087,"pixel","part (paddock x community)","pixel-weighted by the part's cell count","BETWEEN-UNIT (across parts)","zone_fid (paddock)","77e3ef0aecd1497c187d930959110d994081c800b510c78004514a007126494a","diagnostic - NOT registered, and nothing here is proposed for registration"
"part_residual","whole_record","1988-2022","pooled","quadratic",115,64,,,,0.498090483451728,,7.88606976408134,,,,,"55_riverine","riverine",-14.4272886147325,"pixel","part (paddock x community)","pixel-weighted by the part's cell count","BETWEEN-UNIT (across parts)","zone_fid (paddock)","77e3ef0aecd1497c187d930959110d994081c800b510c78004514a007126494a","diagnostic - NOT registered, and nothing here is proposed for registration"
"part_residual","whole_record","1988-2022","pooled","quadratic",115,64,,,,0.498090483451728,,7.88606976408134,,,,,"56_aeolian","aeolian",-7.7177476175067,"pixel","part (paddock x community)","pixel-weighted by the part's cell count","BETWEEN-UNIT (across parts)","zone_fid (paddock)","77e3ef0aecd1497c187d930959110d994081c800b510c78004514a007126494a","diagnostic - NOT registered, and nothing here is proposed for registration"
"part_residual","whole_record","1988-2022","pooled","quadratic",115,64,,,,0.498090483451728,,7.88606976408134,,,,,"56_inland","inland",0.451553747911532,"pixel","part (paddock x community)","pixel-weighted by the part's cell count","BETWEEN-UNIT (across parts)","zone_fid (paddock)","77e3ef0aecd1497c187d930959110d994081c800b510c78004514a007126494a","diagnostic - NOT registered, and nothing here is proposed for registration"
"part_residual","whole_record","1988-2022","pooled","quadratic",115,64,,,,0.498090483451728,,7.88606976408134,,,,,"56_riverine","riverine",-8.36126535245828,"pixel","part (paddock x community)","pixel-weighted by the part's cell count","BETWEEN-UNIT (across parts)","zone_fid (paddock)","77e3ef0aecd1497c187d930959110d994081c800b510c78004514a007126494a","diagnostic - NOT registered, and nothing here is proposed for registration"
"part_residual","whole_record","1988-2022","pooled","quadratic",115,64,,,,0.498090483451728,,7.88606976408134,,,,,"57_aeolian","aeolian",-16.9018805079116,"pixel","part (paddock x community)","pixel-weighted by the part's cell count","BETWEEN-UNIT (across parts)","zone_fid (paddock)","77e3ef0aecd1497c187d930959110d994081c800b510c78004514a007126494a","diagnostic - NOT registered, and nothing here is proposed for registration"
"part_residual","whole_record","1988-2022","pooled","quadratic",115,64,,,,0.498090483451728,,7.88606976408134,,,,,"57_inland","inland",4.70261801783771,"pixel","part (paddock x community)","pixel-weighted by the part's cell count","BETWEEN-UNIT (across parts)","zone_fid (paddock)","77e3ef0aecd1497c187d930959110d994081c800b510c78004514a007126494a","diagnostic - NOT registered, and nothing here is proposed for registration"
"part_residual","whole_record","1988-2022","pooled","quadratic",115,64,,,,0.498090483451728,,7.88606976408134,,,,,"57_riverine","riverine",-9.08827856307882,"pixel","part (paddock x community)","pixel-weighted by the part's cell count","BETWEEN-UNIT (across parts)","zone_fid (paddock)","77e3ef0aecd1497c187d930959110d994081c800b510c78004514a007126494a","diagnostic - NOT registered, and nothing here is proposed for registration"
"part_residual","whole_record","1988-2022","pooled","quadratic",115,64,,,,0.498090483451728,,7.88606976408134,,,,,"58_aeolian","aeolian",-6.58634489606654,"pixel","part (paddock x community)","pixel-weighted by the part's cell count","BETWEEN-UNIT (across parts)","zone_fid (paddock)","77e3ef0aecd1497c187d930959110d994081c800b510c78004514a007126494a","diagnostic - NOT registered, and nothing here is proposed for registration"
"part_residual","whole_record","1988-2022","pooled","quadratic",115,64,,,,0.498090483451728,,7.88606976408134,,,,,"58_inland","inland",-5.85847486988747,"pixel","part (paddock x community)","pixel-weighted by the part's cell count","BETWEEN-UNIT (across parts)","zone_fid (paddock)","77e3ef0aecd1497c187d930959110d994081c800b510c78004514a007126494a","diagnostic - NOT registered, and nothing here is proposed for registration"
"part_residual","whole_record","1988-2022","pooled","quadratic",115,64,,,,0.498090483451728,,7.88606976408134,,,,,"58_riverine","riverine",-15.6616471772764,"pixel","part (paddock x community)","pixel-weighted by the part's cell count","BETWEEN-UNIT (across parts)","zone_fid (paddock)","77e3ef0aecd1497c187d930959110d994081c800b510c78004514a007126494a","diagnostic - NOT registered, and nothing here is proposed for registration"
"part_residual","whole_record","1988-2022","pooled","quadratic",115,64,,,,0.498090483451728,,7.88606976408134,,,,,"59_aeolian","aeolian",11.0726103121322,"pixel","part (paddock x community)","pixel-weighted by the part's cell count","BETWEEN-UNIT (across parts)","zone_fid (paddock)","77e3ef0aecd1497c187d930959110d994081c800b510c78004514a007126494a","diagnostic - NOT registered, and nothing here is proposed for registration"
"part_residual","whole_record","1988-2022","pooled","quadratic",115,64,,,,0.498090483451728,,7.88606976408134,,,,,"59_riverine","riverine",-1.89240240652695,"pixel","part (paddock x community)","pixel-weighted by the part's cell count","BETWEEN-UNIT (across parts)","zone_fid (paddock)","77e3ef0aecd1497c187d930959110d994081c800b510c78004514a007126494a","diagnostic - NOT registered, and nothing here is proposed for registration"
"part_residual","whole_record","1988-2022","pooled","quadratic",115,64,,,,0.498090483451728,,7.88606976408134,,,,,"60_aeolian","aeolian",11.0360020134634,"pixel","part (paddock x community)","pixel-weighted by the part's cell count","BETWEEN-UNIT (across parts)","zone_fid (paddock)","77e3ef0aecd1497c187d930959110d994081c800b510c78004514a007126494a","diagnostic - NOT registered, and nothing here is proposed for registration"
"part_residual","whole_record","1988-2022","pooled","quadratic",115,64,,,,0.498090483451728,,7.88606976408134,,,,,"60_riverine","riverine",13.8567630965335,"pixel","part (paddock x community)","pixel-weighted by the part's cell count","BETWEEN-UNIT (across parts)","zone_fid (paddock)","77e3ef0aecd1497c187d930959110d994081c800b510c78004514a007126494a","diagnostic - NOT registered, and nothing here is proposed for registration"
"part_residual","whole_record","1988-2022","pooled","quadratic",115,64,,,,0.498090483451728,,7.88606976408134,,,,,"61_aeolian","aeolian",16.4064097994669,"pixel","part (paddock x community)","pixel-weighted by the part's cell count","BETWEEN-UNIT (across parts)","zone_fid (paddock)","77e3ef0aecd1497c187d930959110d994081c800b510c78004514a007126494a","diagnostic - NOT registered, and nothing here is proposed for registration"
"part_residual","whole_record","1988-2022","pooled","quadratic",115,64,,,,0.498090483451728,,7.88606976408134,,,,,"61_inland","inland",-3.02539204070972,"pixel","part (paddock x community)","pixel-weighted by the part's cell count","BETWEEN-UNIT (across parts)","zone_fid (paddock)","77e3ef0aecd1497c187d930959110d994081c800b510c78004514a007126494a","diagnostic - NOT registered, and nothing here is proposed for registration"
"part_residual","whole_record","1988-2022","pooled","quadratic",115,64,,,,0.498090483451728,,7.88606976408134,,,,,"61_riverine","riverine",-11.546082000078,"pixel","part (paddock x community)","pixel-weighted by the part's cell count","BETWEEN-UNIT (across parts)","zone_fid (paddock)","77e3ef0aecd1497c187d930959110d994081c800b510c78004514a007126494a","diagnostic - NOT registered, and nothing here is proposed for registration"
"part_residual","whole_record","1988-2022","pooled","quadratic",115,64,,,,0.498090483451728,,7.88606976408134,,,,,"62_aeolian","aeolian",5.88922520770436,"pixel","part (paddock x community)","pixel-weighted by the part's cell count","BETWEEN-UNIT (across parts)","zone_fid (paddock)","77e3ef0aecd1497c187d930959110d994081c800b510c78004514a007126494a","diagnostic - NOT registered, and nothing here is proposed for registration"
"part_residual","whole_record","1988-2022","pooled","quadratic",115,64,,,,0.498090483451728,,7.88606976408134,,,,,"62_inland","inland",1.14628866737908,"pixel","part (paddock x community)","pixel-weighted by the part's cell count","BETWEEN-UNIT (across parts)","zone_fid (paddock)","77e3ef0aecd1497c187d930959110d994081c800b510c78004514a007126494a","diagnostic - NOT registered, and nothing here is proposed for registration"
"part_residual","whole_record","1988-2022","pooled","quadratic",115,64,,,,0.498090483451728,,7.88606976408134,,,,,"62_riverine","riverine",-26.3801031501802,"pixel","part (paddock x community)","pixel-weighted by the part's cell count","BETWEEN-UNIT (across parts)","zone_fid (paddock)","77e3ef0aecd1497c187d930959110d994081c800b510c78004514a007126494a","diagnostic - NOT registered, and nothing here is proposed for registration"
"part_residual","whole_record","1988-2022","pooled","quadratic",115,64,,,,0.498090483451728,,7.88606976408134,,,,,"63_aeolian","aeolian",9.10816350078127,"pixel","part (paddock x community)","pixel-weighted by the part's cell count","BETWEEN-UNIT (across parts)","zone_fid (paddock)","77e3ef0aecd1497c187d930959110d994081c800b510c78004514a007126494a","diagnostic - NOT registered, and nothing here is proposed for registration"
"part_residual","whole_record","1988-2022","pooled","quadratic",115,64,,,,0.498090483451728,,7.88606976408134,,,,,"63_inland","inland",-0.823101173742131,"pixel","part (paddock x community)","pixel-weighted by the part's cell count","BETWEEN-UNIT (across parts)","zone_fid (paddock)","77e3ef0aecd1497c187d930959110d994081c800b510c78004514a007126494a","diagnostic - NOT registered, and nothing here is proposed for registration"
"part_residual","whole_record","1988-2022","pooled","quadratic",115,64,,,,0.498090483451728,,7.88606976408134,,,,,"63_riverine","riverine",-9.97666088053099,"pixel","part (paddock x community)","pixel-weighted by the part's cell count","BETWEEN-UNIT (across parts)","zone_fid (paddock)","77e3ef0aecd1497c187d930959110d994081c800b510c78004514a007126494a","diagnostic - NOT registered, and nothing here is proposed for registration"
"part_residual","whole_record","1988-2022","pooled","quadratic",115,64,,,,0.498090483451728,,7.88606976408134,,,,,"64_inland","inland",-1.40946443570891,"pixel","part (paddock x community)","pixel-weighted by the part's cell count","BETWEEN-UNIT (across parts)","zone_fid (paddock)","77e3ef0aecd1497c187d930959110d994081c800b510c78004514a007126494a","diagnostic - NOT registered, and nothing here is proposed for registration"
"part_residual","whole_record","1988-2022","pooled","quadratic",115,64,,,,0.498090483451728,,7.88606976408134,,,,,"64_riverine","riverine",-1.16908173561595,"pixel","part (paddock x community)","pixel-weighted by the part's cell count","BETWEEN-UNIT (across parts)","zone_fid (paddock)","77e3ef0aecd1497c187d930959110d994081c800b510c78004514a007126494a","diagnostic - NOT registered, and nothing here is proposed for registration"
"part_residual","whole_record","1988-2022","pooled","sqrt_x",115,64,,,,0.48797717448395,,7.96512435398527,,,,,"01_inland","inland",-6.33681444956784,"pixel","part (paddock x community)","pixel-weighted by the part's cell count","BETWEEN-UNIT (across parts)","zone_fid (paddock)","77e3ef0aecd1497c187d930959110d994081c800b510c78004514a007126494a","diagnostic - NOT registered, and nothing here is proposed for registration"
"part_residual","whole_record","1988-2022","pooled","sqrt_x",115,64,,,,0.48797717448395,,7.96512435398527,,,,,"01_riverine","riverine",-4.83555909957875,"pixel","part (paddock x community)","pixel-weighted by the part's cell count","BETWEEN-UNIT (across parts)","zone_fid (paddock)","77e3ef0aecd1497c187d930959110d994081c800b510c78004514a007126494a","diagnostic - NOT registered, and nothing here is proposed for registration"
"part_residual","whole_record","1988-2022","pooled","sqrt_x",115,64,,,,0.48797717448395,,7.96512435398527,,,,,"02_inland","inland",-1.86026876166225,"pixel","part (paddock x community)","pixel-weighted by the part's cell count","BETWEEN-UNIT (across parts)","zone_fid (paddock)","77e3ef0aecd1497c187d930959110d994081c800b510c78004514a007126494a","diagnostic - NOT registered, and nothing here is proposed for registration"
"part_residual","whole_record","1988-2022","pooled","sqrt_x",115,64,,,,0.48797717448395,,7.96512435398527,,,,,"03_inland","inland",-1.83512114259949,"pixel","part (paddock x community)","pixel-weighted by the part's cell count","BETWEEN-UNIT (across parts)","zone_fid (paddock)","77e3ef0aecd1497c187d930959110d994081c800b510c78004514a007126494a","diagnostic - NOT registered, and nothing here is proposed for registration"
"part_residual","whole_record","1988-2022","pooled","sqrt_x",115,64,,,,0.48797717448395,,7.96512435398527,,,,,"03_riverine","riverine",-3.60367916938662,"pixel","part (paddock x community)","pixel-weighted by the part's cell count","BETWEEN-UNIT (across parts)","zone_fid (paddock)","77e3ef0aecd1497c187d930959110d994081c800b510c78004514a007126494a","diagnostic - NOT registered, and nothing here is proposed for registration"
"part_residual","whole_record","1988-2022","pooled","sqrt_x",115,64,,,,0.48797717448395,,7.96512435398527,,,,,"04_aeolian","aeolian",-21.5341288421819,"pixel","part (paddock x community)","pixel-weighted by the part's cell count","BETWEEN-UNIT (across parts)","zone_fid (paddock)","77e3ef0aecd1497c187d930959110d994081c800b510c78004514a007126494a","diagnostic - NOT registered, and nothing here is proposed for registration"
"part_residual","whole_record","1988-2022","pooled","sqrt_x",115,64,,,,0.48797717448395,,7.96512435398527,,,,,"04_inland","inland",4.74051941899302,"pixel","part (paddock x community)","pixel-weighted by the part's cell count","BETWEEN-UNIT (across parts)","zone_fid (paddock)","77e3ef0aecd1497c187d930959110d994081c800b510c78004514a007126494a","diagnostic - NOT registered, and nothing here is proposed for registration"
"part_residual","whole_record","1988-2022","pooled","sqrt_x",115,64,,,,0.48797717448395,,7.96512435398527,,,,,"04_riverine","riverine",-20.5707818172658,"pixel","part (paddock x community)","pixel-weighted by the part's cell count","BETWEEN-UNIT (across parts)","zone_fid (paddock)","77e3ef0aecd1497c187d930959110d994081c800b510c78004514a007126494a","diagnostic - NOT registered, and nothing here is proposed for registration"
"part_residual","whole_record","1988-2022","pooled","sqrt_x",115,64,,,,0.48797717448395,,7.96512435398527,,,,,"05_inland","inland",8.63727536046692,"pixel","part (paddock x community)","pixel-weighted by the part's cell count","BETWEEN-UNIT (across parts)","zone_fid (paddock)","77e3ef0aecd1497c187d930959110d994081c800b510c78004514a007126494a","diagnostic - NOT registered, and nothing here is proposed for registration"
"part_residual","whole_record","1988-2022","pooled","sqrt_x",115,64,,,,0.48797717448395,,7.96512435398527,,,,,"05_riverine","riverine",11.1241844841252,"pixel","part (paddock x community)","pixel-weighted by the part's cell count","BETWEEN-UNIT (across parts)","zone_fid (paddock)","77e3ef0aecd1497c187d930959110d994081c800b510c78004514a007126494a","diagnostic - NOT registered, and nothing here is proposed for registration"
"part_residual","whole_record","1988-2022","pooled","sqrt_x",115,64,,,,0.48797717448395,,7.96512435398527,,,,,"06_inland","inland",10.1087130573474,"pixel","part (paddock x community)","pixel-weighted by the part's cell count","BETWEEN-UNIT (across parts)","zone_fid (paddock)","77e3ef0aecd1497c187d930959110d994081c800b510c78004514a007126494a","diagnostic - NOT registered, and nothing here is proposed for registration"
"part_residual","whole_record","1988-2022","pooled","sqrt_x",115,64,,,,0.48797717448395,,7.96512435398527,,,,,"06_riverine","riverine",12.3847769307413,"pixel","part (paddock x community)","pixel-weighted by the part's cell count","BETWEEN-UNIT (across parts)","zone_fid (paddock)","77e3ef0aecd1497c187d930959110d994081c800b510c78004514a007126494a","diagnostic - NOT registered, and nothing here is proposed for registration"
"part_residual","whole_record","1988-2022","pooled","sqrt_x",115,64,,,,0.48797717448395,,7.96512435398527,,,,,"07_inland","inland",4.2251060345903,"pixel","part (paddock x community)","pixel-weighted by the part's cell count","BETWEEN-UNIT (across parts)","zone_fid (paddock)","77e3ef0aecd1497c187d930959110d994081c800b510c78004514a007126494a","diagnostic - NOT registered, and nothing here is proposed for registration"
"part_residual","whole_record","1988-2022","pooled","sqrt_x",115,64,,,,0.48797717448395,,7.96512435398527,,,,,"08_inland","inland",8.06724920655486,"pixel","part (paddock x community)","pixel-weighted by the part's cell count","BETWEEN-UNIT (across parts)","zone_fid (paddock)","77e3ef0aecd1497c187d930959110d994081c800b510c78004514a007126494a","diagnostic - NOT registered, and nothing here is proposed for registration"
"part_residual","whole_record","1988-2022","pooled","sqrt_x",115,64,,,,0.48797717448395,,7.96512435398527,,,,,"09_inland","inland",3.98240153293826,"pixel","part (paddock x community)","pixel-weighted by the part's cell count","BETWEEN-UNIT (across parts)","zone_fid (paddock)","77e3ef0aecd1497c187d930959110d994081c800b510c78004514a007126494a","diagnostic - NOT registered, and nothing here is proposed for registration"
"part_residual","whole_record","1988-2022","pooled","sqrt_x",115,64,,,,0.48797717448395,,7.96512435398527,,,,,"09_riverine","riverine",9.45284603069554,"pixel","part (paddock x community)","pixel-weighted by the part's cell count","BETWEEN-UNIT (across parts)","zone_fid (paddock)","77e3ef0aecd1497c187d930959110d994081c800b510c78004514a007126494a","diagnostic - NOT registered, and nothing here is proposed for registration"
"part_residual","whole_record","1988-2022","pooled","sqrt_x",115,64,,,,0.48797717448395,,7.96512435398527,,,,,"10_inland","inland",11.0912658274558,"pixel","part (paddock x community)","pixel-weighted by the part's cell count","BETWEEN-UNIT (across parts)","zone_fid (paddock)","77e3ef0aecd1497c187d930959110d994081c800b510c78004514a007126494a","diagnostic - NOT registered, and nothing here is proposed for registration"
"part_residual","whole_record","1988-2022","pooled","sqrt_x",115,64,,,,0.48797717448395,,7.96512435398527,,,,,"10_riverine","riverine",14.4186971179006,"pixel","part (paddock x community)","pixel-weighted by the part's cell count","BETWEEN-UNIT (across parts)","zone_fid (paddock)","77e3ef0aecd1497c187d930959110d994081c800b510c78004514a007126494a","diagnostic - NOT registered, and nothing here is proposed for registration"
"part_residual","whole_record","1988-2022","pooled","sqrt_x",115,64,,,,0.48797717448395,,7.96512435398527,,,,,"11_inland","inland",-1.81229652122092,"pixel","part (paddock x community)","pixel-weighted by the part's cell count","BETWEEN-UNIT (across parts)","zone_fid (paddock)","77e3ef0aecd1497c187d930959110d994081c800b510c78004514a007126494a","diagnostic - NOT registered, and nothing here is proposed for registration"
"part_residual","whole_record","1988-2022","pooled","sqrt_x",115,64,,,,0.48797717448395,,7.96512435398527,,,,,"12_inland","inland",-3.41127241893339,"pixel","part (paddock x community)","pixel-weighted by the part's cell count","BETWEEN-UNIT (across parts)","zone_fid (paddock)","77e3ef0aecd1497c187d930959110d994081c800b510c78004514a007126494a","diagnostic - NOT registered, and nothing here is proposed for registration"
"part_residual","whole_record","1988-2022","pooled","sqrt_x",115,64,,,,0.48797717448395,,7.96512435398527,,,,,"12_riverine","riverine",-5.26969807394084,"pixel","part (paddock x community)","pixel-weighted by the part's cell count","BETWEEN-UNIT (across parts)","zone_fid (paddock)","77e3ef0aecd1497c187d930959110d994081c800b510c78004514a007126494a","diagnostic - NOT registered, and nothing here is proposed for registration"
"part_residual","whole_record","1988-2022","pooled","sqrt_x",115,64,,,,0.48797717448395,,7.96512435398527,,,,,"13_inland","inland",4.09534363999438,"pixel","part (paddock x community)","pixel-weighted by the part's cell count","BETWEEN-UNIT (across parts)","zone_fid (paddock)","77e3ef0aecd1497c187d930959110d994081c800b510c78004514a007126494a","diagnostic - NOT registered, and nothing here is proposed for registration"
"part_residual","whole_record","1988-2022","pooled","sqrt_x",115,64,,,,0.48797717448395,,7.96512435398527,,,,,"14_inland","inland",-18.8630852432937,"pixel","part (paddock x community)","pixel-weighted by the part's cell count","BETWEEN-UNIT (across parts)","zone_fid (paddock)","77e3ef0aecd1497c187d930959110d994081c800b510c78004514a007126494a","diagnostic - NOT registered, and nothing here is proposed for registration"
"part_residual","whole_record","1988-2022","pooled","sqrt_x",115,64,,,,0.48797717448395,,7.96512435398527,,,,,"15_inland","inland",5.13053321862388,"pixel","part (paddock x community)","pixel-weighted by the part's cell count","BETWEEN-UNIT (across parts)","zone_fid (paddock)","77e3ef0aecd1497c187d930959110d994081c800b510c78004514a007126494a","diagnostic - NOT registered, and nothing here is proposed for registration"
"part_residual","whole_record","1988-2022","pooled","sqrt_x",115,64,,,,0.48797717448395,,7.96512435398527,,,,,"16_inland","inland",2.78238265145828,"pixel","part (paddock x community)","pixel-weighted by the part's cell count","BETWEEN-UNIT (across parts)","zone_fid (paddock)","77e3ef0aecd1497c187d930959110d994081c800b510c78004514a007126494a","diagnostic - NOT registered, and nothing here is proposed for registration"
"part_residual","whole_record","1988-2022","pooled","sqrt_x",115,64,,,,0.48797717448395,,7.96512435398527,,,,,"16_riverine","riverine",8.1530524992164,"pixel","part (paddock x community)","pixel-weighted by the part's cell count","BETWEEN-UNIT (across parts)","zone_fid (paddock)","77e3ef0aecd1497c187d930959110d994081c800b510c78004514a007126494a","diagnostic - NOT registered, and nothing here is proposed for registration"
"part_residual","whole_record","1988-2022","pooled","sqrt_x",115,64,,,,0.48797717448395,,7.96512435398527,,,,,"17_inland","inland",3.46448141714752,"pixel","part (paddock x community)","pixel-weighted by the part's cell count","BETWEEN-UNIT (across parts)","zone_fid (paddock)","77e3ef0aecd1497c187d930959110d994081c800b510c78004514a007126494a","diagnostic - NOT registered, and nothing here is proposed for registration"
"part_residual","whole_record","1988-2022","pooled","sqrt_x",115,64,,,,0.48797717448395,,7.96512435398527,,,,,"18_aeolian","aeolian",-11.4785167343382,"pixel","part (paddock x community)","pixel-weighted by the part's cell count","BETWEEN-UNIT (across parts)","zone_fid (paddock)","77e3ef0aecd1497c187d930959110d994081c800b510c78004514a007126494a","diagnostic - NOT registered, and nothing here is proposed for registration"
"part_residual","whole_record","1988-2022","pooled","sqrt_x",115,64,,,,0.48797717448395,,7.96512435398527,,,,,"18_inland","inland",2.68199083137827,"pixel","part (paddock x community)","pixel-weighted by the part's cell count","BETWEEN-UNIT (across parts)","zone_fid (paddock)","77e3ef0aecd1497c187d930959110d994081c800b510c78004514a007126494a","diagnostic - NOT registered, and nothing here is proposed for registration"
"part_residual","whole_record","1988-2022","pooled","sqrt_x",115,64,,,,0.48797717448395,,7.96512435398527,,,,,"18_riverine","riverine",-4.04087496332428,"pixel","part (paddock x community)","pixel-weighted by the part's cell count","BETWEEN-UNIT (across parts)","zone_fid (paddock)","77e3ef0aecd1497c187d930959110d994081c800b510c78004514a007126494a","diagnostic - NOT registered, and nothing here is proposed for registration"
"part_residual","whole_record","1988-2022","pooled","sqrt_x",115,64,,,,0.48797717448395,,7.96512435398527,,,,,"19_inland","inland",1.08702357766578,"pixel","part (paddock x community)","pixel-weighted by the part's cell count","BETWEEN-UNIT (across parts)","zone_fid (paddock)","77e3ef0aecd1497c187d930959110d994081c800b510c78004514a007126494a","diagnostic - NOT registered, and nothing here is proposed for registration"
"part_residual","whole_record","1988-2022","pooled","sqrt_x",115,64,,,,0.48797717448395,,7.96512435398527,,,,,"20_inland","inland",3.00148529633002,"pixel","part (paddock x community)","pixel-weighted by the part's cell count","BETWEEN-UNIT (across parts)","zone_fid (paddock)","77e3ef0aecd1497c187d930959110d994081c800b510c78004514a007126494a","diagnostic - NOT registered, and nothing here is proposed for registration"
"part_residual","whole_record","1988-2022","pooled","sqrt_x",115,64,,,,0.48797717448395,,7.96512435398527,,,,,"21_inland","inland",-1.06097600095681,"pixel","part (paddock x community)","pixel-weighted by the part's cell count","BETWEEN-UNIT (across parts)","zone_fid (paddock)","77e3ef0aecd1497c187d930959110d994081c800b510c78004514a007126494a","diagnostic - NOT registered, and nothing here is proposed for registration"
"part_residual","whole_record","1988-2022","pooled","sqrt_x",115,64,,,,0.48797717448395,,7.96512435398527,,,,,"21_riverine","riverine",-7.06410130063252,"pixel","part (paddock x community)","pixel-weighted by the part's cell count","BETWEEN-UNIT (across parts)","zone_fid (paddock)","77e3ef0aecd1497c187d930959110d994081c800b510c78004514a007126494a","diagnostic - NOT registered, and nothing here is proposed for registration"
"part_residual","whole_record","1988-2022","pooled","sqrt_x",115,64,,,,0.48797717448395,,7.96512435398527,,,,,"22_inland","inland",3.44860857184631,"pixel","part (paddock x community)","pixel-weighted by the part's cell count","BETWEEN-UNIT (across parts)","zone_fid (paddock)","77e3ef0aecd1497c187d930959110d994081c800b510c78004514a007126494a","diagnostic - NOT registered, and nothing here is proposed for registration"
"part_residual","whole_record","1988-2022","pooled","sqrt_x",115,64,,,,0.48797717448395,,7.96512435398527,,,,,"23_inland","inland",-2.15113969615119,"pixel","part (paddock x community)","pixel-weighted by the part's cell count","BETWEEN-UNIT (across parts)","zone_fid (paddock)","77e3ef0aecd1497c187d930959110d994081c800b510c78004514a007126494a","diagnostic - NOT registered, and nothing here is proposed for registration"
"part_residual","whole_record","1988-2022","pooled","sqrt_x",115,64,,,,0.48797717448395,,7.96512435398527,,,,,"24_inland","inland",2.8095213384707,"pixel","part (paddock x community)","pixel-weighted by the part's cell count","BETWEEN-UNIT (across parts)","zone_fid (paddock)","77e3ef0aecd1497c187d930959110d994081c800b510c78004514a007126494a","diagnostic - NOT registered, and nothing here is proposed for registration"
"part_residual","whole_record","1988-2022","pooled","sqrt_x",115,64,,,,0.48797717448395,,7.96512435398527,,,,,"24_riverine","riverine",-9.55874590902764,"pixel","part (paddock x community)","pixel-weighted by the part's cell count","BETWEEN-UNIT (across parts)","zone_fid (paddock)","77e3ef0aecd1497c187d930959110d994081c800b510c78004514a007126494a","diagnostic - NOT registered, and nothing here is proposed for registration"
"part_residual","whole_record","1988-2022","pooled","sqrt_x",115,64,,,,0.48797717448395,,7.96512435398527,,,,,"25_inland","inland",1.27305491686737,"pixel","part (paddock x community)","pixel-weighted by the part's cell count","BETWEEN-UNIT (across parts)","zone_fid (paddock)","77e3ef0aecd1497c187d930959110d994081c800b510c78004514a007126494a","diagnostic - NOT registered, and nothing here is proposed for registration"
"part_residual","whole_record","1988-2022","pooled","sqrt_x",115,64,,,,0.48797717448395,,7.96512435398527,,,,,"25_riverine","riverine",-3.68895186404085,"pixel","part (paddock x community)","pixel-weighted by the part's cell count","BETWEEN-UNIT (across parts)","zone_fid (paddock)","77e3ef0aecd1497c187d930959110d994081c800b510c78004514a007126494a","diagnostic - NOT registered, and nothing here is proposed for registration"
"part_residual","whole_record","1988-2022","pooled","sqrt_x",115,64,,,,0.48797717448395,,7.96512435398527,,,,,"26_inland","inland",5.55084436408644,"pixel","part (paddock x community)","pixel-weighted by the part's cell count","BETWEEN-UNIT (across parts)","zone_fid (paddock)","77e3ef0aecd1497c187d930959110d994081c800b510c78004514a007126494a","diagnostic - NOT registered, and nothing here is proposed for registration"
"part_residual","whole_record","1988-2022","pooled","sqrt_x",115,64,,,,0.48797717448395,,7.96512435398527,,,,,"26_riverine","riverine",2.65901068814321,"pixel","part (paddock x community)","pixel-weighted by the part's cell count","BETWEEN-UNIT (across parts)","zone_fid (paddock)","77e3ef0aecd1497c187d930959110d994081c800b510c78004514a007126494a","diagnostic - NOT registered, and nothing here is proposed for registration"
"part_residual","whole_record","1988-2022","pooled","sqrt_x",115,64,,,,0.48797717448395,,7.96512435398527,,,,,"27_inland","inland",7.90811356026114,"pixel","part (paddock x community)","pixel-weighted by the part's cell count","BETWEEN-UNIT (across parts)","zone_fid (paddock)","77e3ef0aecd1497c187d930959110d994081c800b510c78004514a007126494a","diagnostic - NOT registered, and nothing here is proposed for registration"
"part_residual","whole_record","1988-2022","pooled","sqrt_x",115,64,,,,0.48797717448395,,7.96512435398527,,,,,"27_riverine","riverine",4.35818545542953,"pixel","part (paddock x community)","pixel-weighted by the part's cell count","BETWEEN-UNIT (across parts)","zone_fid (paddock)","77e3ef0aecd1497c187d930959110d994081c800b510c78004514a007126494a","diagnostic - NOT registered, and nothing here is proposed for registration"
"part_residual","whole_record","1988-2022","pooled","sqrt_x",115,64,,,,0.48797717448395,,7.96512435398527,,,,,"28_inland","inland",1.58158846723177,"pixel","part (paddock x community)","pixel-weighted by the part's cell count","BETWEEN-UNIT (across parts)","zone_fid (paddock)","77e3ef0aecd1497c187d930959110d994081c800b510c78004514a007126494a","diagnostic - NOT registered, and nothing here is proposed for registration"
"part_residual","whole_record","1988-2022","pooled","sqrt_x",115,64,,,,0.48797717448395,,7.96512435398527,,,,,"28_riverine","riverine",-1.45450942890552,"pixel","part (paddock x community)","pixel-weighted by the part's cell count","BETWEEN-UNIT (across parts)","zone_fid (paddock)","77e3ef0aecd1497c187d930959110d994081c800b510c78004514a007126494a","diagnostic - NOT registered, and nothing here is proposed for registration"
"part_residual","whole_record","1988-2022","pooled","sqrt_x",115,64,,,,0.48797717448395,,7.96512435398527,,,,,"29_inland","inland",1.89231338124659,"pixel","part (paddock x community)","pixel-weighted by the part's cell count","BETWEEN-UNIT (across parts)","zone_fid (paddock)","77e3ef0aecd1497c187d930959110d994081c800b510c78004514a007126494a","diagnostic - NOT registered, and nothing here is proposed for registration"
"part_residual","whole_record","1988-2022","pooled","sqrt_x",115,64,,,,0.48797717448395,,7.96512435398527,,,,,"30_inland","inland",3.77819208536373,"pixel","part (paddock x community)","pixel-weighted by the part's cell count","BETWEEN-UNIT (across parts)","zone_fid (paddock)","77e3ef0aecd1497c187d930959110d994081c800b510c78004514a007126494a","diagnostic - NOT registered, and nothing here is proposed for registration"
"part_residual","whole_record","1988-2022","pooled","sqrt_x",115,64,,,,0.48797717448395,,7.96512435398527,,,,,"31_aeolian","aeolian",22.9799281460101,"pixel","part (paddock x community)","pixel-weighted by the part's cell count","BETWEEN-UNIT (across parts)","zone_fid (paddock)","77e3ef0aecd1497c187d930959110d994081c800b510c78004514a007126494a","diagnostic - NOT registered, and nothing here is proposed for registration"
"part_residual","whole_record","1988-2022","pooled","sqrt_x",115,64,,,,0.48797717448395,,7.96512435398527,,,,,"31_inland","inland",-2.39168930159354,"pixel","part (paddock x community)","pixel-weighted by the part's cell count","BETWEEN-UNIT (across parts)","zone_fid (paddock)","77e3ef0aecd1497c187d930959110d994081c800b510c78004514a007126494a","diagnostic - NOT registered, and nothing here is proposed for registration"
"part_residual","whole_record","1988-2022","pooled","sqrt_x",115,64,,,,0.48797717448395,,7.96512435398527,,,,,"31_riverine","riverine",-0.207586575704042,"pixel","part (paddock x community)","pixel-weighted by the part's cell count","BETWEEN-UNIT (across parts)","zone_fid (paddock)","77e3ef0aecd1497c187d930959110d994081c800b510c78004514a007126494a","diagnostic - NOT registered, and nothing here is proposed for registration"
"part_residual","whole_record","1988-2022","pooled","sqrt_x",115,64,,,,0.48797717448395,,7.96512435398527,,,,,"32_inland","inland",3.15058860795821,"pixel","part (paddock x community)","pixel-weighted by the part's cell count","BETWEEN-UNIT (across parts)","zone_fid (paddock)","77e3ef0aecd1497c187d930959110d994081c800b510c78004514a007126494a","diagnostic - NOT registered, and nothing here is proposed for registration"
"part_residual","whole_record","1988-2022","pooled","sqrt_x",115,64,,,,0.48797717448395,,7.96512435398527,,,,,"32_riverine","riverine",11.5575294269188,"pixel","part (paddock x community)","pixel-weighted by the part's cell count","BETWEEN-UNIT (across parts)","zone_fid (paddock)","77e3ef0aecd1497c187d930959110d994081c800b510c78004514a007126494a","diagnostic - NOT registered, and nothing here is proposed for registration"
"part_residual","whole_record","1988-2022","pooled","sqrt_x",115,64,,,,0.48797717448395,,7.96512435398527,,,,,"33_inland","inland",1.75121133614263,"pixel","part (paddock x community)","pixel-weighted by the part's cell count","BETWEEN-UNIT (across parts)","zone_fid (paddock)","77e3ef0aecd1497c187d930959110d994081c800b510c78004514a007126494a","diagnostic - NOT registered, and nothing here is proposed for registration"
"part_residual","whole_record","1988-2022","pooled","sqrt_x",115,64,,,,0.48797717448395,,7.96512435398527,,,,,"34_inland","inland",0.93275676008426,"pixel","part (paddock x community)","pixel-weighted by the part's cell count","BETWEEN-UNIT (across parts)","zone_fid (paddock)","77e3ef0aecd1497c187d930959110d994081c800b510c78004514a007126494a","diagnostic - NOT registered, and nothing here is proposed for registration"
"part_residual","whole_record","1988-2022","pooled","sqrt_x",115,64,,,,0.48797717448395,,7.96512435398527,,,,,"35_inland","inland",3.35704754729196,"pixel","part (paddock x community)","pixel-weighted by the part's cell count","BETWEEN-UNIT (across parts)","zone_fid (paddock)","77e3ef0aecd1497c187d930959110d994081c800b510c78004514a007126494a","diagnostic - NOT registered, and nothing here is proposed for registration"
"part_residual","whole_record","1988-2022","pooled","sqrt_x",115,64,,,,0.48797717448395,,7.96512435398527,,,,,"36_inland","inland",5.96486598381908,"pixel","part (paddock x community)","pixel-weighted by the part's cell count","BETWEEN-UNIT (across parts)","zone_fid (paddock)","77e3ef0aecd1497c187d930959110d994081c800b510c78004514a007126494a","diagnostic - NOT registered, and nothing here is proposed for registration"
"part_residual","whole_record","1988-2022","pooled","sqrt_x",115,64,,,,0.48797717448395,,7.96512435398527,,,,,"37_aeolian","aeolian",17.2188031879937,"pixel","part (paddock x community)","pixel-weighted by the part's cell count","BETWEEN-UNIT (across parts)","zone_fid (paddock)","77e3ef0aecd1497c187d930959110d994081c800b510c78004514a007126494a","diagnostic - NOT registered, and nothing here is proposed for registration"
"part_residual","whole_record","1988-2022","pooled","sqrt_x",115,64,,,,0.48797717448395,,7.96512435398527,,,,,"37_inland","inland",4.16872947118732,"pixel","part (paddock x community)","pixel-weighted by the part's cell count","BETWEEN-UNIT (across parts)","zone_fid (paddock)","77e3ef0aecd1497c187d930959110d994081c800b510c78004514a007126494a","diagnostic - NOT registered, and nothing here is proposed for registration"
"part_residual","whole_record","1988-2022","pooled","sqrt_x",115,64,,,,0.48797717448395,,7.96512435398527,,,,,"37_riverine","riverine",5.68027199798107,"pixel","part (paddock x community)","pixel-weighted by the part's cell count","BETWEEN-UNIT (across parts)","zone_fid (paddock)","77e3ef0aecd1497c187d930959110d994081c800b510c78004514a007126494a","diagnostic - NOT registered, and nothing here is proposed for registration"
"part_residual","whole_record","1988-2022","pooled","sqrt_x",115,64,,,,0.48797717448395,,7.96512435398527,,,,,"38_aeolian","aeolian",14.6202669274181,"pixel","part (paddock x community)","pixel-weighted by the part's cell count","BETWEEN-UNIT (across parts)","zone_fid (paddock)","77e3ef0aecd1497c187d930959110d994081c800b510c78004514a007126494a","diagnostic - NOT registered, and nothing here is proposed for registration"
"part_residual","whole_record","1988-2022","pooled","sqrt_x",115,64,,,,0.48797717448395,,7.96512435398527,,,,,"38_inland","inland",-0.58747660292039,"pixel","part (paddock x community)","pixel-weighted by the part's cell count","BETWEEN-UNIT (across parts)","zone_fid (paddock)","77e3ef0aecd1497c187d930959110d994081c800b510c78004514a007126494a","diagnostic - NOT registered, and nothing here is proposed for registration"
"part_residual","whole_record","1988-2022","pooled","sqrt_x",115,64,,,,0.48797717448395,,7.96512435398527,,,,,"38_riverine","riverine",0.449133863997289,"pixel","part (paddock x community)","pixel-weighted by the part's cell count","BETWEEN-UNIT (across parts)","zone_fid (paddock)","77e3ef0aecd1497c187d930959110d994081c800b510c78004514a007126494a","diagnostic - NOT registered, and nothing here is proposed for registration"
"part_residual","whole_record","1988-2022","pooled","sqrt_x",115,64,,,,0.48797717448395,,7.96512435398527,,,,,"39_inland","inland",7.30813804409213,"pixel","part (paddock x community)","pixel-weighted by the part's cell count","BETWEEN-UNIT (across parts)","zone_fid (paddock)","77e3ef0aecd1497c187d930959110d994081c800b510c78004514a007126494a","diagnostic - NOT registered, and nothing here is proposed for registration"
"part_residual","whole_record","1988-2022","pooled","sqrt_x",115,64,,,,0.48797717448395,,7.96512435398527,,,,,"39_riverine","riverine",-6.27754968220027,"pixel","part (paddock x community)","pixel-weighted by the part's cell count","BETWEEN-UNIT (across parts)","zone_fid (paddock)","77e3ef0aecd1497c187d930959110d994081c800b510c78004514a007126494a","diagnostic - NOT registered, and nothing here is proposed for registration"
"part_residual","whole_record","1988-2022","pooled","sqrt_x",115,64,,,,0.48797717448395,,7.96512435398527,,,,,"40_inland","inland",4.84098192523746,"pixel","part (paddock x community)","pixel-weighted by the part's cell count","BETWEEN-UNIT (across parts)","zone_fid (paddock)","77e3ef0aecd1497c187d930959110d994081c800b510c78004514a007126494a","diagnostic - NOT registered, and nothing here is proposed for registration"
"part_residual","whole_record","1988-2022","pooled","sqrt_x",115,64,,,,0.48797717448395,,7.96512435398527,,,,,"41_inland","inland",1.71416810241035,"pixel","part (paddock x community)","pixel-weighted by the part's cell count","BETWEEN-UNIT (across parts)","zone_fid (paddock)","77e3ef0aecd1497c187d930959110d994081c800b510c78004514a007126494a","diagnostic - NOT registered, and nothing here is proposed for registration"
"part_residual","whole_record","1988-2022","pooled","sqrt_x",115,64,,,,0.48797717448395,,7.96512435398527,,,,,"42_inland","inland",7.17358512959152,"pixel","part (paddock x community)","pixel-weighted by the part's cell count","BETWEEN-UNIT (across parts)","zone_fid (paddock)","77e3ef0aecd1497c187d930959110d994081c800b510c78004514a007126494a","diagnostic - NOT registered, and nothing here is proposed for registration"
"part_residual","whole_record","1988-2022","pooled","sqrt_x",115,64,,,,0.48797717448395,,7.96512435398527,,,,,"43_inland","inland",8.51373528882478,"pixel","part (paddock x community)","pixel-weighted by the part's cell count","BETWEEN-UNIT (across parts)","zone_fid (paddock)","77e3ef0aecd1497c187d930959110d994081c800b510c78004514a007126494a","diagnostic - NOT registered, and nothing here is proposed for registration"
"part_residual","whole_record","1988-2022","pooled","sqrt_x",115,64,,,,0.48797717448395,,7.96512435398527,,,,,"44_inland","inland",4.60576645706917,"pixel","part (paddock x community)","pixel-weighted by the part's cell count","BETWEEN-UNIT (across parts)","zone_fid (paddock)","77e3ef0aecd1497c187d930959110d994081c800b510c78004514a007126494a","diagnostic - NOT registered, and nothing here is proposed for registration"
"part_residual","whole_record","1988-2022","pooled","sqrt_x",115,64,,,,0.48797717448395,,7.96512435398527,,,,,"45_inland","inland",-4.44932920447174,"pixel","part (paddock x community)","pixel-weighted by the part's cell count","BETWEEN-UNIT (across parts)","zone_fid (paddock)","77e3ef0aecd1497c187d930959110d994081c800b510c78004514a007126494a","diagnostic - NOT registered, and nothing here is proposed for registration"
"part_residual","whole_record","1988-2022","pooled","sqrt_x",115,64,,,,0.48797717448395,,7.96512435398527,,,,,"45_riverine","riverine",-3.1257568218046,"pixel","part (paddock x community)","pixel-weighted by the part's cell count","BETWEEN-UNIT (across parts)","zone_fid (paddock)","77e3ef0aecd1497c187d930959110d994081c800b510c78004514a007126494a","diagnostic - NOT registered, and nothing here is proposed for registration"
"part_residual","whole_record","1988-2022","pooled","sqrt_x",115,64,,,,0.48797717448395,,7.96512435398527,,,,,"46_inland","inland",2.37239427547095,"pixel","part (paddock x community)","pixel-weighted by the part's cell count","BETWEEN-UNIT (across parts)","zone_fid (paddock)","77e3ef0aecd1497c187d930959110d994081c800b510c78004514a007126494a","diagnostic - NOT registered, and nothing here is proposed for registration"
"part_residual","whole_record","1988-2022","pooled","sqrt_x",115,64,,,,0.48797717448395,,7.96512435398527,,,,,"47_inland","inland",0.775020893038416,"pixel","part (paddock x community)","pixel-weighted by the part's cell count","BETWEEN-UNIT (across parts)","zone_fid (paddock)","77e3ef0aecd1497c187d930959110d994081c800b510c78004514a007126494a","diagnostic - NOT registered, and nothing here is proposed for registration"
"part_residual","whole_record","1988-2022","pooled","sqrt_x",115,64,,,,0.48797717448395,,7.96512435398527,,,,,"48_aeolian","aeolian",16.002476585602,"pixel","part (paddock x community)","pixel-weighted by the part's cell count","BETWEEN-UNIT (across parts)","zone_fid (paddock)","77e3ef0aecd1497c187d930959110d994081c800b510c78004514a007126494a","diagnostic - NOT registered, and nothing here is proposed for registration"
"part_residual","whole_record","1988-2022","pooled","sqrt_x",115,64,,,,0.48797717448395,,7.96512435398527,,,,,"48_inland","inland",5.99583532490598,"pixel","part (paddock x community)","pixel-weighted by the part's cell count","BETWEEN-UNIT (across parts)","zone_fid (paddock)","77e3ef0aecd1497c187d930959110d994081c800b510c78004514a007126494a","diagnostic - NOT registered, and nothing here is proposed for registration"
"part_residual","whole_record","1988-2022","pooled","sqrt_x",115,64,,,,0.48797717448395,,7.96512435398527,,,,,"48_riverine","riverine",0.946753117585956,"pixel","part (paddock x community)","pixel-weighted by the part's cell count","BETWEEN-UNIT (across parts)","zone_fid (paddock)","77e3ef0aecd1497c187d930959110d994081c800b510c78004514a007126494a","diagnostic - NOT registered, and nothing here is proposed for registration"
"part_residual","whole_record","1988-2022","pooled","sqrt_x",115,64,,,,0.48797717448395,,7.96512435398527,,,,,"49_inland","inland",3.36107131048364,"pixel","part (paddock x community)","pixel-weighted by the part's cell count","BETWEEN-UNIT (across parts)","zone_fid (paddock)","77e3ef0aecd1497c187d930959110d994081c800b510c78004514a007126494a","diagnostic - NOT registered, and nothing here is proposed for registration"
"part_residual","whole_record","1988-2022","pooled","sqrt_x",115,64,,,,0.48797717448395,,7.96512435398527,,,,,"50_inland","inland",-1.32348590739301,"pixel","part (paddock x community)","pixel-weighted by the part's cell count","BETWEEN-UNIT (across parts)","zone_fid (paddock)","77e3ef0aecd1497c187d930959110d994081c800b510c78004514a007126494a","diagnostic - NOT registered, and nothing here is proposed for registration"
"part_residual","whole_record","1988-2022","pooled","sqrt_x",115,64,,,,0.48797717448395,,7.96512435398527,,,,,"51_aeolian","aeolian",16.0042978780923,"pixel","part (paddock x community)","pixel-weighted by the part's cell count","BETWEEN-UNIT (across parts)","zone_fid (paddock)","77e3ef0aecd1497c187d930959110d994081c800b510c78004514a007126494a","diagnostic - NOT registered, and nothing here is proposed for registration"
"part_residual","whole_record","1988-2022","pooled","sqrt_x",115,64,,,,0.48797717448395,,7.96512435398527,,,,,"51_inland","inland",5.15673923118776,"pixel","part (paddock x community)","pixel-weighted by the part's cell count","BETWEEN-UNIT (across parts)","zone_fid (paddock)","77e3ef0aecd1497c187d930959110d994081c800b510c78004514a007126494a","diagnostic - NOT registered, and nothing here is proposed for registration"
"part_residual","whole_record","1988-2022","pooled","sqrt_x",115,64,,,,0.48797717448395,,7.96512435398527,,,,,"51_riverine","riverine",-19.3103459603687,"pixel","part (paddock x community)","pixel-weighted by the part's cell count","BETWEEN-UNIT (across parts)","zone_fid (paddock)","77e3ef0aecd1497c187d930959110d994081c800b510c78004514a007126494a","diagnostic - NOT registered, and nothing here is proposed for registration"
"part_residual","whole_record","1988-2022","pooled","sqrt_x",115,64,,,,0.48797717448395,,7.96512435398527,,,,,"52_inland","inland",5.57463088738139,"pixel","part (paddock x community)","pixel-weighted by the part's cell count","BETWEEN-UNIT (across parts)","zone_fid (paddock)","77e3ef0aecd1497c187d930959110d994081c800b510c78004514a007126494a","diagnostic - NOT registered, and nothing here is proposed for registration"
"part_residual","whole_record","1988-2022","pooled","sqrt_x",115,64,,,,0.48797717448395,,7.96512435398527,,,,,"52_riverine","riverine",-15.2243899058233,"pixel","part (paddock x community)","pixel-weighted by the part's cell count","BETWEEN-UNIT (across parts)","zone_fid (paddock)","77e3ef0aecd1497c187d930959110d994081c800b510c78004514a007126494a","diagnostic - NOT registered, and nothing here is proposed for registration"
"part_residual","whole_record","1988-2022","pooled","sqrt_x",115,64,,,,0.48797717448395,,7.96512435398527,,,,,"53_inland","inland",-4.28033609649701,"pixel","part (paddock x community)","pixel-weighted by the part's cell count","BETWEEN-UNIT (across parts)","zone_fid (paddock)","77e3ef0aecd1497c187d930959110d994081c800b510c78004514a007126494a","diagnostic - NOT registered, and nothing here is proposed for registration"
"part_residual","whole_record","1988-2022","pooled","sqrt_x",115,64,,,,0.48797717448395,,7.96512435398527,,,,,"53_riverine","riverine",3.3990289687194,"pixel","part (paddock x community)","pixel-weighted by the part's cell count","BETWEEN-UNIT (across parts)","zone_fid (paddock)","77e3ef0aecd1497c187d930959110d994081c800b510c78004514a007126494a","diagnostic - NOT registered, and nothing here is proposed for registration"
"part_residual","whole_record","1988-2022","pooled","sqrt_x",115,64,,,,0.48797717448395,,7.96512435398527,,,,,"54_aeolian","aeolian",17.9206304124879,"pixel","part (paddock x community)","pixel-weighted by the part's cell count","BETWEEN-UNIT (across parts)","zone_fid (paddock)","77e3ef0aecd1497c187d930959110d994081c800b510c78004514a007126494a","diagnostic - NOT registered, and nothing here is proposed for registration"
"part_residual","whole_record","1988-2022","pooled","sqrt_x",115,64,,,,0.48797717448395,,7.96512435398527,,,,,"54_riverine","riverine",1.31560521712072,"pixel","part (paddock x community)","pixel-weighted by the part's cell count","BETWEEN-UNIT (across parts)","zone_fid (paddock)","77e3ef0aecd1497c187d930959110d994081c800b510c78004514a007126494a","diagnostic - NOT registered, and nothing here is proposed for registration"
"part_residual","whole_record","1988-2022","pooled","sqrt_x",115,64,,,,0.48797717448395,,7.96512435398527,,,,,"55_aeolian","aeolian",-5.4472478589979,"pixel","part (paddock x community)","pixel-weighted by the part's cell count","BETWEEN-UNIT (across parts)","zone_fid (paddock)","77e3ef0aecd1497c187d930959110d994081c800b510c78004514a007126494a","diagnostic - NOT registered, and nothing here is proposed for registration"
"part_residual","whole_record","1988-2022","pooled","sqrt_x",115,64,,,,0.48797717448395,,7.96512435398527,,,,,"55_inland","inland",-2.88599632372712,"pixel","part (paddock x community)","pixel-weighted by the part's cell count","BETWEEN-UNIT (across parts)","zone_fid (paddock)","77e3ef0aecd1497c187d930959110d994081c800b510c78004514a007126494a","diagnostic - NOT registered, and nothing here is proposed for registration"
"part_residual","whole_record","1988-2022","pooled","sqrt_x",115,64,,,,0.48797717448395,,7.96512435398527,,,,,"55_riverine","riverine",-14.576925611466,"pixel","part (paddock x community)","pixel-weighted by the part's cell count","BETWEEN-UNIT (across parts)","zone_fid (paddock)","77e3ef0aecd1497c187d930959110d994081c800b510c78004514a007126494a","diagnostic - NOT registered, and nothing here is proposed for registration"
"part_residual","whole_record","1988-2022","pooled","sqrt_x",115,64,,,,0.48797717448395,,7.96512435398527,,,,,"56_aeolian","aeolian",-8.31505556366832,"pixel","part (paddock x community)","pixel-weighted by the part's cell count","BETWEEN-UNIT (across parts)","zone_fid (paddock)","77e3ef0aecd1497c187d930959110d994081c800b510c78004514a007126494a","diagnostic - NOT registered, and nothing here is proposed for registration"
"part_residual","whole_record","1988-2022","pooled","sqrt_x",115,64,,,,0.48797717448395,,7.96512435398527,,,,,"56_inland","inland",-0.126191898150637,"pixel","part (paddock x community)","pixel-weighted by the part's cell count","BETWEEN-UNIT (across parts)","zone_fid (paddock)","77e3ef0aecd1497c187d930959110d994081c800b510c78004514a007126494a","diagnostic - NOT registered, and nothing here is proposed for registration"
"part_residual","whole_record","1988-2022","pooled","sqrt_x",115,64,,,,0.48797717448395,,7.96512435398527,,,,,"56_riverine","riverine",-9.13123093170759,"pixel","part (paddock x community)","pixel-weighted by the part's cell count","BETWEEN-UNIT (across parts)","zone_fid (paddock)","77e3ef0aecd1497c187d930959110d994081c800b510c78004514a007126494a","diagnostic - NOT registered, and nothing here is proposed for registration"
"part_residual","whole_record","1988-2022","pooled","sqrt_x",115,64,,,,0.48797717448395,,7.96512435398527,,,,,"57_aeolian","aeolian",-17.392317904031,"pixel","part (paddock x community)","pixel-weighted by the part's cell count","BETWEEN-UNIT (across parts)","zone_fid (paddock)","77e3ef0aecd1497c187d930959110d994081c800b510c78004514a007126494a","diagnostic - NOT registered, and nothing here is proposed for registration"
"part_residual","whole_record","1988-2022","pooled","sqrt_x",115,64,,,,0.48797717448395,,7.96512435398527,,,,,"57_inland","inland",4.00517210692983,"pixel","part (paddock x community)","pixel-weighted by the part's cell count","BETWEEN-UNIT (across parts)","zone_fid (paddock)","77e3ef0aecd1497c187d930959110d994081c800b510c78004514a007126494a","diagnostic - NOT registered, and nothing here is proposed for registration"
"part_residual","whole_record","1988-2022","pooled","sqrt_x",115,64,,,,0.48797717448395,,7.96512435398527,,,,,"57_riverine","riverine",-9.81268125170831,"pixel","part (paddock x community)","pixel-weighted by the part's cell count","BETWEEN-UNIT (across parts)","zone_fid (paddock)","77e3ef0aecd1497c187d930959110d994081c800b510c78004514a007126494a","diagnostic - NOT registered, and nothing here is proposed for registration"
"part_residual","whole_record","1988-2022","pooled","sqrt_x",115,64,,,,0.48797717448395,,7.96512435398527,,,,,"58_aeolian","aeolian",-6.85417387628721,"pixel","part (paddock x community)","pixel-weighted by the part's cell count","BETWEEN-UNIT (across parts)","zone_fid (paddock)","77e3ef0aecd1497c187d930959110d994081c800b510c78004514a007126494a","diagnostic - NOT registered, and nothing here is proposed for registration"
"part_residual","whole_record","1988-2022","pooled","sqrt_x",115,64,,,,0.48797717448395,,7.96512435398527,,,,,"58_inland","inland",-6.66648234608392,"pixel","part (paddock x community)","pixel-weighted by the part's cell count","BETWEEN-UNIT (across parts)","zone_fid (paddock)","77e3ef0aecd1497c187d930959110d994081c800b510c78004514a007126494a","diagnostic - NOT registered, and nothing here is proposed for registration"
"part_residual","whole_record","1988-2022","pooled","sqrt_x",115,64,,,,0.48797717448395,,7.96512435398527,,,,,"58_riverine","riverine",-15.6051557046263,"pixel","part (paddock x community)","pixel-weighted by the part's cell count","BETWEEN-UNIT (across parts)","zone_fid (paddock)","77e3ef0aecd1497c187d930959110d994081c800b510c78004514a007126494a","diagnostic - NOT registered, and nothing here is proposed for registration"
"part_residual","whole_record","1988-2022","pooled","sqrt_x",115,64,,,,0.48797717448395,,7.96512435398527,,,,,"59_aeolian","aeolian",11.5592292670677,"pixel","part (paddock x community)","pixel-weighted by the part's cell count","BETWEEN-UNIT (across parts)","zone_fid (paddock)","77e3ef0aecd1497c187d930959110d994081c800b510c78004514a007126494a","diagnostic - NOT registered, and nothing here is proposed for registration"
"part_residual","whole_record","1988-2022","pooled","sqrt_x",115,64,,,,0.48797717448395,,7.96512435398527,,,,,"59_riverine","riverine",-1.8997917355779,"pixel","part (paddock x community)","pixel-weighted by the part's cell count","BETWEEN-UNIT (across parts)","zone_fid (paddock)","77e3ef0aecd1497c187d930959110d994081c800b510c78004514a007126494a","diagnostic - NOT registered, and nothing here is proposed for registration"
"part_residual","whole_record","1988-2022","pooled","sqrt_x",115,64,,,,0.48797717448395,,7.96512435398527,,,,,"60_aeolian","aeolian",12.0915853675237,"pixel","part (paddock x community)","pixel-weighted by the part's cell count","BETWEEN-UNIT (across parts)","zone_fid (paddock)","77e3ef0aecd1497c187d930959110d994081c800b510c78004514a007126494a","diagnostic - NOT registered, and nothing here is proposed for registration"
"part_residual","whole_record","1988-2022","pooled","sqrt_x",115,64,,,,0.48797717448395,,7.96512435398527,,,,,"60_riverine","riverine",13.1351257965567,"pixel","part (paddock x community)","pixel-weighted by the part's cell count","BETWEEN-UNIT (across parts)","zone_fid (paddock)","77e3ef0aecd1497c187d930959110d994081c800b510c78004514a007126494a","diagnostic - NOT registered, and nothing here is proposed for registration"
"part_residual","whole_record","1988-2022","pooled","sqrt_x",115,64,,,,0.48797717448395,,7.96512435398527,,,,,"61_aeolian","aeolian",17.131286506358,"pixel","part (paddock x community)","pixel-weighted by the part's cell count","BETWEEN-UNIT (across parts)","zone_fid (paddock)","77e3ef0aecd1497c187d930959110d994081c800b510c78004514a007126494a","diagnostic - NOT registered, and nothing here is proposed for registration"
"part_residual","whole_record","1988-2022","pooled","sqrt_x",115,64,,,,0.48797717448395,,7.96512435398527,,,,,"61_inland","inland",-2.4159427696169,"pixel","part (paddock x community)","pixel-weighted by the part's cell count","BETWEEN-UNIT (across parts)","zone_fid (paddock)","77e3ef0aecd1497c187d930959110d994081c800b510c78004514a007126494a","diagnostic - NOT registered, and nothing here is proposed for registration"
"part_residual","whole_record","1988-2022","pooled","sqrt_x",115,64,,,,0.48797717448395,,7.96512435398527,,,,,"61_riverine","riverine",-11.0355242815998,"pixel","part (paddock x community)","pixel-weighted by the part's cell count","BETWEEN-UNIT (across parts)","zone_fid (paddock)","77e3ef0aecd1497c187d930959110d994081c800b510c78004514a007126494a","diagnostic - NOT registered, and nothing here is proposed for registration"
"part_residual","whole_record","1988-2022","pooled","sqrt_x",115,64,,,,0.48797717448395,,7.96512435398527,,,,,"62_aeolian","aeolian",6.1682179542068,"pixel","part (paddock x community)","pixel-weighted by the part's cell count","BETWEEN-UNIT (across parts)","zone_fid (paddock)","77e3ef0aecd1497c187d930959110d994081c800b510c78004514a007126494a","diagnostic - NOT registered, and nothing here is proposed for registration"
"part_residual","whole_record","1988-2022","pooled","sqrt_x",115,64,,,,0.48797717448395,,7.96512435398527,,,,,"62_inland","inland",1.78434773837385,"pixel","part (paddock x community)","pixel-weighted by the part's cell count","BETWEEN-UNIT (across parts)","zone_fid (paddock)","77e3ef0aecd1497c187d930959110d994081c800b510c78004514a007126494a","diagnostic - NOT registered, and nothing here is proposed for registration"
"part_residual","whole_record","1988-2022","pooled","sqrt_x",115,64,,,,0.48797717448395,,7.96512435398527,,,,,"62_riverine","riverine",-27.1717179188913,"pixel","part (paddock x community)","pixel-weighted by the part's cell count","BETWEEN-UNIT (across parts)","zone_fid (paddock)","77e3ef0aecd1497c187d930959110d994081c800b510c78004514a007126494a","diagnostic - NOT registered, and nothing here is proposed for registration"
"part_residual","whole_record","1988-2022","pooled","sqrt_x",115,64,,,,0.48797717448395,,7.96512435398527,,,,,"63_aeolian","aeolian",8.68192541795777,"pixel","part (paddock x community)","pixel-weighted by the part's cell count","BETWEEN-UNIT (across parts)","zone_fid (paddock)","77e3ef0aecd1497c187d930959110d994081c800b510c78004514a007126494a","diagnostic - NOT registered, and nothing here is proposed for registration"
"part_residual","whole_record","1988-2022","pooled","sqrt_x",115,64,,,,0.48797717448395,,7.96512435398527,,,,,"63_inland","inland",-0.191433285756844,"pixel","part (paddock x community)","pixel-weighted by the part's cell count","BETWEEN-UNIT (across parts)","zone_fid (paddock)","77e3ef0aecd1497c187d930959110d994081c800b510c78004514a007126494a","diagnostic - NOT registered, and nothing here is proposed for registration"
"part_residual","whole_record","1988-2022","pooled","sqrt_x",115,64,,,,0.48797717448395,,7.96512435398527,,,,,"63_riverine","riverine",-10.7508003185024,"pixel","part (paddock x community)","pixel-weighted by the part's cell count","BETWEEN-UNIT (across parts)","zone_fid (paddock)","77e3ef0aecd1497c187d930959110d994081c800b510c78004514a007126494a","diagnostic - NOT registered, and nothing here is proposed for registration"
"part_residual","whole_record","1988-2022","pooled","sqrt_x",115,64,,,,0.48797717448395,,7.96512435398527,,,,,"64_inland","inland",-0.644087454001195,"pixel","part (paddock x community)","pixel-weighted by the part's cell count","BETWEEN-UNIT (across parts)","zone_fid (paddock)","77e3ef0aecd1497c187d930959110d994081c800b510c78004514a007126494a","diagnostic - NOT registered, and nothing here is proposed for registration"
"part_residual","whole_record","1988-2022","pooled","sqrt_x",115,64,,,,0.48797717448395,,7.96512435398527,,,,,"64_riverine","riverine",-1.03133718554488,"pixel","part (paddock x community)","pixel-weighted by the part's cell count","BETWEEN-UNIT (across parts)","zone_fid (paddock)","77e3ef0aecd1497c187d930959110d994081c800b510c78004514a007126494a","diagnostic - NOT registered, and nothing here is proposed for registration"
"part_residual","cropping_era","1988-2013","pooled","linear",115,64,,,,0.467552722323283,,8.69280961774986,,,,,"01_inland","inland",-8.05309942671454,"pixel","part (paddock x community)","pixel-weighted by the part's cell count","BETWEEN-UNIT (across parts)","zone_fid (paddock)","77e3ef0aecd1497c187d930959110d994081c800b510c78004514a007126494a","diagnostic - NOT registered, and nothing here is proposed for registration"
"part_residual","cropping_era","1988-2013","pooled","linear",115,64,,,,0.467552722323283,,8.69280961774986,,,,,"01_riverine","riverine",-1.25955106890551,"pixel","part (paddock x community)","pixel-weighted by the part's cell count","BETWEEN-UNIT (across parts)","zone_fid (paddock)","77e3ef0aecd1497c187d930959110d994081c800b510c78004514a007126494a","diagnostic - NOT registered, and nothing here is proposed for registration"
"part_residual","cropping_era","1988-2013","pooled","linear",115,64,,,,0.467552722323283,,8.69280961774986,,,,,"02_inland","inland",-0.514211510365044,"pixel","part (paddock x community)","pixel-weighted by the part's cell count","BETWEEN-UNIT (across parts)","zone_fid (paddock)","77e3ef0aecd1497c187d930959110d994081c800b510c78004514a007126494a","diagnostic - NOT registered, and nothing here is proposed for registration"
"part_residual","cropping_era","1988-2013","pooled","linear",115,64,,,,0.467552722323283,,8.69280961774986,,,,,"03_inland","inland",-4.21826840831403,"pixel","part (paddock x community)","pixel-weighted by the part's cell count","BETWEEN-UNIT (across parts)","zone_fid (paddock)","77e3ef0aecd1497c187d930959110d994081c800b510c78004514a007126494a","diagnostic - NOT registered, and nothing here is proposed for registration"
"part_residual","cropping_era","1988-2013","pooled","linear",115,64,,,,0.467552722323283,,8.69280961774986,,,,,"03_riverine","riverine",-3.94250423536498,"pixel","part (paddock x community)","pixel-weighted by the part's cell count","BETWEEN-UNIT (across parts)","zone_fid (paddock)","77e3ef0aecd1497c187d930959110d994081c800b510c78004514a007126494a","diagnostic - NOT registered, and nothing here is proposed for registration"
"part_residual","cropping_era","1988-2013","pooled","linear",115,64,,,,0.467552722323283,,8.69280961774986,,,,,"04_aeolian","aeolian",-28.0623647012539,"pixel","part (paddock x community)","pixel-weighted by the part's cell count","BETWEEN-UNIT (across parts)","zone_fid (paddock)","77e3ef0aecd1497c187d930959110d994081c800b510c78004514a007126494a","diagnostic - NOT registered, and nothing here is proposed for registration"
"part_residual","cropping_era","1988-2013","pooled","linear",115,64,,,,0.467552722323283,,8.69280961774986,,,,,"04_inland","inland",6.49734577420324,"pixel","part (paddock x community)","pixel-weighted by the part's cell count","BETWEEN-UNIT (across parts)","zone_fid (paddock)","77e3ef0aecd1497c187d930959110d994081c800b510c78004514a007126494a","diagnostic - NOT registered, and nothing here is proposed for registration"
"part_residual","cropping_era","1988-2013","pooled","linear",115,64,,,,0.467552722323283,,8.69280961774986,,,,,"04_riverine","riverine",-24.2715035713762,"pixel","part (paddock x community)","pixel-weighted by the part's cell count","BETWEEN-UNIT (across parts)","zone_fid (paddock)","77e3ef0aecd1497c187d930959110d994081c800b510c78004514a007126494a","diagnostic - NOT registered, and nothing here is proposed for registration"
"part_residual","cropping_era","1988-2013","pooled","linear",115,64,,,,0.467552722323283,,8.69280961774986,,,,,"05_inland","inland",11.6245506503688,"pixel","part (paddock x community)","pixel-weighted by the part's cell count","BETWEEN-UNIT (across parts)","zone_fid (paddock)","77e3ef0aecd1497c187d930959110d994081c800b510c78004514a007126494a","diagnostic - NOT registered, and nothing here is proposed for registration"
"part_residual","cropping_era","1988-2013","pooled","linear",115,64,,,,0.467552722323283,,8.69280961774986,,,,,"05_riverine","riverine",9.67986205732981,"pixel","part (paddock x community)","pixel-weighted by the part's cell count","BETWEEN-UNIT (across parts)","zone_fid (paddock)","77e3ef0aecd1497c187d930959110d994081c800b510c78004514a007126494a","diagnostic - NOT registered, and nothing here is proposed for registration"
"part_residual","cropping_era","1988-2013","pooled","linear",115,64,,,,0.467552722323283,,8.69280961774986,,,,,"06_inland","inland",10.7638154174991,"pixel","part (paddock x community)","pixel-weighted by the part's cell count","BETWEEN-UNIT (across parts)","zone_fid (paddock)","77e3ef0aecd1497c187d930959110d994081c800b510c78004514a007126494a","diagnostic - NOT registered, and nothing here is proposed for registration"
"part_residual","cropping_era","1988-2013","pooled","linear",115,64,,,,0.467552722323283,,8.69280961774986,,,,,"06_riverine","riverine",8.56874298039077,"pixel","part (paddock x community)","pixel-weighted by the part's cell count","BETWEEN-UNIT (across parts)","zone_fid (paddock)","77e3ef0aecd1497c187d930959110d994081c800b510c78004514a007126494a","diagnostic - NOT registered, and nothing here is proposed for registration"
"part_residual","cropping_era","1988-2013","pooled","linear",115,64,,,,0.467552722323283,,8.69280961774986,,,,,"07_inland","inland",6.32046346845942,"pixel","part (paddock x community)","pixel-weighted by the part's cell count","BETWEEN-UNIT (across parts)","zone_fid (paddock)","77e3ef0aecd1497c187d930959110d994081c800b510c78004514a007126494a","diagnostic - NOT registered, and nothing here is proposed for registration"
"part_residual","cropping_era","1988-2013","pooled","linear",115,64,,,,0.467552722323283,,8.69280961774986,,,,,"08_inland","inland",9.29989997034454,"pixel","part (paddock x community)","pixel-weighted by the part's cell count","BETWEEN-UNIT (across parts)","zone_fid (paddock)","77e3ef0aecd1497c187d930959110d994081c800b510c78004514a007126494a","diagnostic - NOT registered, and nothing here is proposed for registration"
"part_residual","cropping_era","1988-2013","pooled","linear",115,64,,,,0.467552722323283,,8.69280961774986,,,,,"09_inland","inland",4.80202582424695,"pixel","part (paddock x community)","pixel-weighted by the part's cell count","BETWEEN-UNIT (across parts)","zone_fid (paddock)","77e3ef0aecd1497c187d930959110d994081c800b510c78004514a007126494a","diagnostic - NOT registered, and nothing here is proposed for registration"
"part_residual","cropping_era","1988-2013","pooled","linear",115,64,,,,0.467552722323283,,8.69280961774986,,,,,"09_riverine","riverine",8.07544080625784,"pixel","part (paddock x community)","pixel-weighted by the part's cell count","BETWEEN-UNIT (across parts)","zone_fid (paddock)","77e3ef0aecd1497c187d930959110d994081c800b510c78004514a007126494a","diagnostic - NOT registered, and nothing here is proposed for registration"
"part_residual","cropping_era","1988-2013","pooled","linear",115,64,,,,0.467552722323283,,8.69280961774986,,,,,"10_inland","inland",12.1856478000309,"pixel","part (paddock x community)","pixel-weighted by the part's cell count","BETWEEN-UNIT (across parts)","zone_fid (paddock)","77e3ef0aecd1497c187d930959110d994081c800b510c78004514a007126494a","diagnostic - NOT registered, and nothing here is proposed for registration"
"part_residual","cropping_era","1988-2013","pooled","linear",115,64,,,,0.467552722323283,,8.69280961774986,,,,,"10_riverine","riverine",10.5665714483413,"pixel","part (paddock x community)","pixel-weighted by the part's cell count","BETWEEN-UNIT (across parts)","zone_fid (paddock)","77e3ef0aecd1497c187d930959110d994081c800b510c78004514a007126494a","diagnostic - NOT registered, and nothing here is proposed for registration"
"part_residual","cropping_era","1988-2013","pooled","linear",115,64,,,,0.467552722323283,,8.69280961774986,,,,,"11_inland","inland",-1.9880518800329,"pixel","part (paddock x community)","pixel-weighted by the part's cell count","BETWEEN-UNIT (across parts)","zone_fid (paddock)","77e3ef0aecd1497c187d930959110d994081c800b510c78004514a007126494a","diagnostic - NOT registered, and nothing here is proposed for registration"
"part_residual","cropping_era","1988-2013","pooled","linear",115,64,,,,0.467552722323283,,8.69280961774986,,,,,"12_inland","inland",-3.86592949763889,"pixel","part (paddock x community)","pixel-weighted by the part's cell count","BETWEEN-UNIT (across parts)","zone_fid (paddock)","77e3ef0aecd1497c187d930959110d994081c800b510c78004514a007126494a","diagnostic - NOT registered, and nothing here is proposed for registration"
"part_residual","cropping_era","1988-2013","pooled","linear",115,64,,,,0.467552722323283,,8.69280961774986,,,,,"12_riverine","riverine",-1.6333062656755,"pixel","part (paddock x community)","pixel-weighted by the part's cell count","BETWEEN-UNIT (across parts)","zone_fid (paddock)","77e3ef0aecd1497c187d930959110d994081c800b510c78004514a007126494a","diagnostic - NOT registered, and nothing here is proposed for registration"
"part_residual","cropping_era","1988-2013","pooled","linear",115,64,,,,0.467552722323283,,8.69280961774986,,,,,"13_inland","inland",5.97685956666881,"pixel","part (paddock x community)","pixel-weighted by the part's cell count","BETWEEN-UNIT (across parts)","zone_fid (paddock)","77e3ef0aecd1497c187d930959110d994081c800b510c78004514a007126494a","diagnostic - NOT registered, and nothing here is proposed for registration"
"part_residual","cropping_era","1988-2013","pooled","linear",115,64,,,,0.467552722323283,,8.69280961774986,,,,,"14_inland","inland",-21.2105933714823,"pixel","part (paddock x community)","pixel-weighted by the part's cell count","BETWEEN-UNIT (across parts)","zone_fid (paddock)","77e3ef0aecd1497c187d930959110d994081c800b510c78004514a007126494a","diagnostic - NOT registered, and nothing here is proposed for registration"
"part_residual","cropping_era","1988-2013","pooled","linear",115,64,,,,0.467552722323283,,8.69280961774986,,,,,"15_inland","inland",6.5252525745553,"pixel","part (paddock x community)","pixel-weighted by the part's cell count","BETWEEN-UNIT (across parts)","zone_fid (paddock)","77e3ef0aecd1497c187d930959110d994081c800b510c78004514a007126494a","diagnostic - NOT registered, and nothing here is proposed for registration"
"part_residual","cropping_era","1988-2013","pooled","linear",115,64,,,,0.467552722323283,,8.69280961774986,,,,,"16_inland","inland",2.83463846315078,"pixel","part (paddock x community)","pixel-weighted by the part's cell count","BETWEEN-UNIT (across parts)","zone_fid (paddock)","77e3ef0aecd1497c187d930959110d994081c800b510c78004514a007126494a","diagnostic - NOT registered, and nothing here is proposed for registration"
"part_residual","cropping_era","1988-2013","pooled","linear",115,64,,,,0.467552722323283,,8.69280961774986,,,,,"16_riverine","riverine",9.47358540492394,"pixel","part (paddock x community)","pixel-weighted by the part's cell count","BETWEEN-UNIT (across parts)","zone_fid (paddock)","77e3ef0aecd1497c187d930959110d994081c800b510c78004514a007126494a","diagnostic - NOT registered, and nothing here is proposed for registration"
"part_residual","cropping_era","1988-2013","pooled","linear",115,64,,,,0.467552722323283,,8.69280961774986,,,,,"17_inland","inland",3.86306980450887,"pixel","part (paddock x community)","pixel-weighted by the part's cell count","BETWEEN-UNIT (across parts)","zone_fid (paddock)","77e3ef0aecd1497c187d930959110d994081c800b510c78004514a007126494a","diagnostic - NOT registered, and nothing here is proposed for registration"
"part_residual","cropping_era","1988-2013","pooled","linear",115,64,,,,0.467552722323283,,8.69280961774986,,,,,"18_aeolian","aeolian",-10.7100239734318,"pixel","part (paddock x community)","pixel-weighted by the part's cell count","BETWEEN-UNIT (across parts)","zone_fid (paddock)","77e3ef0aecd1497c187d930959110d994081c800b510c78004514a007126494a","diagnostic - NOT registered, and nothing here is proposed for registration"
"part_residual","cropping_era","1988-2013","pooled","linear",115,64,,,,0.467552722323283,,8.69280961774986,,,,,"18_inland","inland",4.31130917269775,"pixel","part (paddock x community)","pixel-weighted by the part's cell count","BETWEEN-UNIT (across parts)","zone_fid (paddock)","77e3ef0aecd1497c187d930959110d994081c800b510c78004514a007126494a","diagnostic - NOT registered, and nothing here is proposed for registration"
"part_residual","cropping_era","1988-2013","pooled","linear",115,64,,,,0.467552722323283,,8.69280961774986,,,,,"18_riverine","riverine",-3.54325423276094,"pixel","part (paddock x community)","pixel-weighted by the part's cell count","BETWEEN-UNIT (across parts)","zone_fid (paddock)","77e3ef0aecd1497c187d930959110d994081c800b510c78004514a007126494a","diagnostic - NOT registered, and nothing here is proposed for registration"
"part_residual","cropping_era","1988-2013","pooled","linear",115,64,,,,0.467552722323283,,8.69280961774986,,,,,"19_inland","inland",0.469647278059284,"pixel","part (paddock x community)","pixel-weighted by the part's cell count","BETWEEN-UNIT (across parts)","zone_fid (paddock)","77e3ef0aecd1497c187d930959110d994081c800b510c78004514a007126494a","diagnostic - NOT registered, and nothing here is proposed for registration"
"part_residual","cropping_era","1988-2013","pooled","linear",115,64,,,,0.467552722323283,,8.69280961774986,,,,,"20_inland","inland",-0.715630241234535,"pixel","part (paddock x community)","pixel-weighted by the part's cell count","BETWEEN-UNIT (across parts)","zone_fid (paddock)","77e3ef0aecd1497c187d930959110d994081c800b510c78004514a007126494a","diagnostic - NOT registered, and nothing here is proposed for registration"
"part_residual","cropping_era","1988-2013","pooled","linear",115,64,,,,0.467552722323283,,8.69280961774986,,,,,"21_inland","inland",-1.25117424460917,"pixel","part (paddock x community)","pixel-weighted by the part's cell count","BETWEEN-UNIT (across parts)","zone_fid (paddock)","77e3ef0aecd1497c187d930959110d994081c800b510c78004514a007126494a","diagnostic - NOT registered, and nothing here is proposed for registration"
"part_residual","cropping_era","1988-2013","pooled","linear",115,64,,,,0.467552722323283,,8.69280961774986,,,,,"21_riverine","riverine",-5.32513624487201,"pixel","part (paddock x community)","pixel-weighted by the part's cell count","BETWEEN-UNIT (across parts)","zone_fid (paddock)","77e3ef0aecd1497c187d930959110d994081c800b510c78004514a007126494a","diagnostic - NOT registered, and nothing here is proposed for registration"
"part_residual","cropping_era","1988-2013","pooled","linear",115,64,,,,0.467552722323283,,8.69280961774986,,,,,"22_inland","inland",4.95038574799165,"pixel","part (paddock x community)","pixel-weighted by the part's cell count","BETWEEN-UNIT (across parts)","zone_fid (paddock)","77e3ef0aecd1497c187d930959110d994081c800b510c78004514a007126494a","diagnostic - NOT registered, and nothing here is proposed for registration"
"part_residual","cropping_era","1988-2013","pooled","linear",115,64,,,,0.467552722323283,,8.69280961774986,,,,,"23_inland","inland",-0.913194900015483,"pixel","part (paddock x community)","pixel-weighted by the part's cell count","BETWEEN-UNIT (across parts)","zone_fid (paddock)","77e3ef0aecd1497c187d930959110d994081c800b510c78004514a007126494a","diagnostic - NOT registered, and nothing here is proposed for registration"
"part_residual","cropping_era","1988-2013","pooled","linear",115,64,,,,0.467552722323283,,8.69280961774986,,,,,"24_inland","inland",3.36908615695901,"pixel","part (paddock x community)","pixel-weighted by the part's cell count","BETWEEN-UNIT (across parts)","zone_fid (paddock)","77e3ef0aecd1497c187d930959110d994081c800b510c78004514a007126494a","diagnostic - NOT registered, and nothing here is proposed for registration"
"part_residual","cropping_era","1988-2013","pooled","linear",115,64,,,,0.467552722323283,,8.69280961774986,,,,,"24_riverine","riverine",-4.37230551415583,"pixel","part (paddock x community)","pixel-weighted by the part's cell count","BETWEEN-UNIT (across parts)","zone_fid (paddock)","77e3ef0aecd1497c187d930959110d994081c800b510c78004514a007126494a","diagnostic - NOT registered, and nothing here is proposed for registration"
"part_residual","cropping_era","1988-2013","pooled","linear",115,64,,,,0.467552722323283,,8.69280961774986,,,,,"25_inland","inland",2.23971978424423,"pixel","part (paddock x community)","pixel-weighted by the part's cell count","BETWEEN-UNIT (across parts)","zone_fid (paddock)","77e3ef0aecd1497c187d930959110d994081c800b510c78004514a007126494a","diagnostic - NOT registered, and nothing here is proposed for registration"
"part_residual","cropping_era","1988-2013","pooled","linear",115,64,,,,0.467552722323283,,8.69280961774986,,,,,"25_riverine","riverine",3.09387479484531,"pixel","part (paddock x community)","pixel-weighted by the part's cell count","BETWEEN-UNIT (across parts)","zone_fid (paddock)","77e3ef0aecd1497c187d930959110d994081c800b510c78004514a007126494a","diagnostic - NOT registered, and nothing here is proposed for registration"
"part_residual","cropping_era","1988-2013","pooled","linear",115,64,,,,0.467552722323283,,8.69280961774986,,,,,"26_inland","inland",4.85031334892494,"pixel","part (paddock x community)","pixel-weighted by the part's cell count","BETWEEN-UNIT (across parts)","zone_fid (paddock)","77e3ef0aecd1497c187d930959110d994081c800b510c78004514a007126494a","diagnostic - NOT registered, and nothing here is proposed for registration"
"part_residual","cropping_era","1988-2013","pooled","linear",115,64,,,,0.467552722323283,,8.69280961774986,,,,,"26_riverine","riverine",7.34363814536621,"pixel","part (paddock x community)","pixel-weighted by the part's cell count","BETWEEN-UNIT (across parts)","zone_fid (paddock)","77e3ef0aecd1497c187d930959110d994081c800b510c78004514a007126494a","diagnostic - NOT registered, and nothing here is proposed for registration"
"part_residual","cropping_era","1988-2013","pooled","linear",115,64,,,,0.467552722323283,,8.69280961774986,,,,,"27_inland","inland",9.59427524544088,"pixel","part (paddock x community)","pixel-weighted by the part's cell count","BETWEEN-UNIT (across parts)","zone_fid (paddock)","77e3ef0aecd1497c187d930959110d994081c800b510c78004514a007126494a","diagnostic - NOT registered, and nothing here is proposed for registration"
"part_residual","cropping_era","1988-2013","pooled","linear",115,64,,,,0.467552722323283,,8.69280961774986,,,,,"27_riverine","riverine",-0.36983040287334,"pixel","part (paddock x community)","pixel-weighted by the part's cell count","BETWEEN-UNIT (across parts)","zone_fid (paddock)","77e3ef0aecd1497c187d930959110d994081c800b510c78004514a007126494a","diagnostic - NOT registered, and nothing here is proposed for registration"
"part_residual","cropping_era","1988-2013","pooled","linear",115,64,,,,0.467552722323283,,8.69280961774986,,,,,"28_inland","inland",4.27302104524158,"pixel","part (paddock x community)","pixel-weighted by the part's cell count","BETWEEN-UNIT (across parts)","zone_fid (paddock)","77e3ef0aecd1497c187d930959110d994081c800b510c78004514a007126494a","diagnostic - NOT registered, and nothing here is proposed for registration"
"part_residual","cropping_era","1988-2013","pooled","linear",115,64,,,,0.467552722323283,,8.69280961774986,,,,,"28_riverine","riverine",2.3071553033319,"pixel","part (paddock x community)","pixel-weighted by the part's cell count","BETWEEN-UNIT (across parts)","zone_fid (paddock)","77e3ef0aecd1497c187d930959110d994081c800b510c78004514a007126494a","diagnostic - NOT registered, and nothing here is proposed for registration"
"part_residual","cropping_era","1988-2013","pooled","linear",115,64,,,,0.467552722323283,,8.69280961774986,,,,,"29_inland","inland",2.03360906287975,"pixel","part (paddock x community)","pixel-weighted by the part's cell count","BETWEEN-UNIT (across parts)","zone_fid (paddock)","77e3ef0aecd1497c187d930959110d994081c800b510c78004514a007126494a","diagnostic - NOT registered, and nothing here is proposed for registration"
"part_residual","cropping_era","1988-2013","pooled","linear",115,64,,,,0.467552722323283,,8.69280961774986,,,,,"30_inland","inland",4.70078614735559,"pixel","part (paddock x community)","pixel-weighted by the part's cell count","BETWEEN-UNIT (across parts)","zone_fid (paddock)","77e3ef0aecd1497c187d930959110d994081c800b510c78004514a007126494a","diagnostic - NOT registered, and nothing here is proposed for registration"
"part_residual","cropping_era","1988-2013","pooled","linear",115,64,,,,0.467552722323283,,8.69280961774986,,,,,"31_aeolian","aeolian",19.1364036877373,"pixel","part (paddock x community)","pixel-weighted by the part's cell count","BETWEEN-UNIT (across parts)","zone_fid (paddock)","77e3ef0aecd1497c187d930959110d994081c800b510c78004514a007126494a","diagnostic - NOT registered, and nothing here is proposed for registration"
"part_residual","cropping_era","1988-2013","pooled","linear",115,64,,,,0.467552722323283,,8.69280961774986,,,,,"31_inland","inland",-3.45314561677095,"pixel","part (paddock x community)","pixel-weighted by the part's cell count","BETWEEN-UNIT (across parts)","zone_fid (paddock)","77e3ef0aecd1497c187d930959110d994081c800b510c78004514a007126494a","diagnostic - NOT registered, and nothing here is proposed for registration"
"part_residual","cropping_era","1988-2013","pooled","linear",115,64,,,,0.467552722323283,,8.69280961774986,,,,,"31_riverine","riverine",-0.224755925632891,"pixel","part (paddock x community)","pixel-weighted by the part's cell count","BETWEEN-UNIT (across parts)","zone_fid (paddock)","77e3ef0aecd1497c187d930959110d994081c800b510c78004514a007126494a","diagnostic - NOT registered, and nothing here is proposed for registration"
"part_residual","cropping_era","1988-2013","pooled","linear",115,64,,,,0.467552722323283,,8.69280961774986,,,,,"32_inland","inland",3.60716283286989,"pixel","part (paddock x community)","pixel-weighted by the part's cell count","BETWEEN-UNIT (across parts)","zone_fid (paddock)","77e3ef0aecd1497c187d930959110d994081c800b510c78004514a007126494a","diagnostic - NOT registered, and nothing here is proposed for registration"
"part_residual","cropping_era","1988-2013","pooled","linear",115,64,,,,0.467552722323283,,8.69280961774986,,,,,"32_riverine","riverine",14.4234557372395,"pixel","part (paddock x community)","pixel-weighted by the part's cell count","BETWEEN-UNIT (across parts)","zone_fid (paddock)","77e3ef0aecd1497c187d930959110d994081c800b510c78004514a007126494a","diagnostic - NOT registered, and nothing here is proposed for registration"
"part_residual","cropping_era","1988-2013","pooled","linear",115,64,,,,0.467552722323283,,8.69280961774986,,,,,"33_inland","inland",1.52917922260986,"pixel","part (paddock x community)","pixel-weighted by the part's cell count","BETWEEN-UNIT (across parts)","zone_fid (paddock)","77e3ef0aecd1497c187d930959110d994081c800b510c78004514a007126494a","diagnostic - NOT registered, and nothing here is proposed for registration"
"part_residual","cropping_era","1988-2013","pooled","linear",115,64,,,,0.467552722323283,,8.69280961774986,,,,,"34_inland","inland",-0.410480976427664,"pixel","part (paddock x community)","pixel-weighted by the part's cell count","BETWEEN-UNIT (across parts)","zone_fid (paddock)","77e3ef0aecd1497c187d930959110d994081c800b510c78004514a007126494a","diagnostic - NOT registered, and nothing here is proposed for registration"
"part_residual","cropping_era","1988-2013","pooled","linear",115,64,,,,0.467552722323283,,8.69280961774986,,,,,"35_inland","inland",4.69282968114375,"pixel","part (paddock x community)","pixel-weighted by the part's cell count","BETWEEN-UNIT (across parts)","zone_fid (paddock)","77e3ef0aecd1497c187d930959110d994081c800b510c78004514a007126494a","diagnostic - NOT registered, and nothing here is proposed for registration"
"part_residual","cropping_era","1988-2013","pooled","linear",115,64,,,,0.467552722323283,,8.69280961774986,,,,,"36_inland","inland",5.27810915108267,"pixel","part (paddock x community)","pixel-weighted by the part's cell count","BETWEEN-UNIT (across parts)","zone_fid (paddock)","77e3ef0aecd1497c187d930959110d994081c800b510c78004514a007126494a","diagnostic - NOT registered, and nothing here is proposed for registration"
"part_residual","cropping_era","1988-2013","pooled","linear",115,64,,,,0.467552722323283,,8.69280961774986,,,,,"37_aeolian","aeolian",14.2239626309271,"pixel","part (paddock x community)","pixel-weighted by the part's cell count","BETWEEN-UNIT (across parts)","zone_fid (paddock)","77e3ef0aecd1497c187d930959110d994081c800b510c78004514a007126494a","diagnostic - NOT registered, and nothing here is proposed for registration"
"part_residual","cropping_era","1988-2013","pooled","linear",115,64,,,,0.467552722323283,,8.69280961774986,,,,,"37_inland","inland",5.01619574271534,"pixel","part (paddock x community)","pixel-weighted by the part's cell count","BETWEEN-UNIT (across parts)","zone_fid (paddock)","77e3ef0aecd1497c187d930959110d994081c800b510c78004514a007126494a","diagnostic - NOT registered, and nothing here is proposed for registration"
"part_residual","cropping_era","1988-2013","pooled","linear",115,64,,,,0.467552722323283,,8.69280961774986,,,,,"37_riverine","riverine",8.48624140204061,"pixel","part (paddock x community)","pixel-weighted by the part's cell count","BETWEEN-UNIT (across parts)","zone_fid (paddock)","77e3ef0aecd1497c187d930959110d994081c800b510c78004514a007126494a","diagnostic - NOT registered, and nothing here is proposed for registration"
"part_residual","cropping_era","1988-2013","pooled","linear",115,64,,,,0.467552722323283,,8.69280961774986,,,,,"38_aeolian","aeolian",11.6501810657409,"pixel","part (paddock x community)","pixel-weighted by the part's cell count","BETWEEN-UNIT (across parts)","zone_fid (paddock)","77e3ef0aecd1497c187d930959110d994081c800b510c78004514a007126494a","diagnostic - NOT registered, and nothing here is proposed for registration"
"part_residual","cropping_era","1988-2013","pooled","linear",115,64,,,,0.467552722323283,,8.69280961774986,,,,,"38_inland","inland",-4.48860245393215,"pixel","part (paddock x community)","pixel-weighted by the part's cell count","BETWEEN-UNIT (across parts)","zone_fid (paddock)","77e3ef0aecd1497c187d930959110d994081c800b510c78004514a007126494a","diagnostic - NOT registered, and nothing here is proposed for registration"
"part_residual","cropping_era","1988-2013","pooled","linear",115,64,,,,0.467552722323283,,8.69280961774986,,,,,"38_riverine","riverine",2.01143312615629,"pixel","part (paddock x community)","pixel-weighted by the part's cell count","BETWEEN-UNIT (across parts)","zone_fid (paddock)","77e3ef0aecd1497c187d930959110d994081c800b510c78004514a007126494a","diagnostic - NOT registered, and nothing here is proposed for registration"
"part_residual","cropping_era","1988-2013","pooled","linear",115,64,,,,0.467552722323283,,8.69280961774986,,,,,"39_inland","inland",9.57877462383988,"pixel","part (paddock x community)","pixel-weighted by the part's cell count","BETWEEN-UNIT (across parts)","zone_fid (paddock)","77e3ef0aecd1497c187d930959110d994081c800b510c78004514a007126494a","diagnostic - NOT registered, and nothing here is proposed for registration"
"part_residual","cropping_era","1988-2013","pooled","linear",115,64,,,,0.467552722323283,,8.69280961774986,,,,,"39_riverine","riverine",-5.00813868379655,"pixel","part (paddock x community)","pixel-weighted by the part's cell count","BETWEEN-UNIT (across parts)","zone_fid (paddock)","77e3ef0aecd1497c187d930959110d994081c800b510c78004514a007126494a","diagnostic - NOT registered, and nothing here is proposed for registration"
"part_residual","cropping_era","1988-2013","pooled","linear",115,64,,,,0.467552722323283,,8.69280961774986,,,,,"40_inland","inland",4.85880366136985,"pixel","part (paddock x community)","pixel-weighted by the part's cell count","BETWEEN-UNIT (across parts)","zone_fid (paddock)","77e3ef0aecd1497c187d930959110d994081c800b510c78004514a007126494a","diagnostic - NOT registered, and nothing here is proposed for registration"
"part_residual","cropping_era","1988-2013","pooled","linear",115,64,,,,0.467552722323283,,8.69280961774986,,,,,"41_inland","inland",-0.420617194906924,"pixel","part (paddock x community)","pixel-weighted by the part's cell count","BETWEEN-UNIT (across parts)","zone_fid (paddock)","77e3ef0aecd1497c187d930959110d994081c800b510c78004514a007126494a","diagnostic - NOT registered, and nothing here is proposed for registration"
"part_residual","cropping_era","1988-2013","pooled","linear",115,64,,,,0.467552722323283,,8.69280961774986,,,,,"42_inland","inland",6.74999585463122,"pixel","part (paddock x community)","pixel-weighted by the part's cell count","BETWEEN-UNIT (across parts)","zone_fid (paddock)","77e3ef0aecd1497c187d930959110d994081c800b510c78004514a007126494a","diagnostic - NOT registered, and nothing here is proposed for registration"
"part_residual","cropping_era","1988-2013","pooled","linear",115,64,,,,0.467552722323283,,8.69280961774986,,,,,"43_inland","inland",10.3506367194228,"pixel","part (paddock x community)","pixel-weighted by the part's cell count","BETWEEN-UNIT (across parts)","zone_fid (paddock)","77e3ef0aecd1497c187d930959110d994081c800b510c78004514a007126494a","diagnostic - NOT registered, and nothing here is proposed for registration"
"part_residual","cropping_era","1988-2013","pooled","linear",115,64,,,,0.467552722323283,,8.69280961774986,,,,,"44_inland","inland",4.43380589565201,"pixel","part (paddock x community)","pixel-weighted by the part's cell count","BETWEEN-UNIT (across parts)","zone_fid (paddock)","77e3ef0aecd1497c187d930959110d994081c800b510c78004514a007126494a","diagnostic - NOT registered, and nothing here is proposed for registration"
"part_residual","cropping_era","1988-2013","pooled","linear",115,64,,,,0.467552722323283,,8.69280961774986,,,,,"45_inland","inland",-5.79135817052017,"pixel","part (paddock x community)","pixel-weighted by the part's cell count","BETWEEN-UNIT (across parts)","zone_fid (paddock)","77e3ef0aecd1497c187d930959110d994081c800b510c78004514a007126494a","diagnostic - NOT registered, and nothing here is proposed for registration"
"part_residual","cropping_era","1988-2013","pooled","linear",115,64,,,,0.467552722323283,,8.69280961774986,,,,,"45_riverine","riverine",-0.356529020223519,"pixel","part (paddock x community)","pixel-weighted by the part's cell count","BETWEEN-UNIT (across parts)","zone_fid (paddock)","77e3ef0aecd1497c187d930959110d994081c800b510c78004514a007126494a","diagnostic - NOT registered, and nothing here is proposed for registration"
"part_residual","cropping_era","1988-2013","pooled","linear",115,64,,,,0.467552722323283,,8.69280961774986,,,,,"46_inland","inland",3.33841429591901,"pixel","part (paddock x community)","pixel-weighted by the part's cell count","BETWEEN-UNIT (across parts)","zone_fid (paddock)","77e3ef0aecd1497c187d930959110d994081c800b510c78004514a007126494a","diagnostic - NOT registered, and nothing here is proposed for registration"
"part_residual","cropping_era","1988-2013","pooled","linear",115,64,,,,0.467552722323283,,8.69280961774986,,,,,"47_inland","inland",3.99213009190915,"pixel","part (paddock x community)","pixel-weighted by the part's cell count","BETWEEN-UNIT (across parts)","zone_fid (paddock)","77e3ef0aecd1497c187d930959110d994081c800b510c78004514a007126494a","diagnostic - NOT registered, and nothing here is proposed for registration"
"part_residual","cropping_era","1988-2013","pooled","linear",115,64,,,,0.467552722323283,,8.69280961774986,,,,,"48_aeolian","aeolian",11.23306834035,"pixel","part (paddock x community)","pixel-weighted by the part's cell count","BETWEEN-UNIT (across parts)","zone_fid (paddock)","77e3ef0aecd1497c187d930959110d994081c800b510c78004514a007126494a","diagnostic - NOT registered, and nothing here is proposed for registration"
"part_residual","cropping_era","1988-2013","pooled","linear",115,64,,,,0.467552722323283,,8.69280961774986,,,,,"48_inland","inland",7.04618349057981,"pixel","part (paddock x community)","pixel-weighted by the part's cell count","BETWEEN-UNIT (across parts)","zone_fid (paddock)","77e3ef0aecd1497c187d930959110d994081c800b510c78004514a007126494a","diagnostic - NOT registered, and nothing here is proposed for registration"
"part_residual","cropping_era","1988-2013","pooled","linear",115,64,,,,0.467552722323283,,8.69280961774986,,,,,"48_riverine","riverine",5.81466551745562,"pixel","part (paddock x community)","pixel-weighted by the part's cell count","BETWEEN-UNIT (across parts)","zone_fid (paddock)","77e3ef0aecd1497c187d930959110d994081c800b510c78004514a007126494a","diagnostic - NOT registered, and nothing here is proposed for registration"
"part_residual","cropping_era","1988-2013","pooled","linear",115,64,,,,0.467552722323283,,8.69280961774986,,,,,"49_inland","inland",3.41328545794921,"pixel","part (paddock x community)","pixel-weighted by the part's cell count","BETWEEN-UNIT (across parts)","zone_fid (paddock)","77e3ef0aecd1497c187d930959110d994081c800b510c78004514a007126494a","diagnostic - NOT registered, and nothing here is proposed for registration"
"part_residual","cropping_era","1988-2013","pooled","linear",115,64,,,,0.467552722323283,,8.69280961774986,,,,,"50_inland","inland",-6.30065809456713,"pixel","part (paddock x community)","pixel-weighted by the part's cell count","BETWEEN-UNIT (across parts)","zone_fid (paddock)","77e3ef0aecd1497c187d930959110d994081c800b510c78004514a007126494a","diagnostic - NOT registered, and nothing here is proposed for registration"
"part_residual","cropping_era","1988-2013","pooled","linear",115,64,,,,0.467552722323283,,8.69280961774986,,,,,"51_aeolian","aeolian",7.94637629358697,"pixel","part (paddock x community)","pixel-weighted by the part's cell count","BETWEEN-UNIT (across parts)","zone_fid (paddock)","77e3ef0aecd1497c187d930959110d994081c800b510c78004514a007126494a","diagnostic - NOT registered, and nothing here is proposed for registration"
"part_residual","cropping_era","1988-2013","pooled","linear",115,64,,,,0.467552722323283,,8.69280961774986,,,,,"51_inland","inland",6.1537180379882,"pixel","part (paddock x community)","pixel-weighted by the part's cell count","BETWEEN-UNIT (across parts)","zone_fid (paddock)","77e3ef0aecd1497c187d930959110d994081c800b510c78004514a007126494a","diagnostic - NOT registered, and nothing here is proposed for registration"
"part_residual","cropping_era","1988-2013","pooled","linear",115,64,,,,0.467552722323283,,8.69280961774986,,,,,"51_riverine","riverine",-19.2231493025951,"pixel","part (paddock x community)","pixel-weighted by the part's cell count","BETWEEN-UNIT (across parts)","zone_fid (paddock)","77e3ef0aecd1497c187d930959110d994081c800b510c78004514a007126494a","diagnostic - NOT registered, and nothing here is proposed for registration"
"part_residual","cropping_era","1988-2013","pooled","linear",115,64,,,,0.467552722323283,,8.69280961774986,,,,,"52_inland","inland",4.98906330878162,"pixel","part (paddock x community)","pixel-weighted by the part's cell count","BETWEEN-UNIT (across parts)","zone_fid (paddock)","77e3ef0aecd1497c187d930959110d994081c800b510c78004514a007126494a","diagnostic - NOT registered, and nothing here is proposed for registration"
"part_residual","cropping_era","1988-2013","pooled","linear",115,64,,,,0.467552722323283,,8.69280961774986,,,,,"52_riverine","riverine",-14.1863767719516,"pixel","part (paddock x community)","pixel-weighted by the part's cell count","BETWEEN-UNIT (across parts)","zone_fid (paddock)","77e3ef0aecd1497c187d930959110d994081c800b510c78004514a007126494a","diagnostic - NOT registered, and nothing here is proposed for registration"
"part_residual","cropping_era","1988-2013","pooled","linear",115,64,,,,0.467552722323283,,8.69280961774986,,,,,"53_inland","inland",-2.55353472468296,"pixel","part (paddock x community)","pixel-weighted by the part's cell count","BETWEEN-UNIT (across parts)","zone_fid (paddock)","77e3ef0aecd1497c187d930959110d994081c800b510c78004514a007126494a","diagnostic - NOT registered, and nothing here is proposed for registration"
"part_residual","cropping_era","1988-2013","pooled","linear",115,64,,,,0.467552722323283,,8.69280961774986,,,,,"53_riverine","riverine",5.2983029418226,"pixel","part (paddock x community)","pixel-weighted by the part's cell count","BETWEEN-UNIT (across parts)","zone_fid (paddock)","77e3ef0aecd1497c187d930959110d994081c800b510c78004514a007126494a","diagnostic - NOT registered, and nothing here is proposed for registration"
"part_residual","cropping_era","1988-2013","pooled","linear",115,64,,,,0.467552722323283,,8.69280961774986,,,,,"54_aeolian","aeolian",13.3417747902135,"pixel","part (paddock x community)","pixel-weighted by the part's cell count","BETWEEN-UNIT (across parts)","zone_fid (paddock)","77e3ef0aecd1497c187d930959110d994081c800b510c78004514a007126494a","diagnostic - NOT registered, and nothing here is proposed for registration"
"part_residual","cropping_era","1988-2013","pooled","linear",115,64,,,,0.467552722323283,,8.69280961774986,,,,,"54_riverine","riverine",3.21398965356803,"pixel","part (paddock x community)","pixel-weighted by the part's cell count","BETWEEN-UNIT (across parts)","zone_fid (paddock)","77e3ef0aecd1497c187d930959110d994081c800b510c78004514a007126494a","diagnostic - NOT registered, and nothing here is proposed for registration"
"part_residual","cropping_era","1988-2013","pooled","linear",115,64,,,,0.467552722323283,,8.69280961774986,,,,,"55_aeolian","aeolian",-9.10242194152247,"pixel","part (paddock x community)","pixel-weighted by the part's cell count","BETWEEN-UNIT (across parts)","zone_fid (paddock)","77e3ef0aecd1497c187d930959110d994081c800b510c78004514a007126494a","diagnostic - NOT registered, and nothing here is proposed for registration"
"part_residual","cropping_era","1988-2013","pooled","linear",115,64,,,,0.467552722323283,,8.69280961774986,,,,,"55_inland","inland",-3.80383427928885,"pixel","part (paddock x community)","pixel-weighted by the part's cell count","BETWEEN-UNIT (across parts)","zone_fid (paddock)","77e3ef0aecd1497c187d930959110d994081c800b510c78004514a007126494a","diagnostic - NOT registered, and nothing here is proposed for registration"
"part_residual","cropping_era","1988-2013","pooled","linear",115,64,,,,0.467552722323283,,8.69280961774986,,,,,"55_riverine","riverine",-15.3295433539078,"pixel","part (paddock x community)","pixel-weighted by the part's cell count","BETWEEN-UNIT (across parts)","zone_fid (paddock)","77e3ef0aecd1497c187d930959110d994081c800b510c78004514a007126494a","diagnostic - NOT registered, and nothing here is proposed for registration"
"part_residual","cropping_era","1988-2013","pooled","linear",115,64,,,,0.467552722323283,,8.69280961774986,,,,,"56_aeolian","aeolian",-8.79310359241521,"pixel","part (paddock x community)","pixel-weighted by the part's cell count","BETWEEN-UNIT (across parts)","zone_fid (paddock)","77e3ef0aecd1497c187d930959110d994081c800b510c78004514a007126494a","diagnostic - NOT registered, and nothing here is proposed for registration"
"part_residual","cropping_era","1988-2013","pooled","linear",115,64,,,,0.467552722323283,,8.69280961774986,,,,,"56_inland","inland",0.962301471068685,"pixel","part (paddock x community)","pixel-weighted by the part's cell count","BETWEEN-UNIT (across parts)","zone_fid (paddock)","77e3ef0aecd1497c187d930959110d994081c800b510c78004514a007126494a","diagnostic - NOT registered, and nothing here is proposed for registration"
"part_residual","cropping_era","1988-2013","pooled","linear",115,64,,,,0.467552722323283,,8.69280961774986,,,,,"56_riverine","riverine",-10.0981068060034,"pixel","part (paddock x community)","pixel-weighted by the part's cell count","BETWEEN-UNIT (across parts)","zone_fid (paddock)","77e3ef0aecd1497c187d930959110d994081c800b510c78004514a007126494a","diagnostic - NOT registered, and nothing here is proposed for registration"
"part_residual","cropping_era","1988-2013","pooled","linear",115,64,,,,0.467552722323283,,8.69280961774986,,,,,"57_aeolian","aeolian",-20.0031320948478,"pixel","part (paddock x community)","pixel-weighted by the part's cell count","BETWEEN-UNIT (across parts)","zone_fid (paddock)","77e3ef0aecd1497c187d930959110d994081c800b510c78004514a007126494a","diagnostic - NOT registered, and nothing here is proposed for registration"
"part_residual","cropping_era","1988-2013","pooled","linear",115,64,,,,0.467552722323283,,8.69280961774986,,,,,"57_inland","inland",3.71822611720403,"pixel","part (paddock x community)","pixel-weighted by the part's cell count","BETWEEN-UNIT (across parts)","zone_fid (paddock)","77e3ef0aecd1497c187d930959110d994081c800b510c78004514a007126494a","diagnostic - NOT registered, and nothing here is proposed for registration"
"part_residual","cropping_era","1988-2013","pooled","linear",115,64,,,,0.467552722323283,,8.69280961774986,,,,,"57_riverine","riverine",-14.004557926868,"pixel","part (paddock x community)","pixel-weighted by the part's cell count","BETWEEN-UNIT (across parts)","zone_fid (paddock)","77e3ef0aecd1497c187d930959110d994081c800b510c78004514a007126494a","diagnostic - NOT registered, and nothing here is proposed for registration"
"part_residual","cropping_era","1988-2013","pooled","linear",115,64,,,,0.467552722323283,,8.69280961774986,,,,,"58_aeolian","aeolian",-10.2716654849986,"pixel","part (paddock x community)","pixel-weighted by the part's cell count","BETWEEN-UNIT (across parts)","zone_fid (paddock)","77e3ef0aecd1497c187d930959110d994081c800b510c78004514a007126494a","diagnostic - NOT registered, and nothing here is proposed for registration"
"part_residual","cropping_era","1988-2013","pooled","linear",115,64,,,,0.467552722323283,,8.69280961774986,,,,,"58_inland","inland",-4.46248681541744,"pixel","part (paddock x community)","pixel-weighted by the part's cell count","BETWEEN-UNIT (across parts)","zone_fid (paddock)","77e3ef0aecd1497c187d930959110d994081c800b510c78004514a007126494a","diagnostic - NOT registered, and nothing here is proposed for registration"
"part_residual","cropping_era","1988-2013","pooled","linear",115,64,,,,0.467552722323283,,8.69280961774986,,,,,"58_riverine","riverine",-14.612598862549,"pixel","part (paddock x community)","pixel-weighted by the part's cell count","BETWEEN-UNIT (across parts)","zone_fid (paddock)","77e3ef0aecd1497c187d930959110d994081c800b510c78004514a007126494a","diagnostic - NOT registered, and nothing here is proposed for registration"
"part_residual","cropping_era","1988-2013","pooled","linear",115,64,,,,0.467552722323283,,8.69280961774986,,,,,"59_aeolian","aeolian",7.53450332620487,"pixel","part (paddock x community)","pixel-weighted by the part's cell count","BETWEEN-UNIT (across parts)","zone_fid (paddock)","77e3ef0aecd1497c187d930959110d994081c800b510c78004514a007126494a","diagnostic - NOT registered, and nothing here is proposed for registration"
"part_residual","cropping_era","1988-2013","pooled","linear",115,64,,,,0.467552722323283,,8.69280961774986,,,,,"59_riverine","riverine",3.14141119030858,"pixel","part (paddock x community)","pixel-weighted by the part's cell count","BETWEEN-UNIT (across parts)","zone_fid (paddock)","77e3ef0aecd1497c187d930959110d994081c800b510c78004514a007126494a","diagnostic - NOT registered, and nothing here is proposed for registration"
"part_residual","cropping_era","1988-2013","pooled","linear",115,64,,,,0.467552722323283,,8.69280961774986,,,,,"60_aeolian","aeolian",5.14297626093503,"pixel","part (paddock x community)","pixel-weighted by the part's cell count","BETWEEN-UNIT (across parts)","zone_fid (paddock)","77e3ef0aecd1497c187d930959110d994081c800b510c78004514a007126494a","diagnostic - NOT registered, and nothing here is proposed for registration"
"part_residual","cropping_era","1988-2013","pooled","linear",115,64,,,,0.467552722323283,,8.69280961774986,,,,,"60_riverine","riverine",14.6288512063245,"pixel","part (paddock x community)","pixel-weighted by the part's cell count","BETWEEN-UNIT (across parts)","zone_fid (paddock)","77e3ef0aecd1497c187d930959110d994081c800b510c78004514a007126494a","diagnostic - NOT registered, and nothing here is proposed for registration"
"part_residual","cropping_era","1988-2013","pooled","linear",115,64,,,,0.467552722323283,,8.69280961774986,,,,,"61_aeolian","aeolian",12.8296908543038,"pixel","part (paddock x community)","pixel-weighted by the part's cell count","BETWEEN-UNIT (across parts)","zone_fid (paddock)","77e3ef0aecd1497c187d930959110d994081c800b510c78004514a007126494a","diagnostic - NOT registered, and nothing here is proposed for registration"
"part_residual","cropping_era","1988-2013","pooled","linear",115,64,,,,0.467552722323283,,8.69280961774986,,,,,"61_inland","inland",-3.41519700433707,"pixel","part (paddock x community)","pixel-weighted by the part's cell count","BETWEEN-UNIT (across parts)","zone_fid (paddock)","77e3ef0aecd1497c187d930959110d994081c800b510c78004514a007126494a","diagnostic - NOT registered, and nothing here is proposed for registration"
"part_residual","cropping_era","1988-2013","pooled","linear",115,64,,,,0.467552722323283,,8.69280961774986,,,,,"61_riverine","riverine",-7.08290135229922,"pixel","part (paddock x community)","pixel-weighted by the part's cell count","BETWEEN-UNIT (across parts)","zone_fid (paddock)","77e3ef0aecd1497c187d930959110d994081c800b510c78004514a007126494a","diagnostic - NOT registered, and nothing here is proposed for registration"
"part_residual","cropping_era","1988-2013","pooled","linear",115,64,,,,0.467552722323283,,8.69280961774986,,,,,"62_aeolian","aeolian",0.530322780306427,"pixel","part (paddock x community)","pixel-weighted by the part's cell count","BETWEEN-UNIT (across parts)","zone_fid (paddock)","77e3ef0aecd1497c187d930959110d994081c800b510c78004514a007126494a","diagnostic - NOT registered, and nothing here is proposed for registration"
"part_residual","cropping_era","1988-2013","pooled","linear",115,64,,,,0.467552722323283,,8.69280961774986,,,,,"62_inland","inland",3.10756562051463,"pixel","part (paddock x community)","pixel-weighted by the part's cell count","BETWEEN-UNIT (across parts)","zone_fid (paddock)","77e3ef0aecd1497c187d930959110d994081c800b510c78004514a007126494a","diagnostic - NOT registered, and nothing here is proposed for registration"
"part_residual","cropping_era","1988-2013","pooled","linear",115,64,,,,0.467552722323283,,8.69280961774986,,,,,"62_riverine","riverine",-25.8815192482565,"pixel","part (paddock x community)","pixel-weighted by the part's cell count","BETWEEN-UNIT (across parts)","zone_fid (paddock)","77e3ef0aecd1497c187d930959110d994081c800b510c78004514a007126494a","diagnostic - NOT registered, and nothing here is proposed for registration"
"part_residual","cropping_era","1988-2013","pooled","linear",115,64,,,,0.467552722323283,,8.69280961774986,,,,,"63_aeolian","aeolian",6.38871501742661,"pixel","part (paddock x community)","pixel-weighted by the part's cell count","BETWEEN-UNIT (across parts)","zone_fid (paddock)","77e3ef0aecd1497c187d930959110d994081c800b510c78004514a007126494a","diagnostic - NOT registered, and nothing here is proposed for registration"
"part_residual","cropping_era","1988-2013","pooled","linear",115,64,,,,0.467552722323283,,8.69280961774986,,,,,"63_inland","inland",-0.502188720225021,"pixel","part (paddock x community)","pixel-weighted by the part's cell count","BETWEEN-UNIT (across parts)","zone_fid (paddock)","77e3ef0aecd1497c187d930959110d994081c800b510c78004514a007126494a","diagnostic - NOT registered, and nothing here is proposed for registration"
"part_residual","cropping_era","1988-2013","pooled","linear",115,64,,,,0.467552722323283,,8.69280961774986,,,,,"63_riverine","riverine",-9.67399727650989,"pixel","part (paddock x community)","pixel-weighted by the part's cell count","BETWEEN-UNIT (across parts)","zone_fid (paddock)","77e3ef0aecd1497c187d930959110d994081c800b510c78004514a007126494a","diagnostic - NOT registered, and nothing here is proposed for registration"
"part_residual","cropping_era","1988-2013","pooled","linear",115,64,,,,0.467552722323283,,8.69280961774986,,,,,"64_inland","inland",-1.2916817058975,"pixel","part (paddock x community)","pixel-weighted by the part's cell count","BETWEEN-UNIT (across parts)","zone_fid (paddock)","77e3ef0aecd1497c187d930959110d994081c800b510c78004514a007126494a","diagnostic - NOT registered, and nothing here is proposed for registration"
"part_residual","cropping_era","1988-2013","pooled","linear",115,64,,,,0.467552722323283,,8.69280961774986,,,,,"64_riverine","riverine",0.445663736514717,"pixel","part (paddock x community)","pixel-weighted by the part's cell count","BETWEEN-UNIT (across parts)","zone_fid (paddock)","77e3ef0aecd1497c187d930959110d994081c800b510c78004514a007126494a","diagnostic - NOT registered, and nothing here is proposed for registration"
"part_residual","cropping_era","1988-2013","pooled","quadratic",115,64,,,,0.487533144293728,,8.52814849549738,,,,,"01_inland","inland",-6.05777777890331,"pixel","part (paddock x community)","pixel-weighted by the part's cell count","BETWEEN-UNIT (across parts)","zone_fid (paddock)","77e3ef0aecd1497c187d930959110d994081c800b510c78004514a007126494a","diagnostic - NOT registered, and nothing here is proposed for registration"
"part_residual","cropping_era","1988-2013","pooled","quadratic",115,64,,,,0.487533144293728,,8.52814849549738,,,,,"01_riverine","riverine",-1.53118282875794,"pixel","part (paddock x community)","pixel-weighted by the part's cell count","BETWEEN-UNIT (across parts)","zone_fid (paddock)","77e3ef0aecd1497c187d930959110d994081c800b510c78004514a007126494a","diagnostic - NOT registered, and nothing here is proposed for registration"
"part_residual","cropping_era","1988-2013","pooled","quadratic",115,64,,,,0.487533144293728,,8.52814849549738,,,,,"02_inland","inland",-2.16123504165114,"pixel","part (paddock x community)","pixel-weighted by the part's cell count","BETWEEN-UNIT (across parts)","zone_fid (paddock)","77e3ef0aecd1497c187d930959110d994081c800b510c78004514a007126494a","diagnostic - NOT registered, and nothing here is proposed for registration"
"part_residual","cropping_era","1988-2013","pooled","quadratic",115,64,,,,0.487533144293728,,8.52814849549738,,,,,"03_inland","inland",0.01588847777235,"pixel","part (paddock x community)","pixel-weighted by the part's cell count","BETWEEN-UNIT (across parts)","zone_fid (paddock)","77e3ef0aecd1497c187d930959110d994081c800b510c78004514a007126494a","diagnostic - NOT registered, and nothing here is proposed for registration"
"part_residual","cropping_era","1988-2013","pooled","quadratic",115,64,,,,0.487533144293728,,8.52814849549738,,,,,"03_riverine","riverine",-3.72707725608336,"pixel","part (paddock x community)","pixel-weighted by the part's cell count","BETWEEN-UNIT (across parts)","zone_fid (paddock)","77e3ef0aecd1497c187d930959110d994081c800b510c78004514a007126494a","diagnostic - NOT registered, and nothing here is proposed for registration"
"part_residual","cropping_era","1988-2013","pooled","quadratic",115,64,,,,0.487533144293728,,8.52814849549738,,,,,"04_aeolian","aeolian",-25.7476357753759,"pixel","part (paddock x community)","pixel-weighted by the part's cell count","BETWEEN-UNIT (across parts)","zone_fid (paddock)","77e3ef0aecd1497c187d930959110d994081c800b510c78004514a007126494a","diagnostic - NOT registered, and nothing here is proposed for registration"
"part_residual","cropping_era","1988-2013","pooled","quadratic",115,64,,,,0.487533144293728,,8.52814849549738,,,,,"04_inland","inland",5.53289477380889,"pixel","part (paddock x community)","pixel-weighted by the part's cell count","BETWEEN-UNIT (across parts)","zone_fid (paddock)","77e3ef0aecd1497c187d930959110d994081c800b510c78004514a007126494a","diagnostic - NOT registered, and nothing here is proposed for registration"
"part_residual","cropping_era","1988-2013","pooled","quadratic",115,64,,,,0.487533144293728,,8.52814849549738,,,,,"04_riverine","riverine",-22.8109755544509,"pixel","part (paddock x community)","pixel-weighted by the part's cell count","BETWEEN-UNIT (across parts)","zone_fid (paddock)","77e3ef0aecd1497c187d930959110d994081c800b510c78004514a007126494a","diagnostic - NOT registered, and nothing here is proposed for registration"
"part_residual","cropping_era","1988-2013","pooled","quadratic",115,64,,,,0.487533144293728,,8.52814849549738,,,,,"05_inland","inland",11.0769951977843,"pixel","part (paddock x community)","pixel-weighted by the part's cell count","BETWEEN-UNIT (across parts)","zone_fid (paddock)","77e3ef0aecd1497c187d930959110d994081c800b510c78004514a007126494a","diagnostic - NOT registered, and nothing here is proposed for registration"
"part_residual","cropping_era","1988-2013","pooled","quadratic",115,64,,,,0.487533144293728,,8.52814849549738,,,,,"05_riverine","riverine",12.1755809459646,"pixel","part (paddock x community)","pixel-weighted by the part's cell count","BETWEEN-UNIT (across parts)","zone_fid (paddock)","77e3ef0aecd1497c187d930959110d994081c800b510c78004514a007126494a","diagnostic - NOT registered, and nothing here is proposed for registration"
"part_residual","cropping_era","1988-2013","pooled","quadratic",115,64,,,,0.487533144293728,,8.52814849549738,,,,,"06_inland","inland",10.9754547402217,"pixel","part (paddock x community)","pixel-weighted by the part's cell count","BETWEEN-UNIT (across parts)","zone_fid (paddock)","77e3ef0aecd1497c187d930959110d994081c800b510c78004514a007126494a","diagnostic - NOT registered, and nothing here is proposed for registration"
"part_residual","cropping_era","1988-2013","pooled","quadratic",115,64,,,,0.487533144293728,,8.52814849549738,,,,,"06_riverine","riverine",11.5975091251138,"pixel","part (paddock x community)","pixel-weighted by the part's cell count","BETWEEN-UNIT (across parts)","zone_fid (paddock)","77e3ef0aecd1497c187d930959110d994081c800b510c78004514a007126494a","diagnostic - NOT registered, and nothing here is proposed for registration"
"part_residual","cropping_era","1988-2013","pooled","quadratic",115,64,,,,0.487533144293728,,8.52814849549738,,,,,"07_inland","inland",6.7171864659805,"pixel","part (paddock x community)","pixel-weighted by the part's cell count","BETWEEN-UNIT (across parts)","zone_fid (paddock)","77e3ef0aecd1497c187d930959110d994081c800b510c78004514a007126494a","diagnostic - NOT registered, and nothing here is proposed for registration"
"part_residual","cropping_era","1988-2013","pooled","quadratic",115,64,,,,0.487533144293728,,8.52814849549738,,,,,"08_inland","inland",7.47981278822591,"pixel","part (paddock x community)","pixel-weighted by the part's cell count","BETWEEN-UNIT (across parts)","zone_fid (paddock)","77e3ef0aecd1497c187d930959110d994081c800b510c78004514a007126494a","diagnostic - NOT registered, and nothing here is proposed for registration"
"part_residual","cropping_era","1988-2013","pooled","quadratic",115,64,,,,0.487533144293728,,8.52814849549738,,,,,"09_inland","inland",3.52572249340101,"pixel","part (paddock x community)","pixel-weighted by the part's cell count","BETWEEN-UNIT (across parts)","zone_fid (paddock)","77e3ef0aecd1497c187d930959110d994081c800b510c78004514a007126494a","diagnostic - NOT registered, and nothing here is proposed for registration"
"part_residual","cropping_era","1988-2013","pooled","quadratic",115,64,,,,0.487533144293728,,8.52814849549738,,,,,"09_riverine","riverine",10.4383237116538,"pixel","part (paddock x community)","pixel-weighted by the part's cell count","BETWEEN-UNIT (across parts)","zone_fid (paddock)","77e3ef0aecd1497c187d930959110d994081c800b510c78004514a007126494a","diagnostic - NOT registered, and nothing here is proposed for registration"
"part_residual","cropping_era","1988-2013","pooled","quadratic",115,64,,,,0.487533144293728,,8.52814849549738,,,,,"10_inland","inland",11.1294346329792,"pixel","part (paddock x community)","pixel-weighted by the part's cell count","BETWEEN-UNIT (across parts)","zone_fid (paddock)","77e3ef0aecd1497c187d930959110d994081c800b510c78004514a007126494a","diagnostic - NOT registered, and nothing here is proposed for registration"
"part_residual","cropping_era","1988-2013","pooled","quadratic",115,64,,,,0.487533144293728,,8.52814849549738,,,,,"10_riverine","riverine",12.9676311961773,"pixel","part (paddock x community)","pixel-weighted by the part's cell count","BETWEEN-UNIT (across parts)","zone_fid (paddock)","77e3ef0aecd1497c187d930959110d994081c800b510c78004514a007126494a","diagnostic - NOT registered, and nothing here is proposed for registration"
"part_residual","cropping_era","1988-2013","pooled","quadratic",115,64,,,,0.487533144293728,,8.52814849549738,,,,,"11_inland","inland",-3.80431641148689,"pixel","part (paddock x community)","pixel-weighted by the part's cell count","BETWEEN-UNIT (across parts)","zone_fid (paddock)","77e3ef0aecd1497c187d930959110d994081c800b510c78004514a007126494a","diagnostic - NOT registered, and nothing here is proposed for registration"
"part_residual","cropping_era","1988-2013","pooled","quadratic",115,64,,,,0.487533144293728,,8.52814849549738,,,,,"12_inland","inland",-2.93631841067153,"pixel","part (paddock x community)","pixel-weighted by the part's cell count","BETWEEN-UNIT (across parts)","zone_fid (paddock)","77e3ef0aecd1497c187d930959110d994081c800b510c78004514a007126494a","diagnostic - NOT registered, and nothing here is proposed for registration"
"part_residual","cropping_era","1988-2013","pooled","quadratic",115,64,,,,0.487533144293728,,8.52814849549738,,,,,"12_riverine","riverine",-2.36999803371452,"pixel","part (paddock x community)","pixel-weighted by the part's cell count","BETWEEN-UNIT (across parts)","zone_fid (paddock)","77e3ef0aecd1497c187d930959110d994081c800b510c78004514a007126494a","diagnostic - NOT registered, and nothing here is proposed for registration"
"part_residual","cropping_era","1988-2013","pooled","quadratic",115,64,,,,0.487533144293728,,8.52814849549738,,,,,"13_inland","inland",4.33442343189513,"pixel","part (paddock x community)","pixel-weighted by the part's cell count","BETWEEN-UNIT (across parts)","zone_fid (paddock)","77e3ef0aecd1497c187d930959110d994081c800b510c78004514a007126494a","diagnostic - NOT registered, and nothing here is proposed for registration"
"part_residual","cropping_era","1988-2013","pooled","quadratic",115,64,,,,0.487533144293728,,8.52814849549738,,,,,"14_inland","inland",-23.0549253915862,"pixel","part (paddock x community)","pixel-weighted by the part's cell count","BETWEEN-UNIT (across parts)","zone_fid (paddock)","77e3ef0aecd1497c187d930959110d994081c800b510c78004514a007126494a","diagnostic - NOT registered, and nothing here is proposed for registration"
"part_residual","cropping_era","1988-2013","pooled","quadratic",115,64,,,,0.487533144293728,,8.52814849549738,,,,,"15_inland","inland",4.71835034313341,"pixel","part (paddock x community)","pixel-weighted by the part's cell count","BETWEEN-UNIT (across parts)","zone_fid (paddock)","77e3ef0aecd1497c187d930959110d994081c800b510c78004514a007126494a","diagnostic - NOT registered, and nothing here is proposed for registration"
"part_residual","cropping_era","1988-2013","pooled","quadratic",115,64,,,,0.487533144293728,,8.52814849549738,,,,,"16_inland","inland",3.90905409219391,"pixel","part (paddock x community)","pixel-weighted by the part's cell count","BETWEEN-UNIT (across parts)","zone_fid (paddock)","77e3ef0aecd1497c187d930959110d994081c800b510c78004514a007126494a","diagnostic - NOT registered, and nothing here is proposed for registration"
"part_residual","cropping_era","1988-2013","pooled","quadratic",115,64,,,,0.487533144293728,,8.52814849549738,,,,,"16_riverine","riverine",7.72717861875753,"pixel","part (paddock x community)","pixel-weighted by the part's cell count","BETWEEN-UNIT (across parts)","zone_fid (paddock)","77e3ef0aecd1497c187d930959110d994081c800b510c78004514a007126494a","diagnostic - NOT registered, and nothing here is proposed for registration"
"part_residual","cropping_era","1988-2013","pooled","quadratic",115,64,,,,0.487533144293728,,8.52814849549738,,,,,"17_inland","inland",2.22598910783371,"pixel","part (paddock x community)","pixel-weighted by the part's cell count","BETWEEN-UNIT (across parts)","zone_fid (paddock)","77e3ef0aecd1497c187d930959110d994081c800b510c78004514a007126494a","diagnostic - NOT registered, and nothing here is proposed for registration"
"part_residual","cropping_era","1988-2013","pooled","quadratic",115,64,,,,0.487533144293728,,8.52814849549738,,,,,"18_aeolian","aeolian",-12.380482576754,"pixel","part (paddock x community)","pixel-weighted by the part's cell count","BETWEEN-UNIT (across parts)","zone_fid (paddock)","77e3ef0aecd1497c187d930959110d994081c800b510c78004514a007126494a","diagnostic - NOT registered, and nothing here is proposed for registration"
"part_residual","cropping_era","1988-2013","pooled","quadratic",115,64,,,,0.487533144293728,,8.52814849549738,,,,,"18_inland","inland",3.97821235372291,"pixel","part (paddock x community)","pixel-weighted by the part's cell count","BETWEEN-UNIT (across parts)","zone_fid (paddock)","77e3ef0aecd1497c187d930959110d994081c800b510c78004514a007126494a","diagnostic - NOT registered, and nothing here is proposed for registration"
"part_residual","cropping_era","1988-2013","pooled","quadratic",115,64,,,,0.487533144293728,,8.52814849549738,,,,,"18_riverine","riverine",-5.40307011424217,"pixel","part (paddock x community)","pixel-weighted by the part's cell count","BETWEEN-UNIT (across parts)","zone_fid (paddock)","77e3ef0aecd1497c187d930959110d994081c800b510c78004514a007126494a","diagnostic - NOT registered, and nothing here is proposed for registration"
"part_residual","cropping_era","1988-2013","pooled","quadratic",115,64,,,,0.487533144293728,,8.52814849549738,,,,,"19_inland","inland",0.655149402687698,"pixel","part (paddock x community)","pixel-weighted by the part's cell count","BETWEEN-UNIT (across parts)","zone_fid (paddock)","77e3ef0aecd1497c187d930959110d994081c800b510c78004514a007126494a","diagnostic - NOT registered, and nothing here is proposed for registration"
"part_residual","cropping_era","1988-2013","pooled","quadratic",115,64,,,,0.487533144293728,,8.52814849549738,,,,,"20_inland","inland",6.26511200160208,"pixel","part (paddock x community)","pixel-weighted by the part's cell count","BETWEEN-UNIT (across parts)","zone_fid (paddock)","77e3ef0aecd1497c187d930959110d994081c800b510c78004514a007126494a","diagnostic - NOT registered, and nothing here is proposed for registration"
"part_residual","cropping_era","1988-2013","pooled","quadratic",115,64,,,,0.487533144293728,,8.52814849549738,,,,,"21_inland","inland",-1.23517692347099,"pixel","part (paddock x community)","pixel-weighted by the part's cell count","BETWEEN-UNIT (across parts)","zone_fid (paddock)","77e3ef0aecd1497c187d930959110d994081c800b510c78004514a007126494a","diagnostic - NOT registered, and nothing here is proposed for registration"
"part_residual","cropping_era","1988-2013","pooled","quadratic",115,64,,,,0.487533144293728,,8.52814849549738,,,,,"21_riverine","riverine",-7.11543203295262,"pixel","part (paddock x community)","pixel-weighted by the part's cell count","BETWEEN-UNIT (across parts)","zone_fid (paddock)","77e3ef0aecd1497c187d930959110d994081c800b510c78004514a007126494a","diagnostic - NOT registered, and nothing here is proposed for registration"
"part_residual","cropping_era","1988-2013","pooled","quadratic",115,64,,,,0.487533144293728,,8.52814849549738,,,,,"22_inland","inland",3.10554496089155,"pixel","part (paddock x community)","pixel-weighted by the part's cell count","BETWEEN-UNIT (across parts)","zone_fid (paddock)","77e3ef0aecd1497c187d930959110d994081c800b510c78004514a007126494a","diagnostic - NOT registered, and nothing here is proposed for registration"
"part_residual","cropping_era","1988-2013","pooled","quadratic",115,64,,,,0.487533144293728,,8.52814849549738,,,,,"23_inland","inland",-2.50722890713897,"pixel","part (paddock x community)","pixel-weighted by the part's cell count","BETWEEN-UNIT (across parts)","zone_fid (paddock)","77e3ef0aecd1497c187d930959110d994081c800b510c78004514a007126494a","diagnostic - NOT registered, and nothing here is proposed for registration"
"part_residual","cropping_era","1988-2013","pooled","quadratic",115,64,,,,0.487533144293728,,8.52814849549738,,,,,"24_inland","inland",2.51025869770936,"pixel","part (paddock x community)","pixel-weighted by the part's cell count","BETWEEN-UNIT (across parts)","zone_fid (paddock)","77e3ef0aecd1497c187d930959110d994081c800b510c78004514a007126494a","diagnostic - NOT registered, and nothing here is proposed for registration"
"part_residual","cropping_era","1988-2013","pooled","quadratic",115,64,,,,0.487533144293728,,8.52814849549738,,,,,"24_riverine","riverine",-5.66211631872881,"pixel","part (paddock x community)","pixel-weighted by the part's cell count","BETWEEN-UNIT (across parts)","zone_fid (paddock)","77e3ef0aecd1497c187d930959110d994081c800b510c78004514a007126494a","diagnostic - NOT registered, and nothing here is proposed for registration"
"part_residual","cropping_era","1988-2013","pooled","quadratic",115,64,,,,0.487533144293728,,8.52814849549738,,,,,"25_inland","inland",0.953407261242702,"pixel","part (paddock x community)","pixel-weighted by the part's cell count","BETWEEN-UNIT (across parts)","zone_fid (paddock)","77e3ef0aecd1497c187d930959110d994081c800b510c78004514a007126494a","diagnostic - NOT registered, and nothing here is proposed for registration"
"part_residual","cropping_era","1988-2013","pooled","quadratic",115,64,,,,0.487533144293728,,8.52814849549738,,,,,"25_riverine","riverine",3.39305409003353,"pixel","part (paddock x community)","pixel-weighted by the part's cell count","BETWEEN-UNIT (across parts)","zone_fid (paddock)","77e3ef0aecd1497c187d930959110d994081c800b510c78004514a007126494a","diagnostic - NOT registered, and nothing here is proposed for registration"
"part_residual","cropping_era","1988-2013","pooled","quadratic",115,64,,,,0.487533144293728,,8.52814849549738,,,,,"26_inland","inland",4.91013300922745,"pixel","part (paddock x community)","pixel-weighted by the part's cell count","BETWEEN-UNIT (across parts)","zone_fid (paddock)","77e3ef0aecd1497c187d930959110d994081c800b510c78004514a007126494a","diagnostic - NOT registered, and nothing here is proposed for registration"
"part_residual","cropping_era","1988-2013","pooled","quadratic",115,64,,,,0.487533144293728,,8.52814849549738,,,,,"26_riverine","riverine",7.61298478506679,"pixel","part (paddock x community)","pixel-weighted by the part's cell count","BETWEEN-UNIT (across parts)","zone_fid (paddock)","77e3ef0aecd1497c187d930959110d994081c800b510c78004514a007126494a","diagnostic - NOT registered, and nothing here is proposed for registration"
"part_residual","cropping_era","1988-2013","pooled","quadratic",115,64,,,,0.487533144293728,,8.52814849549738,,,,,"27_inland","inland",7.76538776017048,"pixel","part (paddock x community)","pixel-weighted by the part's cell count","BETWEEN-UNIT (across parts)","zone_fid (paddock)","77e3ef0aecd1497c187d930959110d994081c800b510c78004514a007126494a","diagnostic - NOT registered, and nothing here is proposed for registration"
"part_residual","cropping_era","1988-2013","pooled","quadratic",115,64,,,,0.487533144293728,,8.52814849549738,,,,,"27_riverine","riverine",0.776716124827665,"pixel","part (paddock x community)","pixel-weighted by the part's cell count","BETWEEN-UNIT (across parts)","zone_fid (paddock)","77e3ef0aecd1497c187d930959110d994081c800b510c78004514a007126494a","diagnostic - NOT registered, and nothing here is proposed for registration"
"part_residual","cropping_era","1988-2013","pooled","quadratic",115,64,,,,0.487533144293728,,8.52814849549738,,,,,"28_inland","inland",2.53095035637716,"pixel","part (paddock x community)","pixel-weighted by the part's cell count","BETWEEN-UNIT (across parts)","zone_fid (paddock)","77e3ef0aecd1497c187d930959110d994081c800b510c78004514a007126494a","diagnostic - NOT registered, and nothing here is proposed for registration"
"part_residual","cropping_era","1988-2013","pooled","quadratic",115,64,,,,0.487533144293728,,8.52814849549738,,,,,"28_riverine","riverine",2.11223617724372,"pixel","part (paddock x community)","pixel-weighted by the part's cell count","BETWEEN-UNIT (across parts)","zone_fid (paddock)","77e3ef0aecd1497c187d930959110d994081c800b510c78004514a007126494a","diagnostic - NOT registered, and nothing here is proposed for registration"
"part_residual","cropping_era","1988-2013","pooled","quadratic",115,64,,,,0.487533144293728,,8.52814849549738,,,,,"29_inland","inland",1.05706412892802,"pixel","part (paddock x community)","pixel-weighted by the part's cell count","BETWEEN-UNIT (across parts)","zone_fid (paddock)","77e3ef0aecd1497c187d930959110d994081c800b510c78004514a007126494a","diagnostic - NOT registered, and nothing here is proposed for registration"
"part_residual","cropping_era","1988-2013","pooled","quadratic",115,64,,,,0.487533144293728,,8.52814849549738,,,,,"30_inland","inland",3.14205071924316,"pixel","part (paddock x community)","pixel-weighted by the part's cell count","BETWEEN-UNIT (across parts)","zone_fid (paddock)","77e3ef0aecd1497c187d930959110d994081c800b510c78004514a007126494a","diagnostic - NOT registered, and nothing here is proposed for registration"
"part_residual","cropping_era","1988-2013","pooled","quadratic",115,64,,,,0.487533144293728,,8.52814849549738,,,,,"31_aeolian","aeolian",22.304363281319,"pixel","part (paddock x community)","pixel-weighted by the part's cell count","BETWEEN-UNIT (across parts)","zone_fid (paddock)","77e3ef0aecd1497c187d930959110d994081c800b510c78004514a007126494a","diagnostic - NOT registered, and nothing here is proposed for registration"
"part_residual","cropping_era","1988-2013","pooled","quadratic",115,64,,,,0.487533144293728,,8.52814849549738,,,,,"31_inland","inland",-4.29289513104273,"pixel","part (paddock x community)","pixel-weighted by the part's cell count","BETWEEN-UNIT (across parts)","zone_fid (paddock)","77e3ef0aecd1497c187d930959110d994081c800b510c78004514a007126494a","diagnostic - NOT registered, and nothing here is proposed for registration"
"part_residual","cropping_era","1988-2013","pooled","quadratic",115,64,,,,0.487533144293728,,8.52814849549738,,,,,"31_riverine","riverine",-1.3184527079846,"pixel","part (paddock x community)","pixel-weighted by the part's cell count","BETWEEN-UNIT (across parts)","zone_fid (paddock)","77e3ef0aecd1497c187d930959110d994081c800b510c78004514a007126494a","diagnostic - NOT registered, and nothing here is proposed for registration"
"part_residual","cropping_era","1988-2013","pooled","quadratic",115,64,,,,0.487533144293728,,8.52814849549738,,,,,"32_inland","inland",3.07328268940479,"pixel","part (paddock x community)","pixel-weighted by the part's cell count","BETWEEN-UNIT (across parts)","zone_fid (paddock)","77e3ef0aecd1497c187d930959110d994081c800b510c78004514a007126494a","diagnostic - NOT registered, and nothing here is proposed for registration"
"part_residual","cropping_era","1988-2013","pooled","quadratic",115,64,,,,0.487533144293728,,8.52814849549738,,,,,"32_riverine","riverine",12.6501689604245,"pixel","part (paddock x community)","pixel-weighted by the part's cell count","BETWEEN-UNIT (across parts)","zone_fid (paddock)","77e3ef0aecd1497c187d930959110d994081c800b510c78004514a007126494a","diagnostic - NOT registered, and nothing here is proposed for registration"
"part_residual","cropping_era","1988-2013","pooled","quadratic",115,64,,,,0.487533144293728,,8.52814849549738,,,,,"33_inland","inland",2.24052462202313,"pixel","part (paddock x community)","pixel-weighted by the part's cell count","BETWEEN-UNIT (across parts)","zone_fid (paddock)","77e3ef0aecd1497c187d930959110d994081c800b510c78004514a007126494a","diagnostic - NOT registered, and nothing here is proposed for registration"
"part_residual","cropping_era","1988-2013","pooled","quadratic",115,64,,,,0.487533144293728,,8.52814849549738,,,,,"34_inland","inland",0.917344013647579,"pixel","part (paddock x community)","pixel-weighted by the part's cell count","BETWEEN-UNIT (across parts)","zone_fid (paddock)","77e3ef0aecd1497c187d930959110d994081c800b510c78004514a007126494a","diagnostic - NOT registered, and nothing here is proposed for registration"
"part_residual","cropping_era","1988-2013","pooled","quadratic",115,64,,,,0.487533144293728,,8.52814849549738,,,,,"35_inland","inland",3.33949992524089,"pixel","part (paddock x community)","pixel-weighted by the part's cell count","BETWEEN-UNIT (across parts)","zone_fid (paddock)","77e3ef0aecd1497c187d930959110d994081c800b510c78004514a007126494a","diagnostic - NOT registered, and nothing here is proposed for registration"
"part_residual","cropping_era","1988-2013","pooled","quadratic",115,64,,,,0.487533144293728,,8.52814849549738,,,,,"36_inland","inland",5.0482301080237,"pixel","part (paddock x community)","pixel-weighted by the part's cell count","BETWEEN-UNIT (across parts)","zone_fid (paddock)","77e3ef0aecd1497c187d930959110d994081c800b510c78004514a007126494a","diagnostic - NOT registered, and nothing here is proposed for registration"
"part_residual","cropping_era","1988-2013","pooled","quadratic",115,64,,,,0.487533144293728,,8.52814849549738,,,,,"37_aeolian","aeolian",17.6296868941243,"pixel","part (paddock x community)","pixel-weighted by the part's cell count","BETWEEN-UNIT (across parts)","zone_fid (paddock)","77e3ef0aecd1497c187d930959110d994081c800b510c78004514a007126494a","diagnostic - NOT registered, and nothing here is proposed for registration"
"part_residual","cropping_era","1988-2013","pooled","quadratic",115,64,,,,0.487533144293728,,8.52814849549738,,,,,"37_inland","inland",3.90172255696478,"pixel","part (paddock x community)","pixel-weighted by the part's cell count","BETWEEN-UNIT (across parts)","zone_fid (paddock)","77e3ef0aecd1497c187d930959110d994081c800b510c78004514a007126494a","diagnostic - NOT registered, and nothing here is proposed for registration"
"part_residual","cropping_era","1988-2013","pooled","quadratic",115,64,,,,0.487533144293728,,8.52814849549738,,,,,"37_riverine","riverine",7.79617171440607,"pixel","part (paddock x community)","pixel-weighted by the part's cell count","BETWEEN-UNIT (across parts)","zone_fid (paddock)","77e3ef0aecd1497c187d930959110d994081c800b510c78004514a007126494a","diagnostic - NOT registered, and nothing here is proposed for registration"
"part_residual","cropping_era","1988-2013","pooled","quadratic",115,64,,,,0.487533144293728,,8.52814849549738,,,,,"38_aeolian","aeolian",13.7628020652671,"pixel","part (paddock x community)","pixel-weighted by the part's cell count","BETWEEN-UNIT (across parts)","zone_fid (paddock)","77e3ef0aecd1497c187d930959110d994081c800b510c78004514a007126494a","diagnostic - NOT registered, and nothing here is proposed for registration"
"part_residual","cropping_era","1988-2013","pooled","quadratic",115,64,,,,0.487533144293728,,8.52814849549738,,,,,"38_inland","inland",-2.1056910502592,"pixel","part (paddock x community)","pixel-weighted by the part's cell count","BETWEEN-UNIT (across parts)","zone_fid (paddock)","77e3ef0aecd1497c187d930959110d994081c800b510c78004514a007126494a","diagnostic - NOT registered, and nothing here is proposed for registration"
"part_residual","cropping_era","1988-2013","pooled","quadratic",115,64,,,,0.487533144293728,,8.52814849549738,,,,,"38_riverine","riverine",0.184972993700782,"pixel","part (paddock x community)","pixel-weighted by the part's cell count","BETWEEN-UNIT (across parts)","zone_fid (paddock)","77e3ef0aecd1497c187d930959110d994081c800b510c78004514a007126494a","diagnostic - NOT registered, and nothing here is proposed for registration"
"part_residual","cropping_era","1988-2013","pooled","quadratic",115,64,,,,0.487533144293728,,8.52814849549738,,,,,"39_inland","inland",11.4575325128346,"pixel","part (paddock x community)","pixel-weighted by the part's cell count","BETWEEN-UNIT (across parts)","zone_fid (paddock)","77e3ef0aecd1497c187d930959110d994081c800b510c78004514a007126494a","diagnostic - NOT registered, and nothing here is proposed for registration"
"part_residual","cropping_era","1988-2013","pooled","quadratic",115,64,,,,0.487533144293728,,8.52814849549738,,,,,"39_riverine","riverine",-2.63265457274171,"pixel","part (paddock x community)","pixel-weighted by the part's cell count","BETWEEN-UNIT (across parts)","zone_fid (paddock)","77e3ef0aecd1497c187d930959110d994081c800b510c78004514a007126494a","diagnostic - NOT registered, and nothing here is proposed for registration"
"part_residual","cropping_era","1988-2013","pooled","quadratic",115,64,,,,0.487533144293728,,8.52814849549738,,,,,"40_inland","inland",3.55939158918075,"pixel","part (paddock x community)","pixel-weighted by the part's cell count","BETWEEN-UNIT (across parts)","zone_fid (paddock)","77e3ef0aecd1497c187d930959110d994081c800b510c78004514a007126494a","diagnostic - NOT registered, and nothing here is proposed for registration"
"part_residual","cropping_era","1988-2013","pooled","quadratic",115,64,,,,0.487533144293728,,8.52814849549738,,,,,"41_inland","inland",1.25595030343901,"pixel","part (paddock x community)","pixel-weighted by the part's cell count","BETWEEN-UNIT (across parts)","zone_fid (paddock)","77e3ef0aecd1497c187d930959110d994081c800b510c78004514a007126494a","diagnostic - NOT registered, and nothing here is proposed for registration"
"part_residual","cropping_era","1988-2013","pooled","quadratic",115,64,,,,0.487533144293728,,8.52814849549738,,,,,"42_inland","inland",5.59046935390678,"pixel","part (paddock x community)","pixel-weighted by the part's cell count","BETWEEN-UNIT (across parts)","zone_fid (paddock)","77e3ef0aecd1497c187d930959110d994081c800b510c78004514a007126494a","diagnostic - NOT registered, and nothing here is proposed for registration"
"part_residual","cropping_era","1988-2013","pooled","quadratic",115,64,,,,0.487533144293728,,8.52814849549738,,,,,"43_inland","inland",8.9249516040639,"pixel","part (paddock x community)","pixel-weighted by the part's cell count","BETWEEN-UNIT (across parts)","zone_fid (paddock)","77e3ef0aecd1497c187d930959110d994081c800b510c78004514a007126494a","diagnostic - NOT registered, and nothing here is proposed for registration"
"part_residual","cropping_era","1988-2013","pooled","quadratic",115,64,,,,0.487533144293728,,8.52814849549738,,,,,"44_inland","inland",4.54225054734086,"pixel","part (paddock x community)","pixel-weighted by the part's cell count","BETWEEN-UNIT (across parts)","zone_fid (paddock)","77e3ef0aecd1497c187d930959110d994081c800b510c78004514a007126494a","diagnostic - NOT registered, and nothing here is proposed for registration"
"part_residual","cropping_era","1988-2013","pooled","quadratic",115,64,,,,0.487533144293728,,8.52814849549738,,,,,"45_inland","inland",-4.45293855562348,"pixel","part (paddock x community)","pixel-weighted by the part's cell count","BETWEEN-UNIT (across parts)","zone_fid (paddock)","77e3ef0aecd1497c187d930959110d994081c800b510c78004514a007126494a","diagnostic - NOT registered, and nothing here is proposed for registration"
"part_residual","cropping_era","1988-2013","pooled","quadratic",115,64,,,,0.487533144293728,,8.52814849549738,,,,,"45_riverine","riverine",-1.75661878881394,"pixel","part (paddock x community)","pixel-weighted by the part's cell count","BETWEEN-UNIT (across parts)","zone_fid (paddock)","77e3ef0aecd1497c187d930959110d994081c800b510c78004514a007126494a","diagnostic - NOT registered, and nothing here is proposed for registration"
"part_residual","cropping_era","1988-2013","pooled","quadratic",115,64,,,,0.487533144293728,,8.52814849549738,,,,,"46_inland","inland",1.59839756306918,"pixel","part (paddock x community)","pixel-weighted by the part's cell count","BETWEEN-UNIT (across parts)","zone_fid (paddock)","77e3ef0aecd1497c187d930959110d994081c800b510c78004514a007126494a","diagnostic - NOT registered, and nothing here is proposed for registration"
"part_residual","cropping_era","1988-2013","pooled","quadratic",115,64,,,,0.487533144293728,,8.52814849549738,,,,,"47_inland","inland",2.2628958759516,"pixel","part (paddock x community)","pixel-weighted by the part's cell count","BETWEEN-UNIT (across parts)","zone_fid (paddock)","77e3ef0aecd1497c187d930959110d994081c800b510c78004514a007126494a","diagnostic - NOT registered, and nothing here is proposed for registration"
"part_residual","cropping_era","1988-2013","pooled","quadratic",115,64,,,,0.487533144293728,,8.52814849549738,,,,,"48_aeolian","aeolian",14.7579727562829,"pixel","part (paddock x community)","pixel-weighted by the part's cell count","BETWEEN-UNIT (across parts)","zone_fid (paddock)","77e3ef0aecd1497c187d930959110d994081c800b510c78004514a007126494a","diagnostic - NOT registered, and nothing here is proposed for registration"
"part_residual","cropping_era","1988-2013","pooled","quadratic",115,64,,,,0.487533144293728,,8.52814849549738,,,,,"48_inland","inland",5.51664637832749,"pixel","part (paddock x community)","pixel-weighted by the part's cell count","BETWEEN-UNIT (across parts)","zone_fid (paddock)","77e3ef0aecd1497c187d930959110d994081c800b510c78004514a007126494a","diagnostic - NOT registered, and nothing here is proposed for registration"
"part_residual","cropping_era","1988-2013","pooled","quadratic",115,64,,,,0.487533144293728,,8.52814849549738,,,,,"48_riverine","riverine",6.16725513919769,"pixel","part (paddock x community)","pixel-weighted by the part's cell count","BETWEEN-UNIT (across parts)","zone_fid (paddock)","77e3ef0aecd1497c187d930959110d994081c800b510c78004514a007126494a","diagnostic - NOT registered, and nothing here is proposed for registration"
"part_residual","cropping_era","1988-2013","pooled","quadratic",115,64,,,,0.487533144293728,,8.52814849549738,,,,,"49_inland","inland",3.32953410091383,"pixel","part (paddock x community)","pixel-weighted by the part's cell count","BETWEEN-UNIT (across parts)","zone_fid (paddock)","77e3ef0aecd1497c187d930959110d994081c800b510c78004514a007126494a","diagnostic - NOT registered, and nothing here is proposed for registration"
"part_residual","cropping_era","1988-2013","pooled","quadratic",115,64,,,,0.487533144293728,,8.52814849549738,,,,,"50_inland","inland",-0.126337351487791,"pixel","part (paddock x community)","pixel-weighted by the part's cell count","BETWEEN-UNIT (across parts)","zone_fid (paddock)","77e3ef0aecd1497c187d930959110d994081c800b510c78004514a007126494a","diagnostic - NOT registered, and nothing here is proposed for registration"
"part_residual","cropping_era","1988-2013","pooled","quadratic",115,64,,,,0.487533144293728,,8.52814849549738,,,,,"51_aeolian","aeolian",11.2785828866738,"pixel","part (paddock x community)","pixel-weighted by the part's cell count","BETWEEN-UNIT (across parts)","zone_fid (paddock)","77e3ef0aecd1497c187d930959110d994081c800b510c78004514a007126494a","diagnostic - NOT registered, and nothing here is proposed for registration"
"part_residual","cropping_era","1988-2013","pooled","quadratic",115,64,,,,0.487533144293728,,8.52814849549738,,,,,"51_inland","inland",4.28140056757346,"pixel","part (paddock x community)","pixel-weighted by the part's cell count","BETWEEN-UNIT (across parts)","zone_fid (paddock)","77e3ef0aecd1497c187d930959110d994081c800b510c78004514a007126494a","diagnostic - NOT registered, and nothing here is proposed for registration"
"part_residual","cropping_era","1988-2013","pooled","quadratic",115,64,,,,0.487533144293728,,8.52814849549738,,,,,"51_riverine","riverine",-20.0279985284392,"pixel","part (paddock x community)","pixel-weighted by the part's cell count","BETWEEN-UNIT (across parts)","zone_fid (paddock)","77e3ef0aecd1497c187d930959110d994081c800b510c78004514a007126494a","diagnostic - NOT registered, and nothing here is proposed for registration"
"part_residual","cropping_era","1988-2013","pooled","quadratic",115,64,,,,0.487533144293728,,8.52814849549738,,,,,"52_inland","inland",3.75791672612196,"pixel","part (paddock x community)","pixel-weighted by the part's cell count","BETWEEN-UNIT (across parts)","zone_fid (paddock)","77e3ef0aecd1497c187d930959110d994081c800b510c78004514a007126494a","diagnostic - NOT registered, and nothing here is proposed for registration"
"part_residual","cropping_era","1988-2013","pooled","quadratic",115,64,,,,0.487533144293728,,8.52814849549738,,,,,"52_riverine","riverine",-13.8253022866881,"pixel","part (paddock x community)","pixel-weighted by the part's cell count","BETWEEN-UNIT (across parts)","zone_fid (paddock)","77e3ef0aecd1497c187d930959110d994081c800b510c78004514a007126494a","diagnostic - NOT registered, and nothing here is proposed for registration"
"part_residual","cropping_era","1988-2013","pooled","quadratic",115,64,,,,0.487533144293728,,8.52814849549738,,,,,"53_inland","inland",-4.41683244108086,"pixel","part (paddock x community)","pixel-weighted by the part's cell count","BETWEEN-UNIT (across parts)","zone_fid (paddock)","77e3ef0aecd1497c187d930959110d994081c800b510c78004514a007126494a","diagnostic - NOT registered, and nothing here is proposed for registration"
"part_residual","cropping_era","1988-2013","pooled","quadratic",115,64,,,,0.487533144293728,,8.52814849549738,,,,,"53_riverine","riverine",3.87072091871872,"pixel","part (paddock x community)","pixel-weighted by the part's cell count","BETWEEN-UNIT (across parts)","zone_fid (paddock)","77e3ef0aecd1497c187d930959110d994081c800b510c78004514a007126494a","diagnostic - NOT registered, and nothing here is proposed for registration"
"part_residual","cropping_era","1988-2013","pooled","quadratic",115,64,,,,0.487533144293728,,8.52814849549738,,,,,"54_aeolian","aeolian",15.8474057579951,"pixel","part (paddock x community)","pixel-weighted by the part's cell count","BETWEEN-UNIT (across parts)","zone_fid (paddock)","77e3ef0aecd1497c187d930959110d994081c800b510c78004514a007126494a","diagnostic - NOT registered, and nothing here is proposed for registration"
"part_residual","cropping_era","1988-2013","pooled","quadratic",115,64,,,,0.487533144293728,,8.52814849549738,,,,,"54_riverine","riverine",3.84211311285911,"pixel","part (paddock x community)","pixel-weighted by the part's cell count","BETWEEN-UNIT (across parts)","zone_fid (paddock)","77e3ef0aecd1497c187d930959110d994081c800b510c78004514a007126494a","diagnostic - NOT registered, and nothing here is proposed for registration"
"part_residual","cropping_era","1988-2013","pooled","quadratic",115,64,,,,0.487533144293728,,8.52814849549738,,,,,"55_aeolian","aeolian",-7.84889499926831,"pixel","part (paddock x community)","pixel-weighted by the part's cell count","BETWEEN-UNIT (across parts)","zone_fid (paddock)","77e3ef0aecd1497c187d930959110d994081c800b510c78004514a007126494a","diagnostic - NOT registered, and nothing here is proposed for registration"
"part_residual","cropping_era","1988-2013","pooled","quadratic",115,64,,,,0.487533144293728,,8.52814849549738,,,,,"55_inland","inland",-5.63812889065686,"pixel","part (paddock x community)","pixel-weighted by the part's cell count","BETWEEN-UNIT (across parts)","zone_fid (paddock)","77e3ef0aecd1497c187d930959110d994081c800b510c78004514a007126494a","diagnostic - NOT registered, and nothing here is proposed for registration"
"part_residual","cropping_era","1988-2013","pooled","quadratic",115,64,,,,0.487533144293728,,8.52814849549738,,,,,"55_riverine","riverine",-16.7379872500723,"pixel","part (paddock x community)","pixel-weighted by the part's cell count","BETWEEN-UNIT (across parts)","zone_fid (paddock)","77e3ef0aecd1497c187d930959110d994081c800b510c78004514a007126494a","diagnostic - NOT registered, and nothing here is proposed for registration"
"part_residual","cropping_era","1988-2013","pooled","quadratic",115,64,,,,0.487533144293728,,8.52814849549738,,,,,"56_aeolian","aeolian",-9.02845448657703,"pixel","part (paddock x community)","pixel-weighted by the part's cell count","BETWEEN-UNIT (across parts)","zone_fid (paddock)","77e3ef0aecd1497c187d930959110d994081c800b510c78004514a007126494a","diagnostic - NOT registered, and nothing here is proposed for registration"
"part_residual","cropping_era","1988-2013","pooled","quadratic",115,64,,,,0.487533144293728,,8.52814849549738,,,,,"56_inland","inland",0.733481128361056,"pixel","part (paddock x community)","pixel-weighted by the part's cell count","BETWEEN-UNIT (across parts)","zone_fid (paddock)","77e3ef0aecd1497c187d930959110d994081c800b510c78004514a007126494a","diagnostic - NOT registered, and nothing here is proposed for registration"
"part_residual","cropping_era","1988-2013","pooled","quadratic",115,64,,,,0.487533144293728,,8.52814849549738,,,,,"56_riverine","riverine",-9.73276260724526,"pixel","part (paddock x community)","pixel-weighted by the part's cell count","BETWEEN-UNIT (across parts)","zone_fid (paddock)","77e3ef0aecd1497c187d930959110d994081c800b510c78004514a007126494a","diagnostic - NOT registered, and nothing here is proposed for registration"
"part_residual","cropping_era","1988-2013","pooled","quadratic",115,64,,,,0.487533144293728,,8.52814849549738,,,,,"57_aeolian","aeolian",-17.3751690531369,"pixel","part (paddock x community)","pixel-weighted by the part's cell count","BETWEEN-UNIT (across parts)","zone_fid (paddock)","77e3ef0aecd1497c187d930959110d994081c800b510c78004514a007126494a","diagnostic - NOT registered, and nothing here is proposed for registration"
"part_residual","cropping_era","1988-2013","pooled","quadratic",115,64,,,,0.487533144293728,,8.52814849549738,,,,,"57_inland","inland",6.30401750236062,"pixel","part (paddock x community)","pixel-weighted by the part's cell count","BETWEEN-UNIT (across parts)","zone_fid (paddock)","77e3ef0aecd1497c187d930959110d994081c800b510c78004514a007126494a","diagnostic - NOT registered, and nothing here is proposed for registration"
"part_residual","cropping_era","1988-2013","pooled","quadratic",115,64,,,,0.487533144293728,,8.52814849549738,,,,,"57_riverine","riverine",-11.9527755472014,"pixel","part (paddock x community)","pixel-weighted by the part's cell count","BETWEEN-UNIT (across parts)","zone_fid (paddock)","77e3ef0aecd1497c187d930959110d994081c800b510c78004514a007126494a","diagnostic - NOT registered, and nothing here is proposed for registration"
"part_residual","cropping_era","1988-2013","pooled","quadratic",115,64,,,,0.487533144293728,,8.52814849549738,,,,,"58_aeolian","aeolian",-7.24847438400746,"pixel","part (paddock x community)","pixel-weighted by the part's cell count","BETWEEN-UNIT (across parts)","zone_fid (paddock)","77e3ef0aecd1497c187d930959110d994081c800b510c78004514a007126494a","diagnostic - NOT registered, and nothing here is proposed for registration"
"part_residual","cropping_era","1988-2013","pooled","quadratic",115,64,,,,0.487533144293728,,8.52814849549738,,,,,"58_inland","inland",-5.01555226349275,"pixel","part (paddock x community)","pixel-weighted by the part's cell count","BETWEEN-UNIT (across parts)","zone_fid (paddock)","77e3ef0aecd1497c187d930959110d994081c800b510c78004514a007126494a","diagnostic - NOT registered, and nothing here is proposed for registration"
"part_residual","cropping_era","1988-2013","pooled","quadratic",115,64,,,,0.487533144293728,,8.52814849549738,,,,,"58_riverine","riverine",-15.7270563743577,"pixel","part (paddock x community)","pixel-weighted by the part's cell count","BETWEEN-UNIT (across parts)","zone_fid (paddock)","77e3ef0aecd1497c187d930959110d994081c800b510c78004514a007126494a","diagnostic - NOT registered, and nothing here is proposed for registration"
"part_residual","cropping_era","1988-2013","pooled","quadratic",115,64,,,,0.487533144293728,,8.52814849549738,,,,,"59_aeolian","aeolian",10.7421854418969,"pixel","part (paddock x community)","pixel-weighted by the part's cell count","BETWEEN-UNIT (across parts)","zone_fid (paddock)","77e3ef0aecd1497c187d930959110d994081c800b510c78004514a007126494a","diagnostic - NOT registered, and nothing here is proposed for registration"
"part_residual","cropping_era","1988-2013","pooled","quadratic",115,64,,,,0.487533144293728,,8.52814849549738,,,,,"59_riverine","riverine",2.49975377368879,"pixel","part (paddock x community)","pixel-weighted by the part's cell count","BETWEEN-UNIT (across parts)","zone_fid (paddock)","77e3ef0aecd1497c187d930959110d994081c800b510c78004514a007126494a","diagnostic - NOT registered, and nothing here is proposed for registration"
"part_residual","cropping_era","1988-2013","pooled","quadratic",115,64,,,,0.487533144293728,,8.52814849549738,,,,,"60_aeolian","aeolian",8.39727627396878,"pixel","part (paddock x community)","pixel-weighted by the part's cell count","BETWEEN-UNIT (across parts)","zone_fid (paddock)","77e3ef0aecd1497c187d930959110d994081c800b510c78004514a007126494a","diagnostic - NOT registered, and nothing here is proposed for registration"
"part_residual","cropping_era","1988-2013","pooled","quadratic",115,64,,,,0.487533144293728,,8.52814849549738,,,,,"60_riverine","riverine",15.9505768236766,"pixel","part (paddock x community)","pixel-weighted by the part's cell count","BETWEEN-UNIT (across parts)","zone_fid (paddock)","77e3ef0aecd1497c187d930959110d994081c800b510c78004514a007126494a","diagnostic - NOT registered, and nothing here is proposed for registration"
"part_residual","cropping_era","1988-2013","pooled","quadratic",115,64,,,,0.487533144293728,,8.52814849549738,,,,,"61_aeolian","aeolian",15.9622766365682,"pixel","part (paddock x community)","pixel-weighted by the part's cell count","BETWEEN-UNIT (across parts)","zone_fid (paddock)","77e3ef0aecd1497c187d930959110d994081c800b510c78004514a007126494a","diagnostic - NOT registered, and nothing here is proposed for registration"
"part_residual","cropping_era","1988-2013","pooled","quadratic",115,64,,,,0.487533144293728,,8.52814849549738,,,,,"61_inland","inland",-4.481016143723,"pixel","part (paddock x community)","pixel-weighted by the part's cell count","BETWEEN-UNIT (across parts)","zone_fid (paddock)","77e3ef0aecd1497c187d930959110d994081c800b510c78004514a007126494a","diagnostic - NOT registered, and nothing here is proposed for registration"
"part_residual","cropping_era","1988-2013","pooled","quadratic",115,64,,,,0.487533144293728,,8.52814849549738,,,,,"61_riverine","riverine",-8.35406240744472,"pixel","part (paddock x community)","pixel-weighted by the part's cell count","BETWEEN-UNIT (across parts)","zone_fid (paddock)","77e3ef0aecd1497c187d930959110d994081c800b510c78004514a007126494a","diagnostic - NOT registered, and nothing here is proposed for registration"
"part_residual","cropping_era","1988-2013","pooled","quadratic",115,64,,,,0.487533144293728,,8.52814849549738,,,,,"62_aeolian","aeolian",3.95487630093228,"pixel","part (paddock x community)","pixel-weighted by the part's cell count","BETWEEN-UNIT (across parts)","zone_fid (paddock)","77e3ef0aecd1497c187d930959110d994081c800b510c78004514a007126494a","diagnostic - NOT registered, and nothing here is proposed for registration"
"part_residual","cropping_era","1988-2013","pooled","quadratic",115,64,,,,0.487533144293728,,8.52814849549738,,,,,"62_inland","inland",1.22957759918377,"pixel","part (paddock x community)","pixel-weighted by the part's cell count","BETWEEN-UNIT (across parts)","zone_fid (paddock)","77e3ef0aecd1497c187d930959110d994081c800b510c78004514a007126494a","diagnostic - NOT registered, and nothing here is proposed for registration"
"part_residual","cropping_era","1988-2013","pooled","quadratic",115,64,,,,0.487533144293728,,8.52814849549738,,,,,"62_riverine","riverine",-24.0192500611351,"pixel","part (paddock x community)","pixel-weighted by the part's cell count","BETWEEN-UNIT (across parts)","zone_fid (paddock)","77e3ef0aecd1497c187d930959110d994081c800b510c78004514a007126494a","diagnostic - NOT registered, and nothing here is proposed for registration"
"part_residual","cropping_era","1988-2013","pooled","quadratic",115,64,,,,0.487533144293728,,8.52814849549738,,,,,"63_aeolian","aeolian",9.41943929044937,"pixel","part (paddock x community)","pixel-weighted by the part's cell count","BETWEEN-UNIT (across parts)","zone_fid (paddock)","77e3ef0aecd1497c187d930959110d994081c800b510c78004514a007126494a","diagnostic - NOT registered, and nothing here is proposed for registration"
"part_residual","cropping_era","1988-2013","pooled","quadratic",115,64,,,,0.487533144293728,,8.52814849549738,,,,,"63_inland","inland",-2.10314181784183,"pixel","part (paddock x community)","pixel-weighted by the part's cell count","BETWEEN-UNIT (across parts)","zone_fid (paddock)","77e3ef0aecd1497c187d930959110d994081c800b510c78004514a007126494a","diagnostic - NOT registered, and nothing here is proposed for registration"
"part_residual","cropping_era","1988-2013","pooled","quadratic",115,64,,,,0.487533144293728,,8.52814849549738,,,,,"63_riverine","riverine",-8.04186463613147,"pixel","part (paddock x community)","pixel-weighted by the part's cell count","BETWEEN-UNIT (across parts)","zone_fid (paddock)","77e3ef0aecd1497c187d930959110d994081c800b510c78004514a007126494a","diagnostic - NOT registered, and nothing here is proposed for registration"
"part_residual","cropping_era","1988-2013","pooled","quadratic",115,64,,,,0.487533144293728,,8.52814849549738,,,,,"64_inland","inland",-2.71444690665584,"pixel","part (paddock x community)","pixel-weighted by the part's cell count","BETWEEN-UNIT (across parts)","zone_fid (paddock)","77e3ef0aecd1497c187d930959110d994081c800b510c78004514a007126494a","diagnostic - NOT registered, and nothing here is proposed for registration"
"part_residual","cropping_era","1988-2013","pooled","quadratic",115,64,,,,0.487533144293728,,8.52814849549738,,,,,"64_riverine","riverine",-1.30257121372834,"pixel","part (paddock x community)","pixel-weighted by the part's cell count","BETWEEN-UNIT (across parts)","zone_fid (paddock)","77e3ef0aecd1497c187d930959110d994081c800b510c78004514a007126494a","diagnostic - NOT registered, and nothing here is proposed for registration"
"part_residual","cropping_era","1988-2013","pooled","sqrt_x",115,64,,,,0.477378256892149,,8.61222960617505,,,,,"01_inland","inland",-6.52045210907291,"pixel","part (paddock x community)","pixel-weighted by the part's cell count","BETWEEN-UNIT (across parts)","zone_fid (paddock)","77e3ef0aecd1497c187d930959110d994081c800b510c78004514a007126494a","diagnostic - NOT registered, and nothing here is proposed for registration"
"part_residual","cropping_era","1988-2013","pooled","sqrt_x",115,64,,,,0.477378256892149,,8.61222960617505,,,,,"01_riverine","riverine",-2.29276971577326,"pixel","part (paddock x community)","pixel-weighted by the part's cell count","BETWEEN-UNIT (across parts)","zone_fid (paddock)","77e3ef0aecd1497c187d930959110d994081c800b510c78004514a007126494a","diagnostic - NOT registered, and nothing here is proposed for registration"
"part_residual","cropping_era","1988-2013","pooled","sqrt_x",115,64,,,,0.477378256892149,,8.61222960617505,,,,,"02_inland","inland",-1.47627233271194,"pixel","part (paddock x community)","pixel-weighted by the part's cell count","BETWEEN-UNIT (across parts)","zone_fid (paddock)","77e3ef0aecd1497c187d930959110d994081c800b510c78004514a007126494a","diagnostic - NOT registered, and nothing here is proposed for registration"
"part_residual","cropping_era","1988-2013","pooled","sqrt_x",115,64,,,,0.477378256892149,,8.61222960617505,,,,,"03_inland","inland",-1.58056555490468,"pixel","part (paddock x community)","pixel-weighted by the part's cell count","BETWEEN-UNIT (across parts)","zone_fid (paddock)","77e3ef0aecd1497c187d930959110d994081c800b510c78004514a007126494a","diagnostic - NOT registered, and nothing here is proposed for registration"
"part_residual","cropping_era","1988-2013","pooled","sqrt_x",115,64,,,,0.477378256892149,,8.61222960617505,,,,,"03_riverine","riverine",-4.58887756379316,"pixel","part (paddock x community)","pixel-weighted by the part's cell count","BETWEEN-UNIT (across parts)","zone_fid (paddock)","77e3ef0aecd1497c187d930959110d994081c800b510c78004514a007126494a","diagnostic - NOT registered, and nothing here is proposed for registration"
"part_residual","cropping_era","1988-2013","pooled","sqrt_x",115,64,,,,0.477378256892149,,8.61222960617505,,,,,"04_aeolian","aeolian",-25.7808580006586,"pixel","part (paddock x community)","pixel-weighted by the part's cell count","BETWEEN-UNIT (across parts)","zone_fid (paddock)","77e3ef0aecd1497c187d930959110d994081c800b510c78004514a007126494a","diagnostic - NOT registered, and nothing here is proposed for registration"
"part_residual","cropping_era","1988-2013","pooled","sqrt_x",115,64,,,,0.477378256892149,,8.61222960617505,,,,,"04_inland","inland",5.05726355231074,"pixel","part (paddock x community)","pixel-weighted by the part's cell count","BETWEEN-UNIT (across parts)","zone_fid (paddock)","77e3ef0aecd1497c187d930959110d994081c800b510c78004514a007126494a","diagnostic - NOT registered, and nothing here is proposed for registration"
"part_residual","cropping_era","1988-2013","pooled","sqrt_x",115,64,,,,0.477378256892149,,8.61222960617505,,,,,"04_riverine","riverine",-23.5022828255899,"pixel","part (paddock x community)","pixel-weighted by the part's cell count","BETWEEN-UNIT (across parts)","zone_fid (paddock)","77e3ef0aecd1497c187d930959110d994081c800b510c78004514a007126494a","diagnostic - NOT registered, and nothing here is proposed for registration"
"part_residual","cropping_era","1988-2013","pooled","sqrt_x",115,64,,,,0.477378256892149,,8.61222960617505,,,,,"05_inland","inland",10.40850015986,"pixel","part (paddock x community)","pixel-weighted by the part's cell count","BETWEEN-UNIT (across parts)","zone_fid (paddock)","77e3ef0aecd1497c187d930959110d994081c800b510c78004514a007126494a","diagnostic - NOT registered, and nothing here is proposed for registration"
"part_residual","cropping_era","1988-2013","pooled","sqrt_x",115,64,,,,0.477378256892149,,8.61222960617505,,,,,"05_riverine","riverine",12.3800152011785,"pixel","part (paddock x community)","pixel-weighted by the part's cell count","BETWEEN-UNIT (across parts)","zone_fid (paddock)","77e3ef0aecd1497c187d930959110d994081c800b510c78004514a007126494a","diagnostic - NOT registered, and nothing here is proposed for registration"
"part_residual","cropping_era","1988-2013","pooled","sqrt_x",115,64,,,,0.477378256892149,,8.61222960617505,,,,,"06_inland","inland",10.114112639714,"pixel","part (paddock x community)","pixel-weighted by the part's cell count","BETWEEN-UNIT (across parts)","zone_fid (paddock)","77e3ef0aecd1497c187d930959110d994081c800b510c78004514a007126494a","diagnostic - NOT registered, and nothing here is proposed for registration"
"part_residual","cropping_era","1988-2013","pooled","sqrt_x",115,64,,,,0.477378256892149,,8.61222960617505,,,,,"06_riverine","riverine",12.8855885144906,"pixel","part (paddock x community)","pixel-weighted by the part's cell count","BETWEEN-UNIT (across parts)","zone_fid (paddock)","77e3ef0aecd1497c187d930959110d994081c800b510c78004514a007126494a","diagnostic - NOT registered, and nothing here is proposed for registration"
"part_residual","cropping_era","1988-2013","pooled","sqrt_x",115,64,,,,0.477378256892149,,8.61222960617505,,,,,"07_inland","inland",5.83957334868073,"pixel","part (paddock x community)","pixel-weighted by the part's cell count","BETWEEN-UNIT (across parts)","zone_fid (paddock)","77e3ef0aecd1497c187d930959110d994081c800b510c78004514a007126494a","diagnostic - NOT registered, and nothing here is proposed for registration"
"part_residual","cropping_era","1988-2013","pooled","sqrt_x",115,64,,,,0.477378256892149,,8.61222960617505,,,,,"08_inland","inland",8.08227604214528,"pixel","part (paddock x community)","pixel-weighted by the part's cell count","BETWEEN-UNIT (across parts)","zone_fid (paddock)","77e3ef0aecd1497c187d930959110d994081c800b510c78004514a007126494a","diagnostic - NOT registered, and nothing here is proposed for registration"
"part_residual","cropping_era","1988-2013","pooled","sqrt_x",115,64,,,,0.477378256892149,,8.61222960617505,,,,,"09_inland","inland",3.24277936719916,"pixel","part (paddock x community)","pixel-weighted by the part's cell count","BETWEEN-UNIT (across parts)","zone_fid (paddock)","77e3ef0aecd1497c187d930959110d994081c800b510c78004514a007126494a","diagnostic - NOT registered, and nothing here is proposed for registration"
"part_residual","cropping_era","1988-2013","pooled","sqrt_x",115,64,,,,0.477378256892149,,8.61222960617505,,,,,"09_riverine","riverine",10.4638338524607,"pixel","part (paddock x community)","pixel-weighted by the part's cell count","BETWEEN-UNIT (across parts)","zone_fid (paddock)","77e3ef0aecd1497c187d930959110d994081c800b510c78004514a007126494a","diagnostic - NOT registered, and nothing here is proposed for registration"
"part_residual","cropping_era","1988-2013","pooled","sqrt_x",115,64,,,,0.477378256892149,,8.61222960617505,,,,,"10_inland","inland",10.7056210838752,"pixel","part (paddock x community)","pixel-weighted by the part's cell count","BETWEEN-UNIT (across parts)","zone_fid (paddock)","77e3ef0aecd1497c187d930959110d994081c800b510c78004514a007126494a","diagnostic - NOT registered, and nothing here is proposed for registration"
"part_residual","cropping_era","1988-2013","pooled","sqrt_x",115,64,,,,0.477378256892149,,8.61222960617505,,,,,"10_riverine","riverine",13.0419304784006,"pixel","part (paddock x community)","pixel-weighted by the part's cell count","BETWEEN-UNIT (across parts)","zone_fid (paddock)","77e3ef0aecd1497c187d930959110d994081c800b510c78004514a007126494a","diagnostic - NOT registered, and nothing here is proposed for registration"
"part_residual","cropping_era","1988-2013","pooled","sqrt_x",115,64,,,,0.477378256892149,,8.61222960617505,,,,,"11_inland","inland",-3.19820797241233,"pixel","part (paddock x community)","pixel-weighted by the part's cell count","BETWEEN-UNIT (across parts)","zone_fid (paddock)","77e3ef0aecd1497c187d930959110d994081c800b510c78004514a007126494a","diagnostic - NOT registered, and nothing here is proposed for registration"
"part_residual","cropping_era","1988-2013","pooled","sqrt_x",115,64,,,,0.477378256892149,,8.61222960617505,,,,,"12_inland","inland",-2.92321057471092,"pixel","part (paddock x community)","pixel-weighted by the part's cell count","BETWEEN-UNIT (across parts)","zone_fid (paddock)","77e3ef0aecd1497c187d930959110d994081c800b510c78004514a007126494a","diagnostic - NOT registered, and nothing here is proposed for registration"
"part_residual","cropping_era","1988-2013","pooled","sqrt_x",115,64,,,,0.477378256892149,,8.61222960617505,,,,,"12_riverine","riverine",-2.95915563565006,"pixel","part (paddock x community)","pixel-weighted by the part's cell count","BETWEEN-UNIT (across parts)","zone_fid (paddock)","77e3ef0aecd1497c187d930959110d994081c800b510c78004514a007126494a","diagnostic - NOT registered, and nothing here is proposed for registration"
"part_residual","cropping_era","1988-2013","pooled","sqrt_x",115,64,,,,0.477378256892149,,8.61222960617505,,,,,"13_inland","inland",5.02037655671664,"pixel","part (paddock x community)","pixel-weighted by the part's cell count","BETWEEN-UNIT (across parts)","zone_fid (paddock)","77e3ef0aecd1497c187d930959110d994081c800b510c78004514a007126494a","diagnostic - NOT registered, and nothing here is proposed for registration"
"part_residual","cropping_era","1988-2013","pooled","sqrt_x",115,64,,,,0.477378256892149,,8.61222960617505,,,,,"14_inland","inland",-22.4809261320018,"pixel","part (paddock x community)","pixel-weighted by the part's cell count","BETWEEN-UNIT (across parts)","zone_fid (paddock)","77e3ef0aecd1497c187d930959110d994081c800b510c78004514a007126494a","diagnostic - NOT registered, and nothing here is proposed for registration"
"part_residual","cropping_era","1988-2013","pooled","sqrt_x",115,64,,,,0.477378256892149,,8.61222960617505,,,,,"15_inland","inland",5.33269918138792,"pixel","part (paddock x community)","pixel-weighted by the part's cell count","BETWEEN-UNIT (across parts)","zone_fid (paddock)","77e3ef0aecd1497c187d930959110d994081c800b510c78004514a007126494a","diagnostic - NOT registered, and nothing here is proposed for registration"
"part_residual","cropping_era","1988-2013","pooled","sqrt_x",115,64,,,,0.477378256892149,,8.61222960617505,,,,,"16_inland","inland",3.86086559095797,"pixel","part (paddock x community)","pixel-weighted by the part's cell count","BETWEEN-UNIT (across parts)","zone_fid (paddock)","77e3ef0aecd1497c187d930959110d994081c800b510c78004514a007126494a","diagnostic - NOT registered, and nothing here is proposed for registration"
"part_residual","cropping_era","1988-2013","pooled","sqrt_x",115,64,,,,0.477378256892149,,8.61222960617505,,,,,"16_riverine","riverine",8.37941061077355,"pixel","part (paddock x community)","pixel-weighted by the part's cell count","BETWEEN-UNIT (across parts)","zone_fid (paddock)","77e3ef0aecd1497c187d930959110d994081c800b510c78004514a007126494a","diagnostic - NOT registered, and nothing here is proposed for registration"
"part_residual","cropping_era","1988-2013","pooled","sqrt_x",115,64,,,,0.477378256892149,,8.61222960617505,,,,,"17_inland","inland",2.91305404458498,"pixel","part (paddock x community)","pixel-weighted by the part's cell count","BETWEEN-UNIT (across parts)","zone_fid (paddock)","77e3ef0aecd1497c187d930959110d994081c800b510c78004514a007126494a","diagnostic - NOT registered, and nothing here is proposed for registration"
"part_residual","cropping_era","1988-2013","pooled","sqrt_x",115,64,,,,0.477378256892149,,8.61222960617505,,,,,"18_aeolian","aeolian",-12.3227001124114,"pixel","part (paddock x community)","pixel-weighted by the part's cell count","BETWEEN-UNIT (across parts)","zone_fid (paddock)","77e3ef0aecd1497c187d930959110d994081c800b510c78004514a007126494a","diagnostic - NOT registered, and nothing here is proposed for registration"
"part_residual","cropping_era","1988-2013","pooled","sqrt_x",115,64,,,,0.477378256892149,,8.61222960617505,,,,,"18_inland","inland",4.46114055984445,"pixel","part (paddock x community)","pixel-weighted by the part's cell count","BETWEEN-UNIT (across parts)","zone_fid (paddock)","77e3ef0aecd1497c187d930959110d994081c800b510c78004514a007126494a","diagnostic - NOT registered, and nothing here is proposed for registration"
"part_residual","cropping_era","1988-2013","pooled","sqrt_x",115,64,,,,0.477378256892149,,8.61222960617505,,,,,"18_riverine","riverine",-5.04976418325381,"pixel","part (paddock x community)","pixel-weighted by the part's cell count","BETWEEN-UNIT (across parts)","zone_fid (paddock)","77e3ef0aecd1497c187d930959110d994081c800b510c78004514a007126494a","diagnostic - NOT registered, and nothing here is proposed for registration"
"part_residual","cropping_era","1988-2013","pooled","sqrt_x",115,64,,,,0.477378256892149,,8.61222960617505,,,,,"19_inland","inland",0.961599702707602,"pixel","part (paddock x community)","pixel-weighted by the part's cell count","BETWEEN-UNIT (across parts)","zone_fid (paddock)","77e3ef0aecd1497c187d930959110d994081c800b510c78004514a007126494a","diagnostic - NOT registered, and nothing here is proposed for registration"
"part_residual","cropping_era","1988-2013","pooled","sqrt_x",115,64,,,,0.477378256892149,,8.61222960617505,,,,,"20_inland","inland",3.12368508652114,"pixel","part (paddock x community)","pixel-weighted by the part's cell count","BETWEEN-UNIT (across parts)","zone_fid (paddock)","77e3ef0aecd1497c187d930959110d994081c800b510c78004514a007126494a","diagnostic - NOT registered, and nothing here is proposed for registration"
"part_residual","cropping_era","1988-2013","pooled","sqrt_x",115,64,,,,0.477378256892149,,8.61222960617505,,,,,"21_inland","inland",-0.86801669690098,"pixel","part (paddock x community)","pixel-weighted by the part's cell count","BETWEEN-UNIT (across parts)","zone_fid (paddock)","77e3ef0aecd1497c187d930959110d994081c800b510c78004514a007126494a","diagnostic - NOT registered, and nothing here is proposed for registration"
"part_residual","cropping_era","1988-2013","pooled","sqrt_x",115,64,,,,0.477378256892149,,8.61222960617505,,,,,"21_riverine","riverine",-6.48842228403405,"pixel","part (paddock x community)","pixel-weighted by the part's cell count","BETWEEN-UNIT (across parts)","zone_fid (paddock)","77e3ef0aecd1497c187d930959110d994081c800b510c78004514a007126494a","diagnostic - NOT registered, and nothing here is proposed for registration"
"part_residual","cropping_era","1988-2013","pooled","sqrt_x",115,64,,,,0.477378256892149,,8.61222960617505,,,,,"22_inland","inland",3.41991628449037,"pixel","part (paddock x community)","pixel-weighted by the part's cell count","BETWEEN-UNIT (across parts)","zone_fid (paddock)","77e3ef0aecd1497c187d930959110d994081c800b510c78004514a007126494a","diagnostic - NOT registered, and nothing here is proposed for registration"
"part_residual","cropping_era","1988-2013","pooled","sqrt_x",115,64,,,,0.477378256892149,,8.61222960617505,,,,,"23_inland","inland",-1.81280030735671,"pixel","part (paddock x community)","pixel-weighted by the part's cell count","BETWEEN-UNIT (across parts)","zone_fid (paddock)","77e3ef0aecd1497c187d930959110d994081c800b510c78004514a007126494a","diagnostic - NOT registered, and nothing here is proposed for registration"
"part_residual","cropping_era","1988-2013","pooled","sqrt_x",115,64,,,,0.477378256892149,,8.61222960617505,,,,,"24_inland","inland",3.13601850096954,"pixel","part (paddock x community)","pixel-weighted by the part's cell count","BETWEEN-UNIT (across parts)","zone_fid (paddock)","77e3ef0aecd1497c187d930959110d994081c800b510c78004514a007126494a","diagnostic - NOT registered, and nothing here is proposed for registration"
"part_residual","cropping_era","1988-2013","pooled","sqrt_x",115,64,,,,0.477378256892149,,8.61222960617505,,,,,"24_riverine","riverine",-5.93554775979634,"pixel","part (paddock x community)","pixel-weighted by the part's cell count","BETWEEN-UNIT (across parts)","zone_fid (paddock)","77e3ef0aecd1497c187d930959110d994081c800b510c78004514a007126494a","diagnostic - NOT registered, and nothing here is proposed for registration"
"part_residual","cropping_era","1988-2013","pooled","sqrt_x",115,64,,,,0.477378256892149,,8.61222960617505,,,,,"25_inland","inland",1.64975023594211,"pixel","part (paddock x community)","pixel-weighted by the part's cell count","BETWEEN-UNIT (across parts)","zone_fid (paddock)","77e3ef0aecd1497c187d930959110d994081c800b510c78004514a007126494a","diagnostic - NOT registered, and nothing here is proposed for registration"
"part_residual","cropping_era","1988-2013","pooled","sqrt_x",115,64,,,,0.477378256892149,,8.61222960617505,,,,,"25_riverine","riverine",2.52244890721973,"pixel","part (paddock x community)","pixel-weighted by the part's cell count","BETWEEN-UNIT (across parts)","zone_fid (paddock)","77e3ef0aecd1497c187d930959110d994081c800b510c78004514a007126494a","diagnostic - NOT registered, and nothing here is proposed for registration"
"part_residual","cropping_era","1988-2013","pooled","sqrt_x",115,64,,,,0.477378256892149,,8.61222960617505,,,,,"26_inland","inland",5.26185439518915,"pixel","part (paddock x community)","pixel-weighted by the part's cell count","BETWEEN-UNIT (across parts)","zone_fid (paddock)","77e3ef0aecd1497c187d930959110d994081c800b510c78004514a007126494a","diagnostic - NOT registered, and nothing here is proposed for registration"
"part_residual","cropping_era","1988-2013","pooled","sqrt_x",115,64,,,,0.477378256892149,,8.61222960617505,,,,,"26_riverine","riverine",6.74522354055512,"pixel","part (paddock x community)","pixel-weighted by the part's cell count","BETWEEN-UNIT (across parts)","zone_fid (paddock)","77e3ef0aecd1497c187d930959110d994081c800b510c78004514a007126494a","diagnostic - NOT registered, and nothing here is proposed for registration"
"part_residual","cropping_era","1988-2013","pooled","sqrt_x",115,64,,,,0.477378256892149,,8.61222960617505,,,,,"27_inland","inland",8.35871953908243,"pixel","part (paddock x community)","pixel-weighted by the part's cell count","BETWEEN-UNIT (across parts)","zone_fid (paddock)","77e3ef0aecd1497c187d930959110d994081c800b510c78004514a007126494a","diagnostic - NOT registered, and nothing here is proposed for registration"
"part_residual","cropping_era","1988-2013","pooled","sqrt_x",115,64,,,,0.477378256892149,,8.61222960617505,,,,,"27_riverine","riverine",-0.0258866050706743,"pixel","part (paddock x community)","pixel-weighted by the part's cell count","BETWEEN-UNIT (across parts)","zone_fid (paddock)","77e3ef0aecd1497c187d930959110d994081c800b510c78004514a007126494a","diagnostic - NOT registered, and nothing here is proposed for registration"
"part_residual","cropping_era","1988-2013","pooled","sqrt_x",115,64,,,,0.477378256892149,,8.61222960617505,,,,,"28_inland","inland",2.67513353857149,"pixel","part (paddock x community)","pixel-weighted by the part's cell count","BETWEEN-UNIT (across parts)","zone_fid (paddock)","77e3ef0aecd1497c187d930959110d994081c800b510c78004514a007126494a","diagnostic - NOT registered, and nothing here is proposed for registration"
"part_residual","cropping_era","1988-2013","pooled","sqrt_x",115,64,,,,0.477378256892149,,8.61222960617505,,,,,"28_riverine","riverine",1.32942582020887,"pixel","part (paddock x community)","pixel-weighted by the part's cell count","BETWEEN-UNIT (across parts)","zone_fid (paddock)","77e3ef0aecd1497c187d930959110d994081c800b510c78004514a007126494a","diagnostic - NOT registered, and nothing here is proposed for registration"
"part_residual","cropping_era","1988-2013","pooled","sqrt_x",115,64,,,,0.477378256892149,,8.61222960617505,,,,,"29_inland","inland",1.70758993742244,"pixel","part (paddock x community)","pixel-weighted by the part's cell count","BETWEEN-UNIT (across parts)","zone_fid (paddock)","77e3ef0aecd1497c187d930959110d994081c800b510c78004514a007126494a","diagnostic - NOT registered, and nothing here is proposed for registration"
"part_residual","cropping_era","1988-2013","pooled","sqrt_x",115,64,,,,0.477378256892149,,8.61222960617505,,,,,"30_inland","inland",3.84071280296882,"pixel","part (paddock x community)","pixel-weighted by the part's cell count","BETWEEN-UNIT (across parts)","zone_fid (paddock)","77e3ef0aecd1497c187d930959110d994081c800b510c78004514a007126494a","diagnostic - NOT registered, and nothing here is proposed for registration"
"part_residual","cropping_era","1988-2013","pooled","sqrt_x",115,64,,,,0.477378256892149,,8.61222960617505,,,,,"31_aeolian","aeolian",24.0395141029834,"pixel","part (paddock x community)","pixel-weighted by the part's cell count","BETWEEN-UNIT (across parts)","zone_fid (paddock)","77e3ef0aecd1497c187d930959110d994081c800b510c78004514a007126494a","diagnostic - NOT registered, and nothing here is proposed for registration"
"part_residual","cropping_era","1988-2013","pooled","sqrt_x",115,64,,,,0.477378256892149,,8.61222960617505,,,,,"31_inland","inland",-3.6714495697034,"pixel","part (paddock x community)","pixel-weighted by the part's cell count","BETWEEN-UNIT (across parts)","zone_fid (paddock)","77e3ef0aecd1497c187d930959110d994081c800b510c78004514a007126494a","diagnostic - NOT registered, and nothing here is proposed for registration"
"part_residual","cropping_era","1988-2013","pooled","sqrt_x",115,64,,,,0.477378256892149,,8.61222960617505,,,,,"31_riverine","riverine",-0.646864101249278,"pixel","part (paddock x community)","pixel-weighted by the part's cell count","BETWEEN-UNIT (across parts)","zone_fid (paddock)","77e3ef0aecd1497c187d930959110d994081c800b510c78004514a007126494a","diagnostic - NOT registered, and nothing here is proposed for registration"
"part_residual","cropping_era","1988-2013","pooled","sqrt_x",115,64,,,,0.477378256892149,,8.61222960617505,,,,,"32_inland","inland",3.61600511795677,"pixel","part (paddock x community)","pixel-weighted by the part's cell count","BETWEEN-UNIT (across parts)","zone_fid (paddock)","77e3ef0aecd1497c187d930959110d994081c800b510c78004514a007126494a","diagnostic - NOT registered, and nothing here is proposed for registration"
"part_residual","cropping_era","1988-2013","pooled","sqrt_x",115,64,,,,0.477378256892149,,8.61222960617505,,,,,"32_riverine","riverine",12.8375750627615,"pixel","part (paddock x community)","pixel-weighted by the part's cell count","BETWEEN-UNIT (across parts)","zone_fid (paddock)","77e3ef0aecd1497c187d930959110d994081c800b510c78004514a007126494a","diagnostic - NOT registered, and nothing here is proposed for registration"
"part_residual","cropping_era","1988-2013","pooled","sqrt_x",115,64,,,,0.477378256892149,,8.61222960617505,,,,,"33_inland","inland",2.34365553586338,"pixel","part (paddock x community)","pixel-weighted by the part's cell count","BETWEEN-UNIT (across parts)","zone_fid (paddock)","77e3ef0aecd1497c187d930959110d994081c800b510c78004514a007126494a","diagnostic - NOT registered, and nothing here is proposed for registration"
"part_residual","cropping_era","1988-2013","pooled","sqrt_x",115,64,,,,0.477378256892149,,8.61222960617505,,,,,"34_inland","inland",0.759128366276627,"pixel","part (paddock x community)","pixel-weighted by the part's cell count","BETWEEN-UNIT (across parts)","zone_fid (paddock)","77e3ef0aecd1497c187d930959110d994081c800b510c78004514a007126494a","diagnostic - NOT registered, and nothing here is proposed for registration"
"part_residual","cropping_era","1988-2013","pooled","sqrt_x",115,64,,,,0.477378256892149,,8.61222960617505,,,,,"35_inland","inland",4.04077048200757,"pixel","part (paddock x community)","pixel-weighted by the part's cell count","BETWEEN-UNIT (across parts)","zone_fid (paddock)","77e3ef0aecd1497c187d930959110d994081c800b510c78004514a007126494a","diagnostic - NOT registered, and nothing here is proposed for registration"
"part_residual","cropping_era","1988-2013","pooled","sqrt_x",115,64,,,,0.477378256892149,,8.61222960617505,,,,,"36_inland","inland",5.49836257901087,"pixel","part (paddock x community)","pixel-weighted by the part's cell count","BETWEEN-UNIT (across parts)","zone_fid (paddock)","77e3ef0aecd1497c187d930959110d994081c800b510c78004514a007126494a","diagnostic - NOT registered, and nothing here is proposed for registration"
"part_residual","cropping_era","1988-2013","pooled","sqrt_x",115,64,,,,0.477378256892149,,8.61222960617505,,,,,"37_aeolian","aeolian",20.5152797363054,"pixel","part (paddock x community)","pixel-weighted by the part's cell count","BETWEEN-UNIT (across parts)","zone_fid (paddock)","77e3ef0aecd1497c187d930959110d994081c800b510c78004514a007126494a","diagnostic - NOT registered, and nothing here is proposed for registration"
"part_residual","cropping_era","1988-2013","pooled","sqrt_x",115,64,,,,0.477378256892149,,8.61222960617505,,,,,"37_inland","inland",4.57662089008222,"pixel","part (paddock x community)","pixel-weighted by the part's cell count","BETWEEN-UNIT (across parts)","zone_fid (paddock)","77e3ef0aecd1497c187d930959110d994081c800b510c78004514a007126494a","diagnostic - NOT registered, and nothing here is proposed for registration"
"part_residual","cropping_era","1988-2013","pooled","sqrt_x",115,64,,,,0.477378256892149,,8.61222960617505,,,,,"37_riverine","riverine",7.18624573717948,"pixel","part (paddock x community)","pixel-weighted by the part's cell count","BETWEEN-UNIT (across parts)","zone_fid (paddock)","77e3ef0aecd1497c187d930959110d994081c800b510c78004514a007126494a","diagnostic - NOT registered, and nothing here is proposed for registration"
"part_residual","cropping_era","1988-2013","pooled","sqrt_x",115,64,,,,0.477378256892149,,8.61222960617505,,,,,"38_aeolian","aeolian",13.5136834631035,"pixel","part (paddock x community)","pixel-weighted by the part's cell count","BETWEEN-UNIT (across parts)","zone_fid (paddock)","77e3ef0aecd1497c187d930959110d994081c800b510c78004514a007126494a","diagnostic - NOT registered, and nothing here is proposed for registration"
"part_residual","cropping_era","1988-2013","pooled","sqrt_x",115,64,,,,0.477378256892149,,8.61222960617505,,,,,"38_inland","inland",-2.75350695145953,"pixel","part (paddock x community)","pixel-weighted by the part's cell count","BETWEEN-UNIT (across parts)","zone_fid (paddock)","77e3ef0aecd1497c187d930959110d994081c800b510c78004514a007126494a","diagnostic - NOT registered, and nothing here is proposed for registration"
"part_residual","cropping_era","1988-2013","pooled","sqrt_x",115,64,,,,0.477378256892149,,8.61222960617505,,,,,"38_riverine","riverine",0.460592154221843,"pixel","part (paddock x community)","pixel-weighted by the part's cell count","BETWEEN-UNIT (across parts)","zone_fid (paddock)","77e3ef0aecd1497c187d930959110d994081c800b510c78004514a007126494a","diagnostic - NOT registered, and nothing here is proposed for registration"
"part_residual","cropping_era","1988-2013","pooled","sqrt_x",115,64,,,,0.477378256892149,,8.61222960617505,,,,,"39_inland","inland",11.0108411057852,"pixel","part (paddock x community)","pixel-weighted by the part's cell count","BETWEEN-UNIT (across parts)","zone_fid (paddock)","77e3ef0aecd1497c187d930959110d994081c800b510c78004514a007126494a","diagnostic - NOT registered, and nothing here is proposed for registration"
"part_residual","cropping_era","1988-2013","pooled","sqrt_x",115,64,,,,0.477378256892149,,8.61222960617505,,,,,"39_riverine","riverine",-2.59126342269763,"pixel","part (paddock x community)","pixel-weighted by the part's cell count","BETWEEN-UNIT (across parts)","zone_fid (paddock)","77e3ef0aecd1497c187d930959110d994081c800b510c78004514a007126494a","diagnostic - NOT registered, and nothing here is proposed for registration"
"part_residual","cropping_era","1988-2013","pooled","sqrt_x",115,64,,,,0.477378256892149,,8.61222960617505,,,,,"40_inland","inland",4.25687087293055,"pixel","part (paddock x community)","pixel-weighted by the part's cell count","BETWEEN-UNIT (across parts)","zone_fid (paddock)","77e3ef0aecd1497c187d930959110d994081c800b510c78004514a007126494a","diagnostic - NOT registered, and nothing here is proposed for registration"
"part_residual","cropping_era","1988-2013","pooled","sqrt_x",115,64,,,,0.477378256892149,,8.61222960617505,,,,,"41_inland","inland",0.941120605464818,"pixel","part (paddock x community)","pixel-weighted by the part's cell count","BETWEEN-UNIT (across parts)","zone_fid (paddock)","77e3ef0aecd1497c187d930959110d994081c800b510c78004514a007126494a","diagnostic - NOT registered, and nothing here is proposed for registration"
"part_residual","cropping_era","1988-2013","pooled","sqrt_x",115,64,,,,0.477378256892149,,8.61222960617505,,,,,"42_inland","inland",6.27205621864367,"pixel","part (paddock x community)","pixel-weighted by the part's cell count","BETWEEN-UNIT (across parts)","zone_fid (paddock)","77e3ef0aecd1497c187d930959110d994081c800b510c78004514a007126494a","diagnostic - NOT registered, and nothing here is proposed for registration"
"part_residual","cropping_era","1988-2013","pooled","sqrt_x",115,64,,,,0.477378256892149,,8.61222960617505,,,,,"43_inland","inland",8.7539646758884,"pixel","part (paddock x community)","pixel-weighted by the part's cell count","BETWEEN-UNIT (across parts)","zone_fid (paddock)","77e3ef0aecd1497c187d930959110d994081c800b510c78004514a007126494a","diagnostic - NOT registered, and nothing here is proposed for registration"
"part_residual","cropping_era","1988-2013","pooled","sqrt_x",115,64,,,,0.477378256892149,,8.61222960617505,,,,,"44_inland","inland",4.87662816885998,"pixel","part (paddock x community)","pixel-weighted by the part's cell count","BETWEEN-UNIT (across parts)","zone_fid (paddock)","77e3ef0aecd1497c187d930959110d994081c800b510c78004514a007126494a","diagnostic - NOT registered, and nothing here is proposed for registration"
"part_residual","cropping_era","1988-2013","pooled","sqrt_x",115,64,,,,0.477378256892149,,8.61222960617505,,,,,"45_inland","inland",-4.61582648506561,"pixel","part (paddock x community)","pixel-weighted by the part's cell count","BETWEEN-UNIT (across parts)","zone_fid (paddock)","77e3ef0aecd1497c187d930959110d994081c800b510c78004514a007126494a","diagnostic - NOT registered, and nothing here is proposed for registration"
"part_residual","cropping_era","1988-2013","pooled","sqrt_x",115,64,,,,0.477378256892149,,8.61222960617505,,,,,"45_riverine","riverine",-1.05333213032389,"pixel","part (paddock x community)","pixel-weighted by the part's cell count","BETWEEN-UNIT (across parts)","zone_fid (paddock)","77e3ef0aecd1497c187d930959110d994081c800b510c78004514a007126494a","diagnostic - NOT registered, and nothing here is proposed for registration"
"part_residual","cropping_era","1988-2013","pooled","sqrt_x",115,64,,,,0.477378256892149,,8.61222960617505,,,,,"46_inland","inland",2.25357351421528,"pixel","part (paddock x community)","pixel-weighted by the part's cell count","BETWEEN-UNIT (across parts)","zone_fid (paddock)","77e3ef0aecd1497c187d930959110d994081c800b510c78004514a007126494a","diagnostic - NOT registered, and nothing here is proposed for registration"
"part_residual","cropping_era","1988-2013","pooled","sqrt_x",115,64,,,,0.477378256892149,,8.61222960617505,,,,,"47_inland","inland",2.39046602498864,"pixel","part (paddock x community)","pixel-weighted by the part's cell count","BETWEEN-UNIT (across parts)","zone_fid (paddock)","77e3ef0aecd1497c187d930959110d994081c800b510c78004514a007126494a","diagnostic - NOT registered, and nothing here is proposed for registration"
"part_residual","cropping_era","1988-2013","pooled","sqrt_x",115,64,,,,0.477378256892149,,8.61222960617505,,,,,"48_aeolian","aeolian",18.7415723982681,"pixel","part (paddock x community)","pixel-weighted by the part's cell count","BETWEEN-UNIT (across parts)","zone_fid (paddock)","77e3ef0aecd1497c187d930959110d994081c800b510c78004514a007126494a","diagnostic - NOT registered, and nothing here is proposed for registration"
"part_residual","cropping_era","1988-2013","pooled","sqrt_x",115,64,,,,0.477378256892149,,8.61222960617505,,,,,"48_inland","inland",6.21777587512078,"pixel","part (paddock x community)","pixel-weighted by the part's cell count","BETWEEN-UNIT (across parts)","zone_fid (paddock)","77e3ef0aecd1497c187d930959110d994081c800b510c78004514a007126494a","diagnostic - NOT registered, and nothing here is proposed for registration"
"part_residual","cropping_era","1988-2013","pooled","sqrt_x",115,64,,,,0.477378256892149,,8.61222960617505,,,,,"48_riverine","riverine",5.29237511006459,"pixel","part (paddock x community)","pixel-weighted by the part's cell count","BETWEEN-UNIT (across parts)","zone_fid (paddock)","77e3ef0aecd1497c187d930959110d994081c800b510c78004514a007126494a","diagnostic - NOT registered, and nothing here is proposed for registration"
"part_residual","cropping_era","1988-2013","pooled","sqrt_x",115,64,,,,0.477378256892149,,8.61222960617505,,,,,"49_inland","inland",3.73112778849379,"pixel","part (paddock x community)","pixel-weighted by the part's cell count","BETWEEN-UNIT (across parts)","zone_fid (paddock)","77e3ef0aecd1497c187d930959110d994081c800b510c78004514a007126494a","diagnostic - NOT registered, and nothing here is proposed for registration"
"part_residual","cropping_era","1988-2013","pooled","sqrt_x",115,64,,,,0.477378256892149,,8.61222960617505,,,,,"50_inland","inland",-2.80079294769439,"pixel","part (paddock x community)","pixel-weighted by the part's cell count","BETWEEN-UNIT (across parts)","zone_fid (paddock)","77e3ef0aecd1497c187d930959110d994081c800b510c78004514a007126494a","diagnostic - NOT registered, and nothing here is proposed for registration"
"part_residual","cropping_era","1988-2013","pooled","sqrt_x",115,64,,,,0.477378256892149,,8.61222960617505,,,,,"51_aeolian","aeolian",13.7279564922805,"pixel","part (paddock x community)","pixel-weighted by the part's cell count","BETWEEN-UNIT (across parts)","zone_fid (paddock)","77e3ef0aecd1497c187d930959110d994081c800b510c78004514a007126494a","diagnostic - NOT registered, and nothing here is proposed for registration"
"part_residual","cropping_era","1988-2013","pooled","sqrt_x",115,64,,,,0.477378256892149,,8.61222960617505,,,,,"51_inland","inland",4.79420037705411,"pixel","part (paddock x community)","pixel-weighted by the part's cell count","BETWEEN-UNIT (across parts)","zone_fid (paddock)","77e3ef0aecd1497c187d930959110d994081c800b510c78004514a007126494a","diagnostic - NOT registered, and nothing here is proposed for registration"
"part_residual","cropping_era","1988-2013","pooled","sqrt_x",115,64,,,,0.477378256892149,,8.61222960617505,,,,,"51_riverine","riverine",-20.5853230159891,"pixel","part (paddock x community)","pixel-weighted by the part's cell count","BETWEEN-UNIT (across parts)","zone_fid (paddock)","77e3ef0aecd1497c187d930959110d994081c800b510c78004514a007126494a","diagnostic - NOT registered, and nothing here is proposed for registration"
"part_residual","cropping_era","1988-2013","pooled","sqrt_x",115,64,,,,0.477378256892149,,8.61222960617505,,,,,"52_inland","inland",4.44863554337886,"pixel","part (paddock x community)","pixel-weighted by the part's cell count","BETWEEN-UNIT (across parts)","zone_fid (paddock)","77e3ef0aecd1497c187d930959110d994081c800b510c78004514a007126494a","diagnostic - NOT registered, and nothing here is proposed for registration"
"part_residual","cropping_era","1988-2013","pooled","sqrt_x",115,64,,,,0.477378256892149,,8.61222960617505,,,,,"52_riverine","riverine",-14.7007642216946,"pixel","part (paddock x community)","pixel-weighted by the part's cell count","BETWEEN-UNIT (across parts)","zone_fid (paddock)","77e3ef0aecd1497c187d930959110d994081c800b510c78004514a007126494a","diagnostic - NOT registered, and nothing here is proposed for registration"
"part_residual","cropping_era","1988-2013","pooled","sqrt_x",115,64,,,,0.477378256892149,,8.61222960617505,,,,,"53_inland","inland",-4.05271638045382,"pixel","part (paddock x community)","pixel-weighted by the part's cell count","BETWEEN-UNIT (across parts)","zone_fid (paddock)","77e3ef0aecd1497c187d930959110d994081c800b510c78004514a007126494a","diagnostic - NOT registered, and nothing here is proposed for registration"
"part_residual","cropping_era","1988-2013","pooled","sqrt_x",115,64,,,,0.477378256892149,,8.61222960617505,,,,,"53_riverine","riverine",3.7012606040491,"pixel","part (paddock x community)","pixel-weighted by the part's cell count","BETWEEN-UNIT (across parts)","zone_fid (paddock)","77e3ef0aecd1497c187d930959110d994081c800b510c78004514a007126494a","diagnostic - NOT registered, and nothing here is proposed for registration"
"part_residual","cropping_era","1988-2013","pooled","sqrt_x",115,64,,,,0.477378256892149,,8.61222960617505,,,,,"54_aeolian","aeolian",16.0662706278632,"pixel","part (paddock x community)","pixel-weighted by the part's cell count","BETWEEN-UNIT (across parts)","zone_fid (paddock)","77e3ef0aecd1497c187d930959110d994081c800b510c78004514a007126494a","diagnostic - NOT registered, and nothing here is proposed for registration"
"part_residual","cropping_era","1988-2013","pooled","sqrt_x",115,64,,,,0.477378256892149,,8.61222960617505,,,,,"54_riverine","riverine",2.9623800340291,"pixel","part (paddock x community)","pixel-weighted by the part's cell count","BETWEEN-UNIT (across parts)","zone_fid (paddock)","77e3ef0aecd1497c187d930959110d994081c800b510c78004514a007126494a","diagnostic - NOT registered, and nothing here is proposed for registration"
"part_residual","cropping_era","1988-2013","pooled","sqrt_x",115,64,,,,0.477378256892149,,8.61222960617505,,,,,"55_aeolian","aeolian",-8.6196551522189,"pixel","part (paddock x community)","pixel-weighted by the part's cell count","BETWEEN-UNIT (across parts)","zone_fid (paddock)","77e3ef0aecd1497c187d930959110d994081c800b510c78004514a007126494a","diagnostic - NOT registered, and nothing here is proposed for registration"
"part_residual","cropping_era","1988-2013","pooled","sqrt_x",115,64,,,,0.477378256892149,,8.61222960617505,,,,,"55_inland","inland",-5.34682488724026,"pixel","part (paddock x community)","pixel-weighted by the part's cell count","BETWEEN-UNIT (across parts)","zone_fid (paddock)","77e3ef0aecd1497c187d930959110d994081c800b510c78004514a007126494a","diagnostic - NOT registered, and nothing here is proposed for registration"
"part_residual","cropping_era","1988-2013","pooled","sqrt_x",115,64,,,,0.477378256892149,,8.61222960617505,,,,,"55_riverine","riverine",-16.9227172161965,"pixel","part (paddock x community)","pixel-weighted by the part's cell count","BETWEEN-UNIT (across parts)","zone_fid (paddock)","77e3ef0aecd1497c187d930959110d994081c800b510c78004514a007126494a","diagnostic - NOT registered, and nothing here is proposed for registration"
"part_residual","cropping_era","1988-2013","pooled","sqrt_x",115,64,,,,0.477378256892149,,8.61222960617505,,,,,"56_aeolian","aeolian",-9.80033020997139,"pixel","part (paddock x community)","pixel-weighted by the part's cell count","BETWEEN-UNIT (across parts)","zone_fid (paddock)","77e3ef0aecd1497c187d930959110d994081c800b510c78004514a007126494a","diagnostic - NOT registered, and nothing here is proposed for registration"
"part_residual","cropping_era","1988-2013","pooled","sqrt_x",115,64,,,,0.477378256892149,,8.61222960617505,,,,,"56_inland","inland",-0.0401986880158773,"pixel","part (paddock x community)","pixel-weighted by the part's cell count","BETWEEN-UNIT (across parts)","zone_fid (paddock)","77e3ef0aecd1497c187d930959110d994081c800b510c78004514a007126494a","diagnostic - NOT registered, and nothing here is proposed for registration"
"part_residual","cropping_era","1988-2013","pooled","sqrt_x",115,64,,,,0.477378256892149,,8.61222960617505,,,,,"56_riverine","riverine",-10.6085072297078,"pixel","part (paddock x community)","pixel-weighted by the part's cell count","BETWEEN-UNIT (across parts)","zone_fid (paddock)","77e3ef0aecd1497c187d930959110d994081c800b510c78004514a007126494a","diagnostic - NOT registered, and nothing here is proposed for registration"
"part_residual","cropping_era","1988-2013","pooled","sqrt_x",115,64,,,,0.477378256892149,,8.61222960617505,,,,,"57_aeolian","aeolian",-16.9642586567217,"pixel","part (paddock x community)","pixel-weighted by the part's cell count","BETWEEN-UNIT (across parts)","zone_fid (paddock)","77e3ef0aecd1497c187d930959110d994081c800b510c78004514a007126494a","diagnostic - NOT registered, and nothing here is proposed for registration"
"part_residual","cropping_era","1988-2013","pooled","sqrt_x",115,64,,,,0.477378256892149,,8.61222960617505,,,,,"57_inland","inland",6.64567977455712,"pixel","part (paddock x community)","pixel-weighted by the part's cell count","BETWEEN-UNIT (across parts)","zone_fid (paddock)","77e3ef0aecd1497c187d930959110d994081c800b510c78004514a007126494a","diagnostic - NOT registered, and nothing here is proposed for registration"
"part_residual","cropping_era","1988-2013","pooled","sqrt_x",115,64,,,,0.477378256892149,,8.61222960617505,,,,,"57_riverine","riverine",-12.2582264778552,"pixel","part (paddock x community)","pixel-weighted by the part's cell count","BETWEEN-UNIT (across parts)","zone_fid (paddock)","77e3ef0aecd1497c187d930959110d994081c800b510c78004514a007126494a","diagnostic - NOT registered, and nothing here is proposed for registration"
"part_residual","cropping_era","1988-2013","pooled","sqrt_x",115,64,,,,0.477378256892149,,8.61222960617505,,,,,"58_aeolian","aeolian",-5.9762403128622,"pixel","part (paddock x community)","pixel-weighted by the part's cell count","BETWEEN-UNIT (across parts)","zone_fid (paddock)","77e3ef0aecd1497c187d930959110d994081c800b510c78004514a007126494a","diagnostic - NOT registered, and nothing here is proposed for registration"
"part_residual","cropping_era","1988-2013","pooled","sqrt_x",115,64,,,,0.477378256892149,,8.61222960617505,,,,,"58_inland","inland",-4.46742082913262,"pixel","part (paddock x community)","pixel-weighted by the part's cell count","BETWEEN-UNIT (across parts)","zone_fid (paddock)","77e3ef0aecd1497c187d930959110d994081c800b510c78004514a007126494a","diagnostic - NOT registered, and nothing here is proposed for registration"
"part_residual","cropping_era","1988-2013","pooled","sqrt_x",115,64,,,,0.477378256892149,,8.61222960617505,,,,,"58_riverine","riverine",-16.1159886804075,"pixel","part (paddock x community)","pixel-weighted by the part's cell count","BETWEEN-UNIT (across parts)","zone_fid (paddock)","77e3ef0aecd1497c187d930959110d994081c800b510c78004514a007126494a","diagnostic - NOT registered, and nothing here is proposed for registration"
"part_residual","cropping_era","1988-2013","pooled","sqrt_x",115,64,,,,0.477378256892149,,8.61222960617505,,,,,"59_aeolian","aeolian",12.6270992875278,"pixel","part (paddock x community)","pixel-weighted by the part's cell count","BETWEEN-UNIT (across parts)","zone_fid (paddock)","77e3ef0aecd1497c187d930959110d994081c800b510c78004514a007126494a","diagnostic - NOT registered, and nothing here is proposed for registration"
"part_residual","cropping_era","1988-2013","pooled","sqrt_x",115,64,,,,0.477378256892149,,8.61222960617505,,,,,"59_riverine","riverine",1.86910936207126,"pixel","part (paddock x community)","pixel-weighted by the part's cell count","BETWEEN-UNIT (across parts)","zone_fid (paddock)","77e3ef0aecd1497c187d930959110d994081c800b510c78004514a007126494a","diagnostic - NOT registered, and nothing here is proposed for registration"
"part_residual","cropping_era","1988-2013","pooled","sqrt_x",115,64,,,,0.477378256892149,,8.61222960617505,,,,,"60_aeolian","aeolian",10.4744126296381,"pixel","part (paddock x community)","pixel-weighted by the part's cell count","BETWEEN-UNIT (across parts)","zone_fid (paddock)","77e3ef0aecd1497c187d930959110d994081c800b510c78004514a007126494a","diagnostic - NOT registered, and nothing here is proposed for registration"
"part_residual","cropping_era","1988-2013","pooled","sqrt_x",115,64,,,,0.477378256892149,,8.61222960617505,,,,,"60_riverine","riverine",15.2033066384624,"pixel","part (paddock x community)","pixel-weighted by the part's cell count","BETWEEN-UNIT (across parts)","zone_fid (paddock)","77e3ef0aecd1497c187d930959110d994081c800b510c78004514a007126494a","diagnostic - NOT registered, and nothing here is proposed for registration"
"part_residual","cropping_era","1988-2013","pooled","sqrt_x",115,64,,,,0.477378256892149,,8.61222960617505,,,,,"61_aeolian","aeolian",17.5733269828567,"pixel","part (paddock x community)","pixel-weighted by the part's cell count","BETWEEN-UNIT (across parts)","zone_fid (paddock)","77e3ef0aecd1497c187d930959110d994081c800b510c78004514a007126494a","diagnostic - NOT registered, and nothing here is proposed for registration"
"part_residual","cropping_era","1988-2013","pooled","sqrt_x",115,64,,,,0.477378256892149,,8.61222960617505,,,,,"61_inland","inland",-3.814079945225,"pixel","part (paddock x community)","pixel-weighted by the part's cell count","BETWEEN-UNIT (across parts)","zone_fid (paddock)","77e3ef0aecd1497c187d930959110d994081c800b510c78004514a007126494a","diagnostic - NOT registered, and nothing here is proposed for registration"
"part_residual","cropping_era","1988-2013","pooled","sqrt_x",115,64,,,,0.477378256892149,,8.61222960617505,,,,,"61_riverine","riverine",-8.64059755164077,"pixel","part (paddock x community)","pixel-weighted by the part's cell count","BETWEEN-UNIT (across parts)","zone_fid (paddock)","77e3ef0aecd1497c187d930959110d994081c800b510c78004514a007126494a","diagnostic - NOT registered, and nothing here is proposed for registration"
"part_residual","cropping_era","1988-2013","pooled","sqrt_x",115,64,,,,0.477378256892149,,8.61222960617505,,,,,"62_aeolian","aeolian",6.97160821237564,"pixel","part (paddock x community)","pixel-weighted by the part's cell count","BETWEEN-UNIT (across parts)","zone_fid (paddock)","77e3ef0aecd1497c187d930959110d994081c800b510c78004514a007126494a","diagnostic - NOT registered, and nothing here is proposed for registration"
"part_residual","cropping_era","1988-2013","pooled","sqrt_x",115,64,,,,0.477378256892149,,8.61222960617505,,,,,"62_inland","inland",1.70844660612457,"pixel","part (paddock x community)","pixel-weighted by the part's cell count","BETWEEN-UNIT (across parts)","zone_fid (paddock)","77e3ef0aecd1497c187d930959110d994081c800b510c78004514a007126494a","diagnostic - NOT registered, and nothing here is proposed for registration"
"part_residual","cropping_era","1988-2013","pooled","sqrt_x",115,64,,,,0.477378256892149,,8.61222960617505,,,,,"62_riverine","riverine",-24.478043415538,"pixel","part (paddock x community)","pixel-weighted by the part's cell count","BETWEEN-UNIT (across parts)","zone_fid (paddock)","77e3ef0aecd1497c187d930959110d994081c800b510c78004514a007126494a","diagnostic - NOT registered, and nothing here is proposed for registration"
"part_residual","cropping_era","1988-2013","pooled","sqrt_x",115,64,,,,0.477378256892149,,8.61222960617505,,,,,"63_aeolian","aeolian",10.7131168145547,"pixel","part (paddock x community)","pixel-weighted by the part's cell count","BETWEEN-UNIT (across parts)","zone_fid (paddock)","77e3ef0aecd1497c187d930959110d994081c800b510c78004514a007126494a","diagnostic - NOT registered, and nothing here is proposed for registration"
"part_residual","cropping_era","1988-2013","pooled","sqrt_x",115,64,,,,0.477378256892149,,8.61222960617505,,,,,"63_inland","inland",-1.40972197318501,"pixel","part (paddock x community)","pixel-weighted by the part's cell count","BETWEEN-UNIT (across parts)","zone_fid (paddock)","77e3ef0aecd1497c187d930959110d994081c800b510c78004514a007126494a","diagnostic - NOT registered, and nothing here is proposed for registration"
"part_residual","cropping_era","1988-2013","pooled","sqrt_x",115,64,,,,0.477378256892149,,8.61222960617505,,,,,"63_riverine","riverine",-8.64761312104739,"pixel","part (paddock x community)","pixel-weighted by the part's cell count","BETWEEN-UNIT (across parts)","zone_fid (paddock)","77e3ef0aecd1497c187d930959110d994081c800b510c78004514a007126494a","diagnostic - NOT registered, and nothing here is proposed for registration"
"part_residual","cropping_era","1988-2013","pooled","sqrt_x",115,64,,,,0.477378256892149,,8.61222960617505,,,,,"64_inland","inland",-2.01065803978815,"pixel","part (paddock x community)","pixel-weighted by the part's cell count","BETWEEN-UNIT (across parts)","zone_fid (paddock)","77e3ef0aecd1497c187d930959110d994081c800b510c78004514a007126494a","diagnostic - NOT registered, and nothing here is proposed for registration"
"part_residual","cropping_era","1988-2013","pooled","sqrt_x",115,64,,,,0.477378256892149,,8.61222960617505,,,,,"64_riverine","riverine",-1.1501915005406,"pixel","part (paddock x community)","pixel-weighted by the part's cell count","BETWEEN-UNIT (across parts)","zone_fid (paddock)","77e3ef0aecd1497c187d930959110d994081c800b510c78004514a007126494a","diagnostic - NOT registered, and nothing here is proposed for registration"
"part_residual","post_management","2018-2022","pooled","linear",115,64,,,,0.335390695824622,,8.21085329791612,,,,,"01_inland","inland",-4.06460064100268,"pixel","part (paddock x community)","pixel-weighted by the part's cell count","BETWEEN-UNIT (across parts)","zone_fid (paddock)","77e3ef0aecd1497c187d930959110d994081c800b510c78004514a007126494a","diagnostic - NOT registered, and nothing here is proposed for registration"
"part_residual","post_management","2018-2022","pooled","linear",115,64,,,,0.335390695824622,,8.21085329791612,,,,,"01_riverine","riverine",-10.1578371837379,"pixel","part (paddock x community)","pixel-weighted by the part's cell count","BETWEEN-UNIT (across parts)","zone_fid (paddock)","77e3ef0aecd1497c187d930959110d994081c800b510c78004514a007126494a","diagnostic - NOT registered, and nothing here is proposed for registration"
"part_residual","post_management","2018-2022","pooled","linear",115,64,,,,0.335390695824622,,8.21085329791612,,,,,"02_inland","inland",-1.09017492354992,"pixel","part (paddock x community)","pixel-weighted by the part's cell count","BETWEEN-UNIT (across parts)","zone_fid (paddock)","77e3ef0aecd1497c187d930959110d994081c800b510c78004514a007126494a","diagnostic - NOT registered, and nothing here is proposed for registration"
"part_residual","post_management","2018-2022","pooled","linear",115,64,,,,0.335390695824622,,8.21085329791612,,,,,"03_inland","inland",-0.236688272978924,"pixel","part (paddock x community)","pixel-weighted by the part's cell count","BETWEEN-UNIT (across parts)","zone_fid (paddock)","77e3ef0aecd1497c187d930959110d994081c800b510c78004514a007126494a","diagnostic - NOT registered, and nothing here is proposed for registration"
"part_residual","post_management","2018-2022","pooled","linear",115,64,,,,0.335390695824622,,8.21085329791612,,,,,"03_riverine","riverine",0.810911293515559,"pixel","part (paddock x community)","pixel-weighted by the part's cell count","BETWEEN-UNIT (across parts)","zone_fid (paddock)","77e3ef0aecd1497c187d930959110d994081c800b510c78004514a007126494a","diagnostic - NOT registered, and nothing here is proposed for registration"
"part_residual","post_management","2018-2022","pooled","linear",115,64,,,,0.335390695824622,,8.21085329791612,,,,,"04_aeolian","aeolian",-16.9682826226306,"pixel","part (paddock x community)","pixel-weighted by the part's cell count","BETWEEN-UNIT (across parts)","zone_fid (paddock)","77e3ef0aecd1497c187d930959110d994081c800b510c78004514a007126494a","diagnostic - NOT registered, and nothing here is proposed for registration"
"part_residual","post_management","2018-2022","pooled","linear",115,64,,,,0.335390695824622,,8.21085329791612,,,,,"04_inland","inland",-0.446204853817427,"pixel","part (paddock x community)","pixel-weighted by the part's cell count","BETWEEN-UNIT (across parts)","zone_fid (paddock)","77e3ef0aecd1497c187d930959110d994081c800b510c78004514a007126494a","diagnostic - NOT registered, and nothing here is proposed for registration"
"part_residual","post_management","2018-2022","pooled","linear",115,64,,,,0.335390695824622,,8.21085329791612,,,,,"04_riverine","riverine",-15.4861534737579,"pixel","part (paddock x community)","pixel-weighted by the part's cell count","BETWEEN-UNIT (across parts)","zone_fid (paddock)","77e3ef0aecd1497c187d930959110d994081c800b510c78004514a007126494a","diagnostic - NOT registered, and nothing here is proposed for registration"
"part_residual","post_management","2018-2022","pooled","linear",115,64,,,,0.335390695824622,,8.21085329791612,,,,,"05_inland","inland",6.38967759680524,"pixel","part (paddock x community)","pixel-weighted by the part's cell count","BETWEEN-UNIT (across parts)","zone_fid (paddock)","77e3ef0aecd1497c187d930959110d994081c800b510c78004514a007126494a","diagnostic - NOT registered, and nothing here is proposed for registration"
"part_residual","post_management","2018-2022","pooled","linear",115,64,,,,0.335390695824622,,8.21085329791612,,,,,"05_riverine","riverine",7.57316357700985,"pixel","part (paddock x community)","pixel-weighted by the part's cell count","BETWEEN-UNIT (across parts)","zone_fid (paddock)","77e3ef0aecd1497c187d930959110d994081c800b510c78004514a007126494a","diagnostic - NOT registered, and nothing here is proposed for registration"
"part_residual","post_management","2018-2022","pooled","linear",115,64,,,,0.335390695824622,,8.21085329791612,,,,,"06_inland","inland",12.4339862065275,"pixel","part (paddock x community)","pixel-weighted by the part's cell count","BETWEEN-UNIT (across parts)","zone_fid (paddock)","77e3ef0aecd1497c187d930959110d994081c800b510c78004514a007126494a","diagnostic - NOT registered, and nothing here is proposed for registration"
"part_residual","post_management","2018-2022","pooled","linear",115,64,,,,0.335390695824622,,8.21085329791612,,,,,"06_riverine","riverine",11.4629472554442,"pixel","part (paddock x community)","pixel-weighted by the part's cell count","BETWEEN-UNIT (across parts)","zone_fid (paddock)","77e3ef0aecd1497c187d930959110d994081c800b510c78004514a007126494a","diagnostic - NOT registered, and nothing here is proposed for registration"
"part_residual","post_management","2018-2022","pooled","linear",115,64,,,,0.335390695824622,,8.21085329791612,,,,,"07_inland","inland",2.00033819675849,"pixel","part (paddock x community)","pixel-weighted by the part's cell count","BETWEEN-UNIT (across parts)","zone_fid (paddock)","77e3ef0aecd1497c187d930959110d994081c800b510c78004514a007126494a","diagnostic - NOT registered, and nothing here is proposed for registration"
"part_residual","post_management","2018-2022","pooled","linear",115,64,,,,0.335390695824622,,8.21085329791612,,,,,"08_inland","inland",11.1802237337088,"pixel","part (paddock x community)","pixel-weighted by the part's cell count","BETWEEN-UNIT (across parts)","zone_fid (paddock)","77e3ef0aecd1497c187d930959110d994081c800b510c78004514a007126494a","diagnostic - NOT registered, and nothing here is proposed for registration"
"part_residual","post_management","2018-2022","pooled","linear",115,64,,,,0.335390695824622,,8.21085329791612,,,,,"09_inland","inland",8.87937268619609,"pixel","part (paddock x community)","pixel-weighted by the part's cell count","BETWEEN-UNIT (across parts)","zone_fid (paddock)","77e3ef0aecd1497c187d930959110d994081c800b510c78004514a007126494a","diagnostic - NOT registered, and nothing here is proposed for registration"
"part_residual","post_management","2018-2022","pooled","linear",115,64,,,,0.335390695824622,,8.21085329791612,,,,,"09_riverine","riverine",9.91493847475467,"pixel","part (paddock x community)","pixel-weighted by the part's cell count","BETWEEN-UNIT (across parts)","zone_fid (paddock)","77e3ef0aecd1497c187d930959110d994081c800b510c78004514a007126494a","diagnostic - NOT registered, and nothing here is proposed for registration"
"part_residual","post_management","2018-2022","pooled","linear",115,64,,,,0.335390695824622,,8.21085329791612,,,,,"10_inland","inland",14.6686391560522,"pixel","part (paddock x community)","pixel-weighted by the part's cell count","BETWEEN-UNIT (across parts)","zone_fid (paddock)","77e3ef0aecd1497c187d930959110d994081c800b510c78004514a007126494a","diagnostic - NOT registered, and nothing here is proposed for registration"
"part_residual","post_management","2018-2022","pooled","linear",115,64,,,,0.335390695824622,,8.21085329791612,,,,,"10_riverine","riverine",13.0615718172332,"pixel","part (paddock x community)","pixel-weighted by the part's cell count","BETWEEN-UNIT (across parts)","zone_fid (paddock)","77e3ef0aecd1497c187d930959110d994081c800b510c78004514a007126494a","diagnostic - NOT registered, and nothing here is proposed for registration"
"part_residual","post_management","2018-2022","pooled","linear",115,64,,,,0.335390695824622,,8.21085329791612,,,,,"11_inland","inland",0.196391619847269,"pixel","part (paddock x community)","pixel-weighted by the part's cell count","BETWEEN-UNIT (across parts)","zone_fid (paddock)","77e3ef0aecd1497c187d930959110d994081c800b510c78004514a007126494a","diagnostic - NOT registered, and nothing here is proposed for registration"
"part_residual","post_management","2018-2022","pooled","linear",115,64,,,,0.335390695824622,,8.21085329791612,,,,,"12_inland","inland",-4.50581197675781,"pixel","part (paddock x community)","pixel-weighted by the part's cell count","BETWEEN-UNIT (across parts)","zone_fid (paddock)","77e3ef0aecd1497c187d930959110d994081c800b510c78004514a007126494a","diagnostic - NOT registered, and nothing here is proposed for registration"
"part_residual","post_management","2018-2022","pooled","linear",115,64,,,,0.335390695824622,,8.21085329791612,,,,,"12_riverine","riverine",-10.4906016004167,"pixel","part (paddock x community)","pixel-weighted by the part's cell count","BETWEEN-UNIT (across parts)","zone_fid (paddock)","77e3ef0aecd1497c187d930959110d994081c800b510c78004514a007126494a","diagnostic - NOT registered, and nothing here is proposed for registration"
"part_residual","post_management","2018-2022","pooled","linear",115,64,,,,0.335390695824622,,8.21085329791612,,,,,"13_inland","inland",3.16293536540209,"pixel","part (paddock x community)","pixel-weighted by the part's cell count","BETWEEN-UNIT (across parts)","zone_fid (paddock)","77e3ef0aecd1497c187d930959110d994081c800b510c78004514a007126494a","diagnostic - NOT registered, and nothing here is proposed for registration"
"part_residual","post_management","2018-2022","pooled","linear",115,64,,,,0.335390695824622,,8.21085329791612,,,,,"14_inland","inland",-6.95855334778975,"pixel","part (paddock x community)","pixel-weighted by the part's cell count","BETWEEN-UNIT (across parts)","zone_fid (paddock)","77e3ef0aecd1497c187d930959110d994081c800b510c78004514a007126494a","diagnostic - NOT registered, and nothing here is proposed for registration"
"part_residual","post_management","2018-2022","pooled","linear",115,64,,,,0.335390695824622,,8.21085329791612,,,,,"15_inland","inland",5.84130257572831,"pixel","part (paddock x community)","pixel-weighted by the part's cell count","BETWEEN-UNIT (across parts)","zone_fid (paddock)","77e3ef0aecd1497c187d930959110d994081c800b510c78004514a007126494a","diagnostic - NOT registered, and nothing here is proposed for registration"
"part_residual","post_management","2018-2022","pooled","linear",115,64,,,,0.335390695824622,,8.21085329791612,,,,,"16_inland","inland",2.62016424054637,"pixel","part (paddock x community)","pixel-weighted by the part's cell count","BETWEEN-UNIT (across parts)","zone_fid (paddock)","77e3ef0aecd1497c187d930959110d994081c800b510c78004514a007126494a","diagnostic - NOT registered, and nothing here is proposed for registration"
"part_residual","post_management","2018-2022","pooled","linear",115,64,,,,0.335390695824622,,8.21085329791612,,,,,"16_riverine","riverine",7.20598470022786,"pixel","part (paddock x community)","pixel-weighted by the part's cell count","BETWEEN-UNIT (across parts)","zone_fid (paddock)","77e3ef0aecd1497c187d930959110d994081c800b510c78004514a007126494a","diagnostic - NOT registered, and nothing here is proposed for registration"
"part_residual","post_management","2018-2022","pooled","linear",115,64,,,,0.335390695824622,,8.21085329791612,,,,,"17_inland","inland",5.36289508993328,"pixel","part (paddock x community)","pixel-weighted by the part's cell count","BETWEEN-UNIT (across parts)","zone_fid (paddock)","77e3ef0aecd1497c187d930959110d994081c800b510c78004514a007126494a","diagnostic - NOT registered, and nothing here is proposed for registration"
"part_residual","post_management","2018-2022","pooled","linear",115,64,,,,0.335390695824622,,8.21085329791612,,,,,"18_aeolian","aeolian",-7.32007642348845,"pixel","part (paddock x community)","pixel-weighted by the part's cell count","BETWEEN-UNIT (across parts)","zone_fid (paddock)","77e3ef0aecd1497c187d930959110d994081c800b510c78004514a007126494a","diagnostic - NOT registered, and nothing here is proposed for registration"
"part_residual","post_management","2018-2022","pooled","linear",115,64,,,,0.335390695824622,,8.21085329791612,,,,,"18_inland","inland",1.15382381048681,"pixel","part (paddock x community)","pixel-weighted by the part's cell count","BETWEEN-UNIT (across parts)","zone_fid (paddock)","77e3ef0aecd1497c187d930959110d994081c800b510c78004514a007126494a","diagnostic - NOT registered, and nothing here is proposed for registration"
"part_residual","post_management","2018-2022","pooled","linear",115,64,,,,0.335390695824622,,8.21085329791612,,,,,"18_riverine","riverine",-4.05139171635849,"pixel","part (paddock x community)","pixel-weighted by the part's cell count","BETWEEN-UNIT (across parts)","zone_fid (paddock)","77e3ef0aecd1497c187d930959110d994081c800b510c78004514a007126494a","diagnostic - NOT registered, and nothing here is proposed for registration"
"part_residual","post_management","2018-2022","pooled","linear",115,64,,,,0.335390695824622,,8.21085329791612,,,,,"19_inland","inland",0.342062228188638,"pixel","part (paddock x community)","pixel-weighted by the part's cell count","BETWEEN-UNIT (across parts)","zone_fid (paddock)","77e3ef0aecd1497c187d930959110d994081c800b510c78004514a007126494a","diagnostic - NOT registered, and nothing here is proposed for registration"
"part_residual","post_management","2018-2022","pooled","linear",115,64,,,,0.335390695824622,,8.21085329791612,,,,,"20_inland","inland",6.78704905464949,"pixel","part (paddock x community)","pixel-weighted by the part's cell count","BETWEEN-UNIT (across parts)","zone_fid (paddock)","77e3ef0aecd1497c187d930959110d994081c800b510c78004514a007126494a","diagnostic - NOT registered, and nothing here is proposed for registration"
"part_residual","post_management","2018-2022","pooled","linear",115,64,,,,0.335390695824622,,8.21085329791612,,,,,"21_inland","inland",-1.79297133751614,"pixel","part (paddock x community)","pixel-weighted by the part's cell count","BETWEEN-UNIT (across parts)","zone_fid (paddock)","77e3ef0aecd1497c187d930959110d994081c800b510c78004514a007126494a","diagnostic - NOT registered, and nothing here is proposed for registration"
"part_residual","post_management","2018-2022","pooled","linear",115,64,,,,0.335390695824622,,8.21085329791612,,,,,"21_riverine","riverine",-11.0977968597401,"pixel","part (paddock x community)","pixel-weighted by the part's cell count","BETWEEN-UNIT (across parts)","zone_fid (paddock)","77e3ef0aecd1497c187d930959110d994081c800b510c78004514a007126494a","diagnostic - NOT registered, and nothing here is proposed for registration"
"part_residual","post_management","2018-2022","pooled","linear",115,64,,,,0.335390695824622,,8.21085329791612,,,,,"22_inland","inland",2.58548563842785,"pixel","part (paddock x community)","pixel-weighted by the part's cell count","BETWEEN-UNIT (across parts)","zone_fid (paddock)","77e3ef0aecd1497c187d930959110d994081c800b510c78004514a007126494a","diagnostic - NOT registered, and nothing here is proposed for registration"
"part_residual","post_management","2018-2022","pooled","linear",115,64,,,,0.335390695824622,,8.21085329791612,,,,,"23_inland","inland",-4.99810313870834,"pixel","part (paddock x community)","pixel-weighted by the part's cell count","BETWEEN-UNIT (across parts)","zone_fid (paddock)","77e3ef0aecd1497c187d930959110d994081c800b510c78004514a007126494a","diagnostic - NOT registered, and nothing here is proposed for registration"
"part_residual","post_management","2018-2022","pooled","linear",115,64,,,,0.335390695824622,,8.21085329791612,,,,,"24_inland","inland",2.74679569074362,"pixel","part (paddock x community)","pixel-weighted by the part's cell count","BETWEEN-UNIT (across parts)","zone_fid (paddock)","77e3ef0aecd1497c187d930959110d994081c800b510c78004514a007126494a","diagnostic - NOT registered, and nothing here is proposed for registration"
"part_residual","post_management","2018-2022","pooled","linear",115,64,,,,0.335390695824622,,8.21085329791612,,,,,"24_riverine","riverine",-16.6246074306004,"pixel","part (paddock x community)","pixel-weighted by the part's cell count","BETWEEN-UNIT (across parts)","zone_fid (paddock)","77e3ef0aecd1497c187d930959110d994081c800b510c78004514a007126494a","diagnostic - NOT registered, and nothing here is proposed for registration"
"part_residual","post_management","2018-2022","pooled","linear",115,64,,,,0.335390695824622,,8.21085329791612,,,,,"25_inland","inland",1.19729989334864,"pixel","part (paddock x community)","pixel-weighted by the part's cell count","BETWEEN-UNIT (across parts)","zone_fid (paddock)","77e3ef0aecd1497c187d930959110d994081c800b510c78004514a007126494a","diagnostic - NOT registered, and nothing here is proposed for registration"
"part_residual","post_management","2018-2022","pooled","linear",115,64,,,,0.335390695824622,,8.21085329791612,,,,,"25_riverine","riverine",-15.2498830711921,"pixel","part (paddock x community)","pixel-weighted by the part's cell count","BETWEEN-UNIT (across parts)","zone_fid (paddock)","77e3ef0aecd1497c187d930959110d994081c800b510c78004514a007126494a","diagnostic - NOT registered, and nothing here is proposed for registration"
"part_residual","post_management","2018-2022","pooled","linear",115,64,,,,0.335390695824622,,8.21085329791612,,,,,"26_inland","inland",11.0982283723312,"pixel","part (paddock x community)","pixel-weighted by the part's cell count","BETWEEN-UNIT (across parts)","zone_fid (paddock)","77e3ef0aecd1497c187d930959110d994081c800b510c78004514a007126494a","diagnostic - NOT registered, and nothing here is proposed for registration"
"part_residual","post_management","2018-2022","pooled","linear",115,64,,,,0.335390695824622,,8.21085329791612,,,,,"26_riverine","riverine",-5.81408298444463,"pixel","part (paddock x community)","pixel-weighted by the part's cell count","BETWEEN-UNIT (across parts)","zone_fid (paddock)","77e3ef0aecd1497c187d930959110d994081c800b510c78004514a007126494a","diagnostic - NOT registered, and nothing here is proposed for registration"
"part_residual","post_management","2018-2022","pooled","linear",115,64,,,,0.335390695824622,,8.21085329791612,,,,,"27_inland","inland",7.27830229205759,"pixel","part (paddock x community)","pixel-weighted by the part's cell count","BETWEEN-UNIT (across parts)","zone_fid (paddock)","77e3ef0aecd1497c187d930959110d994081c800b510c78004514a007126494a","diagnostic - NOT registered, and nothing here is proposed for registration"
"part_residual","post_management","2018-2022","pooled","linear",115,64,,,,0.335390695824622,,8.21085329791612,,,,,"27_riverine","riverine",12.1023064773931,"pixel","part (paddock x community)","pixel-weighted by the part's cell count","BETWEEN-UNIT (across parts)","zone_fid (paddock)","77e3ef0aecd1497c187d930959110d994081c800b510c78004514a007126494a","diagnostic - NOT registered, and nothing here is proposed for registration"
"part_residual","post_management","2018-2022","pooled","linear",115,64,,,,0.335390695824622,,8.21085329791612,,,,,"28_inland","inland",-1.56071288294613,"pixel","part (paddock x community)","pixel-weighted by the part's cell count","BETWEEN-UNIT (across parts)","zone_fid (paddock)","77e3ef0aecd1497c187d930959110d994081c800b510c78004514a007126494a","diagnostic - NOT registered, and nothing here is proposed for registration"
"part_residual","post_management","2018-2022","pooled","linear",115,64,,,,0.335390695824622,,8.21085329791612,,,,,"28_riverine","riverine",-10.9503996328809,"pixel","part (paddock x community)","pixel-weighted by the part's cell count","BETWEEN-UNIT (across parts)","zone_fid (paddock)","77e3ef0aecd1497c187d930959110d994081c800b510c78004514a007126494a","diagnostic - NOT registered, and nothing here is proposed for registration"
"part_residual","post_management","2018-2022","pooled","linear",115,64,,,,0.335390695824622,,8.21085329791612,,,,,"29_inland","inland",4.65548542303476,"pixel","part (paddock x community)","pixel-weighted by the part's cell count","BETWEEN-UNIT (across parts)","zone_fid (paddock)","77e3ef0aecd1497c187d930959110d994081c800b510c78004514a007126494a","diagnostic - NOT registered, and nothing here is proposed for registration"
"part_residual","post_management","2018-2022","pooled","linear",115,64,,,,0.335390695824622,,8.21085329791612,,,,,"30_inland","inland",3.13395664002431,"pixel","part (paddock x community)","pixel-weighted by the part's cell count","BETWEEN-UNIT (across parts)","zone_fid (paddock)","77e3ef0aecd1497c187d930959110d994081c800b510c78004514a007126494a","diagnostic - NOT registered, and nothing here is proposed for registration"
"part_residual","post_management","2018-2022","pooled","linear",115,64,,,,0.335390695824622,,8.21085329791612,,,,,"31_aeolian","aeolian",17.7093036127455,"pixel","part (paddock x community)","pixel-weighted by the part's cell count","BETWEEN-UNIT (across parts)","zone_fid (paddock)","77e3ef0aecd1497c187d930959110d994081c800b510c78004514a007126494a","diagnostic - NOT registered, and nothing here is proposed for registration"
"part_residual","post_management","2018-2022","pooled","linear",115,64,,,,0.335390695824622,,8.21085329791612,,,,,"31_inland","inland",4.07929636244407,"pixel","part (paddock x community)","pixel-weighted by the part's cell count","BETWEEN-UNIT (across parts)","zone_fid (paddock)","77e3ef0aecd1497c187d930959110d994081c800b510c78004514a007126494a","diagnostic - NOT registered, and nothing here is proposed for registration"
"part_residual","post_management","2018-2022","pooled","linear",115,64,,,,0.335390695824622,,8.21085329791612,,,,,"31_riverine","riverine",2.5466793122835,"pixel","part (paddock x community)","pixel-weighted by the part's cell count","BETWEEN-UNIT (across parts)","zone_fid (paddock)","77e3ef0aecd1497c187d930959110d994081c800b510c78004514a007126494a","diagnostic - NOT registered, and nothing here is proposed for registration"
"part_residual","post_management","2018-2022","pooled","linear",115,64,,,,0.335390695824622,,8.21085329791612,,,,,"32_inland","inland",3.84294060799965,"pixel","part (paddock x community)","pixel-weighted by the part's cell count","BETWEEN-UNIT (across parts)","zone_fid (paddock)","77e3ef0aecd1497c187d930959110d994081c800b510c78004514a007126494a","diagnostic - NOT registered, and nothing here is proposed for registration"
"part_residual","post_management","2018-2022","pooled","linear",115,64,,,,0.335390695824622,,8.21085329791612,,,,,"32_riverine","riverine",9.67595257837257,"pixel","part (paddock x community)","pixel-weighted by the part's cell count","BETWEEN-UNIT (across parts)","zone_fid (paddock)","77e3ef0aecd1497c187d930959110d994081c800b510c78004514a007126494a","diagnostic - NOT registered, and nothing here is proposed for registration"
"part_residual","post_management","2018-2022","pooled","linear",115,64,,,,0.335390695824622,,8.21085329791612,,,,,"33_inland","inland",1.44571947211935,"pixel","part (paddock x community)","pixel-weighted by the part's cell count","BETWEEN-UNIT (across parts)","zone_fid (paddock)","77e3ef0aecd1497c187d930959110d994081c800b510c78004514a007126494a","diagnostic - NOT registered, and nothing here is proposed for registration"
"part_residual","post_management","2018-2022","pooled","linear",115,64,,,,0.335390695824622,,8.21085329791612,,,,,"34_inland","inland",6.12231468168886,"pixel","part (paddock x community)","pixel-weighted by the part's cell count","BETWEEN-UNIT (across parts)","zone_fid (paddock)","77e3ef0aecd1497c187d930959110d994081c800b510c78004514a007126494a","diagnostic - NOT registered, and nothing here is proposed for registration"
"part_residual","post_management","2018-2022","pooled","linear",115,64,,,,0.335390695824622,,8.21085329791612,,,,,"35_inland","inland",4.08677919723941,"pixel","part (paddock x community)","pixel-weighted by the part's cell count","BETWEEN-UNIT (across parts)","zone_fid (paddock)","77e3ef0aecd1497c187d930959110d994081c800b510c78004514a007126494a","diagnostic - NOT registered, and nothing here is proposed for registration"
"part_residual","post_management","2018-2022","pooled","linear",115,64,,,,0.335390695824622,,8.21085329791612,,,,,"36_inland","inland",10.153534204693,"pixel","part (paddock x community)","pixel-weighted by the part's cell count","BETWEEN-UNIT (across parts)","zone_fid (paddock)","77e3ef0aecd1497c187d930959110d994081c800b510c78004514a007126494a","diagnostic - NOT registered, and nothing here is proposed for registration"
"part_residual","post_management","2018-2022","pooled","linear",115,64,,,,0.335390695824622,,8.21085329791612,,,,,"37_aeolian","aeolian",4.59236784655218,"pixel","part (paddock x community)","pixel-weighted by the part's cell count","BETWEEN-UNIT (across parts)","zone_fid (paddock)","77e3ef0aecd1497c187d930959110d994081c800b510c78004514a007126494a","diagnostic - NOT registered, and nothing here is proposed for registration"
"part_residual","post_management","2018-2022","pooled","linear",115,64,,,,0.335390695824622,,8.21085329791612,,,,,"37_inland","inland",4.44468186419928,"pixel","part (paddock x community)","pixel-weighted by the part's cell count","BETWEEN-UNIT (across parts)","zone_fid (paddock)","77e3ef0aecd1497c187d930959110d994081c800b510c78004514a007126494a","diagnostic - NOT registered, and nothing here is proposed for registration"
"part_residual","post_management","2018-2022","pooled","linear",115,64,,,,0.335390695824622,,8.21085329791612,,,,,"37_riverine","riverine",-0.857618551675444,"pixel","part (paddock x community)","pixel-weighted by the part's cell count","BETWEEN-UNIT (across parts)","zone_fid (paddock)","77e3ef0aecd1497c187d930959110d994081c800b510c78004514a007126494a","diagnostic - NOT registered, and nothing here is proposed for registration"
"part_residual","post_management","2018-2022","pooled","linear",115,64,,,,0.335390695824622,,8.21085329791612,,,,,"38_aeolian","aeolian",12.1107084211381,"pixel","part (paddock x community)","pixel-weighted by the part's cell count","BETWEEN-UNIT (across parts)","zone_fid (paddock)","77e3ef0aecd1497c187d930959110d994081c800b510c78004514a007126494a","diagnostic - NOT registered, and nothing here is proposed for registration"
"part_residual","post_management","2018-2022","pooled","linear",115,64,,,,0.335390695824622,,8.21085329791612,,,,,"38_inland","inland",8.35152699223466,"pixel","part (paddock x community)","pixel-weighted by the part's cell count","BETWEEN-UNIT (across parts)","zone_fid (paddock)","77e3ef0aecd1497c187d930959110d994081c800b510c78004514a007126494a","diagnostic - NOT registered, and nothing here is proposed for registration"
"part_residual","post_management","2018-2022","pooled","linear",115,64,,,,0.335390695824622,,8.21085329791612,,,,,"38_riverine","riverine",0.246021577717933,"pixel","part (paddock x community)","pixel-weighted by the part's cell count","BETWEEN-UNIT (across parts)","zone_fid (paddock)","77e3ef0aecd1497c187d930959110d994081c800b510c78004514a007126494a","diagnostic - NOT registered, and nothing here is proposed for registration"
"part_residual","post_management","2018-2022","pooled","linear",115,64,,,,0.335390695824622,,8.21085329791612,,,,,"39_inland","inland",-2.94824483066477,"pixel","part (paddock x community)","pixel-weighted by the part's cell count","BETWEEN-UNIT (across parts)","zone_fid (paddock)","77e3ef0aecd1497c187d930959110d994081c800b510c78004514a007126494a","diagnostic - NOT registered, and nothing here is proposed for registration"
"part_residual","post_management","2018-2022","pooled","linear",115,64,,,,0.335390695824622,,8.21085329791612,,,,,"39_riverine","riverine",-17.1728329222809,"pixel","part (paddock x community)","pixel-weighted by the part's cell count","BETWEEN-UNIT (across parts)","zone_fid (paddock)","77e3ef0aecd1497c187d930959110d994081c800b510c78004514a007126494a","diagnostic - NOT registered, and nothing here is proposed for registration"
"part_residual","post_management","2018-2022","pooled","linear",115,64,,,,0.335390695824622,,8.21085329791612,,,,,"40_inland","inland",6.06446249072913,"pixel","part (paddock x community)","pixel-weighted by the part's cell count","BETWEEN-UNIT (across parts)","zone_fid (paddock)","77e3ef0aecd1497c187d930959110d994081c800b510c78004514a007126494a","diagnostic - NOT registered, and nothing here is proposed for registration"
"part_residual","post_management","2018-2022","pooled","linear",115,64,,,,0.335390695824622,,8.21085329791612,,,,,"41_inland","inland",7.20304973674698,"pixel","part (paddock x community)","pixel-weighted by the part's cell count","BETWEEN-UNIT (across parts)","zone_fid (paddock)","77e3ef0aecd1497c187d930959110d994081c800b510c78004514a007126494a","diagnostic - NOT registered, and nothing here is proposed for registration"
"part_residual","post_management","2018-2022","pooled","linear",115,64,,,,0.335390695824622,,8.21085329791612,,,,,"42_inland","inland",10.2154860379046,"pixel","part (paddock x community)","pixel-weighted by the part's cell count","BETWEEN-UNIT (across parts)","zone_fid (paddock)","77e3ef0aecd1497c187d930959110d994081c800b510c78004514a007126494a","diagnostic - NOT registered, and nothing here is proposed for registration"
"part_residual","post_management","2018-2022","pooled","linear",115,64,,,,0.335390695824622,,8.21085329791612,,,,,"43_inland","inland",-0.443402989763463,"pixel","part (paddock x community)","pixel-weighted by the part's cell count","BETWEEN-UNIT (across parts)","zone_fid (paddock)","77e3ef0aecd1497c187d930959110d994081c800b510c78004514a007126494a","diagnostic - NOT registered, and nothing here is proposed for registration"
"part_residual","post_management","2018-2022","pooled","linear",115,64,,,,0.335390695824622,,8.21085329791612,,,,,"44_inland","inland",4.62186511507043,"pixel","part (paddock x community)","pixel-weighted by the part's cell count","BETWEEN-UNIT (across parts)","zone_fid (paddock)","77e3ef0aecd1497c187d930959110d994081c800b510c78004514a007126494a","diagnostic - NOT registered, and nothing here is proposed for registration"
"part_residual","post_management","2018-2022","pooled","linear",115,64,,,,0.335390695824622,,8.21085329791612,,,,,"45_inland","inland",-5.63345251558013,"pixel","part (paddock x community)","pixel-weighted by the part's cell count","BETWEEN-UNIT (across parts)","zone_fid (paddock)","77e3ef0aecd1497c187d930959110d994081c800b510c78004514a007126494a","diagnostic - NOT registered, and nothing here is proposed for registration"
"part_residual","post_management","2018-2022","pooled","linear",115,64,,,,0.335390695824622,,8.21085329791612,,,,,"45_riverine","riverine",-9.82110293638949,"pixel","part (paddock x community)","pixel-weighted by the part's cell count","BETWEEN-UNIT (across parts)","zone_fid (paddock)","77e3ef0aecd1497c187d930959110d994081c800b510c78004514a007126494a","diagnostic - NOT registered, and nothing here is proposed for registration"
"part_residual","post_management","2018-2022","pooled","linear",115,64,,,,0.335390695824622,,8.21085329791612,,,,,"46_inland","inland",3.12479219558676,"pixel","part (paddock x community)","pixel-weighted by the part's cell count","BETWEEN-UNIT (across parts)","zone_fid (paddock)","77e3ef0aecd1497c187d930959110d994081c800b510c78004514a007126494a","diagnostic - NOT registered, and nothing here is proposed for registration"
"part_residual","post_management","2018-2022","pooled","linear",115,64,,,,0.335390695824622,,8.21085329791612,,,,,"47_inland","inland",-4.33683696332048,"pixel","part (paddock x community)","pixel-weighted by the part's cell count","BETWEEN-UNIT (across parts)","zone_fid (paddock)","77e3ef0aecd1497c187d930959110d994081c800b510c78004514a007126494a","diagnostic - NOT registered, and nothing here is proposed for registration"
"part_residual","post_management","2018-2022","pooled","linear",115,64,,,,0.335390695824622,,8.21085329791612,,,,,"48_aeolian","aeolian",9.38459571219104,"pixel","part (paddock x community)","pixel-weighted by the part's cell count","BETWEEN-UNIT (across parts)","zone_fid (paddock)","77e3ef0aecd1497c187d930959110d994081c800b510c78004514a007126494a","diagnostic - NOT registered, and nothing here is proposed for registration"
"part_residual","post_management","2018-2022","pooled","linear",115,64,,,,0.335390695824622,,8.21085329791612,,,,,"48_inland","inland",7.22527036140148,"pixel","part (paddock x community)","pixel-weighted by the part's cell count","BETWEEN-UNIT (across parts)","zone_fid (paddock)","77e3ef0aecd1497c187d930959110d994081c800b510c78004514a007126494a","diagnostic - NOT registered, and nothing here is proposed for registration"
"part_residual","post_management","2018-2022","pooled","linear",115,64,,,,0.335390695824622,,8.21085329791612,,,,,"48_riverine","riverine",-9.67434871567916,"pixel","part (paddock x community)","pixel-weighted by the part's cell count","BETWEEN-UNIT (across parts)","zone_fid (paddock)","77e3ef0aecd1497c187d930959110d994081c800b510c78004514a007126494a","diagnostic - NOT registered, and nothing here is proposed for registration"
"part_residual","post_management","2018-2022","pooled","linear",115,64,,,,0.335390695824622,,8.21085329791612,,,,,"49_inland","inland",7.37712847136677,"pixel","part (paddock x community)","pixel-weighted by the part's cell count","BETWEEN-UNIT (across parts)","zone_fid (paddock)","77e3ef0aecd1497c187d930959110d994081c800b510c78004514a007126494a","diagnostic - NOT registered, and nothing here is proposed for registration"
"part_residual","post_management","2018-2022","pooled","linear",115,64,,,,0.335390695824622,,8.21085329791612,,,,,"50_inland","inland",5.60476611100039,"pixel","part (paddock x community)","pixel-weighted by the part's cell count","BETWEEN-UNIT (across parts)","zone_fid (paddock)","77e3ef0aecd1497c187d930959110d994081c800b510c78004514a007126494a","diagnostic - NOT registered, and nothing here is proposed for registration"
"part_residual","post_management","2018-2022","pooled","linear",115,64,,,,0.335390695824622,,8.21085329791612,,,,,"51_aeolian","aeolian",14.9681002586891,"pixel","part (paddock x community)","pixel-weighted by the part's cell count","BETWEEN-UNIT (across parts)","zone_fid (paddock)","77e3ef0aecd1497c187d930959110d994081c800b510c78004514a007126494a","diagnostic - NOT registered, and nothing here is proposed for registration"
"part_residual","post_management","2018-2022","pooled","linear",115,64,,,,0.335390695824622,,8.21085329791612,,,,,"51_inland","inland",8.97698839559482,"pixel","part (paddock x community)","pixel-weighted by the part's cell count","BETWEEN-UNIT (across parts)","zone_fid (paddock)","77e3ef0aecd1497c187d930959110d994081c800b510c78004514a007126494a","diagnostic - NOT registered, and nothing here is proposed for registration"
"part_residual","post_management","2018-2022","pooled","linear",115,64,,,,0.335390695824622,,8.21085329791612,,,,,"51_riverine","riverine",-18.1621740669761,"pixel","part (paddock x community)","pixel-weighted by the part's cell count","BETWEEN-UNIT (across parts)","zone_fid (paddock)","77e3ef0aecd1497c187d930959110d994081c800b510c78004514a007126494a","diagnostic - NOT registered, and nothing here is proposed for registration"
"part_residual","post_management","2018-2022","pooled","linear",115,64,,,,0.335390695824622,,8.21085329791612,,,,,"52_inland","inland",11.1535047087002,"pixel","part (paddock x community)","pixel-weighted by the part's cell count","BETWEEN-UNIT (across parts)","zone_fid (paddock)","77e3ef0aecd1497c187d930959110d994081c800b510c78004514a007126494a","diagnostic - NOT registered, and nothing here is proposed for registration"
"part_residual","post_management","2018-2022","pooled","linear",115,64,,,,0.335390695824622,,8.21085329791612,,,,,"52_riverine","riverine",-14.1992408416728,"pixel","part (paddock x community)","pixel-weighted by the part's cell count","BETWEEN-UNIT (across parts)","zone_fid (paddock)","77e3ef0aecd1497c187d930959110d994081c800b510c78004514a007126494a","diagnostic - NOT registered, and nothing here is proposed for registration"
"part_residual","post_management","2018-2022","pooled","linear",115,64,,,,0.335390695824622,,8.21085329791612,,,,,"53_inland","inland",-6.20454308951863,"pixel","part (paddock x community)","pixel-weighted by the part's cell count","BETWEEN-UNIT (across parts)","zone_fid (paddock)","77e3ef0aecd1497c187d930959110d994081c800b510c78004514a007126494a","diagnostic - NOT registered, and nothing here is proposed for registration"
"part_residual","post_management","2018-2022","pooled","linear",115,64,,,,0.335390695824622,,8.21085329791612,,,,,"53_riverine","riverine",4.54138394924937,"pixel","part (paddock x community)","pixel-weighted by the part's cell count","BETWEEN-UNIT (across parts)","zone_fid (paddock)","77e3ef0aecd1497c187d930959110d994081c800b510c78004514a007126494a","diagnostic - NOT registered, and nothing here is proposed for registration"
"part_residual","post_management","2018-2022","pooled","linear",115,64,,,,0.335390695824622,,8.21085329791612,,,,,"54_aeolian","aeolian",15.157785554984,"pixel","part (paddock x community)","pixel-weighted by the part's cell count","BETWEEN-UNIT (across parts)","zone_fid (paddock)","77e3ef0aecd1497c187d930959110d994081c800b510c78004514a007126494a","diagnostic - NOT registered, and nothing here is proposed for registration"
"part_residual","post_management","2018-2022","pooled","linear",115,64,,,,0.335390695824622,,8.21085329791612,,,,,"54_riverine","riverine",-11.2346292987598,"pixel","part (paddock x community)","pixel-weighted by the part's cell count","BETWEEN-UNIT (across parts)","zone_fid (paddock)","77e3ef0aecd1497c187d930959110d994081c800b510c78004514a007126494a","diagnostic - NOT registered, and nothing here is proposed for registration"
"part_residual","post_management","2018-2022","pooled","linear",115,64,,,,0.335390695824622,,8.21085329791612,,,,,"55_aeolian","aeolian",-2.19448452315623,"pixel","part (paddock x community)","pixel-weighted by the part's cell count","BETWEEN-UNIT (across parts)","zone_fid (paddock)","77e3ef0aecd1497c187d930959110d994081c800b510c78004514a007126494a","diagnostic - NOT registered, and nothing here is proposed for registration"
"part_residual","post_management","2018-2022","pooled","linear",115,64,,,,0.335390695824622,,8.21085329791612,,,,,"55_inland","inland",0.582779089931037,"pixel","part (paddock x community)","pixel-weighted by the part's cell count","BETWEEN-UNIT (across parts)","zone_fid (paddock)","77e3ef0aecd1497c187d930959110d994081c800b510c78004514a007126494a","diagnostic - NOT registered, and nothing here is proposed for registration"
"part_residual","post_management","2018-2022","pooled","linear",115,64,,,,0.335390695824622,,8.21085329791612,,,,,"55_riverine","riverine",-11.3409358869615,"pixel","part (paddock x community)","pixel-weighted by the part's cell count","BETWEEN-UNIT (across parts)","zone_fid (paddock)","77e3ef0aecd1497c187d930959110d994081c800b510c78004514a007126494a","diagnostic - NOT registered, and nothing here is proposed for registration"
"part_residual","post_management","2018-2022","pooled","linear",115,64,,,,0.335390695824622,,8.21085329791612,,,,,"56_aeolian","aeolian",-8.56349443725642,"pixel","part (paddock x community)","pixel-weighted by the part's cell count","BETWEEN-UNIT (across parts)","zone_fid (paddock)","77e3ef0aecd1497c187d930959110d994081c800b510c78004514a007126494a","diagnostic - NOT registered, and nothing here is proposed for registration"
"part_residual","post_management","2018-2022","pooled","linear",115,64,,,,0.335390695824622,,8.21085329791612,,,,,"56_inland","inland",-7.52504874804345,"pixel","part (paddock x community)","pixel-weighted by the part's cell count","BETWEEN-UNIT (across parts)","zone_fid (paddock)","77e3ef0aecd1497c187d930959110d994081c800b510c78004514a007126494a","diagnostic - NOT registered, and nothing here is proposed for registration"
"part_residual","post_management","2018-2022","pooled","linear",115,64,,,,0.335390695824622,,8.21085329791612,,,,,"56_riverine","riverine",-11.9049528975699,"pixel","part (paddock x community)","pixel-weighted by the part's cell count","BETWEEN-UNIT (across parts)","zone_fid (paddock)","77e3ef0aecd1497c187d930959110d994081c800b510c78004514a007126494a","diagnostic - NOT registered, and nothing here is proposed for registration"
"part_residual","post_management","2018-2022","pooled","linear",115,64,,,,0.335390695824622,,8.21085329791612,,,,,"57_aeolian","aeolian",-17.9220274964288,"pixel","part (paddock x community)","pixel-weighted by the part's cell count","BETWEEN-UNIT (across parts)","zone_fid (paddock)","77e3ef0aecd1497c187d930959110d994081c800b510c78004514a007126494a","diagnostic - NOT registered, and nothing here is proposed for registration"
"part_residual","post_management","2018-2022","pooled","linear",115,64,,,,0.335390695824622,,8.21085329791612,,,,,"57_inland","inland",-0.313384875487536,"pixel","part (paddock x community)","pixel-weighted by the part's cell count","BETWEEN-UNIT (across parts)","zone_fid (paddock)","77e3ef0aecd1497c187d930959110d994081c800b510c78004514a007126494a","diagnostic - NOT registered, and nothing here is proposed for registration"
"part_residual","post_management","2018-2022","pooled","linear",115,64,,,,0.335390695824622,,8.21085329791612,,,,,"57_riverine","riverine",-0.85194322940832,"pixel","part (paddock x community)","pixel-weighted by the part's cell count","BETWEEN-UNIT (across parts)","zone_fid (paddock)","77e3ef0aecd1497c187d930959110d994081c800b510c78004514a007126494a","diagnostic - NOT registered, and nothing here is proposed for registration"
"part_residual","post_management","2018-2022","pooled","linear",115,64,,,,0.335390695824622,,8.21085329791612,,,,,"58_aeolian","aeolian",-8.48234708624216,"pixel","part (paddock x community)","pixel-weighted by the part's cell count","BETWEEN-UNIT (across parts)","zone_fid (paddock)","77e3ef0aecd1497c187d930959110d994081c800b510c78004514a007126494a","diagnostic - NOT registered, and nothing here is proposed for registration"
"part_residual","post_management","2018-2022","pooled","linear",115,64,,,,0.335390695824622,,8.21085329791612,,,,,"58_inland","inland",-2.96572628939958,"pixel","part (paddock x community)","pixel-weighted by the part's cell count","BETWEEN-UNIT (across parts)","zone_fid (paddock)","77e3ef0aecd1497c187d930959110d994081c800b510c78004514a007126494a","diagnostic - NOT registered, and nothing here is proposed for registration"
"part_residual","post_management","2018-2022","pooled","linear",115,64,,,,0.335390695824622,,8.21085329791612,,,,,"58_riverine","riverine",-13.1248360026294,"pixel","part (paddock x community)","pixel-weighted by the part's cell count","BETWEEN-UNIT (across parts)","zone_fid (paddock)","77e3ef0aecd1497c187d930959110d994081c800b510c78004514a007126494a","diagnostic - NOT registered, and nothing here is proposed for registration"
"part_residual","post_management","2018-2022","pooled","linear",115,64,,,,0.335390695824622,,8.21085329791612,,,,,"59_aeolian","aeolian",4.65157676209248,"pixel","part (paddock x community)","pixel-weighted by the part's cell count","BETWEEN-UNIT (across parts)","zone_fid (paddock)","77e3ef0aecd1497c187d930959110d994081c800b510c78004514a007126494a","diagnostic - NOT registered, and nothing here is proposed for registration"
"part_residual","post_management","2018-2022","pooled","linear",115,64,,,,0.335390695824622,,8.21085329791612,,,,,"59_riverine","riverine",-12.3950348830112,"pixel","part (paddock x community)","pixel-weighted by the part's cell count","BETWEEN-UNIT (across parts)","zone_fid (paddock)","77e3ef0aecd1497c187d930959110d994081c800b510c78004514a007126494a","diagnostic - NOT registered, and nothing here is proposed for registration"
"part_residual","post_management","2018-2022","pooled","linear",115,64,,,,0.335390695824622,,8.21085329791612,,,,,"60_aeolian","aeolian",7.65406996252188,"pixel","part (paddock x community)","pixel-weighted by the part's cell count","BETWEEN-UNIT (across parts)","zone_fid (paddock)","77e3ef0aecd1497c187d930959110d994081c800b510c78004514a007126494a","diagnostic - NOT registered, and nothing here is proposed for registration"
"part_residual","post_management","2018-2022","pooled","linear",115,64,,,,0.335390695824622,,8.21085329791612,,,,,"60_riverine","riverine",5.47942710904842,"pixel","part (paddock x community)","pixel-weighted by the part's cell count","BETWEEN-UNIT (across parts)","zone_fid (paddock)","77e3ef0aecd1497c187d930959110d994081c800b510c78004514a007126494a","diagnostic - NOT registered, and nothing here is proposed for registration"
"part_residual","post_management","2018-2022","pooled","linear",115,64,,,,0.335390695824622,,8.21085329791612,,,,,"61_aeolian","aeolian",8.56150556609013,"pixel","part (paddock x community)","pixel-weighted by the part's cell count","BETWEEN-UNIT (across parts)","zone_fid (paddock)","77e3ef0aecd1497c187d930959110d994081c800b510c78004514a007126494a","diagnostic - NOT registered, and nothing here is proposed for registration"
"part_residual","post_management","2018-2022","pooled","linear",115,64,,,,0.335390695824622,,8.21085329791612,,,,,"61_inland","inland",10.0769630241242,"pixel","part (paddock x community)","pixel-weighted by the part's cell count","BETWEEN-UNIT (across parts)","zone_fid (paddock)","77e3ef0aecd1497c187d930959110d994081c800b510c78004514a007126494a","diagnostic - NOT registered, and nothing here is proposed for registration"
"part_residual","post_management","2018-2022","pooled","linear",115,64,,,,0.335390695824622,,8.21085329791612,,,,,"61_riverine","riverine",-11.4104557000493,"pixel","part (paddock x community)","pixel-weighted by the part's cell count","BETWEEN-UNIT (across parts)","zone_fid (paddock)","77e3ef0aecd1497c187d930959110d994081c800b510c78004514a007126494a","diagnostic - NOT registered, and nothing here is proposed for registration"
"part_residual","post_management","2018-2022","pooled","linear",115,64,,,,0.335390695824622,,8.21085329791612,,,,,"62_aeolian","aeolian",8.16012585153144,"pixel","part (paddock x community)","pixel-weighted by the part's cell count","BETWEEN-UNIT (across parts)","zone_fid (paddock)","77e3ef0aecd1497c187d930959110d994081c800b510c78004514a007126494a","diagnostic - NOT registered, and nothing here is proposed for registration"
"part_residual","post_management","2018-2022","pooled","linear",115,64,,,,0.335390695824622,,8.21085329791612,,,,,"62_inland","inland",-0.21235946673545,"pixel","part (paddock x community)","pixel-weighted by the part's cell count","BETWEEN-UNIT (across parts)","zone_fid (paddock)","77e3ef0aecd1497c187d930959110d994081c800b510c78004514a007126494a","diagnostic - NOT registered, and nothing here is proposed for registration"
"part_residual","post_management","2018-2022","pooled","linear",115,64,,,,0.335390695824622,,8.21085329791612,,,,,"62_riverine","riverine",-32.3633397688617,"pixel","part (paddock x community)","pixel-weighted by the part's cell count","BETWEEN-UNIT (across parts)","zone_fid (paddock)","77e3ef0aecd1497c187d930959110d994081c800b510c78004514a007126494a","diagnostic - NOT registered, and nothing here is proposed for registration"
"part_residual","post_management","2018-2022","pooled","linear",115,64,,,,0.335390695824622,,8.21085329791612,,,,,"63_aeolian","aeolian",13.5750007849661,"pixel","part (paddock x community)","pixel-weighted by the part's cell count","BETWEEN-UNIT (across parts)","zone_fid (paddock)","77e3ef0aecd1497c187d930959110d994081c800b510c78004514a007126494a","diagnostic - NOT registered, and nothing here is proposed for registration"
"part_residual","post_management","2018-2022","pooled","linear",115,64,,,,0.335390695824622,,8.21085329791612,,,,,"63_inland","inland",-2.18571876951852,"pixel","part (paddock x community)","pixel-weighted by the part's cell count","BETWEEN-UNIT (across parts)","zone_fid (paddock)","77e3ef0aecd1497c187d930959110d994081c800b510c78004514a007126494a","diagnostic - NOT registered, and nothing here is proposed for registration"
"part_residual","post_management","2018-2022","pooled","linear",115,64,,,,0.335390695824622,,8.21085329791612,,,,,"63_riverine","riverine",-19.154863750112,"pixel","part (paddock x community)","pixel-weighted by the part's cell count","BETWEEN-UNIT (across parts)","zone_fid (paddock)","77e3ef0aecd1497c187d930959110d994081c800b510c78004514a007126494a","diagnostic - NOT registered, and nothing here is proposed for registration"
"part_residual","post_management","2018-2022","pooled","linear",115,64,,,,0.335390695824622,,8.21085329791612,,,,,"64_inland","inland",2.33202379284248,"pixel","part (paddock x community)","pixel-weighted by the part's cell count","BETWEEN-UNIT (across parts)","zone_fid (paddock)","77e3ef0aecd1497c187d930959110d994081c800b510c78004514a007126494a","diagnostic - NOT registered, and nothing here is proposed for registration"
"part_residual","post_management","2018-2022","pooled","linear",115,64,,,,0.335390695824622,,8.21085329791612,,,,,"64_riverine","riverine",-1.75079308420278,"pixel","part (paddock x community)","pixel-weighted by the part's cell count","BETWEEN-UNIT (across parts)","zone_fid (paddock)","77e3ef0aecd1497c187d930959110d994081c800b510c78004514a007126494a","diagnostic - NOT registered, and nothing here is proposed for registration"
"part_residual","post_management","2018-2022","pooled","quadratic",115,64,,,,0.33593964318268,,8.20746163810138,,,,,"01_inland","inland",-4.1255782667408,"pixel","part (paddock x community)","pixel-weighted by the part's cell count","BETWEEN-UNIT (across parts)","zone_fid (paddock)","77e3ef0aecd1497c187d930959110d994081c800b510c78004514a007126494a","diagnostic - NOT registered, and nothing here is proposed for registration"
"part_residual","post_management","2018-2022","pooled","quadratic",115,64,,,,0.33593964318268,,8.20746163810138,,,,,"01_riverine","riverine",-10.1541110795592,"pixel","part (paddock x community)","pixel-weighted by the part's cell count","BETWEEN-UNIT (across parts)","zone_fid (paddock)","77e3ef0aecd1497c187d930959110d994081c800b510c78004514a007126494a","diagnostic - NOT registered, and nothing here is proposed for registration"
"part_residual","post_management","2018-2022","pooled","quadratic",115,64,,,,0.33593964318268,,8.20746163810138,,,,,"02_inland","inland",-0.87765621070568,"pixel","part (paddock x community)","pixel-weighted by the part's cell count","BETWEEN-UNIT (across parts)","zone_fid (paddock)","77e3ef0aecd1497c187d930959110d994081c800b510c78004514a007126494a","diagnostic - NOT registered, and nothing here is proposed for registration"
"part_residual","post_management","2018-2022","pooled","quadratic",115,64,,,,0.33593964318268,,8.20746163810138,,,,,"03_inland","inland",-0.200435919031136,"pixel","part (paddock x community)","pixel-weighted by the part's cell count","BETWEEN-UNIT (across parts)","zone_fid (paddock)","77e3ef0aecd1497c187d930959110d994081c800b510c78004514a007126494a","diagnostic - NOT registered, and nothing here is proposed for registration"
"part_residual","post_management","2018-2022","pooled","quadratic",115,64,,,,0.33593964318268,,8.20746163810138,,,,,"03_riverine","riverine",0.832029766445906,"pixel","part (paddock x community)","pixel-weighted by the part's cell count","BETWEEN-UNIT (across parts)","zone_fid (paddock)","77e3ef0aecd1497c187d930959110d994081c800b510c78004514a007126494a","diagnostic - NOT registered, and nothing here is proposed for registration"
"part_residual","post_management","2018-2022","pooled","quadratic",115,64,,,,0.33593964318268,,8.20746163810138,,,,,"04_aeolian","aeolian",-17.5066303323189,"pixel","part (paddock x community)","pixel-weighted by the part's cell count","BETWEEN-UNIT (across parts)","zone_fid (paddock)","77e3ef0aecd1497c187d930959110d994081c800b510c78004514a007126494a","diagnostic - NOT registered, and nothing here is proposed for registration"
"part_residual","post_management","2018-2022","pooled","quadratic",115,64,,,,0.33593964318268,,8.20746163810138,,,,,"04_inland","inland",-0.335300870108462,"pixel","part (paddock x community)","pixel-weighted by the part's cell count","BETWEEN-UNIT (across parts)","zone_fid (paddock)","77e3ef0aecd1497c187d930959110d994081c800b510c78004514a007126494a","diagnostic - NOT registered, and nothing here is proposed for registration"
"part_residual","post_management","2018-2022","pooled","quadratic",115,64,,,,0.33593964318268,,8.20746163810138,,,,,"04_riverine","riverine",-15.6156165723283,"pixel","part (paddock x community)","pixel-weighted by the part's cell count","BETWEEN-UNIT (across parts)","zone_fid (paddock)","77e3ef0aecd1497c187d930959110d994081c800b510c78004514a007126494a","diagnostic - NOT registered, and nothing here is proposed for registration"
"part_residual","post_management","2018-2022","pooled","quadratic",115,64,,,,0.33593964318268,,8.20746163810138,,,,,"05_inland","inland",6.53398635674301,"pixel","part (paddock x community)","pixel-weighted by the part's cell count","BETWEEN-UNIT (across parts)","zone_fid (paddock)","77e3ef0aecd1497c187d930959110d994081c800b510c78004514a007126494a","diagnostic - NOT registered, and nothing here is proposed for registration"
"part_residual","post_management","2018-2022","pooled","quadratic",115,64,,,,0.33593964318268,,8.20746163810138,,,,,"05_riverine","riverine",7.13225679698341,"pixel","part (paddock x community)","pixel-weighted by the part's cell count","BETWEEN-UNIT (across parts)","zone_fid (paddock)","77e3ef0aecd1497c187d930959110d994081c800b510c78004514a007126494a","diagnostic - NOT registered, and nothing here is proposed for registration"
"part_residual","post_management","2018-2022","pooled","quadratic",115,64,,,,0.33593964318268,,8.20746163810138,,,,,"06_inland","inland",12.4388295659109,"pixel","part (paddock x community)","pixel-weighted by the part's cell count","BETWEEN-UNIT (across parts)","zone_fid (paddock)","77e3ef0aecd1497c187d930959110d994081c800b510c78004514a007126494a","diagnostic - NOT registered, and nothing here is proposed for registration"
"part_residual","post_management","2018-2022","pooled","quadratic",115,64,,,,0.33593964318268,,8.20746163810138,,,,,"06_riverine","riverine",11.2297571659497,"pixel","part (paddock x community)","pixel-weighted by the part's cell count","BETWEEN-UNIT (across parts)","zone_fid (paddock)","77e3ef0aecd1497c187d930959110d994081c800b510c78004514a007126494a","diagnostic - NOT registered, and nothing here is proposed for registration"
"part_residual","post_management","2018-2022","pooled","quadratic",115,64,,,,0.33593964318268,,8.20746163810138,,,,,"07_inland","inland",2.03089949603972,"pixel","part (paddock x community)","pixel-weighted by the part's cell count","BETWEEN-UNIT (across parts)","zone_fid (paddock)","77e3ef0aecd1497c187d930959110d994081c800b510c78004514a007126494a","diagnostic - NOT registered, and nothing here is proposed for registration"
"part_residual","post_management","2018-2022","pooled","quadratic",115,64,,,,0.33593964318268,,8.20746163810138,,,,,"08_inland","inland",11.3182700106412,"pixel","part (paddock x community)","pixel-weighted by the part's cell count","BETWEEN-UNIT (across parts)","zone_fid (paddock)","77e3ef0aecd1497c187d930959110d994081c800b510c78004514a007126494a","diagnostic - NOT registered, and nothing here is proposed for registration"
"part_residual","post_management","2018-2022","pooled","quadratic",115,64,,,,0.33593964318268,,8.20746163810138,,,,,"09_inland","inland",8.91059577575481,"pixel","part (paddock x community)","pixel-weighted by the part's cell count","BETWEEN-UNIT (across parts)","zone_fid (paddock)","77e3ef0aecd1497c187d930959110d994081c800b510c78004514a007126494a","diagnostic - NOT registered, and nothing here is proposed for registration"
"part_residual","post_management","2018-2022","pooled","quadratic",115,64,,,,0.33593964318268,,8.20746163810138,,,,,"09_riverine","riverine",9.82705816923214,"pixel","part (paddock x community)","pixel-weighted by the part's cell count","BETWEEN-UNIT (across parts)","zone_fid (paddock)","77e3ef0aecd1497c187d930959110d994081c800b510c78004514a007126494a","diagnostic - NOT registered, and nothing here is proposed for registration"
"part_residual","post_management","2018-2022","pooled","quadratic",115,64,,,,0.33593964318268,,8.20746163810138,,,,,"10_inland","inland",14.60292438452,"pixel","part (paddock x community)","pixel-weighted by the part's cell count","BETWEEN-UNIT (across parts)","zone_fid (paddock)","77e3ef0aecd1497c187d930959110d994081c800b510c78004514a007126494a","diagnostic - NOT registered, and nothing here is proposed for registration"
"part_residual","post_management","2018-2022","pooled","quadratic",115,64,,,,0.33593964318268,,8.20746163810138,,,,,"10_riverine","riverine",12.4253045413686,"pixel","part (paddock x community)","pixel-weighted by the part's cell count","BETWEEN-UNIT (across parts)","zone_fid (paddock)","77e3ef0aecd1497c187d930959110d994081c800b510c78004514a007126494a","diagnostic - NOT registered, and nothing here is proposed for registration"
"part_residual","post_management","2018-2022","pooled","quadratic",115,64,,,,0.33593964318268,,8.20746163810138,,,,,"11_inland","inland",0.225707295517203,"pixel","part (paddock x community)","pixel-weighted by the part's cell count","BETWEEN-UNIT (across parts)","zone_fid (paddock)","77e3ef0aecd1497c187d930959110d994081c800b510c78004514a007126494a","diagnostic - NOT registered, and nothing here is proposed for registration"
"part_residual","post_management","2018-2022","pooled","quadratic",115,64,,,,0.33593964318268,,8.20746163810138,,,,,"12_inland","inland",-4.34981469424193,"pixel","part (paddock x community)","pixel-weighted by the part's cell count","BETWEEN-UNIT (across parts)","zone_fid (paddock)","77e3ef0aecd1497c187d930959110d994081c800b510c78004514a007126494a","diagnostic - NOT registered, and nothing here is proposed for registration"
"part_residual","post_management","2018-2022","pooled","quadratic",115,64,,,,0.33593964318268,,8.20746163810138,,,,,"12_riverine","riverine",-10.279787005979,"pixel","part (paddock x community)","pixel-weighted by the part's cell count","BETWEEN-UNIT (across parts)","zone_fid (paddock)","77e3ef0aecd1497c187d930959110d994081c800b510c78004514a007126494a","diagnostic - NOT registered, and nothing here is proposed for registration"
"part_residual","post_management","2018-2022","pooled","quadratic",115,64,,,,0.33593964318268,,8.20746163810138,,,,,"13_inland","inland",3.35986653621805,"pixel","part (paddock x community)","pixel-weighted by the part's cell count","BETWEEN-UNIT (across parts)","zone_fid (paddock)","77e3ef0aecd1497c187d930959110d994081c800b510c78004514a007126494a","diagnostic - NOT registered, and nothing here is proposed for registration"
"part_residual","post_management","2018-2022","pooled","quadratic",115,64,,,,0.33593964318268,,8.20746163810138,,,,,"14_inland","inland",-6.78731240859773,"pixel","part (paddock x community)","pixel-weighted by the part's cell count","BETWEEN-UNIT (across parts)","zone_fid (paddock)","77e3ef0aecd1497c187d930959110d994081c800b510c78004514a007126494a","diagnostic - NOT registered, and nothing here is proposed for registration"
"part_residual","post_management","2018-2022","pooled","quadratic",115,64,,,,0.33593964318268,,8.20746163810138,,,,,"15_inland","inland",6.05953841124858,"pixel","part (paddock x community)","pixel-weighted by the part's cell count","BETWEEN-UNIT (across parts)","zone_fid (paddock)","77e3ef0aecd1497c187d930959110d994081c800b510c78004514a007126494a","diagnostic - NOT registered, and nothing here is proposed for registration"
"part_residual","post_management","2018-2022","pooled","quadratic",115,64,,,,0.33593964318268,,8.20746163810138,,,,,"16_inland","inland",2.08628842990328,"pixel","part (paddock x community)","pixel-weighted by the part's cell count","BETWEEN-UNIT (across parts)","zone_fid (paddock)","77e3ef0aecd1497c187d930959110d994081c800b510c78004514a007126494a","diagnostic - NOT registered, and nothing here is proposed for registration"
"part_residual","post_management","2018-2022","pooled","quadratic",115,64,,,,0.33593964318268,,8.20746163810138,,,,,"16_riverine","riverine",7.41860333908014,"pixel","part (paddock x community)","pixel-weighted by the part's cell count","BETWEEN-UNIT (across parts)","zone_fid (paddock)","77e3ef0aecd1497c187d930959110d994081c800b510c78004514a007126494a","diagnostic - NOT registered, and nothing here is proposed for registration"
"part_residual","post_management","2018-2022","pooled","quadratic",115,64,,,,0.33593964318268,,8.20746163810138,,,,,"17_inland","inland",5.58181912194462,"pixel","part (paddock x community)","pixel-weighted by the part's cell count","BETWEEN-UNIT (across parts)","zone_fid (paddock)","77e3ef0aecd1497c187d930959110d994081c800b510c78004514a007126494a","diagnostic - NOT registered, and nothing here is proposed for registration"
"part_residual","post_management","2018-2022","pooled","quadratic",115,64,,,,0.33593964318268,,8.20746163810138,,,,,"18_aeolian","aeolian",-7.17518465911598,"pixel","part (paddock x community)","pixel-weighted by the part's cell count","BETWEEN-UNIT (across parts)","zone_fid (paddock)","77e3ef0aecd1497c187d930959110d994081c800b510c78004514a007126494a","diagnostic - NOT registered, and nothing here is proposed for registration"
"part_residual","post_management","2018-2022","pooled","quadratic",115,64,,,,0.33593964318268,,8.20746163810138,,,,,"18_inland","inland",0.56529180831167,"pixel","part (paddock x community)","pixel-weighted by the part's cell count","BETWEEN-UNIT (across parts)","zone_fid (paddock)","77e3ef0aecd1497c187d930959110d994081c800b510c78004514a007126494a","diagnostic - NOT registered, and nothing here is proposed for registration"
"part_residual","post_management","2018-2022","pooled","quadratic",115,64,,,,0.33593964318268,,8.20746163810138,,,,,"18_riverine","riverine",-3.83608172229057,"pixel","part (paddock x community)","pixel-weighted by the part's cell count","BETWEEN-UNIT (across parts)","zone_fid (paddock)","77e3ef0aecd1497c187d930959110d994081c800b510c78004514a007126494a","diagnostic - NOT registered, and nothing here is proposed for registration"
"part_residual","post_management","2018-2022","pooled","quadratic",115,64,,,,0.33593964318268,,8.20746163810138,,,,,"19_inland","inland",0.104258518430029,"pixel","part (paddock x community)","pixel-weighted by the part's cell count","BETWEEN-UNIT (across parts)","zone_fid (paddock)","77e3ef0aecd1497c187d930959110d994081c800b510c78004514a007126494a","diagnostic - NOT registered, and nothing here is proposed for registration"
"part_residual","post_management","2018-2022","pooled","quadratic",115,64,,,,0.33593964318268,,8.20746163810138,,,,,"20_inland","inland",5.61517013901532,"pixel","part (paddock x community)","pixel-weighted by the part's cell count","BETWEEN-UNIT (across parts)","zone_fid (paddock)","77e3ef0aecd1497c187d930959110d994081c800b510c78004514a007126494a","diagnostic - NOT registered, and nothing here is proposed for registration"
"part_residual","post_management","2018-2022","pooled","quadratic",115,64,,,,0.33593964318268,,8.20746163810138,,,,,"21_inland","inland",-1.95369920837976,"pixel","part (paddock x community)","pixel-weighted by the part's cell count","BETWEEN-UNIT (across parts)","zone_fid (paddock)","77e3ef0aecd1497c187d930959110d994081c800b510c78004514a007126494a","diagnostic - NOT registered, and nothing here is proposed for registration"
"part_residual","post_management","2018-2022","pooled","quadratic",115,64,,,,0.33593964318268,,8.20746163810138,,,,,"21_riverine","riverine",-10.960434368767,"pixel","part (paddock x community)","pixel-weighted by the part's cell count","BETWEEN-UNIT (across parts)","zone_fid (paddock)","77e3ef0aecd1497c187d930959110d994081c800b510c78004514a007126494a","diagnostic - NOT registered, and nothing here is proposed for registration"
"part_residual","post_management","2018-2022","pooled","quadratic",115,64,,,,0.33593964318268,,8.20746163810138,,,,,"22_inland","inland",2.77352495630863,"pixel","part (paddock x community)","pixel-weighted by the part's cell count","BETWEEN-UNIT (across parts)","zone_fid (paddock)","77e3ef0aecd1497c187d930959110d994081c800b510c78004514a007126494a","diagnostic - NOT registered, and nothing here is proposed for registration"
"part_residual","post_management","2018-2022","pooled","quadratic",115,64,,,,0.33593964318268,,8.20746163810138,,,,,"23_inland","inland",-4.93324422369977,"pixel","part (paddock x community)","pixel-weighted by the part's cell count","BETWEEN-UNIT (across parts)","zone_fid (paddock)","77e3ef0aecd1497c187d930959110d994081c800b510c78004514a007126494a","diagnostic - NOT registered, and nothing here is proposed for registration"
"part_residual","post_management","2018-2022","pooled","quadratic",115,64,,,,0.33593964318268,,8.20746163810138,,,,,"24_inland","inland",2.92317797308704,"pixel","part (paddock x community)","pixel-weighted by the part's cell count","BETWEEN-UNIT (across parts)","zone_fid (paddock)","77e3ef0aecd1497c187d930959110d994081c800b510c78004514a007126494a","diagnostic - NOT registered, and nothing here is proposed for registration"
"part_residual","post_management","2018-2022","pooled","quadratic",115,64,,,,0.33593964318268,,8.20746163810138,,,,,"24_riverine","riverine",-16.4168684849675,"pixel","part (paddock x community)","pixel-weighted by the part's cell count","BETWEEN-UNIT (across parts)","zone_fid (paddock)","77e3ef0aecd1497c187d930959110d994081c800b510c78004514a007126494a","diagnostic - NOT registered, and nothing here is proposed for registration"
"part_residual","post_management","2018-2022","pooled","quadratic",115,64,,,,0.33593964318268,,8.20746163810138,,,,,"25_inland","inland",1.41140475954893,"pixel","part (paddock x community)","pixel-weighted by the part's cell count","BETWEEN-UNIT (across parts)","zone_fid (paddock)","77e3ef0aecd1497c187d930959110d994081c800b510c78004514a007126494a","diagnostic - NOT registered, and nothing here is proposed for registration"
"part_residual","post_management","2018-2022","pooled","quadratic",115,64,,,,0.33593964318268,,8.20746163810138,,,,,"25_riverine","riverine",-15.0329418115959,"pixel","part (paddock x community)","pixel-weighted by the part's cell count","BETWEEN-UNIT (across parts)","zone_fid (paddock)","77e3ef0aecd1497c187d930959110d994081c800b510c78004514a007126494a","diagnostic - NOT registered, and nothing here is proposed for registration"
"part_residual","post_management","2018-2022","pooled","quadratic",115,64,,,,0.33593964318268,,8.20746163810138,,,,,"26_inland","inland",11.3013220178705,"pixel","part (paddock x community)","pixel-weighted by the part's cell count","BETWEEN-UNIT (across parts)","zone_fid (paddock)","77e3ef0aecd1497c187d930959110d994081c800b510c78004514a007126494a","diagnostic - NOT registered, and nothing here is proposed for registration"
"part_residual","post_management","2018-2022","pooled","quadratic",115,64,,,,0.33593964318268,,8.20746163810138,,,,,"26_riverine","riverine",-5.74454092600636,"pixel","part (paddock x community)","pixel-weighted by the part's cell count","BETWEEN-UNIT (across parts)","zone_fid (paddock)","77e3ef0aecd1497c187d930959110d994081c800b510c78004514a007126494a","diagnostic - NOT registered, and nothing here is proposed for registration"
"part_residual","post_management","2018-2022","pooled","quadratic",115,64,,,,0.33593964318268,,8.20746163810138,,,,,"27_inland","inland",7.47075333627167,"pixel","part (paddock x community)","pixel-weighted by the part's cell count","BETWEEN-UNIT (across parts)","zone_fid (paddock)","77e3ef0aecd1497c187d930959110d994081c800b510c78004514a007126494a","diagnostic - NOT registered, and nothing here is proposed for registration"
"part_residual","post_management","2018-2022","pooled","quadratic",115,64,,,,0.33593964318268,,8.20746163810138,,,,,"27_riverine","riverine",11.777026373289,"pixel","part (paddock x community)","pixel-weighted by the part's cell count","BETWEEN-UNIT (across parts)","zone_fid (paddock)","77e3ef0aecd1497c187d930959110d994081c800b510c78004514a007126494a","diagnostic - NOT registered, and nothing here is proposed for registration"
"part_residual","post_management","2018-2022","pooled","quadratic",115,64,,,,0.33593964318268,,8.20746163810138,,,,,"28_inland","inland",-1.49628159504822,"pixel","part (paddock x community)","pixel-weighted by the part's cell count","BETWEEN-UNIT (across parts)","zone_fid (paddock)","77e3ef0aecd1497c187d930959110d994081c800b510c78004514a007126494a","diagnostic - NOT registered, and nothing here is proposed for registration"
"part_residual","post_management","2018-2022","pooled","quadratic",115,64,,,,0.33593964318268,,8.20746163810138,,,,,"28_riverine","riverine",-11.0283515193259,"pixel","part (paddock x community)","pixel-weighted by the part's cell count","BETWEEN-UNIT (across parts)","zone_fid (paddock)","77e3ef0aecd1497c187d930959110d994081c800b510c78004514a007126494a","diagnostic - NOT registered, and nothing here is proposed for registration"
"part_residual","post_management","2018-2022","pooled","quadratic",115,64,,,,0.33593964318268,,8.20746163810138,,,,,"29_inland","inland",4.87407867456719,"pixel","part (paddock x community)","pixel-weighted by the part's cell count","BETWEEN-UNIT (across parts)","zone_fid (paddock)","77e3ef0aecd1497c187d930959110d994081c800b510c78004514a007126494a","diagnostic - NOT registered, and nothing here is proposed for registration"
"part_residual","post_management","2018-2022","pooled","quadratic",115,64,,,,0.33593964318268,,8.20746163810138,,,,,"30_inland","inland",3.35270701301916,"pixel","part (paddock x community)","pixel-weighted by the part's cell count","BETWEEN-UNIT (across parts)","zone_fid (paddock)","77e3ef0aecd1497c187d930959110d994081c800b510c78004514a007126494a","diagnostic - NOT registered, and nothing here is proposed for registration"
"part_residual","post_management","2018-2022","pooled","quadratic",115,64,,,,0.33593964318268,,8.20746163810138,,,,,"31_aeolian","aeolian",17.4064364898648,"pixel","part (paddock x community)","pixel-weighted by the part's cell count","BETWEEN-UNIT (across parts)","zone_fid (paddock)","77e3ef0aecd1497c187d930959110d994081c800b510c78004514a007126494a","diagnostic - NOT registered, and nothing here is proposed for registration"
"part_residual","post_management","2018-2022","pooled","quadratic",115,64,,,,0.33593964318268,,8.20746163810138,,,,,"31_inland","inland",4.13843892244509,"pixel","part (paddock x community)","pixel-weighted by the part's cell count","BETWEEN-UNIT (across parts)","zone_fid (paddock)","77e3ef0aecd1497c187d930959110d994081c800b510c78004514a007126494a","diagnostic - NOT registered, and nothing here is proposed for registration"
"part_residual","post_management","2018-2022","pooled","quadratic",115,64,,,,0.33593964318268,,8.20746163810138,,,,,"31_riverine","riverine",2.75718493595464,"pixel","part (paddock x community)","pixel-weighted by the part's cell count","BETWEEN-UNIT (across parts)","zone_fid (paddock)","77e3ef0aecd1497c187d930959110d994081c800b510c78004514a007126494a","diagnostic - NOT registered, and nothing here is proposed for registration"
"part_residual","post_management","2018-2022","pooled","quadratic",115,64,,,,0.33593964318268,,8.20746163810138,,,,,"32_inland","inland",3.91653118100201,"pixel","part (paddock x community)","pixel-weighted by the part's cell count","BETWEEN-UNIT (across parts)","zone_fid (paddock)","77e3ef0aecd1497c187d930959110d994081c800b510c78004514a007126494a","diagnostic - NOT registered, and nothing here is proposed for registration"
"part_residual","post_management","2018-2022","pooled","quadratic",115,64,,,,0.33593964318268,,8.20746163810138,,,,,"32_riverine","riverine",9.71834015206196,"pixel","part (paddock x community)","pixel-weighted by the part's cell count","BETWEEN-UNIT (across parts)","zone_fid (paddock)","77e3ef0aecd1497c187d930959110d994081c800b510c78004514a007126494a","diagnostic - NOT registered, and nothing here is proposed for registration"
"part_residual","post_management","2018-2022","pooled","quadratic",115,64,,,,0.33593964318268,,8.20746163810138,,,,,"33_inland","inland",1.27465914907469,"pixel","part (paddock x community)","pixel-weighted by the part's cell count","BETWEEN-UNIT (across parts)","zone_fid (paddock)","77e3ef0aecd1497c187d930959110d994081c800b510c78004514a007126494a","diagnostic - NOT registered, and nothing here is proposed for registration"
"part_residual","post_management","2018-2022","pooled","quadratic",115,64,,,,0.33593964318268,,8.20746163810138,,,,,"34_inland","inland",6.14280284639395,"pixel","part (paddock x community)","pixel-weighted by the part's cell count","BETWEEN-UNIT (across parts)","zone_fid (paddock)","77e3ef0aecd1497c187d930959110d994081c800b510c78004514a007126494a","diagnostic - NOT registered, and nothing here is proposed for registration"
"part_residual","post_management","2018-2022","pooled","quadratic",115,64,,,,0.33593964318268,,8.20746163810138,,,,,"35_inland","inland",4.28262025841266,"pixel","part (paddock x community)","pixel-weighted by the part's cell count","BETWEEN-UNIT (across parts)","zone_fid (paddock)","77e3ef0aecd1497c187d930959110d994081c800b510c78004514a007126494a","diagnostic - NOT registered, and nothing here is proposed for registration"
"part_residual","post_management","2018-2022","pooled","quadratic",115,64,,,,0.33593964318268,,8.20746163810138,,,,,"36_inland","inland",10.2994210407985,"pixel","part (paddock x community)","pixel-weighted by the part's cell count","BETWEEN-UNIT (across parts)","zone_fid (paddock)","77e3ef0aecd1497c187d930959110d994081c800b510c78004514a007126494a","diagnostic - NOT registered, and nothing here is proposed for registration"
"part_residual","post_management","2018-2022","pooled","quadratic",115,64,,,,0.33593964318268,,8.20746163810138,,,,,"37_aeolian","aeolian",4.189196299818,"pixel","part (paddock x community)","pixel-weighted by the part's cell count","BETWEEN-UNIT (across parts)","zone_fid (paddock)","77e3ef0aecd1497c187d930959110d994081c800b510c78004514a007126494a","diagnostic - NOT registered, and nothing here is proposed for registration"
"part_residual","post_management","2018-2022","pooled","quadratic",115,64,,,,0.33593964318268,,8.20746163810138,,,,,"37_inland","inland",4.62137846433328,"pixel","part (paddock x community)","pixel-weighted by the part's cell count","BETWEEN-UNIT (across parts)","zone_fid (paddock)","77e3ef0aecd1497c187d930959110d994081c800b510c78004514a007126494a","diagnostic - NOT registered, and nothing here is proposed for registration"
"part_residual","post_management","2018-2022","pooled","quadratic",115,64,,,,0.33593964318268,,8.20746163810138,,,,,"37_riverine","riverine",-0.86776836406203,"pixel","part (paddock x community)","pixel-weighted by the part's cell count","BETWEEN-UNIT (across parts)","zone_fid (paddock)","77e3ef0aecd1497c187d930959110d994081c800b510c78004514a007126494a","diagnostic - NOT registered, and nothing here is proposed for registration"
"part_residual","post_management","2018-2022","pooled","quadratic",115,64,,,,0.33593964318268,,8.20746163810138,,,,,"38_aeolian","aeolian",11.7072256181329,"pixel","part (paddock x community)","pixel-weighted by the part's cell count","BETWEEN-UNIT (across parts)","zone_fid (paddock)","77e3ef0aecd1497c187d930959110d994081c800b510c78004514a007126494a","diagnostic - NOT registered, and nothing here is proposed for registration"
"part_residual","post_management","2018-2022","pooled","quadratic",115,64,,,,0.33593964318268,,8.20746163810138,,,,,"38_inland","inland",8.51386769569331,"pixel","part (paddock x community)","pixel-weighted by the part's cell count","BETWEEN-UNIT (across parts)","zone_fid (paddock)","77e3ef0aecd1497c187d930959110d994081c800b510c78004514a007126494a","diagnostic - NOT registered, and nothing here is proposed for registration"
"part_residual","post_management","2018-2022","pooled","quadratic",115,64,,,,0.33593964318268,,8.20746163810138,,,,,"38_riverine","riverine",0.265942956999019,"pixel","part (paddock x community)","pixel-weighted by the part's cell count","BETWEEN-UNIT (across parts)","zone_fid (paddock)","77e3ef0aecd1497c187d930959110d994081c800b510c78004514a007126494a","diagnostic - NOT registered, and nothing here is proposed for registration"
"part_residual","post_management","2018-2022","pooled","quadratic",115,64,,,,0.33593964318268,,8.20746163810138,,,,,"39_inland","inland",-2.87489212526318,"pixel","part (paddock x community)","pixel-weighted by the part's cell count","BETWEEN-UNIT (across parts)","zone_fid (paddock)","77e3ef0aecd1497c187d930959110d994081c800b510c78004514a007126494a","diagnostic - NOT registered, and nothing here is proposed for registration"
"part_residual","post_management","2018-2022","pooled","quadratic",115,64,,,,0.33593964318268,,8.20746163810138,,,,,"39_riverine","riverine",-17.1168976766975,"pixel","part (paddock x community)","pixel-weighted by the part's cell count","BETWEEN-UNIT (across parts)","zone_fid (paddock)","77e3ef0aecd1497c187d930959110d994081c800b510c78004514a007126494a","diagnostic - NOT registered, and nothing here is proposed for registration"
"part_residual","post_management","2018-2022","pooled","quadratic",115,64,,,,0.33593964318268,,8.20746163810138,,,,,"40_inland","inland",6.28346347399666,"pixel","part (paddock x community)","pixel-weighted by the part's cell count","BETWEEN-UNIT (across parts)","zone_fid (paddock)","77e3ef0aecd1497c187d930959110d994081c800b510c78004514a007126494a","diagnostic - NOT registered, and nothing here is proposed for registration"
"part_residual","post_management","2018-2022","pooled","quadratic",115,64,,,,0.33593964318268,,8.20746163810138,,,,,"41_inland","inland",7.37546888443875,"pixel","part (paddock x community)","pixel-weighted by the part's cell count","BETWEEN-UNIT (across parts)","zone_fid (paddock)","77e3ef0aecd1497c187d930959110d994081c800b510c78004514a007126494a","diagnostic - NOT registered, and nothing here is proposed for registration"
"part_residual","post_management","2018-2022","pooled","quadratic",115,64,,,,0.33593964318268,,8.20746163810138,,,,,"42_inland","inland",10.4130366313218,"pixel","part (paddock x community)","pixel-weighted by the part's cell count","BETWEEN-UNIT (across parts)","zone_fid (paddock)","77e3ef0aecd1497c187d930959110d994081c800b510c78004514a007126494a","diagnostic - NOT registered, and nothing here is proposed for registration"
"part_residual","post_management","2018-2022","pooled","quadratic",115,64,,,,0.33593964318268,,8.20746163810138,,,,,"43_inland","inland",-0.262371018605535,"pixel","part (paddock x community)","pixel-weighted by the part's cell count","BETWEEN-UNIT (across parts)","zone_fid (paddock)","77e3ef0aecd1497c187d930959110d994081c800b510c78004514a007126494a","diagnostic - NOT registered, and nothing here is proposed for registration"
"part_residual","post_management","2018-2022","pooled","quadratic",115,64,,,,0.33593964318268,,8.20746163810138,,,,,"44_inland","inland",4.23669397484186,"pixel","part (paddock x community)","pixel-weighted by the part's cell count","BETWEEN-UNIT (across parts)","zone_fid (paddock)","77e3ef0aecd1497c187d930959110d994081c800b510c78004514a007126494a","diagnostic - NOT registered, and nothing here is proposed for registration"
"part_residual","post_management","2018-2022","pooled","quadratic",115,64,,,,0.33593964318268,,8.20746163810138,,,,,"45_inland","inland",-5.8229394849366,"pixel","part (paddock x community)","pixel-weighted by the part's cell count","BETWEEN-UNIT (across parts)","zone_fid (paddock)","77e3ef0aecd1497c187d930959110d994081c800b510c78004514a007126494a","diagnostic - NOT registered, and nothing here is proposed for registration"
"part_residual","post_management","2018-2022","pooled","quadratic",115,64,,,,0.33593964318268,,8.20746163810138,,,,,"45_riverine","riverine",-9.74561958728805,"pixel","part (paddock x community)","pixel-weighted by the part's cell count","BETWEEN-UNIT (across parts)","zone_fid (paddock)","77e3ef0aecd1497c187d930959110d994081c800b510c78004514a007126494a","diagnostic - NOT registered, and nothing here is proposed for registration"
"part_residual","post_management","2018-2022","pooled","quadratic",115,64,,,,0.33593964318268,,8.20746163810138,,,,,"46_inland","inland",3.3037360565437,"pixel","part (paddock x community)","pixel-weighted by the part's cell count","BETWEEN-UNIT (across parts)","zone_fid (paddock)","77e3ef0aecd1497c187d930959110d994081c800b510c78004514a007126494a","diagnostic - NOT registered, and nothing here is proposed for registration"
"part_residual","post_management","2018-2022","pooled","quadratic",115,64,,,,0.33593964318268,,8.20746163810138,,,,,"47_inland","inland",-4.19077500239442,"pixel","part (paddock x community)","pixel-weighted by the part's cell count","BETWEEN-UNIT (across parts)","zone_fid (paddock)","77e3ef0aecd1497c187d930959110d994081c800b510c78004514a007126494a","diagnostic - NOT registered, and nothing here is proposed for registration"
"part_residual","post_management","2018-2022","pooled","quadratic",115,64,,,,0.33593964318268,,8.20746163810138,,,,,"48_aeolian","aeolian",9.08509132976163,"pixel","part (paddock x community)","pixel-weighted by the part's cell count","BETWEEN-UNIT (across parts)","zone_fid (paddock)","77e3ef0aecd1497c187d930959110d994081c800b510c78004514a007126494a","diagnostic - NOT registered, and nothing here is proposed for registration"
"part_residual","post_management","2018-2022","pooled","quadratic",115,64,,,,0.33593964318268,,8.20746163810138,,,,,"48_inland","inland",7.44425176529097,"pixel","part (paddock x community)","pixel-weighted by the part's cell count","BETWEEN-UNIT (across parts)","zone_fid (paddock)","77e3ef0aecd1497c187d930959110d994081c800b510c78004514a007126494a","diagnostic - NOT registered, and nothing here is proposed for registration"
"part_residual","post_management","2018-2022","pooled","quadratic",115,64,,,,0.33593964318268,,8.20746163810138,,,,,"48_riverine","riverine",-9.60822907355796,"pixel","part (paddock x community)","pixel-weighted by the part's cell count","BETWEEN-UNIT (across parts)","zone_fid (paddock)","77e3ef0aecd1497c187d930959110d994081c800b510c78004514a007126494a","diagnostic - NOT registered, and nothing here is proposed for registration"
"part_residual","post_management","2018-2022","pooled","quadratic",115,64,,,,0.33593964318268,,8.20746163810138,,,,,"49_inland","inland",7.40834059865131,"pixel","part (paddock x community)","pixel-weighted by the part's cell count","BETWEEN-UNIT (across parts)","zone_fid (paddock)","77e3ef0aecd1497c187d930959110d994081c800b510c78004514a007126494a","diagnostic - NOT registered, and nothing here is proposed for registration"
"part_residual","post_management","2018-2022","pooled","quadratic",115,64,,,,0.33593964318268,,8.20746163810138,,,,,"50_inland","inland",5.82167429769285,"pixel","part (paddock x community)","pixel-weighted by the part's cell count","BETWEEN-UNIT (across parts)","zone_fid (paddock)","77e3ef0aecd1497c187d930959110d994081c800b510c78004514a007126494a","diagnostic - NOT registered, and nothing here is proposed for registration"
"part_residual","post_management","2018-2022","pooled","quadratic",115,64,,,,0.33593964318268,,8.20746163810138,,,,,"51_aeolian","aeolian",14.4075652554298,"pixel","part (paddock x community)","pixel-weighted by the part's cell count","BETWEEN-UNIT (across parts)","zone_fid (paddock)","77e3ef0aecd1497c187d930959110d994081c800b510c78004514a007126494a","diagnostic - NOT registered, and nothing here is proposed for registration"
"part_residual","post_management","2018-2022","pooled","quadratic",115,64,,,,0.33593964318268,,8.20746163810138,,,,,"51_inland","inland",9.07072517511555,"pixel","part (paddock x community)","pixel-weighted by the part's cell count","BETWEEN-UNIT (across parts)","zone_fid (paddock)","77e3ef0aecd1497c187d930959110d994081c800b510c78004514a007126494a","diagnostic - NOT registered, and nothing here is proposed for registration"
"part_residual","post_management","2018-2022","pooled","quadratic",115,64,,,,0.33593964318268,,8.20746163810138,,,,,"51_riverine","riverine",-18.1809521199056,"pixel","part (paddock x community)","pixel-weighted by the part's cell count","BETWEEN-UNIT (across parts)","zone_fid (paddock)","77e3ef0aecd1497c187d930959110d994081c800b510c78004514a007126494a","diagnostic - NOT registered, and nothing here is proposed for registration"
"part_residual","post_management","2018-2022","pooled","quadratic",115,64,,,,0.33593964318268,,8.20746163810138,,,,,"52_inland","inland",11.3721562100189,"pixel","part (paddock x community)","pixel-weighted by the part's cell count","BETWEEN-UNIT (across parts)","zone_fid (paddock)","77e3ef0aecd1497c187d930959110d994081c800b510c78004514a007126494a","diagnostic - NOT registered, and nothing here is proposed for registration"
"part_residual","post_management","2018-2022","pooled","quadratic",115,64,,,,0.33593964318268,,8.20746163810138,,,,,"52_riverine","riverine",-14.1598941107804,"pixel","part (paddock x community)","pixel-weighted by the part's cell count","BETWEEN-UNIT (across parts)","zone_fid (paddock)","77e3ef0aecd1497c187d930959110d994081c800b510c78004514a007126494a","diagnostic - NOT registered, and nothing here is proposed for registration"
"part_residual","post_management","2018-2022","pooled","quadratic",115,64,,,,0.33593964318268,,8.20746163810138,,,,,"53_inland","inland",-6.16742285086721,"pixel","part (paddock x community)","pixel-weighted by the part's cell count","BETWEEN-UNIT (across parts)","zone_fid (paddock)","77e3ef0aecd1497c187d930959110d994081c800b510c78004514a007126494a","diagnostic - NOT registered, and nothing here is proposed for registration"
"part_residual","post_management","2018-2022","pooled","quadratic",115,64,,,,0.33593964318268,,8.20746163810138,,,,,"53_riverine","riverine",4.55795834896038,"pixel","part (paddock x community)","pixel-weighted by the part's cell count","BETWEEN-UNIT (across parts)","zone_fid (paddock)","77e3ef0aecd1497c187d930959110d994081c800b510c78004514a007126494a","diagnostic - NOT registered, and nothing here is proposed for registration"
"part_residual","post_management","2018-2022","pooled","quadratic",115,64,,,,0.33593964318268,,8.20746163810138,,,,,"54_aeolian","aeolian",14.6448675652992,"pixel","part (paddock x community)","pixel-weighted by the part's cell count","BETWEEN-UNIT (across parts)","zone_fid (paddock)","77e3ef0aecd1497c187d930959110d994081c800b510c78004514a007126494a","diagnostic - NOT registered, and nothing here is proposed for registration"
"part_residual","post_management","2018-2022","pooled","quadratic",115,64,,,,0.33593964318268,,8.20746163810138,,,,,"54_riverine","riverine",-11.2373310135076,"pixel","part (paddock x community)","pixel-weighted by the part's cell count","BETWEEN-UNIT (across parts)","zone_fid (paddock)","77e3ef0aecd1497c187d930959110d994081c800b510c78004514a007126494a","diagnostic - NOT registered, and nothing here is proposed for registration"
"part_residual","post_management","2018-2022","pooled","quadratic",115,64,,,,0.33593964318268,,8.20746163810138,,,,,"55_aeolian","aeolian",-2.49916116134246,"pixel","part (paddock x community)","pixel-weighted by the part's cell count","BETWEEN-UNIT (across parts)","zone_fid (paddock)","77e3ef0aecd1497c187d930959110d994081c800b510c78004514a007126494a","diagnostic - NOT registered, and nothing here is proposed for registration"
"part_residual","post_management","2018-2022","pooled","quadratic",115,64,,,,0.33593964318268,,8.20746163810138,,,,,"55_inland","inland",0.305123900729811,"pixel","part (paddock x community)","pixel-weighted by the part's cell count","BETWEEN-UNIT (across parts)","zone_fid (paddock)","77e3ef0aecd1497c187d930959110d994081c800b510c78004514a007126494a","diagnostic - NOT registered, and nothing here is proposed for registration"
"part_residual","post_management","2018-2022","pooled","quadratic",115,64,,,,0.33593964318268,,8.20746163810138,,,,,"55_riverine","riverine",-11.2811512319046,"pixel","part (paddock x community)","pixel-weighted by the part's cell count","BETWEEN-UNIT (across parts)","zone_fid (paddock)","77e3ef0aecd1497c187d930959110d994081c800b510c78004514a007126494a","diagnostic - NOT registered, and nothing here is proposed for registration"
"part_residual","post_management","2018-2022","pooled","quadratic",115,64,,,,0.33593964318268,,8.20746163810138,,,,,"56_aeolian","aeolian",-8.57457437089429,"pixel","part (paddock x community)","pixel-weighted by the part's cell count","BETWEEN-UNIT (across parts)","zone_fid (paddock)","77e3ef0aecd1497c187d930959110d994081c800b510c78004514a007126494a","diagnostic - NOT registered, and nothing here is proposed for registration"
"part_residual","post_management","2018-2022","pooled","quadratic",115,64,,,,0.33593964318268,,8.20746163810138,,,,,"56_inland","inland",-7.3913977922236,"pixel","part (paddock x community)","pixel-weighted by the part's cell count","BETWEEN-UNIT (across parts)","zone_fid (paddock)","77e3ef0aecd1497c187d930959110d994081c800b510c78004514a007126494a","diagnostic - NOT registered, and nothing here is proposed for registration"
"part_residual","post_management","2018-2022","pooled","quadratic",115,64,,,,0.33593964318268,,8.20746163810138,,,,,"56_riverine","riverine",-11.9389658252938,"pixel","part (paddock x community)","pixel-weighted by the part's cell count","BETWEEN-UNIT (across parts)","zone_fid (paddock)","77e3ef0aecd1497c187d930959110d994081c800b510c78004514a007126494a","diagnostic - NOT registered, and nothing here is proposed for registration"
"part_residual","post_management","2018-2022","pooled","quadratic",115,64,,,,0.33593964318268,,8.20746163810138,,,,,"57_aeolian","aeolian",-18.0628381471768,"pixel","part (paddock x community)","pixel-weighted by the part's cell count","BETWEEN-UNIT (across parts)","zone_fid (paddock)","77e3ef0aecd1497c187d930959110d994081c800b510c78004514a007126494a","diagnostic - NOT registered, and nothing here is proposed for registration"
"part_residual","post_management","2018-2022","pooled","quadratic",115,64,,,,0.33593964318268,,8.20746163810138,,,,,"57_inland","inland",-0.339314913926245,"pixel","part (paddock x community)","pixel-weighted by the part's cell count","BETWEEN-UNIT (across parts)","zone_fid (paddock)","77e3ef0aecd1497c187d930959110d994081c800b510c78004514a007126494a","diagnostic - NOT registered, and nothing here is proposed for registration"
"part_residual","post_management","2018-2022","pooled","quadratic",115,64,,,,0.33593964318268,,8.20746163810138,,,,,"57_riverine","riverine",-0.961351621287271,"pixel","part (paddock x community)","pixel-weighted by the part's cell count","BETWEEN-UNIT (across parts)","zone_fid (paddock)","77e3ef0aecd1497c187d930959110d994081c800b510c78004514a007126494a","diagnostic - NOT registered, and nothing here is proposed for registration"
"part_residual","post_management","2018-2022","pooled","quadratic",115,64,,,,0.33593964318268,,8.20746163810138,,,,,"58_aeolian","aeolian",-8.53062649985612,"pixel","part (paddock x community)","pixel-weighted by the part's cell count","BETWEEN-UNIT (across parts)","zone_fid (paddock)","77e3ef0aecd1497c187d930959110d994081c800b510c78004514a007126494a","diagnostic - NOT registered, and nothing here is proposed for registration"
"part_residual","post_management","2018-2022","pooled","quadratic",115,64,,,,0.33593964318268,,8.20746163810138,,,,,"58_inland","inland",-3.21242351109564,"pixel","part (paddock x community)","pixel-weighted by the part's cell count","BETWEEN-UNIT (across parts)","zone_fid (paddock)","77e3ef0aecd1497c187d930959110d994081c800b510c78004514a007126494a","diagnostic - NOT registered, and nothing here is proposed for registration"
"part_residual","post_management","2018-2022","pooled","quadratic",115,64,,,,0.33593964318268,,8.20746163810138,,,,,"58_riverine","riverine",-12.9172327757992,"pixel","part (paddock x community)","pixel-weighted by the part's cell count","BETWEEN-UNIT (across parts)","zone_fid (paddock)","77e3ef0aecd1497c187d930959110d994081c800b510c78004514a007126494a","diagnostic - NOT registered, and nothing here is proposed for registration"
"part_residual","post_management","2018-2022","pooled","quadratic",115,64,,,,0.33593964318268,,8.20746163810138,,,,,"59_aeolian","aeolian",4.37568302770556,"pixel","part (paddock x community)","pixel-weighted by the part's cell count","BETWEEN-UNIT (across parts)","zone_fid (paddock)","77e3ef0aecd1497c187d930959110d994081c800b510c78004514a007126494a","diagnostic - NOT registered, and nothing here is proposed for registration"
"part_residual","post_management","2018-2022","pooled","quadratic",115,64,,,,0.33593964318268,,8.20746163810138,,,,,"59_riverine","riverine",-12.1835609075233,"pixel","part (paddock x community)","pixel-weighted by the part's cell count","BETWEEN-UNIT (across parts)","zone_fid (paddock)","77e3ef0aecd1497c187d930959110d994081c800b510c78004514a007126494a","diagnostic - NOT registered, and nothing here is proposed for registration"
"part_residual","post_management","2018-2022","pooled","quadratic",115,64,,,,0.33593964318268,,8.20746163810138,,,,,"60_aeolian","aeolian",7.21503878812459,"pixel","part (paddock x community)","pixel-weighted by the part's cell count","BETWEEN-UNIT (across parts)","zone_fid (paddock)","77e3ef0aecd1497c187d930959110d994081c800b510c78004514a007126494a","diagnostic - NOT registered, and nothing here is proposed for registration"
"part_residual","post_management","2018-2022","pooled","quadratic",115,64,,,,0.33593964318268,,8.20746163810138,,,,,"60_riverine","riverine",5.69845442150853,"pixel","part (paddock x community)","pixel-weighted by the part's cell count","BETWEEN-UNIT (across parts)","zone_fid (paddock)","77e3ef0aecd1497c187d930959110d994081c800b510c78004514a007126494a","diagnostic - NOT registered, and nothing here is proposed for registration"
"part_residual","post_management","2018-2022","pooled","quadratic",115,64,,,,0.33593964318268,,8.20746163810138,,,,,"61_aeolian","aeolian",8.14345103483953,"pixel","part (paddock x community)","pixel-weighted by the part's cell count","BETWEEN-UNIT (across parts)","zone_fid (paddock)","77e3ef0aecd1497c187d930959110d994081c800b510c78004514a007126494a","diagnostic - NOT registered, and nothing here is proposed for registration"
"part_residual","post_management","2018-2022","pooled","quadratic",115,64,,,,0.33593964318268,,8.20746163810138,,,,,"61_inland","inland",9.97911468005897,"pixel","part (paddock x community)","pixel-weighted by the part's cell count","BETWEEN-UNIT (across parts)","zone_fid (paddock)","77e3ef0aecd1497c187d930959110d994081c800b510c78004514a007126494a","diagnostic - NOT registered, and nothing here is proposed for registration"
"part_residual","post_management","2018-2022","pooled","quadratic",115,64,,,,0.33593964318268,,8.20746163810138,,,,,"61_riverine","riverine",-11.3258844236557,"pixel","part (paddock x community)","pixel-weighted by the part's cell count","BETWEEN-UNIT (across parts)","zone_fid (paddock)","77e3ef0aecd1497c187d930959110d994081c800b510c78004514a007126494a","diagnostic - NOT registered, and nothing here is proposed for registration"
"part_residual","post_management","2018-2022","pooled","quadratic",115,64,,,,0.33593964318268,,8.20746163810138,,,,,"62_aeolian","aeolian",8.00662807006739,"pixel","part (paddock x community)","pixel-weighted by the part's cell count","BETWEEN-UNIT (across parts)","zone_fid (paddock)","77e3ef0aecd1497c187d930959110d994081c800b510c78004514a007126494a","diagnostic - NOT registered, and nothing here is proposed for registration"
"part_residual","post_management","2018-2022","pooled","quadratic",115,64,,,,0.33593964318268,,8.20746163810138,,,,,"62_inland","inland",0.00560669258989321,"pixel","part (paddock x community)","pixel-weighted by the part's cell count","BETWEEN-UNIT (across parts)","zone_fid (paddock)","77e3ef0aecd1497c187d930959110d994081c800b510c78004514a007126494a","diagnostic - NOT registered, and nothing here is proposed for registration"
"part_residual","post_management","2018-2022","pooled","quadratic",115,64,,,,0.33593964318268,,8.20746163810138,,,,,"62_riverine","riverine",-32.2689153390319,"pixel","part (paddock x community)","pixel-weighted by the part's cell count","BETWEEN-UNIT (across parts)","zone_fid (paddock)","77e3ef0aecd1497c187d930959110d994081c800b510c78004514a007126494a","diagnostic - NOT registered, and nothing here is proposed for registration"
"part_residual","post_management","2018-2022","pooled","quadratic",115,64,,,,0.33593964318268,,8.20746163810138,,,,,"63_aeolian","aeolian",13.0275882047554,"pixel","part (paddock x community)","pixel-weighted by the part's cell count","BETWEEN-UNIT (across parts)","zone_fid (paddock)","77e3ef0aecd1497c187d930959110d994081c800b510c78004514a007126494a","diagnostic - NOT registered, and nothing here is proposed for registration"
"part_residual","post_management","2018-2022","pooled","quadratic",115,64,,,,0.33593964318268,,8.20746163810138,,,,,"63_inland","inland",-2.17369910617408,"pixel","part (paddock x community)","pixel-weighted by the part's cell count","BETWEEN-UNIT (across parts)","zone_fid (paddock)","77e3ef0aecd1497c187d930959110d994081c800b510c78004514a007126494a","diagnostic - NOT registered, and nothing here is proposed for registration"
"part_residual","post_management","2018-2022","pooled","quadratic",115,64,,,,0.33593964318268,,8.20746163810138,,,,,"63_riverine","riverine",-19.2396116892669,"pixel","part (paddock x community)","pixel-weighted by the part's cell count","BETWEEN-UNIT (across parts)","zone_fid (paddock)","77e3ef0aecd1497c187d930959110d994081c800b510c78004514a007126494a","diagnostic - NOT registered, and nothing here is proposed for registration"
"part_residual","post_management","2018-2022","pooled","quadratic",115,64,,,,0.33593964318268,,8.20746163810138,,,,,"64_inland","inland",2.37383693307885,"pixel","part (paddock x community)","pixel-weighted by the part's cell count","BETWEEN-UNIT (across parts)","zone_fid (paddock)","77e3ef0aecd1497c187d930959110d994081c800b510c78004514a007126494a","diagnostic - NOT registered, and nothing here is proposed for registration"
"part_residual","post_management","2018-2022","pooled","quadratic",115,64,,,,0.33593964318268,,8.20746163810138,,,,,"64_riverine","riverine",-1.7783290029401,"pixel","part (paddock x community)","pixel-weighted by the part's cell count","BETWEEN-UNIT (across parts)","zone_fid (paddock)","77e3ef0aecd1497c187d930959110d994081c800b510c78004514a007126494a","diagnostic - NOT registered, and nothing here is proposed for registration"
"part_residual","post_management","2018-2022","pooled","sqrt_x",115,64,,,,0.314626715843981,,8.33813015669881,,,,,"01_inland","inland",-3.29402961186426,"pixel","part (paddock x community)","pixel-weighted by the part's cell count","BETWEEN-UNIT (across parts)","zone_fid (paddock)","77e3ef0aecd1497c187d930959110d994081c800b510c78004514a007126494a","diagnostic - NOT registered, and nothing here is proposed for registration"
"part_residual","post_management","2018-2022","pooled","sqrt_x",115,64,,,,0.314626715843981,,8.33813015669881,,,,,"01_riverine","riverine",-10.785627092253,"pixel","part (paddock x community)","pixel-weighted by the part's cell count","BETWEEN-UNIT (across parts)","zone_fid (paddock)","77e3ef0aecd1497c187d930959110d994081c800b510c78004514a007126494a","diagnostic - NOT registered, and nothing here is proposed for registration"
"part_residual","post_management","2018-2022","pooled","sqrt_x",115,64,,,,0.314626715843981,,8.33813015669881,,,,,"02_inland","inland",-1.63557423615561,"pixel","part (paddock x community)","pixel-weighted by the part's cell count","BETWEEN-UNIT (across parts)","zone_fid (paddock)","77e3ef0aecd1497c187d930959110d994081c800b510c78004514a007126494a","diagnostic - NOT registered, and nothing here is proposed for registration"
"part_residual","post_management","2018-2022","pooled","sqrt_x",115,64,,,,0.314626715843981,,8.33813015669881,,,,,"03_inland","inland",0.172448644116969,"pixel","part (paddock x community)","pixel-weighted by the part's cell count","BETWEEN-UNIT (across parts)","zone_fid (paddock)","77e3ef0aecd1497c187d930959110d994081c800b510c78004514a007126494a","diagnostic - NOT registered, and nothing here is proposed for registration"
"part_residual","post_management","2018-2022","pooled","sqrt_x",115,64,,,,0.314626715843981,,8.33813015669881,,,,,"03_riverine","riverine",0.137590714129317,"pixel","part (paddock x community)","pixel-weighted by the part's cell count","BETWEEN-UNIT (across parts)","zone_fid (paddock)","77e3ef0aecd1497c187d930959110d994081c800b510c78004514a007126494a","diagnostic - NOT registered, and nothing here is proposed for registration"
"part_residual","post_management","2018-2022","pooled","sqrt_x",115,64,,,,0.314626715843981,,8.33813015669881,,,,,"04_aeolian","aeolian",-14.3726648546854,"pixel","part (paddock x community)","pixel-weighted by the part's cell count","BETWEEN-UNIT (across parts)","zone_fid (paddock)","77e3ef0aecd1497c187d930959110d994081c800b510c78004514a007126494a","diagnostic - NOT registered, and nothing here is proposed for registration"
"part_residual","post_management","2018-2022","pooled","sqrt_x",115,64,,,,0.314626715843981,,8.33813015669881,,,,,"04_inland","inland",-1.29683600737773,"pixel","part (paddock x community)","pixel-weighted by the part's cell count","BETWEEN-UNIT (across parts)","zone_fid (paddock)","77e3ef0aecd1497c187d930959110d994081c800b510c78004514a007126494a","diagnostic - NOT registered, and nothing here is proposed for registration"
"part_residual","post_management","2018-2022","pooled","sqrt_x",115,64,,,,0.314626715843981,,8.33813015669881,,,,,"04_riverine","riverine",-15.6646153564576,"pixel","part (paddock x community)","pixel-weighted by the part's cell count","BETWEEN-UNIT (across parts)","zone_fid (paddock)","77e3ef0aecd1497c187d930959110d994081c800b510c78004514a007126494a","diagnostic - NOT registered, and nothing here is proposed for registration"
"part_residual","post_management","2018-2022","pooled","sqrt_x",115,64,,,,0.314626715843981,,8.33813015669881,,,,,"05_inland","inland",5.50552361378692,"pixel","part (paddock x community)","pixel-weighted by the part's cell count","BETWEEN-UNIT (across parts)","zone_fid (paddock)","77e3ef0aecd1497c187d930959110d994081c800b510c78004514a007126494a","diagnostic - NOT registered, and nothing here is proposed for registration"
"part_residual","post_management","2018-2022","pooled","sqrt_x",115,64,,,,0.314626715843981,,8.33813015669881,,,,,"05_riverine","riverine",9.23020522053073,"pixel","part (paddock x community)","pixel-weighted by the part's cell count","BETWEEN-UNIT (across parts)","zone_fid (paddock)","77e3ef0aecd1497c187d930959110d994081c800b510c78004514a007126494a","diagnostic - NOT registered, and nothing here is proposed for registration"
"part_residual","post_management","2018-2022","pooled","sqrt_x",115,64,,,,0.314626715843981,,8.33813015669881,,,,,"06_inland","inland",11.8031750686347,"pixel","part (paddock x community)","pixel-weighted by the part's cell count","BETWEEN-UNIT (across parts)","zone_fid (paddock)","77e3ef0aecd1497c187d930959110d994081c800b510c78004514a007126494a","diagnostic - NOT registered, and nothing here is proposed for registration"
"part_residual","post_management","2018-2022","pooled","sqrt_x",115,64,,,,0.314626715843981,,8.33813015669881,,,,,"06_riverine","riverine",11.7575497065184,"pixel","part (paddock x community)","pixel-weighted by the part's cell count","BETWEEN-UNIT (across parts)","zone_fid (paddock)","77e3ef0aecd1497c187d930959110d994081c800b510c78004514a007126494a","diagnostic - NOT registered, and nothing here is proposed for registration"
"part_residual","post_management","2018-2022","pooled","sqrt_x",115,64,,,,0.314626715843981,,8.33813015669881,,,,,"07_inland","inland",1.30366950219824,"pixel","part (paddock x community)","pixel-weighted by the part's cell count","BETWEEN-UNIT (across parts)","zone_fid (paddock)","77e3ef0aecd1497c187d930959110d994081c800b510c78004514a007126494a","diagnostic - NOT registered, and nothing here is proposed for registration"
"part_residual","post_management","2018-2022","pooled","sqrt_x",115,64,,,,0.314626715843981,,8.33813015669881,,,,,"08_inland","inland",10.3004961732741,"pixel","part (paddock x community)","pixel-weighted by the part's cell count","BETWEEN-UNIT (across parts)","zone_fid (paddock)","77e3ef0aecd1497c187d930959110d994081c800b510c78004514a007126494a","diagnostic - NOT registered, and nothing here is proposed for registration"
"part_residual","post_management","2018-2022","pooled","sqrt_x",115,64,,,,0.314626715843981,,8.33813015669881,,,,,"09_inland","inland",8.18110475854684,"pixel","part (paddock x community)","pixel-weighted by the part's cell count","BETWEEN-UNIT (across parts)","zone_fid (paddock)","77e3ef0aecd1497c187d930959110d994081c800b510c78004514a007126494a","diagnostic - NOT registered, and nothing here is proposed for registration"
"part_residual","post_management","2018-2022","pooled","sqrt_x",115,64,,,,0.314626715843981,,8.33813015669881,,,,,"09_riverine","riverine",9.57754470105872,"pixel","part (paddock x community)","pixel-weighted by the part's cell count","BETWEEN-UNIT (across parts)","zone_fid (paddock)","77e3ef0aecd1497c187d930959110d994081c800b510c78004514a007126494a","diagnostic - NOT registered, and nothing here is proposed for registration"
"part_residual","post_management","2018-2022","pooled","sqrt_x",115,64,,,,0.314626715843981,,8.33813015669881,,,,,"10_inland","inland",14.2534117890483,"pixel","part (paddock x community)","pixel-weighted by the part's cell count","BETWEEN-UNIT (across parts)","zone_fid (paddock)","77e3ef0aecd1497c187d930959110d994081c800b510c78004514a007126494a","diagnostic - NOT registered, and nothing here is proposed for registration"
"part_residual","post_management","2018-2022","pooled","sqrt_x",115,64,,,,0.314626715843981,,8.33813015669881,,,,,"10_riverine","riverine",16.9929556883955,"pixel","part (paddock x community)","pixel-weighted by the part's cell count","BETWEEN-UNIT (across parts)","zone_fid (paddock)","77e3ef0aecd1497c187d930959110d994081c800b510c78004514a007126494a","diagnostic - NOT registered, and nothing here is proposed for registration"
"part_residual","post_management","2018-2022","pooled","sqrt_x",115,64,,,,0.314626715843981,,8.33813015669881,,,,,"11_inland","inland",-0.497253708539589,"pixel","part (paddock x community)","pixel-weighted by the part's cell count","BETWEEN-UNIT (across parts)","zone_fid (paddock)","77e3ef0aecd1497c187d930959110d994081c800b510c78004514a007126494a","diagnostic - NOT registered, and nothing here is proposed for registration"
"part_residual","post_management","2018-2022","pooled","sqrt_x",115,64,,,,0.314626715843981,,8.33813015669881,,,,,"12_inland","inland",-4.64225657300918,"pixel","part (paddock x community)","pixel-weighted by the part's cell count","BETWEEN-UNIT (across parts)","zone_fid (paddock)","77e3ef0aecd1497c187d930959110d994081c800b510c78004514a007126494a","diagnostic - NOT registered, and nothing here is proposed for registration"
"part_residual","post_management","2018-2022","pooled","sqrt_x",115,64,,,,0.314626715843981,,8.33813015669881,,,,,"12_riverine","riverine",-11.303468271741,"pixel","part (paddock x community)","pixel-weighted by the part's cell count","BETWEEN-UNIT (across parts)","zone_fid (paddock)","77e3ef0aecd1497c187d930959110d994081c800b510c78004514a007126494a","diagnostic - NOT registered, and nothing here is proposed for registration"
"part_residual","post_management","2018-2022","pooled","sqrt_x",115,64,,,,0.314626715843981,,8.33813015669881,,,,,"13_inland","inland",2.76505620241532,"pixel","part (paddock x community)","pixel-weighted by the part's cell count","BETWEEN-UNIT (across parts)","zone_fid (paddock)","77e3ef0aecd1497c187d930959110d994081c800b510c78004514a007126494a","diagnostic - NOT registered, and nothing here is proposed for registration"
"part_residual","post_management","2018-2022","pooled","sqrt_x",115,64,,,,0.314626715843981,,8.33813015669881,,,,,"14_inland","inland",-7.84844507434406,"pixel","part (paddock x community)","pixel-weighted by the part's cell count","BETWEEN-UNIT (across parts)","zone_fid (paddock)","77e3ef0aecd1497c187d930959110d994081c800b510c78004514a007126494a","diagnostic - NOT registered, and nothing here is proposed for registration"
"part_residual","post_management","2018-2022","pooled","sqrt_x",115,64,,,,0.314626715843981,,8.33813015669881,,,,,"15_inland","inland",5.1044856643384,"pixel","part (paddock x community)","pixel-weighted by the part's cell count","BETWEEN-UNIT (across parts)","zone_fid (paddock)","77e3ef0aecd1497c187d930959110d994081c800b510c78004514a007126494a","diagnostic - NOT registered, and nothing here is proposed for registration"
"part_residual","post_management","2018-2022","pooled","sqrt_x",115,64,,,,0.314626715843981,,8.33813015669881,,,,,"16_inland","inland",4.79759338933748,"pixel","part (paddock x community)","pixel-weighted by the part's cell count","BETWEEN-UNIT (across parts)","zone_fid (paddock)","77e3ef0aecd1497c187d930959110d994081c800b510c78004514a007126494a","diagnostic - NOT registered, and nothing here is proposed for registration"
"part_residual","post_management","2018-2022","pooled","sqrt_x",115,64,,,,0.314626715843981,,8.33813015669881,,,,,"16_riverine","riverine",6.65934127313417,"pixel","part (paddock x community)","pixel-weighted by the part's cell count","BETWEEN-UNIT (across parts)","zone_fid (paddock)","77e3ef0aecd1497c187d930959110d994081c800b510c78004514a007126494a","diagnostic - NOT registered, and nothing here is proposed for registration"
"part_residual","post_management","2018-2022","pooled","sqrt_x",115,64,,,,0.314626715843981,,8.33813015669881,,,,,"17_inland","inland",4.6931258351462,"pixel","part (paddock x community)","pixel-weighted by the part's cell count","BETWEEN-UNIT (across parts)","zone_fid (paddock)","77e3ef0aecd1497c187d930959110d994081c800b510c78004514a007126494a","diagnostic - NOT registered, and nothing here is proposed for registration"
"part_residual","post_management","2018-2022","pooled","sqrt_x",115,64,,,,0.314626715843981,,8.33813015669881,,,,,"18_aeolian","aeolian",-8.20459195230731,"pixel","part (paddock x community)","pixel-weighted by the part's cell count","BETWEEN-UNIT (across parts)","zone_fid (paddock)","77e3ef0aecd1497c187d930959110d994081c800b510c78004514a007126494a","diagnostic - NOT registered, and nothing here is proposed for registration"
"part_residual","post_management","2018-2022","pooled","sqrt_x",115,64,,,,0.314626715843981,,8.33813015669881,,,,,"18_inland","inland",3.47333338940425,"pixel","part (paddock x community)","pixel-weighted by the part's cell count","BETWEEN-UNIT (across parts)","zone_fid (paddock)","77e3ef0aecd1497c187d930959110d994081c800b510c78004514a007126494a","diagnostic - NOT registered, and nothing here is proposed for registration"
"part_residual","post_management","2018-2022","pooled","sqrt_x",115,64,,,,0.314626715843981,,8.33813015669881,,,,,"18_riverine","riverine",-4.63522375678257,"pixel","part (paddock x community)","pixel-weighted by the part's cell count","BETWEEN-UNIT (across parts)","zone_fid (paddock)","77e3ef0aecd1497c187d930959110d994081c800b510c78004514a007126494a","diagnostic - NOT registered, and nothing here is proposed for registration"
"part_residual","post_management","2018-2022","pooled","sqrt_x",115,64,,,,0.314626715843981,,8.33813015669881,,,,,"19_inland","inland",1.68701337528711,"pixel","part (paddock x community)","pixel-weighted by the part's cell count","BETWEEN-UNIT (across parts)","zone_fid (paddock)","77e3ef0aecd1497c187d930959110d994081c800b510c78004514a007126494a","diagnostic - NOT registered, and nothing here is proposed for registration"
"part_residual","post_management","2018-2022","pooled","sqrt_x",115,64,,,,0.314626715843981,,8.33813015669881,,,,,"20_inland","inland",10.4820373605562,"pixel","part (paddock x community)","pixel-weighted by the part's cell count","BETWEEN-UNIT (across parts)","zone_fid (paddock)","77e3ef0aecd1497c187d930959110d994081c800b510c78004514a007126494a","diagnostic - NOT registered, and nothing here is proposed for registration"
"part_residual","post_management","2018-2022","pooled","sqrt_x",115,64,,,,0.314626715843981,,8.33813015669881,,,,,"21_inland","inland",-0.688549253589017,"pixel","part (paddock x community)","pixel-weighted by the part's cell count","BETWEEN-UNIT (across parts)","zone_fid (paddock)","77e3ef0aecd1497c187d930959110d994081c800b510c78004514a007126494a","diagnostic - NOT registered, and nothing here is proposed for registration"
"part_residual","post_management","2018-2022","pooled","sqrt_x",115,64,,,,0.314626715843981,,8.33813015669881,,,,,"21_riverine","riverine",-11.1359036996937,"pixel","part (paddock x community)","pixel-weighted by the part's cell count","BETWEEN-UNIT (across parts)","zone_fid (paddock)","77e3ef0aecd1497c187d930959110d994081c800b510c78004514a007126494a","diagnostic - NOT registered, and nothing here is proposed for registration"
"part_residual","post_management","2018-2022","pooled","sqrt_x",115,64,,,,0.314626715843981,,8.33813015669881,,,,,"22_inland","inland",1.70803392198376,"pixel","part (paddock x community)","pixel-weighted by the part's cell count","BETWEEN-UNIT (across parts)","zone_fid (paddock)","77e3ef0aecd1497c187d930959110d994081c800b510c78004514a007126494a","diagnostic - NOT registered, and nothing here is proposed for registration"
"part_residual","post_management","2018-2022","pooled","sqrt_x",115,64,,,,0.314626715843981,,8.33813015669881,,,,,"23_inland","inland",-4.70546165312751,"pixel","part (paddock x community)","pixel-weighted by the part's cell count","BETWEEN-UNIT (across parts)","zone_fid (paddock)","77e3ef0aecd1497c187d930959110d994081c800b510c78004514a007126494a","diagnostic - NOT registered, and nothing here is proposed for registration"
"part_residual","post_management","2018-2022","pooled","sqrt_x",115,64,,,,0.314626715843981,,8.33813015669881,,,,,"24_inland","inland",2.49117553339103,"pixel","part (paddock x community)","pixel-weighted by the part's cell count","BETWEEN-UNIT (across parts)","zone_fid (paddock)","77e3ef0aecd1497c187d930959110d994081c800b510c78004514a007126494a","diagnostic - NOT registered, and nothing here is proposed for registration"
"part_residual","post_management","2018-2022","pooled","sqrt_x",115,64,,,,0.314626715843981,,8.33813015669881,,,,,"24_riverine","riverine",-17.1171341541583,"pixel","part (paddock x community)","pixel-weighted by the part's cell count","BETWEEN-UNIT (across parts)","zone_fid (paddock)","77e3ef0aecd1497c187d930959110d994081c800b510c78004514a007126494a","diagnostic - NOT registered, and nothing here is proposed for registration"
"part_residual","post_management","2018-2022","pooled","sqrt_x",115,64,,,,0.314626715843981,,8.33813015669881,,,,,"25_inland","inland",0.631130843056496,"pixel","part (paddock x community)","pixel-weighted by the part's cell count","BETWEEN-UNIT (across parts)","zone_fid (paddock)","77e3ef0aecd1497c187d930959110d994081c800b510c78004514a007126494a","diagnostic - NOT registered, and nothing here is proposed for registration"
"part_residual","post_management","2018-2022","pooled","sqrt_x",115,64,,,,0.314626715843981,,8.33813015669881,,,,,"25_riverine","riverine",-15.8620328378528,"pixel","part (paddock x community)","pixel-weighted by the part's cell count","BETWEEN-UNIT (across parts)","zone_fid (paddock)","77e3ef0aecd1497c187d930959110d994081c800b510c78004514a007126494a","diagnostic - NOT registered, and nothing here is proposed for registration"
"part_residual","post_management","2018-2022","pooled","sqrt_x",115,64,,,,0.314626715843981,,8.33813015669881,,,,,"26_inland","inland",10.6492514170437,"pixel","part (paddock x community)","pixel-weighted by the part's cell count","BETWEEN-UNIT (across parts)","zone_fid (paddock)","77e3ef0aecd1497c187d930959110d994081c800b510c78004514a007126494a","diagnostic - NOT registered, and nothing here is proposed for registration"
"part_residual","post_management","2018-2022","pooled","sqrt_x",115,64,,,,0.314626715843981,,8.33813015669881,,,,,"26_riverine","riverine",-6.59619229103264,"pixel","part (paddock x community)","pixel-weighted by the part's cell count","BETWEEN-UNIT (across parts)","zone_fid (paddock)","77e3ef0aecd1497c187d930959110d994081c800b510c78004514a007126494a","diagnostic - NOT registered, and nothing here is proposed for registration"
"part_residual","post_management","2018-2022","pooled","sqrt_x",115,64,,,,0.314626715843981,,8.33813015669881,,,,,"27_inland","inland",6.4073969892563,"pixel","part (paddock x community)","pixel-weighted by the part's cell count","BETWEEN-UNIT (across parts)","zone_fid (paddock)","77e3ef0aecd1497c187d930959110d994081c800b510c78004514a007126494a","diagnostic - NOT registered, and nothing here is proposed for registration"
"part_residual","post_management","2018-2022","pooled","sqrt_x",115,64,,,,0.314626715843981,,8.33813015669881,,,,,"27_riverine","riverine",12.920769969149,"pixel","part (paddock x community)","pixel-weighted by the part's cell count","BETWEEN-UNIT (across parts)","zone_fid (paddock)","77e3ef0aecd1497c187d930959110d994081c800b510c78004514a007126494a","diagnostic - NOT registered, and nothing here is proposed for registration"
"part_residual","post_management","2018-2022","pooled","sqrt_x",115,64,,,,0.314626715843981,,8.33813015669881,,,,,"28_inland","inland",-2.33268023445144,"pixel","part (paddock x community)","pixel-weighted by the part's cell count","BETWEEN-UNIT (across parts)","zone_fid (paddock)","77e3ef0aecd1497c187d930959110d994081c800b510c78004514a007126494a","diagnostic - NOT registered, and nothing here is proposed for registration"
"part_residual","post_management","2018-2022","pooled","sqrt_x",115,64,,,,0.314626715843981,,8.33813015669881,,,,,"28_riverine","riverine",-11.3232468418627,"pixel","part (paddock x community)","pixel-weighted by the part's cell count","BETWEEN-UNIT (across parts)","zone_fid (paddock)","77e3ef0aecd1497c187d930959110d994081c800b510c78004514a007126494a","diagnostic - NOT registered, and nothing here is proposed for registration"
"part_residual","post_management","2018-2022","pooled","sqrt_x",115,64,,,,0.314626715843981,,8.33813015669881,,,,,"29_inland","inland",4.00101092176673,"pixel","part (paddock x community)","pixel-weighted by the part's cell count","BETWEEN-UNIT (across parts)","zone_fid (paddock)","77e3ef0aecd1497c187d930959110d994081c800b510c78004514a007126494a","diagnostic - NOT registered, and nothing here is proposed for registration"
"part_residual","post_management","2018-2022","pooled","sqrt_x",115,64,,,,0.314626715843981,,8.33813015669881,,,,,"30_inland","inland",2.47308195354137,"pixel","part (paddock x community)","pixel-weighted by the part's cell count","BETWEEN-UNIT (across parts)","zone_fid (paddock)","77e3ef0aecd1497c187d930959110d994081c800b510c78004514a007126494a","diagnostic - NOT registered, and nothing here is proposed for registration"
"part_residual","post_management","2018-2022","pooled","sqrt_x",115,64,,,,0.314626715843981,,8.33813015669881,,,,,"31_aeolian","aeolian",18.3901058756149,"pixel","part (paddock x community)","pixel-weighted by the part's cell count","BETWEEN-UNIT (across parts)","zone_fid (paddock)","77e3ef0aecd1497c187d930959110d994081c800b510c78004514a007126494a","diagnostic - NOT registered, and nothing here is proposed for registration"
"part_residual","post_management","2018-2022","pooled","sqrt_x",115,64,,,,0.314626715843981,,8.33813015669881,,,,,"31_inland","inland",3.31817493368424,"pixel","part (paddock x community)","pixel-weighted by the part's cell count","BETWEEN-UNIT (across parts)","zone_fid (paddock)","77e3ef0aecd1497c187d930959110d994081c800b510c78004514a007126494a","diagnostic - NOT registered, and nothing here is proposed for registration"
"part_residual","post_management","2018-2022","pooled","sqrt_x",115,64,,,,0.314626715843981,,8.33813015669881,,,,,"31_riverine","riverine",1.73206418959971,"pixel","part (paddock x community)","pixel-weighted by the part's cell count","BETWEEN-UNIT (across parts)","zone_fid (paddock)","77e3ef0aecd1497c187d930959110d994081c800b510c78004514a007126494a","diagnostic - NOT registered, and nothing here is proposed for registration"
"part_residual","post_management","2018-2022","pooled","sqrt_x",115,64,,,,0.314626715843981,,8.33813015669881,,,,,"32_inland","inland",4.09877219763349,"pixel","part (paddock x community)","pixel-weighted by the part's cell count","BETWEEN-UNIT (across parts)","zone_fid (paddock)","77e3ef0aecd1497c187d930959110d994081c800b510c78004514a007126494a","diagnostic - NOT registered, and nothing here is proposed for registration"
"part_residual","post_management","2018-2022","pooled","sqrt_x",115,64,,,,0.314626715843981,,8.33813015669881,,,,,"32_riverine","riverine",8.95145391312535,"pixel","part (paddock x community)","pixel-weighted by the part's cell count","BETWEEN-UNIT (across parts)","zone_fid (paddock)","77e3ef0aecd1497c187d930959110d994081c800b510c78004514a007126494a","diagnostic - NOT registered, and nothing here is proposed for registration"
"part_residual","post_management","2018-2022","pooled","sqrt_x",115,64,,,,0.314626715843981,,8.33813015669881,,,,,"33_inland","inland",2.58315764134603,"pixel","part (paddock x community)","pixel-weighted by the part's cell count","BETWEEN-UNIT (across parts)","zone_fid (paddock)","77e3ef0aecd1497c187d930959110d994081c800b510c78004514a007126494a","diagnostic - NOT registered, and nothing here is proposed for registration"
"part_residual","post_management","2018-2022","pooled","sqrt_x",115,64,,,,0.314626715843981,,8.33813015669881,,,,,"34_inland","inland",6.5933149914526,"pixel","part (paddock x community)","pixel-weighted by the part's cell count","BETWEEN-UNIT (across parts)","zone_fid (paddock)","77e3ef0aecd1497c187d930959110d994081c800b510c78004514a007126494a","diagnostic - NOT registered, and nothing here is proposed for registration"
"part_residual","post_management","2018-2022","pooled","sqrt_x",115,64,,,,0.314626715843981,,8.33813015669881,,,,,"35_inland","inland",3.69737324058548,"pixel","part (paddock x community)","pixel-weighted by the part's cell count","BETWEEN-UNIT (across parts)","zone_fid (paddock)","77e3ef0aecd1497c187d930959110d994081c800b510c78004514a007126494a","diagnostic - NOT registered, and nothing here is proposed for registration"
"part_residual","post_management","2018-2022","pooled","sqrt_x",115,64,,,,0.314626715843981,,8.33813015669881,,,,,"36_inland","inland",10.0714351100062,"pixel","part (paddock x community)","pixel-weighted by the part's cell count","BETWEEN-UNIT (across parts)","zone_fid (paddock)","77e3ef0aecd1497c187d930959110d994081c800b510c78004514a007126494a","diagnostic - NOT registered, and nothing here is proposed for registration"
"part_residual","post_management","2018-2022","pooled","sqrt_x",115,64,,,,0.314626715843981,,8.33813015669881,,,,,"37_aeolian","aeolian",5.94919569533248,"pixel","part (paddock x community)","pixel-weighted by the part's cell count","BETWEEN-UNIT (across parts)","zone_fid (paddock)","77e3ef0aecd1497c187d930959110d994081c800b510c78004514a007126494a","diagnostic - NOT registered, and nothing here is proposed for registration"
"part_residual","post_management","2018-2022","pooled","sqrt_x",115,64,,,,0.314626715843981,,8.33813015669881,,,,,"37_inland","inland",4.18709329631335,"pixel","part (paddock x community)","pixel-weighted by the part's cell count","BETWEEN-UNIT (across parts)","zone_fid (paddock)","77e3ef0aecd1497c187d930959110d994081c800b510c78004514a007126494a","diagnostic - NOT registered, and nothing here is proposed for registration"
"part_residual","post_management","2018-2022","pooled","sqrt_x",115,64,,,,0.314626715843981,,8.33813015669881,,,,,"37_riverine","riverine",-1.4468060359379,"pixel","part (paddock x community)","pixel-weighted by the part's cell count","BETWEEN-UNIT (across parts)","zone_fid (paddock)","77e3ef0aecd1497c187d930959110d994081c800b510c78004514a007126494a","diagnostic - NOT registered, and nothing here is proposed for registration"
"part_residual","post_management","2018-2022","pooled","sqrt_x",115,64,,,,0.314626715843981,,8.33813015669881,,,,,"38_aeolian","aeolian",13.469896717755,"pixel","part (paddock x community)","pixel-weighted by the part's cell count","BETWEEN-UNIT (across parts)","zone_fid (paddock)","77e3ef0aecd1497c187d930959110d994081c800b510c78004514a007126494a","diagnostic - NOT registered, and nothing here is proposed for registration"
"part_residual","post_management","2018-2022","pooled","sqrt_x",115,64,,,,0.314626715843981,,8.33813015669881,,,,,"38_inland","inland",7.46075744265588,"pixel","part (paddock x community)","pixel-weighted by the part's cell count","BETWEEN-UNIT (across parts)","zone_fid (paddock)","77e3ef0aecd1497c187d930959110d994081c800b510c78004514a007126494a","diagnostic - NOT registered, and nothing here is proposed for registration"
"part_residual","post_management","2018-2022","pooled","sqrt_x",115,64,,,,0.314626715843981,,8.33813015669881,,,,,"38_riverine","riverine",-0.424269190135909,"pixel","part (paddock x community)","pixel-weighted by the part's cell count","BETWEEN-UNIT (across parts)","zone_fid (paddock)","77e3ef0aecd1497c187d930959110d994081c800b510c78004514a007126494a","diagnostic - NOT registered, and nothing here is proposed for registration"
"part_residual","post_management","2018-2022","pooled","sqrt_x",115,64,,,,0.314626715843981,,8.33813015669881,,,,,"39_inland","inland",-3.73769406328929,"pixel","part (paddock x community)","pixel-weighted by the part's cell count","BETWEEN-UNIT (across parts)","zone_fid (paddock)","77e3ef0aecd1497c187d930959110d994081c800b510c78004514a007126494a","diagnostic - NOT registered, and nothing here is proposed for registration"
"part_residual","post_management","2018-2022","pooled","sqrt_x",115,64,,,,0.314626715843981,,8.33813015669881,,,,,"39_riverine","riverine",-17.9272067678959,"pixel","part (paddock x community)","pixel-weighted by the part's cell count","BETWEEN-UNIT (across parts)","zone_fid (paddock)","77e3ef0aecd1497c187d930959110d994081c800b510c78004514a007126494a","diagnostic - NOT registered, and nothing here is proposed for registration"
"part_residual","post_management","2018-2022","pooled","sqrt_x",115,64,,,,0.314626715843981,,8.33813015669881,,,,,"40_inland","inland",5.3894572268272,"pixel","part (paddock x community)","pixel-weighted by the part's cell count","BETWEEN-UNIT (across parts)","zone_fid (paddock)","77e3ef0aecd1497c187d930959110d994081c800b510c78004514a007126494a","diagnostic - NOT registered, and nothing here is proposed for registration"
"part_residual","post_management","2018-2022","pooled","sqrt_x",115,64,,,,0.314626715843981,,8.33813015669881,,,,,"41_inland","inland",6.97185152671024,"pixel","part (paddock x community)","pixel-weighted by the part's cell count","BETWEEN-UNIT (across parts)","zone_fid (paddock)","77e3ef0aecd1497c187d930959110d994081c800b510c78004514a007126494a","diagnostic - NOT registered, and nothing here is proposed for registration"
"part_residual","post_management","2018-2022","pooled","sqrt_x",115,64,,,,0.314626715843981,,8.33813015669881,,,,,"42_inland","inland",9.35462794063062,"pixel","part (paddock x community)","pixel-weighted by the part's cell count","BETWEEN-UNIT (across parts)","zone_fid (paddock)","77e3ef0aecd1497c187d930959110d994081c800b510c78004514a007126494a","diagnostic - NOT registered, and nothing here is proposed for registration"
"part_residual","post_management","2018-2022","pooled","sqrt_x",115,64,,,,0.314626715843981,,8.33813015669881,,,,,"43_inland","inland",-1.32810706956956,"pixel","part (paddock x community)","pixel-weighted by the part's cell count","BETWEEN-UNIT (across parts)","zone_fid (paddock)","77e3ef0aecd1497c187d930959110d994081c800b510c78004514a007126494a","diagnostic - NOT registered, and nothing here is proposed for registration"
"part_residual","post_management","2018-2022","pooled","sqrt_x",115,64,,,,0.314626715843981,,8.33813015669881,,,,,"44_inland","inland",6.39624782286826,"pixel","part (paddock x community)","pixel-weighted by the part's cell count","BETWEEN-UNIT (across parts)","zone_fid (paddock)","77e3ef0aecd1497c187d930959110d994081c800b510c78004514a007126494a","diagnostic - NOT registered, and nothing here is proposed for registration"
"part_residual","post_management","2018-2022","pooled","sqrt_x",115,64,,,,0.314626715843981,,8.33813015669881,,,,,"45_inland","inland",-4.43775747729761,"pixel","part (paddock x community)","pixel-weighted by the part's cell count","BETWEEN-UNIT (across parts)","zone_fid (paddock)","77e3ef0aecd1497c187d930959110d994081c800b510c78004514a007126494a","diagnostic - NOT registered, and nothing here is proposed for registration"
"part_residual","post_management","2018-2022","pooled","sqrt_x",115,64,,,,0.314626715843981,,8.33813015669881,,,,,"45_riverine","riverine",-9.5733369978836,"pixel","part (paddock x community)","pixel-weighted by the part's cell count","BETWEEN-UNIT (across parts)","zone_fid (paddock)","77e3ef0aecd1497c187d930959110d994081c800b510c78004514a007126494a","diagnostic - NOT registered, and nothing here is proposed for registration"
"part_residual","post_management","2018-2022","pooled","sqrt_x",115,64,,,,0.314626715843981,,8.33813015669881,,,,,"46_inland","inland",2.85298522546691,"pixel","part (paddock x community)","pixel-weighted by the part's cell count","BETWEEN-UNIT (across parts)","zone_fid (paddock)","77e3ef0aecd1497c187d930959110d994081c800b510c78004514a007126494a","diagnostic - NOT registered, and nothing here is proposed for registration"
"part_residual","post_management","2018-2022","pooled","sqrt_x",115,64,,,,0.314626715843981,,8.33813015669881,,,,,"47_inland","inland",-4.41985624480446,"pixel","part (paddock x community)","pixel-weighted by the part's cell count","BETWEEN-UNIT (across parts)","zone_fid (paddock)","77e3ef0aecd1497c187d930959110d994081c800b510c78004514a007126494a","diagnostic - NOT registered, and nothing here is proposed for registration"
"part_residual","post_management","2018-2022","pooled","sqrt_x",115,64,,,,0.314626715843981,,8.33813015669881,,,,,"48_aeolian","aeolian",10.0453406930812,"pixel","part (paddock x community)","pixel-weighted by the part's cell count","BETWEEN-UNIT (across parts)","zone_fid (paddock)","77e3ef0aecd1497c187d930959110d994081c800b510c78004514a007126494a","diagnostic - NOT registered, and nothing here is proposed for registration"
"part_residual","post_management","2018-2022","pooled","sqrt_x",115,64,,,,0.314626715843981,,8.33813015669881,,,,,"48_inland","inland",6.51519036686565,"pixel","part (paddock x community)","pixel-weighted by the part's cell count","BETWEEN-UNIT (across parts)","zone_fid (paddock)","77e3ef0aecd1497c187d930959110d994081c800b510c78004514a007126494a","diagnostic - NOT registered, and nothing here is proposed for registration"
"part_residual","post_management","2018-2022","pooled","sqrt_x",115,64,,,,0.314626715843981,,8.33813015669881,,,,,"48_riverine","riverine",-10.4497037591726,"pixel","part (paddock x community)","pixel-weighted by the part's cell count","BETWEEN-UNIT (across parts)","zone_fid (paddock)","77e3ef0aecd1497c187d930959110d994081c800b510c78004514a007126494a","diagnostic - NOT registered, and nothing here is proposed for registration"
"part_residual","post_management","2018-2022","pooled","sqrt_x",115,64,,,,0.314626715843981,,8.33813015669881,,,,,"49_inland","inland",7.80621026297386,"pixel","part (paddock x community)","pixel-weighted by the part's cell count","BETWEEN-UNIT (across parts)","zone_fid (paddock)","77e3ef0aecd1497c187d930959110d994081c800b510c78004514a007126494a","diagnostic - NOT registered, and nothing here is proposed for registration"
"part_residual","post_management","2018-2022","pooled","sqrt_x",115,64,,,,0.314626715843981,,8.33813015669881,,,,,"50_inland","inland",4.84417990593894,"pixel","part (paddock x community)","pixel-weighted by the part's cell count","BETWEEN-UNIT (across parts)","zone_fid (paddock)","77e3ef0aecd1497c187d930959110d994081c800b510c78004514a007126494a","diagnostic - NOT registered, and nothing here is proposed for registration"
"part_residual","post_management","2018-2022","pooled","sqrt_x",115,64,,,,0.314626715843981,,8.33813015669881,,,,,"51_aeolian","aeolian",17.8214323447002,"pixel","part (paddock x community)","pixel-weighted by the part's cell count","BETWEEN-UNIT (across parts)","zone_fid (paddock)","77e3ef0aecd1497c187d930959110d994081c800b510c78004514a007126494a","diagnostic - NOT registered, and nothing here is proposed for registration"
"part_residual","post_management","2018-2022","pooled","sqrt_x",115,64,,,,0.314626715843981,,8.33813015669881,,,,,"51_inland","inland",8.15168009640033,"pixel","part (paddock x community)","pixel-weighted by the part's cell count","BETWEEN-UNIT (across parts)","zone_fid (paddock)","77e3ef0aecd1497c187d930959110d994081c800b510c78004514a007126494a","diagnostic - NOT registered, and nothing here is proposed for registration"
"part_residual","post_management","2018-2022","pooled","sqrt_x",115,64,,,,0.314626715843981,,8.33813015669881,,,,,"51_riverine","riverine",-18.726363817269,"pixel","part (paddock x community)","pixel-weighted by the part's cell count","BETWEEN-UNIT (across parts)","zone_fid (paddock)","77e3ef0aecd1497c187d930959110d994081c800b510c78004514a007126494a","diagnostic - NOT registered, and nothing here is proposed for registration"
"part_residual","post_management","2018-2022","pooled","sqrt_x",115,64,,,,0.314626715843981,,8.33813015669881,,,,,"52_inland","inland",10.4284432329433,"pixel","part (paddock x community)","pixel-weighted by the part's cell count","BETWEEN-UNIT (across parts)","zone_fid (paddock)","77e3ef0aecd1497c187d930959110d994081c800b510c78004514a007126494a","diagnostic - NOT registered, and nothing here is proposed for registration"
"part_residual","post_management","2018-2022","pooled","sqrt_x",115,64,,,,0.314626715843981,,8.33813015669881,,,,,"52_riverine","riverine",-14.9167364966343,"pixel","part (paddock x community)","pixel-weighted by the part's cell count","BETWEEN-UNIT (across parts)","zone_fid (paddock)","77e3ef0aecd1497c187d930959110d994081c800b510c78004514a007126494a","diagnostic - NOT registered, and nothing here is proposed for registration"
"part_residual","post_management","2018-2022","pooled","sqrt_x",115,64,,,,0.314626715843981,,8.33813015669881,,,,,"53_inland","inland",-6.91684360289429,"pixel","part (paddock x community)","pixel-weighted by the part's cell count","BETWEEN-UNIT (across parts)","zone_fid (paddock)","77e3ef0aecd1497c187d930959110d994081c800b510c78004514a007126494a","diagnostic - NOT registered, and nothing here is proposed for registration"
"part_residual","post_management","2018-2022","pooled","sqrt_x",115,64,,,,0.314626715843981,,8.33813015669881,,,,,"53_riverine","riverine",3.87964673121339,"pixel","part (paddock x community)","pixel-weighted by the part's cell count","BETWEEN-UNIT (across parts)","zone_fid (paddock)","77e3ef0aecd1497c187d930959110d994081c800b510c78004514a007126494a","diagnostic - NOT registered, and nothing here is proposed for registration"
"part_residual","post_management","2018-2022","pooled","sqrt_x",115,64,,,,0.314626715843981,,8.33813015669881,,,,,"54_aeolian","aeolian",17.4810766456822,"pixel","part (paddock x community)","pixel-weighted by the part's cell count","BETWEEN-UNIT (across parts)","zone_fid (paddock)","77e3ef0aecd1497c187d930959110d994081c800b510c78004514a007126494a","diagnostic - NOT registered, and nothing here is proposed for registration"
"part_residual","post_management","2018-2022","pooled","sqrt_x",115,64,,,,0.314626715843981,,8.33813015669881,,,,,"54_riverine","riverine",-11.844784519784,"pixel","part (paddock x community)","pixel-weighted by the part's cell count","BETWEEN-UNIT (across parts)","zone_fid (paddock)","77e3ef0aecd1497c187d930959110d994081c800b510c78004514a007126494a","diagnostic - NOT registered, and nothing here is proposed for registration"
"part_residual","post_management","2018-2022","pooled","sqrt_x",115,64,,,,0.314626715843981,,8.33813015669881,,,,,"55_aeolian","aeolian",-1.50282608146247,"pixel","part (paddock x community)","pixel-weighted by the part's cell count","BETWEEN-UNIT (across parts)","zone_fid (paddock)","77e3ef0aecd1497c187d930959110d994081c800b510c78004514a007126494a","diagnostic - NOT registered, and nothing here is proposed for registration"
"part_residual","post_management","2018-2022","pooled","sqrt_x",115,64,,,,0.314626715843981,,8.33813015669881,,,,,"55_inland","inland",1.11683569998281,"pixel","part (paddock x community)","pixel-weighted by the part's cell count","BETWEEN-UNIT (across parts)","zone_fid (paddock)","77e3ef0aecd1497c187d930959110d994081c800b510c78004514a007126494a","diagnostic - NOT registered, and nothing here is proposed for registration"
"part_residual","post_management","2018-2022","pooled","sqrt_x",115,64,,,,0.314626715843981,,8.33813015669881,,,,,"55_riverine","riverine",-12.1033928379167,"pixel","part (paddock x community)","pixel-weighted by the part's cell count","BETWEEN-UNIT (across parts)","zone_fid (paddock)","77e3ef0aecd1497c187d930959110d994081c800b510c78004514a007126494a","diagnostic - NOT registered, and nothing here is proposed for registration"
"part_residual","post_management","2018-2022","pooled","sqrt_x",115,64,,,,0.314626715843981,,8.33813015669881,,,,,"56_aeolian","aeolian",-9.15002354600654,"pixel","part (paddock x community)","pixel-weighted by the part's cell count","BETWEEN-UNIT (across parts)","zone_fid (paddock)","77e3ef0aecd1497c187d930959110d994081c800b510c78004514a007126494a","diagnostic - NOT registered, and nothing here is proposed for registration"
"part_residual","post_management","2018-2022","pooled","sqrt_x",115,64,,,,0.314626715843981,,8.33813015669881,,,,,"56_inland","inland",-8.40110780700791,"pixel","part (paddock x community)","pixel-weighted by the part's cell count","BETWEEN-UNIT (across parts)","zone_fid (paddock)","77e3ef0aecd1497c187d930959110d994081c800b510c78004514a007126494a","diagnostic - NOT registered, and nothing here is proposed for registration"
"part_residual","post_management","2018-2022","pooled","sqrt_x",115,64,,,,0.314626715843981,,8.33813015669881,,,,,"56_riverine","riverine",-12.4231762274266,"pixel","part (paddock x community)","pixel-weighted by the part's cell count","BETWEEN-UNIT (across parts)","zone_fid (paddock)","77e3ef0aecd1497c187d930959110d994081c800b510c78004514a007126494a","diagnostic - NOT registered, and nothing here is proposed for registration"
"part_residual","post_management","2018-2022","pooled","sqrt_x",115,64,,,,0.314626715843981,,8.33813015669881,,,,,"57_aeolian","aeolian",-18.0541603225216,"pixel","part (paddock x community)","pixel-weighted by the part's cell count","BETWEEN-UNIT (across parts)","zone_fid (paddock)","77e3ef0aecd1497c187d930959110d994081c800b510c78004514a007126494a","diagnostic - NOT registered, and nothing here is proposed for registration"
"part_residual","post_management","2018-2022","pooled","sqrt_x",115,64,,,,0.314626715843981,,8.33813015669881,,,,,"57_inland","inland",-0.856284543542628,"pixel","part (paddock x community)","pixel-weighted by the part's cell count","BETWEEN-UNIT (across parts)","zone_fid (paddock)","77e3ef0aecd1497c187d930959110d994081c800b510c78004514a007126494a","diagnostic - NOT registered, and nothing here is proposed for registration"
"part_residual","post_management","2018-2022","pooled","sqrt_x",115,64,,,,0.314626715843981,,8.33813015669881,,,,,"57_riverine","riverine",-1.10916838249331,"pixel","part (paddock x community)","pixel-weighted by the part's cell count","BETWEEN-UNIT (across parts)","zone_fid (paddock)","77e3ef0aecd1497c187d930959110d994081c800b510c78004514a007126494a","diagnostic - NOT registered, and nothing here is proposed for registration"
"part_residual","post_management","2018-2022","pooled","sqrt_x",115,64,,,,0.314626715843981,,8.33813015669881,,,,,"58_aeolian","aeolian",-8.95543886219789,"pixel","part (paddock x community)","pixel-weighted by the part's cell count","BETWEEN-UNIT (across parts)","zone_fid (paddock)","77e3ef0aecd1497c187d930959110d994081c800b510c78004514a007126494a","diagnostic - NOT registered, and nothing here is proposed for registration"
"part_residual","post_management","2018-2022","pooled","sqrt_x",115,64,,,,0.314626715843981,,8.33813015669881,,,,,"58_inland","inland",-1.59381404246767,"pixel","part (paddock x community)","pixel-weighted by the part's cell count","BETWEEN-UNIT (across parts)","zone_fid (paddock)","77e3ef0aecd1497c187d930959110d994081c800b510c78004514a007126494a","diagnostic - NOT registered, and nothing here is proposed for registration"
"part_residual","post_management","2018-2022","pooled","sqrt_x",115,64,,,,0.314626715843981,,8.33813015669881,,,,,"58_riverine","riverine",-13.9537840018649,"pixel","part (paddock x community)","pixel-weighted by the part's cell count","BETWEEN-UNIT (across parts)","zone_fid (paddock)","77e3ef0aecd1497c187d930959110d994081c800b510c78004514a007126494a","diagnostic - NOT registered, and nothing here is proposed for registration"
"part_residual","post_management","2018-2022","pooled","sqrt_x",115,64,,,,0.314626715843981,,8.33813015669881,,,,,"59_aeolian","aeolian",5.17568786550479,"pixel","part (paddock x community)","pixel-weighted by the part's cell count","BETWEEN-UNIT (across parts)","zone_fid (paddock)","77e3ef0aecd1497c187d930959110d994081c800b510c78004514a007126494a","diagnostic - NOT registered, and nothing here is proposed for registration"
"part_residual","post_management","2018-2022","pooled","sqrt_x",115,64,,,,0.314626715843981,,8.33813015669881,,,,,"59_riverine","riverine",-12.9278485143606,"pixel","part (paddock x community)","pixel-weighted by the part's cell count","BETWEEN-UNIT (across parts)","zone_fid (paddock)","77e3ef0aecd1497c187d930959110d994081c800b510c78004514a007126494a","diagnostic - NOT registered, and nothing here is proposed for registration"
"part_residual","post_management","2018-2022","pooled","sqrt_x",115,64,,,,0.314626715843981,,8.33813015669881,,,,,"60_aeolian","aeolian",9.29548629461689,"pixel","part (paddock x community)","pixel-weighted by the part's cell count","BETWEEN-UNIT (across parts)","zone_fid (paddock)","77e3ef0aecd1497c187d930959110d994081c800b510c78004514a007126494a","diagnostic - NOT registered, and nothing here is proposed for registration"
"part_residual","post_management","2018-2022","pooled","sqrt_x",115,64,,,,0.314626715843981,,8.33813015669881,,,,,"60_riverine","riverine",4.80224249688412,"pixel","part (paddock x community)","pixel-weighted by the part's cell count","BETWEEN-UNIT (across parts)","zone_fid (paddock)","77e3ef0aecd1497c187d930959110d994081c800b510c78004514a007126494a","diagnostic - NOT registered, and nothing here is proposed for registration"
"part_residual","post_management","2018-2022","pooled","sqrt_x",115,64,,,,0.314626715843981,,8.33813015669881,,,,,"61_aeolian","aeolian",10.0332884735434,"pixel","part (paddock x community)","pixel-weighted by the part's cell count","BETWEEN-UNIT (across parts)","zone_fid (paddock)","77e3ef0aecd1497c187d930959110d994081c800b510c78004514a007126494a","diagnostic - NOT registered, and nothing here is proposed for registration"
"part_residual","post_management","2018-2022","pooled","sqrt_x",115,64,,,,0.314626715843981,,8.33813015669881,,,,,"61_inland","inland",10.9744333434641,"pixel","part (paddock x community)","pixel-weighted by the part's cell count","BETWEEN-UNIT (across parts)","zone_fid (paddock)","77e3ef0aecd1497c187d930959110d994081c800b510c78004514a007126494a","diagnostic - NOT registered, and nothing here is proposed for registration"
"part_residual","post_management","2018-2022","pooled","sqrt_x",115,64,,,,0.314626715843981,,8.33813015669881,,,,,"61_riverine","riverine",-11.2018716498587,"pixel","part (paddock x community)","pixel-weighted by the part's cell count","BETWEEN-UNIT (across parts)","zone_fid (paddock)","77e3ef0aecd1497c187d930959110d994081c800b510c78004514a007126494a","diagnostic - NOT registered, and nothing here is proposed for registration"
"part_residual","post_management","2018-2022","pooled","sqrt_x",115,64,,,,0.314626715843981,,8.33813015669881,,,,,"62_aeolian","aeolian",8.08131786809874,"pixel","part (paddock x community)","pixel-weighted by the part's cell count","BETWEEN-UNIT (across parts)","zone_fid (paddock)","77e3ef0aecd1497c187d930959110d994081c800b510c78004514a007126494a","diagnostic - NOT registered, and nothing here is proposed for registration"
"part_residual","post_management","2018-2022","pooled","sqrt_x",115,64,,,,0.314626715843981,,8.33813015669881,,,,,"62_inland","inland",-0.955163394598074,"pixel","part (paddock x community)","pixel-weighted by the part's cell count","BETWEEN-UNIT (across parts)","zone_fid (paddock)","77e3ef0aecd1497c187d930959110d994081c800b510c78004514a007126494a","diagnostic - NOT registered, and nothing here is proposed for registration"
"part_residual","post_management","2018-2022","pooled","sqrt_x",115,64,,,,0.314626715843981,,8.33813015669881,,,,,"62_riverine","riverine",-33.1897524690545,"pixel","part (paddock x community)","pixel-weighted by the part's cell count","BETWEEN-UNIT (across parts)","zone_fid (paddock)","77e3ef0aecd1497c187d930959110d994081c800b510c78004514a007126494a","diagnostic - NOT registered, and nothing here is proposed for registration"
"part_residual","post_management","2018-2022","pooled","sqrt_x",115,64,,,,0.314626715843981,,8.33813015669881,,,,,"63_aeolian","aeolian",16.2734620072755,"pixel","part (paddock x community)","pixel-weighted by the part's cell count","BETWEEN-UNIT (across parts)","zone_fid (paddock)","77e3ef0aecd1497c187d930959110d994081c800b510c78004514a007126494a","diagnostic - NOT registered, and nothing here is proposed for registration"
"part_residual","post_management","2018-2022","pooled","sqrt_x",115,64,,,,0.314626715843981,,8.33813015669881,,,,,"63_inland","inland",-2.83562228711188,"pixel","part (paddock x community)","pixel-weighted by the part's cell count","BETWEEN-UNIT (across parts)","zone_fid (paddock)","77e3ef0aecd1497c187d930959110d994081c800b510c78004514a007126494a","diagnostic - NOT registered, and nothing here is proposed for registration"
"part_residual","post_management","2018-2022","pooled","sqrt_x",115,64,,,,0.314626715843981,,8.33813015669881,,,,,"63_riverine","riverine",-19.5035462938025,"pixel","part (paddock x community)","pixel-weighted by the part's cell count","BETWEEN-UNIT (across parts)","zone_fid (paddock)","77e3ef0aecd1497c187d930959110d994081c800b510c78004514a007126494a","diagnostic - NOT registered, and nothing here is proposed for registration"
"part_residual","post_management","2018-2022","pooled","sqrt_x",115,64,,,,0.314626715843981,,8.33813015669881,,,,,"64_inland","inland",1.60883983124373,"pixel","part (paddock x community)","pixel-weighted by the part's cell count","BETWEEN-UNIT (across parts)","zone_fid (paddock)","77e3ef0aecd1497c187d930959110d994081c800b510c78004514a007126494a","diagnostic - NOT registered, and nothing here is proposed for registration"
"part_residual","post_management","2018-2022","pooled","sqrt_x",115,64,,,,0.314626715843981,,8.33813015669881,,,,,"64_riverine","riverine",-2.28884193098345,"pixel","part (paddock x community)","pixel-weighted by the part's cell count","BETWEEN-UNIT (across parts)","zone_fid (paddock)","77e3ef0aecd1497c187d930959110d994081c800b510c78004514a007126494a","diagnostic - NOT registered, and nothing here is proposed for registration"
