root,path,filename,ext,bytes,mtime,sha256,subdir
Output,Output/cleanup_R_terra_temp.ps1,cleanup_R_terra_temp.ps1,.ps1,5019,2026-06-13T01:42:16+00:00,96524cb505dc4175738105a7ab4b39e1004ab0d20b708f24d528aad1241a9d0c,.
Output,Output/Gayini_Adrian_pack_contents.xlsx,Gayini_Adrian_pack_contents.xlsx,.xlsx,21541,2026-07-31T00:50:53.402419+00:00,8df4886a2a934b9289525acb619b6002389e9c30159dd15939148d60188de50c,.
Output,Output/Gayini_analysis_variable_LUT_20260715.xlsx,Gayini_analysis_variable_LUT_20260715.xlsx,.xlsx,22851,2026-07-15T10:21:46+00:00,b498a33857364b87c91cc48124d9c28124cc370dcbdbe6e9dd66c3d14309705e,.
Output,Output/Gayini_path_to_Aug10_tracker_1.xlsx,Gayini_path_to_Aug10_tracker_1.xlsx,.xlsx,16643,2026-07-31T00:51:21.595851+00:00,a59b5829681c7273bf0fcf9aee42b28ad3b07707bbb7f2d22ffecc6ebb656699,.
Output,Output/Gayini_path_to_Aug10_tracker_2.xlsx,Gayini_path_to_Aug10_tracker_2.xlsx,.xlsx,16492,2026-08-01T03:06:36.654797+00:00,775d42b6a4e319e30188efb58e0f8d3d5afe1f509e2977280c34673232baed30,.
Output,Output/messages.txt,messages.txt,.txt,6448,2026-06-19T06:03:58+00:00,457aad9cedeaac03e07806fd5abccabc599b8efe442c6e3aa91e147df8e1e3fe,.
Output,Output/Output_search.txt,Output_search.txt,.txt,343,2026-06-23T00:26:58+00:00,7286f599d9e7681a97037344188e4a80de23465fff2a144bebd200bbc0cf9707,.
Output,Output/~$Gayini_Adrian_pack_contents.xlsx,~$Gayini_Adrian_pack_contents.xlsx,.xlsx,165,2026-08-01T03:02:26.451174+00:00,ERR:PermissionError,.
Output,Output/~$Gayini_path_to_Aug10_tracker_2.xlsx,~$Gayini_path_to_Aug10_tracker_2.xlsx,.xlsx,165,2026-08-01T03:06:36.633240+00:00,ERR:PermissionError,.
Output,Output/census/gayini_pixel_census_8058.parquet,gayini_pixel_census_8058.parquet,.parquet,26724747,2026-07-17T00:05:28+00:00,6b23f6c0803b69af12345b6818ae2cd453a67fc7ec694a880b3be3681246f966,census
Output,Output/census/gayini_pixel_zone_assignment.parquet,gayini_pixel_zone_assignment.parquet,.parquet,4359267,2026-07-26T12:08:16.918988+00:00,4b212d8fe5fc1cb36b95e9d9e4470449b63928bc7f7299241fa0d4ac29f34da6,census
Output,Output/census/summaries/census_community_flood_freq_means.csv,census_community_flood_freq_means.csv,.csv,368,2026-07-20T02:06:36+00:00,3914eaf7ca00a61b7ab1e61dbc63d780f7aeb1f99ebbea6adf5359558cae64f7,census/summaries
Output,Output/census/summaries/census_flood_zone_by_community.csv,census_flood_zone_by_community.csv,.csv,1595,2026-07-20T02:05:48+00:00,8d73271ff4e2a64f8df3619a40cc68a04b8077da31953f3ac557dd34762cb549,census/summaries
Output,Output/census/summaries/census_percentile_by_community.csv,census_percentile_by_community.csv,.csv,2023,2026-07-20T02:05:46+00:00,af475a2205d6a4456c6252db159bfeafcd03a0244cd38f68e638400f516fb9e2,census/summaries
Output,Output/census/_tmp/assignment.csv,assignment.csv,.csv,12357054,2026-07-26T08:50:15.717966+00:00,b0b672f52855f2bd2fcd84418e437f1901a6367c93912cecf67d0d56d13483db,census/_tmp
Output,Output/census/_tmp/points.csv,points.csv,.csv,47266312,2026-07-26T08:48:17.577566+00:00,a26dcde1e0dfa531baeccc700a88c4a7db9a64142274bd86b0c20804c102c97b,census/_tmp
Output,Output/csv/.gitkeep,.gitkeep,,0,2026-06-07T17:32:00+00:00,e3b0c44298fc1c149afbf4c8996fb92427ae41e4649b934ca495991b7852b855,csv
Output,Output/csv/annual_stack_crosscheck.csv,annual_stack_crosscheck.csv,.csv,902,2026-07-07T03:26:50+00:00,18bce56c398955b58ba1a14f9c4d70aa0c8f0ede06fcecb2b131f919994f3593,csv
Output,Output/csv/annual_stack_manifest.csv,annual_stack_manifest.csv,.csv,3756,2026-07-07T02:24:56+00:00,a370904258015fb0d89525d13cfae53f09812a703136a45a3bd563022440d01e,csv
Output,Output/csv/f7_lag_profile.csv,f7_lag_profile.csv,.csv,1504,2026-07-14T03:18:10+00:00,a94393514e1471e73b1c2b47c0ae4cd24bd680931cbcb5020f43559f4feb340a,csv
Output,Output/csv/f7_response_by_plot.csv,f7_response_by_plot.csv,.csv,14240,2026-07-14T03:18:08+00:00,343dd7ebbc4a285a55acb75734028792f8039be948cf97758858732eec52524e,csv
Output,Output/csv/f7_response_summary.csv,f7_response_summary.csv,.csv,1841,2026-07-14T03:18:08+00:00,e5b91b57b6e6b7298172a85559e714af7e66f6c938dad5acf08ab4ed3e425e7b,csv
Output,Output/csv/archive/legacy_MER_plot_metrics/05b_MER_plot_inundation_dynamic_metrics.csv,05b_MER_plot_inundation_dynamic_metrics.csv,.csv,245719,2026-06-24T04:19:26+00:00,d7c3932681bb9850807f3726f87f0a4691be218973afcf2e4c2f480f8b2e4db9,csv/archive/legacy_MER_plot_metrics
Output,Output/csv/archive/legacy_MER_plot_metrics/05b_MER_plot_inundation_monthly_seasonal_max.csv,05b_MER_plot_inundation_monthly_seasonal_max.csv,.csv,2624716,2026-06-24T04:19:26+00:00,37e31066860891175b7c0c35bd0b64fc7fc478b6571ecc811ba2f535b9233d11,csv/archive/legacy_MER_plot_metrics
Output,Output/csv/canonical/curated_annual_inundation_timeseries.csv,curated_annual_inundation_timeseries.csv,.csv,9130967,2026-06-24T03:22:46+00:00,979192d33b2f32863f0318491423ab531f555940e5e79de944d68d98b4ad605e,csv/canonical
Output,Output/csv/canonical/curated_daily_inundation_monthly.csv,curated_daily_inundation_monthly.csv,.csv,1336368,2026-06-24T03:22:52+00:00,1f5a43b09045302730a3bcff576c5801f0de5b9dbdc9e5cc51131beaad073ed0,csv/canonical
Output,Output/csv/canonical/curated_ground_cover_timeseries.csv,curated_ground_cover_timeseries.csv,.csv,3607318,2026-06-24T03:22:44+00:00,446bc3747e8b8458f60cf5eb754b9ba15dc68fb6241a8b6a699f51de010044a1,csv/canonical
Output,Output/csv/canonical/plot_rs_analysis_base.csv,plot_rs_analysis_base.csv,.csv,41290,2026-06-24T03:22:54+00:00,6169c4d9764f51f88bb7276f973682b5bfce0ee8e78a17d953479e0b1d024ff6,csv/canonical
Output,Output/csv/canonical/plot_rs_gauge_analysis_base.csv,plot_rs_gauge_analysis_base.csv,.csv,59552,2026-06-25T00:16:16+00:00,321bcb3925d36cda471f6294cd4f0d8dd37d803866de8bfc9b9d5437cf910e70,csv/canonical
Output,Output/csv/extraction/04c_fractional_cover_full.csv,04c_fractional_cover_full.csv,.csv,18623164,2026-06-11T08:29:26+00:00,d8bdcb71b3c5dd8ffc797331471841f38bf41c6e0ec8827f3ed56b8c60db4861,csv/extraction
Output,Output/csv/extraction/05c_landsat_inundation_full.csv,05c_landsat_inundation_full.csv,.csv,8998970,2026-06-10T03:07:18+00:00,5e6b15e432f04cca83a104338ff78c1aa0db9d306dba22f1b0d2f616f73a5e2e,csv/extraction
Output,Output/csv/extraction/06c_daily_inundation_full.csv,06c_daily_inundation_full.csv,.csv,8400998,2026-06-11T11:26:02+00:00,de903e7ba96beeddf25f9d99e9a1de52f8e9f0ded200c2d9849a3c1314e793f3,csv/extraction
Output,Output/csv/extraction/07f_pre_post_inundation_plot_summary_fixed.csv,07f_pre_post_inundation_plot_summary_fixed.csv,.csv,21108,2026-06-14T02:19:04+00:00,c6d3c8c53757d024e18ee1e7550f63da63783b26dcb98e865096a4a3f945f1be,csv/extraction
Output,Output/csv/ground_cover/10a_ground_cover_prepost_group_summary.csv,10a_ground_cover_prepost_group_summary.csv,.csv,5257,2026-06-15T08:12:26+00:00,718a50d643e9ff6de96cfb4fad69cca641b1328f4d51199cc15bf4bc3d8d4165,csv/ground_cover
Output,Output/csv/ground_cover/10a_ground_cover_prepost_group_summary_interpretation.csv,10a_ground_cover_prepost_group_summary_interpretation.csv,.csv,3802,2026-06-24T09:01:34+00:00,79fd1d18b076ab1f211d8774e25dfccba10e3b5c0e8ec6266d5b4f4d1ac4cf6f,csv/ground_cover
Output,Output/csv/ground_cover/10a_ground_cover_prepost_model_summary.csv,10a_ground_cover_prepost_model_summary.csv,.csv,8522,2026-06-15T08:12:26+00:00,f5abd45a4c00af010839736bba8e98cac598df86720a6e4283245c200181686e,csv/ground_cover
Output,Output/csv/ground_cover/10a_ground_cover_prepost_plot_summary.csv,10a_ground_cover_prepost_plot_summary.csv,.csv,24466,2026-06-15T08:12:26+00:00,dfec0c530dad9b5f5325c6a496db3df6d70fef9f20732a0d4133027058f6dc76,csv/ground_cover
Output,Output/csv/ground_cover/10a_ground_cover_prepost_plot_summary_interpretation.csv,10a_ground_cover_prepost_plot_summary_interpretation.csv,.csv,27174,2026-06-24T09:01:34+00:00,c3f2e590592fce30511daf18698959233dca0ff67f9a0c90f5c9cbe2bc31dd8e,csv/ground_cover
Output,Output/csv/ground_cover/ground_cover_treed_plot_sensitivity.csv,ground_cover_treed_plot_sensitivity.csv,.csv,1439,2026-06-24T09:01:34+00:00,1cc0d7c319b756bfb4e7dfecec0047a47b7c67bad423c312eb9b364126ba765b,csv/ground_cover
Output,Output/csv/ground_cover/plot_context_flags.csv,plot_context_flags.csv,.csv,18313,2026-06-24T09:01:34+00:00,23c5416df881ba86c98b8852a1e93f8ef9ae1885a3b1a9dcc0af803d43e42abb,csv/ground_cover
Output,Output/csv/ground_cover/plot_context_flag_summary.csv,plot_context_flag_summary.csv,.csv,717,2026-06-24T09:01:34+00:00,1a4e78f81dbd608a3ecb220045684f017341ca9a807f6d95c6bc1073ff1a61fa,csv/ground_cover
Output,Output/csv/hydrology/gauge_context_for_gayini.csv,gauge_context_for_gayini.csv,.csv,592808,2026-06-25T00:16:16+00:00,9ea85eba7e5db5aa0be59ed73442a219cf34ad34d4cfe0b13e867294d6f9399e,csv/hydrology
Output,Output/csv/hydrology/gauge_data_completeness_for_gayini.csv,gauge_data_completeness_for_gayini.csv,.csv,1441,2026-06-25T00:16:16+00:00,6bec17c2f3f40f2f56cde07f1a8db738afbb2c81b1a646ea3beb675f6354a8d3,csv/hydrology
Output,Output/csv/hydrology/matched_year_gauge_context.csv,matched_year_gauge_context.csv,.csv,3822,2026-06-25T01:03:32+00:00,c318bcf04903a767f7b812e8e53e4c5310967b389a02aa685c466109d46b32e5,csv/hydrology
Output,Output/csv/inundation/background_inundation_frequency_by_plot.csv,background_inundation_frequency_by_plot.csv,.csv,30946,2026-06-25T01:03:32+00:00,e7a2afe72e9c752e6372dc373d675f16e72237687a93799a32820b3b13f199ce,csv/inundation
Output,Output/csv/inundation/inundation_frequency_by_vegetation_group.csv,inundation_frequency_by_vegetation_group.csv,.csv,665,2026-06-25T01:03:32+00:00,5f69b81a5977b1f93e14c855c9c4ae766f19195565a0c1b4b9573e385fbe0d5b,csv/inundation
Output,Output/csv/inundation/matched_year_candidate_ranking.csv,matched_year_candidate_ranking.csv,.csv,1998,2026-06-25T01:03:32+00:00,ec7a06bfa5952c6ea8068907d002cbb599a7a39eb3580aed0d671cd880c82b9a,csv/inundation
Output,Output/csv/inundation/background_rasters/background_raster_checks.csv,background_raster_checks.csv,.csv,2600,2026-07-02T01:37:54+00:00,883624f0b48e3d0224cfb84632b5b04b38574eaeea2cc02cb26775b98a45f688,csv/inundation/background_rasters
Output,Output/csv/inundation/background_rasters/background_raster_frequency_by_plot.csv,background_raster_frequency_by_plot.csv,.csv,63365,2026-07-02T01:38:06+00:00,8168e8bb24709ac506adf0b7291eae6e5ee6dd422c641f878788c1b6124271f2,csv/inundation/background_rasters
Output,Output/csv/inundation/background_rasters/background_raster_frequency_by_vegetation_group.csv,background_raster_frequency_by_vegetation_group.csv,.csv,1578,2026-07-02T01:38:06+00:00,880a190fbdff7f0bb2df95d9cc5c53259e3bf495b04729e74a44f9bdd473c9c6,csv/inundation/background_rasters
Output,Output/csv/inundation/background_rasters/background_raster_input_catalog.csv,background_raster_input_catalog.csv,.csv,32407,2026-07-02T01:33:16+00:00,cba4196b3907a25a9f196e102218ec40e2c3a206072fddf42bc148d914aaf6c4,csv/inundation/background_rasters
Output,Output/csv/inundation/background_rasters/background_raster_manifest.csv,background_raster_manifest.csv,.csv,60610,2026-07-02T01:38:34+00:00,e802d9a58d99b63e34cb1a0a9ee140d936212ba3376e79733fa5dcd4f4a87c84,csv/inundation/background_rasters
Output,Output/csv/inundation/background_rasters/background_raster_period_summary.csv,background_raster_period_summary.csv,.csv,1226,2026-07-02T01:37:36+00:00,3b2adcf81d162c8c9a9bf5e84308456dbd9893748e0a74b42d6c18abf463f84e,csv/inundation/background_rasters
Output,Output/csv/inundation/background_rasters/background_raster_value_summary.csv,background_raster_value_summary.csv,.csv,982,2026-07-02T01:37:30+00:00,8e3d11f3f5bd6c25e84fc4e9413e10c7b8b45c2baf346186d37ed9e62b6c73ce,csv/inundation/background_rasters
Output,Output/csv/inundation/background_rasters/background_raster_vs_existing_plot_background_comparison.csv,background_raster_vs_existing_plot_background_comparison.csv,.csv,80990,2026-07-02T01:38:08+00:00,c51b02d1b5e7f7cfe3a6a41435d0d87cdc747dc81caaa97d9da5681fa74e5a40,csv/inundation/background_rasters
Output,Output/csv/inundation/background_rasters/background_raster_year_summary.csv,background_raster_year_summary.csv,.csv,28952,2026-07-02T01:33:16+00:00,42318cc528b883abf29a3ee06d5fe27c26a2b1796d72c3ef8e737d7dc4eff3d5,csv/inundation/background_rasters
Output,Output/csv/MER/flow_mer_repo_comparison_table_20260627.csv,flow_mer_repo_comparison_table_20260627.csv,.csv,5547,2026-06-27T02:51:24+00:00,45760a2babf0ea60ec7d22bd9c1ade4ef11af8a0b4889d52cfbba7fcb537fcb6,csv/MER
Output,Output/csv/MER/gayini_mer_raster_gap_census_20260627.csv,gayini_mer_raster_gap_census_20260627.csv,.csv,1769,2026-06-27T02:52:06+00:00,c626a24157051191ccd5b4ccd5d9e83ac8868fe2031acaf7297185f105393e6f,csv/MER
Output,Output/csv/MER/mer_adrian_questions.csv,mer_adrian_questions.csv,.csv,1277,2026-06-27T08:49:38+00:00,8e615e4fec100df58af371c7325b965c9db71afb64b6d37ad25306bc64454417,csv/MER
Output,Output/csv/MER/mer_annual_max_by_plot.csv,mer_annual_max_by_plot.csv,.csv,177019,2026-06-27T08:53:54+00:00,f1e34274c31616b34638bca7f03c0a6b34c8565f50c874cbc77f0c782603f3de,csv/MER
Output,Output/csv/MER/mer_input_files_inventory.csv,mer_input_files_inventory.csv,.csv,1684,2026-06-27T08:49:38+00:00,c5cc1b8e73f13ea86773d7cd2d90b145ccfe5f9c7a7ad359de147feef0f31236,csv/MER
Output,Output/csv/MER/mer_keep_defer_archive_decisions.csv,mer_keep_defer_archive_decisions.csv,.csv,2106,2026-06-27T08:49:38+00:00,0667ee1a03e0026af17767d9e5f8fd9dcca1233b2d5b82e25a2ccf3b5891d53f,csv/MER
Output,Output/csv/MER/mer_metric_definitions.csv,mer_metric_definitions.csv,.csv,2339,2026-06-27T08:49:38+00:00,26ea0f83a3c945e6e9b10777bdb501ba201d68f63fd35b4a0da28f6fcd3204b2,csv/MER
Output,Output/csv/MER/mer_output_files_inventory.csv,mer_output_files_inventory.csv,.csv,1975,2026-06-27T08:49:38+00:00,61b8d766a832ebc67b053ee66ff706d6a995f30081a13b3b114a24cf4db5c0d0,csv/MER
Output,Output/csv/MER/mer_period_summary_by_plot.csv,mer_period_summary_by_plot.csv,.csv,22626,2026-06-27T08:53:54+00:00,e693aff1e87293552b8afec11b6d5756538188a9191dd6cf8d74e7dbaa7d3aa8,csv/MER
Output,Output/csv/MER/mer_period_summary_by_vegetation_group.csv,mer_period_summary_by_vegetation_group.csv,.csv,1079,2026-06-27T08:53:54+00:00,3c2869e9342661a34b04957790d7a2c540a8373f8628f19382067b855f2cb142,csv/MER
Output,Output/csv/MER/mer_raster_input_census_production.csv,mer_raster_input_census_production.csv,.csv,102667,2026-06-27T05:05:42+00:00,5de721efa8b678fae6e96fd2cbfec75f9a25cd0310404167584ae40bcb7088bf,csv/MER
Output,Output/csv/MER/mer_raster_input_summary_by_water_year.csv,mer_raster_input_summary_by_water_year.csv,.csv,3577,2026-06-27T04:57:14+00:00,a66d02794ac95fe01bd1be7a4c8736c491547b9dd564301c78bf573fc26f3de5,csv/MER
Output,Output/csv/MER/mer_raster_output_manifest.csv,mer_raster_output_manifest.csv,.csv,30982,2026-06-27T05:05:48+00:00,b7066208e666b577142fe17747a8d307387f454612b0376e6efe85ee6e237cf2,csv/MER
Output,Output/csv/MER/mer_raster_review_figure_manifest.csv,mer_raster_review_figure_manifest.csv,.csv,1871,2026-06-27T08:54:26+00:00,2ef8897e745a552b3139683f7f8c5b9136eb91f22a567d0bd9cf58958c83bf99,csv/MER
Output,Output/csv/MER/mer_recommended_figures.csv,mer_recommended_figures.csv,.csv,1085,2026-06-27T08:49:38+00:00,9165a1c06a02c6d81ebdd8b1493ad097d2be1ebc94678c43729da83ab42e329f,csv/MER
Output,Output/csv/MER/mer_vs_annual_occurrence_agreement_summary.csv,mer_vs_annual_occurrence_agreement_summary.csv,.csv,883,2026-06-27T08:49:38+00:00,28237722f0ad7fcbfa7fa46a78eb7cf1acb3d40e9eff1adcd8932cacd9b105e5,csv/MER
Output,Output/csv/MER/mer_vs_annual_occurrence_plot_review_flags.csv,mer_vs_annual_occurrence_plot_review_flags.csv,.csv,7365,2026-06-27T08:49:38+00:00,6dc5b7714e8d8b18a7020ecfdefae2275f928a38ad7bfd762056dc0694e9d54e,csv/MER
Output,Output/csv/MER/mer_vs_annual_occurrence_raster_comparison_by_plot.csv,mer_vs_annual_occurrence_raster_comparison_by_plot.csv,.csv,15287,2026-06-27T08:53:54+00:00,fb5b80075b1a31638ca17a69a1f24429acac8c498e34c119dca7751720c5f359,csv/MER
Output,Output/csv/MER/mer_vs_annual_occurrence_raster_comparison_summary.csv,mer_vs_annual_occurrence_raster_comparison_summary.csv,.csv,478,2026-06-27T08:53:54+00:00,01de6e2df82ddb3b7e6826149c17dc13321be24c6e032b8e7c1c447807212dff,csv/MER
Output,Output/csv/MER/raster_build/flow_mer_vs_gayini_rs_data_census.csv,flow_mer_vs_gayini_rs_data_census.csv,.csv,6846,2026-06-27T03:12:10+00:00,ce3bba1f9411f3dd871fb65cd43ef6798d2a400a37ced5c5a09621602eceb3b0,csv/MER/raster_build
Output,Output/csv/MER/raster_build/mer_raster_smoke_test_plot_qa.csv,mer_raster_smoke_test_plot_qa.csv,.csv,32008,2026-06-27T03:46:32+00:00,6360b02cc7b202539cf42658ab104727e2efd69c46388df3b1bd59ffcd2c8298,csv/MER/raster_build
Output,Output/csv/MODIS/03_modis_ground_cover_context_full.csv,03_modis_ground_cover_context_full.csv,.csv,9292590,2026-06-18T02:16:22+00:00,48415382054fd7fd8c30f62c0e709490ffb581313dd48645a1439f0ca810b177,csv/MODIS
Output,Output/csv/MODIS/03_modis_ground_cover_management_zone_summary.csv,03_modis_ground_cover_management_zone_summary.csv,.csv,10905,2026-06-18T02:16:26+00:00,308f5b110534d41423f563260900c7bd0cc7331d7cf712ed46c6f597f8c710d3,csv/MODIS
Output,Output/csv/MODIS/03_modis_ground_cover_monthly_farm_buffer_summary.csv,03_modis_ground_cover_monthly_farm_buffer_summary.csv,.csv,437630,2026-06-18T02:16:24+00:00,698074bae110732e9dfc71196273f737703b76422d2f3555c7d134600def0f78,csv/MODIS
Output,Output/csv/MODIS/03_modis_ground_cover_prepost_summary.csv,03_modis_ground_cover_prepost_summary.csv,.csv,20890,2026-06-18T02:16:26+00:00,ed75673ddc570a37b378f5ad7cf4b7269c348aa9e53f2ed7175d94e04d6bc9ca,csv/MODIS
Output,Output/csv/MODIS/03_modis_ground_cover_seasonal_summary.csv,03_modis_ground_cover_seasonal_summary.csv,.csv,2305511,2026-06-18T02:16:26+00:00,51ad2570512c2251714e2d92a1be768bc138d0e9200fa01baa96d03066026c4d,csv/MODIS
Output,Output/csv/MODIS/03_modis_ground_cover_water_year_summary.csv,03_modis_ground_cover_water_year_summary.csv,.csv,379371,2026-06-18T02:16:26+00:00,9f1c64d4eb10707abdcab5a5761cf22006421df095e6522e45f626aa931902e4,csv/MODIS
Output,Output/csv/MODIS/modis_context_units_summary.csv,modis_context_units_summary.csv,.csv,5130,2026-06-18T00:46:38+00:00,0c6ac70d2a24761c3a4591865c92efba824e44064991898860e7ad836ece6b80,csv/MODIS
Output,Output/csv/MODIS/modis_fractional_cover_summary.csv,modis_fractional_cover_summary.csv,.csv,171,2026-06-18T00:37:46+00:00,483d46e8942bf9dd64f71eb15dcec3832065cb69097061c89c51e0aba23e5575,csv/MODIS
Output,Output/csv/review_deck/candidate_dashboard_set_for_review_updated.csv,candidate_dashboard_set_for_review_updated.csv,.csv,3317,2026-06-27T08:53:04+00:00,1f2b9e2d6e29b93e57f117f0b73ddd72cd8a150e6628fdca13df58542631daa8,csv/review_deck
Output,Output/csv/review_deck/mer_metric_comparison_table.csv,mer_metric_comparison_table.csv,.csv,4522,2026-06-25T01:52:20+00:00,51a80738ba14e7d3a77562f9614570e935f329d4f7c56efbb99a1bf34db954bf,csv/review_deck
Output,Output/csv/review_deck/mer_metric_keep_defer_decision_table.csv,mer_metric_keep_defer_decision_table.csv,.csv,3031,2026-06-25T01:52:20+00:00,2884b08705eb0a5bcea807623489b510e1ecbcc4b33c0f375d95995ac211f389,csv/review_deck
Output,Output/database/Gayini_Results.gpkg,Gayini_Results.gpkg,.gpkg,700416,2026-07-01T01:45:02+00:00,b703de8dd75cf16dd7e8c02e0852f9626c9ce3d9067e65f00629ac48ebd306bf,database
Output,Output/database/Gayini_Results.sqlite,Gayini_Results.sqlite,.sqlite,83337216,2026-08-01T03:43:36.940419+00:00,440c9fe9890e1a35faec8486a71acf2ed6caa794ce02b29a58d4b036385a567b,database
Output,Output/database/Gayini_Results_data_dictionary.xlsx,Gayini_Results_data_dictionary.xlsx,.xlsx,72273,2026-07-07T04:03:58+00:00,6250b992194ccfb1a7e4d5db02d148b572b6683464787daeabe2da94fc459b29,database
Output,Output/database/README_Gayini_Results_database.md,README_Gayini_Results_database.md,.md,1450,2026-07-01T01:46:44+00:00,9102fd567d718a54a6b179e01e4d54909c63241e8352f62fc812d957b98ae0bf,database
Output,Output/diagnostics/.gitkeep,.gitkeep,,0,2026-06-07T17:32:00+00:00,e3b0c44298fc1c149afbf4c8996fb92427ae41e4649b934ca495991b7852b855,diagnostics
Output,Output/diagnostics/c1_inset_overlap_check.csv,c1_inset_overlap_check.csv,.csv,1184,2026-07-10T06:16:54+00:00,46705a7afee783cbee0ba566c4863110b5b1ab19ba98b077e0c3fc18685c336d,diagnostics
Output,Output/diagnostics/community_occurrence_summary.csv,community_occurrence_summary.csv,.csv,367,2026-07-08T07:17:12+00:00,7b1a87fe87b9479fc45b09874c35787d7d6eb88890d7111e73c20bb4e5bae595,diagnostics
Output,Output/diagnostics/dashboards_trial_qa.json,dashboards_trial_qa.json,.json,4344,2026-07-14T07:03:06+00:00,621d81b7f2fa66680f0c1570d1448852277cfde71d4eec09e33e4e4b067004a1,diagnostics
Output,Output/diagnostics/f5c_inset_overlap_check.csv,f5c_inset_overlap_check.csv,.csv,315,2026-07-10T01:02:20+00:00,dc93b3772a73ca4aabfb9f7a8c894d00cb97089a14de41673cbd63ee0de4ec42,diagnostics
Output,Output/diagnostics/f5c_paddock_choice_log.csv,f5c_paddock_choice_log.csv,.csv,805,2026-07-10T01:02:04+00:00,db913dda3df821713d3db4a18f0934dfaca889289f7b8b1af6678e2a3e181608,diagnostics
Output,Output/diagnostics/f6_stratum_annual_series.csv,f6_stratum_annual_series.csv,.csv,27531,2026-07-09T04:55:28+00:00,baa9a96da51167ff5f03f09a4dcf9e3833ef21051dd52f7e6eba32c3dc15adbb,diagnostics
Output,Output/diagnostics/f6_verdict_summary.csv,f6_verdict_summary.csv,.csv,2453,2026-07-09T04:55:30+00:00,5db3b808ed3e2f1c54eddacb4cd87c6e974d6be1904fde5f4c94ca5dfb2a435c,diagnostics
Output,Output/diagnostics/f7_plot_stratum.csv,f7_plot_stratum.csv,.csv,3384,2026-07-14T03:18:04+00:00,b8e9fb58c347840c00080dc9414f8432b40ce9d67d0d76690dd31e614b30b0d8,diagnostics
Output,Output/diagnostics/gayini_output_census_20260717.csv,gayini_output_census_20260717.csv,.csv,274962,2026-07-17T01:32:34+00:00,1ba59dd3cee3dfd47e329477c5f64e287a9132bd427df9e302189b2c57428cb2,diagnostics
Output,Output/diagnostics/output_tree_extension_breakdown_20260720.csv,output_tree_extension_breakdown_20260720.csv,.csv,369,2026-07-20T02:50:42+00:00,52f54d6f5634682cd54c4918b28965f4452816a4f077de4e285afd2e4bdd1e0f,diagnostics
Output,Output/diagnostics/output_tree_figures_by_ladder_prefix_20260720.csv,output_tree_figures_by_ladder_prefix_20260720.csv,.csv,408,2026-07-20T02:50:42+00:00,7f346917cd41931bf10515b67d5e722a14ff90bb4677bd318e6898426f9e0f97,diagnostics
Output,Output/diagnostics/output_tree_figures_by_subfolder_20260720.csv,output_tree_figures_by_subfolder_20260720.csv,.csv,88,2026-07-20T02:50:42+00:00,a6fd76aee4379fd4cb08b9afa89cc6a989664fdef8d9107971e7e9495e37803c,diagnostics
Output,Output/diagnostics/output_tree_folder_rollup_depth3_20260720.csv,output_tree_folder_rollup_depth3_20260720.csv,.csv,16605,2026-07-20T02:50:42+00:00,9f60486276f0dbac9cf06f3908be046568397d2a03823a74d648bf58fce089c7,diagnostics
Output,Output/diagnostics/output_tree_largest40_files_20260720.csv,output_tree_largest40_files_20260720.csv,.csv,2924,2026-07-20T02:50:42+00:00,e69d194c40b7fd79b0a754e885021735f13e781eb4280df35d2fc1548cc3c175,diagnostics
Output,Output/diagnostics/output_tree_tracked_vs_orphan_by_ext_20260720.csv,output_tree_tracked_vs_orphan_by_ext_20260720.csv,.csv,384,2026-07-20T02:50:42+00:00,a1b63dbeaf0b78a3f12cc69f1e83c8ee1754d0cc59aaf16c886037f55d3bbd49,diagnostics
Output,Output/diagnostics/output_tree_tracked_vs_orphan_by_folder_20260720.csv,output_tree_tracked_vs_orphan_by_folder_20260720.csv,.csv,16574,2026-07-20T02:50:42+00:00,537e9096bc7b3cf3ef29f92cab4b646752f8ee603071ed64bbfd7ded822a6d09,diagnostics
Output,Output/diagnostics/pixel_census.csv,pixel_census.csv,.csv,1496,2026-07-10T00:44:46+00:00,64b0440a86337213e6ee17a225bdf413b8686ebef28589e16cec88545551b8df,diagnostics
Output,Output/diagnostics/pixel_census_qa.json,pixel_census_qa.json,.json,1495,2026-07-10T00:44:48+00:00,adadd04755a49dab7f24a738c294ccb006b95f8d11d1fbd845b5604914571203,diagnostics
Output,Output/diagnostics/plot_area_flags.csv,plot_area_flags.csv,.csv,166,2026-06-18T00:46:38+00:00,fb80e1f1a8dcc24ebbe19aab5f2e00610173e3501673849ed88658c0981895f0,diagnostics
Output,Output/diagnostics/plot_community_mismatch_report.csv,plot_community_mismatch_report.csv,.csv,1319,2026-07-08T02:10:08+00:00,a9f7a243b61342fea9fcb7b42692fa16f78ceaa0d472988fcdf1abc07ac8d4d7,diagnostics
Output,Output/diagnostics/regime_band_breaks.csv,regime_band_breaks.csv,.csv,216,2026-07-09T02:10:00+00:00,488303383b9247a0627fcaec50c627756fc80927521e875d337db278357f69a7,diagnostics
Output,Output/diagnostics/regime_band_breaks_nn.csv,regime_band_breaks_nn.csv,.csv,300,2026-07-15T11:14:00+00:00,009a576971a94be5363b606fe4d535d0d58b15f71d1a859b3150ab81fc87fa15,diagnostics
Output,Output/diagnostics/sample_summary.csv,sample_summary.csv,.csv,783,2026-07-09T02:10:30+00:00,7184018c3f4ca4a4ddef7550f48f9ae03f8bf53d307d3a068629b8c70693b3a6,diagnostics
Output,Output/diagnostics/tier2H_g1a_annual_veg_reduction_delta.csv,tier2H_g1a_annual_veg_reduction_delta.csv,.csv,1819,2026-07-21T05:58:21.608747+00:00,e5e3da41ad829f11db499d2911329c8c4a08b91fc1ed902f400f5e63d143e5c6,diagnostics
Output,Output/diagnostics/tier2H_g1a_annual_veg_valid_seasons.csv,tier2H_g1a_annual_veg_valid_seasons.csv,.csv,1688,2026-07-21T05:55:34.500268+00:00,5ea5e1187049864ed134445ca94eed05c57d5a4b5bc908bc05d921b4f33eedf2,diagnostics
Output,Output/diagnostics/tier2H_g1a_qa.json,tier2H_g1a_qa.json,.json,2080,2026-07-21T05:59:33.671772+00:00,585f20ce9d654268212fb1269476fedebf03d8b2fdfa17521035e7f1adf58283,diagnostics
Output,Output/diagnostics/tier2H_g1b_census_veg_wet_response_by_community.csv,tier2H_g1b_census_veg_wet_response_by_community.csv,.csv,1469,2026-07-21T06:54:14.258593+00:00,51138f33cc9aa64c386f06073c2c732098f0a2fb0c9ab3b3c52128256730db7b,diagnostics
Output,Output/diagnostics/tier2H_g1b_census_veg_wet_response_by_stratum.csv,tier2H_g1b_census_veg_wet_response_by_stratum.csv,.csv,2876,2026-07-21T06:54:14.242842+00:00,5cfd6769ac10ca6416cdeb253f4e272f953a45d2e425df8064034a8c4c0c9765,diagnostics
Output,Output/diagnostics/tier2H_g1b_qa.json,tier2H_g1b_qa.json,.json,10863,2026-07-21T06:54:15.502663+00:00,f7a70cbfc6a9da4bd85745c109d4948aedf8a991bb29c1ea598909bc72c1513f,diagnostics
Output,Output/diagnostics/tier2H_h2_balanced_subsample.csv,tier2H_h2_balanced_subsample.csv,.csv,196,2026-07-16T11:59:16+00:00,2fdb418f6651ef1e47dae5d88f827b0e6fee29737fe1c85a9c6e0eb94e96d09a,diagnostics
Output,Output/diagnostics/tier2H_h2_blob_probe.csv,tier2H_h2_blob_probe.csv,.csv,314,2026-07-16T12:16:22+00:00,3d24292bd160a4e2e8d3afdd4dc8116b9eb82fcd274fb2d42e887d8f474834ff,diagnostics
Output,Output/diagnostics/tier2H_h2_farm_masked_diagnostics.csv,tier2H_h2_farm_masked_diagnostics.csv,.csv,354,2026-07-16T12:09:56+00:00,4914b9d4d54fd123b2666901dffe26665c04a76cb0564b8a7962b745fa7a77f0,diagnostics
Output,Output/diagnostics/tier2H_h2_fc_water_year_pool.csv,tier2H_h2_fc_water_year_pool.csv,.csv,29927,2026-07-16T04:52:40+00:00,b7bf91dcb4eba6f7e353a38b34f4e72ad87e584b129dd708557005f504837c18,diagnostics
Output,Output/diagnostics/tier2H_h2_gate_mix_vs_flood_binned.csv,tier2H_h2_gate_mix_vs_flood_binned.csv,.csv,173,2026-07-16T11:54:44+00:00,ccb47342d75aa2492555c0844e15966ba77f73144ce531cf02017884657e587b,diagnostics
Output,Output/diagnostics/tier2H_h2_gate_season_mix.csv,tier2H_h2_gate_season_mix.csv,.csv,171,2026-07-16T11:54:44+00:00,b535fe7251e7992471474484d4dab8dd90c1d28b3fb84959c46cbce0bcd77b8e,diagnostics
Output,Output/diagnostics/tier2H_h2_gate_verdict.json,tier2H_h2_gate_verdict.json,.json,462,2026-07-16T12:16:24+00:00,30feae32308afdd774fca266d623c1534b7f245c634404a64131c004fe868b7b,diagnostics
Output,Output/diagnostics/tier2H_h2_green_fraction_at_floor.csv,tier2H_h2_green_fraction_at_floor.csv,.csv,207,2026-07-16T12:09:56+00:00,7ee06a2ec9981ee7bd8e93a82a13f955df9661272dbeaae586ca4b156c77126b,diagnostics
Output,Output/diagnostics/tier2H_h2_monotonicity_check.csv,tier2H_h2_monotonicity_check.csv,.csv,70,2026-07-16T05:02:58+00:00,82344e1169a5f7bcfa8d03d91599cfaaef4f6ad5b77939dcd307e0cf7617d613,diagnostics
Output,Output/diagnostics/tier2H_h2_nodata_by_scene.csv,tier2H_h2_nodata_by_scene.csv,.csv,5806,2026-07-16T05:00:50+00:00,edba4689ba63e45a40003b5fe95aeff0d0ebbab12c0ff4bb0f9074420bc19fe5,diagnostics
Output,Output/diagnostics/tier2H_h2_qa.json,tier2H_h2_qa.json,.json,8482,2026-07-16T05:03:30+00:00,1ee99b901a6910f7ddc8841e98f6ee161f6d618b0808d3eb1242e9884bf0bedc,diagnostics
Output,Output/diagnostics/tier2H_h2_raster_diagnostics.csv,tier2H_h2_raster_diagnostics.csv,.csv,723,2026-07-16T05:03:08+00:00,355dde225b387c1ef4eeccf516fc9cad781f12466fe908ef9128414b6481ecfa,diagnostics
Output,Output/diagnostics/tier2H_h2_seasonal_bias_test.csv,tier2H_h2_seasonal_bias_test.csv,.csv,141,2026-07-16T05:02:42+00:00,32ef55238481dd39ceb19bc88e3fe14653093b695ce2503a2dd97b208b4b1858,diagnostics
Output,Output/diagnostics/tier2H_h2_valid_season_distribution.csv,tier2H_h2_valid_season_distribution.csv,.csv,318,2026-07-16T04:59:14+00:00,03350dfc804688091baebabd855241a615fedd0b8e28a32e64e809025af00bb4,diagnostics
Output,Output/diagnostics/tier2H_h30_community_delta.csv,tier2H_h30_community_delta.csv,.csv,239,2026-07-15T11:14:00+00:00,56cceef15e827e5a4cd56447a22d79b7cac9700e4d174a0191ea79a7000849b4,diagnostics
Output,Output/diagnostics/tier2H_h30_nn_vs_bilinear_delta.csv,tier2H_h30_nn_vs_bilinear_delta.csv,.csv,630,2026-07-15T11:14:00+00:00,c130e70e4a7092070fb8164dbbaa09f9c287141c7ca4a7c8d280c8eb5d2272d5,diagnostics
Output,Output/diagnostics/tier2H_h30_reproject_qa.json,tier2H_h30_reproject_qa.json,.json,2761,2026-07-15T11:14:00+00:00,7bd96a69af75fde0f16b3613adcfdff5481ad370e994157fd859ce7b841dc776,diagnostics
Output,Output/diagnostics/tier2H_h30_tercile_delta.csv,tier2H_h30_tercile_delta.csv,.csv,255,2026-07-15T11:14:00+00:00,a70e76830b242ca1ed700b5fca96cc8d4984abee8597883d81b1dd25846ae3c5,diagnostics
Output,Output/diagnostics/tier2H_h31_census_matrix.csv,tier2H_h31_census_matrix.csv,.csv,1099,2026-07-16T01:26:40+00:00,f36040bd26c794b5bc4d2c1a10e23380299f8dbd2269c5515287153ca4d11d62,diagnostics
Output,Output/diagnostics/tier2H_h31_census_stratum_annual_series.csv,tier2H_h31_census_stratum_annual_series.csv,.csv,33414,2026-07-16T01:26:40+00:00,6ea7f1ad3a0343a50a17e7c5ee575b4f5f23c4606d0d21b1d8c8215e64bba14c,diagnostics
Output,Output/diagnostics/tier2H_h32_census_f6_verdicts.csv,tier2H_h32_census_f6_verdicts.csv,.csv,2872,2026-07-16T01:26:42+00:00,40cb11c4be4fae3ad5ac5b85a8a84c16829748be9f64362a02abba348e04c9a1,diagnostics
Output,Output/diagnostics/tier2H_h32_f6_verdict_delta_vs_sample.csv,tier2H_h32_f6_verdict_delta_vs_sample.csv,.csv,955,2026-07-16T01:26:42+00:00,60268f8936794c9c8eeb944be0cfd8e2d18ea4d2968441a56b55895cc1ecf449,diagnostics
Output,Output/diagnostics/tier2H_h32_sample_power_1000draws.csv,tier2H_h32_sample_power_1000draws.csv,.csv,32193,2026-07-17T05:45:10+00:00,ad8456cca6c909c53535516d10e8bed325eb4c58aae0623d7514620dbd43512b,diagnostics
Output,Output/diagnostics/tier2H_h32_sample_power_summary.csv,tier2H_h32_sample_power_summary.csv,.csv,725,2026-07-17T05:44:42+00:00,40dc3b2c69bc54ba7651e8be015ce2e05e0a8439490c5d40421e83d3b7d593e1,diagnostics
Output,Output/diagnostics/tier2H_h33_per_year_cut.csv,tier2H_h33_per_year_cut.csv,.csv,3486,2026-07-16T01:26:44+00:00,0be7bf37b823129549e8c7cee8eb7a044f6b31cb30feffef46cbbb88167d5ece,diagnostics
Output,Output/diagnostics/tier2H_h4_census_reconciliation.csv,tier2H_h4_census_reconciliation.csv,.csv,592,2026-07-17T00:04:50+00:00,d2fe8e9c237d099fa8f401d51728d0c81a5cb4eb5a303022904b97866e1c2640,diagnostics
Output,Output/diagnostics/tier2H_h4_qa.json,tier2H_h4_qa.json,.json,999,2026-07-17T00:05:28+00:00,6b0ebf486e53fcc2469c7c4d647c1417be08b52bc37d5f12036f141a89fb7529,diagnostics
Output,Output/diagnostics/tier2H_h6_flood_zone_crosstab.csv,tier2H_h6_flood_zone_crosstab.csv,.csv,1822,2026-07-16T10:34:00+00:00,6c718cc080e6d8e42a7ee030b715c57568bd2a603049af53b56e47b1fa36ca9a,diagnostics
Output,Output/diagnostics/tier2H_h6_qa.json,tier2H_h6_qa.json,.json,1996,2026-07-16T10:34:02+00:00,8ec53c2a411622e6cb0c30c5b5d0202138dc9c6b413b88c2bad7646a492459bb,diagnostics
Output,Output/diagnostics/tier2H_trackA_qa.json,tier2H_trackA_qa.json,.json,1622,2026-07-16T01:26:44+00:00,917c3b53426b59b7f941de5d700f8a41b8e6343105ca23fa404f5e3197e1c62a,diagnostics
Output,Output/diagnostics/veg_regime_class_qa.json,veg_regime_class_qa.json,.json,3129,2026-07-10T06:16:54+00:00,1ead8194f2cd358399cb93421aefe0106ba9e9b270965d38b37ef4b5af45e914,diagnostics
Output,Output/diagnostics/background_matched_years/annual_inundation_year_summary.csv,annual_inundation_year_summary.csv,.csv,11347,2026-06-25T01:03:32+00:00,89f226b26260cd5b96c4d6fc26e25599e966395c4170de566021e249b569808c,diagnostics/background_matched_years
Output,Output/diagnostics/background_matched_years/background_period_selection.csv,background_period_selection.csv,.csv,344,2026-06-25T01:03:22+00:00,73a5243ba58eaa19d7bd8fc520df178e5c595372782410e620db9dd499def0ca,diagnostics/background_matched_years
Output,Output/diagnostics/background_matched_years/task3_checks.csv,task3_checks.csv,.csv,1695,2026-06-25T01:03:34+00:00,35f96c937558d848e5db1ebbb0a5d02d7e50daa8be4331e1fe3dd726997afdea,diagnostics/background_matched_years
Output,Output/diagnostics/background_matched_years/task3_figure_manifest.csv,task3_figure_manifest.csv,.csv,528,2026-06-25T01:03:32+00:00,a2973de6b72d11bae98efd57186d1cacb47bf0600f050606bbe82c8834c6a367,diagnostics/background_matched_years
Output,Output/diagnostics/background_matched_years/task3_input_report.csv,task3_input_report.csv,.csv,806,2026-06-25T01:03:20+00:00,c84cded5c47c2dade0a9519f29f405000a7e97a1b4c8c64d7064dfbe54593111,diagnostics/background_matched_years
Output,Output/diagnostics/check_curated_outputs/codex_handoff_report.md,codex_handoff_report.md,.md,1315,2026-06-15T10:53:56+00:00,d680795621ef34c2e1ed38518ff580825208ea153051023dfb5cfaa176e7032f,diagnostics/check_curated_outputs
Output,Output/diagnostics/check_curated_outputs/date_ranges.csv,date_ranges.csv,.csv,839,2026-06-15T10:53:56+00:00,be4213e2dc8ad7ea1ef12e8be01a299b80a5a2ee97a84e57769f1024c4fc02a9,diagnostics/check_curated_outputs
Output,Output/diagnostics/check_curated_outputs/duplicate_key_checks.csv,duplicate_key_checks.csv,.csv,312,2026-06-15T10:53:56+00:00,a392e05de8915781c5896a5159878dfb83803e22da57ca4f245a896c5f31d175,diagnostics/check_curated_outputs
Output,Output/diagnostics/check_curated_outputs/missingness_summary.csv,missingness_summary.csv,.csv,6990,2026-06-15T10:53:56+00:00,9b37cfd435c906acea2f57e38017faaeb06c969241290e87995bd2e883094cf7,diagnostics/check_curated_outputs
Output,Output/diagnostics/check_curated_outputs/row_counts.csv,row_counts.csv,.csv,457,2026-06-15T10:53:56+00:00,7151282fce4049a936954910e96f13ffc943bb7c195688f69a12959889405399,diagnostics/check_curated_outputs
Output,Output/diagnostics/check_curated_outputs/treatment_counts.csv,treatment_counts.csv,.csv,745,2026-06-15T10:53:56+00:00,802d0159fa0845642fae36580253f997aa5e0e9c0da20a8aa200c59ee9a8dd00,diagnostics/check_curated_outputs
Output,Output/diagnostics/check_curated_outputs/unique_plot_counts.csv,unique_plot_counts.csv,.csv,210,2026-06-15T10:53:56+00:00,82c980348c185ac1652119dcb72516aafa4b753a382a29250039b00ba88dbd83,diagnostics/check_curated_outputs
Output,Output/diagnostics/check_curated_outputs/variable_ranges.csv,variable_ranges.csv,.csv,2418,2026-06-15T10:53:56+00:00,db548432dd03edabe230ebcfdfb51e5177755e29f4a86dc878fe7d353db3e74c,diagnostics/check_curated_outputs
Output,Output/diagnostics/check_curated_outputs/vegetation_group_counts.csv,vegetation_group_counts.csv,.csv,1797,2026-06-15T10:53:56+00:00,4a1cbcc5d8ba27b08ea86fa57f7b2cebc054ebd5d71f437e9693c90b43225ef3,diagnostics/check_curated_outputs
Output,Output/diagnostics/check_prepost_inundation_raster_outputs/codex_handoff_report.md,codex_handoff_report.md,.md,1349,2026-06-15T10:56:06+00:00,d597499babeb87eeb9ba081c4bfaf554a4d434c845cd0dd2aed3b05a0cd51d2d,diagnostics/check_prepost_inundation_raster_outputs
Output,Output/diagnostics/check_prepost_inundation_raster_outputs/raster_alignment_checks.csv,raster_alignment_checks.csv,.csv,7564,2026-06-15T10:56:02+00:00,2453c4e38680868acc1394fe330e1162171106350dc8cf6b4523d7349e005e65,diagnostics/check_prepost_inundation_raster_outputs
Output,Output/diagnostics/check_prepost_inundation_raster_outputs/raster_file_inventory.csv,raster_file_inventory.csv,.csv,7371,2026-06-15T10:55:44+00:00,f75702c9584e8236e4717589096c4ef988685287b6194f4eeaf85425cddbc5f4,diagnostics/check_prepost_inundation_raster_outputs
Output,Output/diagnostics/check_prepost_inundation_raster_outputs/raster_logic_checks.csv,raster_logic_checks.csv,.csv,13848,2026-06-15T10:56:06+00:00,1a24cab7ee2fd2b3a4ab560f2a29397d504b30b072eccba3ac48873078d61678,diagnostics/check_prepost_inundation_raster_outputs
Output,Output/diagnostics/check_prepost_inundation_raster_outputs/raster_value_ranges.csv,raster_value_ranges.csv,.csv,6952,2026-06-15T10:56:02+00:00,de4a3da39ad6e2bd01935dfc80f52010bd827056559bda0cd1a6928798985aae,diagnostics/check_prepost_inundation_raster_outputs
Output,Output/diagnostics/curate_rs_analysis_base/curate_duplicate_checks.csv,curate_duplicate_checks.csv,.csv,387,2026-06-24T03:22:54+00:00,4dc90d69b34224561b36251b31a8bdd1be150d9ec1a4f305dd1e9306db3983fb,diagnostics/curate_rs_analysis_base
Output,Output/diagnostics/curate_rs_analysis_base/curate_row_counts.csv,curate_row_counts.csv,.csv,1019,2026-06-24T03:22:54+00:00,75e386766ea99494496bd442aa773e3aa4f5a45aa6a6fa62c13040a6002bf92f,diagnostics/curate_rs_analysis_base
Output,Output/diagnostics/curate_rs_analysis_base/curate_variable_lut.csv,curate_variable_lut.csv,.csv,3976,2026-06-24T03:22:54+00:00,99000589211767029b2129f933e31025dd1c234f738b07eca762d4b2f25f39b2,diagnostics/curate_rs_analysis_base
Output,Output/diagnostics/curate_rs_analysis_base/curate_vegetation_group_counts.csv,curate_vegetation_group_counts.csv,.csv,1326,2026-06-24T03:22:54+00:00,002c265ad9222223b21139a957d6178fbc31e48d7d0b6e772240b608171be1c9,diagnostics/curate_rs_analysis_base
Output,Output/diagnostics/database/db_build_qa_checks.csv,db_build_qa_checks.csv,.csv,10257,2026-07-01T01:46:32+00:00,efb83772ece102460afce61353939ebbb2b30910588c4b3d6cad7759f623169a,diagnostics/database
Output,Output/diagnostics/database/output_asset_manifest.csv,output_asset_manifest.csv,.csv,79837,2026-07-01T01:46:22+00:00,d40a2f0abc46cf5ebf99e8b35a5c1b4f4382857151365ac269fdb29f0d4ff9e1,diagnostics/database
Output,Output/diagnostics/database/plot_spatial_overlay_summary.csv,plot_spatial_overlay_summary.csv,.csv,5638,2026-07-01T01:45:26+00:00,a2ab8b1149c5a3ae9da48801433ec126d2a9f1dc0a69a7ed84695fba3ba87437,diagnostics/database
Output,Output/diagnostics/database/raster_asset_metadata_summary.csv,raster_asset_metadata_summary.csv,.csv,24427,2026-07-01T01:46:22+00:00,3958865bdd91cdb5ef91c499d44dc12f8ab4456f862ecd57bacf14f385b13d10,diagnostics/database
Output,Output/diagnostics/database/spatial_layer_import_summary.csv,spatial_layer_import_summary.csv,.csv,773,2026-07-01T01:45:26+00:00,02351b55e78924568308ddbdb288daf6f605579f1488e8daf12e7b97fd3aeae0,diagnostics/database
Output,Output/diagnostics/gauge_integration/dashboard_gauge_integration_plot_data.csv,dashboard_gauge_integration_plot_data.csv,.csv,165680,2026-06-25T00:16:18+00:00,9df66ffd56c121ec640456a4ba857e625de993cda00fd2473e12a22ae1f0fc8b,diagnostics/gauge_integration
Output,Output/diagnostics/gauge_integration/gauge_input_import_report.csv,gauge_input_import_report.csv,.csv,1348,2026-06-25T00:16:16+00:00,8fe64487d52eb39809eb91e1839f3e77058e71ef7f1e210278ad351b01421126,diagnostics/gauge_integration
Output,Output/diagnostics/gauge_integration/gauge_integration_checks.csv,gauge_integration_checks.csv,.csv,1335,2026-06-25T00:16:18+00:00,ac02827f457c7b85469a9c1928247e5dcce6057ad0666d0803b1d21f88aaaac4,diagnostics/gauge_integration
Output,Output/diagnostics/gauge_integration/gauge_integration_figure_manifest.csv,gauge_integration_figure_manifest.csv,.csv,769,2026-06-25T00:16:18+00:00,11a3ecd1c35930b3801af496707398fb941d03d7e1c761987accebf93ba7e09e,diagnostics/gauge_integration
Output,Output/diagnostics/ground_cover/plot_context_flags/grazing_collapse_summary.csv,grazing_collapse_summary.csv,.csv,158,2026-06-24T09:01:34+00:00,09d75906ddc350e690c191a118128576e2cf3f550a880ba6be8dd1a2df7139c3,diagnostics/ground_cover/plot_context_flags
Output,Output/diagnostics/ground_cover/plot_context_flags/plot_context_flag_checks.csv,plot_context_flag_checks.csv,.csv,754,2026-06-24T09:01:34+00:00,a451f399c2030b4e5805bff8cd10285fcfe898b9190443ea795ff129e9c88900,diagnostics/ground_cover/plot_context_flags
Output,Output/diagnostics/ground_cover/plot_context_flags/plot_context_variable_lut.csv,plot_context_variable_lut.csv,.csv,878,2026-06-24T09:01:34+00:00,b6f7a42ab8a0d19ce21dc432e3a90e3b5ac5dad5ae8f22b23da0c69944ef56be,diagnostics/ground_cover/plot_context_flags
Output,Output/diagnostics/ground_cover/plot_context_flags/plot_treed_exclusion_map_context_note.csv,plot_treed_exclusion_map_context_note.csv,.csv,367,2026-06-24T09:01:34+00:00,62de26c3caac56d24e5be0602ad252e32fcc1be1f86276589ffd702238952a5d,diagnostics/ground_cover/plot_context_flags
Output,Output/diagnostics/ground_cover/plot_context_flags/treed_plot_list.csv,treed_plot_list.csv,.csv,1721,2026-06-24T09:01:34+00:00,cbbb9dc6d38f3c5960baee789f64600cbf75f79102ebaf9f25daf6e3ffee21b4,diagnostics/ground_cover/plot_context_flags
Output,Output/diagnostics/ground_cover/plot_context_flags/vegetation_category_summary.csv,vegetation_category_summary.csv,.csv,543,2026-06-24T09:01:34+00:00,1bab667892e1aab7e0889491fde5c5a8924b6fdc75d336d52a8871a6dd18827a,diagnostics/ground_cover/plot_context_flags
Output,Output/diagnostics/ground_cover/prepost_figures/codex_handoff_report.md,codex_handoff_report.md,.md,3538,2026-06-15T10:16:38+00:00,cb44719da028ab1b2043231ad41d53ff4df8e1a633b9211ac7dab5856aa32e72,diagnostics/ground_cover/prepost_figures
Output,Output/diagnostics/ground_cover/prepost_figures/figure_index.csv,figure_index.csv,.csv,4147,2026-06-15T10:16:38+00:00,d70a383edb03d5810788bea945b5d552b1e87c502a9c24e59ca34e0a02ef3fff,diagnostics/ground_cover/prepost_figures
Output,Output/diagnostics/ground_cover/prepost_response/codex_handoff_report.md,codex_handoff_report.md,.md,2115,2026-06-15T08:12:28+00:00,5b74b2ed29a3ce31ce9978e71b94aa9e32871fd242bab9439d77800881481a0b,diagnostics/ground_cover/prepost_response
Output,Output/diagnostics/ground_cover/prepost_response/review_flags.csv,review_flags.csv,.csv,335,2026-06-15T08:12:28+00:00,47355b137fde47cc873bf4b989d2ab1aabe985cdee3028855a36b0079c2b4853,diagnostics/ground_cover/prepost_response
Output,Output/diagnostics/ground_cover/prepost_response/row_counts.csv,row_counts.csv,.csv,589,2026-06-15T08:12:26+00:00,083cf9b83a9c07625784189dd7df6e8bc5adf1f8d71df355422533169b30ee00,diagnostics/ground_cover/prepost_response
Output,Output/diagnostics/ground_cover/prepost_response/variable_ranges.csv,variable_ranges.csv,.csv,1248,2026-06-15T08:12:28+00:00,87ec05217f2f7ef810138ea44aaa007410e8b6be14fa30b27205209ff9b111e4,diagnostics/ground_cover/prepost_response
Output,Output/diagnostics/hydrology/gauge_database_import_manifest.csv,gauge_database_import_manifest.csv,.csv,1169,2026-06-24T03:22:22+00:00,8ccb09764b70760845bbfef0902c7fd5312b0a8bf4458c46ad9989a4df00a64e,diagnostics/hydrology
Output,Output/diagnostics/hydrology/hydrology_figure_manifest.csv,hydrology_figure_manifest.csv,.csv,816,2026-06-23T01:32:36+00:00,0916bc8d521f83ad0a372fcc352b24406d4166c556507d57a9f2ffe9112a8335,diagnostics/hydrology
Output,Output/diagnostics/hydrology/hydrology_gauge_role_lookup.csv,hydrology_gauge_role_lookup.csv,.csv,794,2026-06-24T03:22:14+00:00,8cb4ac813972c2371f1e8bfa919bee51fce478432bc7092486c1917291bb738e,diagnostics/hydrology
Output,Output/diagnostics/hydrology/hydrology_imported_source_files.csv,hydrology_imported_source_files.csv,.csv,1613,2026-06-24T03:22:22+00:00,8216af91e67fc3581fbca81daf2940e9d3541f7c775c1e4d9723179efa052aef,diagnostics/hydrology
Output,Output/diagnostics/hydrology/hydrology_import_checks.csv,hydrology_import_checks.csv,.csv,866,2026-06-24T03:22:22+00:00,0d9cff0a72e63ccbf6a186e01363942cfe0b8d7399942891974cbb091128c3fa,diagnostics/hydrology
Output,Output/diagnostics/hydrology/hydrology_join_key_checks.csv,hydrology_join_key_checks.csv,.csv,499,2026-06-24T03:23:12+00:00,49c7413e6edfa39fae48e83a94266d4b601519b55a3e80dc6dac358e9f63b31f,diagnostics/hydrology
Output,Output/diagnostics/hydrology/hydrology_missingness_by_period.csv,hydrology_missingness_by_period.csv,.csv,1584,2026-06-24T03:23:12+00:00,9987e453c1c2c95581bff89195a2a92faaa800c9d9c1aba2c37e48b9490e13f0,diagnostics/hydrology
Output,Output/diagnostics/hydrology/rs_gauge_join_summary.csv,rs_gauge_join_summary.csv,.csv,323,2026-06-24T03:23:12+00:00,54f3abbab59c06f03d21fac9019ad97b9193387ae94d09962acdac91ddcee4fc,diagnostics/hydrology
Output,Output/diagnostics/inundation_background_rasters/background_raster_input_report.csv,background_raster_input_report.csv,.csv,622,2026-07-02T01:33:16+00:00,92e759e61e55a5761b69eea883e1a18af2d8b16ea8b94d5dca9ab65dad6e1626,diagnostics/inundation_background_rasters
Output,Output/diagnostics/inundation_background_rasters/background_raster_legend_class_code_qa.csv,background_raster_legend_class_code_qa.csv,.csv,842,2026-07-02T01:33:18+00:00,5f6f4e1d621e1ea7c02d4e5b9b2abe4334cf22bd6b5afcd0e13551fe60ea0951,diagnostics/inundation_background_rasters
Output,Output/diagnostics/inundation_background_rasters/background_raster_logical_checks.csv,background_raster_logical_checks.csv,.csv,2600,2026-07-02T01:37:54+00:00,883624f0b48e3d0224cfb84632b5b04b38574eaeea2cc02cb26775b98a45f688,diagnostics/inundation_background_rasters
Output,Output/diagnostics/inundation_background_rasters/background_raster_observation_density_by_year.csv,background_raster_observation_density_by_year.csv,.csv,12160,2026-07-02T01:33:18+00:00,ae297d54a42df94cdfafd80eb54d395627ef444e68a0a331b3a361710467df96,diagnostics/inundation_background_rasters
Output,Output/diagnostics/inundation_background_rasters/background_raster_period_raster_value_summary.csv,background_raster_period_raster_value_summary.csv,.csv,982,2026-07-02T01:37:30+00:00,8e3d11f3f5bd6c25e84fc4e9413e10c7b8b45c2baf346186d37ed9e62b6c73ce,diagnostics/inundation_background_rasters
Output,Output/diagnostics/inundation_background_rasters/background_raster_plot_extraction_checks.csv,background_raster_plot_extraction_checks.csv,.csv,302,2026-07-02T01:38:06+00:00,4ee2fe7c29afbe266e61ddc4db811f0affa528a47bedfe540a217a42e1b1e755,diagnostics/inundation_background_rasters
Output,Output/diagnostics/inundation_background_rasters/background_raster_selected_input_catalog.csv,background_raster_selected_input_catalog.csv,.csv,32407,2026-07-02T01:33:16+00:00,cba4196b3907a25a9f196e102218ec40e2c3a206072fddf42bc148d914aaf6c4,diagnostics/inundation_background_rasters
Output,Output/diagnostics/inundation_background_rasters/background_raster_spatial_checks.csv,background_raster_spatial_checks.csv,.csv,4805,2026-07-02T01:38:10+00:00,942a6659f3a68b57f70292c88f9f1cd5ce58dfd6595925a75e2af356152d181d,diagnostics/inundation_background_rasters
Output,Output/diagnostics/inundation_background_rasters/background_raster_visual_style_checks.csv,background_raster_visual_style_checks.csv,.csv,3250,2026-07-02T01:38:34+00:00,802bb9c540b9807b60d671daec8b60eba47959d6eb38373b6cb24f6f04c0d0be,diagnostics/inundation_background_rasters
Output,Output/diagnostics/MER/annual_max_raster_build/mer_annual_raster_build_manifest.csv,mer_annual_raster_build_manifest.csv,.csv,6977,2026-06-27T05:05:48+00:00,4a281ee44cf179d8b9f301d5704c64209993cf842c81c8c2fe839687d4e45090,diagnostics/MER/annual_max_raster_build
Output,Output/diagnostics/MER/annual_max_raster_build/mer_output_raster_metadata_check.csv,mer_output_raster_metadata_check.csv,.csv,14959,2026-06-27T05:27:00+00:00,0858c65aefa51beccb409bb43b28fefc430983c98dbefd635db5aebf427bf502,diagnostics/MER/annual_max_raster_build
Output,Output/diagnostics/MER/annual_max_raster_build/mer_period_summary_raster_manifest.csv,mer_period_summary_raster_manifest.csv,.csv,1972,2026-06-27T05:05:48+00:00,d778cf368b258102d457bea5a2895aee5aa4a58351ad096dad5db4ce91464d55,diagnostics/MER/annual_max_raster_build
Output,Output/diagnostics/MER/annual_max_raster_build/mer_raster_build_decisions_by_water_year.csv,mer_raster_build_decisions_by_water_year.csv,.csv,3577,2026-06-27T04:57:14+00:00,a66d02794ac95fe01bd1be7a4c8736c491547b9dd564301c78bf573fc26f3de5,diagnostics/MER/annual_max_raster_build
Output,Output/diagnostics/MER/annual_max_raster_build/mer_reference_grid_metadata.csv,mer_reference_grid_metadata.csv,.csv,398,2026-06-27T04:57:12+00:00,0aeabd94f2de4c502579c7a1faffe77fb01112707dec4c67f36752bb138d2990,diagnostics/MER/annual_max_raster_build
Output,Output/diagnostics/MER/annual_max_raster_build/mer_source_raster_alignment_log.csv,mer_source_raster_alignment_log.csv,.csv,41513,2026-06-27T05:05:42+00:00,fcbdcc768b131dab4f65bebfaaf5a21edd7dc1a643dd4f1aa27d020254072137,diagnostics/MER/annual_max_raster_build
Output,Output/diagnostics/MER/archive/old_05b_MER_inundation/duplicate_daily_raster_resolution_log.csv,duplicate_daily_raster_resolution_log.csv,.csv,707,2026-06-23T00:01:22+00:00,ea1774f364b4baefaecbce9c8087a4430c6898827f30c654a6650d19cf5217dd,diagnostics/MER/archive/old_05b_MER_inundation
Output,Output/diagnostics/MER/archive/old_05b_MER_inundation/dynamic_metric_interpretation_lookup.csv,dynamic_metric_interpretation_lookup.csv,.csv,2004,2026-06-23T00:01:22+00:00,6da4b2085234574f3219c0e52a7e9d04b7995a964ddd317e2813e0b2ff0ebb10,diagnostics/MER/archive/old_05b_MER_inundation
Output,Output/diagnostics/MER/archive/old_05b_MER_inundation/dynamic_metric_value_checks.csv,dynamic_metric_value_checks.csv,.csv,446,2026-06-23T00:01:22+00:00,e249c9aef7a1dd3eb6671a29e113de00c5e220135287c306ef69b8f4364f9de2,diagnostics/MER/archive/old_05b_MER_inundation
Output,Output/diagnostics/MER/archive/old_05b_MER_inundation/invalid_observation_summary_by_year.csv,invalid_observation_summary_by_year.csv,.csv,813,2026-06-23T00:01:22+00:00,9fbcb4ec26ef7b9dae5571b8f7ca536af1c144daf3e81e342b016f13cf2b10cb,diagnostics/MER/archive/old_05b_MER_inundation
Output,Output/diagnostics/MER/archive/old_05b_MER_inundation/mer_row_counts.csv,mer_row_counts.csv,.csv,665,2026-06-23T00:01:22+00:00,1a56cecf4527fc15245f4793aabde5fbed59b3d5d29d633757786d09cf478e8f,diagnostics/MER/archive/old_05b_MER_inundation
Output,Output/diagnostics/MER/archive/old_05b_MER_inundation/observation_density_by_water_year.csv,observation_density_by_water_year.csv,.csv,1157,2026-06-23T00:01:22+00:00,4b600622bfe708a369b2cbd14c790474cee2c3d745f12ff455db67fbde15cfd8,diagnostics/MER/archive/old_05b_MER_inundation
Output,Output/diagnostics/MER/archive/old_05b_MER_inundation/run_status_register.csv,run_status_register.csv,.csv,2142,2026-06-23T00:01:22+00:00,d66b7cc3e4d1cac3d50b21e5e0b2514c99b395001e6eea316fff794242d8ca30,diagnostics/MER/archive/old_05b_MER_inundation
Output,Output/diagnostics/MER/plot_metrics/duplicate_daily_raster_resolution_log.csv,duplicate_daily_raster_resolution_log.csv,.csv,749,2026-06-24T04:19:30+00:00,7177e6f460a282cf56d89379486c337261a8b34ffb96a1d57090755f5635786b,diagnostics/MER/plot_metrics
Output,Output/diagnostics/MER/plot_metrics/duplicate_key_checks.csv,duplicate_key_checks.csv,.csv,209,2026-06-24T04:19:28+00:00,fd2497f444df319c44fb9b4b3ba4a0a6dc517193578f9718ad20cb5040ac7963,diagnostics/MER/plot_metrics
Output,Output/diagnostics/MER/plot_metrics/dynamic_metric_interpretation_lookup.csv,dynamic_metric_interpretation_lookup.csv,.csv,2004,2026-06-24T04:19:30+00:00,6da4b2085234574f3219c0e52a7e9d04b7995a964ddd317e2813e0b2ff0ebb10,diagnostics/MER/plot_metrics
Output,Output/diagnostics/MER/plot_metrics/dynamic_metric_value_checks.csv,dynamic_metric_value_checks.csv,.csv,446,2026-06-24T04:19:30+00:00,e249c9aef7a1dd3eb6671a29e113de00c5e220135287c306ef69b8f4364f9de2,diagnostics/MER/plot_metrics
Output,Output/diagnostics/MER/plot_metrics/figure_manifest.csv,figure_manifest.csv,.csv,979,2026-06-24T04:19:30+00:00,4ad783aed83687b3e13da02d8652f3c3ad400043b9ff48763e74ad72a94445cf,diagnostics/MER/plot_metrics
Output,Output/diagnostics/MER/plot_metrics/invalid_observation_summary_by_year.csv,invalid_observation_summary_by_year.csv,.csv,813,2026-06-24T04:19:30+00:00,9fbcb4ec26ef7b9dae5571b8f7ca536af1c144daf3e81e342b016f13cf2b10cb,diagnostics/MER/plot_metrics
Output,Output/diagnostics/MER/plot_metrics/mer_annual_support_summary.csv,mer_annual_support_summary.csv,.csv,74,2026-06-24T05:36:28+00:00,0faffac6edc068ae36e67c5bf38790669ed3ab0f9373595223af139475185e0c,diagnostics/MER/plot_metrics
Output,Output/diagnostics/MER/plot_metrics/mer_deck_map_spatial_context_note.csv,mer_deck_map_spatial_context_note.csv,.csv,401,2026-06-24T05:36:34+00:00,8c19092df61212cdbcc472ea4316eb73680db869103b8485d094a3112b2d59ab,diagnostics/MER/plot_metrics
Output,Output/diagnostics/MER/plot_metrics/mer_deck_metric_use_notes.csv,mer_deck_metric_use_notes.csv,.csv,698,2026-06-24T05:36:28+00:00,9fefe96bb22c3710eaefea292fb6d57ec9715a670a7de63e864175353c4464e2,diagnostics/MER/plot_metrics
Output,Output/diagnostics/MER/plot_metrics/mer_deck_summary_table.csv,mer_deck_summary_table.csv,.csv,2114,2026-06-24T05:36:28+00:00,beb2f4494feb19d43abe0e88920cf91b90ed07c94cd31bd381170e588aa9b423,diagnostics/MER/plot_metrics
Output,Output/diagnostics/MER/plot_metrics/mer_monthly_seasonal_support_summary.csv,mer_monthly_seasonal_support_summary.csv,.csv,283,2026-06-24T05:36:28+00:00,89752e7edbddf6a2d8e8d62c1e2478436aa745353f66ea433d2d0f6d8a848497,diagnostics/MER/plot_metrics
Output,Output/diagnostics/MER/plot_metrics/mer_plot_review_shortlist.csv,mer_plot_review_shortlist.csv,.csv,11298,2026-06-24T05:36:28+00:00,1fc388f20f05c6cd4a03a9304dd5c106c254e218e7154d125849dba2a8c28a8f,diagnostics/MER/plot_metrics
Output,Output/diagnostics/MER/plot_metrics/mer_row_counts.csv,mer_row_counts.csv,.csv,2088,2026-06-24T04:19:30+00:00,78e17b91ec5ba7d81a5165e2a043b577f3833485619aaed17fc1b32536b11484,diagnostics/MER/plot_metrics
Output,Output/diagnostics/MER/plot_metrics/mer_vs_annual_occurrence_common_period.csv,mer_vs_annual_occurrence_common_period.csv,.csv,112980,2026-06-24T04:19:30+00:00,7d4e0e7509b172f2733d345ad735540cf6639177cdb1b81b0c1483de8b112f5c,diagnostics/MER/plot_metrics
Output,Output/diagnostics/MER/plot_metrics/mer_vs_annual_occurrence_flags.csv,mer_vs_annual_occurrence_flags.csv,.csv,20639,2026-06-24T04:19:28+00:00,4d93773571a2618428a59e81fa4ae54f3ef8ec87266fac0d77c7befc02f84842,diagnostics/MER/plot_metrics
Output,Output/diagnostics/MER/plot_metrics/metric_reproducibility_checks.csv,metric_reproducibility_checks.csv,.csv,966446,2026-06-24T04:19:28+00:00,e78c155040fc3898e6cc90bcff4b76e771b8c83f5e908701bb0e8ee9c24e9b90,diagnostics/MER/plot_metrics
Output,Output/diagnostics/MER/plot_metrics/missingness_checks.csv,missingness_checks.csv,.csv,1831,2026-06-24T04:19:28+00:00,fc78f343237ab9ec391009e585b40e468bc8f0239383aef35dad995aac234a59,diagnostics/MER/plot_metrics
Output,Output/diagnostics/MER/plot_metrics/observation_density_by_water_year.csv,observation_density_by_water_year.csv,.csv,1157,2026-06-24T04:19:30+00:00,4b600622bfe708a369b2cbd14c790474cee2c3d745f12ff455db67fbde15cfd8,diagnostics/MER/plot_metrics
Output,Output/diagnostics/MER/plot_metrics/prepost_mer_metric_support_caveats.csv,prepost_mer_metric_support_caveats.csv,.csv,15578,2026-06-24T04:19:28+00:00,3a585d8e8fe30bfbbda8af55017dc1ebd50f82decc7c6b1de15b16220f1ce1c9,diagnostics/MER/plot_metrics
Output,Output/diagnostics/MER/plot_metrics/row_counts_by_plot_water_year_sensor_source.csv,row_counts_by_plot_water_year_sensor_source.csv,.csv,43529,2026-06-24T04:19:28+00:00,39f4c6617499016f1857b2096678bc9eec25b50f19e65f9e6a0a3de7011f647f,diagnostics/MER/plot_metrics
Output,Output/diagnostics/MER/plot_metrics/run_status_register.csv,run_status_register.csv,.csv,5547,2026-06-24T04:19:30+00:00,9d1a18e9b97dd89357e9026936d055abfb1693b3a17ffa59b6666c8abf54e3d9,diagnostics/MER/plot_metrics
Output,Output/diagnostics/MER/plot_metrics/selected_plot_date_daily_support.csv,selected_plot_date_daily_support.csv,.csv,3516476,2026-06-24T04:19:28+00:00,084ca00015fd45c98ad101ae591db42202e9dafcc4a3db3150f8f3fe8d8a9b13,diagnostics/MER/plot_metrics
Output,Output/diagnostics/MER/plot_metrics/sequence_reproducibility_checks.csv,sequence_reproducibility_checks.csv,.csv,27620,2026-06-24T04:19:28+00:00,cf677699c21e8512e6432c1fde86e8e0dd06bc575278c35e354633095d7c6ea1,diagnostics/MER/plot_metrics
Output,Output/diagnostics/MER/plot_metrics/support_metrics_by_plot_water_year.csv,support_metrics_by_plot_water_year.csv,.csv,62620,2026-06-24T04:19:28+00:00,8f44fb24d69449fa9c8ebb7bf095f7ac7aba1738d18f7fbd15ca2dfefa80c981,diagnostics/MER/plot_metrics
Output,Output/diagnostics/MER/plot_metrics/unique_observation_dates_by_water_year.csv,unique_observation_dates_by_water_year.csv,.csv,770,2026-06-24T04:19:28+00:00,801c64a0ef1e2c7b82782dbbd4b630859818f4877e32614f10d69657e15bb9d8,diagnostics/MER/plot_metrics
Output,Output/diagnostics/MER/plot_metrics/value_range_checks.csv,value_range_checks.csv,.csv,214,2026-06-24T04:19:28+00:00,cd19f093c50f5444d3709c7685d0f4f6928f25519e90735c4e76ba0f156e436d,diagnostics/MER/plot_metrics
Output,Output/diagnostics/MER/plot_metrics/task4_consolidation/task4_checks.csv,task4_checks.csv,.csv,2263,2026-06-25T01:52:28+00:00,03126f3032d7e7cb552976b060beb6fd879155264a095fc3405d3fc48f1f8037,diagnostics/MER/plot_metrics/task4_consolidation
Output,Output/diagnostics/MER/plot_metrics/task4_consolidation/task4_figure_manifest.csv,task4_figure_manifest.csv,.csv,262,2026-06-25T01:52:28+00:00,d76a87affe5676602e28d69ab3428ac516a28a0443f871bc0fd3a1b0bfb69f29,diagnostics/MER/plot_metrics/task4_consolidation
Output,Output/diagnostics/MER/plot_metrics/task4_consolidation/task4_input_report.csv,task4_input_report.csv,.csv,2209,2026-06-25T01:52:16+00:00,557941d1e88af496b033b1f0845c5bbafe59239a0a8d75df0de96d9d270bda10,diagnostics/MER/plot_metrics/task4_consolidation
Output,Output/diagnostics/MER/plot_metrics/task4_consolidation/task4_mer_summary_stats.csv,task4_mer_summary_stats.csv,.csv,529,2026-06-25T01:52:20+00:00,a390f1be4d968b22fe4a2eb17bb48ae00c96d6fe49ba9a62d52b8d6f721f4889,diagnostics/MER/plot_metrics/task4_consolidation
Output,Output/diagnostics/MER/plot_metrics/task4_consolidation/task4_scripts_reviewed.csv,task4_scripts_reviewed.csv,.csv,1134,2026-06-25T01:52:16+00:00,59a27644c75f2d79ed22a5a9c0ca1ab9c9d22cb486361009b89437220a01a069,diagnostics/MER/plot_metrics/task4_consolidation
Output,Output/diagnostics/MER/raster_census_smoke_test/mer_raster_build_readiness_checks.csv,mer_raster_build_readiness_checks.csv,.csv,2708,2026-06-27T03:12:12+00:00,cc05b3f352f10560fecc811d1721359023317b9791b839772b80953771dfe4e3,diagnostics/MER/raster_census_smoke_test
Output,Output/diagnostics/MER/raster_census_smoke_test/mer_raster_grid_compatibility.csv,mer_raster_grid_compatibility.csv,.csv,5729,2026-06-27T03:12:12+00:00,cc378a93f7b8ca4c2d2d4ecbcfb3a627c1e86cb53b8c7219a4ed38fe8c7d9cf9,diagnostics/MER/raster_census_smoke_test
Output,Output/diagnostics/MER/raster_census_smoke_test/mer_raster_input_inventory.csv,mer_raster_input_inventory.csv,.csv,170070,2026-06-27T03:12:12+00:00,4b03677ee7efb6f2859452421a94785b7a203c019a2bb6bb575c8ec1d545cfb8,diagnostics/MER/raster_census_smoke_test
Output,Output/diagnostics/MER/raster_census_smoke_test/mer_raster_smoke_test_manifest.csv,mer_raster_smoke_test_manifest.csv,.csv,1417,2026-06-27T03:46:34+00:00,2c0408605a41c104c09ad94f46afefb4a5eeba8445d2604e3f554a257df085e2,diagnostics/MER/raster_census_smoke_test
Output,Output/diagnostics/MER/raster_census_smoke_test/mer_raster_value_schema.csv,mer_raster_value_schema.csv,.csv,42393,2026-06-27T03:12:12+00:00,d945c37cfcfc98b5aec01bf4de5d911d76dfafe6b81e0d475a4b0e390154bd0f,diagnostics/MER/raster_census_smoke_test
Output,Output/diagnostics/MER/raster_census_smoke_test/mer_raster_water_year_support.csv,mer_raster_water_year_support.csv,.csv,3354,2026-06-27T03:12:12+00:00,561a353be8e8b91d191c514319cc84139f326b54400b3755e639c49f36f29967,diagnostics/MER/raster_census_smoke_test
Output,Output/diagnostics/MER/raster_census_smoke_test/mer_sequence_metric_readiness.csv,mer_sequence_metric_readiness.csv,.csv,2712,2026-06-27T03:12:12+00:00,20cb6c72e5914350dc02a7bccd6b3df9f25e68982888fc29a97ee17ce8c33a63,diagnostics/MER/raster_census_smoke_test
Output,Output/diagnostics/MODIS/modis_context_units_checks.csv,modis_context_units_checks.csv,.csv,533,2026-06-18T00:46:38+00:00,212e3a86d23f203f5fe8438e8d54babb38eb83b6ba5ae188521aeadfe7eeaf7b,diagnostics/MODIS
Output,Output/diagnostics/MODIS/modis_fractional_cover_catalog_checks.csv,modis_fractional_cover_catalog_checks.csv,.csv,62657,2026-06-18T00:37:46+00:00,5aed122777a255528021f0750a87843a116123b2636f207ab7bb90a4ab4ab960,diagnostics/MODIS
Output,Output/diagnostics/MODIS/modis_ground_cover_band_sum_checks.csv,modis_ground_cover_band_sum_checks.csv,.csv,5695646,2026-06-18T02:16:24+00:00,e479a246dddd59ae27672a255b54bd7f435a9b28c502f89a6c56e5e0c07df4c1,diagnostics/MODIS
Output,Output/diagnostics/MODIS/modis_ground_cover_cache_checks.csv,modis_ground_cover_cache_checks.csv,.csv,83265,2026-06-18T02:16:24+00:00,d19299315a67137fabc512594fc2b5f10c357fb4d6354c04d5f15052050ac747,diagnostics/MODIS
Output,Output/diagnostics/MODIS/modis_ground_cover_context_checks.csv,modis_ground_cover_context_checks.csv,.csv,984,2026-06-18T02:16:22+00:00,4a20923c5cf87ef36ef00dbe52806293ebcb73c9d871405d7c3d235acf4af381,diagnostics/MODIS
Output,Output/diagnostics/MODIS/modis_ground_cover_effective_pixel_support.csv,modis_ground_cover_effective_pixel_support.csv,.csv,7439,2026-06-18T02:16:24+00:00,7e1d4cea6060768688151ad475924d513750dcd0757db71e207fe70155fa5d8d,diagnostics/MODIS
Output,Output/diagnostics/MODIS/modis_ground_cover_figure_paths.csv,modis_ground_cover_figure_paths.csv,.csv,856,2026-06-18T02:18:08+00:00,cbabc5a35a9a1bcd8e1f9109a3a5e1db00b1d8788bc2db174d81669b0cbc9f04,diagnostics/MODIS
Output,Output/diagnostics/MODIS/modis_ground_cover_map_paths.csv,modis_ground_cover_map_paths.csv,.csv,3490,2026-06-23T08:18:30+00:00,6a7df5914ecadbe5f463d5efd9687e6e8882bc86cb71eb31a1839b06ffee057c,diagnostics/MODIS
Output,Output/diagnostics/MODIS/modis_ground_cover/modis_phase3_asset_manifest.csv,modis_phase3_asset_manifest.csv,.csv,3310,2026-06-23T08:18:30+00:00,75fec13c2df95413744c8500e9d87ab8bd98204d3fe20fbfbc0f5dda60457865,diagnostics/MODIS/modis_ground_cover
Output,Output/diagnostics/MODIS/modis_ground_cover/modis_phase3_qa_checks.csv,modis_phase3_qa_checks.csv,.csv,429,2026-06-18T07:33:40+00:00,654ef010b617257a2a7f58f202e3689e1dc3fc6f857fa201f7dd064ef3e13038,diagnostics/MODIS/modis_ground_cover
Output,Output/diagnostics/MODIS/modis_ground_cover/modis_representative_month_selection.csv,modis_representative_month_selection.csv,.csv,994,2026-06-18T07:32:32+00:00,51cf06846c40ef37063cf35efd427106f88cbc269bf32bafb73831a1bb937796,diagnostics/MODIS/modis_ground_cover
Output,Output/diagnostics/MODIS/modis_ground_cover/modis_selected_management_zone_register.csv,modis_selected_management_zone_register.csv,.csv,2593,2026-06-18T07:33:38+00:00,d9f9654f3cd0d3efd2637c718fc110dbb1978014fc098f87f2fd335083741fd5,diagnostics/MODIS/modis_ground_cover
Output,Output/diagnostics/ondisk_review_20260720/gate_A_orientation.md,gate_A_orientation.md,.md,4908,2026-07-21T01:49:35.576358+00:00,8aa58e9811596e9bd00598650eead2d40b2eca1c905156bb70226d44eb857044,diagnostics/ondisk_review_20260720
Output,Output/diagnostics/ondisk_review_20260720/gate_B_reconciliation.md,gate_B_reconciliation.md,.md,4308,2026-07-21T02:16:52.519314+00:00,8813ab9a4b424d15f8887c6c763220c4703bd9446b06867a7d5bc161eb97f849,diagnostics/ondisk_review_20260720
Output,Output/diagnostics/ondisk_review_20260720/gate_C_reproduction.md,gate_C_reproduction.md,.md,5510,2026-07-21T02:41:42.493209+00:00,3f353663101cafad0318fc58ddf36e08a534d7f9279bedebdaa733be35c661a7,diagnostics/ondisk_review_20260720
Output,Output/diagnostics/ondisk_review_20260720/gate_D_codehealth.md,gate_D_codehealth.md,.md,5445,2026-07-21T03:33:57.650453+00:00,6ff6e0c3126d5014921d1e1f179202426dbee7ce7cb8d53ba877dcaffc0df637,diagnostics/ondisk_review_20260720
Output,Output/diagnostics/ondisk_review_20260720/gate_E_reframe.md,gate_E_reframe.md,.md,6673,2026-07-21T03:52:07.265843+00:00,26b336edddec874c159625ebe17e8814c3a5b316f9bda110c64fac33463bfdb0,diagnostics/ondisk_review_20260720
Output,Output/diagnostics/ondisk_review_20260720/refugia_area_check.csv,refugia_area_check.csv,.csv,201,2026-07-21T02:39:29.048356+00:00,555bd89cbd462ceb5324f809afd3bcc9f1fe7bb8bf7b8289ddaa5af9a38e30f1,diagnostics/ondisk_review_20260720
Output,Output/diagnostics/ondisk_review_20260720/verdict.md,verdict.md,.md,6703,2026-07-21T04:01:48.243138+00:00,f42b8a13d35a36d581eed59c3bc27edad8f520f960b9e00a4ab87f5f2416dd5d,diagnostics/ondisk_review_20260720
Output,Output/diagnostics/ondisk_review_20260720/poc_scatter/inland_floor_vs_floodfreq.csv,inland_floor_vs_floodfreq.csv,.csv,22675721,2026-07-21T03:42:50.635246+00:00,77fb802519a25bf1c255961e067ab87e28399f40494b2f8312db3bdc8e28fd19,diagnostics/ondisk_review_20260720/poc_scatter
Output,Output/diagnostics/ondisk_review_20260720/poc_scatter/poc1_density_bin2d.png,poc1_density_bin2d.png,.png,60886,2026-07-21T03:43:53.117295+00:00,1b56311c41393b52efe8c2d7a2fe9c0ddf84bef667c5d8acb7eca402b8565718,diagnostics/ondisk_review_20260720/poc_scatter
Output,Output/diagnostics/ondisk_review_20260720/poc_scatter/poc2_density_gam.png,poc2_density_gam.png,.png,79439,2026-07-21T03:43:54.418250+00:00,dc760950ad14238066d0547974cd0359487dad184be1910fe0af81cce480c55d,diagnostics/ondisk_review_20260720/poc_scatter
Output,Output/diagnostics/ondisk_review_20260720/poc_scatter/poc3_quantile_bands.png,poc3_quantile_bands.png,.png,84715,2026-07-21T03:43:54.668099+00:00,884d81b83672e596f3a2d4828c9644553296df5b9ef86c5e2d4be9c44fe862ba,diagnostics/ondisk_review_20260720/poc_scatter
Output,Output/diagnostics/review_deck/main_deck_figure_refresh/task8_asset_pack_copy_log.csv,task8_asset_pack_copy_log.csv,.csv,7413,2026-06-27T08:53:08+00:00,02c19fed048d1953b8f4787a24f13c213695705052c1613452499adebf834bc8,diagnostics/review_deck/main_deck_figure_refresh
Output,Output/diagnostics/review_deck/main_deck_figure_refresh/task8_main_deck_figure_refresh_checks.csv,task8_main_deck_figure_refresh_checks.csv,.csv,818,2026-06-27T08:53:12+00:00,a23aea5dc9fee1f4d4e23e276a35392aa2dfc8da2b2e7b33598d3ae0dccbe059,diagnostics/review_deck/main_deck_figure_refresh
Output,Output/diagnostics/review_deck/ppt_missing_assets/task7_asset_pack_copy_log.csv,task7_asset_pack_copy_log.csv,.csv,2275,2026-06-27T08:48:54+00:00,c9630608c3fd8411addfb2b9aaa9b8b620347fc38f81b56683166f990f2f59ed,diagnostics/review_deck/ppt_missing_assets
Output,Output/diagnostics/review_deck/ppt_missing_assets/task7_missing_asset_checks.csv,task7_missing_asset_checks.csv,.csv,1467,2026-06-27T08:48:54+00:00,d6153faece55ed571b1e7816bfc236241318efbfd08f0077b9f3c65dd4647c89,diagnostics/review_deck/ppt_missing_assets
Output,Output/diagnostics/RS_coverage/daily_inundation/daily_inundation_full_checks.csv,daily_inundation_full_checks.csv,.csv,287,2026-06-11T11:26:04+00:00,7cdb69430bd5df6fede00d9688bf49d63e50a5d26d36bcc43aa05797fd6d511a,diagnostics/RS_coverage/daily_inundation
Output,Output/diagnostics/RS_coverage/daily_inundation/daily_inundation_full_coverage_summary.csv,daily_inundation_full_coverage_summary.csv,.csv,207,2026-06-11T11:26:04+00:00,f172eb2f129781b93d5729bee19224ff715a892719ab62f56628debbf9f4106a,diagnostics/RS_coverage/daily_inundation
Output,Output/diagnostics/RS_coverage/daily_inundation/daily_inundation_full_plot_summary.csv,daily_inundation_full_plot_summary.csv,.csv,4395,2026-06-11T11:26:04+00:00,d28401bea7da9a833d534219c6265b6f99266673d63bf3e1564a3f2180c4f17b,diagnostics/RS_coverage/daily_inundation
Output,Output/diagnostics/RS_coverage/daily_inundation/daily_inundation_full_runtime_summary.csv,daily_inundation_full_runtime_summary.csv,.csv,19552,2026-06-11T11:26:04+00:00,e93d7fa465ea0ebe24d712325d9c5d2444e9ed21adbf9e97d6e5148d41a56794,diagnostics/RS_coverage/daily_inundation
Output,Output/diagnostics/RS_coverage/daily_inundation/daily_inundation_full_selected_rasters.csv,daily_inundation_full_selected_rasters.csv,.csv,137922,2026-06-11T11:04:02+00:00,24b672c609277e3780a337de69da09736117362ac8cb0fb3542c5e998c44fced,diagnostics/RS_coverage/daily_inundation
Output,Output/diagnostics/RS_coverage/daily_inundation/daily_inundation_full_sensor_date_summary.csv,daily_inundation_full_sensor_date_summary.csv,.csv,27168,2026-06-11T11:26:04+00:00,a8b43208e9d806ca3d0d95735702de2fa8811a42327a79a8f719e8e71abfbaf3,diagnostics/RS_coverage/daily_inundation
Output,Output/diagnostics/RS_coverage/daily_inundation/daily_inundation_full_sensor_summary.csv,daily_inundation_full_sensor_summary.csv,.csv,824,2026-06-11T11:26:04+00:00,4d572aa36aee8188a587d6be703fcea5b3c11e5ad8bc481f6c57d8718efcab04,diagnostics/RS_coverage/daily_inundation
Output,Output/diagnostics/RS_coverage/daily_inundation/daily_inundation_full_top_inundation_events.csv,daily_inundation_full_top_inundation_events.csv,.csv,25804,2026-06-11T11:26:04+00:00,19ccd4daa5e6535dfabe811bbe368689daa2feb5552ee1565ee2ef23908e291f,diagnostics/RS_coverage/daily_inundation
Output,Output/diagnostics/RS_coverage/daily_inundation/daily_inundation_full_value_by_sensor_summary.csv,daily_inundation_full_value_by_sensor_summary.csv,.csv,462,2026-06-11T11:26:04+00:00,9ce581f65585b2db09e6e1c2983ede15c8e9a69fab8968752ca6646caee91f05,diagnostics/RS_coverage/daily_inundation
Output,Output/diagnostics/RS_coverage/daily_inundation/daily_inundation_full_value_summary.csv,daily_inundation_full_value_summary.csv,.csv,361,2026-06-11T11:26:04+00:00,37fc3b1f2236ba01497b832f836fa5b71e2f709dfebc4938d64c5533a2165e11,diagnostics/RS_coverage/daily_inundation
Output,Output/diagnostics/RS_coverage/fractional_cover/fractional_cover_full_band_sum_checks.csv,fractional_cover_full_band_sum_checks.csv,.csv,1823403,2026-06-11T08:29:26+00:00,52f411cf5cb391436e587b9b41047e2897b34b616ff3f46189048e6480aa4879,diagnostics/RS_coverage/fractional_cover
Output,Output/diagnostics/RS_coverage/fractional_cover/fractional_cover_full_checks.csv,fractional_cover_full_checks.csv,.csv,793,2026-06-11T08:29:26+00:00,dfcc85c96107eef246b18627fe22d9ffb32557a18fafc4c04237a6d7b3ad3c47,diagnostics/RS_coverage/fractional_cover
Output,Output/diagnostics/RS_coverage/fractional_cover/fractional_cover_full_missingness_by_raster.csv,fractional_cover_full_missingness_by_raster.csv,.csv,15588,2026-06-11T08:29:26+00:00,c3a2455b9820ed77d8ec4d27f3199b663f162531b1ef2705da8e0823d3b5c647,diagnostics/RS_coverage/fractional_cover
Output,Output/diagnostics/RS_coverage/fractional_cover/fractional_cover_full_missing_values.csv,fractional_cover_full_missing_values.csv,.csv,2219122,2026-06-11T08:29:26+00:00,189215ac0e0d9f981d6c8f5a8f161dfa1c7ecd5a134c2bd242d583cf6dfafe0d,diagnostics/RS_coverage/fractional_cover
Output,Output/diagnostics/RS_coverage/fractional_cover/fractional_cover_full_valid_coverage_by_plot.csv,fractional_cover_full_valid_coverage_by_plot.csv,.csv,8525,2026-06-11T08:29:26+00:00,8a116e8822b5f51d12d658016c4c246239ece44c929917a125d256e5430906d4,diagnostics/RS_coverage/fractional_cover
Output,Output/diagnostics/RS_coverage/fractional_cover/fractional_cover_full_valid_coverage_status_summary.csv,fractional_cover_full_valid_coverage_status_summary.csv,.csv,198,2026-06-11T08:29:26+00:00,e1564bf33da571b5054667e5f550a9357c606eb5f2be682d2a79a006b0f76a36,diagnostics/RS_coverage/fractional_cover
Output,Output/diagnostics/RS_coverage/landsat_inundation/landsat_inundation_full_checks.csv,landsat_inundation_full_checks.csv,.csv,251,2026-06-10T03:07:18+00:00,b8131d4c60ad727801ec24d24edfbeac31554bf9b0ec2bd05b792964695ab36a,diagnostics/RS_coverage/landsat_inundation
Output,Output/diagnostics/RS_coverage/landsat_inundation/landsat_inundation_full_count_summary.csv,landsat_inundation_full_count_summary.csv,.csv,6399,2026-06-10T03:07:18+00:00,9be447597f9858ed4f415eeaab4d86f536c4c4e0cb59ab15720c7aefda6cc584,diagnostics/RS_coverage/landsat_inundation
Output,Output/diagnostics/RS_coverage/landsat_inundation/landsat_inundation_full_coverage_status_summary.csv,landsat_inundation_full_coverage_status_summary.csv,.csv,67,2026-06-10T03:07:18+00:00,f2f35a1eca81ef9d9b1396aaf4e62d15df99e9513b3ad5c91c519a720b352a74,diagnostics/RS_coverage/landsat_inundation
Output,Output/diagnostics/RS_coverage/landsat_inundation/landsat_inundation_full_coverage_summary.csv,landsat_inundation_full_coverage_summary.csv,.csv,5680,2026-06-10T03:07:18+00:00,e0b638ade3c44cf839f9a091db0eb2e47fd5672c1115cb889f33aae1a8e5ae32,diagnostics/RS_coverage/landsat_inundation
Output,Output/diagnostics/RS_coverage/landsat_inundation/landsat_inundation_full_plot_summary.csv,landsat_inundation_full_plot_summary.csv,.csv,8380,2026-06-10T03:07:18+00:00,525ee2786f05936061fb19c8541366ef175c1ead0be9f2cd78f8ed6dd4fa8fef,diagnostics/RS_coverage/landsat_inundation
Output,Output/diagnostics/RS_coverage/landsat_inundation/landsat_inundation_full_treatment_summary.csv,landsat_inundation_full_treatment_summary.csv,.csv,12119,2026-06-10T03:07:18+00:00,83353e90a571d752f50d1144126a05e14ef51ef77775fafbddbf9e5c99e11ea3,diagnostics/RS_coverage/landsat_inundation
Output,Output/diagnostics/RS_coverage/prepost_inundation/pre_post_inundation_checks.csv,pre_post_inundation_checks.csv,.csv,359,2026-06-13T05:31:26+00:00,1fd8d138029a5d1a282efb3b2566b5cdc8ce5b5b189feb339b68a62a90aaa6e5,diagnostics/RS_coverage/prepost_inundation
Output,Output/diagnostics/RS_coverage/prepost_inundation/pre_post_inundation_logical_checks.csv,pre_post_inundation_logical_checks.csv,.csv,1715,2026-06-13T05:31:28+00:00,255fa643b3f8496726fecf3cbb3d0baa74f5bd95d3b408af1f8748a769969997,diagnostics/RS_coverage/prepost_inundation
Output,Output/diagnostics/RS_coverage/prepost_inundation/pre_post_inundation_observation_density_by_year.csv,pre_post_inundation_observation_density_by_year.csv,.csv,2487,2026-06-13T02:26:30+00:00,279f9998a14318d22f325000204889c526db0123e2221ff89a124f599a910652,diagnostics/RS_coverage/prepost_inundation
Output,Output/diagnostics/RS_coverage/prepost_inundation/pre_post_inundation_period_raster_value_summary.csv,pre_post_inundation_period_raster_value_summary.csv,.csv,441,2026-06-14T02:19:02+00:00,80fde49cce712b2f6d94846068c44df0675412363fd0daa6dd595a127698a221,diagnostics/RS_coverage/prepost_inundation
Output,Output/diagnostics/RS_coverage/prepost_inundation/pre_post_inundation_period_year_summary.csv,pre_post_inundation_period_year_summary.csv,.csv,2512,2026-06-13T02:26:30+00:00,e4d476d248f9440da92c420f12505960f0a23e0144104eca8fc562943c2ab222,diagnostics/RS_coverage/prepost_inundation
Output,Output/diagnostics/RS_coverage/prepost_inundation/pre_post_inundation_plot_extraction_centroid_checks.csv,pre_post_inundation_plot_extraction_centroid_checks.csv,.csv,251,2026-06-14T02:19:02+00:00,cdc235a25e27f49958a37228fe04057cc882056c220d3d9214eb6440072f3128,diagnostics/RS_coverage/prepost_inundation
Output,Output/diagnostics/RS_coverage/prepost_inundation/pre_post_inundation_plot_extraction_checks.csv,pre_post_inundation_plot_extraction_checks.csv,.csv,242,2026-06-14T02:19:04+00:00,91b9aa2c7096f5683b9e771dc763cd7396936e6f4d59ac49ac27d6c159f57bd8,diagnostics/RS_coverage/prepost_inundation
Output,Output/diagnostics/RS_coverage/prepost_inundation/pre_post_inundation_plot_extraction_spatial_checks.csv,pre_post_inundation_plot_extraction_spatial_checks.csv,.csv,424,2026-06-14T02:19:02+00:00,0f7d4059ccf99c0cb6b222a4ea020e89a57664e1f1f7b653fabbf0bb15b8d7b0,diagnostics/RS_coverage/prepost_inundation
Output,Output/diagnostics/RS_coverage/prepost_inundation/pre_post_inundation_selected_rasters.csv,pre_post_inundation_selected_rasters.csv,.csv,118175,2026-06-13T02:26:30+00:00,0e3e4cd02d3c7aa294d28881d674c55b99c24ec5a10a106914bb304204a9042c,diagnostics/RS_coverage/prepost_inundation
Output,Output/diagnostics/sampling_rebalance_smoke/mc_sample_points_seed1.gpkg,mc_sample_points_seed1.gpkg,.gpkg,118784,2026-07-13T09:17:18+00:00,79f8f03bd4b5ca3da2fa1c85b7a1c3ae3324b72b0a6fa2b9cc9441967b70e167,diagnostics/sampling_rebalance_smoke
Output,Output/diagnostics/sampling_rebalance_smoke/mc_sample_points_seed2.gpkg,mc_sample_points_seed2.gpkg,.gpkg,110592,2026-07-13T09:18:04+00:00,47efdada364a88c57cfe4ca0b821d390e69cb853c7104bcc4fd9349255be6c5b,diagnostics/sampling_rebalance_smoke
Output,Output/diagnostics/sampling_rebalance_smoke/mc_sample_points_seed3.gpkg,mc_sample_points_seed3.gpkg,.gpkg,110592,2026-07-13T09:18:28+00:00,1995ced629ccc0371a94650cf26eb14cc12481833edb104271304f8314ddcfb8,diagnostics/sampling_rebalance_smoke
Output,Output/diagnostics/sampling_rebalance_smoke/mc_sample_points_seed4.gpkg,mc_sample_points_seed4.gpkg,.gpkg,118784,2026-07-13T09:18:50+00:00,4b01d7bfca74fd3bdb8bfd657c651b1c90da1a496599e30cef330292e0da08c4,diagnostics/sampling_rebalance_smoke
Output,Output/diagnostics/sampling_rebalance_smoke/mc_sample_points_seed5.gpkg,mc_sample_points_seed5.gpkg,.gpkg,110592,2026-07-13T09:19:12+00:00,e5611ae42fe4ce50b7972b912d640bec3741fa3cec18da84cea010ea6a2cd66f,diagnostics/sampling_rebalance_smoke
Output,Output/diagnostics/sampling_rebalance_smoke/mc_sample_summary_seed1.csv,mc_sample_summary_seed1.csv,.csv,887,2026-07-13T09:17:18+00:00,1de9afea21b2237df65fd7974f89dd976e4b3af196d85236557b011168ccf1be,diagnostics/sampling_rebalance_smoke
Output,Output/diagnostics/sampling_rebalance_smoke/mc_sample_summary_seed2.csv,mc_sample_summary_seed2.csv,.csv,887,2026-07-13T09:18:04+00:00,402bfbf683912559b7fa7159e45e7d175475f833e1d510b3b686a2030a7c18ae,diagnostics/sampling_rebalance_smoke
Output,Output/diagnostics/sampling_rebalance_smoke/mc_sample_summary_seed3.csv,mc_sample_summary_seed3.csv,.csv,887,2026-07-13T09:18:28+00:00,67ca36b50fc18ef2adbc851e07e113165d04eb1394a302cf0789747b6300923e,diagnostics/sampling_rebalance_smoke
Output,Output/diagnostics/sampling_rebalance_smoke/mc_sample_summary_seed4.csv,mc_sample_summary_seed4.csv,.csv,887,2026-07-13T09:18:50+00:00,1dee9a0b95e2bbb363f25f82efd379fe30cdae852e3df41cf47f5b61ee15c9ad,diagnostics/sampling_rebalance_smoke
Output,Output/diagnostics/sampling_rebalance_smoke/mc_sample_summary_seed5.csv,mc_sample_summary_seed5.csv,.csv,887,2026-07-13T09:19:12+00:00,ba9692d8e8f528878f22bb0b8913c971f4f6c9b9ec61fb3016f6932dd69b6daf,diagnostics/sampling_rebalance_smoke
Output,Output/diagnostics/system/raster_catalog_warnings.csv,raster_catalog_warnings.csv,.csv,74,2026-06-18T00:37:46+00:00,a8542f4056fe50d9878673b0e9284f57c64f7d199314167be5b65d127b127128,diagnostics/system
Output,Output/diagnostics/system/R_raster_temp_file_search.csv,R_raster_temp_file_search.csv,.csv,60586,2026-06-13T03:03:52+00:00,8f0cae67f855505c54d61fb5e4df1dc3f68c4e3d3a1d17a3e262390330457f99,diagnostics/system
Output,Output/diagnostics/system/vector_checks.csv,vector_checks.csv,.csv,154,2026-06-18T00:46:38+00:00,677f9c1d6fa0dcecd76daa7963ed5ab101100dab7950c61ad6da98c546de8f0c,diagnostics/system
Output,Output/diagnostics/system/vector_layer_summary.csv,vector_layer_summary.csv,.csv,712,2026-06-18T00:46:38+00:00,01f008824cc727641947635c0cd975a45ab7c0ed09d88c6d59b9f83521e85ab3,diagnostics/system
Output,Output/diagnostics/system/vector_qc_plot_paths.csv,vector_qc_plot_paths.csv,.csv,263,2026-06-18T00:46:44+00:00,62353d35c787b6d4da30cc9fc3292da13d8fa15e414aaa5eec3f75f02256bb51,diagnostics/system
Output,Output/diagnostics/taskL_gate2/a_Bala_28ca_paddock_cell_paddock_7.2x4.21.png,a_Bala_28ca_paddock_cell_paddock_7.2x4.21.png,.png,69424,2026-07-22T06:02:09.403102+00:00,c2f26bbfd45e45642bd58cd67cabb37ee9b5be0e2aa6a07b135aa0977de62aab,diagnostics/taskL_gate2
Output,Output/diagnostics/taskL_gate2/a_Bala_28ca_paddock_cell_site_7.2x3.50.png,a_Bala_28ca_paddock_cell_site_7.2x3.50.png,.png,65326,2026-07-22T06:02:09.770297+00:00,04ff8ac0c315889211f5fbad75488203ccf2763f78b147bfdd1cb1c2de6e514a,diagnostics/taskL_gate2
Output,Output/diagnostics/taskL_gate2/a_Bala_28ca_paddock_reportcol_6.5in.png,a_Bala_28ca_paddock_reportcol_6.5in.png,.png,65004,2026-07-22T06:02:09.003405+00:00,9b99e3e1c18e5cc8a8f6b808db661dc957f867aa6f3011521475ae4986159909,diagnostics/taskL_gate2
Output,Output/diagnostics/taskL_gate2/a_Bala_28ca_paddock_standalone_7.2x4.0.png,a_Bala_28ca_paddock_standalone_7.2x4.0.png,.png,150523,2026-07-22T06:02:08.637189+00:00,5a894427aec5bbd3cd08bae41c92c0157cb6889c697816da700be1297888eff4,diagnostics/taskL_gate2
Output,Output/diagnostics/taskL_gate2/a_Dinan_10_zeroplot_cell_paddock_7.2x4.21.png,a_Dinan_10_zeroplot_cell_paddock_7.2x4.21.png,.png,62359,2026-07-22T06:02:15.120226+00:00,55c2b9cf3b113d2e6ef41310f3b7f57a9b0a38d922e1181771fda45f4286b4f9,diagnostics/taskL_gate2
Output,Output/diagnostics/taskL_gate2/a_Dinan_10_zeroplot_cell_site_7.2x3.50.png,a_Dinan_10_zeroplot_cell_site_7.2x3.50.png,.png,59826,2026-07-22T06:02:15.270393+00:00,d48011bd60ee9c8737a3a9e9c638ab663a225e3452270e2a46ebda8901428808,diagnostics/taskL_gate2
Output,Output/diagnostics/taskL_gate2/a_Dinan_10_zeroplot_reportcol_6.5in.png,a_Dinan_10_zeroplot_reportcol_6.5in.png,.png,59560,2026-07-22T06:02:14.954406+00:00,5c063995e2ae00410efd0e7d81169c8b42df6e7aeb11db4ab8015fb832f7e881,diagnostics/taskL_gate2
Output,Output/diagnostics/taskL_gate2/a_Dinan_10_zeroplot_standalone_7.2x4.0.png,a_Dinan_10_zeroplot_standalone_7.2x4.0.png,.png,139146,2026-07-22T06:02:14.720420+00:00,01d865c6466524022b717ec30434dfabc4a8499968590504d5b12f5be5049fee,diagnostics/taskL_gate2
Output,Output/diagnostics/taskL_gate2/a_GA_007_site_cell_paddock_7.2x4.21.png,a_GA_007_site_cell_paddock_7.2x4.21.png,.png,68632,2026-07-22T06:02:05.820012+00:00,fadf874d0c3e9ddad5d00fb58c56520586f71fa87cda2ccf336a1a8cd57dba5a,diagnostics/taskL_gate2
Output,Output/diagnostics/taskL_gate2/a_GA_007_site_cell_site_7.2x3.50.png,a_GA_007_site_cell_site_7.2x3.50.png,.png,64448,2026-07-22T06:02:06.170101+00:00,3b329f6606f8df6e68c9e5d29c77dd68ae9514d49d2096cbe5e119874c76ee40,diagnostics/taskL_gate2
Output,Output/diagnostics/taskL_gate2/a_GA_007_site_reportcol_6.5in.png,a_GA_007_site_reportcol_6.5in.png,.png,64205,2026-07-22T06:02:05.471423+00:00,f9b72eb93e7cf6a300d7ae36698374b032cf6731ebfa360eaaea3080fe2d046c,diagnostics/taskL_gate2
Output,Output/diagnostics/taskL_gate2/a_GA_007_site_standalone_7.2x4.0.png,a_GA_007_site_standalone_7.2x4.0.png,.png,148714,2026-07-22T06:02:05.037156+00:00,e6bd8c8d80ebb43cf14366b7403b555d817e81d05d031478fe1e6c21f9162de8,diagnostics/taskL_gate2
Output,Output/diagnostics/taskL_gate2/b_Bala_28ca_owncloud_reportcol_6.5in.png,b_Bala_28ca_owncloud_reportcol_6.5in.png,.png,68959,2026-07-22T06:02:11.597225+00:00,622521b570c99be609ac1b9991c71c2b9c4dc63914a26407520b72330bcfa000,diagnostics/taskL_gate2
Output,Output/diagnostics/taskL_gate2/b_Bala_28ca_owncloud_standalone_7.2x4.0.png,b_Bala_28ca_owncloud_standalone_7.2x4.0.png,.png,162725,2026-07-22T06:02:11.370175+00:00,ed6275a4ad5a155dbb4993a4109600a9a7c6f7d47fc1eea1854401f175db7cb3,diagnostics/taskL_gate2
Output,Output/diagnostics/taskL_gate2/b_Dinan_8_mixed_owncloud_reportcol_6.5in.png,b_Dinan_8_mixed_owncloud_reportcol_6.5in.png,.png,67670,2026-07-22T06:02:17.652046+00:00,315cdffc5ad649d34a68fb276454631b7ec78befb09396a8bfd3775518c817e8,diagnostics/taskL_gate2
Output,Output/diagnostics/taskL_gate2/b_Dinan_8_mixed_owncloud_standalone_7.2x4.0.png,b_Dinan_8_mixed_owncloud_standalone_7.2x4.0.png,.png,160750,2026-07-22T06:02:17.503370+00:00,91eaa841b0e64761dd9e7a1b6a7bbd0d2ccbd938e10e772f0751d96dffd89f76,diagnostics/taskL_gate2
Output,Output/diagnostics/taskL_gate2/embed_check.md,embed_check.md,.md,278,2026-07-22T06:02:17.653090+00:00,3f0590c28e783c3a6ad9e40112a838d46af384cc49a166e1de2fb56b433d3a59,diagnostics/taskL_gate2
Output,Output/diagnostics/taskL_gate2/gayini_veg_water_census_panels.R,gayini_veg_water_census_panels.R,.r,12655,2026-07-22T05:56:18.441730+00:00,ea98a0c50292655080423de7ff00727801cd45c989ec1f3506bab6b83b165778,diagnostics/taskL_gate2
Output,Output/diagnostics/taskL_gate2/run_gate2_proofs.R,run_gate2_proofs.R,.r,7168,2026-07-22T04:53:58.022691+00:00,72e3fe5c04183de6272282af1b4d0e16c5f2b33240d4a5271cdb76ed6d0cf8fb,diagnostics/taskL_gate2
Output,Output/diagnostics/taskL_gate3/gate3_summary.json,gate3_summary.json,.json,990,2026-07-23T02:10:24.062040+00:00,6992b2c43e3bf0b07dd659ec31a41e5e617e4da87cc7a63f77effe8914072237,diagnostics/taskL_gate3
Output,Output/diagnostics/taskL_gate3/gate3_unit_qa.csv,gate3_unit_qa.csv,.csv,6983,2026-07-23T02:10:24.048830+00:00,29ac7563dfef8f8d0c3bed85ea3f4765af60c48a65ce547bc744bf51f569abd9,diagnostics/taskL_gate3
Output,Output/diagnostics/taskL_gate3/render.log,render.log,.log,1557,2026-07-23T02:10:24.062040+00:00,e16c2910deed9ebb8a5226a6c9a37d5fcec0440f31e8a1d6754f30991fbb1d17,diagnostics/taskL_gate3
Output,Output/diagnostics/taskL_gate3/run_gate3_rollout.R,run_gate3_rollout.R,.r,8105,2026-07-23T02:05:51.761661+00:00,6bb90c081f3e47f2d1dce29a08bbbad4a58ca19b0d94a01753a3e0e5045419c6,diagnostics/taskL_gate3
Output,Output/diagnostics/taskL_gate3/stdout.log,stdout.log,.log,20031,2026-07-22T23:22:15.264864+00:00,7deeb22fce3ce1a0bf253c9c9516efcf9e3383c5b02b7d0e0b2eef22eda533e0,diagnostics/taskL_gate3
Output,Output/diagnostics/taskL_gate3/stdout_gate31.log,stdout_gate31.log,.log,20291,2026-07-23T02:10:24.062040+00:00,869926470a09df7e4e5fc3a561abea2a6bf877b374c657120c15c0ee85f096d1,diagnostics/taskL_gate3
Output,Output/diagnostics/taskL_gate3/smoke/SMOKE2_GA_007.pdf,SMOKE2_GA_007.pdf,.pdf,119311,2026-07-22T07:38:47.657710+00:00,4dda30bfe4eef094f0099ae260f3901fffd2ab4e9b877010af6555e07713bcd7,diagnostics/taskL_gate3/smoke
Output,Output/diagnostics/taskL_gate3/smoke/SMOKE2_GA_007.png,SMOKE2_GA_007.png,.png,637595,2026-07-22T07:38:47.400045+00:00,d53c602f7440d0ceaade0fb71fa4d44aed20dbbc360dc561e3a3f4432480b6f0,diagnostics/taskL_gate3/smoke
Output,Output/diagnostics/taskL_gate3/smoke/SMOKE2_Mara_13.pdf,SMOKE2_Mara_13.pdf,.pdf,107741,2026-07-22T07:38:45.248171+00:00,bd16838921d307828ad3f493e21cb23a37cb62bc47149c3f6d7db93cc7def710,diagnostics/taskL_gate3/smoke
Output,Output/diagnostics/taskL_gate3/smoke/SMOKE2_Mara_13.png,SMOKE2_Mara_13.png,.png,596533,2026-07-22T07:38:44.999912+00:00,1587061df794438da89eabaf140436f2edea920fcdde0f2fad704537e595b86d,diagnostics/taskL_gate3/smoke
Output,Output/diagnostics/taskL_gate3/smoke/SMOKE3_GA_037_zeropx.pdf,SMOKE3_GA_037_zeropx.pdf,.pdf,118030,2026-07-22T22:54:01.899071+00:00,cd49c9c4bd431ca6f1cd96e59f690f6278610ddf478d9fe49623838bbeaad498,diagnostics/taskL_gate3/smoke
Output,Output/diagnostics/taskL_gate3/smoke/SMOKE3_GA_037_zeropx.png,SMOKE3_GA_037_zeropx.png,.png,658729,2026-07-22T22:54:01.665784+00:00,d93a98eb67be812ba44f09e1a2b8fc3a4b7f0347aa68cdffc0823a4ee5092aa7,diagnostics/taskL_gate3/smoke
Output,Output/diagnostics/taskL_gate3/smoke/SMOKE3_OwnCloud_Dinan_1.pdf,SMOKE3_OwnCloud_Dinan_1.pdf,.pdf,47274,2026-07-22T22:54:02.879516+00:00,f209799148b2bb05b84a605fe466ca176835f01076c02df784de218b6809a295,diagnostics/taskL_gate3/smoke
Output,Output/diagnostics/taskL_gate3/smoke/SMOKE3_OwnCloud_Dinan_1.png,SMOKE3_OwnCloud_Dinan_1.png,.png,145598,2026-07-22T22:54:02.746733+00:00,cfbbe01bd116459d20d1da766fcf3782ef975890b1b7bedbb6284941a05e839a,diagnostics/taskL_gate3/smoke
Output,Output/diagnostics/taskL_gate3/smoke/SMOKE_D1_paddock_Bala_28ca_slide_data.pdf,SMOKE_D1_paddock_Bala_28ca_slide_data.pdf,.pdf,114671,2026-07-22T07:36:40.450254+00:00,b9b2a65ad253de7be70d79cac106f07635b8b3c46fc86dd7fb6201b802d24445,diagnostics/taskL_gate3/smoke
Output,Output/diagnostics/taskL_gate3/smoke/SMOKE_D1_paddock_Bala_28ca_slide_data.png,SMOKE_D1_paddock_Bala_28ca_slide_data.png,.png,629311,2026-07-22T07:36:40.214478+00:00,6e6a123bf6c360375ccf4dd322e7274314346932c350e53324f34d3ffd8a0494,diagnostics/taskL_gate3/smoke
Output,Output/diagnostics/taskL_gate3/smoke/SMOKE_D1_paddock_Mara_13_slide_data.pdf,SMOKE_D1_paddock_Mara_13_slide_data.pdf,.pdf,107923,2026-07-22T07:36:37.843359+00:00,d18824728c2e23df69aa77afa38335b2a415adda7e90e21c3c3a4daa83a69d9f,diagnostics/taskL_gate3/smoke
Output,Output/diagnostics/taskL_gate3/smoke/SMOKE_D1_paddock_Mara_13_slide_data.png,SMOKE_D1_paddock_Mara_13_slide_data.png,.png,596022,2026-07-22T07:36:37.616268+00:00,6b04496b48cea7fda6148225352d6425868cc387f6512bd371675a48b9e5deee,diagnostics/taskL_gate3/smoke
Output,Output/diagnostics/taskL_gate3/smoke/SMOKE_D2_site_GA_007_slide_data.pdf,SMOKE_D2_site_GA_007_slide_data.pdf,.pdf,119348,2026-07-22T07:36:35.514573+00:00,eee945ae52d85f42c500528d41efab3a89657bf14fd9f4e1a96f19f0e80b58de,diagnostics/taskL_gate3/smoke
Output,Output/diagnostics/taskL_gate3/smoke/SMOKE_D2_site_GA_007_slide_data.png,SMOKE_D2_site_GA_007_slide_data.png,.png,638660,2026-07-22T07:36:35.014619+00:00,9089ac59e41cfa2aeeef2f8f8c8a32f17f4f590dbe927075c2b1269e2984c81e,diagnostics/taskL_gate3/smoke
Output,Output/diagnostics/taskL_gate3_1/audit_else_branch.R,audit_else_branch.R,.r,2954,2026-07-23T02:53:03.392078+00:00,46b6331e3fd0eb16c6159919d4803ab60aac90579a3641c694b5885652940038,diagnostics/taskL_gate3_1
Output,Output/diagnostics/taskL_gate3_1/proof_ga001_nested.R,proof_ga001_nested.R,.r,5099,2026-07-23T00:48:05.326040+00:00,797c4b84511c00ae0c6e3a31f93b76b5c78d344dd0d5dbbc83d64e63e44b8283,diagnostics/taskL_gate3_1
Output,Output/diagnostics/taskL_gate3_1/PROOF_GA001_V1_contourlines.pdf,PROOF_GA001_V1_contourlines.pdf,.pdf,70088,2026-07-23T00:48:52.776263+00:00,41ee7149c9c3f270fc9ec6c63b37cf012987f7cecca6cab7527bb7fe80e1d60d,diagnostics/taskL_gate3_1
Output,Output/diagnostics/taskL_gate3_1/PROOF_GA001_V1_contourlines.png,PROOF_GA001_V1_contourlines.png,.png,206597,2026-07-23T00:48:51.342735+00:00,c76ed8d24590fa893be97a64866c50d6d3e775dbd4b72c5be4f2e4d8bbf64263,diagnostics/taskL_gate3_1
Output,Output/diagnostics/taskL_gate3_1/PROOF_GA001_V2_filledregion.pdf,PROOF_GA001_V2_filledregion.pdf,.pdf,70542,2026-07-23T00:48:55.543666+00:00,a02d3464167fff20188211e590ccbf487054837e2bcab29d7b7d2bb0ec47ce07,diagnostics/taskL_gate3_1
Output,Output/diagnostics/taskL_gate3_1/PROOF_GA001_V2_filledregion.png,PROOF_GA001_V2_filledregion.png,.png,181826,2026-07-23T00:48:54.173398+00:00,41035a6b6356618494c65d5bc3afa68e9ba4a6fbdf2fa3559a105eefc434ad32,diagnostics/taskL_gate3_1
Output,Output/diagnostics/taskL_gate3_1/rerender_ownclouds.R,rerender_ownclouds.R,.r,2038,2026-07-23T02:58:00.020740+00:00,6da7240ed6c0a351e6a337333a5e9bac9fa8b99cadad75e6687260f4de8fbb5c,diagnostics/taskL_gate3_1
Output,Output/diagnostics/taskL_gate3_1/rerender_sites.log,rerender_sites.log,.log,10641,2026-07-23T02:39:38.269129+00:00,606a30028eaca63ace42ce0767e5652e0a7048d2c5fb7842a1d0421493e4db40,diagnostics/taskL_gate3_1
Output,Output/diagnostics/taskL_gate3_1/rerender_sites_alpha.R,rerender_sites_alpha.R,.r,1863,2026-07-23T02:36:34.284744+00:00,3d85dda19f447bae059ce1562525f85edd2a6da6db02c4f1f64975d7bedeb549,diagnostics/taskL_gate3_1
Output,Output/diagnostics/taskL_gate3_1/percentile_diag/diag.R,diag.R,.r,9422,2026-07-23T02:29:56.964103+00:00,47691213e836f55906facfaf8167515e045dde7804c185583b46c931f9369db9,diagnostics/taskL_gate3_1/percentile_diag
Output,Output/diagnostics/taskL_gate3_1/percentile_diag/DIAG_Bala6_owncloud_p05_p10_p20.pdf,DIAG_Bala6_owncloud_p05_p10_p20.pdf,.pdf,40330,2026-07-23T02:33:35.112741+00:00,3114189fafc01a8b1b7b6f8063b6b19886933f0bcd74e5e43deb6329b7f3a357,diagnostics/taskL_gate3_1/percentile_diag
Output,Output/diagnostics/taskL_gate3_1/percentile_diag/DIAG_Bala6_owncloud_p05_p10_p20.png,DIAG_Bala6_owncloud_p05_p10_p20.png,.png,82731,2026-07-23T02:33:34.846601+00:00,f8c5f788d70f665aa56bd8a4df54426d72867f5be332fd9f4dbd4ac61b564028,diagnostics/taskL_gate3_1/percentile_diag
Output,Output/diagnostics/taskL_gate3_1/percentile_diag/DIAG_percentile_grid_3x3.pdf,DIAG_percentile_grid_3x3.pdf,.pdf,84183,2026-07-23T02:33:33.134516+00:00,ba5aebf413b706286232c3505293ac920ec3f04ef5361d848dddd45f9a7b69d1,diagnostics/taskL_gate3_1/percentile_diag
Output,Output/diagnostics/taskL_gate3_1/percentile_diag/DIAG_percentile_grid_3x3.png,DIAG_percentile_grid_3x3.png,.png,162640,2026-07-23T02:33:31.183018+00:00,35f8501e889130b8994fd6d529664a36ba45174d9aae37c6781dd213b33482f4,diagnostics/taskL_gate3_1/percentile_diag
Output,Output/diagnostics/taskL_gate3_1/smokeB/SMOKEB_GA_001.pdf,SMOKEB_GA_001.pdf,.pdf,120318,2026-07-23T01:54:00.186610+00:00,059f25683ca58e8bebbf84c54e555636347ef676d5b37d9ffb61ef67434c67f6,diagnostics/taskL_gate3_1/smokeB
Output,Output/diagnostics/taskL_gate3_1/smokeB/SMOKEB_GA_001.png,SMOKEB_GA_001.png,.png,684226,2026-07-23T01:53:59.929989+00:00,286b537dde274691223dd2b60bbb3308f1e14625cbf6efb9e41779ba13f777f5,diagnostics/taskL_gate3_1/smokeB
Output,Output/diagnostics/taskL_gate3_1/smokeB/SMOKEB_GA_037.pdf,SMOKEB_GA_037.pdf,.pdf,118032,2026-07-23T01:54:02.868375+00:00,3edc623760ab50bbd13a04a9efc9c5ad704e44dea6ff98862ae0863b9f51590f,diagnostics/taskL_gate3_1/smokeB
Output,Output/diagnostics/taskL_gate3_1/smokeB/SMOKEB_GA_037.png,SMOKEB_GA_037.png,.png,669795,2026-07-23T01:54:02.650322+00:00,9fdff88a2edf406d24ca3ce5036a798349a28d2f2a3a3f4d96993e241622f219,diagnostics/taskL_gate3_1/smokeB
Output,Output/diagnostics/taskL_gate3_1/smokeB/SMOKEB_GA_042.pdf,SMOKEB_GA_042.pdf,.pdf,115210,2026-07-23T01:54:05.406024+00:00,f41b8bc1a36be1041b0be172a64cc5d9b96e8f4d1f7342b81abf29880a79cc83,diagnostics/taskL_gate3_1/smokeB
Output,Output/diagnostics/taskL_gate3_1/smokeB/SMOKEB_GA_042.png,SMOKEB_GA_042.png,.png,668356,2026-07-23T01:54:05.188576+00:00,332afb10baba469cdb4f921c4955d2be6e8e09866f82a576b1a3c03b22675a46,diagnostics/taskL_gate3_1/smokeB
Output,Output/diagnostics/taskL_gate3_1/smokeB/SMOKEB_Mara_21_paddock.pdf,SMOKEB_Mara_21_paddock.pdf,.pdf,108185,2026-07-23T01:54:08.021035+00:00,2a4e01e41a7cd1485a5f7ec59e88aff4776b55eeadd7e0b5a0ebad5d05498c22,diagnostics/taskL_gate3_1/smokeB
Output,Output/diagnostics/taskL_gate3_1/smokeB/SMOKEB_Mara_21_paddock.png,SMOKEB_Mara_21_paddock.png,.png,611872,2026-07-23T01:54:07.816852+00:00,5b37d39ec639dbd60e0b0fe0407e651ee7738852f9717c1908b4cb5ecddca5f7,diagnostics/taskL_gate3_1/smokeB
Output,Output/diagnostics/taskL_gate3_1/smokeB/SMOKEB_OwnCloud_Dinan_8.pdf,SMOKEB_OwnCloud_Dinan_8.pdf,.pdf,56736,2026-07-23T01:54:09.967034+00:00,4d83378e0be5bee5b1a8c25c70e27c1486d155b44d3700764c558efc5c7ec433,diagnostics/taskL_gate3_1/smokeB
Output,Output/diagnostics/taskL_gate3_1/smokeB/SMOKEB_OwnCloud_Dinan_8.png,SMOKEB_OwnCloud_Dinan_8.png,.png,173176,2026-07-23T01:54:09.800238+00:00,46b172ed34b4e03045a16907537ed68328c23a50969aa571e850ab45db1655ba,diagnostics/taskL_gate3_1/smokeB
Output,Output/figures/.gitkeep,.gitkeep,,0,2026-06-07T17:32:00+00:00,e3b0c44298fc1c149afbf4c8996fb92427ae41e4649b934ca495991b7852b855,figures
Output,Output/figures/C1_veg_regime_bivariate_farm_data.pdf,C1_veg_regime_bivariate_farm_data.pdf,.pdf,110206,2026-07-10T06:15:38+00:00,bfdc81b00e5bfbbadf006f03fbce31b29c9d0088913e59b2d17d118d0e2f00e7,figures
Output,Output/figures/C1_veg_regime_bivariate_farm_data.png,C1_veg_regime_bivariate_farm_data.png,.png,577238,2026-07-10T06:15:36+00:00,e53344229b518409ca986cbfd68c672a26777a3cb8af9e9133461868265060f0,figures
Output,Output/figures/C1_veg_regime_paddock_Bala_12_data.pdf,C1_veg_regime_paddock_Bala_12_data.pdf,.pdf,84968,2026-07-10T06:15:56+00:00,52f237555cc8df8c30f8dad45bd447da6bc5f27fc918f191c819b7cc6ac6ba6e,figures
Output,Output/figures/C1_veg_regime_paddock_Bala_12_data.png,C1_veg_regime_paddock_Bala_12_data.png,.png,344301,2026-07-10T06:15:54+00:00,7a781f66d9ad8fda895364bbb27cc494a59b6538549526f1ecfe6fb6e8443f2f,figures
Output,Output/figures/C1_veg_regime_paddock_Bala_17_data.pdf,C1_veg_regime_paddock_Bala_17_data.pdf,.pdf,72351,2026-07-10T06:15:58+00:00,33a68c7cdbac1d31e25f3c962e0c2301d7dee2e80cc47297a795a3fd1c004fed,figures
Output,Output/figures/C1_veg_regime_paddock_Bala_17_data.png,C1_veg_regime_paddock_Bala_17_data.png,.png,256596,2026-07-10T06:15:58+00:00,3d7a43c4b8245337a6353d0f6dcdf872d8217e43f14c6114ef0a7d5e81f09c4f,figures
Output,Output/figures/C1_veg_regime_paddock_Bala_19_data.pdf,C1_veg_regime_paddock_Bala_19_data.pdf,.pdf,71642,2026-07-10T06:16:02+00:00,cc00e62c647687a0cebe653a401d2278056bc3109552c40964536b8aacc4d9f7,figures
Output,Output/figures/C1_veg_regime_paddock_Bala_19_data.png,C1_veg_regime_paddock_Bala_19_data.png,.png,268038,2026-07-10T06:16:02+00:00,7bb6955fdaf16bbd81ec0d3bcb918f6c2613b072ef34605a9825d8b81c515d4e,figures
Output,Output/figures/C1_veg_regime_paddock_Bala_20_data.pdf,C1_veg_regime_paddock_Bala_20_data.pdf,.pdf,73613,2026-07-10T06:16:06+00:00,fb3353f12e61dc3f5e27dee95df74c77234eee44c569ae4b3abeb29f97a0fcc7,figures
Output,Output/figures/C1_veg_regime_paddock_Bala_20_data.png,C1_veg_regime_paddock_Bala_20_data.png,.png,269447,2026-07-10T06:16:06+00:00,327af60ca7c732d80a9ff34dd23ef3d7036d5d6f45f5fa7da032d43a2d61fde2,figures
Output,Output/figures/C1_veg_regime_paddock_Bala_21_data.pdf,C1_veg_regime_paddock_Bala_21_data.pdf,.pdf,72550,2026-07-10T06:16:10+00:00,e160673c2d1e71de23386cda95e04023abfc1af2cbb1e7a6a9661ae4f6b4af7a,figures
Output,Output/figures/C1_veg_regime_paddock_Bala_21_data.png,C1_veg_regime_paddock_Bala_21_data.png,.png,282374,2026-07-10T06:16:08+00:00,cef1edc6f9243317a53adafdbe86697e56b09a520abe8e1ef074fb689de912b7,figures
Output,Output/figures/C1_veg_regime_paddock_Bala_23_data.pdf,C1_veg_regime_paddock_Bala_23_data.pdf,.pdf,77281,2026-07-10T06:16:14+00:00,fd29201e2ed35c8e4dea14d99a2af7b83d0792c5faf42e6f914afa0aa11089c1,figures
Output,Output/figures/C1_veg_regime_paddock_Bala_23_data.png,C1_veg_regime_paddock_Bala_23_data.png,.png,288463,2026-07-10T06:16:12+00:00,e33a9a7af2c1cb01e3825279e31b07b9b65681bbd1a2703729a12005739443c4,figures
Output,Output/figures/C1_veg_regime_paddock_Bala_26ca_data.pdf,C1_veg_regime_paddock_Bala_26ca_data.pdf,.pdf,79428,2026-07-10T06:15:42+00:00,5d9d827a1464e374932c79491b2946537c0c0e42aaebe6b11996a355c8f68b59,figures
Output,Output/figures/C1_veg_regime_paddock_Bala_26ca_data.png,C1_veg_regime_paddock_Bala_26ca_data.png,.png,299623,2026-07-10T06:15:40+00:00,e5005c800b7bc0ee48db706f876116d12b69e27d8f4178330d791ba0b48ad58b,figures
Output,Output/figures/C1_veg_regime_paddock_Bala_28ca_data.pdf,C1_veg_regime_paddock_Bala_28ca_data.pdf,.pdf,79660,2026-07-10T06:15:44+00:00,dfe356f0b94761837cd6078f3d6856d1d8fb39f593ce0e267d861edfd1711c84,figures
Output,Output/figures/C1_veg_regime_paddock_Bala_28ca_data.png,C1_veg_regime_paddock_Bala_28ca_data.png,.png,325152,2026-07-10T06:15:44+00:00,fe42c0c3b24bdac8798267f3988a2a8f7633a4dde69988aa7e0737e20a784cfc,figures
Output,Output/figures/C1_veg_regime_paddock_Bala_29ca_data.pdf,C1_veg_regime_paddock_Bala_29ca_data.pdf,.pdf,85148,2026-07-10T06:15:48+00:00,98f435f770d2b633d2638fcb45562c6f425a628a2501837c548b6b471140bac0,figures
Output,Output/figures/C1_veg_regime_paddock_Bala_29ca_data.png,C1_veg_regime_paddock_Bala_29ca_data.png,.png,314374,2026-07-10T06:15:48+00:00,b408f8dcb78eb79a752b4a77352ebbf76574c76a4b516ace36314b76018ae4e7,figures
Output,Output/figures/C1_veg_regime_paddock_Bala_6_data.pdf,C1_veg_regime_paddock_Bala_6_data.pdf,.pdf,75615,2026-07-10T06:15:52+00:00,4a03c2a82bec4bcdb98120a80f1c5027ba7103c08a20aba7cb0ac83f9ee6ea3d,figures
Output,Output/figures/C1_veg_regime_paddock_Bala_6_data.png,C1_veg_regime_paddock_Bala_6_data.png,.png,256813,2026-07-10T06:15:52+00:00,23cb4ea59bfaef694ae5bfb6f65f4cb1c821b1f512121a25d4459034900dd4ce,figures
Output,Output/figures/C1_veg_regime_paddock_Bala_8_11_data.pdf,C1_veg_regime_paddock_Bala_8_11_data.pdf,.pdf,80699,2026-07-10T06:16:16+00:00,d296806eb37c9be13a5d4def68c3d1fbb8158727bb223fd2f1c7c8d0aa49cd6b,figures
Output,Output/figures/C1_veg_regime_paddock_Bala_8_11_data.png,C1_veg_regime_paddock_Bala_8_11_data.png,.png,308669,2026-07-10T06:16:16+00:00,4c4e25e295328b786dfabbe165f050c65197bd3d63d5cd4b93417b8e1fde4b77,figures
Output,Output/figures/C1_veg_regime_paddock_Dinan_10_data.pdf,C1_veg_regime_paddock_Dinan_10_data.pdf,.pdf,80089,2026-07-10T06:16:44+00:00,6061d1564ef4300d9c143c6a92c744346a7939d935c5761c90b3ca9e95a03487,figures
Output,Output/figures/C1_veg_regime_paddock_Dinan_10_data.png,C1_veg_regime_paddock_Dinan_10_data.png,.png,325101,2026-07-10T06:16:44+00:00,8f917f1f43211519fdaba8b4b12392d6e905847d38a4cb4d76d73894eb6f2d10,figures
Output,Output/figures/C1_veg_regime_paddock_Dinan_12_data.pdf,C1_veg_regime_paddock_Dinan_12_data.pdf,.pdf,82463,2026-07-10T06:16:50+00:00,2418442b6b0edd798e1db9d08e985752c3d8be9913e362be0011fc219256c171,figures
Output,Output/figures/C1_veg_regime_paddock_Dinan_12_data.png,C1_veg_regime_paddock_Dinan_12_data.png,.png,336653,2026-07-10T06:16:48+00:00,7b071f1028b56a332b2506d86de48d8487e3935f5ff032693d1b7063547753cc,figures
Output,Output/figures/C1_veg_regime_paddock_Dinan_1_data.pdf,C1_veg_regime_paddock_Dinan_1_data.pdf,.pdf,78311,2026-07-10T06:16:52+00:00,18005f1d0e04f27296ad2c65dff12724fb0b60f9f74c6e9a61f1186ed01c706e,figures
Output,Output/figures/C1_veg_regime_paddock_Dinan_1_data.png,C1_veg_regime_paddock_Dinan_1_data.png,.png,309826,2026-07-10T06:16:52+00:00,af96ae18b21981e7b134ab77d0ccb9259dff5ff815939b25022c315f12861563,figures
Output,Output/figures/C1_veg_regime_paddock_Dinan_3_data.pdf,C1_veg_regime_paddock_Dinan_3_data.pdf,.pdf,76203,2026-07-10T06:16:34+00:00,95387b3701be35b694f9b0b28f646255c0ebd9465eeed209db5bdc25e9ee35f1,figures
Output,Output/figures/C1_veg_regime_paddock_Dinan_3_data.png,C1_veg_regime_paddock_Dinan_3_data.png,.png,283452,2026-07-10T06:16:34+00:00,2e22666c0b5d3ea499f95746dba335932ca4e0e69fe049904c2f7940c1e43fd0,figures
Output,Output/figures/C1_veg_regime_paddock_Dinan_6_data.pdf,C1_veg_regime_paddock_Dinan_6_data.pdf,.pdf,75080,2026-07-10T06:16:38+00:00,debeeb80b2ee713da943fa265a4a8fbdfa6cd37f57ca76282f6b89403c1f9804,figures
Output,Output/figures/C1_veg_regime_paddock_Dinan_6_data.png,C1_veg_regime_paddock_Dinan_6_data.png,.png,316128,2026-07-10T06:16:36+00:00,d525dbea86b8b5230197bd58ee9f4a7caa19b56003ef7b563c260bd2f2754d6d,figures
Output,Output/figures/C1_veg_regime_paddock_Dinan_8_data.pdf,C1_veg_regime_paddock_Dinan_8_data.pdf,.pdf,93891,2026-07-10T06:16:40+00:00,bcdc04be68fe73dea4b659c582d8fd8a012a9be035d784d05a3cdd83316aa037,figures
Output,Output/figures/C1_veg_regime_paddock_Dinan_8_data.png,C1_veg_regime_paddock_Dinan_8_data.png,.png,410739,2026-07-10T06:16:40+00:00,2fc969a2bfc2960ce2bc336a9e8dc238497f6fa1caf704f9deace989b071a708,figures
Output,Output/figures/C1_veg_regime_paddock_Mara_13_data.pdf,C1_veg_regime_paddock_Mara_13_data.pdf,.pdf,73717,2026-07-10T06:16:20+00:00,2a932a825abaeb8441b21422d443869e6440b7856da0d76b7dd05d0371a953cd,figures
Output,Output/figures/C1_veg_regime_paddock_Mara_13_data.png,C1_veg_regime_paddock_Mara_13_data.png,.png,277146,2026-07-10T06:16:20+00:00,8654beb7328132606639c59e1ab8a03b841c96e24cd0d9a72220b0be635780e3,figures
Output,Output/figures/C1_veg_regime_paddock_Mara_21_data.pdf,C1_veg_regime_paddock_Mara_21_data.pdf,.pdf,73956,2026-07-10T06:16:30+00:00,c28213260f6047d9be7cb2b9176c91fe64962ab897d1199f43d0022b5619b028,figures
Output,Output/figures/C1_veg_regime_paddock_Mara_21_data.png,C1_veg_regime_paddock_Mara_21_data.png,.png,282075,2026-07-10T06:16:30+00:00,7effd46e68978bd64c843737a5b4c5886c326f0355e4144aa7137810aa61220d,figures
Output,Output/figures/C1_veg_regime_paddock_Mara_7_data.pdf,C1_veg_regime_paddock_Mara_7_data.pdf,.pdf,76464,2026-07-10T06:16:24+00:00,6aa6812da2a3905a7bd883b808a5cc28aa6a1fd9aa2389eac1c497ba707f10af,figures
Output,Output/figures/C1_veg_regime_paddock_Mara_7_data.png,C1_veg_regime_paddock_Mara_7_data.png,.png,299004,2026-07-10T06:16:24+00:00,224a2e92b8beb418136d0b4c1986bc724566568e09e062eea9ac413b165535c3,figures
Output,Output/figures/C1_veg_regime_paddock_Mara_8_data.pdf,C1_veg_regime_paddock_Mara_8_data.pdf,.pdf,72367,2026-07-10T06:16:28+00:00,c565ab6b73ce203ee45fddb673795d3acc5a5ab72f8facd430a4c6f53f2b091f,figures
Output,Output/figures/C1_veg_regime_paddock_Mara_8_data.png,C1_veg_regime_paddock_Mara_8_data.png,.png,263808,2026-07-10T06:16:26+00:00,41ef9b12bc1885f675c4eacdb044bb31244e0ed8d4b0c07dbc1a9551457a3e94,figures
Output,Output/figures/cuts_locator_slide_fig_1.png,cuts_locator_slide_fig_1.png,.png,254499,2026-07-22T04:38:12.279753+00:00,2bb4f8d92047068ed69ac1f45f4b04afd7f005a7473eaa970268be601d9a39a2,figures
Output,Output/figures/D3_stratum_Aeolian_Chenopod_Shrublands_low_slide_data.pdf,D3_stratum_Aeolian_Chenopod_Shrublands_low_slide_data.pdf,.pdf,132860,2026-07-14T07:02:42+00:00,328f01ea6a0910aa189192c65bed4e09e003c8158a39537c4ef372ccbf38d54f,figures
Output,Output/figures/D3_stratum_Aeolian_Chenopod_Shrublands_low_slide_data.png,D3_stratum_Aeolian_Chenopod_Shrublands_low_slide_data.png,.png,625589,2026-07-14T07:02:42+00:00,ad9c9bb15a8feb7e9515627036977ca73e46ebe7d73f046aa52159ccbaadb87d,figures
Output,Output/figures/D3_stratum_Inland_Floodplain_Shrublands_Swamps_high_slide_data.pdf,D3_stratum_Inland_Floodplain_Shrublands_Swamps_high_slide_data.pdf,.pdf,145850,2026-07-14T07:02:54+00:00,9292770fab12e9ed64f6d7254298b2ffcf0de73410eca29504e9796a57caddf5,figures
Output,Output/figures/D3_stratum_Inland_Floodplain_Shrublands_Swamps_high_slide_data.png,D3_stratum_Inland_Floodplain_Shrublands_Swamps_high_slide_data.png,.png,778176,2026-07-14T07:02:54+00:00,20f4ca02530129030b421bf830eea8639f00b3924a5aed1ecde55b716c55efdb,figures
Output,Output/figures/D3_stratum_Riverine_Chenopod_Shrublands_mid_slide_data.pdf,D3_stratum_Riverine_Chenopod_Shrublands_mid_slide_data.pdf,.pdf,136293,2026-07-14T07:02:48+00:00,fc93287e535dd61b39d9c47f87ed78d82dc159044158854a11956c764f68dcd4,figures
Output,Output/figures/D3_stratum_Riverine_Chenopod_Shrublands_mid_slide_data.png,D3_stratum_Riverine_Chenopod_Shrublands_mid_slide_data.png,.png,682105,2026-07-14T07:02:48+00:00,b10c56c92daa7488f2982a07f1b98ab44ae5973e9dcc25493f965fd27d2e7917,figures
Output,Output/figures/F1_sampling_design_concept.pdf,F1_sampling_design_concept.pdf,.pdf,38036,2026-07-08T02:10:26+00:00,894c2fb568c4b65d8c9cd57b923542e2d3fc16c89ac72b6b1ecc24b0a64b0aee,figures
Output,Output/figures/F1_sampling_design_concept.svg,F1_sampling_design_concept.svg,.svg,10448,2026-07-08T02:10:26+00:00,9b30345c402c15b64e66c18880274b359ad41588e2ab4f3f3b5bb7e87f1433dd,figures
Output,Output/figures/F1_sampling_design_map_data.pdf,F1_sampling_design_map_data.pdf,.pdf,369947,2026-07-08T02:10:24+00:00,ff1eea31b535fada6b3ab481fcb7e623121da7efc4993e5ecbad9de3b03a3506,figures
Output,Output/figures/F1_sampling_design_map_data.png,F1_sampling_design_map_data.png,.png,1036291,2026-07-08T02:10:20+00:00,407ccdbbea9147eb5267829486ea205fb0adb10f77629cfcf211f9ec45a95877,figures
Output,Output/figures/F2_annual_occurrence_concept.pdf,F2_annual_occurrence_concept.pdf,.pdf,48305,2026-07-08T07:17:14+00:00,e6219cc908ceee62e01c7383e76ffb68eb148b7453cd846e03c5f1539127f757,figures
Output,Output/figures/F2_annual_occurrence_concept.svg,F2_annual_occurrence_concept.svg,.svg,17568,2026-07-08T07:17:12+00:00,568a592d2299afdadae43f51ff4a94cb2d831cbc3fe76dc387a61cac959a278d,figures
Output,Output/figures/F2_annual_occurrence_timeseries_data.pdf,F2_annual_occurrence_timeseries_data.pdf,.pdf,40474,2026-07-08T07:17:14+00:00,f7c60cf6ede744de5ba9eedde81aa9e8d0bd1570e1995b3e2260b7fd534c02b2,figures
Output,Output/figures/F2_annual_occurrence_timeseries_data.png,F2_annual_occurrence_timeseries_data.png,.png,260798,2026-07-08T07:17:14+00:00,f9c9b9b8a0b3af83f897a2cafed5032f5f2e0b111996c8228ad6487b998ef730,figures
Output,Output/figures/F3_annual_gap_series.png,F3_annual_gap_series.png,.png,262645,2026-07-31T08:53:56.691096+00:00,7a75a9b8afe22ec3919eede141aa2e5481b96cc359639f365fe2cbf5b781632f,figures
Output,Output/figures/F3_data_cube_concept.pdf,F3_data_cube_concept.pdf,.pdf,48043,2026-07-08T07:17:16+00:00,73d50e1b43a86193a103d2cd756538e4e000b4b4f19e0e33773a77b7e42369f3,figures
Output,Output/figures/F3_data_cube_concept.svg,F3_data_cube_concept.svg,.svg,54020,2026-07-08T07:17:16+00:00,52221097333be832f63af093e7e3a1cccc5128bbb46de36b09ea87a57cdfca63,figures
Output,Output/figures/F3_data_cube_coverage_secondary_data.pdf,F3_data_cube_coverage_secondary_data.pdf,.pdf,64115,2026-07-08T07:17:18+00:00,93311b5aa299daaa0b5816a59b679364f1f99539ab9edefb36e215c8a060e138,figures
Output,Output/figures/F3_data_cube_coverage_secondary_data.png,F3_data_cube_coverage_secondary_data.png,.png,155873,2026-07-08T07:17:18+00:00,796a94fb70ac394129e6a6bfc2b0afdbc8ab9069fac5196d45fdab67bf441b17,figures
Output,Output/figures/F3_data_cube_heatmap_data.pdf,F3_data_cube_heatmap_data.pdf,.pdf,55913,2026-07-08T07:17:18+00:00,d568f58c888dd086fb42d0dc4eb2e9cdcb550391ec2ab2f030b6c4774fffabdd,figures
Output,Output/figures/F3_data_cube_heatmap_data.png,F3_data_cube_heatmap_data.png,.png,132574,2026-07-08T07:17:16+00:00,6d5a5eaa53f8d1c911cc65b4ab54a04ae7e583073b4ac486968a31819987fb91,figures
Output,Output/figures/F4_inundation_regime_by_community_data.pdf,F4_inundation_regime_by_community_data.pdf,.pdf,49339,2026-07-08T07:17:20+00:00,55ac7a85ee6781c7db552b37ad6eac7f6c9837c13ae975f5dd359e984f32f0c1,figures
Output,Output/figures/F4_inundation_regime_by_community_data.png,F4_inundation_regime_by_community_data.png,.png,180412,2026-07-08T07:17:20+00:00,67ce9f5005cf43cf4f8d9a8c7dc0f533539d11a80de8b3a9f12ee6168c0ee526,figures
Output,Output/figures/F4_inundation_regime_concept.pdf,F4_inundation_regime_concept.pdf,.pdf,58516,2026-07-08T07:17:20+00:00,1159b9b843b40b332d3017fed292a52725aa54ddda34d1727e51f5d314a10f9d,figures
Output,Output/figures/F4_inundation_regime_concept.svg,F4_inundation_regime_concept.svg,.svg,4883,2026-07-08T07:17:18+00:00,304f47432f47f933f44d83bef1a5610ebd865f210283b9fd2f81d9b2cb4e0125,figures
Output,Output/figures/F5b_community_facets_data.pdf,F5b_community_facets_data.pdf,.pdf,258349,2026-07-10T01:02:04+00:00,ffbc0c9ae71d91e2c99752d1a468d33120274daeb7022103bc4c0ddde28b9205,figures
Output,Output/figures/F5b_community_facets_data.png,F5b_community_facets_data.png,.png,503402,2026-07-10T01:02:04+00:00,1341ac4ef8df7ef16fbaa0437ccd1ed57b1851e36fc5525798d8303f60ec0c64,figures
Output,Output/figures/F5c_paddock_Bala_28ca_data.pdf,F5c_paddock_Bala_28ca_data.pdf,.pdf,140419,2026-07-10T01:02:20+00:00,35fb42593630b39ecb69f8291efaef976d4d6aeb224fae86fe20a8b6019aa659,figures
Output,Output/figures/F5c_paddock_Bala_28ca_data.png,F5c_paddock_Bala_28ca_data.png,.png,420026,2026-07-10T01:02:18+00:00,72f2043ed0583cea50741791bb8df9823fc0f7647ef31edffd1a43510d1aee81,figures
Output,Output/figures/F5c_paddock_Bala_29ca_data.pdf,F5c_paddock_Bala_29ca_data.pdf,.pdf,138544,2026-07-10T01:02:08+00:00,079c7486d861e6ee7d6f06c890173cc3805e38918ecadb0b576259e239fa5513,figures
Output,Output/figures/F5c_paddock_Bala_29ca_data.png,F5c_paddock_Bala_29ca_data.png,.png,429452,2026-07-10T01:02:08+00:00,0a1d8e1657922be92dfe99e5a7d54f97e25c1619e52fcf306cf042095c4c1ba2,figures
Output,Output/figures/F5c_paddock_Dinan_10_data.pdf,F5c_paddock_Dinan_10_data.pdf,.pdf,102736,2026-07-10T01:02:16+00:00,7bc54e745256a8b94fa4036e97f814cbeca3dabb2949eae877e63d76778ed3ed,figures
Output,Output/figures/F5c_paddock_Dinan_10_data.png,F5c_paddock_Dinan_10_data.png,.png,365288,2026-07-10T01:02:16+00:00,f32d6004dfdbcd0de9313001ac507e1fe59236c8d528d944784c45e2e9338cf2,figures
Output,Output/figures/F5c_paddock_Dinan_8_data.pdf,F5c_paddock_Dinan_8_data.pdf,.pdf,175339,2026-07-10T01:02:12+00:00,6d1a64841a0508773220af704e8bc306e3d955414c89da2ed68b082f82a6cfb0,figures
Output,Output/figures/F5c_paddock_Dinan_8_data.png,F5c_paddock_Dinan_8_data.png,.png,566185,2026-07-10T01:02:12+00:00,c6e9320708d6ad4b91580ee143999cee9f702ae0b34d65b4370ef51b86f10e6b,figures
Output,Output/figures/F5d_pixel_census_data.pdf,F5d_pixel_census_data.pdf,.pdf,42894,2026-07-10T00:44:48+00:00,30e31b24c435afc02905c675851f37ff2f4c5c5398a602c41fd3ffae2c7c4172,figures
Output,Output/figures/F5d_pixel_census_data.png,F5d_pixel_census_data.png,.png,198062,2026-07-10T00:44:48+00:00,c47831a348ec61143d45d7ce1dc621f65e524fb0fdedff986dfd33cd0a41c988,figures
Output,Output/figures/F5_band_reference_data.pdf,F5_band_reference_data.pdf,.pdf,43128,2026-07-10T01:01:58+00:00,87f270bdab4f491040e5edd7b12ee18696bb48396e63b9cf6c58ee43145db517,figures
Output,Output/figures/F5_band_reference_data.png,F5_band_reference_data.png,.png,150931,2026-07-10T01:01:58+00:00,122c5b53d2d7ebfc619ecec33ff9f64b87d2abb3419afd099b45f04f65c4fb49,figures
Output,Output/figures/F5_cover_vs_water_64_paddocks.png,F5_cover_vs_water_64_paddocks.png,.png,163490,2026-07-31T08:53:56.999341+00:00,72fa686516fb146960f1dd7823b9b8bdaebe15e0cc4c3d34e9487c3769ad2cac,figures
Output,Output/figures/F5_fullfarm_map_data.pdf,F5_fullfarm_map_data.pdf,.pdf,413028,2026-07-10T01:01:56+00:00,0060bb1c72e6233caf96d521450dfed0810c2b20b9dc9abc5458a15a9b9e7e5d,figures
Output,Output/figures/F5_fullfarm_map_data.png,F5_fullfarm_map_data.png,.png,1524826,2026-07-10T01:01:54+00:00,4835205ca829ca07195c0e1e7976a98e785047d6ba6640bc7a78e755d829d9fa,figures
Output,Output/figures/f5_rebalanced_concept_full_v2.png,f5_rebalanced_concept_full_v2.png,.png,418927,2026-07-13T23:24:54+00:00,7bf58085463ba1bac7fc66407af81e76ffdc935fae3d92fe4a0fc87b1d7734bf,figures
Output,Output/figures/F5_stratified_sampling_concept.pdf,F5_stratified_sampling_concept.pdf,.pdf,71611,2026-07-14T03:18:02+00:00,506b8b4c61cab5664228b00e3f3073e59c1c074314799b836720eeb613f9c8ad,figures
Output,Output/figures/F5_stratified_sampling_concept.svg,F5_stratified_sampling_concept.svg,.svg,66294,2026-07-14T03:18:02+00:00,27fe08cb420a928f05db6d04b6c0768a1be18238094f89ec25c0179f37b6b709,figures
Output,Output/figures/F6_concept.pdf,F6_concept.pdf,.pdf,57118,2026-07-09T04:55:32+00:00,5bbcb544bc61cb40b10fe4324972edb073083c23921b847d128830bec4f26c34,figures
Output,Output/figures/F6_concept.svg,F6_concept.svg,.svg,29636,2026-07-09T04:55:30+00:00,223280dbe24c77447a0f2d9b14b81068960aee27d3785e2cb5b4989021b62a93,figures
Output,Output/figures/F6_strata_trends_data.pdf,F6_strata_trends_data.pdf,.pdf,77467,2026-07-09T04:55:34+00:00,f197559f7e75dd64959af7fb2cd8b31193ace89204b31c94caab77b7fbe0fb18,figures
Output,Output/figures/F6_strata_trends_data.png,F6_strata_trends_data.png,.png,724699,2026-07-09T04:55:34+00:00,e19a27dfce11da91524c43b2fe49adb283d309041f56047cdb82f154fb34c421,figures
Output,Output/figures/F6_verdict_summary_data.pdf,F6_verdict_summary_data.pdf,.pdf,52889,2026-07-09T04:55:36+00:00,8f6e001d2d03ce683a83abc2e03615271b57e2e6fb4507580151f8fed827562a,figures
Output,Output/figures/F6_verdict_summary_data.png,F6_verdict_summary_data.png,.png,193075,2026-07-09T04:55:36+00:00,00517629096502f7f3b2cddfe0561c6c5d6c64abff635d7cc87fab0dfa069228,figures
Output,Output/figures/F7_concept.pdf,F7_concept.pdf,.pdf,43077,2026-07-14T03:18:12+00:00,afaf004c2a3095e556af8efaa7d07f659dc6b0af191f44e30e366ec45f3c7543,figures
Output,Output/figures/F7_concept.svg,F7_concept.svg,.svg,12685,2026-07-14T03:18:12+00:00,c93d9a6900c1edc68db12157031c99b4b5ccf0958332deac83985ccb5b6f4e19,figures
Output,Output/figures/F7_lag_profile_data.pdf,F7_lag_profile_data.pdf,.pdf,43985,2026-07-14T03:18:24+00:00,40d67a21bb378c0a428e0fc8a1404d8e5454ab68712a430a2909365a68f8be99,figures
Output,Output/figures/F7_lag_profile_data.png,F7_lag_profile_data.png,.png,275883,2026-07-14T03:18:22+00:00,860199c965331a6dac49c0d60938acd22c23aa05fe8da3d2d2b277d3b8407dad,figures
Output,Output/figures/F7_response_by_community_data.pdf,F7_response_by_community_data.pdf,.pdf,133389,2026-07-14T03:30:18+00:00,10c6476b69cdb12a188ba3ad23f64439aafb7dab114b08fd75f6233291cfe891,figures
Output,Output/figures/F7_response_by_community_data.png,F7_response_by_community_data.png,.png,488865,2026-07-14T03:30:18+00:00,201fd8869892db3c153bc6cabfcba4fa0fac2b0ca5be27952dccb8e47b8a5d67,figures
Output,Output/figures/F7_response_summary_data.pdf,F7_response_summary_data.pdf,.pdf,43412,2026-07-14T03:18:24+00:00,32cee3bb429be57be8f55b55b60e10565babee96774bcd14a96cd8ae75ff3b52,figures
Output,Output/figures/F7_response_summary_data.png,F7_response_summary_data.png,.png,220542,2026-07-14T03:18:24+00:00,1e6a6f8090908009abbadc4a424dcdc769c47056bcd6bb02d61f9b477132e508,figures
Output,Output/figures/F7_strata_panel_data.pdf,F7_strata_panel_data.pdf,.pdf,47915,2026-07-14T03:18:22+00:00,1eb1e0d434d0fca4e6c4e290fe78d4d5db7ad50c48a3200321786c6baa8f0193,figures
Output,Output/figures/F7_strata_panel_data.png,F7_strata_panel_data.png,.png,249927,2026-07-14T03:18:20+00:00,c31e8f1cfd0dbdf16ea0d2cc56a3ab909369593847a8c30bd97e9a55d4472249,figures
Output,Output/figures/FigA_floor_gradient_density.pdf,FigA_floor_gradient_density.pdf,.pdf,70163,2026-07-21T10:22:22.453207+00:00,f766359e3fde723d577f8542c90808be77025bfa14fcb2c253409b142cdc6f71,figures
Output,Output/figures/FigA_floor_gradient_density.png,FigA_floor_gradient_density.png,.png,254400,2026-07-21T10:22:21.734411+00:00,5c058074009d6f51418d03121c9d3291423980ffe804b1f35dd25b5d686bc2db,figures
Output,Output/figures/figures_manifest.csv,figures_manifest.csv,.csv,20292,2026-07-14T07:03:06+00:00,3aa818edd6c13bb7162aaf9d3a8d9a93fe19a53c2bcc0dd66af1c7b873a3cb90,figures
Output,Output/figures/H2_gate_season_mix_data.png,H2_gate_season_mix_data.png,.png,197425,2026-07-16T11:54:48+00:00,bd2b7b0367391d9ef7a3b407223eaf933fca17ef6fe6336b71bb936c35383ed9,figures
Output,Output/figures/H2_veg_percentiles_common_scale_data.png,H2_veg_percentiles_common_scale_data.png,.png,641636,2026-07-16T05:03:18+00:00,12cc4032de6e5e63b41a97c95e94130c6e3f9965259eff04deaba0df4cf7ac76,figures
Output,Output/figures/H2_veg_percentiles_stretch_data.png,H2_veg_percentiles_stretch_data.png,.png,653704,2026-07-16T05:03:28+00:00,00b2d34eaa042dc89b765441f72adf68d695194f5365d11440874b07bdedfdb1,figures
Output,Output/figures/H6_flood_zone_data.png,H6_flood_zone_data.png,.png,65701,2026-07-16T11:19:36+00:00,5f41ed3f94b4f179d67494f5bf74c91783b31f14e93641c2de4f14b5acdddac3,figures
Output,Output/figures/Land_use.zip,Land_use.zip,.zip,3958433,2026-07-29T04:53:49.790594+00:00,59dd46273000aaad235dcd8f473deeea0c70363bb8714883ccd5fb963bdee20c,figures
Output,Output/figures/M1_veg_percentile_maps_p05_p50.png,M1_veg_percentile_maps_p05_p50.png,.png,1120417,2026-07-24T12:10:27.786429+00:00,9ecd73cca81d0135464c4a6ecb5b55c40125580577a7325324ccdcf632a81ab2,figures
Output,Output/figures/M2_all_pixel_method.png,M2_all_pixel_method.png,.png,235250,2026-07-24T12:18:45.337406+00:00,47dc695cef0887dccaac39b559fe87d527db2ad6e33af607a6df5a77ddd076a5,figures
Output,Output/figures/M5b_paddock_residual_from_expectation.png,M5b_paddock_residual_from_expectation.png,.png,322235,2026-07-31T08:53:54.399086+00:00,aa4a4b57b77e0f19830901689d77b4e9f6b7b6dca136faef38ef2d695065c056,figures
Output,Output/figures/M5_dual_grain_floor_and_flood.png,M5_dual_grain_floor_and_flood.png,.png,1015424,2026-07-31T08:53:54.008708+00:00,17069a37565f408992962fbf57f5427146267f68b0562783e97f66a9b6252f60,figures
Output,Output/figures/paddock_dashboard_layout_revised.html,paddock_dashboard_layout_revised.html,.html,4863,2026-07-13T23:51:20+00:00,e74baf5f5432d62b919a10819ba87be93071e9dcc5962a2b5ff2ad8dd8f7f961,figures
Output,Output/figures/S12_stratum_coverage.pdf,S12_stratum_coverage.pdf,.pdf,50543,2026-07-21T11:45:46.445606+00:00,e9365ed46ed06ae30df0760f903c09644402700904f7bae960c0d58fac0fcad3,figures
Output,Output/figures/S12_stratum_coverage.png,S12_stratum_coverage.png,.png,291364,2026-07-21T11:45:46.329222+00:00,8cbc70108d6c65eb9a629bee9daa82abc6da751f4c4c380867f086cfdbafa473,figures
Output,Output/figures/S21_flood_trend_census.pdf,S21_flood_trend_census.pdf,.pdf,83129,2026-07-21T10:34:35.311871+00:00,a044513595e01143ad81c4603764bae7aaecea9e627349474db152a1bea1179f,figures
Output,Output/figures/S21_flood_trend_census.png,S21_flood_trend_census.png,.png,730540,2026-07-21T10:34:34.945320+00:00,8dd74c27594f3006648801c3dd2fb849a0f9430f16a992cce54e25ff76c3263d,figures
Output,Output/figures/S24_response_singles.pdf,S24_response_singles.pdf,.pdf,57298,2026-07-21T09:47:38.592525+00:00,bfd3178d89058b2b62496018f41c32237148d8a99bbb4e38378958dcbf68a573,figures
Output,Output/figures/S24_response_singles.png,S24_response_singles.png,.png,226361,2026-07-21T09:47:38.320299+00:00,358a6aa78f1352791c1f7d48ece4f7c68d56edb0639e9f85225b1fe250782a5e,figures
Output,Output/figures/S25_lag_profile.pdf,S25_lag_profile.pdf,.pdf,54362,2026-07-21T10:04:01.231937+00:00,632f430301a3d7ae1b8ca81c31c77a5c4abde9cd59acf56f718f2e63a3a072c7,figures
Output,Output/figures/S25_lag_profile.png,S25_lag_profile.png,.png,269953,2026-07-21T10:04:00.948567+00:00,fe41156d12d93c0fb6055fc63d0863263c34f50c127cae62c60f4ba27de71a17,figures
Output,Output/figures/S26_response_matrix.pdf,S26_response_matrix.pdf,.pdf,68039,2026-07-21T09:44:17.052243+00:00,e165e3715981856f38888525ace9302e2675fbc577e021121e08031ff06a01df,figures
Output,Output/figures/S26_response_matrix.png,S26_response_matrix.png,.png,298253,2026-07-21T09:44:16.668084+00:00,e6af2db39d823a0502bafbf6f0fd927e542c8b26ef27711183ee13bd9d9618ab,figures
Output,Output/figures/stratum_dashboard_layout_revised.html,stratum_dashboard_layout_revised.html,.html,4151,2026-07-13T23:51:04+00:00,f7fd334385259f7f5890bce04b365bb7c1b7dcdae4a95f63b52427c3a958058c,figures
Output,Output/figures/S_veg_water_gam_p05.pdf,S_veg_water_gam_p05.pdf,.pdf,84297,2026-07-21T11:12:35.741786+00:00,0671ead9d94369ab6576122d645e434feed8b2ee633efd655df2f2469038ce05,figures
Output,Output/figures/S_veg_water_gam_p05.png,S_veg_water_gam_p05.png,.png,260063,2026-07-21T11:12:34.842556+00:00,f7a39e0e66fdf6c2fba9c2597cde73730c0ee739d753f117eb425e351c19c356,figures
Output,Output/figures/S_veg_water_gam_p50.pdf,S_veg_water_gam_p50.pdf,.pdf,77844,2026-07-21T11:12:38.949400+00:00,bba967d3f8ef08019841d8882ac88ba056bd23543017d932aa49d2e05d27e65f,figures
Output,Output/figures/S_veg_water_gam_p50.png,S_veg_water_gam_p50.png,.png,233795,2026-07-21T11:12:38.341283+00:00,61dad0d0d55255578a7df43e560d1d2afdb61a71c86f125d3d3df22a3b427b97,figures
Output,Output/figures/S_veg_water_percentile_fan.pdf,S_veg_water_percentile_fan.pdf,.pdf,57266,2026-07-21T11:33:08.685582+00:00,ad8c9c82682988d6f3cd73ace879f0aff4ebdc4c137b10fcf9a926ef9117972e,figures
Output,Output/figures/S_veg_water_percentile_fan.png,S_veg_water_percentile_fan.png,.png,305401,2026-07-21T11:33:08.520924+00:00,2ec291ce42d0284e9b87b6f75afdb95715f433a5aba98b8f1669b8c1aabd87dc,figures
Output,Output/figures/S_veg_water_qband_p05.pdf,S_veg_water_qband_p05.pdf,.pdf,53883,2026-07-21T11:14:30.926209+00:00,fb60c04a09e02eb3ddbdbc3e2ba53bbe664fb1b03d714c80e869bf5a33903c4a,figures
Output,Output/figures/S_veg_water_qband_p05.png,S_veg_water_qband_p05.png,.png,273613,2026-07-21T11:14:30.745816+00:00,dca79a35c97b0d30f4f7aaa8cefd0d8ce810728976baeef7e7ec313ee2a49227,figures
Output,Output/figures/S_veg_water_qband_p50.pdf,S_veg_water_qband_p50.pdf,.pdf,53542,2026-07-21T11:14:31.477719+00:00,0ae52f77a8ff18f46378d0b15a12828bae1e95d0e2b899634e30cd86337237ef,figures
Output,Output/figures/S_veg_water_qband_p50.png,S_veg_water_qband_p50.png,.png,230312,2026-07-21T11:14:31.309100+00:00,969b88398b3560fcb8372e85669ad3dbd5871eba183e6018700d27afe9247677,figures
Output,Output/figures/T13_D1_part_state_map_and_scatter.png,T13_D1_part_state_map_and_scatter.png,.png,502268,2026-07-31T07:40:04.603254+00:00,85502c156e81e825b0733db4d98a2f226c2c9498609da5badd30972c2f6472ef,figures
Output,Output/figures/T13_D2_part_state_map_sensitivity.png,T13_D2_part_state_map_sensitivity.png,.png,613784,2026-07-31T07:40:05.603639+00:00,858b6ee846ad5a6538b311b685810d455178529d56e4db5a7eee3685e04497cc,figures
Output,Output/figures/T1_conserved_paddock_comparison.png,T1_conserved_paddock_comparison.png,.png,127619,2026-07-31T08:53:55.516725+00:00,999e5074a4a6bb9a69aa7fe982552f8f4c67ae88354dd2c1b31ce82ac91b23e3,figures
Output,Output/figures/dashboards/D1_paddock_Bala_12_slide_data.pdf,D1_paddock_Bala_12_slide_data.pdf,.pdf,119119,2026-07-23T02:09:14.858010+00:00,fdc8f9317a14af913076fbd7bb190b8a576b99a6e51cdca7378b72a65c483435,figures/dashboards
Output,Output/figures/dashboards/D1_paddock_Bala_12_slide_data.png,D1_paddock_Bala_12_slide_data.png,.png,666833,2026-07-23T02:09:14.669514+00:00,70b4b7985c77e5c276bfbdbeb5e7a56497852d167c7df19c4f586572623961e0,figures/dashboards
Output,Output/figures/dashboards/D1_paddock_Bala_17_slide_data.pdf,D1_paddock_Bala_17_slide_data.pdf,.pdf,105592,2026-07-23T02:09:17.671169+00:00,22a3cc9a429911946c90ff093175741f80ddcdbd7a3a0a6dc2f65a52c3726fa2,figures/dashboards
Output,Output/figures/dashboards/D1_paddock_Bala_17_slide_data.png,D1_paddock_Bala_17_slide_data.png,.png,600535,2026-07-23T02:09:17.477079+00:00,8bc7e83ad97c4ae6913a0918d543aae95071ef8d1d120778b36ea6cdf320a255,figures/dashboards
Output,Output/figures/dashboards/D1_paddock_Bala_19_slide_data.pdf,D1_paddock_Bala_19_slide_data.pdf,.pdf,107629,2026-07-23T02:09:20.311396+00:00,39e70f003e8c044887ff0eae55b41ca79a9f9b305b8f12e07f6e23ad4071fb86,figures/dashboards
Output,Output/figures/dashboards/D1_paddock_Bala_19_slide_data.png,D1_paddock_Bala_19_slide_data.png,.png,604723,2026-07-23T02:09:20.122215+00:00,edd0b1cfb7ca8d48f7a0e2e3138caaefc865eb8932f5f9ae5c7a03438cf17460,figures/dashboards
Output,Output/figures/dashboards/D1_paddock_Bala_20_slide_data.pdf,D1_paddock_Bala_20_slide_data.pdf,.pdf,107361,2026-07-23T02:09:22.994547+00:00,809df9e781dcd8df1bc502fc1a273255bb4024746b30f828d31e0860a8a0c855,figures/dashboards
Output,Output/figures/dashboards/D1_paddock_Bala_20_slide_data.png,D1_paddock_Bala_20_slide_data.png,.png,609382,2026-07-23T02:09:22.794997+00:00,d2ebfa8c858ffd629c23dd637374e04fda7f40e61ae0996b9f066f49ff31610d,figures/dashboards
Output,Output/figures/dashboards/D1_paddock_Bala_21_slide_data.pdf,D1_paddock_Bala_21_slide_data.pdf,.pdf,108000,2026-07-23T02:09:25.997577+00:00,60d708aa76afd94844724a342dc3b8278817a5ce03d7727bdf3e5c17d626da88,figures/dashboards
Output,Output/figures/dashboards/D1_paddock_Bala_21_slide_data.png,D1_paddock_Bala_21_slide_data.png,.png,616963,2026-07-23T02:09:25.795096+00:00,4b27aeb6700b9c70e535b9c8fd1041320ec549a6a739e1b955466b333cdb9bd0,figures/dashboards
Output,Output/figures/dashboards/D1_paddock_Bala_23_slide_data.pdf,D1_paddock_Bala_23_slide_data.pdf,.pdf,111144,2026-07-23T02:09:28.754419+00:00,00b997a5dc1a834ae706ae1ef225ea6ec505b49b8a45404203b97e214b0c3c11,figures/dashboards
Output,Output/figures/dashboards/D1_paddock_Bala_23_slide_data.png,D1_paddock_Bala_23_slide_data.png,.png,616653,2026-07-23T02:09:28.544746+00:00,d46452f8a079be6cfaab9ec120f4177a63356f0ab7948c5ac5600c49e1d3ea3a,figures/dashboards
Output,Output/figures/dashboards/D1_paddock_Bala_26ca_slide_data.pdf,D1_paddock_Bala_26ca_slide_data.pdf,.pdf,113656,2026-07-23T02:09:31.638422+00:00,b4eeb75920a30e7c3076dd4e775807b9889eafbb45f8f1534c2df3f30021ca3b,figures/dashboards
Output,Output/figures/dashboards/D1_paddock_Bala_26ca_slide_data.png,D1_paddock_Bala_26ca_slide_data.png,.png,614041,2026-07-23T02:09:31.428154+00:00,c9fc8de60711b7ed11a2d992aab9cb18c8178f72ed04528de85cc6c6d4461022,figures/dashboards
Output,Output/figures/dashboards/D1_paddock_Bala_28ca_slide_data.pdf,D1_paddock_Bala_28ca_slide_data.pdf,.pdf,114071,2026-07-23T02:09:34.530954+00:00,c6712b290258fce158c5abafb125ccf3991bfb0a80b456d35fe6ed5ba9441e36,figures/dashboards
Output,Output/figures/dashboards/D1_paddock_Bala_28ca_slide_data.png,D1_paddock_Bala_28ca_slide_data.png,.png,637770,2026-07-23T02:09:34.328127+00:00,341d2acd265de66ded7247b7382326a710744a4a4238aefa9fdbd12913b08b0e,figures/dashboards
Output,Output/figures/dashboards/D1_paddock_Bala_29ca_slide_data.pdf,D1_paddock_Bala_29ca_slide_data.pdf,.pdf,116196,2026-07-23T02:09:37.544820+00:00,2a3411fb49a791728f89bc6d8d9cf04b0d2781c4a44a58891d1bfcdfab64a383,figures/dashboards
Output,Output/figures/dashboards/D1_paddock_Bala_29ca_slide_data.png,D1_paddock_Bala_29ca_slide_data.png,.png,620265,2026-07-23T02:09:37.295666+00:00,78c2744ca89401f5712acfc3f6916f96cd10630fa989aa17ce6d288ad08a6d73,figures/dashboards
Output,Output/figures/dashboards/D1_paddock_Bala_6_slide_data.pdf,D1_paddock_Bala_6_slide_data.pdf,.pdf,109640,2026-07-23T02:09:12.013201+00:00,f1a00cf7368d95c36655c1a3b19a02660830b77aa839c5d069e63ab58bf47603,figures/dashboards
Output,Output/figures/dashboards/D1_paddock_Bala_6_slide_data.png,D1_paddock_Bala_6_slide_data.png,.png,580244,2026-07-23T02:09:11.827747+00:00,51370296bcb0c9eed56abcb30b1024fb149a99aef2056c14b2c2f14d7cc2814a,figures/dashboards
Output,Output/figures/dashboards/D1_paddock_Bala_8_11_slide_data.pdf,D1_paddock_Bala_8_11_slide_data.pdf,.pdf,112298,2026-07-23T02:09:40.469090+00:00,66cecd5fd5faa4d5c1db9d521545c6479df93b99373f709921d306ccf34c9dcf,figures/dashboards
Output,Output/figures/dashboards/D1_paddock_Bala_8_11_slide_data.png,D1_paddock_Bala_8_11_slide_data.png,.png,627337,2026-07-23T02:09:40.255144+00:00,283439a841c7e7b77326bcc7d9d08f957485d6d118d3a00cdb669b7d5bd6a854,figures/dashboards
Output,Output/figures/dashboards/D1_paddock_Dinan_10_slide_data.pdf,D1_paddock_Dinan_10_slide_data.pdf,.pdf,112572,2026-07-23T02:09:54.998219+00:00,efa59c17fb7cfa4d01ea0430c2973e8ee61475dc4a9cad45adf4c219f229ed64,figures/dashboards
Output,Output/figures/dashboards/D1_paddock_Dinan_10_slide_data.png,D1_paddock_Dinan_10_slide_data.png,.png,610337,2026-07-23T02:09:54.795636+00:00,0cd99f26a8e58826b7c7aace589d84d1f759af912de89f120d5c62b179f83882,figures/dashboards
Output,Output/figures/dashboards/D1_paddock_Dinan_12_slide_data.pdf,D1_paddock_Dinan_12_slide_data.pdf,.pdf,114389,2026-07-23T02:09:57.729285+00:00,bd51a781c7a1dbc842130aee3f7dc130c28376d8ddf593964c7f5c854567cbdb,figures/dashboards
Output,Output/figures/dashboards/D1_paddock_Dinan_12_slide_data.png,D1_paddock_Dinan_12_slide_data.png,.png,624571,2026-07-23T02:09:57.528585+00:00,75ed06e64c576394a01cbce7e1f7a78b00c3de6a813d9b06a90ca1b5845f7085,figures/dashboards
Output,Output/figures/dashboards/D1_paddock_Dinan_1_slide_data.pdf,D1_paddock_Dinan_1_slide_data.pdf,.pdf,113831,2026-07-23T02:09:43.850174+00:00,5489e97372b94d3535a55aa0cea051624c27c8f6abbfaff6c7f64d548e065eeb,figures/dashboards
Output,Output/figures/dashboards/D1_paddock_Dinan_1_slide_data.png,D1_paddock_Dinan_1_slide_data.png,.png,598720,2026-07-23T02:09:43.637638+00:00,7b91daa49fad581246f3b271ea1b100dff0324ab7ddcd82bfea1b441d05fb58d,figures/dashboards
Output,Output/figures/dashboards/D1_paddock_Dinan_3_slide_data.pdf,D1_paddock_Dinan_3_slide_data.pdf,.pdf,112320,2026-07-23T02:09:46.795542+00:00,8bf206d8d3ac0c4e195123345ad7529f157e98926d147df1c3559036c52c3333,figures/dashboards
Output,Output/figures/dashboards/D1_paddock_Dinan_3_slide_data.png,D1_paddock_Dinan_3_slide_data.png,.png,600555,2026-07-23T02:09:46.578896+00:00,b177d6f7dab17271e7498026cf4e287e20412e9835a1c060346abadce70fda2b,figures/dashboards
Output,Output/figures/dashboards/D1_paddock_Dinan_6_slide_data.pdf,D1_paddock_Dinan_6_slide_data.pdf,.pdf,109905,2026-07-23T02:09:49.638353+00:00,ce7d06e805f2b24eac432fa0dfcfa9e1c751a4dbb49e6c3390b8343962179769,figures/dashboards
Output,Output/figures/dashboards/D1_paddock_Dinan_6_slide_data.png,D1_paddock_Dinan_6_slide_data.png,.png,624506,2026-07-23T02:09:49.444942+00:00,190e78e20348ba1ff80fdc09511d58abc545cf6e2b12ca17112ee294de366865,figures/dashboards
Output,Output/figures/dashboards/D1_paddock_Dinan_8_slide_data.pdf,D1_paddock_Dinan_8_slide_data.pdf,.pdf,124001,2026-07-23T02:09:52.411814+00:00,3d219bff80fe24999648b669b2c47e6b704ec7bbcf759f9e38f17da22e5a5b43,figures/dashboards
Output,Output/figures/dashboards/D1_paddock_Dinan_8_slide_data.png,D1_paddock_Dinan_8_slide_data.png,.png,679185,2026-07-23T02:09:52.211476+00:00,fa12aac00dced8e24a8d05b531416eecfaf55adae0e4068520627d08ae3df11f,figures/dashboards
Output,Output/figures/dashboards/D1_paddock_Mara_13_slide_data.pdf,D1_paddock_Mara_13_slide_data.pdf,.pdf,107124,2026-07-23T02:10:05.780010+00:00,6484df35691bcef4956bb6bf752ee3c8cbbad3718606b5055a648b7fb1b43fd1,figures/dashboards
Output,Output/figures/dashboards/D1_paddock_Mara_13_slide_data.png,D1_paddock_Mara_13_slide_data.png,.png,583057,2026-07-23T02:10:05.558128+00:00,b3259f927e78011462da2b1a9d8b6605793e80e0906c6d92b579a628c3f5158b,figures/dashboards
Output,Output/figures/dashboards/D1_paddock_Mara_21_slide_data.pdf,D1_paddock_Mara_21_slide_data.pdf,.pdf,108191,2026-07-23T02:10:08.629002+00:00,70c133d6e67a01ab8b8b187593914e8d72eb83fd3353c9e30209112538346194,figures/dashboards
Output,Output/figures/dashboards/D1_paddock_Mara_21_slide_data.png,D1_paddock_Mara_21_slide_data.png,.png,609911,2026-07-23T02:10:08.411971+00:00,1fe73c0e14cd5b06a156dec90c15e0901cb210cbf726a536e0e0eaef750b0391,figures/dashboards
Output,Output/figures/dashboards/D1_paddock_Mara_7_slide_data.pdf,D1_paddock_Mara_7_slide_data.pdf,.pdf,111058,2026-07-23T02:10:00.560692+00:00,3c16b62372820510cb0550302f9a11a4d81b4a6f5340501c68e0707f5af911fe,figures/dashboards
Output,Output/figures/dashboards/D1_paddock_Mara_7_slide_data.png,D1_paddock_Mara_7_slide_data.png,.png,638738,2026-07-23T02:10:00.348108+00:00,18cd17bce1d32c678b315efb3cd80870f9142a97fe69d42a5477f4bf645b4df5,figures/dashboards
Output,Output/figures/dashboards/D1_paddock_Mara_8_slide_data.pdf,D1_paddock_Mara_8_slide_data.pdf,.pdf,105358,2026-07-23T02:10:03.111396+00:00,ed1e54bd2cd519dbb841a5f984e13f79cb564e4c4b519834be936bfa472d5817,figures/dashboards
Output,Output/figures/dashboards/D1_paddock_Mara_8_slide_data.png,D1_paddock_Mara_8_slide_data.png,.png,586203,2026-07-23T02:10:02.861858+00:00,d1fbe8efe212121ae80deeec3fbc39c1da57a4303dea5736a3f7bf350189095c,figures/dashboards
Output,Output/figures/dashboards/D2_site_GA_001_slide_data.pdf,D2_site_GA_001_slide_data.pdf,.pdf,120308,2026-07-23T02:37:04.712152+00:00,fc058acaa77550ae8326acf0c2b3d024472676a6a580732d84dca2390df8fedc,figures/dashboards
Output,Output/figures/dashboards/D2_site_GA_001_slide_data.png,D2_site_GA_001_slide_data.png,.png,684545,2026-07-23T02:37:04.472211+00:00,d9eaf632c4b0f02810384f80f674848632eb33a4e38695193bfb64670502c143,figures/dashboards
Output,Output/figures/dashboards/D2_site_GA_002_slide_data.pdf,D2_site_GA_002_slide_data.pdf,.pdf,122451,2026-07-23T02:37:08.199910+00:00,a47621361558f0caa230705f3d067a47e7780b24d3201ca93c6cdb051ff5cde6,figures/dashboards
Output,Output/figures/dashboards/D2_site_GA_002_slide_data.png,D2_site_GA_002_slide_data.png,.png,677098,2026-07-23T02:37:07.983251+00:00,d0973c5619e8af2a52d7e0da9679ab83a03eacc25c5c05bd0861e60746f0bafb,figures/dashboards
Output,Output/figures/dashboards/D2_site_GA_003_slide_data.pdf,D2_site_GA_003_slide_data.pdf,.pdf,124003,2026-07-23T02:37:11.163224+00:00,b707cbd8e8f73f4079cee33749cf8c5319dd56deb969ef80d52ae7ccbffa7372,figures/dashboards
Output,Output/figures/dashboards/D2_site_GA_003_slide_data.png,D2_site_GA_003_slide_data.png,.png,681176,2026-07-23T02:37:10.947701+00:00,2b2fecd5cf58a787ba447c075bcf2451421fbb959605484c7d4f8cfebdd9e273,figures/dashboards
Output,Output/figures/dashboards/D2_site_GA_004_slide_data.pdf,D2_site_GA_004_slide_data.pdf,.pdf,122883,2026-07-23T02:37:14.241803+00:00,5e0c3abf399cd427fbf19ec431437ef64fd8cabcce397064895538e7ca48d465,figures/dashboards
Output,Output/figures/dashboards/D2_site_GA_004_slide_data.png,D2_site_GA_004_slide_data.png,.png,685526,2026-07-23T02:37:14.014946+00:00,4583c94ba26ec4afc21441be55d410c3990d1851dc3a186f2ec977dbf020f75f,figures/dashboards
Output,Output/figures/dashboards/D2_site_GA_005_slide_data.pdf,D2_site_GA_005_slide_data.pdf,.pdf,124483,2026-07-23T02:37:17.425094+00:00,6c00f9b9fe20fe973995f6ed8f25f7c45368facf1e80fa1188ee5ded8abee358,figures/dashboards
Output,Output/figures/dashboards/D2_site_GA_005_slide_data.png,D2_site_GA_005_slide_data.png,.png,677065,2026-07-23T02:37:17.204375+00:00,e19224982828bcb223797589b32161050abd6232333ef8ea092abb7c31cfe3c2,figures/dashboards
Output,Output/figures/dashboards/D2_site_GA_006_slide_data.pdf,D2_site_GA_006_slide_data.pdf,.pdf,123832,2026-07-23T02:37:20.405680+00:00,fad5de8ee10aab2f9c32cb3906d02ba3d083d07cdc741e9afbeaa3daf13f0799,figures/dashboards
Output,Output/figures/dashboards/D2_site_GA_006_slide_data.png,D2_site_GA_006_slide_data.png,.png,673672,2026-07-23T02:37:20.186409+00:00,36bcca0b8d558564e5049ff706dfd24eefd1cc401c45bf94eb0d65c3ebbef2bc,figures/dashboards
Output,Output/figures/dashboards/D2_site_GA_007_slide_data.pdf,D2_site_GA_007_slide_data.pdf,.pdf,123244,2026-07-23T02:37:23.412253+00:00,9daedc5bc60f0d4e77ff809849c9a12eba7a14467ea0891ac4b98eb687c764da,figures/dashboards
Output,Output/figures/dashboards/D2_site_GA_007_slide_data.png,D2_site_GA_007_slide_data.png,.png,669418,2026-07-23T02:37:23.190071+00:00,b2448b386124c0f3563744cde55b5d9d2491cc2c64e36114784b860ee0e9aecd,figures/dashboards
Output,Output/figures/dashboards/D2_site_GA_008_slide_data.pdf,D2_site_GA_008_slide_data.pdf,.pdf,114735,2026-07-23T02:37:26.020687+00:00,64ba2636e43d0059684a909d9d8bc75c8cac0d0586bdbb107559e3a6cc56b72f,figures/dashboards
Output,Output/figures/dashboards/D2_site_GA_008_slide_data.png,D2_site_GA_008_slide_data.png,.png,672883,2026-07-23T02:37:25.798730+00:00,b57e8f8a3cd861ea7e0639a8d5257d7a40aef1e99a563ab244772e8f8f5e3f32,figures/dashboards
Output,Output/figures/dashboards/D2_site_GA_009_slide_data.pdf,D2_site_GA_009_slide_data.pdf,.pdf,114802,2026-07-23T02:37:28.686649+00:00,7c689b7c4e65fc33a0d880ac1cebcf077f2d26206f288a6dab5afe73eb74f8d9,figures/dashboards
Output,Output/figures/dashboards/D2_site_GA_009_slide_data.png,D2_site_GA_009_slide_data.png,.png,663058,2026-07-23T02:37:28.453197+00:00,03eb38c3cf25c7c13ee122ae60fd00c1be2d5d08fed5e6cb8716e8117cc9fea6,figures/dashboards
Output,Output/figures/dashboards/D2_site_GA_010_slide_data.pdf,D2_site_GA_010_slide_data.pdf,.pdf,113664,2026-07-23T02:37:31.442010+00:00,128d6c03c364cb0b9d172d6e364104cde6e85371ee59d57e2db3149cf9f15f0a,figures/dashboards
Output,Output/figures/dashboards/D2_site_GA_010_slide_data.png,D2_site_GA_010_slide_data.png,.png,637452,2026-07-23T02:37:31.207413+00:00,f98214c0196e32c8c0bf4020c129c1521e45166c3d259e8a982042822a1fba33,figures/dashboards
Output,Output/figures/dashboards/D2_site_GA_013_slide_data.pdf,D2_site_GA_013_slide_data.pdf,.pdf,112657,2026-07-23T02:37:34.265480+00:00,6c29d962a217971415fea7e0277062c92ca742f6c6c79cdc9c8c2f4db3af51b2,figures/dashboards
Output,Output/figures/dashboards/D2_site_GA_013_slide_data.png,D2_site_GA_013_slide_data.png,.png,637700,2026-07-23T02:37:34.048259+00:00,5ba7bd5aa0d1535fb91d4b21087c69e15d4bb02003086edb28266b74bc6fc857,figures/dashboards
Output,Output/figures/dashboards/D2_site_GA_016_slide_data.pdf,D2_site_GA_016_slide_data.pdf,.pdf,120892,2026-07-23T02:37:37.472346+00:00,2626e52f99af3513c52b784361c9e8001db443cec1ace80780b6d0ed14d51977,figures/dashboards
Output,Output/figures/dashboards/D2_site_GA_016_slide_data.png,D2_site_GA_016_slide_data.png,.png,679951,2026-07-23T02:37:37.231006+00:00,476ce27e4a1ddca93af485006146e5ba97808fac1a8ce9ef5ab20b5fad861970,figures/dashboards
Output,Output/figures/dashboards/D2_site_GA_017_slide_data.pdf,D2_site_GA_017_slide_data.pdf,.pdf,117177,2026-07-23T02:37:40.498872+00:00,d32009cf69cf355f50707adac8843374c29f04ea60741ac4d082db3e7a7ab6c5,figures/dashboards
Output,Output/figures/dashboards/D2_site_GA_017_slide_data.png,D2_site_GA_017_slide_data.png,.png,678517,2026-07-23T02:37:40.233060+00:00,5f3d913caf766fdd59e070a1bb17cf5724e92bb88a96e6a3d15e5abed4a49de9,figures/dashboards
Output,Output/figures/dashboards/D2_site_GA_018_slide_data.pdf,D2_site_GA_018_slide_data.pdf,.pdf,117493,2026-07-23T02:37:43.187737+00:00,255c9e163be49b7b148a95ec9ce65823ca4ff828c27b3fa1799e198fa5ae5e99,figures/dashboards
Output,Output/figures/dashboards/D2_site_GA_018_slide_data.png,D2_site_GA_018_slide_data.png,.png,677951,2026-07-23T02:37:42.917894+00:00,1e6334c5ba983bbdbb6e19aee38fe0ec460c43e9aece06a1893186a02591a60c,figures/dashboards
Output,Output/figures/dashboards/D2_site_GA_019_slide_data.pdf,D2_site_GA_019_slide_data.pdf,.pdf,119024,2026-07-23T02:37:46.409723+00:00,917d11c77969440bd492e5434956c55616fb8674f8bf454088141801948d9b4d,figures/dashboards
Output,Output/figures/dashboards/D2_site_GA_019_slide_data.png,D2_site_GA_019_slide_data.png,.png,670319,2026-07-23T02:37:46.097129+00:00,8f6a2f615ff40850eacbe04ac5fcbaba31eb0f9d0fe169e8af53b9a943816359,figures/dashboards
Output,Output/figures/dashboards/D2_site_GA_020_slide_data.pdf,D2_site_GA_020_slide_data.pdf,.pdf,117651,2026-07-23T02:37:49.782401+00:00,1d3f2c12cda638ced5440dfb456f3d5ba113c6f6dfd7af62c818ab4357c831d3,figures/dashboards
Output,Output/figures/dashboards/D2_site_GA_020_slide_data.png,D2_site_GA_020_slide_data.png,.png,666746,2026-07-23T02:37:49.582860+00:00,5fc553d80a3da2cfdd6ad80720cbf2ee0e5f6ffe46fa60f1df929a97fd1ed9ac,figures/dashboards
Output,Output/figures/dashboards/D2_site_GA_022_slide_data.pdf,D2_site_GA_022_slide_data.pdf,.pdf,117249,2026-07-23T02:37:52.532770+00:00,2594359f258f35ed665d4901ab79be167a7066420956e71f0050659fc7846652,figures/dashboards
Output,Output/figures/dashboards/D2_site_GA_022_slide_data.png,D2_site_GA_022_slide_data.png,.png,679207,2026-07-23T02:37:52.332516+00:00,ce5759d6f8a02b8bb1dbbdf5a536b823b5efaaabd26bd460763ed1083aa08ded,figures/dashboards
Output,Output/figures/dashboards/D2_site_GA_024_slide_data.pdf,D2_site_GA_024_slide_data.pdf,.pdf,111457,2026-07-23T02:37:54.800069+00:00,9639f6eaeb762e8000e5ccdd55112ac9c2ef7a994597fcb17e5323e3cf32022d,figures/dashboards
Output,Output/figures/dashboards/D2_site_GA_024_slide_data.png,D2_site_GA_024_slide_data.png,.png,660584,2026-07-23T02:37:54.582196+00:00,4ff1c1f91ee10dc7c47daeaf9c010730c68bdb5cfb379dc8b45ab8a82e3f1b7b,figures/dashboards
Output,Output/figures/dashboards/D2_site_GA_025_slide_data.pdf,D2_site_GA_025_slide_data.pdf,.pdf,115837,2026-07-23T02:37:57.599257+00:00,d18512b394c79b7aca48220bcf947cf6abdd5b39a663f53b3b12c306f069dcc0,figures/dashboards
Output,Output/figures/dashboards/D2_site_GA_025_slide_data.png,D2_site_GA_025_slide_data.png,.png,673375,2026-07-23T02:37:57.382759+00:00,7f101f028e11348f7f02c27a9bece93e2c455fb42997e2463bc5f7d132b04ce0,figures/dashboards
Output,Output/figures/dashboards/D2_site_GA_026_slide_data.pdf,D2_site_GA_026_slide_data.pdf,.pdf,115616,2026-07-23T02:38:00.449439+00:00,89148245f8c2728bd8449dd9962a6d24a2473ffc544a6d5617751a7f3eea3422,figures/dashboards
Output,Output/figures/dashboards/D2_site_GA_026_slide_data.png,D2_site_GA_026_slide_data.png,.png,677156,2026-07-23T02:38:00.233090+00:00,ca4576b375aa07d5be96f53ca10409e6c30abc7c725acd5ef44929173213016e,figures/dashboards
Output,Output/figures/dashboards/D2_site_GA_027_slide_data.pdf,D2_site_GA_027_slide_data.pdf,.pdf,114203,2026-07-23T02:38:03.384492+00:00,33b6acce86a2af71215ab29f3d77ef58753998fb8f715bc343b8eb94d4096a76,figures/dashboards
Output,Output/figures/dashboards/D2_site_GA_027_slide_data.png,D2_site_GA_027_slide_data.png,.png,664302,2026-07-23T02:38:03.148944+00:00,d6a5cd984dfdda2d949b655419ebd5da05ff7fb30579380296c2258f403da7a5,figures/dashboards
Output,Output/figures/dashboards/D2_site_GA_028_slide_data.pdf,D2_site_GA_028_slide_data.pdf,.pdf,118234,2026-07-23T02:38:06.700120+00:00,d1a3935c3ab7044cb47305268275ac9296f22814543282d01380e2b5df70aa17,figures/dashboards
Output,Output/figures/dashboards/D2_site_GA_028_slide_data.png,D2_site_GA_028_slide_data.png,.png,702317,2026-07-23T02:38:06.467341+00:00,b7c1f3142a2361e79b993aa07f6a8cbcade23a6b6bcc4064b91ab2f9559da440,figures/dashboards
Output,Output/figures/dashboards/D2_site_GA_031_slide_data.pdf,D2_site_GA_031_slide_data.pdf,.pdf,114730,2026-07-23T02:38:09.083202+00:00,8f566c7de4ac95d57caac729eb31ab554ce0d2e16a06c4b716ca5b03f553e991,figures/dashboards
Output,Output/figures/dashboards/D2_site_GA_031_slide_data.png,D2_site_GA_031_slide_data.png,.png,650197,2026-07-23T02:38:08.799580+00:00,d781078f62ae93bd5a219be9cf9d1bf8a6b111106ff6417b0065b991f9350196,figures/dashboards
Output,Output/figures/dashboards/D2_site_GA_032_slide_data.pdf,D2_site_GA_032_slide_data.pdf,.pdf,115205,2026-07-23T02:38:11.482680+00:00,b7d99a43c462ba77912c15ebf0cb71b599519de521ca6cf8e22986025d185976,figures/dashboards
Output,Output/figures/dashboards/D2_site_GA_032_slide_data.png,D2_site_GA_032_slide_data.png,.png,655233,2026-07-23T02:38:11.249604+00:00,0f18c61274de84fd4cb297fbfd04e5d302dce2a8938aecc035904985a90b7957,figures/dashboards
Output,Output/figures/dashboards/D2_site_GA_033_slide_data.pdf,D2_site_GA_033_slide_data.pdf,.pdf,116782,2026-07-23T02:38:14.042829+00:00,957559199ad85bc4f2295621ab180a4639e4280f1295f17ca97004a9028cd022,figures/dashboards
Output,Output/figures/dashboards/D2_site_GA_033_slide_data.png,D2_site_GA_033_slide_data.png,.png,670625,2026-07-23T02:38:13.782811+00:00,ee5bb8376d7b7dab11941925f4ac58e0c53c15637054cd411c82ea9e94eb1df6,figures/dashboards
Output,Output/figures/dashboards/D2_site_GA_034_slide_data.pdf,D2_site_GA_034_slide_data.pdf,.pdf,111252,2026-07-23T02:38:17.164203+00:00,50f863dedda73cd007227d57f8462245fa67d19af57b3256179a84443b4e9cdb,figures/dashboards
Output,Output/figures/dashboards/D2_site_GA_034_slide_data.png,D2_site_GA_034_slide_data.png,.png,628739,2026-07-23T02:38:16.916231+00:00,24ec2c58d9ff5c135116723a1dab60d497849cfb5022288160cb6cf0ffcc25cc,figures/dashboards
Output,Output/figures/dashboards/D2_site_GA_035_slide_data.pdf,D2_site_GA_035_slide_data.pdf,.pdf,111642,2026-07-23T02:38:19.758914+00:00,89ec321a405ff04655d2429c653ce1be9ed4e351904e64f209bcb81ce7989f93,figures/dashboards
Output,Output/figures/dashboards/D2_site_GA_035_slide_data.png,D2_site_GA_035_slide_data.png,.png,632001,2026-07-23T02:38:19.516077+00:00,a4426e03666693ab95024bc7edfab1ba5c80625ef4c9d4ea04a1b205554c81e9,figures/dashboards
Output,Output/figures/dashboards/D2_site_GA_036_slide_data.pdf,D2_site_GA_036_slide_data.pdf,.pdf,116447,2026-07-23T02:38:22.383082+00:00,10c873e6f228453641e1be35ac6c86f03575c653ea3045e5366aa98698de6d77,figures/dashboards
Output,Output/figures/dashboards/D2_site_GA_036_slide_data.png,D2_site_GA_036_slide_data.png,.png,651873,2026-07-23T02:38:22.165956+00:00,a469bef9caba0dc61986a4253fb0010e5a8305bef9d46a930ebb2116d79c10c1,figures/dashboards
Output,Output/figures/dashboards/D2_site_GA_037_slide_data.pdf,D2_site_GA_037_slide_data.pdf,.pdf,118039,2026-07-23T02:38:24.616038+00:00,54a69bf125c0c9d349fc969916c3857ecd5584ae3f7f875c50955c2281a9a8cf,figures/dashboards
Output,Output/figures/dashboards/D2_site_GA_037_slide_data.png,D2_site_GA_037_slide_data.png,.png,669660,2026-07-23T02:38:24.382764+00:00,731d9d3c7e0e71fb956812bc164c8a86bee052ded75d90a3f60db35ddc8f6add,figures/dashboards
Output,Output/figures/dashboards/D2_site_GA_038_slide_data.pdf,D2_site_GA_038_slide_data.pdf,.pdf,115208,2026-07-23T02:38:26.882936+00:00,27554a77f960ed10ffdd5707b6ce119491ca1b7715ab30d210431437a2fcda05,figures/dashboards
Output,Output/figures/dashboards/D2_site_GA_038_slide_data.png,D2_site_GA_038_slide_data.png,.png,650862,2026-07-23T02:38:26.664651+00:00,d6f5c42a28f9a357240a809a049f90ddda562a114cf6a3a64f8544e8718b5be4,figures/dashboards
Output,Output/figures/dashboards/D2_site_GA_039_slide_data.pdf,D2_site_GA_039_slide_data.pdf,.pdf,115488,2026-07-23T02:38:29.331485+00:00,267939a34c6801b44987ebfc86db27a5fff8a63245fbd8bfc9bcc7f02d293b77,figures/dashboards
Output,Output/figures/dashboards/D2_site_GA_039_slide_data.png,D2_site_GA_039_slide_data.png,.png,665198,2026-07-23T02:38:29.092848+00:00,2d9dc5603cab31aa1120401e4fdde48219d07ccc7fe3f4c7986e07c3298609c0,figures/dashboards
Output,Output/figures/dashboards/D2_site_GA_040_slide_data.pdf,D2_site_GA_040_slide_data.pdf,.pdf,113247,2026-07-23T02:38:31.832987+00:00,5fbe5cd6fe3761acf03f9935ff71fdee172796f260c832eac22e253a6561f8ae,figures/dashboards
Output,Output/figures/dashboards/D2_site_GA_040_slide_data.png,D2_site_GA_040_slide_data.png,.png,656299,2026-07-23T02:38:31.599411+00:00,6e88652a30c73eb46b1af026c6c070dd0de12b366c444cd8aa6ec88ce00f45ab,figures/dashboards
Output,Output/figures/dashboards/D2_site_GA_041_slide_data.pdf,D2_site_GA_041_slide_data.pdf,.pdf,114041,2026-07-23T02:38:34.399649+00:00,665bb3d4d921c8231d8a4b2a4079877b1e0b7349b6614dbf7522294af636f98d,figures/dashboards
Output,Output/figures/dashboards/D2_site_GA_041_slide_data.png,D2_site_GA_041_slide_data.png,.png,674653,2026-07-23T02:38:34.166164+00:00,7481c6ca99fd568f008bfc461b4af2ed7dda5c964fe1d10268d13f261b7a409f,figures/dashboards
Output,Output/figures/dashboards/D2_site_GA_042_slide_data.pdf,D2_site_GA_042_slide_data.pdf,.pdf,115205,2026-07-23T02:38:36.833515+00:00,5fe0902c172bf29021dd9a3445f05d402e053c25f037984c624d87a0e9f5dae3,figures/dashboards
Output,Output/figures/dashboards/D2_site_GA_042_slide_data.png,D2_site_GA_042_slide_data.png,.png,666713,2026-07-23T02:38:36.566344+00:00,ebe14d671ebd5de325c1634d9ca338bd46b4264b551f4c548b1a19dd278a8534,figures/dashboards
Output,Output/figures/dashboards/D2_site_GA_043_slide_data.pdf,D2_site_GA_043_slide_data.pdf,.pdf,115217,2026-07-23T02:38:40.116560+00:00,cc08877f0b773946f0b7369ed7c3d1b5cdb6581cef0ecf20e02d0d1c1e4da776,figures/dashboards
Output,Output/figures/dashboards/D2_site_GA_043_slide_data.png,D2_site_GA_043_slide_data.png,.png,651814,2026-07-23T02:38:39.866392+00:00,78b145413e023c8eeeac62224537228fabed1fdd37052ce9307e1478627b7ffc,figures/dashboards
Output,Output/figures/dashboards/D2_site_GA_044_slide_data.pdf,D2_site_GA_044_slide_data.pdf,.pdf,117569,2026-07-23T02:38:42.899865+00:00,cc1f4446de8cf1bb66f9838d80970550459ae6afe83724ab89df5d42e7dfb71c,figures/dashboards
Output,Output/figures/dashboards/D2_site_GA_044_slide_data.png,D2_site_GA_044_slide_data.png,.png,665305,2026-07-23T02:38:42.683493+00:00,129760845d6671f1f335a1c5aed9f5024c38902736c63c8864a3d1a599fd62a1,figures/dashboards
Output,Output/figures/dashboards/D2_site_GA_045_slide_data.pdf,D2_site_GA_045_slide_data.pdf,.pdf,117448,2026-07-23T02:38:45.217048+00:00,a3c7fa596de6e0702f206cacbe1367edcf84e87e2887ddb6e091790b2e7ddc66,figures/dashboards
Output,Output/figures/dashboards/D2_site_GA_045_slide_data.png,D2_site_GA_045_slide_data.png,.png,668087,2026-07-23T02:38:45.005430+00:00,7a66f07926180e5db5d1eafea9515209721d02f79f7318f27720ebdbcd21a8af,figures/dashboards
Output,Output/figures/dashboards/D2_site_GA_046_slide_data.pdf,D2_site_GA_046_slide_data.pdf,.pdf,117237,2026-07-23T02:38:48.050399+00:00,2acad0f0112bf45af6a830df1299732d41cb12213e9edf376e25187f1ed63b66,figures/dashboards
Output,Output/figures/dashboards/D2_site_GA_046_slide_data.png,D2_site_GA_046_slide_data.png,.png,667159,2026-07-23T02:38:47.849779+00:00,cf5f62441b6584a2ac42f843e08d7cac69361deeec5ed25b14bc4e57f1f5fdea,figures/dashboards
Output,Output/figures/dashboards/D2_site_GA_047_slide_data.pdf,D2_site_GA_047_slide_data.pdf,.pdf,115633,2026-07-23T02:38:50.534867+00:00,9f48c871059ca444a04e9d1e47c034882069f86dcf9a7b7649c6baf4a86488c9,figures/dashboards
Output,Output/figures/dashboards/D2_site_GA_047_slide_data.png,D2_site_GA_047_slide_data.png,.png,664120,2026-07-23T02:38:50.299742+00:00,92b64da076f182ce1c0e4dfa81f909d84803c7c50745f0d3360300d63085f7b8,figures/dashboards
Output,Output/figures/dashboards/D2_site_GA_048_slide_data.pdf,D2_site_GA_048_slide_data.pdf,.pdf,116363,2026-07-23T02:38:52.950170+00:00,860493d98935c4fd0abebf302d95e9f59891c1fc4546825566cb9694c2ce378f,figures/dashboards
Output,Output/figures/dashboards/D2_site_GA_048_slide_data.png,D2_site_GA_048_slide_data.png,.png,693649,2026-07-23T02:38:52.716422+00:00,b2c2ec97b41d2c5931f346371056973950978f6e847deaffa34bfc5a1c39e314,figures/dashboards
Output,Output/figures/dashboards/D2_site_GA_049_slide_data.pdf,D2_site_GA_049_slide_data.pdf,.pdf,115911,2026-07-23T02:38:55.399891+00:00,e5caf601f289d5deca2f832559a44f5667ff7398ef1d1c0db7591c1fec0aa550,figures/dashboards
Output,Output/figures/dashboards/D2_site_GA_049_slide_data.png,D2_site_GA_049_slide_data.png,.png,694751,2026-07-23T02:38:55.166666+00:00,c544b2287366f751660c8cd7e6c32371c49120277bf94c300880903585951851,figures/dashboards
Output,Output/figures/dashboards/D2_site_GA_050_slide_data.pdf,D2_site_GA_050_slide_data.pdf,.pdf,116693,2026-07-23T02:38:57.991016+00:00,fbb314c54eb2d1f5a9d544b7557d51a006a919824535c480299522a9223ee3b7,figures/dashboards
Output,Output/figures/dashboards/D2_site_GA_050_slide_data.png,D2_site_GA_050_slide_data.png,.png,673831,2026-07-23T02:38:57.716694+00:00,1272b648200b6585776df79c50efeb7a8ca24579b3089f639dd8a4825a8ad9b3,figures/dashboards
Output,Output/figures/dashboards/D2_site_GA_051_slide_data.pdf,D2_site_GA_051_slide_data.pdf,.pdf,115957,2026-07-23T02:39:00.732829+00:00,de9aa50acbd285bc1491d470ccb87fb1eadbc8992c4e182a601418b8d6bf15af,figures/dashboards
Output,Output/figures/dashboards/D2_site_GA_051_slide_data.png,D2_site_GA_051_slide_data.png,.png,658721,2026-07-23T02:39:00.483243+00:00,e280ee0c25b003fd8d29d64fc87b313bec745c6e4e8b3e0d4f188d9644d90bb7,figures/dashboards
Output,Output/figures/dashboards/D2_site_GA_052_slide_data.pdf,D2_site_GA_052_slide_data.pdf,.pdf,119873,2026-07-23T02:39:03.466872+00:00,1099506a2398d65a9777261a902c2e50d01ee3c7a8468ed8134ed4f4d4c23b0a,figures/dashboards
Output,Output/figures/dashboards/D2_site_GA_052_slide_data.png,D2_site_GA_052_slide_data.png,.png,661542,2026-07-23T02:39:03.203319+00:00,1b91ac89dd221ce7be8b0a72a2a41687be1e88474b988af96bec3743fe2f7fbb,figures/dashboards
Output,Output/figures/dashboards/D2_site_GA_053_slide_data.pdf,D2_site_GA_053_slide_data.pdf,.pdf,121201,2026-07-23T02:39:06.435101+00:00,94f1ddba0859129c967aa1cfa2e85248b542bef434458f3327070e0d48ff9ddd,figures/dashboards
Output,Output/figures/dashboards/D2_site_GA_053_slide_data.png,D2_site_GA_053_slide_data.png,.png,683109,2026-07-23T02:39:06.200178+00:00,039dd103e8d81412dee6ae4602f0941eb2cd522045444586c84c707bc81c2f81,figures/dashboards
Output,Output/figures/dashboards/D2_site_GA_054_slide_data.pdf,D2_site_GA_054_slide_data.pdf,.pdf,119863,2026-07-23T02:39:08.883384+00:00,714addd05112b99d0af0e6c9db9b009107a89a1bbd29d8baeb4d013c9008be64,figures/dashboards
Output,Output/figures/dashboards/D2_site_GA_054_slide_data.png,D2_site_GA_054_slide_data.png,.png,667979,2026-07-23T02:39:08.667440+00:00,303ab9ff4fbcbfcc68910cd6b65ecb62166dab7ce983afc2a112d610ed126093,figures/dashboards
Output,Output/figures/dashboards/D2_site_GA_055_slide_data.pdf,D2_site_GA_055_slide_data.pdf,.pdf,114199,2026-07-23T02:39:11.566725+00:00,481c37eeb5f4dbac21f030d318b1ee101d10a4738c40a76a1ce4fcef6b082779,figures/dashboards
Output,Output/figures/dashboards/D2_site_GA_055_slide_data.png,D2_site_GA_055_slide_data.png,.png,670569,2026-07-23T02:39:11.350260+00:00,24202808c6bad7c6149a041d4a155811d8860cc1fb02fbf1854ce38b366b2ca9,figures/dashboards
Output,Output/figures/dashboards/D2_site_GA_056_slide_data.pdf,D2_site_GA_056_slide_data.pdf,.pdf,115430,2026-07-23T02:39:14.300208+00:00,eeb3464e28ce15a45fc53d4488c31be0ec23aeedcfa5b7af51374dd3b3b0778f,figures/dashboards
Output,Output/figures/dashboards/D2_site_GA_056_slide_data.png,D2_site_GA_056_slide_data.png,.png,657575,2026-07-23T02:39:14.084161+00:00,a5143ff7c229a1bccca61e2ac301c9e8c2952a32ad64cb9d93e28f5b0c133e6f,figures/dashboards
Output,Output/figures/dashboards/D2_site_GA_057_slide_data.pdf,D2_site_GA_057_slide_data.pdf,.pdf,123976,2026-07-23T02:39:17.985739+00:00,4c40652f7dd875ff2919af95ea59d6b6e297eb9f82306ddcb5baeebd3e6eb3f0,figures/dashboards
Output,Output/figures/dashboards/D2_site_GA_057_slide_data.png,D2_site_GA_057_slide_data.png,.png,692932,2026-07-23T02:39:17.750342+00:00,8aa0cc8d76db96ea640dbd6b8315e8e991bd54373bf481b50d24c0b9452bd742,figures/dashboards
Output,Output/figures/dashboards/D2_site_GA_058_slide_data.pdf,D2_site_GA_058_slide_data.pdf,.pdf,113523,2026-07-23T02:39:20.749335+00:00,8704e193dbb6fc5a8eb25a5e9cb1b42b1a1d4b7bb60e09a1934f64dfe539fd09,figures/dashboards
Output,Output/figures/dashboards/D2_site_GA_058_slide_data.png,D2_site_GA_058_slide_data.png,.png,637843,2026-07-23T02:39:20.501577+00:00,f3dd1b4e3ca1e13cf241e58be4429a7c6b5c7fc6af1bb75ac0095aa61d084c3c,figures/dashboards
Output,Output/figures/dashboards/D2_site_GA_059_slide_data.pdf,D2_site_GA_059_slide_data.pdf,.pdf,114764,2026-07-23T02:39:23.152896+00:00,785e9e3c156322f018d4199830c5237c989f9b9a9d7981fa8c2caccfa15a160d,figures/dashboards
Output,Output/figures/dashboards/D2_site_GA_059_slide_data.png,D2_site_GA_059_slide_data.png,.png,647711,2026-07-23T02:39:22.916809+00:00,a7799691ee7970f8a1d4a6869573081d6c62ec42a2768d45ce97ce06898580c9,figures/dashboards
Output,Output/figures/dashboards/D2_site_GA_060_slide_data.pdf,D2_site_GA_060_slide_data.pdf,.pdf,112381,2026-07-23T02:39:25.600378+00:00,8bc788aa9cb6457d46caf7c4e843fac35efb0c8b103047ea9c08572327f25846,figures/dashboards
Output,Output/figures/dashboards/D2_site_GA_060_slide_data.png,D2_site_GA_060_slide_data.png,.png,640508,2026-07-23T02:39:25.366819+00:00,b2e495b76af833c91556034d87db0e9febd0d4d39dfe6359625ca219db434dad,figures/dashboards
Output,Output/figures/dashboards/D2_site_GA_061_slide_data.pdf,D2_site_GA_061_slide_data.pdf,.pdf,113874,2026-07-23T02:39:28.050890+00:00,d2bad29912b86e87cc221ed2e3dca97fdb232b6a75efc0e858f81ccf80f40bee,figures/dashboards
Output,Output/figures/dashboards/D2_site_GA_061_slide_data.png,D2_site_GA_061_slide_data.png,.png,637067,2026-07-23T02:39:27.816903+00:00,d4f2f638da314f419bf9c3e6fb03d9bee06c300e3455687070b5baef853c4da7,figures/dashboards
Output,Output/figures/dashboards/D2_site_GA_062_slide_data.pdf,D2_site_GA_062_slide_data.pdf,.pdf,113752,2026-07-23T02:39:30.534038+00:00,a658703187a576871f6a068175c2727b474a3d41cbc66dccdb85ab82a96001b1,figures/dashboards
Output,Output/figures/dashboards/D2_site_GA_062_slide_data.png,D2_site_GA_062_slide_data.png,.png,651110,2026-07-23T02:39:30.333830+00:00,8cfc3a03326d8b1cf16fb51b03258ea1bfb943d760a88a072de04d0c31fddcac,figures/dashboards
Output,Output/figures/dashboards/D2_site_GA_063_slide_data.pdf,D2_site_GA_063_slide_data.pdf,.pdf,118077,2026-07-23T02:39:32.969291+00:00,a8621c4fcec5a00ec4a2b5632b77c754c2a4845adbc9762ccdc9f0c4cafcb2eb,figures/dashboards
Output,Output/figures/dashboards/D2_site_GA_063_slide_data.png,D2_site_GA_063_slide_data.png,.png,673094,2026-07-23T02:39:32.750184+00:00,e62a21ec1bb296f29c4b26155895a407a8934047472fc947a965e3bc8ae37d05,figures/dashboards
Output,Output/figures/dashboards/D2_site_GA_064_slide_data.pdf,D2_site_GA_064_slide_data.pdf,.pdf,114096,2026-07-23T02:39:35.183824+00:00,5b4a8f4ce72c7a7ef2e249ee4da2be4dc87bcaef95d1137d20df3d29222f5510,figures/dashboards
Output,Output/figures/dashboards/D2_site_GA_064_slide_data.png,D2_site_GA_064_slide_data.png,.png,652599,2026-07-23T02:39:34.950814+00:00,ab28e2047f157c82fc4d2cadd2fee50d8ae852e522fda9b1a7f92ca3c678b3bc,figures/dashboards
Output,Output/figures/dashboards/D2_site_GA_066_slide_data.pdf,D2_site_GA_066_slide_data.pdf,.pdf,124161,2026-07-23T02:39:38.267677+00:00,11cefdd79cf1916ec438abf14336e5f8a5234a7db616c393ecfbb9d499c14caa,figures/dashboards
Output,Output/figures/dashboards/D2_site_GA_066_slide_data.png,D2_site_GA_066_slide_data.png,.png,678032,2026-07-23T02:39:38.034300+00:00,5b3554b3d59a90ca27ac608b6d89cd783e76b14a3f3ff597e0fc3bb3288235f5,figures/dashboards
Output,Output/figures/dashboards/29c/D2_site_GA_008_slide_data.png,D2_site_GA_008_slide_data.png,.png,672883,2026-07-23T02:37:25.798730+00:00,b57e8f8a3cd861ea7e0639a8d5257d7a40aef1e99a563ab244772e8f8f5e3f32,figures/dashboards/29c
Output,Output/figures/dashboards/29c/D2_site_GA_009_slide_data.png,D2_site_GA_009_slide_data.png,.png,663058,2026-07-23T02:37:28.453197+00:00,03eb38c3cf25c7c13ee122ae60fd00c1be2d5d08fed5e6cb8716e8117cc9fea6,figures/dashboards/29c
Output,Output/figures/dashboards/29c/D2_site_GA_010_slide_data.png,D2_site_GA_010_slide_data.png,.png,637452,2026-07-23T02:37:31.207413+00:00,f98214c0196e32c8c0bf4020c129c1521e45166c3d259e8a982042822a1fba33,figures/dashboards/29c
Output,Output/figures/dashboards/29c/D2_site_GA_034_slide_data.png,D2_site_GA_034_slide_data.png,.png,628739,2026-07-23T02:38:16.916231+00:00,24ec2c58d9ff5c135116723a1dab60d497849cfb5022288160cb6cf0ffcc25cc,figures/dashboards/29c
Output,Output/figures/dashboards/29c/D2_site_GA_035_slide_data.png,D2_site_GA_035_slide_data.png,.png,632001,2026-07-23T02:38:19.516077+00:00,a4426e03666693ab95024bc7edfab1ba5c80625ef4c9d4ea04a1b205554c81e9,figures/dashboards/29c
Output,Output/figures/dashboards/29c/D2_site_GA_036_slide_data.png,D2_site_GA_036_slide_data.png,.png,651873,2026-07-23T02:38:22.165956+00:00,a469bef9caba0dc61986a4253fb0010e5a8305bef9d46a930ebb2116d79c10c1,figures/dashboards/29c
Output,Output/figures/dashboards/29c/D2_site_GA_043_slide_data.png,D2_site_GA_043_slide_data.png,.png,651814,2026-07-23T02:38:39.866392+00:00,78b145413e023c8eeeac62224537228fabed1fdd37052ce9307e1478627b7ffc,figures/dashboards/29c
Output,Output/figures/dashboards/29c/D2_site_GA_055_slide_data.png,D2_site_GA_055_slide_data.png,.png,670569,2026-07-23T02:39:11.350260+00:00,24202808c6bad7c6149a041d4a155811d8860cc1fb02fbf1854ce38b366b2ca9,figures/dashboards/29c
Output,Output/figures/dashboards/29c/D2_site_GA_056_slide_data.png,D2_site_GA_056_slide_data.png,.png,657575,2026-07-23T02:39:14.084161+00:00,a5143ff7c229a1bccca61e2ac301c9e8c2952a32ad64cb9d93e28f5b0c133e6f,figures/dashboards/29c
Output,Output/figures/dashboards/29c/D2_site_GA_058_slide_data.png,D2_site_GA_058_slide_data.png,.png,637843,2026-07-23T02:39:20.501577+00:00,f3dd1b4e3ca1e13cf241e58be4429a7c6b5c7fc6af1bb75ac0095aa61d084c3c,figures/dashboards/29c
Output,Output/figures/diagnostics/T1_A0_zone_layer_extent.png,T1_A0_zone_layer_extent.png,.png,125719,2026-07-26T06:01:07.905832+00:00,a0c764a04d4451606035bc6f84465ef9e041cb58ca57a66dae8800a7c38c33c9,figures/diagnostics
Output,Output/figures/diagnostics/T1_A_identity_margin.png,T1_A_identity_margin.png,.png,89679,2026-07-26T06:01:08.578197+00:00,6b599b043e361b399ccb5e0efd4335bf0f65939a198ce985345100d266e54463,figures/diagnostics
Output,Output/figures/diagnostics/T1_A_zone_map_named.png,T1_A_zone_map_named.png,.png,223378,2026-07-26T06:01:08.289114+00:00,a7bdeceb3e14c19aad9c85bf0428c4e1b173ba3fedeb1d18adbe6aa6dc8d1392,figures/diagnostics
Output,Output/figures/diagnostics/T1_B_area_source_vs_computed.png,T1_B_area_source_vs_computed.png,.png,72788,2026-07-26T06:01:08.697054+00:00,6367b223039bb624b93771378b6d566a888f21f44719f91ad4646d683c2a561e,figures/diagnostics
Output,Output/figures/diagnostics/T1_C_pixel_assignment_map.png,T1_C_pixel_assignment_map.png,.png,59066,2026-07-26T09:20:22.805764+00:00,f59ffbd5791a104c200a41a9ab0c5e9bcff8ef78579e208bc00a4fb0ada946a4,figures/diagnostics
Output,Output/figures/diagnostics/T1_C_reconciliation_bar.png,T1_C_reconciliation_bar.png,.png,41263,2026-07-26T09:20:23.055551+00:00,f8d5347ca7fc79590a5b071edee5b597ce3b2e45928960cce08a9010b813cc48,figures/diagnostics
Output,Output/figures/diagnostics/T1_D_matched_contrast.png,T1_D_matched_contrast.png,.png,65206,2026-07-26T23:55:27.150956+00:00,47d83c710ec9a9526d1d612a4da95b30e1314d0482e8bd92f2d474cb774b6ed8,figures/diagnostics
Output,Output/figures/diagnostics/T2_A_stack_alignment.png,T2_A_stack_alignment.png,.png,88650,2026-07-27T00:54:25.461788+00:00,5bc190f2bdeb7373957ba22193980d1649cbd1e772b9069bed3c81adc5189a2f,figures/diagnostics
Output,Output/figures/diagnostics/T2_B2_duration_map.png,T2_B2_duration_map.png,.png,158127,2026-07-27T06:43:11.184508+00:00,8362c9d69c4da5ffee90e8c30f2b70b39d0cef5ee3fe453da63189ae0f44b995,figures/diagnostics
Output,Output/figures/diagnostics/T2_E_paddock_trajectories.png,T2_E_paddock_trajectories.png,.png,341114,2026-07-27T06:43:10.020470+00:00,df595f9191fc9ea360a1f9a354b2e4433ef822f6d20bdd501c5e654b0d92bc68,figures/diagnostics
Output,Output/figures/diagnostics/T2_E_paddock_trajectories_mean.png,T2_E_paddock_trajectories_mean.png,.png,302145,2026-07-27T06:43:10.437419+00:00,4ea11f33241353487fdb2747f2b1ab75fe0ae3dc7acffd20379c05d6f4a0c6e7,figures/diagnostics
Output,Output/figures/diagnostics/T2_F_gap_decomposition.png,T2_F_gap_decomposition.png,.png,83031,2026-07-27T06:43:12.486916+00:00,3db25902e2fd690be4f17e4f81a813e6eb156949549a1e48ff04e845dcbf1717,figures/diagnostics
Output,Output/figures/diagnostics/T2_G_plot_paddock_coverage.png,T2_G_plot_paddock_coverage.png,.png,243721,2026-07-27T06:45:27.821867+00:00,b9fa880d4b97d0590067538285ca36a7bdf73af4b0e59194163c9194682dc781,figures/diagnostics
Output,Output/figures/diagnostics/T6_A_three_arm_deck.png,T6_A_three_arm_deck.png,.png,275233,2026-07-27T09:50:29.111015+00:00,9d128118f371a10260f507cd317931e5ab23fc56257d642841c590c780693309,figures/diagnostics
Output,Output/figures/diagnostics/T6_A_three_arm_grid.png,T6_A_three_arm_grid.png,.png,440145,2026-07-27T09:50:28.381769+00:00,c449ab448367f73edb4b146af45887198417adb60a8ab7bd7ae1d9f614e8e056,figures/diagnostics
Output,Output/figures/diagnostics/T6_B_three_arm_mean.png,T6_B_three_arm_mean.png,.png,370508,2026-07-27T09:50:28.837740+00:00,ba39835e79e3c16da1c5ca0457a2c20529b669a79931f9c299316b173ab6b8db,figures/diagnostics
Output,Output/figures/Land_use/Gayini_DEA_landcover_review.pptx,Gayini_DEA_landcover_review.pptx,.pptx,2145751,2026-07-29T04:53:27.506121+00:00,3407d62f09c68d87373e178a86cbb6b2e04e8fd7264c3c4baf2672cc97a798e8,figures/Land_use
Output,Output/figures/Land_use/heat_a.png,heat_a.png,.png,167245,2026-07-28T18:43:00+00:00,3799ba22f9304d43553da39d3eda8fbe2bfd4993a678f5f5e7001925b3b0404a,figures/Land_use
Output,Output/figures/Land_use/heat_b.png,heat_b.png,.png,167114,2026-07-28T18:43:00+00:00,b68d3ced937add14ad07b7cf50e4d49c89238816ed04ec0bd87aaa7e7357fd2f,figures/Land_use
Output,Output/figures/Land_use/map_a.png,map_a.png,.png,560870,2026-07-28T18:43:00+00:00,6e849f3fa733e4619d5278de136e7bc4028b12a00f452f4e341368e092e3eb47,figures/Land_use
Output,Output/figures/Land_use/map_b.png,map_b.png,.png,450973,2026-07-28T18:43:00+00:00,6a4a46e1d105d32eca9ccde0da44bddd6cf8bbbaef9d80895e345d50879d11b8,figures/Land_use
Output,Output/figures/Land_use/reference.png,reference.png,.png,241157,2026-07-28T18:43:00+00:00,648efb4429cbf97a0cd0c57d10390b016f10a24bf291cd20e3e8d55559f24734,figures/Land_use
Output,Output/figures/Land_use/sensor_era.png,sensor_era.png,.png,240867,2026-07-28T18:43:00+00:00,4b4b53cb0b8cfbd22a64c2e856d435b51c88347348119e60678f5756405d9a92,figures/Land_use
Output,Output/figures/Land_use/site_heat.png,site_heat.png,.png,164558,2026-07-28T18:43:00+00:00,ef473e9af568749373e2a737d02a610b764d021ff0f353f049694f6d041d9305,figures/Land_use
Output,Output/figures/Land_use/site_support.png,site_support.png,.png,102139,2026-07-28T18:43:00+00:00,4ff4ff4ec3f7277f8bbac3806b5a39093e14faa26edf6b4e01019c33e67885c4,figures/Land_use
Output,Output/figures/Land_use/T12_DEA_paddock_summary.csv,T12_DEA_paddock_summary.csv,.csv,4852,2026-07-28T18:43:00+00:00,a8a0c202f33c3a7f9d6e3fcf862230338ec88a9aa8395c0765ea26a16e85b3bd,figures/Land_use
Output,Output/figures/Land_use/T12_DEA_site_summary.csv,T12_DEA_site_summary.csv,.csv,5304,2026-07-28T18:43:00+00:00,dba46108f0c6f6b273ee424dae1c98bc5081c901c7f8e24d5ab340881b0c88de,figures/Land_use
Output,Output/figures/maps/context/gayini_location_context_map.png,gayini_location_context_map.png,.png,83155,2026-06-27T08:48:32+00:00,bf335cfaf467b8677e8a35250b3c1bafecf9e0b8444947c38d760f3a40382c86,figures/maps/context
Output,Output/figures/maps/context/gayini_location_context_map_wide.png,gayini_location_context_map_wide.png,.png,100687,2026-06-27T08:48:36+00:00,53464f35c308cb87a3fb7dc78e2810c00741dc44f86fb0e8d91e723f4a666fe8,figures/maps/context
Output,Output/figures/maps/context/gayini_vegetation_group_map.png,gayini_vegetation_group_map.png,.png,411667,2026-06-27T08:48:40+00:00,54e184e9abac4792c61c50158b74b817275bc1b1d9d2e48bc479a1c4f7deaf80,figures/maps/context
Output,Output/figures/maps/context/gayini_vegetation_group_map_with_plots.png,gayini_vegetation_group_map_with_plots.png,.png,439758,2026-06-27T08:48:44+00:00,be6c9074d7199c433769d6f7ae423fca81e5b9251c45badc23803cf8c14b120c,figures/maps/context
Output,Output/figures/maps/inundation/background_flood_pattern_pre2015.png,background_flood_pattern_pre2015.png,.png,121645,2026-06-25T01:03:26+00:00,e014c9e14cf28b5e197b156c7c25d91bc90c6d4e390c7843e776f3fa27424278,figures/maps/inundation
Output,Output/figures/maps/inundation/inundation_frequency_by_vegetation_group.png,inundation_frequency_by_vegetation_group.png,.png,84620,2026-06-25T01:03:32+00:00,8b24a59bf65f82e0255ff274ea6af2c40a120dd27791eee06a5f21ef761e67d7,figures/maps/inundation
Output,Output/figures/maps/inundation/inundation_post_minus_pre_change_main_deck.png,inundation_post_minus_pre_change_main_deck.png,.png,455556,2026-06-27T08:51:38+00:00,d29628345764b38bf040a3f7a9c786b820ae427d59a434afd17c92b9fbea769c,figures/maps/inundation
Output,Output/figures/maps/inundation/inundation_post_minus_pre_change_with_paddocks.png,inundation_post_minus_pre_change_with_paddocks.png,.png,647455,2026-06-27T08:52:08+00:00,fbe842fc76175f01327048b0f3ac96c81be34377eb4087fad345c6b9114e5528,figures/maps/inundation
Output,Output/figures/maps/inundation/inundation_pre_post_frequency_main_deck.png,inundation_pre_post_frequency_main_deck.png,.png,627138,2026-06-27T08:51:04+00:00,568f0041eca35ba3dabb193d1ba5ecf6ef2d9937351e35baf87625db2ba0375b,figures/maps/inundation
Output,Output/figures/maps/inundation/matched_year_inundation_comparison_main_deck.png,matched_year_inundation_comparison_main_deck.png,.png,447732,2026-06-27T08:52:20+00:00,ebacf0c96aa4dc372ab99655d72083b307731be5cd7366fef86ce7e5c7f47fca,figures/maps/inundation
Output,Output/figures/maps/inundation/matched_year_paired_summary_by_veg_group.png,matched_year_paired_summary_by_veg_group.png,.png,130080,2026-06-27T08:52:22+00:00,f40cc225c990eafb9fb103598a29f1b5116ff1d144c943585fb4240cce636215,figures/maps/inundation
Output,Output/figures/maps/inundation/plot_level_inundation_change_with_paddocks.png,plot_level_inundation_change_with_paddocks.png,.png,350359,2026-06-27T08:52:12+00:00,a80f0ee0f84f75783803ef1f35fb6e659b808c9f28c5169ce360a62cc96c7b40,figures/maps/inundation
Output,Output/figures/maps/inundation/background_rasters/background_pre2015_sensitivity_1989_2015_annual_occurrence_frequency_check.png,background_pre2015_sensitivity_1989_2015_annual_occurrence_frequency_check.png,.png,192177,2026-07-02T01:38:12+00:00,a29575036c9427093c208054b6c8a20e602c641ba3862836a291de6c3bf627d4,figures/maps/inundation/background_rasters
Output,Output/figures/maps/inundation/background_rasters/background_raster_by_vegetation_group.png,background_raster_by_vegetation_group.png,.png,83150,2026-07-02T01:38:34+00:00,8d094151c8f867519b480de8988a1926f4e814186de23141d9b4fe39792c6a8c,figures/maps/inundation/background_rasters
Output,Output/figures/maps/inundation/background_rasters/background_raster_plot_frequency_map.png,background_raster_plot_frequency_map.png,.png,87064,2026-07-02T01:38:34+00:00,1b5cd8a2f05d7b9ea22b2c1cdadcb41aabd3f3cba3689889f580080214aac083,figures/maps/inundation/background_rasters
Output,Output/figures/maps/inundation/background_rasters/background_strict_1989_2014_annual_occurrence_frequency_main_deck.png,background_strict_1989_2014_annual_occurrence_frequency_main_deck.png,.png,190052,2026-07-02T01:38:10+00:00,09f1f9a5a38fec3b13e56baaed68abdf4d2f153632c6eca7e37191b876f03af6,figures/maps/inundation/background_rasters
Output,Output/figures/maps/inundation/background_rasters/background_vs_current_post_frequency_comparison.png,background_vs_current_post_frequency_comparison.png,.png,277479,2026-07-02T01:38:24+00:00,a830cba7c35d6784d46b10bd55a9895419a2f34ad0292269bd09de6a6d9baf75,figures/maps/inundation/background_rasters
Output,Output/figures/maps/inundation/background_rasters/background_vs_current_pre_frequency_comparison.png,background_vs_current_pre_frequency_comparison.png,.png,247662,2026-07-02T01:38:18+00:00,ccff80f7b80e098f687a6ed52e8d494ddeab8532d19b62276b8118300afe3ec9,figures/maps/inundation/background_rasters
Output,Output/figures/maps/inundation/background_rasters/current_post_minus_background_strict_frequency_change.png,current_post_minus_background_strict_frequency_change.png,.png,246452,2026-07-02T01:38:26+00:00,9af48816cbed1815c9ead3d857b501f64eeb7184201c92997b5085e8077ff55b,figures/maps/inundation/background_rasters
Output,Output/figures/maps/inundation/background_rasters/current_pre_minus_background_strict_frequency_change.png,current_pre_minus_background_strict_frequency_change.png,.png,228221,2026-07-02T01:38:20+00:00,eb319c529fc2e20a341e3c3f0c322d6e746cde6041f430ef5b8edef2410372f3,figures/maps/inundation/background_rasters
Output,Output/figures/maps/inundation/background_rasters/historical_vs_recent_landsat_only_frequency_comparison.png,historical_vs_recent_landsat_only_frequency_comparison.png,.png,254011,2026-07-02T01:38:28+00:00,93a61c26776f65e4bd809ac09511babab481d0014a5c2ac03a7092826def0b77,figures/maps/inundation/background_rasters
Output,Output/figures/maps/inundation/background_rasters/recent_landsat_only_minus_background_strict_frequency_change.png,recent_landsat_only_minus_background_strict_frequency_change.png,.png,236503,2026-07-02T01:38:30+00:00,a1890d998b9e53e38d302aaee85dcb455748b235429cfd8d50b5902ef102f6ff,figures/maps/inundation/background_rasters
Output,Output/figures/maps/MER/mer_annual_max_observed_wet_example.png,mer_annual_max_observed_wet_example.png,.png,159075,2026-06-27T08:54:04+00:00,8c6d989922bddf61273982786cb1b2157f0e5d8b893687e439d07853a77ae6c2,figures/maps/MER
Output,Output/figures/maps/MER/mer_post_minus_pre_annual_max_change_main_deck.png,mer_post_minus_pre_annual_max_change_main_deck.png,.png,227471,2026-06-27T08:54:16+00:00,99abcc76ab3140c54f4446e48da015c666b9eef383a1ce6be4d448e5276b5257,figures/maps/MER
Output,Output/figures/maps/MER/mer_pre_post_annual_max_frequency_main_deck.png,mer_pre_post_annual_max_frequency_main_deck.png,.png,258552,2026-06-27T08:54:12+00:00,238b53b4735189ad73246f02833d37cb37b36842dc4792cf4d1d0cc8c6806980,figures/maps/MER
Output,Output/figures/maps/MER/mer_raster_vs_annual_occurrence_change_comparison.png,mer_raster_vs_annual_occurrence_change_comparison.png,.png,335334,2026-06-27T08:54:20+00:00,509f4b963b19e7d52ad8906b230c10d42bc52c6bd67e01fabde3cb2cd0c6a6aa,figures/maps/MER
Output,Output/figures/maps/modis_ground_cover/modis_bare_pct_2001_01.png,modis_bare_pct_2001_01.png,.png,36298,2026-06-18T02:16:34+00:00,b4f01bdc784a5715afa80dbdb3757353fa6d6df348a8718a486f1f8d2c544c52,figures/maps/modis_ground_cover
Output,Output/figures/maps/modis_ground_cover/modis_bare_pct_2010_01.png,modis_bare_pct_2010_01.png,.png,37739,2026-06-18T02:16:36+00:00,253afc0556bf8f3259b0d621b95ba4d4e2e5b585187e1015dcec287a57f17e8f,figures/maps/modis_ground_cover
Output,Output/figures/maps/modis_ground_cover/modis_bare_pct_2015_01.png,modis_bare_pct_2015_01.png,.png,37302,2026-06-18T02:16:40+00:00,49d21652fbc2e5a1569eec91020e957c9b0d053241ac703800b8e5d0c490bde8,figures/maps/modis_ground_cover
Output,Output/figures/maps/modis_ground_cover/modis_bare_pct_2019_07.png,modis_bare_pct_2019_07.png,.png,40217,2026-06-18T02:16:42+00:00,9edc3e143aad9f5f97d024f9d9240fd9a3c6a901e03ae609dd4b7e27b3c6b83e,figures/maps/modis_ground_cover
Output,Output/figures/maps/modis_ground_cover/modis_bare_pct_2022_01.png,modis_bare_pct_2022_01.png,.png,38029,2026-06-18T02:16:46+00:00,33c636ecca2f251a62cc9004d1528104bb51e4a02afe0da2d89483daec6ee046,figures/maps/modis_ground_cover
Output,Output/figures/maps/modis_ground_cover/modis_bare_pct_2026_02.png,modis_bare_pct_2026_02.png,.png,37769,2026-06-18T02:16:50+00:00,bdced2ca42c128d08ecc06d5aedce3357af8eae2a7a5695a3d36efde3b45e447,figures/maps/modis_ground_cover
Output,Output/figures/maps/modis_ground_cover/modis_npv_pct_2001_01.png,modis_npv_pct_2001_01.png,.png,38187,2026-06-18T02:16:34+00:00,aec1e56fb50282c0bc90ae17d5a3bd0ff4862d51afc131aa5ad194fc7b3a0b93,figures/maps/modis_ground_cover
Output,Output/figures/maps/modis_ground_cover/modis_npv_pct_2010_01.png,modis_npv_pct_2010_01.png,.png,38302,2026-06-18T02:16:38+00:00,1953d7c1c5461f417c524197457dbc619978ce9fad08a5bf2b6a322a182bf57f,figures/maps/modis_ground_cover
Output,Output/figures/maps/modis_ground_cover/modis_npv_pct_2015_01.png,modis_npv_pct_2015_01.png,.png,38610,2026-06-18T02:16:40+00:00,a0d1f9485c8dde5442be163eb8c227f8fbe4a504d586f300bdde22079f4e2c88,figures/maps/modis_ground_cover
Output,Output/figures/maps/modis_ground_cover/modis_npv_pct_2019_07.png,modis_npv_pct_2019_07.png,.png,37430,2026-06-18T02:16:44+00:00,58f4642db8d07ecdc76eb5c36aabeccbc19de1f1c05aa9fb4a2651225651ebd9,figures/maps/modis_ground_cover
Output,Output/figures/maps/modis_ground_cover/modis_npv_pct_2022_01.png,modis_npv_pct_2022_01.png,.png,39643,2026-06-18T02:16:46+00:00,e41bea12b42185a7486af8fe228c856a4641a2b1eb83fafe8435d6a43ca37f93,figures/maps/modis_ground_cover
Output,Output/figures/maps/modis_ground_cover/modis_npv_pct_2026_02.png,modis_npv_pct_2026_02.png,.png,38169,2026-06-18T02:16:50+00:00,a1f3cc572ef0ccb20cbb66394092d20005770b27156060361b2f403a9f250457,figures/maps/modis_ground_cover
Output,Output/figures/maps/modis_ground_cover/modis_post_mean_bare_pct.png,modis_post_mean_bare_pct.png,.png,40097,2026-06-18T02:17:56+00:00,a4406738431aaa7b1c3312d7088129d94c36202c5d0ea65ae5bf872a7e87a6ca,figures/maps/modis_ground_cover
Output,Output/figures/maps/modis_ground_cover/modis_post_mean_bare_pct_refined.png,modis_post_mean_bare_pct_refined.png,.png,59728,2026-06-18T07:33:32+00:00,ef5ecdea8b558457e9cb33e77fedca0eca8126e6d6e908bb9872c264e5afedb3,figures/maps/modis_ground_cover
Output,Output/figures/maps/modis_ground_cover/modis_post_mean_total_veg_pct.png,modis_post_mean_total_veg_pct.png,.png,43569,2026-06-18T02:17:56+00:00,7ee51793b65862b6f277fcc2c9db2caaad50c295695de9167de928651dcbc464,figures/maps/modis_ground_cover
Output,Output/figures/maps/modis_ground_cover/modis_post_mean_total_veg_pct_refined.png,modis_post_mean_total_veg_pct_refined.png,.png,60142,2026-06-18T07:33:32+00:00,e251810fbde6ed1a4d6377a5f866519d68df3498dd675221514e006b66757b2f,figures/maps/modis_ground_cover
Output,Output/figures/maps/modis_ground_cover/modis_post_minus_pre_bare_pct_points.png,modis_post_minus_pre_bare_pct_points.png,.png,45931,2026-06-18T02:17:56+00:00,6450f1427d2d77ddf21c4096299d78fbff7256ab23fd4e010d511e414979faa5,figures/maps/modis_ground_cover
Output,Output/figures/maps/modis_ground_cover/modis_post_minus_pre_bare_pct_points_refined.png,modis_post_minus_pre_bare_pct_points_refined.png,.png,66933,2026-06-18T07:33:32+00:00,d02c454508507e4291dcd93908f15e37445ac53211499efd8c85111a80b00061,figures/maps/modis_ground_cover
Output,Output/figures/maps/modis_ground_cover/modis_post_minus_pre_total_veg_pct_points.png,modis_post_minus_pre_total_veg_pct_points.png,.png,43545,2026-06-18T02:17:56+00:00,ce1eda3063fe80083bcd90a7fb419ab05ed5b0b775c5f18b2a58fca07882896f,figures/maps/modis_ground_cover
Output,Output/figures/maps/modis_ground_cover/modis_post_minus_pre_total_veg_pct_points_refined.png,modis_post_minus_pre_total_veg_pct_points_refined.png,.png,67542,2026-06-18T07:33:32+00:00,bada5a444db25b5660cc3399f53a6bee8212cc3b23cb5497b3ae39b9529bace7,figures/maps/modis_ground_cover
Output,Output/figures/maps/modis_ground_cover/modis_pre_mean_bare_pct.png,modis_pre_mean_bare_pct.png,.png,37534,2026-06-18T02:17:56+00:00,d252f343deecefb2931fbf41787eefe73a7ade87c9eb2c5bdb8e53aea96d07e3,figures/maps/modis_ground_cover
Output,Output/figures/maps/modis_ground_cover/modis_pre_mean_bare_pct_refined.png,modis_pre_mean_bare_pct_refined.png,.png,60239,2026-06-18T07:33:32+00:00,773a74910315aa5db62c519b293a01522d4c749ebdd8311124667a9d7d11f2d6,figures/maps/modis_ground_cover
Output,Output/figures/maps/modis_ground_cover/modis_pre_mean_total_veg_pct.png,modis_pre_mean_total_veg_pct.png,.png,41214,2026-06-18T02:17:56+00:00,0ed43a16f014e0841391d6b45fac5d1cba2a8b55d73d5703c74fedcff6f94070,figures/maps/modis_ground_cover
Output,Output/figures/maps/modis_ground_cover/modis_pre_mean_total_veg_pct_refined.png,modis_pre_mean_total_veg_pct_refined.png,.png,60263,2026-06-18T07:33:32+00:00,b33a7200e976ed84c0fcff5d95ac1d6559e38552ec591cd3d19387bb143700e7,figures/maps/modis_ground_cover
Output,Output/figures/maps/modis_ground_cover/modis_pv_pct_2001_01.png,modis_pv_pct_2001_01.png,.png,41554,2026-06-18T02:16:34+00:00,5e7ab5fed58a4d7afb7d9158c354236b3ca3bc316caea94ca03bc3c44cb7de68,figures/maps/modis_ground_cover
Output,Output/figures/maps/modis_ground_cover/modis_pv_pct_2010_01.png,modis_pv_pct_2010_01.png,.png,44203,2026-06-18T02:16:36+00:00,07432491a9d390c76765a39ef020dbc244a85a1456f8388dbe75a134f0a7c760,figures/maps/modis_ground_cover
Output,Output/figures/maps/modis_ground_cover/modis_pv_pct_2015_01.png,modis_pv_pct_2015_01.png,.png,43931,2026-06-18T02:16:40+00:00,7e458469b025137a1bce467a3ae49c24373673f044217adcf52d76fc34cc3d5a,figures/maps/modis_ground_cover
Output,Output/figures/maps/modis_ground_cover/modis_pv_pct_2019_07.png,modis_pv_pct_2019_07.png,.png,36597,2026-06-18T02:16:42+00:00,7fbd0162a86d2ec6195d254f6347a665aed191ae3f88955bb23638b5342c9008,figures/maps/modis_ground_cover
Output,Output/figures/maps/modis_ground_cover/modis_pv_pct_2022_01.png,modis_pv_pct_2022_01.png,.png,40221,2026-06-18T02:16:46+00:00,eead46a0f8ff36aa26bbe533b5e3716ee56716e3fbcbb28b2c94d6bd6abe902c,figures/maps/modis_ground_cover
Output,Output/figures/maps/modis_ground_cover/modis_pv_pct_2026_02.png,modis_pv_pct_2026_02.png,.png,43295,2026-06-18T02:16:50+00:00,d4c4723e85230fcdd607487409ab0d10a421164d4b19144dcb96c32df3bf7251,figures/maps/modis_ground_cover
Output,Output/figures/maps/modis_ground_cover/modis_rgb_2001_01.png,modis_rgb_2001_01.png,.png,1159939,2026-06-18T02:16:34+00:00,8f47959f461b9daabf0c614e84a9f36b380fb548e9ab7e53b84983dabb384510,figures/maps/modis_ground_cover
Output,Output/figures/maps/modis_ground_cover/modis_rgb_2010_01.png,modis_rgb_2010_01.png,.png,1230571,2026-06-18T02:16:36+00:00,8346756a799e89400da07c005282c9a27716139e46436a4b428226b4da6a7607,figures/maps/modis_ground_cover
Output,Output/figures/maps/modis_ground_cover/modis_rgb_2015_01.png,modis_rgb_2015_01.png,.png,1207766,2026-06-18T02:16:40+00:00,d529a51ad2095ca1bcb1157cf386bd63a3555f8d2817b8199129cb39b0f0e64f,figures/maps/modis_ground_cover
Output,Output/figures/maps/modis_ground_cover/modis_rgb_2019_07.png,modis_rgb_2019_07.png,.png,1306499,2026-06-18T02:16:42+00:00,b128dd0828e2f3c0e763696d69c0417127bbe8bbc42149a33fa803f08ed735a2,figures/maps/modis_ground_cover
Output,Output/figures/maps/modis_ground_cover/modis_rgb_2022_01.png,modis_rgb_2022_01.png,.png,1254660,2026-06-18T02:16:46+00:00,dd30df0d38fee300df2fdf8fee6cab702c3d3dfda5c454626a1552e77aa436b4,figures/maps/modis_ground_cover
Output,Output/figures/maps/modis_ground_cover/modis_rgb_2026_02.png,modis_rgb_2026_02.png,.png,1317186,2026-06-18T02:16:48+00:00,d072fdb47730dfdf3f6d69f21cef097023bf6c73cab5a4b9b0b90a572d589d7c,figures/maps/modis_ground_cover
Output,Output/figures/maps/modis_ground_cover/modis_rgb_representative_dry_month.png,modis_rgb_representative_dry_month.png,.png,1282888,2026-06-18T07:33:28+00:00,1274d3652fb7a8e7dc33f1c222d289df9637b4fe690914156528ddfc0dbf3d9b,figures/maps/modis_ground_cover
Output,Output/figures/maps/modis_ground_cover/modis_rgb_representative_wet_month.png,modis_rgb_representative_wet_month.png,.png,1462778,2026-06-18T07:33:30+00:00,9db733b98764059d553dbebe5491f09f0eac70a915714075e2e2c90b11f0fb93,figures/maps/modis_ground_cover
Output,Output/figures/maps/modis_ground_cover/modis_scale_context_map.png,modis_scale_context_map.png,.png,626286,2026-06-18T02:16:32+00:00,3595ffe3cd6a3c214ee346366572416c97a31542537b6b411b46bc70394c2b50,figures/maps/modis_ground_cover
Output,Output/figures/maps/modis_ground_cover/modis_scale_context_map_refined.png,modis_scale_context_map_refined.png,.png,598270,2026-06-18T07:33:26+00:00,8c09f1a91266ea66598f11237b1770d8bcbe975613a36aca80db51681ef13bd3,figures/maps/modis_ground_cover
Output,Output/figures/maps/modis_ground_cover/modis_total_veg_pct_2001_01.png,modis_total_veg_pct_2001_01.png,.png,37219,2026-06-18T02:16:34+00:00,d0571c1f723227c30d0ef893992051146083ba4c362ec0e212cb09f5538fc835,figures/maps/modis_ground_cover
Output,Output/figures/maps/modis_ground_cover/modis_total_veg_pct_2010_01.png,modis_total_veg_pct_2010_01.png,.png,37992,2026-06-18T02:16:38+00:00,af7f0e57ffd8fe23ede498866a39bf310f5b67905e7b21b14354af1446ab4686,figures/maps/modis_ground_cover
Output,Output/figures/maps/modis_ground_cover/modis_total_veg_pct_2015_01.png,modis_total_veg_pct_2015_01.png,.png,37547,2026-06-18T02:16:40+00:00,6e4358a9d1976e691239dcbe4a3be9d32ebb4f1c04b0154f64270e0b0cf23629,figures/maps/modis_ground_cover
Output,Output/figures/maps/modis_ground_cover/modis_total_veg_pct_2019_07.png,modis_total_veg_pct_2019_07.png,.png,41112,2026-06-18T02:16:44+00:00,23955750b4434864a33e95496a09e3beb78f902589ef8d92a6a774766d645755,figures/maps/modis_ground_cover
Output,Output/figures/maps/modis_ground_cover/modis_total_veg_pct_2022_01.png,modis_total_veg_pct_2022_01.png,.png,38693,2026-06-18T02:16:46+00:00,b58651c938f4fe654fdf7220cf7660af4aca77f5dbb1163eaa9a3482828a6c36,figures/maps/modis_ground_cover
Output,Output/figures/maps/modis_ground_cover/modis_total_veg_pct_2026_02.png,modis_total_veg_pct_2026_02.png,.png,37930,2026-06-18T02:16:50+00:00,71e9942380bd537cec22f0d0e0c764afde3bb12c204b2ad7dee4bcd9c862708f,figures/maps/modis_ground_cover
Output,Output/figures/maps/task_J/J-F1_2018_difference_map.png,J-F1_2018_difference_map.png,.png,808403,2026-07-18T07:21:08+00:00,bc793d149e4c55fdbfa90c6c0a5506c56999cbcd793ac5255a413f6bb2a12301,figures/maps/task_J
Output,Output/figures/maps/task_J/J-F2_placebo_ladder_six_panel.png,J-F2_placebo_ladder_six_panel.png,.png,2122566,2026-07-18T07:21:38+00:00,23f2d46ab5782920ab46dbd0be9fd1cdd3dba714345cfb6f85aae8326f9fff8d,figures/maps/task_J
Output,Output/figures/plots/ground_cover/gc_total_veg_with_gauge_context_main_deck.png,gc_total_veg_with_gauge_context_main_deck.png,.png,423686,2026-06-27T08:52:24+00:00,7091419bd65ce58f2321faf5718751fd5553e507f04ad9614a1b184a56bf68e1,figures/plots/ground_cover
Output,Output/figures/plots/ground_cover/inundation_change_vs_total_veg_by_vegetation_group.png,inundation_change_vs_total_veg_by_vegetation_group.png,.png,156818,2026-06-27T08:52:28+00:00,68029ba3d9a544c4456a0c2ca4f59e2e78d04487f55d597d7c81c075de8531fb,figures/plots/ground_cover
Output,Output/figures/plots/ground_cover/inundation_change_vs_total_veg_by_wetness_group.png,inundation_change_vs_total_veg_by_wetness_group.png,.png,148205,2026-06-27T08:52:26+00:00,55b9ae28f37c5553eae2ff40bf321455fe5998d3d15de16c1c697b1a88aa7d5e,figures/plots/ground_cover
Output,Output/figures/plots/ground_cover/lag_timing_zoom_2013_current_main_deck.png,lag_timing_zoom_2013_current_main_deck.png,.png,230939,2026-06-27T08:52:30+00:00,cde00531864fff0220633c519f3bb0bfbde90d113ace834ffec9ccaa2f924127,figures/plots/ground_cover
Output,Output/figures/plots/ground_cover/selected_plot_total_veg_inundation_gauge_examples.png,selected_plot_total_veg_inundation_gauge_examples.png,.png,460289,2026-06-25T00:16:02+00:00,e2454eff6313fe4c0b9950a01cc3f146c23246886ae8a4661411622959e53c3b,figures/plots/ground_cover
Output,Output/figures/plots/hydrology/gauge_context_monthly_flow_primary_gauges.png,gauge_context_monthly_flow_primary_gauges.png,.png,332360,2026-06-23T01:32:26+00:00,89083dbf4567b60c193f08d6ff4365299cb3b3be6f1f89c5e63a63403130ea04,figures/plots/hydrology
Output,Output/figures/plots/hydrology/gauge_context_water_year_flow_primary_gauges.png,gauge_context_water_year_flow_primary_gauges.png,.png,251195,2026-06-23T01:32:28+00:00,7287238ae00343a2c876e495f232db829e9e42c2cf000a37763922fe98c05b02,figures/plots/hydrology
Output,Output/figures/plots/hydrology/gauge_flow_vs_annual_inundation_frequency.png,gauge_flow_vs_annual_inundation_frequency.png,.png,131851,2026-06-23T01:32:32+00:00,0227e25447e13ad642b30db32e94e2c400ead98eda93d1cb542dd5fe6c88d418,figures/plots/hydrology
Output,Output/figures/plots/hydrology/gauge_flow_vs_total_vegetation_examples.png,gauge_flow_vs_total_vegetation_examples.png,.png,138821,2026-06-23T01:32:34+00:00,46ed9440fe7f63793f980e387575e3e0f811d4a0f28c86075e581e501e36d32c,figures/plots/hydrology
Output,Output/figures/plots/hydrology/gauge_missingness_context.png,gauge_missingness_context.png,.png,200463,2026-06-23T01:32:36+00:00,764527e766a03899b4bead38fadfeabb90d9fd2183efd38b9ad06e5d80fb6e65,figures/plots/hydrology
Output,Output/figures/plots/hydrology/kingsford_style_flow_ratios_for_review.png,kingsford_style_flow_ratios_for_review.png,.png,207433,2026-06-23T01:32:36+00:00,52a95657b5ca9a158b2ec2142a5489ca1fa64e35b39d18764d148b52d1ac4b18,figures/plots/hydrology
Output,Output/figures/plots/MER/mer_annual_max_heatmap_appendix.png,mer_annual_max_heatmap_appendix.png,.png,101838,2026-06-27T08:49:38+00:00,55f776f8175e5a18ba0ef7d5a255be217fc52307222601e0f0765aa8b0c6531a,figures/plots/MER
Output,Output/figures/plots/MER/mer_observation_support_by_water_year.png,mer_observation_support_by_water_year.png,.png,104940,2026-06-27T08:54:22+00:00,4abfc048e41229d5bcc5129f3d3b9842cf7732c530de9a2e7db1a36ccc392dc9,figures/plots/MER
Output,Output/figures/plots/MER/mer_observation_support_sensor_note_appendix.png,mer_observation_support_sensor_note_appendix.png,.png,99117,2026-06-27T08:49:38+00:00,ff6f804db038c805cd6a47ae745e40964d2b13daad8b7cc3d96709d15d80fe3b,figures/plots/MER
Output,Output/figures/plots/MER/mer_post_minus_pre_by_vegetation_group.png,mer_post_minus_pre_by_vegetation_group.png,.png,71560,2026-06-27T08:54:26+00:00,65504f41cca4b859c0cccbd885b88894f7b8ab0d1dbe20df38ed9b57b8a3f443,figures/plots/MER
Output,Output/figures/plots/MER/mer_vs_annual_occurrence_plot_agreement.png,mer_vs_annual_occurrence_plot_agreement.png,.png,66555,2026-06-27T08:54:24+00:00,1127d5f5524eb676277b5fbf41eb0d137e27ef19eaff5253628bf6bfbf39f262,figures/plots/MER
Output,Output/figures/plots/MODIS_ground_cover/modis_farm_minus_buffer_bare_anomaly.png,modis_farm_minus_buffer_bare_anomaly.png,.png,390980,2026-06-18T07:33:38+00:00,8e98882b7d22fd655fad62ca415a577169275fdc703f46f12a24fd6efff81851,figures/plots/MODIS_ground_cover
Output,Output/figures/plots/MODIS_ground_cover/modis_farm_minus_buffer_total_veg_anomaly.png,modis_farm_minus_buffer_total_veg_anomaly.png,.png,399027,2026-06-18T07:33:36+00:00,a28347cf4545569e0d587d335c33b35aaff56176a53dd0d28ab9bcfaefcbe252,figures/plots/MODIS_ground_cover
Output,Output/figures/plots/MODIS_ground_cover/modis_farm_vs_buffer_bare_ground_timeseries.png,modis_farm_vs_buffer_bare_ground_timeseries.png,.png,511359,2026-06-18T02:18:02+00:00,2b22d41677e78a6a55ec6895ea3382cccb3d4b513b1c2a62429cc49267dfb0b9,figures/plots/MODIS_ground_cover
Output,Output/figures/plots/MODIS_ground_cover/modis_farm_vs_buffer_total_veg_timeseries.png,modis_farm_vs_buffer_total_veg_timeseries.png,.png,500485,2026-06-18T02:18:00+00:00,c4226da58216fde4fc0602245fc1d745b48634758169ae839519dad2c88f01bd,figures/plots/MODIS_ground_cover
Output,Output/figures/plots/MODIS_ground_cover/modis_management_zone_support.png,modis_management_zone_support.png,.png,470497,2026-06-18T02:18:06+00:00,d821820ca88373ffa6283ec02f82f30f5c9329ef82052a9541aa024082286a17,figures/plots/MODIS_ground_cover
Output,Output/figures/plots/MODIS_ground_cover/modis_management_zone_support_simplified.png,modis_management_zone_support_simplified.png,.png,177550,2026-06-18T07:33:38+00:00,0d108dbe7b8b2c0bc79dee6474b707afd88504e71d686d6d078e96502c098619,figures/plots/MODIS_ground_cover
Output,Output/figures/plots/MODIS_ground_cover/modis_period_summary_prepost.png,modis_period_summary_prepost.png,.png,83655,2026-06-18T02:18:08+00:00,fa5e6a10e84f7fe693e28184654cb872b3c430ec8d3107ccaa346f4ae251c89f,figures/plots/MODIS_ground_cover
Output,Output/figures/plots/MODIS_ground_cover/modis_selected_management_zone_timeseries.png,modis_selected_management_zone_timeseries.png,.png,950699,2026-06-18T02:18:06+00:00,d8685471f0376b9844704bd5c43b70e94c88b03074832f731b69b84d3932732f,figures/plots/MODIS_ground_cover
Output,Output/figures/plots/MODIS_ground_cover/modis_selected_management_zone_timeseries_refined.png,modis_selected_management_zone_timeseries_refined.png,.png,1057990,2026-06-18T07:33:40+00:00,b16cd95c766eacb4baf53d4235da05b9ad5a3ad35d5071662c5e290e2b2403e0,figures/plots/MODIS_ground_cover
Output,Output/figures/plots/MODIS_ground_cover/modis_water_year_bare_ground_summary.png,modis_water_year_bare_ground_summary.png,.png,213767,2026-06-18T02:18:04+00:00,366b5add0cff52ecc0271df0221d883eb5946174320449ac5ead798b2e5e8a2d,figures/plots/MODIS_ground_cover
Output,Output/figures/plots/MODIS_ground_cover/modis_water_year_total_veg_summary.png,modis_water_year_total_veg_summary.png,.png,217248,2026-06-18T02:18:02+00:00,16229816ad86bbc59517673f4657c068a0ebb2386da3c458b739e36dd0c93dbe,figures/plots/MODIS_ground_cover
Output,Output/figures/plots/MODIS_ground_cover/modis_whole_farm_monthly_anomaly_refined.png,modis_whole_farm_monthly_anomaly_refined.png,.png,438807,2026-06-18T07:33:36+00:00,02a05db15361854d5d605abdc01b6671899c576df4ebe9dbfa173927f3f8a8f1,figures/plots/MODIS_ground_cover
Output,Output/figures/plots/MODIS_ground_cover/modis_whole_farm_monthly_timeseries.png,modis_whole_farm_monthly_timeseries.png,.png,619671,2026-06-18T02:17:58+00:00,40d8147c6862a706e1afed9dd9a700d622b800dda616f48c016dfecc9103ddec,figures/plots/MODIS_ground_cover
Output,Output/figures/plots/MODIS_ground_cover/modis_whole_farm_total_veg_bare_water_year_refined.png,modis_whole_farm_total_veg_bare_water_year_refined.png,.png,196479,2026-06-18T07:33:34+00:00,5075804096e4c4b0c18c9c7c53dcd03c6d45ab971aadd6f9aa82597b7bf5d379,figures/plots/MODIS_ground_cover
Output,Output/figures/plots/RS_coverage/04c_fractional_cover_full_missingness_by_raster.png,04c_fractional_cover_full_missingness_by_raster.png,.png,80564,2026-06-11T08:29:34+00:00,d8d03441d367125490156f92151f59a8996001f12901463c079bd3dbbf62d7a3,figures/plots/RS_coverage
Output,Output/figures/plots/RS_coverage/04c_fractional_cover_full_missingness_heatmap.png,04c_fractional_cover_full_missingness_heatmap.png,.png,364382,2026-06-11T08:29:42+00:00,fd0f4d43a0660dfc354da25fcea70949d5bcb37115a8061db8bb941d52c411bd,figures/plots/RS_coverage
Output,Output/figures/plots/RS_coverage/04c_fractional_cover_full_valid_coverage_by_plot.png,04c_fractional_cover_full_valid_coverage_by_plot.png,.png,310855,2026-06-11T08:29:32+00:00,609a9ca1247c4c1d2865526a13a31668a79256b843212b89bdcf86084cada712,figures/plots/RS_coverage
Output,Output/figures/plots/RS_coverage/05c_landsat_inundation_full_count_area_by_treatment.png,05c_landsat_inundation_full_count_area_by_treatment.png,.png,516253,2026-06-10T03:07:24+00:00,e2ea88d4abc893e21e5d20c361d207646483524309316c36c87f2ed71e6d916e,figures/plots/RS_coverage
Output,Output/figures/plots/RS_coverage/05c_landsat_inundation_full_inundated_any_heatmap.png,05c_landsat_inundation_full_inundated_any_heatmap.png,.png,217187,2026-06-10T03:07:20+00:00,d6c60403042934115b2568f3107c3ac614bb22c4d3c18735414766732c838745,figures/plots/RS_coverage
Output,Output/figures/plots/RS_coverage/05c_landsat_inundation_full_majority_count_heatmap.png,05c_landsat_inundation_full_majority_count_heatmap.png,.png,205486,2026-06-10T03:07:24+00:00,78d0e321fa6c0561f7c4987dab8ac7f22d1a0f542102b81591abe7878a197ed2,figures/plots/RS_coverage
Output,Output/figures/plots/RS_coverage/05c_landsat_inundation_full_mean_inundated_any_by_treatment.png,05c_landsat_inundation_full_mean_inundated_any_by_treatment.png,.png,358495,2026-06-10T03:07:20+00:00,b33a91f75cc647a42666692012c625e10d8c7e9b728e37c1b1855e6092adcfcc,figures/plots/RS_coverage
Output,Output/figures/plots/RS_coverage/06c_daily_inundation_full_cloud_shadow_heatmap.png,06c_daily_inundation_full_cloud_shadow_heatmap.png,.png,866220,2026-06-11T11:26:14+00:00,5817c008016bb7114020e10c86ea4deba72692eb4283fa711c3354939dd342d5,figures/plots/RS_coverage
Output,Output/figures/plots/RS_coverage/06c_daily_inundation_full_daily_inundated_heatmap.png,06c_daily_inundation_full_daily_inundated_heatmap.png,.png,877426,2026-06-11T11:26:06+00:00,6b37d032040952d1b411255180813194e8c06292cd976c6cc369a80fc25d49ca,figures/plots/RS_coverage
Output,Output/figures/plots/RS_coverage/06c_daily_inundation_full_mean_inundated_by_sensor.png,06c_daily_inundation_full_mean_inundated_by_sensor.png,.png,266259,2026-06-11T11:26:08+00:00,ea98a339c0e97fcaf3b03048d86d38ef63b446a04c73ea23971f2528d54f9ce1,figures/plots/RS_coverage
Output,Output/figures/plots/RS_coverage/06c_daily_inundation_full_valid_interpretation_heatmap.png,06c_daily_inundation_full_valid_interpretation_heatmap.png,.png,888843,2026-06-11T11:26:12+00:00,e8bf296744ce1e55b7d2e9014ab0a5a989dea2c7cb86e3d357585ef2c4ff32b3,figures/plots/RS_coverage
Output,Output/figures/plots/RS_coverage/06c_daily_inundation_full_value_area_by_sensor.png,06c_daily_inundation_full_value_area_by_sensor.png,.png,459879,2026-06-11T11:26:10+00:00,19f42550b1c266ebf221b4d0ff4d2ac6b357a6654225f7d1acae918ce230ad18,figures/plots/RS_coverage
Output,Output/figures/plots/RS_coverage/07e_pre_post_inundation_frequency_maps.png,07e_pre_post_inundation_frequency_maps.png,.png,188603,2026-06-13T05:31:32+00:00,64dff0455d45da7a7215933e23cec6daf6907f1ea41d1863523388ffb36cc13c,figures/plots/RS_coverage
Output,Output/figures/plots/task_J/J-F3_the_law.png,J-F3_the_law.png,.png,201740,2026-07-18T07:21:40+00:00,ca7d284c0b4862584a3c58d37d8bb229395df8e3bf736877a3a95aa8188c06ce,figures/plots/task_J
Output,Output/figures/plots/task_J/J-F4_annual_series.png,J-F4_annual_series.png,.png,197835,2026-07-18T07:22:44+00:00,49f3f03eb5ce43326a0af9a51aebe702c587b6c805fc04e9141b08abcdfaf035,figures/plots/task_J
Output,Output/figures/report_figures/OwnCloud_paddock_Bala_12_data.pdf,OwnCloud_paddock_Bala_12_data.pdf,.pdf,52108,2026-07-23T03:00:24.786291+00:00,1fc40a7c9547b59c232107351543cc266482675c4dcaeb7062ab3eb1b1ce60fe,figures/report_figures
Output,Output/figures/report_figures/OwnCloud_paddock_Bala_12_data.png,OwnCloud_paddock_Bala_12_data.png,.png,143590,2026-07-23T03:00:24.585234+00:00,713ee602f78d5ce429925d8ad9b88c57086deb755d135c8c18e13d1cc7a8edc4,figures/report_figures
Output,Output/figures/report_figures/OwnCloud_paddock_Bala_17_data.pdf,OwnCloud_paddock_Bala_17_data.pdf,.pdf,50370,2026-07-23T03:00:26.166147+00:00,db841c3177ae6b7f4554af4365011f20a45bf9c2f26716f272cc9ce379876a2d,figures/report_figures
Output,Output/figures/report_figures/OwnCloud_paddock_Bala_17_data.png,OwnCloud_paddock_Bala_17_data.png,.png,128060,2026-07-23T03:00:25.981785+00:00,5a25a5717e391385944eb8176324da73ff90c5b83dc130fff5083fb5cd8e80b9,figures/report_figures
Output,Output/figures/report_figures/OwnCloud_paddock_Bala_19_data.pdf,OwnCloud_paddock_Bala_19_data.pdf,.pdf,51594,2026-07-23T03:00:28.036285+00:00,da53ff534e523fea3f595cccfb91182afccdc5d7a3774919243adc7cc0f76218,figures/report_figures
Output,Output/figures/report_figures/OwnCloud_paddock_Bala_19_data.png,OwnCloud_paddock_Bala_19_data.png,.png,133464,2026-07-23T03:00:27.766697+00:00,04da2fbee1baf2cec46cee2e9660f2446e27c099c144db5da7a966f85c93452d,figures/report_figures
Output,Output/figures/report_figures/OwnCloud_paddock_Bala_20_data.pdf,OwnCloud_paddock_Bala_20_data.pdf,.pdf,54870,2026-07-23T03:00:29.817231+00:00,68895b2c30d1d6d935b8ad463aea80ab424c170f9033482e4eb23564abb963f6,figures/report_figures
Output,Output/figures/report_figures/OwnCloud_paddock_Bala_20_data.png,OwnCloud_paddock_Bala_20_data.png,.png,158668,2026-07-23T03:00:29.518321+00:00,beb015c60388c5e5d4b9d09a30f68a81f06de9c3ba66b02576bf08121d1d81c3,figures/report_figures
Output,Output/figures/report_figures/OwnCloud_paddock_Bala_21_data.pdf,OwnCloud_paddock_Bala_21_data.pdf,.pdf,51083,2026-07-23T03:00:31.182828+00:00,c11298d316a57aa0bfffa6c642e16a6107175c3eae8011a305b9da49dc24cf41,figures/report_figures
Output,Output/figures/report_figures/OwnCloud_paddock_Bala_21_data.png,OwnCloud_paddock_Bala_21_data.png,.png,139818,2026-07-23T03:00:31.012994+00:00,ac7eb3d1d989533070f86939715c4714ea342d1da457183ded885a13b77562e2,figures/report_figures
Output,Output/figures/report_figures/OwnCloud_paddock_Bala_23_data.pdf,OwnCloud_paddock_Bala_23_data.pdf,.pdf,55434,2026-07-23T03:00:33.150715+00:00,ac67e97ea59f32d8b7710913793e485578671f91434fadf2ea5466094a4a02cc,figures/report_figures
Output,Output/figures/report_figures/OwnCloud_paddock_Bala_23_data.png,OwnCloud_paddock_Bala_23_data.png,.png,176937,2026-07-23T03:00:32.899180+00:00,fe4bd6a2e7427da3a093ab31d13e270d5e65d713d405cb48f2ded41dd7956382,figures/report_figures
Output,Output/figures/report_figures/OwnCloud_paddock_Bala_26ca_data.pdf,OwnCloud_paddock_Bala_26ca_data.pdf,.pdf,53586,2026-07-23T03:00:35.433492+00:00,c72730c8272b1cae34e2fc3de6395c2e593f5290eca5f70256b7455685560cd5,figures/report_figures
Output,Output/figures/report_figures/OwnCloud_paddock_Bala_26ca_data.png,OwnCloud_paddock_Bala_26ca_data.png,.png,149953,2026-07-23T03:00:35.218260+00:00,67a82628f05748c7f55bc0c58bfe6f497bd52243ec01c8f59358882f15d03091,figures/report_figures
Output,Output/figures/report_figures/OwnCloud_paddock_Bala_28ca_data.pdf,OwnCloud_paddock_Bala_28ca_data.pdf,.pdf,55920,2026-07-23T03:00:37.350597+00:00,14551e09071ce93fc411dd1a2405a550eb55ef424d51dc26bc36caa8eda0bb3f,figures/report_figures
Output,Output/figures/report_figures/OwnCloud_paddock_Bala_28ca_data.png,OwnCloud_paddock_Bala_28ca_data.png,.png,173204,2026-07-23T03:00:37.119034+00:00,410a7dc5556bdc6107310a7c53cea4686a6d4ed9cfa9c437da0bab0395015268,figures/report_figures
Output,Output/figures/report_figures/OwnCloud_paddock_Bala_29ca_data.pdf,OwnCloud_paddock_Bala_29ca_data.pdf,.pdf,55643,2026-07-23T03:00:39.799386+00:00,5381266f682ef987baebdc47d2053988b370711a72692c2bc7a89ccaf91224c7,figures/report_figures
Output,Output/figures/report_figures/OwnCloud_paddock_Bala_29ca_data.png,OwnCloud_paddock_Bala_29ca_data.png,.png,165187,2026-07-23T03:00:39.549604+00:00,ee47998a330fe2c6abc156ee712425407b183a87a8ce4982dcceaa50ca710455,figures/report_figures
Output,Output/figures/report_figures/OwnCloud_paddock_Bala_6_data.pdf,OwnCloud_paddock_Bala_6_data.pdf,.pdf,52754,2026-07-23T03:00:23.039012+00:00,ce0c509a654cd659e2370f1d15682d392d14cb92a2997489ff03505abd3a1ff1,figures/report_figures
Output,Output/figures/report_figures/OwnCloud_paddock_Bala_6_data.png,OwnCloud_paddock_Bala_6_data.png,.png,149702,2026-07-23T03:00:22.566501+00:00,78ef5355a8f593257b360bf6c16dff7532ae70ba6b0b2dda509477510a42e995,figures/report_figures
Output,Output/figures/report_figures/OwnCloud_paddock_Bala_8_11_data.pdf,OwnCloud_paddock_Bala_8_11_data.pdf,.pdf,52108,2026-07-23T03:00:41.681705+00:00,34ede02a0760088164fda5af8e5cb5df9f99e212aa7f4b885b1cceee019c6015,figures/report_figures
Output,Output/figures/report_figures/OwnCloud_paddock_Bala_8_11_data.png,OwnCloud_paddock_Bala_8_11_data.png,.png,138136,2026-07-23T03:00:41.466564+00:00,f1f56b2e3ce3b7628b19fd80e5237cf6528107a967be10945f4ea38e822970f8,figures/report_figures
Output,Output/figures/report_figures/OwnCloud_paddock_Dinan_10_data.pdf,OwnCloud_paddock_Dinan_10_data.pdf,.pdf,54896,2026-07-23T03:00:52.616839+00:00,bede5fda95523ed3a04b437e28a3e838206c7695c620f12aba4bddfb42ea2c13,figures/report_figures
Output,Output/figures/report_figures/OwnCloud_paddock_Dinan_10_data.png,OwnCloud_paddock_Dinan_10_data.png,.png,156693,2026-07-23T03:00:52.349797+00:00,583a3ffbb57c5c0084a62647a969f67b05ba45e0fc3ae0e82fbb02e02c78afdb,figures/report_figures
Output,Output/figures/report_figures/OwnCloud_paddock_Dinan_12_data.pdf,OwnCloud_paddock_Dinan_12_data.pdf,.pdf,54154,2026-07-23T03:00:56.500591+00:00,f8c58f016d8aaa3e4e37deae49a1f19edeb5e583f60f8f14808d561085031340,figures/report_figures
Output,Output/figures/report_figures/OwnCloud_paddock_Dinan_12_data.png,OwnCloud_paddock_Dinan_12_data.png,.png,150003,2026-07-23T03:00:56.133466+00:00,8259be7a2347c0c66ff8547ad8e2907b09c0f4b752e8c66396fbe85bfec36b85,figures/report_figures
Output,Output/figures/report_figures/OwnCloud_paddock_Dinan_1_data.pdf,OwnCloud_paddock_Dinan_1_data.pdf,.pdf,54194,2026-07-23T03:00:43.549499+00:00,225595be208d1ce32bfa23e44fedc123772f0aeef9e7570a8135ab011c32534a,figures/report_figures
Output,Output/figures/report_figures/OwnCloud_paddock_Dinan_1_data.png,OwnCloud_paddock_Dinan_1_data.png,.png,158690,2026-07-23T03:00:43.332452+00:00,7457c6bc87f69e56f644c6d02c66d10c5539f795a713fd14e80a46f5adccca7e,figures/report_figures
Output,Output/figures/report_figures/OwnCloud_paddock_Dinan_3_data.pdf,OwnCloud_paddock_Dinan_3_data.pdf,.pdf,55614,2026-07-23T03:00:45.289796+00:00,2cb4ea3e88c6772105499ff0e06bc918fbe1f0149af972ec15b5102221d22da1,figures/report_figures
Output,Output/figures/report_figures/OwnCloud_paddock_Dinan_3_data.png,OwnCloud_paddock_Dinan_3_data.png,.png,167313,2026-07-23T03:00:45.019640+00:00,4dcaf34657d1784cb9c0babb46c0268f87746c2e8324f0ebb2c1b3241053e143,figures/report_figures
Output,Output/figures/report_figures/OwnCloud_paddock_Dinan_6_data.pdf,OwnCloud_paddock_Dinan_6_data.pdf,.pdf,50982,2026-07-23T03:00:46.583925+00:00,6eb04c00bb6665827b1ff0ac9f2d200c326b5f982fb4583898680bc8fc4cf34c,figures/report_figures
Output,Output/figures/report_figures/OwnCloud_paddock_Dinan_6_data.png,OwnCloud_paddock_Dinan_6_data.png,.png,141183,2026-07-23T03:00:46.399365+00:00,2f7ad0b2fc5d038593d2ab46d17ef7b1ba2f0878afe985a30c13ea254a93d19c,figures/report_figures
Output,Output/figures/report_figures/OwnCloud_paddock_Dinan_8_data.pdf,OwnCloud_paddock_Dinan_8_data.pdf,.pdf,56736,2026-07-23T03:00:50.519189+00:00,63ecc50b092a9915fd0d244048758f06388b19e7038bfb5f68b161544d9765b4,figures/report_figures
Output,Output/figures/report_figures/OwnCloud_paddock_Dinan_8_data.png,OwnCloud_paddock_Dinan_8_data.png,.png,173176,2026-07-23T03:00:50.250432+00:00,46b172ed34b4e03045a16907537ed68328c23a50969aa571e850ab45db1655ba,figures/report_figures
Output,Output/figures/report_figures/OwnCloud_paddock_Mara_21_data.pdf,OwnCloud_paddock_Mara_21_data.pdf,.pdf,54629,2026-07-23T03:01:01.916372+00:00,f770855a58fc116e9b5a31cf742b7bdda08eaca406c958938ca7804362b055c5,figures/report_figures
Output,Output/figures/report_figures/OwnCloud_paddock_Mara_21_data.png,OwnCloud_paddock_Mara_21_data.png,.png,167948,2026-07-23T03:01:01.669033+00:00,fac8b1a57a0cc02964893344ea7e6574f75e68eec355551bc430759b5411e9bf,figures/report_figures
Output,Output/figures/report_figures/OwnCloud_paddock_Mara_7_data.pdf,OwnCloud_paddock_Mara_7_data.pdf,.pdf,53004,2026-07-23T03:00:58.785106+00:00,f17f872ad50476c03e379a02dbb2653c1343493eb10a013cd7ebd83680435aa1,figures/report_figures
Output,Output/figures/report_figures/OwnCloud_paddock_Mara_7_data.png,OwnCloud_paddock_Mara_7_data.png,.png,144605,2026-07-23T03:00:58.550688+00:00,8654bfbe972704b0e6271488982a15d26acf07183649c351efc860c840b6ef09,figures/report_figures
Output,Output/figures/report_figures/OwnCloud_paddock_Mara_8_data.pdf,OwnCloud_paddock_Mara_8_data.pdf,.pdf,51396,2026-07-23T03:00:59.903645+00:00,172e5e7c53e91759b48514e94244b6e4e3fd7ab6e51884f18b4441ddac3c8df9,figures/report_figures
Output,Output/figures/report_figures/OwnCloud_paddock_Mara_8_data.png,OwnCloud_paddock_Mara_8_data.png,.png,126130,2026-07-23T03:00:59.706061+00:00,d24db5a75f157e0f1f61af070857e416e25d2eecf74aa61e325f8ff5ef303319,figures/report_figures
Output,Output/figures/review/candidate_dashboard_set_for_review_updated.png,candidate_dashboard_set_for_review_updated.png,.png,136154,2026-06-27T08:53:06+00:00,6dc8b9663279291122d3bcc35a6f2ae768b03a0d641c7e7ddd96fbda6e308e45,figures/review
Output,Output/figures/review/dashboard_gauge_integration_prototype.png,dashboard_gauge_integration_prototype.png,.png,144726,2026-06-25T00:16:16+00:00,7fe34fa63ee1d88990c1c752e459adc0a1b476695df838e5cbbc7293cbe00caf,figures/review
Output,Output/figures/review/gauge_completeness_by_gauge_main_deck.png,gauge_completeness_by_gauge_main_deck.png,.png,84572,2026-06-27T08:50:16+00:00,a9c5f64e232bfe3d24f1f8ab911749063773a1abdea00ad82a0371e41b2bb538,figures/review
Output,Output/figures/review/gauge_data_completeness_overview.png,gauge_data_completeness_overview.png,.png,91121,2026-06-25T00:15:58+00:00,73d75859cba6d13596e67e417569daf810622b08802e0363fdd620358bf1cbb2,figures/review
Output,Output/figures/review/gauge_flow_by_station_overview.png,gauge_flow_by_station_overview.png,.png,268964,2026-06-25T00:15:54+00:00,f9868de9d55131f022f289880ee94c27e5d83734d07c47d8c8d1ce9c7b9ea84c,figures/review
Output,Output/figures/review/gc_total_veg_with_gauge_context.png,gc_total_veg_with_gauge_context.png,.png,499852,2026-06-25T00:15:46+00:00,fe16c6085d11ad9502abeb66104691dea7faab5b0fe4dec2376c756bf931bd04,figures/review
Output,Output/figures/review/inundation_with_gauge_context.png,inundation_with_gauge_context.png,.png,329504,2026-06-25T00:15:50+00:00,372b86e49e9f4413e35fef6a632e78546217eb3e9c1a58d0aa80f4e68819ae9a,figures/review
Output,Output/figures/review/inundation_with_gauge_context_main_deck.png,inundation_with_gauge_context_main_deck.png,.png,255881,2026-06-27T08:52:22+00:00,e4ef49fd4c86c0e198c309ef9d8bac8f17d3cb565c6aff398d5ffb11b4625777,figures/review
Output,Output/figures/review/kingsford_ratio_context_main_deck.png,kingsford_ratio_context_main_deck.png,.png,321060,2026-06-27T08:50:18+00:00,059887a7d4caaa1ac69d7102d02bfb62794ae3aab186bfe8bdaf815c9c5c4222,figures/review
Output,Output/figures/review/matched_year_inundation_comparison.png,matched_year_inundation_comparison.png,.png,142340,2026-06-25T01:03:30+00:00,4e651964cb2d542248bf360f1393da7034ebbfd51cfa1524e496fcb230b5e6ba,figures/review
Output,Output/figures/review/mer_change_result_main_deck.png,mer_change_result_main_deck.png,.png,347101,2026-06-27T08:52:18+00:00,ab0a7f79d82ea2435c8bfc57b354938e9cb9d3b2cbf6ef03c7332f3d56595faf,figures/review
Output,Output/figures/review/mer_metric_summary_review.png,mer_metric_summary_review.png,.png,185070,2026-06-25T01:52:28+00:00,c56057d6871bd4758eef48cbf43dbbfc71f5ef2fffe1567e808fee3123e2ee5c,figures/review
Output,Output/figures/review/mer_vs_annual_inundation_change_comparison.png,mer_vs_annual_inundation_change_comparison.png,.png,443053,2026-06-27T08:52:16+00:00,4d74409aa38ee1b6d9e2754d62bee8060a644596bff46bd0dd02f0fc16c894c4,figures/review
Output,Output/figures/review/plot_treed_exclusion_map.png,plot_treed_exclusion_map.png,.png,255284,2026-06-24T09:01:34+00:00,488a134ce2711f41ffe5209d6b755449e1e65d73b4bbe2b178706e90cffd36cc,figures/review
Output,Output/figures/review/redesigned_dashboards.zip,redesigned_dashboards.zip,.zip,2515003,2026-07-09T11:09:20+00:00,45484c2c9140b41cf8f71854a957ca3a6925dd4480bfce9a8b1941ac2867469d,figures/review
Output,Output/figures/review/MER/mer_metric_keep_defer_summary_review.png,mer_metric_keep_defer_summary_review.png,.png,185070,2026-06-27T08:49:38+00:00,c56057d6871bd4758eef48cbf43dbbfc71f5ef2fffe1567e808fee3123e2ee5c,figures/review/MER
Output,Output/figures/review/MER/mer_metric_summary_main_deck.png,mer_metric_summary_main_deck.png,.png,347101,2026-06-27T08:49:38+00:00,ab0a7f79d82ea2435c8bfc57b354938e9cb9d3b2cbf6ef03c7332f3d56595faf,figures/review/MER
Output,Output/figures/review/MER/mer_vs_annual_occurrence_main_deck_comparison.png,mer_vs_annual_occurrence_main_deck_comparison.png,.png,443053,2026-06-27T08:49:38+00:00,4d74409aa38ee1b6d9e2754d62bee8060a644596bff46bd0dd02f0fc16c894c4,figures/review/MER
Output,Output/figures/review/MER/raster_build/mer_raster_build_readiness_summary.png,mer_raster_build_readiness_summary.png,.png,31682,2026-06-27T03:12:16+00:00,9aa0d1ff97e451d917778a6e0336eb5574b03e840988f2dd31136ec063ab3a61,figures/review/MER/raster_build
Output,Output/figures/review/MER/raster_build/mer_raster_grid_compatibility_summary.png,mer_raster_grid_compatibility_summary.png,.png,78121,2026-06-27T03:12:16+00:00,2f0b8b906f65857e89acfc21f743d3960adf009ce015d2bdd4bdfed71b63b736,figures/review/MER/raster_build
Output,Output/figures/review/MER/raster_build/mer_raster_observation_cadence_by_water_year.png,mer_raster_observation_cadence_by_water_year.png,.png,119060,2026-06-27T03:12:14+00:00,b54b12d41b905d8b2c3cfd45730a457a44661c1399bd419739e6722e6fccd3bd,figures/review/MER/raster_build
Output,Output/figures/review/MER/raster_build/mer_raster_smoke_test_qa.png,mer_raster_smoke_test_qa.png,.png,103831,2026-06-27T03:46:34+00:00,2535e062af522161dbea933b00ea81d8d6eff4334919d3055514884360e7707b,figures/review/MER/raster_build
Output,Output/figures/review/redesigned_dashboards/dashboard_redesigned_GA_001.png,dashboard_redesigned_GA_001.png,.png,304280,2026-06-27T08:52:34+00:00,963079dd8fad81fc4be82e3d96ab5bc43e42406f6042e0dcc22e1610f1d23b90,figures/review/redesigned_dashboards
Output,Output/figures/review/redesigned_dashboards/dashboard_redesigned_GA_003.png,dashboard_redesigned_GA_003.png,.png,275369,2026-06-27T08:52:38+00:00,79d06f29b8c8c51150e2095c10884308b3ec3e2c72f8909f252251d4b9c8bc31,figures/review/redesigned_dashboards
Output,Output/figures/review/redesigned_dashboards/dashboard_redesigned_GA_012.png,dashboard_redesigned_GA_012.png,.png,274377,2026-06-27T08:52:42+00:00,0bed3bdeef670eefb23ae626def368a621756952fd86392dfd1ece0fa384423a,figures/review/redesigned_dashboards
Output,Output/figures/review/redesigned_dashboards/dashboard_redesigned_GA_019.png,dashboard_redesigned_GA_019.png,.png,255928,2026-06-27T08:52:46+00:00,ee3d1e51e10bca0fd944d33a6a1068ac3964263d4588a69016a8218ece83d0a6,figures/review/redesigned_dashboards
Output,Output/figures/review/redesigned_dashboards/dashboard_redesigned_GA_026.png,dashboard_redesigned_GA_026.png,.png,251520,2026-06-27T08:52:50+00:00,22e461ccc0cb2f6c7874b76013e16974d11081c4c496fd4ff6aad1d98ee15fbb,figures/review/redesigned_dashboards
Output,Output/figures/review/redesigned_dashboards/dashboard_redesigned_GA_032.png,dashboard_redesigned_GA_032.png,.png,265713,2026-06-27T08:52:52+00:00,e08f9179e9a14f1640a10bbfdc8e29e4fcf5bd2d93e49b77c60a19e416c53950,figures/review/redesigned_dashboards
Output,Output/figures/review/redesigned_dashboards/dashboard_redesigned_GA_035.png,dashboard_redesigned_GA_035.png,.png,257398,2026-06-27T08:52:54+00:00,39ba33717e9f70ae0f934932796eccd8a4fb7e74e696f8b3b4c7f880bcf12266,figures/review/redesigned_dashboards
Output,Output/figures/review/redesigned_dashboards/dashboard_redesigned_GA_043.png,dashboard_redesigned_GA_043.png,.png,247137,2026-06-27T08:52:58+00:00,0be715c60641bf4b7a8da6f33ab89f9e715a3ca749af63a08e5cd54dc60ccb7f,figures/review/redesigned_dashboards
Output,Output/figures/review/redesigned_dashboards/dashboard_redesigned_GA_052.png,dashboard_redesigned_GA_052.png,.png,259946,2026-06-27T08:53:00+00:00,aca600439823258cb1d24a26079f7b0e1034f8bb8d74f626123290f3b98215e5,figures/review/redesigned_dashboards
Output,Output/figures/review/redesigned_dashboards/dashboard_redesigned_GA_065.png,dashboard_redesigned_GA_065.png,.png,286652,2026-06-27T08:53:04+00:00,88023ee5237e5124108dc0bb46aa156b028cc6a7a278c6a93fa138da527b9c89,figures/review/redesigned_dashboards
Output,Output/figures/review_deck/appendix/inundation_change_vs_bare_ground_appendix_only.png,inundation_change_vs_bare_ground_appendix_only.png,.png,146407,2026-06-27T08:52:30+00:00,231266b6c9f698d340018a813a1d7d0176eea975488adae1d5dab357c75edc4a,figures/review_deck/appendix
Output,Output/figures/review_deck/main_deck/gayini_analysis_workflow_summary.png,gayini_analysis_workflow_summary.png,.png,85684,2026-06-27T08:48:50+00:00,09d1d6bdbaae3b7923186d4fa472217736ede162ce3d4020554a08fb6c890441,figures/review_deck/main_deck
Output,Output/figures/review_deck/main_deck/gayini_hydrology_inundation_vegetation_synthesis.png,gayini_hydrology_inundation_vegetation_synthesis.png,.png,102368,2026-06-27T08:48:52+00:00,d12a818387e9a67fd98bfd42b79a211e294bff955b4642589d473f065bd278e0,figures/review_deck/main_deck
Output,Output/figures/review_refresh/context/P0_4_plot_context_vegetation_interpretation.png,P0_4_plot_context_vegetation_interpretation.png,.png,144288,2026-07-01T08:38:12+00:00,646c4f354dbbb59158f3e439b56814f69f8deafe299429a6d0a2210b0f525273,figures/review_refresh/context
Output,Output/figures/review_refresh/context/P0_5_plot_context_grazing_counts.png,P0_5_plot_context_grazing_counts.png,.png,126143,2026-07-01T08:38:18+00:00,a3dfce5500d6e4e2644f564ac16f3393757d98651055ffe14d150ab656ddeb52,figures/review_refresh/context
Output,Output/figures/review_refresh/context/P0_6_plot_context_grazing_map.png,P0_6_plot_context_grazing_map.png,.png,354797,2026-07-01T08:38:20+00:00,ebbc11188d5ee9bf477e6de86daec58249ea54174978a5fc23e1969afa00ce55,figures/review_refresh/context
Output,Output/figures/review_refresh/dashboards/P0_10_dashboard_GA_001.png,P0_10_dashboard_GA_001.png,.png,355340,2026-07-01T08:39:54+00:00,490d7e7bac99fc37fa347bd69ade19c92d92faac051ec0670ca1595360f64a26,figures/review_refresh/dashboards
Output,Output/figures/review_refresh/dashboards/P0_10_dashboard_GA_003.png,P0_10_dashboard_GA_003.png,.png,356377,2026-07-01T08:40:00+00:00,9dfa603099d8bdd6e8910ea76102db7e777557a9d585ca8696d2fd0451f393b1,figures/review_refresh/dashboards
Output,Output/figures/review_refresh/dashboards/P0_10_dashboard_GA_019.png,P0_10_dashboard_GA_019.png,.png,356415,2026-07-01T08:39:38+00:00,e2c494e471872388fa111dec384f6179bb3dabdd66310add90136775477af9a0,figures/review_refresh/dashboards
Output,Output/figures/review_refresh/dashboards/P0_10_dashboard_GA_026.png,P0_10_dashboard_GA_026.png,.png,357352,2026-07-01T08:40:04+00:00,488fe43214d499225a842fd65a243676e589b9e384c94629e56296e217914de3,figures/review_refresh/dashboards
Output,Output/figures/review_refresh/dashboards/P0_10_dashboard_GA_032.png,P0_10_dashboard_GA_032.png,.png,357189,2026-07-01T08:39:50+00:00,b2bc6204abb17817d1f1554482941c6b1c7f6fc6b61096e3605a192b620eb928,figures/review_refresh/dashboards
Output,Output/figures/review_refresh/dashboards/P0_10_dashboard_GA_035.png,P0_10_dashboard_GA_035.png,.png,357244,2026-07-01T08:40:10+00:00,f4a4a8662799f2572211d2d7aa2306933842a3f869b3bd2e6304093c428df3dc,figures/review_refresh/dashboards
Output,Output/figures/review_refresh/dashboards/P0_10_dashboard_GA_043.png,P0_10_dashboard_GA_043.png,.png,356729,2026-07-01T08:40:18+00:00,87c7a136c766054d0b41ff51d260414e0fd35aad0b1aae531be274c7ce4368b0,figures/review_refresh/dashboards
Output,Output/figures/review_refresh/dashboards/P0_10_dashboard_GA_052.png,P0_10_dashboard_GA_052.png,.png,357091,2026-07-01T08:39:46+00:00,32d07a70977e321aba7aa9a39cac6b466de685f1b96551ea9f4141570ae9af5b,figures/review_refresh/dashboards
Output,Output/figures/review_refresh/dashboards/P1_2_selected_dashboard_site_map.png,P1_2_selected_dashboard_site_map.png,.png,274601,2026-07-01T08:40:22+00:00,1365ee95b2c06f6125d95a0048de26885202a40dbd8839a6250f1f6ee1d64688,figures/review_refresh/dashboards
Output,Output/figures/review_refresh/ground_cover/P0_8_ground_cover_change_by_vegetation_group.png,P0_8_ground_cover_change_by_vegetation_group.png,.png,212245,2026-07-01T08:39:30+00:00,1ae5c18e81c0142b822c62c2860c0f285a177e0e0bc618ec092e9d79985cc341,figures/review_refresh/ground_cover
Output,Output/figures/review_refresh/ground_cover/P0_9_ground_cover_change_by_grazing.png,P0_9_ground_cover_change_by_grazing.png,.png,196416,2026-07-01T08:39:32+00:00,de71fece88d48402b828f120a5e458792b86e6239a2dbd362db50d9963d1bc5a,figures/review_refresh/ground_cover
Output,Output/figures/review_refresh/hydrology/P0_7_RS_gauge_flow_overlap_timeseries.png,P0_7_RS_gauge_flow_overlap_timeseries.png,.png,325677,2026-07-01T08:39:26+00:00,b61c7e2d0c96c53d1bd943507e7da18a24cfb7d9a6cc74891df79c4835f0027e,figures/review_refresh/hydrology
Output,Output/figures/review_refresh/inundation/P0_1_annual_occurrence_pre_post_maps.png,P0_1_annual_occurrence_pre_post_maps.png,.png,682956,2026-07-01T08:38:42+00:00,cb6110f008025b89369b43d0dcdf606689f2c0bc5de2ea160eebec0d16bd134b,figures/review_refresh/inundation
Output,Output/figures/review_refresh/inundation/P0_2_annual_occurrence_change_map.png,P0_2_annual_occurrence_change_map.png,.png,720519,2026-07-01T08:38:52+00:00,2fcd413c9df5ba74eec651a08a9319ebdb85446eae483d726f28b566ea0320cb,figures/review_refresh/inundation
Output,Output/figures/review_refresh/inundation/P0_3a_MER_pre_post_annual_max_maps.png,P0_3a_MER_pre_post_annual_max_maps.png,.png,708404,2026-07-01T08:39:08+00:00,959812b72e4ab9d00a5cc8587d80d04ff0d1ae251ea9f45179fd1e01d0f4edf1,figures/review_refresh/inundation
Output,Output/figures/review_refresh/inundation/P0_3b_MER_annual_max_change_map.png,P0_3b_MER_annual_max_change_map.png,.png,920862,2026-07-01T08:39:20+00:00,36465c2d10d43efdfd9c0778407776cadc4e1c8afd6284cee1f30b695955bf8d,figures/review_refresh/inundation
Output,Output/figures/_archive/D2_site_GA_001_slide_data.pdf,D2_site_GA_001_slide_data.pdf,.pdf,128597,2026-07-14T07:01:34+00:00,ff644a46ca47a0379c5f6862c5b09da7a7afe1506b785ea5c01d6481ad5abde6,figures/_archive
Output,Output/figures/_archive/D2_site_GA_001_slide_data.png,D2_site_GA_001_slide_data.png,.png,673025,2026-07-14T07:01:32+00:00,f51ae2794d28e8fbc9574fa692977f8658aa2123dd53f3f7ea89af9aa0f63e2f,figures/_archive
Output,Output/figures/_archive/D2_site_GA_003_slide_data.pdf,D2_site_GA_003_slide_data.pdf,.pdf,130687,2026-07-14T07:01:40+00:00,92ba17d3c184e6c8461145c9161e5c8722e92902875c078c203e2b6dc6003a1c,figures/_archive
Output,Output/figures/_archive/D2_site_GA_003_slide_data.png,D2_site_GA_003_slide_data.png,.png,664173,2026-07-14T07:01:40+00:00,04b1f6c8d2cbcdd084dbbf61bfc943a206bde2892ba8bd3dfab5a8f45ffa0c7f,figures/_archive
Output,Output/figures/_archive/D2_site_GA_019_slide_data.pdf,D2_site_GA_019_slide_data.pdf,.pdf,126843,2026-07-14T07:01:46+00:00,1d61f01fa7c03d4d4e1c8a11aec795270b0bf7fc61c6ee6723125c07727ab5f0,figures/_archive
Output,Output/figures/_archive/D2_site_GA_019_slide_data.png,D2_site_GA_019_slide_data.png,.png,651411,2026-07-14T07:01:46+00:00,503912ec6eb0ae0a2ab5dc7ad63796f9e22d0371527b9dcb3af2629c540f2abb,figures/_archive
Output,Output/figures/_archive/D2_site_GA_032_slide_data.pdf,D2_site_GA_032_slide_data.pdf,.pdf,117504,2026-07-14T07:02:00+00:00,64aa22bb05b15a211c65e9f2a7ed7e531711e1ffe7531443d640fcd58c10f15f,figures/_archive
Output,Output/figures/_archive/D2_site_GA_032_slide_data.png,D2_site_GA_032_slide_data.png,.png,619704,2026-07-14T07:01:58+00:00,c8ec4cbeae5fb65bb52aa80e3bf7e3da14a79658c5a350a203b1259360676c11,figures/_archive
Output,Output/figures/_archive/D2_site_GA_052_slide_data.pdf,D2_site_GA_052_slide_data.pdf,.pdf,124070,2026-07-14T07:01:54+00:00,f2f74e7f437a497b4518a47d82b3d9ce37aa31dd09142755d5f7a313ffb91406,figures/_archive
Output,Output/figures/_archive/D2_site_GA_052_slide_data.png,D2_site_GA_052_slide_data.png,.png,626192,2026-07-14T07:01:52+00:00,7f8016dea604845c31879fe0264fa672a854df5b07fc9e29837c7bfc1b9a828e,figures/_archive
Output,Output/figures/_archive/taskL_pre_rollout_20260722/D1_paddock_Bala_28ca_slide_data.pdf,D1_paddock_Bala_28ca_slide_data.pdf,.pdf,131072,2026-07-14T07:02:08+00:00,b2e53f9b1749a952fac8ff6858953a01f76915190caa4eb40586a34d811ea45a,figures/_archive/taskL_pre_rollout_20260722
Output,Output/figures/_archive/taskL_pre_rollout_20260722/D1_paddock_Bala_28ca_slide_data.png,D1_paddock_Bala_28ca_slide_data.png,.png,675038,2026-07-14T07:02:08+00:00,294e61259b56010de4001573632d989c5b659dfb8b1efb8fff31fbdabf0623f8,figures/_archive/taskL_pre_rollout_20260722
Output,Output/figures/_archive/taskL_pre_rollout_20260722/D1_paddock_Bala_29ca_a3_landscape_data.pdf,D1_paddock_Bala_29ca_a3_landscape_data.pdf,.pdf,129512,2026-07-14T07:03:06+00:00,49a5c13308b21fa0a9bc7045115266158f5e459f7ac92d887e4e9f627f36a250,figures/_archive/taskL_pre_rollout_20260722
Output,Output/figures/_archive/taskL_pre_rollout_20260722/D1_paddock_Bala_29ca_a3_landscape_data.png,D1_paddock_Bala_29ca_a3_landscape_data.png,.png,872448,2026-07-14T07:03:04+00:00,365165ea793f942664a4b2695931f7e85544df523b58de5a76c7a8980b60a38d,figures/_archive/taskL_pre_rollout_20260722
Output,Output/figures/_archive/taskL_pre_rollout_20260722/D1_paddock_Bala_29ca_slide_data.pdf,D1_paddock_Bala_29ca_slide_data.pdf,.pdf,127564,2026-07-14T07:02:18+00:00,b3f7b17b1fad29511d4296327637ffc5b544da4a4cb90bab70831981f5cf7dbf,figures/_archive/taskL_pre_rollout_20260722
Output,Output/figures/_archive/taskL_pre_rollout_20260722/D1_paddock_Bala_29ca_slide_data.png,D1_paddock_Bala_29ca_slide_data.png,.png,623500,2026-07-14T07:02:18+00:00,f2ee4393ce8dba27bdce0f59c6c84e35ec549c436c78d72d299a6759cb4d5e77,figures/_archive/taskL_pre_rollout_20260722
Output,Output/figures/_archive/taskL_pre_rollout_20260722/D1_paddock_Dinan_10_slide_data.pdf,D1_paddock_Dinan_10_slide_data.pdf,.pdf,114272,2026-07-14T07:02:36+00:00,101f1806e07d159aa6c528c9ac185d5aa730fb985860a6cb9b964493bceb8fb2,figures/_archive/taskL_pre_rollout_20260722
Output,Output/figures/_archive/taskL_pre_rollout_20260722/D1_paddock_Dinan_10_slide_data.png,D1_paddock_Dinan_10_slide_data.png,.png,572008,2026-07-14T07:02:36+00:00,07b1a61ce2a22065a8967297ff39073bc58d516f8d2f8c6b7ec023aa2a89fcf7,figures/_archive/taskL_pre_rollout_20260722
Output,Output/figures/_archive/taskL_pre_rollout_20260722/D1_paddock_Dinan_8_slide_data.pdf,D1_paddock_Dinan_8_slide_data.pdf,.pdf,132241,2026-07-14T07:02:28+00:00,0e5e12838e90844b24b3d1d4df93938ed3a850f506209df45f2907b581dc7078,figures/_archive/taskL_pre_rollout_20260722
Output,Output/figures/_archive/taskL_pre_rollout_20260722/D1_paddock_Dinan_8_slide_data.png,D1_paddock_Dinan_8_slide_data.png,.png,652481,2026-07-14T07:02:28+00:00,ddb13dae8238d8ed6652c655f6fae15e5fe8d5451980db05310fb25a7c2115b2,figures/_archive/taskL_pre_rollout_20260722
Output,Output/figures/_archive/taskL_pre_rollout_20260722/D2_site_GA_001_slide_data.pdf,D2_site_GA_001_slide_data.pdf,.pdf,127615,2026-07-20T10:19:53.731843+00:00,5fae0d3d46ddf70aa8740671e8c1690a973bcaed0d41e4addd085a1e0bf5ff2e,figures/_archive/taskL_pre_rollout_20260722
Output,Output/figures/_archive/taskL_pre_rollout_20260722/D2_site_GA_001_slide_data.png,D2_site_GA_001_slide_data.png,.png,674100,2026-07-20T10:19:53.499837+00:00,a445376c1e1606e2c54ef78e3b267992f78cc6f3126cc93583e42143b891abca,figures/_archive/taskL_pre_rollout_20260722
Output,Output/figures/_archive/taskL_pre_rollout_20260722/D2_site_GA_002_slide_data.pdf,D2_site_GA_002_slide_data.pdf,.pdf,129764,2026-07-20T10:19:55.614932+00:00,7c7dfca34e4d327af3c5f634fdff2673245f0b421eaf5a17a533ad96fb2acae5,figures/_archive/taskL_pre_rollout_20260722
Output,Output/figures/_archive/taskL_pre_rollout_20260722/D2_site_GA_002_slide_data.png,D2_site_GA_002_slide_data.png,.png,660009,2026-07-20T10:19:55.398504+00:00,f316dac4841d3578e2716f179680a8ea65628c8f81a5fb0a5e2d8d0d95446a93,figures/_archive/taskL_pre_rollout_20260722
Output,Output/figures/_archive/taskL_pre_rollout_20260722/D2_site_GA_003_slide_data.pdf,D2_site_GA_003_slide_data.pdf,.pdf,130093,2026-07-20T10:19:57.368817+00:00,38f058562005097aa4e2c903543ce6385a0e22ca162a4447ec017c21e50e1379,figures/_archive/taskL_pre_rollout_20260722
Output,Output/figures/_archive/taskL_pre_rollout_20260722/D2_site_GA_003_slide_data.png,D2_site_GA_003_slide_data.png,.png,665571,2026-07-20T10:19:57.131648+00:00,fb73b93b11cce4b3b0f2cbf49e7e5efc0b7d9317f005eb70de5a3ad6c2b50239,figures/_archive/taskL_pre_rollout_20260722
Output,Output/figures/_archive/taskL_pre_rollout_20260722/D2_site_GA_004_slide_data.pdf,D2_site_GA_004_slide_data.pdf,.pdf,128982,2026-07-20T10:19:59.210731+00:00,1d83127af298d224e685c9e271de6427326087fcca18be1ce8f96fa452aa6bfd,figures/_archive/taskL_pre_rollout_20260722
Output,Output/figures/_archive/taskL_pre_rollout_20260722/D2_site_GA_004_slide_data.png,D2_site_GA_004_slide_data.png,.png,665322,2026-07-20T10:19:58.966963+00:00,9e4320399d3c03ed1d87d75c7bb89638f51055be87e37d87fef873ef099794da,figures/_archive/taskL_pre_rollout_20260722
Output,Output/figures/_archive/taskL_pre_rollout_20260722/D2_site_GA_005_slide_data.pdf,D2_site_GA_005_slide_data.pdf,.pdf,130578,2026-07-20T10:20:01.183680+00:00,187941f6c67e19f9b7118d807f1de0698c14fc201449799cc1c68ae1e83d652b,figures/_archive/taskL_pre_rollout_20260722
Output,Output/figures/_archive/taskL_pre_rollout_20260722/D2_site_GA_005_slide_data.png,D2_site_GA_005_slide_data.png,.png,658465,2026-07-20T10:20:00.965155+00:00,636fc0f019dd534d3ce8c46a28c9ef921807820bfe4048e0eaf7c2d8a03e835c,figures/_archive/taskL_pre_rollout_20260722
Output,Output/figures/_archive/taskL_pre_rollout_20260722/D2_site_GA_006_slide_data.pdf,D2_site_GA_006_slide_data.pdf,.pdf,129893,2026-07-20T10:20:02.897423+00:00,57b6595d70781030f308b13a9935123b2c1c46ceab3c3f86e6cc29a8f9c07cfb,figures/_archive/taskL_pre_rollout_20260722
Output,Output/figures/_archive/taskL_pre_rollout_20260722/D2_site_GA_006_slide_data.png,D2_site_GA_006_slide_data.png,.png,650993,2026-07-20T10:20:02.665091+00:00,037592a8be065623c73200e386b5743d49d2cc99e393d61e8fb076ee53810351,figures/_archive/taskL_pre_rollout_20260722
Output,Output/figures/_archive/taskL_pre_rollout_20260722/D2_site_GA_007_slide_data.pdf,D2_site_GA_007_slide_data.pdf,.pdf,129441,2026-07-20T10:20:04.698789+00:00,f1f824cafc46647721d74bc2777f230d53a97c7ba42ac11ba8b09ffe9afe8cc1,figures/_archive/taskL_pre_rollout_20260722
Output,Output/figures/_archive/taskL_pre_rollout_20260722/D2_site_GA_007_slide_data.png,D2_site_GA_007_slide_data.png,.png,647114,2026-07-20T10:20:04.465379+00:00,2ce213547b202a57951379aa9379eeca15c3b2edcc0616d8f01086d2142f1443,figures/_archive/taskL_pre_rollout_20260722
Output,Output/figures/_archive/taskL_pre_rollout_20260722/D2_site_GA_008_slide_data.pdf,D2_site_GA_008_slide_data.pdf,.pdf,115392,2026-07-20T10:20:06.747320+00:00,5ff1b731a57aa4f7c957f72d15f07ee3ff4c8a8ba684f5967989aa761241cd8b,figures/_archive/taskL_pre_rollout_20260722
Output,Output/figures/_archive/taskL_pre_rollout_20260722/D2_site_GA_008_slide_data.png,D2_site_GA_008_slide_data.png,.png,620802,2026-07-20T10:20:06.515274+00:00,44f37c1d50d640e717a95d66ed3daa56f846b0272900b201e0a66ef38afb1d16,figures/_archive/taskL_pre_rollout_20260722
Output,Output/figures/_archive/taskL_pre_rollout_20260722/D2_site_GA_009_slide_data.pdf,D2_site_GA_009_slide_data.pdf,.pdf,115427,2026-07-20T10:20:08.383582+00:00,0c52c58bb016d8e1ae056c7f87639046535e51321285f5d6ae7e0cbb9bf6e1b5,figures/_archive/taskL_pre_rollout_20260722
Output,Output/figures/_archive/taskL_pre_rollout_20260722/D2_site_GA_009_slide_data.png,D2_site_GA_009_slide_data.png,.png,614745,2026-07-20T10:20:08.181935+00:00,80aebeed6c96921a9384f1a50760ce03b1e131196229d16aa5d414909650e9df,figures/_archive/taskL_pre_rollout_20260722
Output,Output/figures/_archive/taskL_pre_rollout_20260722/D2_site_GA_010_slide_data.pdf,D2_site_GA_010_slide_data.pdf,.pdf,114274,2026-07-20T10:20:10.082076+00:00,2e5b6b68fc3128dec9f1e969856850b3ff095ea219b6468b3fd6253a1937d50c,figures/_archive/taskL_pre_rollout_20260722
Output,Output/figures/_archive/taskL_pre_rollout_20260722/D2_site_GA_010_slide_data.png,D2_site_GA_010_slide_data.png,.png,586838,2026-07-20T10:20:09.865358+00:00,6626999c860d4330212dbb2c5c90a0a7e892842521dcb243958ba32fed6702c4,figures/_archive/taskL_pre_rollout_20260722
Output,Output/figures/_archive/taskL_pre_rollout_20260722/D2_site_GA_013_slide_data.pdf,D2_site_GA_013_slide_data.pdf,.pdf,118453,2026-07-20T10:20:11.781684+00:00,cd36ce63ef901e69007fc1fce2c99bcf36334a9dcbb0b1890b2c92d568357766,figures/_archive/taskL_pre_rollout_20260722
Output,Output/figures/_archive/taskL_pre_rollout_20260722/D2_site_GA_013_slide_data.png,D2_site_GA_013_slide_data.png,.png,605203,2026-07-20T10:20:11.531982+00:00,ced3ba981861f06b4bc93908241f26af7674cee84ee92972eeacab7541daacac,figures/_archive/taskL_pre_rollout_20260722
Output,Output/figures/_archive/taskL_pre_rollout_20260722/D2_site_GA_016_slide_data.pdf,D2_site_GA_016_slide_data.pdf,.pdf,128910,2026-07-20T10:20:13.548517+00:00,f536b35d4bce2cd7cd34cb5f58681d489285adaafa5695058fb6fa4f538a3278,figures/_archive/taskL_pre_rollout_20260722
Output,Output/figures/_archive/taskL_pre_rollout_20260722/D2_site_GA_016_slide_data.png,D2_site_GA_016_slide_data.png,.png,665843,2026-07-20T10:20:13.331917+00:00,739f210792cf10b41b041acf14f2c631e3b70779ac002e10d2234e0d705549ef,figures/_archive/taskL_pre_rollout_20260722
Output,Output/figures/_archive/taskL_pre_rollout_20260722/D2_site_GA_017_slide_data.pdf,D2_site_GA_017_slide_data.pdf,.pdf,125488,2026-07-20T10:20:15.348701+00:00,0137d0cb971fe267be0251cfd4c182c7013f68313e292c7845aef16412d5c476,figures/_archive/taskL_pre_rollout_20260722
Output,Output/figures/_archive/taskL_pre_rollout_20260722/D2_site_GA_017_slide_data.png,D2_site_GA_017_slide_data.png,.png,667026,2026-07-20T10:20:15.131026+00:00,5baa8719c368bb32d48cdc824ba71cd708591d33b116c341d9d3db60962826ac,figures/_archive/taskL_pre_rollout_20260722
Output,Output/figures/_archive/taskL_pre_rollout_20260722/D2_site_GA_018_slide_data.pdf,D2_site_GA_018_slide_data.pdf,.pdf,127067,2026-07-20T10:20:17.181794+00:00,940360020204114b6ce98a3a044fb10c544fdf91e657dde903f6c25e91b52144,figures/_archive/taskL_pre_rollout_20260722
Output,Output/figures/_archive/taskL_pre_rollout_20260722/D2_site_GA_018_slide_data.png,D2_site_GA_018_slide_data.png,.png,670637,2026-07-20T10:20:16.948572+00:00,d164278f7edbd1a95c3ef925258d55207030bfce2d8217534769761a9689e5d7,figures/_archive/taskL_pre_rollout_20260722
Output,Output/figures/_archive/taskL_pre_rollout_20260722/D2_site_GA_019_slide_data.pdf,D2_site_GA_019_slide_data.pdf,.pdf,126343,2026-07-20T10:20:19.066767+00:00,d5f7c5e6a0689a74983398b2aa4031c0833467067117e7da4dce23c522c5f984,figures/_archive/taskL_pre_rollout_20260722
Output,Output/figures/_archive/taskL_pre_rollout_20260722/D2_site_GA_019_slide_data.png,D2_site_GA_019_slide_data.png,.png,651708,2026-07-20T10:20:18.815709+00:00,5db82d4a336a203abcbb74989de69b46f02d4e7489208992f0ede8f5bb2200c6,figures/_archive/taskL_pre_rollout_20260722
Output,Output/figures/_archive/taskL_pre_rollout_20260722/D2_site_GA_020_slide_data.pdf,D2_site_GA_020_slide_data.pdf,.pdf,125503,2026-07-20T10:20:20.998762+00:00,f5bef4047847f0719d67a2c14b48b86fb56664c789cb7b67ca622ef432b67ff3,figures/_archive/taskL_pre_rollout_20260722
Output,Output/figures/_archive/taskL_pre_rollout_20260722/D2_site_GA_020_slide_data.png,D2_site_GA_020_slide_data.png,.png,654797,2026-07-20T10:20:20.748535+00:00,4c635f6c4777c3c9101d2f4bafd9874930b04b0b27eeec714c00b4d815f0ce6a,figures/_archive/taskL_pre_rollout_20260722
Output,Output/figures/_archive/taskL_pre_rollout_20260722/D2_site_GA_022_slide_data.pdf,D2_site_GA_022_slide_data.pdf,.pdf,124594,2026-07-20T10:20:22.915373+00:00,8a9f4f97899af3881904c501acc2b76b8069ee589521e38d9631afb44759570f,figures/_archive/taskL_pre_rollout_20260722
Output,Output/figures/_archive/taskL_pre_rollout_20260722/D2_site_GA_022_slide_data.png,D2_site_GA_022_slide_data.png,.png,657725,2026-07-20T10:20:22.682273+00:00,d086c05c84472595d8a7b20387eb118634413113cb486a9acec5434a7fdfa313,figures/_archive/taskL_pre_rollout_20260722
Output,Output/figures/_archive/taskL_pre_rollout_20260722/D2_site_GA_024_slide_data.pdf,D2_site_GA_024_slide_data.pdf,.pdf,118086,2026-07-20T10:20:24.766001+00:00,4a4325a0959be5fa8841e574e3f820aac338a1d8bd63732ed203717a6a193ba4,figures/_archive/taskL_pre_rollout_20260722
Output,Output/figures/_archive/taskL_pre_rollout_20260722/D2_site_GA_024_slide_data.png,D2_site_GA_024_slide_data.png,.png,628984,2026-07-20T10:20:24.565639+00:00,6ab87638e2400cf95c439ece040239ddc1f46ebcc56883a02fc86469052ae2b1,figures/_archive/taskL_pre_rollout_20260722
Output,Output/figures/_archive/taskL_pre_rollout_20260722/D2_site_GA_025_slide_data.pdf,D2_site_GA_025_slide_data.pdf,.pdf,116916,2026-07-20T10:20:26.398662+00:00,4bfdeddf543ae9e3d7e6b3e9032b8fa4791455405a586df03ad49a06fd1e3391,figures/_archive/taskL_pre_rollout_20260722
Output,Output/figures/_archive/taskL_pre_rollout_20260722/D2_site_GA_025_slide_data.png,D2_site_GA_025_slide_data.png,.png,623234,2026-07-20T10:20:26.181930+00:00,9c6691f328e195c8ee2de35ad5508c671e7710c849105c0a9026a4bd46a916b9,figures/_archive/taskL_pre_rollout_20260722
Output,Output/figures/_archive/taskL_pre_rollout_20260722/D2_site_GA_026_slide_data.pdf,D2_site_GA_026_slide_data.pdf,.pdf,116703,2026-07-20T10:20:28.081911+00:00,f1f603e196b2794610670e36a6b00fb2f137f60bbff5fee16306681fd9cc46e1,figures/_archive/taskL_pre_rollout_20260722
Output,Output/figures/_archive/taskL_pre_rollout_20260722/D2_site_GA_026_slide_data.png,D2_site_GA_026_slide_data.png,.png,629319,2026-07-20T10:20:27.865232+00:00,125fdc404611c7adf7167c41a107a8d350e4211eb6ce7dc316de7fe4394cf300,figures/_archive/taskL_pre_rollout_20260722
Output,Output/figures/_archive/taskL_pre_rollout_20260722/D2_site_GA_027_slide_data.pdf,D2_site_GA_027_slide_data.pdf,.pdf,115416,2026-07-20T10:20:29.815700+00:00,20664b4b6f3f71ec056967c7eb27c8b7f76586c2b05c3328207457693f779640,figures/_archive/taskL_pre_rollout_20260722
Output,Output/figures/_archive/taskL_pre_rollout_20260722/D2_site_GA_027_slide_data.png,D2_site_GA_027_slide_data.png,.png,616219,2026-07-20T10:20:29.582284+00:00,e8e4cbe232297bb05e02faeb3b8736f9d32a60747fd7053a7e24905375c0cfb7,figures/_archive/taskL_pre_rollout_20260722
Output,Output/figures/_archive/taskL_pre_rollout_20260722/D2_site_GA_028_slide_data.pdf,D2_site_GA_028_slide_data.pdf,.pdf,122586,2026-07-20T10:20:31.598739+00:00,08a6fbebec0c38ef78459dd8a546177d3e194a7c29a67019d2a7ccfa4bd96e5a,figures/_archive/taskL_pre_rollout_20260722
Output,Output/figures/_archive/taskL_pre_rollout_20260722/D2_site_GA_028_slide_data.png,D2_site_GA_028_slide_data.png,.png,662242,2026-07-20T10:20:31.382492+00:00,d79c09766a3bfd62c0c8e502d9c6c030994f2286884ed89fe85ebda6e006057b,figures/_archive/taskL_pre_rollout_20260722
Output,Output/figures/_archive/taskL_pre_rollout_20260722/D2_site_GA_031_slide_data.pdf,D2_site_GA_031_slide_data.pdf,.pdf,117451,2026-07-20T10:20:33.365745+00:00,e9c1b1d69a4ec12f19f2953cfc354d0c0b62f9ebfe17dbd0a320e07d7bfa1e30,figures/_archive/taskL_pre_rollout_20260722
Output,Output/figures/_archive/taskL_pre_rollout_20260722/D2_site_GA_031_slide_data.png,D2_site_GA_031_slide_data.png,.png,612831,2026-07-20T10:20:33.148654+00:00,2671375449b1543f671dcaa7505f1062acd3b7a0186d2a869f143e6d7823ef65,figures/_archive/taskL_pre_rollout_20260722
Output,Output/figures/_archive/taskL_pre_rollout_20260722/D2_site_GA_032_slide_data.pdf,D2_site_GA_032_slide_data.pdf,.pdf,117921,2026-07-20T10:20:35.215434+00:00,44c770c917422eb289b59478bccb4f109bbebcb1885ebd57be1db17f4eb18f89,figures/_archive/taskL_pre_rollout_20260722
Output,Output/figures/_archive/taskL_pre_rollout_20260722/D2_site_GA_032_slide_data.png,D2_site_GA_032_slide_data.png,.png,619472,2026-07-20T10:20:34.981802+00:00,819216d2f9eb7b8361aeee5276af9c693a65873a70028e2a732f1c47cd44fede,figures/_archive/taskL_pre_rollout_20260722
Output,Output/figures/_archive/taskL_pre_rollout_20260722/D2_site_GA_033_slide_data.pdf,D2_site_GA_033_slide_data.pdf,.pdf,119556,2026-07-20T10:20:37.098842+00:00,5e149f89ebda2a4d67563cd40b7c017a35c235539526a0c80c8b24dbdd06e353,figures/_archive/taskL_pre_rollout_20260722
Output,Output/figures/_archive/taskL_pre_rollout_20260722/D2_site_GA_033_slide_data.png,D2_site_GA_033_slide_data.png,.png,638020,2026-07-20T10:20:36.847841+00:00,d69316d0211cd917693fb7e9081a564961b8b56c187d29a0b43e2d72bcdf6112,figures/_archive/taskL_pre_rollout_20260722
Output,Output/figures/_archive/taskL_pre_rollout_20260722/D2_site_GA_034_slide_data.pdf,D2_site_GA_034_slide_data.pdf,.pdf,111736,2026-07-20T10:20:38.982530+00:00,024d14a749b4813d23f2f779c6197544c4c80ebbf37e876dd81837c9c1b3a53f,figures/_archive/taskL_pre_rollout_20260722
Output,Output/figures/_archive/taskL_pre_rollout_20260722/D2_site_GA_034_slide_data.png,D2_site_GA_034_slide_data.png,.png,577374,2026-07-20T10:20:38.733449+00:00,5c57d35d34ddfdf0a9fb2457866a8e318309956c60fb185778983b6d1f192172,figures/_archive/taskL_pre_rollout_20260722
Output,Output/figures/_archive/taskL_pre_rollout_20260722/D2_site_GA_035_slide_data.pdf,D2_site_GA_035_slide_data.pdf,.pdf,112172,2026-07-20T10:20:40.925800+00:00,a81f1286c6d24dc60208e6cb3d53fbb1ea9307d4a7be8e0b88eb991d4d33a4d6,figures/_archive/taskL_pre_rollout_20260722
Output,Output/figures/_archive/taskL_pre_rollout_20260722/D2_site_GA_035_slide_data.png,D2_site_GA_035_slide_data.png,.png,580340,2026-07-20T10:20:40.681990+00:00,0ddcc14ae6ce56781d252b381973c0867d3f188650f2dd1331ece626c16c132f,figures/_archive/taskL_pre_rollout_20260722
Output,Output/figures/_archive/taskL_pre_rollout_20260722/D2_site_GA_036_slide_data.pdf,D2_site_GA_036_slide_data.pdf,.pdf,117112,2026-07-20T10:20:42.998893+00:00,b361c83c75d4327c95d76994e5c91eef1551e9e3825ea96adc672c9a1b801d58,figures/_archive/taskL_pre_rollout_20260722
Output,Output/figures/_archive/taskL_pre_rollout_20260722/D2_site_GA_036_slide_data.png,D2_site_GA_036_slide_data.png,.png,599160,2026-07-20T10:20:42.798796+00:00,582fee3f47f2733b484df3ccc2707a1b07e5399f64c783f5d56a696a41e8c562,figures/_archive/taskL_pre_rollout_20260722
Output,Output/figures/_archive/taskL_pre_rollout_20260722/D2_site_GA_037_slide_data.pdf,D2_site_GA_037_slide_data.pdf,.pdf,124835,2026-07-20T10:20:44.650222+00:00,176498761794c253dd8370c2d9310e140ec2e1c290be74a194a4b153c1fadd95,figures/_archive/taskL_pre_rollout_20260722
Output,Output/figures/_archive/taskL_pre_rollout_20260722/D2_site_GA_037_slide_data.png,D2_site_GA_037_slide_data.png,.png,635709,2026-07-20T10:20:44.448131+00:00,c6c9b1cdd2c89b7b86d4c09185060f494e923d548c280f1cdfe1e6e1a445df29,figures/_archive/taskL_pre_rollout_20260722
Output,Output/figures/_archive/taskL_pre_rollout_20260722/D2_site_GA_038_slide_data.pdf,D2_site_GA_038_slide_data.pdf,.pdf,121882,2026-07-20T10:20:46.342400+00:00,faa6447d3418a5c75f486f5c705c111c7609b5e4ba4c936ea2cf3b8fab636f47,figures/_archive/taskL_pre_rollout_20260722
Output,Output/figures/_archive/taskL_pre_rollout_20260722/D2_site_GA_038_slide_data.png,D2_site_GA_038_slide_data.png,.png,619900,2026-07-20T10:20:46.115525+00:00,753b0bdd40e2f34bbf8d1a3013be3433ddf5c2ec2e4ae0056ec6bc8dbbf140c4,figures/_archive/taskL_pre_rollout_20260722
Output,Output/figures/_archive/taskL_pre_rollout_20260722/D2_site_GA_039_slide_data.pdf,D2_site_GA_039_slide_data.pdf,.pdf,117180,2026-07-20T10:20:48.049270+00:00,5b19831d34459d526dc7dc9546798a117e713713e37da4ec085e1eb46c9b1145,figures/_archive/taskL_pre_rollout_20260722
Output,Output/figures/_archive/taskL_pre_rollout_20260722/D2_site_GA_039_slide_data.png,D2_site_GA_039_slide_data.png,.png,622218,2026-07-20T10:20:47.832153+00:00,777475e37807ca5e99570e6ef9cfe8b60a8bec6333ca8d0cce1f055b39a102c7,figures/_archive/taskL_pre_rollout_20260722
Output,Output/figures/_archive/taskL_pre_rollout_20260722/D2_site_GA_040_slide_data.pdf,D2_site_GA_040_slide_data.pdf,.pdf,114803,2026-07-20T10:20:49.816001+00:00,607cfa8a60de142c4844d4a978e44cc8fc2ca7b34a901822781b9173e172075c,figures/_archive/taskL_pre_rollout_20260722
Output,Output/figures/_archive/taskL_pre_rollout_20260722/D2_site_GA_040_slide_data.png,D2_site_GA_040_slide_data.png,.png,614220,2026-07-20T10:20:49.582549+00:00,92711fd767af153acb5950ccdfa1b4fdf86aec2b43d60dbc3414b62e88dc4d75,figures/_archive/taskL_pre_rollout_20260722
Output,Output/figures/_archive/taskL_pre_rollout_20260722/D2_site_GA_041_slide_data.pdf,D2_site_GA_041_slide_data.pdf,.pdf,116040,2026-07-20T10:20:51.614693+00:00,e341f345739320bd4fb4a8511f255a760be5719ba9f716685c549b7774a9b87c,figures/_archive/taskL_pre_rollout_20260722
Output,Output/figures/_archive/taskL_pre_rollout_20260722/D2_site_GA_041_slide_data.png,D2_site_GA_041_slide_data.png,.png,627724,2026-07-20T10:20:51.382631+00:00,26f59c28a70a76dd7cd0c9171e20442d82971b9a3c989fe86c157358df32afeb,figures/_archive/taskL_pre_rollout_20260722
Output,Output/figures/_archive/taskL_pre_rollout_20260722/D2_site_GA_042_slide_data.pdf,D2_site_GA_042_slide_data.pdf,.pdf,117937,2026-07-20T10:20:53.474496+00:00,8ab44bf74555c421274c0ef65ecd593d5dbc204125413bd20e64e10c7421017b,figures/_archive/taskL_pre_rollout_20260722
Output,Output/figures/_archive/taskL_pre_rollout_20260722/D2_site_GA_042_slide_data.png,D2_site_GA_042_slide_data.png,.png,621834,2026-07-20T10:20:53.232139+00:00,c5ecf957ccd6100d8b0b616334b41043f33ce42431caf997ffedd1dc39e5c261,figures/_archive/taskL_pre_rollout_20260722
Output,Output/figures/_archive/taskL_pre_rollout_20260722/D2_site_GA_043_slide_data.pdf,D2_site_GA_043_slide_data.pdf,.pdf,122546,2026-07-20T10:20:55.365667+00:00,f5d9f7536be36b3016e7e59747be7679de8b7051c6741d6b70560af85c3aed87,figures/_archive/taskL_pre_rollout_20260722
Output,Output/figures/_archive/taskL_pre_rollout_20260722/D2_site_GA_043_slide_data.png,D2_site_GA_043_slide_data.png,.png,628870,2026-07-20T10:20:55.115419+00:00,609d948ad5b9f7affda8f69179bf5ea71e969aa9ca4984457c4217ecedd21d7f,figures/_archive/taskL_pre_rollout_20260722
Output,Output/figures/_archive/taskL_pre_rollout_20260722/D2_site_GA_044_slide_data.pdf,D2_site_GA_044_slide_data.pdf,.pdf,127167,2026-07-20T10:20:57.315571+00:00,78a29360c117af26019c4d17dd5aecb61175e828947d3d2d07aa3e9274dd06fd,figures/_archive/taskL_pre_rollout_20260722
Output,Output/figures/_archive/taskL_pre_rollout_20260722/D2_site_GA_044_slide_data.png,D2_site_GA_044_slide_data.png,.png,655852,2026-07-20T10:20:57.065433+00:00,ec78f7adbb9642136e9ba5d1949ca3d6972d63f077e1677b94cab68bf29d4abc,figures/_archive/taskL_pre_rollout_20260722
Output,Output/figures/_archive/taskL_pre_rollout_20260722/D2_site_GA_045_slide_data.pdf,D2_site_GA_045_slide_data.pdf,.pdf,127212,2026-07-20T10:20:59.317569+00:00,f89b34c8d840ad31bd60b47b8ef24fe2085f41c2cd6642c5e88937bd11ba1e4a,figures/_archive/taskL_pre_rollout_20260722
Output,Output/figures/_archive/taskL_pre_rollout_20260722/D2_site_GA_045_slide_data.png,D2_site_GA_045_slide_data.png,.png,666454,2026-07-20T10:20:59.049308+00:00,2b347b652bbc5430e6ca17d2eb4740f9a4d691d4a7f2f41e770381afc88a3a3d,figures/_archive/taskL_pre_rollout_20260722
Output,Output/figures/_archive/taskL_pre_rollout_20260722/D2_site_GA_046_slide_data.pdf,D2_site_GA_046_slide_data.pdf,.pdf,125838,2026-07-20T10:21:01.349195+00:00,fe0110177c0249f65507396814f9959a2d72fe8fe5ae31b76e8e840cfe7ea4a2,figures/_archive/taskL_pre_rollout_20260722
Output,Output/figures/_archive/taskL_pre_rollout_20260722/D2_site_GA_046_slide_data.png,D2_site_GA_046_slide_data.png,.png,655244,2026-07-20T10:21:01.082341+00:00,451a1083d7010ce237251ecf4ce36b7d71c8d5c2f6faacf36ff71856683c1301,figures/_archive/taskL_pre_rollout_20260722
Output,Output/figures/_archive/taskL_pre_rollout_20260722/D2_site_GA_047_slide_data.pdf,D2_site_GA_047_slide_data.pdf,.pdf,125162,2026-07-20T10:21:03.165744+00:00,40a0596c0ea55ac5fe2450464c5d37da0807d11397c775255910f696ff5240f7,figures/_archive/taskL_pre_rollout_20260722
Output,Output/figures/_archive/taskL_pre_rollout_20260722/D2_site_GA_047_slide_data.png,D2_site_GA_047_slide_data.png,.png,660127,2026-07-20T10:21:02.949063+00:00,b1a37271a93ffac42482f60b959d0e064aa90de04cbbea5b713a67874b37389e,figures/_archive/taskL_pre_rollout_20260722
Output,Output/figures/_archive/taskL_pre_rollout_20260722/D2_site_GA_048_slide_data.pdf,D2_site_GA_048_slide_data.pdf,.pdf,126016,2026-07-20T10:21:04.815857+00:00,85532165c89a9c3a0c6d88874c6d8aa9d89de240a5cb59cf9aa8e305ae42ae16,figures/_archive/taskL_pre_rollout_20260722
Output,Output/figures/_archive/taskL_pre_rollout_20260722/D2_site_GA_048_slide_data.png,D2_site_GA_048_slide_data.png,.png,691150,2026-07-20T10:21:04.599187+00:00,1f92faf983ac59a916b9b79537d44809b81f3f4615e60e28a02fc6bdee520a52,figures/_archive/taskL_pre_rollout_20260722
Output,Output/figures/_archive/taskL_pre_rollout_20260722/D2_site_GA_049_slide_data.pdf,D2_site_GA_049_slide_data.pdf,.pdf,125673,2026-07-20T10:21:06.532162+00:00,7c7cdc3597b05a402a51b75d53d34ec199c567679e9bec90b5638f59f73a7718,figures/_archive/taskL_pre_rollout_20260722
Output,Output/figures/_archive/taskL_pre_rollout_20260722/D2_site_GA_049_slide_data.png,D2_site_GA_049_slide_data.png,.png,690437,2026-07-20T10:21:06.315723+00:00,61d67eb7ffe95bdfc709e73f16005c4aa1aaa70bf8e82607a5952ce55f4c19a5,figures/_archive/taskL_pre_rollout_20260722
Output,Output/figures/_archive/taskL_pre_rollout_20260722/D2_site_GA_050_slide_data.pdf,D2_site_GA_050_slide_data.pdf,.pdf,120389,2026-07-20T10:21:08.251228+00:00,5a9c19c192f9be46ced998b5378a31b807fdd80ce9a357601192517a374cbbb6,figures/_archive/taskL_pre_rollout_20260722
Output,Output/figures/_archive/taskL_pre_rollout_20260722/D2_site_GA_050_slide_data.png,D2_site_GA_050_slide_data.png,.png,633367,2026-07-20T10:21:08.032246+00:00,d79f288b18f9dfa95e2eb580ba5561cd16fb24d7c4300fabbead689ea3949700,figures/_archive/taskL_pre_rollout_20260722
Output,Output/figures/_archive/taskL_pre_rollout_20260722/D2_site_GA_051_slide_data.pdf,D2_site_GA_051_slide_data.pdf,.pdf,120680,2026-07-20T10:21:10.032423+00:00,ddfe896fad88d3f191c6fc59ad70accf8dc8ade86f688c48d21b406a3b0ec794,figures/_archive/taskL_pre_rollout_20260722
Output,Output/figures/_archive/taskL_pre_rollout_20260722/D2_site_GA_051_slide_data.png,D2_site_GA_051_slide_data.png,.png,623893,2026-07-20T10:21:09.817242+00:00,89c6fc73c30233b4cc1aee40071993a5e90313cc5754cd74033a170a3a16917f,figures/_archive/taskL_pre_rollout_20260722
Output,Output/figures/_archive/taskL_pre_rollout_20260722/D2_site_GA_052_slide_data.pdf,D2_site_GA_052_slide_data.pdf,.pdf,124727,2026-07-20T10:21:11.798967+00:00,707207ca73c6601a55f27254220aaa1e454c74ea9fccb24d80289ee98ad0c38b,figures/_archive/taskL_pre_rollout_20260722
Output,Output/figures/_archive/taskL_pre_rollout_20260722/D2_site_GA_052_slide_data.png,D2_site_GA_052_slide_data.png,.png,626319,2026-07-20T10:21:11.582357+00:00,47ee415a0923ae5747b937283b4ba0245eb7fd7242fb848f7fcf8072b88c2f4c,figures/_archive/taskL_pre_rollout_20260722
Output,Output/figures/_archive/taskL_pre_rollout_20260722/D2_site_GA_053_slide_data.pdf,D2_site_GA_053_slide_data.pdf,.pdf,125052,2026-07-20T10:21:13.632475+00:00,2eac584d6d19d88d255b670e4cb027b302e8270fa4da5a63bf5bdaa7ad27cfe2,figures/_archive/taskL_pre_rollout_20260722
Output,Output/figures/_archive/taskL_pre_rollout_20260722/D2_site_GA_053_slide_data.png,D2_site_GA_053_slide_data.png,.png,640321,2026-07-20T10:21:13.399195+00:00,60d4b63b07b78722bca5edc7257f8635295f6e4dfac0d451be686fddd546c38e,figures/_archive/taskL_pre_rollout_20260722
Output,Output/figures/_archive/taskL_pre_rollout_20260722/D2_site_GA_054_slide_data.pdf,D2_site_GA_054_slide_data.pdf,.pdf,123751,2026-07-20T10:21:15.499202+00:00,6bd3ec10c437d105dc82be8e2bde2d1c08e69ddf299c47b9155534665f8f3893,figures/_archive/taskL_pre_rollout_20260722
Output,Output/figures/_archive/taskL_pre_rollout_20260722/D2_site_GA_054_slide_data.png,D2_site_GA_054_slide_data.png,.png,628143,2026-07-20T10:21:15.264796+00:00,295858460f38e4d50091cb76af98f80e83e7a727e9a466b56d51cde279f0db2f,figures/_archive/taskL_pre_rollout_20260722
Output,Output/figures/_archive/taskL_pre_rollout_20260722/D2_site_GA_055_slide_data.pdf,D2_site_GA_055_slide_data.pdf,.pdf,118499,2026-07-20T10:21:17.399317+00:00,6768c2cb9545e1a2df52360f7805703e4e1f1efdeae4b60e00213d8174244c46,figures/_archive/taskL_pre_rollout_20260722
Output,Output/figures/_archive/taskL_pre_rollout_20260722/D2_site_GA_055_slide_data.png,D2_site_GA_055_slide_data.png,.png,633538,2026-07-20T10:21:17.165907+00:00,34b29759334d55b03aa3665b94dcfa1a2ef7053a9833c177848b2301ae7847ff,figures/_archive/taskL_pre_rollout_20260722
Output,Output/figures/_archive/taskL_pre_rollout_20260722/D2_site_GA_056_slide_data.pdf,D2_site_GA_056_slide_data.pdf,.pdf,119666,2026-07-20T10:21:19.366295+00:00,e08ff167164a2308b481d6280cbae95444e337408e8c9156ea5325583ed80d15,figures/_archive/taskL_pre_rollout_20260722
Output,Output/figures/_archive/taskL_pre_rollout_20260722/D2_site_GA_056_slide_data.png,D2_site_GA_056_slide_data.png,.png,620041,2026-07-20T10:21:19.099383+00:00,774093f02bffa9eefd1b9810cebb4f8faa83e5358be3abf9548f959ef205c108,figures/_archive/taskL_pre_rollout_20260722
Output,Output/figures/_archive/taskL_pre_rollout_20260722/D2_site_GA_057_slide_data.pdf,D2_site_GA_057_slide_data.pdf,.pdf,131182,2026-07-20T10:21:21.349381+00:00,165e20bcb6efd2150546b0571222677ed800265d9002f5504152ddf767fa48f9,figures/_archive/taskL_pre_rollout_20260722
Output,Output/figures/_archive/taskL_pre_rollout_20260722/D2_site_GA_057_slide_data.png,D2_site_GA_057_slide_data.png,.png,678169,2026-07-20T10:21:21.098910+00:00,1403631feb092b94571d246d1e44d6f7a37243907450e569825a549c1cfda5e1,figures/_archive/taskL_pre_rollout_20260722
Output,Output/figures/_archive/taskL_pre_rollout_20260722/D2_site_GA_058_slide_data.pdf,D2_site_GA_058_slide_data.pdf,.pdf,117867,2026-07-20T10:21:23.282551+00:00,1046becef096b19e4b068f924c45a863bee3162c15a3fed937ac628155eef14c,figures/_archive/taskL_pre_rollout_20260722
Output,Output/figures/_archive/taskL_pre_rollout_20260722/D2_site_GA_058_slide_data.png,D2_site_GA_058_slide_data.png,.png,598312,2026-07-20T10:21:23.082773+00:00,2a99510f3dab6dc00fc3d51c3b0fa49441cc916cd9be0abebf5b7ab4e3e2cd9a,figures/_archive/taskL_pre_rollout_20260722
Output,Output/figures/_archive/taskL_pre_rollout_20260722/D2_site_GA_059_slide_data.pdf,D2_site_GA_059_slide_data.pdf,.pdf,121629,2026-07-20T10:21:24.934391+00:00,855bc07405423478d37d2c7ab934d8a052adf543e3f7edb26b93111806a6cb9d,figures/_archive/taskL_pre_rollout_20260722
Output,Output/figures/_archive/taskL_pre_rollout_20260722/D2_site_GA_059_slide_data.png,D2_site_GA_059_slide_data.png,.png,626755,2026-07-20T10:21:24.716107+00:00,ccdc1e1871eefd24639393d1ebae50e3ba2965cd967f0406b92d78bf437918c3,figures/_archive/taskL_pre_rollout_20260722
Output,Output/figures/_archive/taskL_pre_rollout_20260722/D2_site_GA_060_slide_data.pdf,D2_site_GA_060_slide_data.pdf,.pdf,118948,2026-07-20T10:21:26.632347+00:00,8dfa23032aac625d22cd8f6afc57e9e595fd3a28d00ccb483f88780e459699af,figures/_archive/taskL_pre_rollout_20260722
Output,Output/figures/_archive/taskL_pre_rollout_20260722/D2_site_GA_060_slide_data.png,D2_site_GA_060_slide_data.png,.png,614422,2026-07-20T10:21:26.415825+00:00,e86e8d95a380265a6f24a656e7d62a55da8c6e1ebabd2d29f2297d336f6d5a69,figures/_archive/taskL_pre_rollout_20260722
Output,Output/figures/_archive/taskL_pre_rollout_20260722/D2_site_GA_061_slide_data.pdf,D2_site_GA_061_slide_data.pdf,.pdf,120552,2026-07-20T10:21:28.349384+00:00,64ff7be353777174a0dfcbff403444a53150dd447efc7a3c6c219f5a5013dcb8,figures/_archive/taskL_pre_rollout_20260722
Output,Output/figures/_archive/taskL_pre_rollout_20260722/D2_site_GA_061_slide_data.png,D2_site_GA_061_slide_data.png,.png,611028,2026-07-20T10:21:28.115987+00:00,9df8b537ac2613e4986a8a2a7548cffe8c52a7ad57320b48350c7e5e0f2c97a1,figures/_archive/taskL_pre_rollout_20260722
Output,Output/figures/_archive/taskL_pre_rollout_20260722/D2_site_GA_062_slide_data.pdf,D2_site_GA_062_slide_data.pdf,.pdf,120511,2026-07-20T10:21:30.132694+00:00,5ae1756029f0cb7c05a9cf1360c9f9870a2c699d4b4adbc33d7870cbc5d7a32c,figures/_archive/taskL_pre_rollout_20260722
Output,Output/figures/_archive/taskL_pre_rollout_20260722/D2_site_GA_062_slide_data.png,D2_site_GA_062_slide_data.png,.png,620689,2026-07-20T10:21:29.899258+00:00,23132ab8340281893d12935b7bad7665f48447eec29f8e7e174544abd366db25,figures/_archive/taskL_pre_rollout_20260722
Output,Output/figures/_archive/taskL_pre_rollout_20260722/D2_site_GA_063_slide_data.pdf,D2_site_GA_063_slide_data.pdf,.pdf,121720,2026-07-20T10:21:31.915840+00:00,dc5be71b0c7bf5009be5f2d5106b9574c5a82fd84399b215c280f7b57d548d82,figures/_archive/taskL_pre_rollout_20260722
Output,Output/figures/_archive/taskL_pre_rollout_20260722/D2_site_GA_063_slide_data.png,D2_site_GA_063_slide_data.png,.png,633748,2026-07-20T10:21:31.682399+00:00,e5101ce986f925bf623ec24e6ed9e105b209a2d22b37ca01349e4c00a2458b18,figures/_archive/taskL_pre_rollout_20260722
Output,Output/figures/_archive/taskL_pre_rollout_20260722/D2_site_GA_064_slide_data.pdf,D2_site_GA_064_slide_data.pdf,.pdf,120772,2026-07-20T10:21:33.782658+00:00,5aa14941c0f049ee268d6e2e3714081e3a505ef85af0db61d008a62b00f3d21b,figures/_archive/taskL_pre_rollout_20260722
Output,Output/figures/_archive/taskL_pre_rollout_20260722/D2_site_GA_064_slide_data.png,D2_site_GA_064_slide_data.png,.png,629930,2026-07-20T10:21:33.549396+00:00,87cf3d7f9932da177bc8a0bcc2724b5920ae62db7e14e14d202e73ed3e273967,figures/_archive/taskL_pre_rollout_20260722
Output,Output/figures/_archive/taskL_pre_rollout_20260722/D2_site_GA_066_slide_data.pdf,D2_site_GA_066_slide_data.pdf,.pdf,130239,2026-07-20T10:21:35.682717+00:00,465560a6362ce605f94ac9d9a2f9198828ca237c873a84893ef90b8a6a328c24,figures/_archive/taskL_pre_rollout_20260722
Output,Output/figures/_archive/taskL_pre_rollout_20260722/D2_site_GA_066_slide_data.png,D2_site_GA_066_slide_data.png,.png,658581,2026-07-20T10:21:35.432578+00:00,f1afb49825897986a80e6233445a39195b462899ec0613c2ba4020476cbfa736,figures/_archive/taskL_pre_rollout_20260722
Output,Output/figures/_archive/taskL_pre_rollout_20260722/_archived_manifest.txt,_archived_manifest.txt,.txt,5259,2026-07-22T07:31:41.731644+00:00,28f2c3ebe0f383b70e4ee13fdae868669a5e574cbd0f98772e0fa9c5a995a980,figures/_archive/taskL_pre_rollout_20260722
Output,Output/logs/.gitkeep,.gitkeep,,0,2026-06-07T17:32:00+00:00,e3b0c44298fc1c149afbf4c8996fb92427ae41e4649b934ca495991b7852b855,logs
Output,Output/logs/03_modis_ground_cover_20260618_114627.txt,03_modis_ground_cover_20260618_114627.txt,.txt,471,2026-06-18T01:47:00+00:00,0003f11689c84e2535417ab561da36129df65662488b45d88d5f5cf34d35afff,logs
Output,Output/logs/03_modis_ground_cover_20260618_114743.txt,03_modis_ground_cover_20260618_114743.txt,.txt,379,2026-06-18T01:48:10+00:00,f35eb56255c3c15875d13aeba109ee8459bf7c6d0866e6447442ca361715529c,logs
Output,Output/logs/03_modis_ground_cover_20260618_114955.txt,03_modis_ground_cover_20260618_114955.txt,.txt,379,2026-06-18T01:50:10+00:00,c8c3dc5862503ef02c381d2531ff79157ceb736ab0f9619d67eb950f7fffa074,logs
Output,Output/logs/03_modis_ground_cover_20260618_115054.txt,03_modis_ground_cover_20260618_115054.txt,.txt,479,2026-06-18T02:18:08+00:00,8d8434ec7f78579e3058f31550e3a304018fe185e41823eeaed8be4d60ee97d4,logs
Output,Output/logs/07_import_murrumbidgee_gauge_context_session_info.txt,07_import_murrumbidgee_gauge_context_session_info.txt,.txt,1073,2026-06-24T03:22:22+00:00,dbf9e549744c07f0d9ec10c650b75362f8f2371d4c3219276a71d9e39deb82d9,logs
Output,Output/logs/17a_import_murrumbidgee_gauge_data_session_info.txt,17a_import_murrumbidgee_gauge_data_session_info.txt,.txt,1073,2026-06-24T03:22:22+00:00,dbf9e549744c07f0d9ec10c650b75362f8f2371d4c3219276a71d9e39deb82d9,logs
Output,Output/logs/17b_join_rs_and_gauge_timeseries_session_info.txt,17b_join_rs_and_gauge_timeseries_session_info.txt,.txt,1144,2026-06-24T03:23:12+00:00,5634426f17703910ceb992420a89d776f064bfb6282347cfe4023d43271ae6b5,logs
Output,Output/logs/17c_plot_rs_gauge_context_session_info.txt,17c_plot_rs_gauge_context_session_info.txt,.txt,1436,2026-06-23T01:32:38+00:00,4d78bde7d2de369a796b78f0aad3573983ac23a3bd7404cea1195af89e0b5b35,logs
Output,Output/logs/setup_log_20260608_154516.txt,setup_log_20260608_154516.txt,.txt,404,2026-06-08T05:45:18+00:00,1df46430fdc83961c3ecf61b809d80b6b83772e9ff35fe3a96b09b3cedfd8f8c,logs
Output,Output/logs/setup_log_20260608_155316.txt,setup_log_20260608_155316.txt,.txt,404,2026-06-08T05:53:18+00:00,cc88fbbdb345090d7bffdf1af34f3078a9a61f6facc3e9499bdbe7f389f52f81,logs
Output,Output/logs/setup_log_20260608_155926.txt,setup_log_20260608_155926.txt,.txt,404,2026-06-08T05:59:28+00:00,d9b97039900f32622c4bd8e2505d9833c155d56ea62914356af8742cc55e63da,logs
Output,Output/logs/setup_log_20260608_162201.txt,setup_log_20260608_162201.txt,.txt,404,2026-06-08T06:22:02+00:00,59e63e33cd9a131647ed07ffb8d0f6454a9e084b17ac10ecb43e735aa8a56ffb,logs
Output,Output/logs/setup_log_20260615_134233.txt,setup_log_20260615_134233.txt,.txt,433,2026-06-15T03:42:34+00:00,277ba0bf42acf507f65518567871c08872f02e3a667b146551f8833bb11f8c3b,logs
Output,Output/rasters/background_flood_frequency_8058.tif,background_flood_frequency_8058.tif,.tif,18667004,2026-07-09T02:09:58+00:00,b856738c95267dbc76426f11d04e9cd26e9313b3c2bf5a2a6a4c370b06ba5047,rasters
Output,Output/rasters/flood_zone_8058.tif,flood_zone_8058.tif,.tif,379259,2026-07-16T10:33:58+00:00,51bc88b583e6a27564f7d0ab9e563c5c98dd99ea99fcd086243274bfec7e0753,rasters
Output,Output/rasters/flood_zone_8058.tif.aux.xml,flood_zone_8058.tif.aux.xml,.xml,7408,2026-07-16T10:33:56+00:00,95cf60285ddcaddc877b6913a8cc1764968e9ce851b26f18e81c2c7be8bf4c50,rasters
Output,Output/rasters/inundation_annual_stack.7z,inundation_annual_stack.7z,.7z,15625512,2026-07-07T04:15:34+00:00,e7b1c1704b5ae1981a83a36943a5557ba085e719403ddb8550ecd3fed975aa89,rasters
Output,Output/rasters/inundation_background.7z,inundation_background.7z,.7z,14484077,2026-07-01T23:40:20+00:00,9f6f07ab497af4b77eeccb5a89de7314314dfb596dc49f512b8681868c28202d,rasters
Output,Output/rasters/veg_regime_class_8058.tif,veg_regime_class_8058.tif,.tif,377327,2026-07-10T06:15:30+00:00,ff079f2f710cd50a6db67d90eed72e4fd836f98156d9b382953a758610912000,rasters
Output,Output/rasters/veg_regime_class_8058.tif.aux.xml,veg_regime_class_8058.tif.aux.xml,.xml,7703,2026-07-10T06:15:30+00:00,e64def57c509b0e043d0e4475b1e181f63e391e447aeb611dbf760f9f6646dcf,rasters
Output,Output/rasters/fc_intermediate/fc_pv_3577_wy1988_2023.tif,fc_pv_3577_wy1988_2023.tif,.tif,399620020,2026-07-16T12:01:12+00:00,f1ff8b2f923251ab56beb5d0dc17bbcb57212897e43c01bdb1640d3af0d772f9,rasters/fc_intermediate
Output,Output/rasters/fc_intermediate/fc_pv_p05_3577.tif,fc_pv_p05_3577.tif,.tif,2550054,2026-07-16T07:49:48+00:00,bf81bb9d5002f984b7fde2f5cc63fa8cd7f10adeea6fae38ee497819548945e9,rasters/fc_intermediate
Output,Output/rasters/fc_intermediate/fc_total_veg_3577_wy1988_2023.tif,fc_total_veg_3577_wy1988_2023.tif,.tif,370566610,2026-07-16T02:55:04+00:00,8c40bc070f54b95b1d88a457a29576c2004084400c7c43c8bab2f003cf56c380,rasters/fc_intermediate
Output,Output/rasters/fc_intermediate/total_veg_pct_3577_DJF_MAM.tif,total_veg_pct_3577_DJF_MAM.tif,.tif,9880565,2026-07-16T05:01:12+00:00,d509b825f4af4bce956aebd76453a4d2a6f341845262e23d6749bae169e2e88f,rasters/fc_intermediate
Output,Output/rasters/fc_intermediate/total_veg_pct_3577_JJA_SON.tif,total_veg_pct_3577_JJA_SON.tif,.tif,9578733,2026-07-16T05:01:30+00:00,e659208c4f62a0c59ab7cdb53e1b7663787ae12fd4560797c30936d63819a7bb,rasters/fc_intermediate
Output,Output/rasters/fc_intermediate/total_veg_percentiles_3577.tif,total_veg_percentiles_3577.tif,.tif,22608582,2026-07-16T03:24:36+00:00,52a2017a83cc82e4e9028aef477c1f34b724222049a5751adb5528e0383ee745,rasters/fc_intermediate
Output,Output/rasters/inundation_annual_stack/annual_valid_any_1988_2023.tif,annual_valid_any_1988_2023.tif,.tif,2262553,2026-07-07T02:24:56+00:00,aa36d707e7db3f2a50f1f2f08730e986ea8eb78feb322e0e33d7d1285977cc36,rasters/inundation_annual_stack
Output,Output/rasters/inundation_annual_stack/annual_wet_any_1988_2023.tif,annual_wet_any_1988_2023.tif,.tif,17118561,2026-07-07T02:24:46+00:00,4e3f6308cfec79080113580ac1f1bc872e64b704e9bd1b0a3c518b60dc60210e,rasters/inundation_annual_stack
Output,Output/rasters/inundation_annual_stack_8058/annual_valid_any_1988_2023_8058.tif,annual_valid_any_1988_2023_8058.tif,.tif,2296485,2026-07-15T11:12:42+00:00,4745fbd21b95a33451bd0b7a92cec89574fccd1033b713e758a90c761d8e3178,rasters/inundation_annual_stack_8058
Output,Output/rasters/inundation_annual_stack_8058/annual_wet_any_1988_2023_8058.tif,annual_wet_any_1988_2023_8058.tif,.tif,17161431,2026-07-15T11:12:28+00:00,f31d39b00110c2e3d3927fe9fbf79207733a0e399f7248cb3fc1b553f970404e,rasters/inundation_annual_stack_8058
Output,Output/rasters/inundation_background/background_pre2015_sensitivity_1989_2015/background_pre2015_sensitivity_1989_2015_inundation_frequency_pct.tif,background_pre2015_sensitivity_1989_2015_inundation_frequency_pct.tif,.tif,1618712,2026-07-02T01:36:34+00:00,2b6b9e73dbec79a60122631c3eb5ba4d160779bbfb32620a3bdf96fb4b7bc0be,rasters/inundation_background/background_pre2015_sensitivity_1989_2015
Output,Output/rasters/inundation_background/background_pre2015_sensitivity_1989_2015/background_pre2015_sensitivity_1989_2015_support_mask.tif,background_pre2015_sensitivity_1989_2015_support_mask.tif,.tif,92352,2026-07-02T01:36:40+00:00,b8ab5e503b6072406aa12d93cd4ff210f7c7df3c37407ff6190a5d87ee60cce4,rasters/inundation_background/background_pre2015_sensitivity_1989_2015
Output,Output/rasters/inundation_background/background_pre2015_sensitivity_1989_2015/background_pre2015_sensitivity_1989_2015_valid_year_count.tif,background_pre2015_sensitivity_1989_2015_valid_year_count.tif,.tif,587610,2026-07-02T01:36:36+00:00,42c74b96547a0749e9f5a3e9d3445cd4feb820bc2e96f6a166f0e2951d322852,rasters/inundation_background/background_pre2015_sensitivity_1989_2015
Output,Output/rasters/inundation_background/background_pre2015_sensitivity_1989_2015/background_pre2015_sensitivity_1989_2015_wet_year_count.tif,background_pre2015_sensitivity_1989_2015_wet_year_count.tif,.tif,1447073,2026-07-02T01:36:36+00:00,66ba2674f98d19436f9c0031fc4d83e099171e494d4d120e0cc9ed511bdf11b9,rasters/inundation_background/background_pre2015_sensitivity_1989_2015
Output,Output/rasters/inundation_background/background_pre2015_sensitivity_1989_2015/annual/annual_inundated_any_background_pre2015_sensitivity_1989_2015__1989.tif,annual_inundated_any_background_pre2015_sensitivity_1989_2015__1989.tif,.tif,608799,2026-07-01T10:11:14+00:00,1a1d7d4628f55e89c04cc8a16688ed7122a4d5fb157f9ed02887ee1d419ba8b1,rasters/inundation_background/background_pre2015_sensitivity_1989_2015/annual
Output,Output/rasters/inundation_background/background_pre2015_sensitivity_1989_2015/annual/annual_inundated_any_background_pre2015_sensitivity_1989_2015__1990.tif,annual_inundated_any_background_pre2015_sensitivity_1989_2015__1990.tif,.tif,658041,2026-07-01T10:12:00+00:00,1320ccd70ed9ab787cda74ded5ac02686a50f3414e7f337cfc0e4ef29ca4c7c4,rasters/inundation_background/background_pre2015_sensitivity_1989_2015/annual
Output,Output/rasters/inundation_background/background_pre2015_sensitivity_1989_2015/annual/annual_inundated_any_background_pre2015_sensitivity_1989_2015__1991.tif,annual_inundated_any_background_pre2015_sensitivity_1989_2015__1991.tif,.tif,637391,2026-07-01T10:12:42+00:00,07d8916e785439774e25c35bfdcbbe9782aea8af690fec43ea76a81fac208a1a,rasters/inundation_background/background_pre2015_sensitivity_1989_2015/annual
Output,Output/rasters/inundation_background/background_pre2015_sensitivity_1989_2015/annual/annual_inundated_any_background_pre2015_sensitivity_1989_2015__1992.tif,annual_inundated_any_background_pre2015_sensitivity_1989_2015__1992.tif,.tif,637259,2026-07-01T10:13:26+00:00,acb9618b8211306f685a4a485a58a2c3ec3212b2c4ea7a6aaaf3a047f6ee4fab,rasters/inundation_background/background_pre2015_sensitivity_1989_2015/annual
Output,Output/rasters/inundation_background/background_pre2015_sensitivity_1989_2015/annual/annual_inundated_any_background_pre2015_sensitivity_1989_2015__1993.tif,annual_inundated_any_background_pre2015_sensitivity_1989_2015__1993.tif,.tif,669141,2026-07-01T10:14:14+00:00,3d0a965f8c402ff69d1db00ebd1b65b336c9919d343064f29fd70f4a13b7c4fd,rasters/inundation_background/background_pre2015_sensitivity_1989_2015/annual
Output,Output/rasters/inundation_background/background_pre2015_sensitivity_1989_2015/annual/annual_inundated_any_background_pre2015_sensitivity_1989_2015__1994.tif,annual_inundated_any_background_pre2015_sensitivity_1989_2015__1994.tif,.tif,636611,2026-07-01T10:15:06+00:00,b3f586ae2940dc9e4139c827d87f0e5b59a732ee97ce2f973c32097e5da8146f,rasters/inundation_background/background_pre2015_sensitivity_1989_2015/annual
Output,Output/rasters/inundation_background/background_pre2015_sensitivity_1989_2015/annual/annual_inundated_any_background_pre2015_sensitivity_1989_2015__1995.tif,annual_inundated_any_background_pre2015_sensitivity_1989_2015__1995.tif,.tif,471955,2026-07-01T10:16:20+00:00,fa8ed66d64e04c57529bc56e4cc4b2c29d2666f7a7c6cf8b37d1ecfd53c8a951,rasters/inundation_background/background_pre2015_sensitivity_1989_2015/annual
Output,Output/rasters/inundation_background/background_pre2015_sensitivity_1989_2015/annual/annual_inundated_any_background_pre2015_sensitivity_1989_2015__1996.tif,annual_inundated_any_background_pre2015_sensitivity_1989_2015__1996.tif,.tif,610925,2026-07-01T10:17:24+00:00,ac77288a08c29e587f0af22cb3677639f1d99e06171b0dc26b0a0e0637f6032f,rasters/inundation_background/background_pre2015_sensitivity_1989_2015/annual
Output,Output/rasters/inundation_background/background_pre2015_sensitivity_1989_2015/annual/annual_inundated_any_background_pre2015_sensitivity_1989_2015__1997.tif,annual_inundated_any_background_pre2015_sensitivity_1989_2015__1997.tif,.tif,604725,2026-07-01T10:18:20+00:00,031efad81ea5b8138392358a0fc7db76a2abc178533a52cb5d1d4db0f5ce0223,rasters/inundation_background/background_pre2015_sensitivity_1989_2015/annual
Output,Output/rasters/inundation_background/background_pre2015_sensitivity_1989_2015/annual/annual_inundated_any_background_pre2015_sensitivity_1989_2015__1998.tif,annual_inundated_any_background_pre2015_sensitivity_1989_2015__1998.tif,.tif,486507,2026-07-01T10:19:10+00:00,baa619b76ce1c639b9d1a5543919514d4338d8a3ee183bf4fd2e8a72fc738b77,rasters/inundation_background/background_pre2015_sensitivity_1989_2015/annual
Output,Output/rasters/inundation_background/background_pre2015_sensitivity_1989_2015/annual/annual_inundated_any_background_pre2015_sensitivity_1989_2015__1999.tif,annual_inundated_any_background_pre2015_sensitivity_1989_2015__1999.tif,.tif,620809,2026-07-01T10:19:54+00:00,abd533e59c1ab5b1a7dacdf1177d54b50b7cf675f24bf4f2814cdd9ae3bc1576,rasters/inundation_background/background_pre2015_sensitivity_1989_2015/annual
Output,Output/rasters/inundation_background/background_pre2015_sensitivity_1989_2015/annual/annual_inundated_any_background_pre2015_sensitivity_1989_2015__2000.tif,annual_inundated_any_background_pre2015_sensitivity_1989_2015__2000.tif,.tif,486505,2026-07-01T10:21:04+00:00,1aa2e8c256472d0a16f8cfe5e732c6099266024610a23b6921f5a0c8b5362337,rasters/inundation_background/background_pre2015_sensitivity_1989_2015/annual
Output,Output/rasters/inundation_background/background_pre2015_sensitivity_1989_2015/annual/annual_inundated_any_background_pre2015_sensitivity_1989_2015__2001.tif,annual_inundated_any_background_pre2015_sensitivity_1989_2015__2001.tif,.tif,591711,2026-07-01T10:22:34+00:00,5d641b9328f0fbbbe1e823a19eab33a5d69a4ec2a087bfd0295177d7e7b5a748,rasters/inundation_background/background_pre2015_sensitivity_1989_2015/annual
Output,Output/rasters/inundation_background/background_pre2015_sensitivity_1989_2015/annual/annual_inundated_any_background_pre2015_sensitivity_1989_2015__2002.tif,annual_inundated_any_background_pre2015_sensitivity_1989_2015__2002.tif,.tif,497141,2026-07-01T10:23:44+00:00,0c58e6da4365d7112057257c99fcc16dd15277904f5caddb8b3061a343031c64,rasters/inundation_background/background_pre2015_sensitivity_1989_2015/annual
Output,Output/rasters/inundation_background/background_pre2015_sensitivity_1989_2015/annual/annual_inundated_any_background_pre2015_sensitivity_1989_2015__2003.tif,annual_inundated_any_background_pre2015_sensitivity_1989_2015__2003.tif,.tif,559121,2026-07-01T10:24:40+00:00,0bb8c79dbdd787e171c128c9ba673806fe1fa42637f59b302b74becddb693cac,rasters/inundation_background/background_pre2015_sensitivity_1989_2015/annual
Output,Output/rasters/inundation_background/background_pre2015_sensitivity_1989_2015/annual/annual_inundated_any_background_pre2015_sensitivity_1989_2015__2004.tif,annual_inundated_any_background_pre2015_sensitivity_1989_2015__2004.tif,.tif,462211,2026-07-01T10:25:56+00:00,4d04e6eeb9374bb20fa26be9db456358eaab6b2ccf7729d4c5542b5f04e287ec,rasters/inundation_background/background_pre2015_sensitivity_1989_2015/annual
Output,Output/rasters/inundation_background/background_pre2015_sensitivity_1989_2015/annual/annual_inundated_any_background_pre2015_sensitivity_1989_2015__2005.tif,annual_inundated_any_background_pre2015_sensitivity_1989_2015__2005.tif,.tif,493351,2026-07-01T10:27:18+00:00,cccf7c5becf6d31bf66c10e637c35963cf9bf885091d2da413681a5c4da2908d,rasters/inundation_background/background_pre2015_sensitivity_1989_2015/annual
Output,Output/rasters/inundation_background/background_pre2015_sensitivity_1989_2015/annual/annual_inundated_any_background_pre2015_sensitivity_1989_2015__2006.tif,annual_inundated_any_background_pre2015_sensitivity_1989_2015__2006.tif,.tif,590081,2026-07-01T10:28:04+00:00,ff3797d8024417438028c45be153415f9c85dfc227360783f9c17b39fd294b80,rasters/inundation_background/background_pre2015_sensitivity_1989_2015/annual
Output,Output/rasters/inundation_background/background_pre2015_sensitivity_1989_2015/annual/annual_inundated_any_background_pre2015_sensitivity_1989_2015__2007.tif,annual_inundated_any_background_pre2015_sensitivity_1989_2015__2007.tif,.tif,453181,2026-07-01T10:28:34+00:00,0503389e0d0042e7c097a6beac3643e577d622be578cd2cb78ed53c018425170,rasters/inundation_background/background_pre2015_sensitivity_1989_2015/annual
Output,Output/rasters/inundation_background/background_pre2015_sensitivity_1989_2015/annual/annual_inundated_any_background_pre2015_sensitivity_1989_2015__2008.tif,annual_inundated_any_background_pre2015_sensitivity_1989_2015__2008.tif,.tif,461947,2026-07-01T10:29:10+00:00,000212ad2a159342eb5853ebd168d71747ce7c7ff3342bd58e722839004e7bba,rasters/inundation_background/background_pre2015_sensitivity_1989_2015/annual
Output,Output/rasters/inundation_background/background_pre2015_sensitivity_1989_2015/annual/annual_inundated_any_background_pre2015_sensitivity_1989_2015__2009.tif,annual_inundated_any_background_pre2015_sensitivity_1989_2015__2009.tif,.tif,463095,2026-07-01T10:29:48+00:00,3bf98151cb99f431f0b95151ed44c8dcb23cc96ebd15e0bca567e52e74958722,rasters/inundation_background/background_pre2015_sensitivity_1989_2015/annual
Output,Output/rasters/inundation_background/background_pre2015_sensitivity_1989_2015/annual/annual_inundated_any_background_pre2015_sensitivity_1989_2015__2010.tif,annual_inundated_any_background_pre2015_sensitivity_1989_2015__2010.tif,.tif,530407,2026-07-01T10:30:24+00:00,598b90d3d6d21c9fdf545fb60c74a8e9c3a7ffa1281a83f68f7a2bacd95d9ffe,rasters/inundation_background/background_pre2015_sensitivity_1989_2015/annual
Output,Output/rasters/inundation_background/background_pre2015_sensitivity_1989_2015/annual/annual_inundated_any_background_pre2015_sensitivity_1989_2015__2011.tif,annual_inundated_any_background_pre2015_sensitivity_1989_2015__2011.tif,.tif,652103,2026-07-01T10:30:58+00:00,e0c9759c321195ebceaba11f0e170857cec54a8ac8420b55944276ebb209598c,rasters/inundation_background/background_pre2015_sensitivity_1989_2015/annual
Output,Output/rasters/inundation_background/background_pre2015_sensitivity_1989_2015/annual/annual_inundated_any_background_pre2015_sensitivity_1989_2015__2012.tif,annual_inundated_any_background_pre2015_sensitivity_1989_2015__2012.tif,.tif,627069,2026-07-01T10:31:34+00:00,c716920fd0533c2b7b801250b06123fa85364dbae5f4a13bc703f91eff967375,rasters/inundation_background/background_pre2015_sensitivity_1989_2015/annual
Output,Output/rasters/inundation_background/background_pre2015_sensitivity_1989_2015/annual/annual_inundated_any_background_pre2015_sensitivity_1989_2015__2013.tif,annual_inundated_any_background_pre2015_sensitivity_1989_2015__2013.tif,.tif,585699,2026-07-01T10:32:06+00:00,79641870beb47ac8301321350ff492ed330fc8fd97f8509120cef4305119fd6d,rasters/inundation_background/background_pre2015_sensitivity_1989_2015/annual
Output,Output/rasters/inundation_background/background_pre2015_sensitivity_1989_2015/annual/annual_inundated_any_background_pre2015_sensitivity_1989_2015__2014.tif,annual_inundated_any_background_pre2015_sensitivity_1989_2015__2014.tif,.tif,535427,2026-07-01T10:32:36+00:00,409cbed8af7298f58c70a16f4d39498946c09e205c0ffe7f6af6d51e687a00b8,rasters/inundation_background/background_pre2015_sensitivity_1989_2015/annual
Output,Output/rasters/inundation_background/background_pre2015_sensitivity_1989_2015/annual/annual_inundated_any_background_pre2015_sensitivity_1989_2015__2015.tif,annual_inundated_any_background_pre2015_sensitivity_1989_2015__2015.tif,.tif,542883,2026-07-01T10:32:58+00:00,6b48ab9c930520e981e47b9212f51a431993b642f58b7487bfa7e161741339e5,rasters/inundation_background/background_pre2015_sensitivity_1989_2015/annual
Output,Output/rasters/inundation_background/background_pre2015_sensitivity_1989_2015/annual/annual_valid_any_background_pre2015_sensitivity_1989_2015__1989.tif,annual_valid_any_background_pre2015_sensitivity_1989_2015__1989.tif,.tif,587527,2026-07-01T10:11:14+00:00,e6472f59e2472748eb7241ae0e068f0e93eae6f6075f1afc45f5061d323c6c12,rasters/inundation_background/background_pre2015_sensitivity_1989_2015/annual
Output,Output/rasters/inundation_background/background_pre2015_sensitivity_1989_2015/annual/annual_valid_any_background_pre2015_sensitivity_1989_2015__1990.tif,annual_valid_any_background_pre2015_sensitivity_1989_2015__1990.tif,.tif,587527,2026-07-01T10:12:00+00:00,e6472f59e2472748eb7241ae0e068f0e93eae6f6075f1afc45f5061d323c6c12,rasters/inundation_background/background_pre2015_sensitivity_1989_2015/annual
Output,Output/rasters/inundation_background/background_pre2015_sensitivity_1989_2015/annual/annual_valid_any_background_pre2015_sensitivity_1989_2015__1991.tif,annual_valid_any_background_pre2015_sensitivity_1989_2015__1991.tif,.tif,587527,2026-07-01T10:12:44+00:00,e6472f59e2472748eb7241ae0e068f0e93eae6f6075f1afc45f5061d323c6c12,rasters/inundation_background/background_pre2015_sensitivity_1989_2015/annual
Output,Output/rasters/inundation_background/background_pre2015_sensitivity_1989_2015/annual/annual_valid_any_background_pre2015_sensitivity_1989_2015__1992.tif,annual_valid_any_background_pre2015_sensitivity_1989_2015__1992.tif,.tif,587527,2026-07-01T10:13:26+00:00,e6472f59e2472748eb7241ae0e068f0e93eae6f6075f1afc45f5061d323c6c12,rasters/inundation_background/background_pre2015_sensitivity_1989_2015/annual
Output,Output/rasters/inundation_background/background_pre2015_sensitivity_1989_2015/annual/annual_valid_any_background_pre2015_sensitivity_1989_2015__1993.tif,annual_valid_any_background_pre2015_sensitivity_1989_2015__1993.tif,.tif,587527,2026-07-01T10:14:14+00:00,e6472f59e2472748eb7241ae0e068f0e93eae6f6075f1afc45f5061d323c6c12,rasters/inundation_background/background_pre2015_sensitivity_1989_2015/annual
Output,Output/rasters/inundation_background/background_pre2015_sensitivity_1989_2015/annual/annual_valid_any_background_pre2015_sensitivity_1989_2015__1994.tif,annual_valid_any_background_pre2015_sensitivity_1989_2015__1994.tif,.tif,587527,2026-07-01T10:15:06+00:00,e6472f59e2472748eb7241ae0e068f0e93eae6f6075f1afc45f5061d323c6c12,rasters/inundation_background/background_pre2015_sensitivity_1989_2015/annual
Output,Output/rasters/inundation_background/background_pre2015_sensitivity_1989_2015/annual/annual_valid_any_background_pre2015_sensitivity_1989_2015__1995.tif,annual_valid_any_background_pre2015_sensitivity_1989_2015__1995.tif,.tif,587527,2026-07-01T10:16:22+00:00,e6472f59e2472748eb7241ae0e068f0e93eae6f6075f1afc45f5061d323c6c12,rasters/inundation_background/background_pre2015_sensitivity_1989_2015/annual
Output,Output/rasters/inundation_background/background_pre2015_sensitivity_1989_2015/annual/annual_valid_any_background_pre2015_sensitivity_1989_2015__1996.tif,annual_valid_any_background_pre2015_sensitivity_1989_2015__1996.tif,.tif,587527,2026-07-01T10:17:24+00:00,e6472f59e2472748eb7241ae0e068f0e93eae6f6075f1afc45f5061d323c6c12,rasters/inundation_background/background_pre2015_sensitivity_1989_2015/annual
Output,Output/rasters/inundation_background/background_pre2015_sensitivity_1989_2015/annual/annual_valid_any_background_pre2015_sensitivity_1989_2015__1997.tif,annual_valid_any_background_pre2015_sensitivity_1989_2015__1997.tif,.tif,587527,2026-07-01T10:18:22+00:00,e6472f59e2472748eb7241ae0e068f0e93eae6f6075f1afc45f5061d323c6c12,rasters/inundation_background/background_pre2015_sensitivity_1989_2015/annual
Output,Output/rasters/inundation_background/background_pre2015_sensitivity_1989_2015/annual/annual_valid_any_background_pre2015_sensitivity_1989_2015__1998.tif,annual_valid_any_background_pre2015_sensitivity_1989_2015__1998.tif,.tif,587527,2026-07-01T10:19:10+00:00,e6472f59e2472748eb7241ae0e068f0e93eae6f6075f1afc45f5061d323c6c12,rasters/inundation_background/background_pre2015_sensitivity_1989_2015/annual
Output,Output/rasters/inundation_background/background_pre2015_sensitivity_1989_2015/annual/annual_valid_any_background_pre2015_sensitivity_1989_2015__1999.tif,annual_valid_any_background_pre2015_sensitivity_1989_2015__1999.tif,.tif,587527,2026-07-01T10:19:54+00:00,e6472f59e2472748eb7241ae0e068f0e93eae6f6075f1afc45f5061d323c6c12,rasters/inundation_background/background_pre2015_sensitivity_1989_2015/annual
Output,Output/rasters/inundation_background/background_pre2015_sensitivity_1989_2015/annual/annual_valid_any_background_pre2015_sensitivity_1989_2015__2000.tif,annual_valid_any_background_pre2015_sensitivity_1989_2015__2000.tif,.tif,587527,2026-07-01T10:21:06+00:00,e6472f59e2472748eb7241ae0e068f0e93eae6f6075f1afc45f5061d323c6c12,rasters/inundation_background/background_pre2015_sensitivity_1989_2015/annual
Output,Output/rasters/inundation_background/background_pre2015_sensitivity_1989_2015/annual/annual_valid_any_background_pre2015_sensitivity_1989_2015__2001.tif,annual_valid_any_background_pre2015_sensitivity_1989_2015__2001.tif,.tif,587527,2026-07-01T10:22:36+00:00,e6472f59e2472748eb7241ae0e068f0e93eae6f6075f1afc45f5061d323c6c12,rasters/inundation_background/background_pre2015_sensitivity_1989_2015/annual
Output,Output/rasters/inundation_background/background_pre2015_sensitivity_1989_2015/annual/annual_valid_any_background_pre2015_sensitivity_1989_2015__2002.tif,annual_valid_any_background_pre2015_sensitivity_1989_2015__2002.tif,.tif,587527,2026-07-01T10:23:44+00:00,e6472f59e2472748eb7241ae0e068f0e93eae6f6075f1afc45f5061d323c6c12,rasters/inundation_background/background_pre2015_sensitivity_1989_2015/annual
Output,Output/rasters/inundation_background/background_pre2015_sensitivity_1989_2015/annual/annual_valid_any_background_pre2015_sensitivity_1989_2015__2003.tif,annual_valid_any_background_pre2015_sensitivity_1989_2015__2003.tif,.tif,587527,2026-07-01T10:24:42+00:00,e6472f59e2472748eb7241ae0e068f0e93eae6f6075f1afc45f5061d323c6c12,rasters/inundation_background/background_pre2015_sensitivity_1989_2015/annual
Output,Output/rasters/inundation_background/background_pre2015_sensitivity_1989_2015/annual/annual_valid_any_background_pre2015_sensitivity_1989_2015__2004.tif,annual_valid_any_background_pre2015_sensitivity_1989_2015__2004.tif,.tif,587527,2026-07-01T10:25:58+00:00,e6472f59e2472748eb7241ae0e068f0e93eae6f6075f1afc45f5061d323c6c12,rasters/inundation_background/background_pre2015_sensitivity_1989_2015/annual
Output,Output/rasters/inundation_background/background_pre2015_sensitivity_1989_2015/annual/annual_valid_any_background_pre2015_sensitivity_1989_2015__2005.tif,annual_valid_any_background_pre2015_sensitivity_1989_2015__2005.tif,.tif,587527,2026-07-01T10:27:18+00:00,e6472f59e2472748eb7241ae0e068f0e93eae6f6075f1afc45f5061d323c6c12,rasters/inundation_background/background_pre2015_sensitivity_1989_2015/annual
Output,Output/rasters/inundation_background/background_pre2015_sensitivity_1989_2015/annual/annual_valid_any_background_pre2015_sensitivity_1989_2015__2006.tif,annual_valid_any_background_pre2015_sensitivity_1989_2015__2006.tif,.tif,587527,2026-07-01T10:28:04+00:00,e6472f59e2472748eb7241ae0e068f0e93eae6f6075f1afc45f5061d323c6c12,rasters/inundation_background/background_pre2015_sensitivity_1989_2015/annual
Output,Output/rasters/inundation_background/background_pre2015_sensitivity_1989_2015/annual/annual_valid_any_background_pre2015_sensitivity_1989_2015__2007.tif,annual_valid_any_background_pre2015_sensitivity_1989_2015__2007.tif,.tif,587527,2026-07-01T10:28:36+00:00,e6472f59e2472748eb7241ae0e068f0e93eae6f6075f1afc45f5061d323c6c12,rasters/inundation_background/background_pre2015_sensitivity_1989_2015/annual
Output,Output/rasters/inundation_background/background_pre2015_sensitivity_1989_2015/annual/annual_valid_any_background_pre2015_sensitivity_1989_2015__2008.tif,annual_valid_any_background_pre2015_sensitivity_1989_2015__2008.tif,.tif,587527,2026-07-01T10:29:12+00:00,e6472f59e2472748eb7241ae0e068f0e93eae6f6075f1afc45f5061d323c6c12,rasters/inundation_background/background_pre2015_sensitivity_1989_2015/annual
Output,Output/rasters/inundation_background/background_pre2015_sensitivity_1989_2015/annual/annual_valid_any_background_pre2015_sensitivity_1989_2015__2009.tif,annual_valid_any_background_pre2015_sensitivity_1989_2015__2009.tif,.tif,587527,2026-07-01T10:29:48+00:00,e6472f59e2472748eb7241ae0e068f0e93eae6f6075f1afc45f5061d323c6c12,rasters/inundation_background/background_pre2015_sensitivity_1989_2015/annual
Output,Output/rasters/inundation_background/background_pre2015_sensitivity_1989_2015/annual/annual_valid_any_background_pre2015_sensitivity_1989_2015__2010.tif,annual_valid_any_background_pre2015_sensitivity_1989_2015__2010.tif,.tif,587527,2026-07-01T10:30:24+00:00,e6472f59e2472748eb7241ae0e068f0e93eae6f6075f1afc45f5061d323c6c12,rasters/inundation_background/background_pre2015_sensitivity_1989_2015/annual
Output,Output/rasters/inundation_background/background_pre2015_sensitivity_1989_2015/annual/annual_valid_any_background_pre2015_sensitivity_1989_2015__2011.tif,annual_valid_any_background_pre2015_sensitivity_1989_2015__2011.tif,.tif,587527,2026-07-01T10:30:58+00:00,e6472f59e2472748eb7241ae0e068f0e93eae6f6075f1afc45f5061d323c6c12,rasters/inundation_background/background_pre2015_sensitivity_1989_2015/annual
Output,Output/rasters/inundation_background/background_pre2015_sensitivity_1989_2015/annual/annual_valid_any_background_pre2015_sensitivity_1989_2015__2012.tif,annual_valid_any_background_pre2015_sensitivity_1989_2015__2012.tif,.tif,587527,2026-07-01T10:31:34+00:00,e6472f59e2472748eb7241ae0e068f0e93eae6f6075f1afc45f5061d323c6c12,rasters/inundation_background/background_pre2015_sensitivity_1989_2015/annual
Output,Output/rasters/inundation_background/background_pre2015_sensitivity_1989_2015/annual/annual_valid_any_background_pre2015_sensitivity_1989_2015__2013.tif,annual_valid_any_background_pre2015_sensitivity_1989_2015__2013.tif,.tif,587527,2026-07-01T10:32:06+00:00,e6472f59e2472748eb7241ae0e068f0e93eae6f6075f1afc45f5061d323c6c12,rasters/inundation_background/background_pre2015_sensitivity_1989_2015/annual
Output,Output/rasters/inundation_background/background_pre2015_sensitivity_1989_2015/annual/annual_valid_any_background_pre2015_sensitivity_1989_2015__2014.tif,annual_valid_any_background_pre2015_sensitivity_1989_2015__2014.tif,.tif,587527,2026-07-01T10:32:36+00:00,e6472f59e2472748eb7241ae0e068f0e93eae6f6075f1afc45f5061d323c6c12,rasters/inundation_background/background_pre2015_sensitivity_1989_2015/annual
Output,Output/rasters/inundation_background/background_pre2015_sensitivity_1989_2015/annual/annual_valid_any_background_pre2015_sensitivity_1989_2015__2015.tif,annual_valid_any_background_pre2015_sensitivity_1989_2015__2015.tif,.tif,587527,2026-07-01T10:32:58+00:00,e6472f59e2472748eb7241ae0e068f0e93eae6f6075f1afc45f5061d323c6c12,rasters/inundation_background/background_pre2015_sensitivity_1989_2015/annual
Output,Output/rasters/inundation_background/background_strict_1989_2014/background_strict_1989_2014_inundation_frequency_pct.tif,background_strict_1989_2014_inundation_frequency_pct.tif,.tif,1594409,2026-07-02T01:34:48+00:00,af775c0f28313b25920e6870d255903d3058b0e61f26c5e36ba039b4c01c398d,rasters/inundation_background/background_strict_1989_2014
Output,Output/rasters/inundation_background/background_strict_1989_2014/background_strict_1989_2014_support_mask.tif,background_strict_1989_2014_support_mask.tif,.tif,92327,2026-07-02T01:34:56+00:00,8dd0e5b9255728a1daeac36bb7c9051ca8ddd0a4ad4d1b65f79db712270530a0,rasters/inundation_background/background_strict_1989_2014
Output,Output/rasters/inundation_background/background_strict_1989_2014/background_strict_1989_2014_valid_year_count.tif,background_strict_1989_2014_valid_year_count.tif,.tif,587585,2026-07-02T01:34:52+00:00,a529ced41e576ad28513ee5cd4311af2ca682821597cfa41cbe92e5de616dcaf,rasters/inundation_background/background_strict_1989_2014
Output,Output/rasters/inundation_background/background_strict_1989_2014/background_strict_1989_2014_wet_year_count.tif,background_strict_1989_2014_wet_year_count.tif,.tif,1434368,2026-07-02T01:34:50+00:00,c8ea207b3b3139925d629c6fa35472970ae1757b1b0c047f91eb9802e9d74188,rasters/inundation_background/background_strict_1989_2014
Output,Output/rasters/inundation_background/background_strict_1989_2014/annual/annual_inundated_any_background_strict_1989_2014__1989.tif,annual_inundated_any_background_strict_1989_2014__1989.tif,.tif,608799,2026-07-01T09:19:44+00:00,1a1d7d4628f55e89c04cc8a16688ed7122a4d5fb157f9ed02887ee1d419ba8b1,rasters/inundation_background/background_strict_1989_2014/annual
Output,Output/rasters/inundation_background/background_strict_1989_2014/annual/annual_inundated_any_background_strict_1989_2014__1990.tif,annual_inundated_any_background_strict_1989_2014__1990.tif,.tif,658041,2026-07-01T09:20:48+00:00,1320ccd70ed9ab787cda74ded5ac02686a50f3414e7f337cfc0e4ef29ca4c7c4,rasters/inundation_background/background_strict_1989_2014/annual
Output,Output/rasters/inundation_background/background_strict_1989_2014/annual/annual_inundated_any_background_strict_1989_2014__1991.tif,annual_inundated_any_background_strict_1989_2014__1991.tif,.tif,637391,2026-07-01T09:21:50+00:00,07d8916e785439774e25c35bfdcbbe9782aea8af690fec43ea76a81fac208a1a,rasters/inundation_background/background_strict_1989_2014/annual
Output,Output/rasters/inundation_background/background_strict_1989_2014/annual/annual_inundated_any_background_strict_1989_2014__1992.tif,annual_inundated_any_background_strict_1989_2014__1992.tif,.tif,637259,2026-07-01T09:22:54+00:00,acb9618b8211306f685a4a485a58a2c3ec3212b2c4ea7a6aaaf3a047f6ee4fab,rasters/inundation_background/background_strict_1989_2014/annual
Output,Output/rasters/inundation_background/background_strict_1989_2014/annual/annual_inundated_any_background_strict_1989_2014__1993.tif,annual_inundated_any_background_strict_1989_2014__1993.tif,.tif,669141,2026-07-01T09:23:54+00:00,3d0a965f8c402ff69d1db00ebd1b65b336c9919d343064f29fd70f4a13b7c4fd,rasters/inundation_background/background_strict_1989_2014/annual
Output,Output/rasters/inundation_background/background_strict_1989_2014/annual/annual_inundated_any_background_strict_1989_2014__1994.tif,annual_inundated_any_background_strict_1989_2014__1994.tif,.tif,636611,2026-07-01T09:24:56+00:00,b3f586ae2940dc9e4139c827d87f0e5b59a732ee97ce2f973c32097e5da8146f,rasters/inundation_background/background_strict_1989_2014/annual
Output,Output/rasters/inundation_background/background_strict_1989_2014/annual/annual_inundated_any_background_strict_1989_2014__1995.tif,annual_inundated_any_background_strict_1989_2014__1995.tif,.tif,471955,2026-07-01T09:26:02+00:00,fa8ed66d64e04c57529bc56e4cc4b2c29d2666f7a7c6cf8b37d1ecfd53c8a951,rasters/inundation_background/background_strict_1989_2014/annual
Output,Output/rasters/inundation_background/background_strict_1989_2014/annual/annual_inundated_any_background_strict_1989_2014__1996.tif,annual_inundated_any_background_strict_1989_2014__1996.tif,.tif,610925,2026-07-01T09:27:06+00:00,ac77288a08c29e587f0af22cb3677639f1d99e06171b0dc26b0a0e0637f6032f,rasters/inundation_background/background_strict_1989_2014/annual
Output,Output/rasters/inundation_background/background_strict_1989_2014/annual/annual_inundated_any_background_strict_1989_2014__1997.tif,annual_inundated_any_background_strict_1989_2014__1997.tif,.tif,604725,2026-07-01T09:28:12+00:00,031efad81ea5b8138392358a0fc7db76a2abc178533a52cb5d1d4db0f5ce0223,rasters/inundation_background/background_strict_1989_2014/annual
Output,Output/rasters/inundation_background/background_strict_1989_2014/annual/annual_inundated_any_background_strict_1989_2014__1998.tif,annual_inundated_any_background_strict_1989_2014__1998.tif,.tif,486507,2026-07-01T09:29:20+00:00,baa619b76ce1c639b9d1a5543919514d4338d8a3ee183bf4fd2e8a72fc738b77,rasters/inundation_background/background_strict_1989_2014/annual
Output,Output/rasters/inundation_background/background_strict_1989_2014/annual/annual_inundated_any_background_strict_1989_2014__1999.tif,annual_inundated_any_background_strict_1989_2014__1999.tif,.tif,620809,2026-07-01T09:30:24+00:00,abd533e59c1ab5b1a7dacdf1177d54b50b7cf675f24bf4f2814cdd9ae3bc1576,rasters/inundation_background/background_strict_1989_2014/annual
Output,Output/rasters/inundation_background/background_strict_1989_2014/annual/annual_inundated_any_background_strict_1989_2014__2000.tif,annual_inundated_any_background_strict_1989_2014__2000.tif,.tif,486505,2026-07-01T09:31:30+00:00,1aa2e8c256472d0a16f8cfe5e732c6099266024610a23b6921f5a0c8b5362337,rasters/inundation_background/background_strict_1989_2014/annual
Output,Output/rasters/inundation_background/background_strict_1989_2014/annual/annual_inundated_any_background_strict_1989_2014__2001.tif,annual_inundated_any_background_strict_1989_2014__2001.tif,.tif,591711,2026-07-01T09:32:34+00:00,5d641b9328f0fbbbe1e823a19eab33a5d69a4ec2a087bfd0295177d7e7b5a748,rasters/inundation_background/background_strict_1989_2014/annual
Output,Output/rasters/inundation_background/background_strict_1989_2014/annual/annual_inundated_any_background_strict_1989_2014__2002.tif,annual_inundated_any_background_strict_1989_2014__2002.tif,.tif,497141,2026-07-01T09:34:04+00:00,0c58e6da4365d7112057257c99fcc16dd15277904f5caddb8b3061a343031c64,rasters/inundation_background/background_strict_1989_2014/annual
Output,Output/rasters/inundation_background/background_strict_1989_2014/annual/annual_inundated_any_background_strict_1989_2014__2003.tif,annual_inundated_any_background_strict_1989_2014__2003.tif,.tif,559121,2026-07-01T09:35:16+00:00,0bb8c79dbdd787e171c128c9ba673806fe1fa42637f59b302b74becddb693cac,rasters/inundation_background/background_strict_1989_2014/annual
Output,Output/rasters/inundation_background/background_strict_1989_2014/annual/annual_inundated_any_background_strict_1989_2014__2004.tif,annual_inundated_any_background_strict_1989_2014__2004.tif,.tif,462211,2026-07-01T09:36:30+00:00,4d04e6eeb9374bb20fa26be9db456358eaab6b2ccf7729d4c5542b5f04e287ec,rasters/inundation_background/background_strict_1989_2014/annual
Output,Output/rasters/inundation_background/background_strict_1989_2014/annual/annual_inundated_any_background_strict_1989_2014__2005.tif,annual_inundated_any_background_strict_1989_2014__2005.tif,.tif,493351,2026-07-01T09:37:34+00:00,cccf7c5becf6d31bf66c10e637c35963cf9bf885091d2da413681a5c4da2908d,rasters/inundation_background/background_strict_1989_2014/annual
Output,Output/rasters/inundation_background/background_strict_1989_2014/annual/annual_inundated_any_background_strict_1989_2014__2006.tif,annual_inundated_any_background_strict_1989_2014__2006.tif,.tif,590081,2026-07-01T09:38:42+00:00,ff3797d8024417438028c45be153415f9c85dfc227360783f9c17b39fd294b80,rasters/inundation_background/background_strict_1989_2014/annual
Output,Output/rasters/inundation_background/background_strict_1989_2014/annual/annual_inundated_any_background_strict_1989_2014__2007.tif,annual_inundated_any_background_strict_1989_2014__2007.tif,.tif,453181,2026-07-01T09:39:34+00:00,0503389e0d0042e7c097a6beac3643e577d622be578cd2cb78ed53c018425170,rasters/inundation_background/background_strict_1989_2014/annual
Output,Output/rasters/inundation_background/background_strict_1989_2014/annual/annual_inundated_any_background_strict_1989_2014__2008.tif,annual_inundated_any_background_strict_1989_2014__2008.tif,.tif,461947,2026-07-01T09:40:20+00:00,000212ad2a159342eb5853ebd168d71747ce7c7ff3342bd58e722839004e7bba,rasters/inundation_background/background_strict_1989_2014/annual
Output,Output/rasters/inundation_background/background_strict_1989_2014/annual/annual_inundated_any_background_strict_1989_2014__2009.tif,annual_inundated_any_background_strict_1989_2014__2009.tif,.tif,463095,2026-07-01T09:41:02+00:00,3bf98151cb99f431f0b95151ed44c8dcb23cc96ebd15e0bca567e52e74958722,rasters/inundation_background/background_strict_1989_2014/annual
Output,Output/rasters/inundation_background/background_strict_1989_2014/annual/annual_inundated_any_background_strict_1989_2014__2010.tif,annual_inundated_any_background_strict_1989_2014__2010.tif,.tif,530407,2026-07-01T09:42:00+00:00,598b90d3d6d21c9fdf545fb60c74a8e9c3a7ffa1281a83f68f7a2bacd95d9ffe,rasters/inundation_background/background_strict_1989_2014/annual
Output,Output/rasters/inundation_background/background_strict_1989_2014/annual/annual_inundated_any_background_strict_1989_2014__2011.tif,annual_inundated_any_background_strict_1989_2014__2011.tif,.tif,652103,2026-07-01T09:42:52+00:00,e0c9759c321195ebceaba11f0e170857cec54a8ac8420b55944276ebb209598c,rasters/inundation_background/background_strict_1989_2014/annual
Output,Output/rasters/inundation_background/background_strict_1989_2014/annual/annual_inundated_any_background_strict_1989_2014__2012.tif,annual_inundated_any_background_strict_1989_2014__2012.tif,.tif,627069,2026-07-01T09:43:42+00:00,c716920fd0533c2b7b801250b06123fa85364dbae5f4a13bc703f91eff967375,rasters/inundation_background/background_strict_1989_2014/annual
Output,Output/rasters/inundation_background/background_strict_1989_2014/annual/annual_inundated_any_background_strict_1989_2014__2013.tif,annual_inundated_any_background_strict_1989_2014__2013.tif,.tif,585699,2026-07-01T09:44:38+00:00,79641870beb47ac8301321350ff492ed330fc8fd97f8509120cef4305119fd6d,rasters/inundation_background/background_strict_1989_2014/annual
Output,Output/rasters/inundation_background/background_strict_1989_2014/annual/annual_inundated_any_background_strict_1989_2014__2014.tif,annual_inundated_any_background_strict_1989_2014__2014.tif,.tif,535427,2026-07-01T09:45:28+00:00,409cbed8af7298f58c70a16f4d39498946c09e205c0ffe7f6af6d51e687a00b8,rasters/inundation_background/background_strict_1989_2014/annual
Output,Output/rasters/inundation_background/background_strict_1989_2014/annual/annual_valid_any_background_strict_1989_2014__1989.tif,annual_valid_any_background_strict_1989_2014__1989.tif,.tif,587527,2026-07-01T09:19:46+00:00,e6472f59e2472748eb7241ae0e068f0e93eae6f6075f1afc45f5061d323c6c12,rasters/inundation_background/background_strict_1989_2014/annual
Output,Output/rasters/inundation_background/background_strict_1989_2014/annual/annual_valid_any_background_strict_1989_2014__1990.tif,annual_valid_any_background_strict_1989_2014__1990.tif,.tif,587527,2026-07-01T09:20:50+00:00,e6472f59e2472748eb7241ae0e068f0e93eae6f6075f1afc45f5061d323c6c12,rasters/inundation_background/background_strict_1989_2014/annual
Output,Output/rasters/inundation_background/background_strict_1989_2014/annual/annual_valid_any_background_strict_1989_2014__1991.tif,annual_valid_any_background_strict_1989_2014__1991.tif,.tif,587527,2026-07-01T09:21:52+00:00,e6472f59e2472748eb7241ae0e068f0e93eae6f6075f1afc45f5061d323c6c12,rasters/inundation_background/background_strict_1989_2014/annual
Output,Output/rasters/inundation_background/background_strict_1989_2014/annual/annual_valid_any_background_strict_1989_2014__1992.tif,annual_valid_any_background_strict_1989_2014__1992.tif,.tif,587527,2026-07-01T09:22:54+00:00,e6472f59e2472748eb7241ae0e068f0e93eae6f6075f1afc45f5061d323c6c12,rasters/inundation_background/background_strict_1989_2014/annual
Output,Output/rasters/inundation_background/background_strict_1989_2014/annual/annual_valid_any_background_strict_1989_2014__1993.tif,annual_valid_any_background_strict_1989_2014__1993.tif,.tif,587527,2026-07-01T09:23:54+00:00,e6472f59e2472748eb7241ae0e068f0e93eae6f6075f1afc45f5061d323c6c12,rasters/inundation_background/background_strict_1989_2014/annual
Output,Output/rasters/inundation_background/background_strict_1989_2014/annual/annual_valid_any_background_strict_1989_2014__1994.tif,annual_valid_any_background_strict_1989_2014__1994.tif,.tif,587527,2026-07-01T09:24:58+00:00,e6472f59e2472748eb7241ae0e068f0e93eae6f6075f1afc45f5061d323c6c12,rasters/inundation_background/background_strict_1989_2014/annual
Output,Output/rasters/inundation_background/background_strict_1989_2014/annual/annual_valid_any_background_strict_1989_2014__1995.tif,annual_valid_any_background_strict_1989_2014__1995.tif,.tif,587527,2026-07-01T09:26:04+00:00,e6472f59e2472748eb7241ae0e068f0e93eae6f6075f1afc45f5061d323c6c12,rasters/inundation_background/background_strict_1989_2014/annual
Output,Output/rasters/inundation_background/background_strict_1989_2014/annual/annual_valid_any_background_strict_1989_2014__1996.tif,annual_valid_any_background_strict_1989_2014__1996.tif,.tif,587527,2026-07-01T09:27:08+00:00,e6472f59e2472748eb7241ae0e068f0e93eae6f6075f1afc45f5061d323c6c12,rasters/inundation_background/background_strict_1989_2014/annual
Output,Output/rasters/inundation_background/background_strict_1989_2014/annual/annual_valid_any_background_strict_1989_2014__1997.tif,annual_valid_any_background_strict_1989_2014__1997.tif,.tif,587527,2026-07-01T09:28:14+00:00,e6472f59e2472748eb7241ae0e068f0e93eae6f6075f1afc45f5061d323c6c12,rasters/inundation_background/background_strict_1989_2014/annual
Output,Output/rasters/inundation_background/background_strict_1989_2014/annual/annual_valid_any_background_strict_1989_2014__1998.tif,annual_valid_any_background_strict_1989_2014__1998.tif,.tif,587527,2026-07-01T09:29:20+00:00,e6472f59e2472748eb7241ae0e068f0e93eae6f6075f1afc45f5061d323c6c12,rasters/inundation_background/background_strict_1989_2014/annual
Output,Output/rasters/inundation_background/background_strict_1989_2014/annual/annual_valid_any_background_strict_1989_2014__1999.tif,annual_valid_any_background_strict_1989_2014__1999.tif,.tif,587527,2026-07-01T09:30:26+00:00,e6472f59e2472748eb7241ae0e068f0e93eae6f6075f1afc45f5061d323c6c12,rasters/inundation_background/background_strict_1989_2014/annual
Output,Output/rasters/inundation_background/background_strict_1989_2014/annual/annual_valid_any_background_strict_1989_2014__2000.tif,annual_valid_any_background_strict_1989_2014__2000.tif,.tif,587527,2026-07-01T09:31:30+00:00,e6472f59e2472748eb7241ae0e068f0e93eae6f6075f1afc45f5061d323c6c12,rasters/inundation_background/background_strict_1989_2014/annual
Output,Output/rasters/inundation_background/background_strict_1989_2014/annual/annual_valid_any_background_strict_1989_2014__2001.tif,annual_valid_any_background_strict_1989_2014__2001.tif,.tif,587527,2026-07-01T09:32:36+00:00,e6472f59e2472748eb7241ae0e068f0e93eae6f6075f1afc45f5061d323c6c12,rasters/inundation_background/background_strict_1989_2014/annual
Output,Output/rasters/inundation_background/background_strict_1989_2014/annual/annual_valid_any_background_strict_1989_2014__2002.tif,annual_valid_any_background_strict_1989_2014__2002.tif,.tif,587527,2026-07-01T09:34:06+00:00,e6472f59e2472748eb7241ae0e068f0e93eae6f6075f1afc45f5061d323c6c12,rasters/inundation_background/background_strict_1989_2014/annual
Output,Output/rasters/inundation_background/background_strict_1989_2014/annual/annual_valid_any_background_strict_1989_2014__2003.tif,annual_valid_any_background_strict_1989_2014__2003.tif,.tif,587527,2026-07-01T09:35:18+00:00,e6472f59e2472748eb7241ae0e068f0e93eae6f6075f1afc45f5061d323c6c12,rasters/inundation_background/background_strict_1989_2014/annual
Output,Output/rasters/inundation_background/background_strict_1989_2014/annual/annual_valid_any_background_strict_1989_2014__2004.tif,annual_valid_any_background_strict_1989_2014__2004.tif,.tif,587527,2026-07-01T09:36:32+00:00,e6472f59e2472748eb7241ae0e068f0e93eae6f6075f1afc45f5061d323c6c12,rasters/inundation_background/background_strict_1989_2014/annual
Output,Output/rasters/inundation_background/background_strict_1989_2014/annual/annual_valid_any_background_strict_1989_2014__2005.tif,annual_valid_any_background_strict_1989_2014__2005.tif,.tif,587527,2026-07-01T09:37:36+00:00,e6472f59e2472748eb7241ae0e068f0e93eae6f6075f1afc45f5061d323c6c12,rasters/inundation_background/background_strict_1989_2014/annual
Output,Output/rasters/inundation_background/background_strict_1989_2014/annual/annual_valid_any_background_strict_1989_2014__2006.tif,annual_valid_any_background_strict_1989_2014__2006.tif,.tif,587527,2026-07-01T09:38:42+00:00,e6472f59e2472748eb7241ae0e068f0e93eae6f6075f1afc45f5061d323c6c12,rasters/inundation_background/background_strict_1989_2014/annual
Output,Output/rasters/inundation_background/background_strict_1989_2014/annual/annual_valid_any_background_strict_1989_2014__2007.tif,annual_valid_any_background_strict_1989_2014__2007.tif,.tif,587527,2026-07-01T09:39:36+00:00,e6472f59e2472748eb7241ae0e068f0e93eae6f6075f1afc45f5061d323c6c12,rasters/inundation_background/background_strict_1989_2014/annual
Output,Output/rasters/inundation_background/background_strict_1989_2014/annual/annual_valid_any_background_strict_1989_2014__2008.tif,annual_valid_any_background_strict_1989_2014__2008.tif,.tif,587527,2026-07-01T09:40:20+00:00,e6472f59e2472748eb7241ae0e068f0e93eae6f6075f1afc45f5061d323c6c12,rasters/inundation_background/background_strict_1989_2014/annual
Output,Output/rasters/inundation_background/background_strict_1989_2014/annual/annual_valid_any_background_strict_1989_2014__2009.tif,annual_valid_any_background_strict_1989_2014__2009.tif,.tif,587527,2026-07-01T09:41:04+00:00,e6472f59e2472748eb7241ae0e068f0e93eae6f6075f1afc45f5061d323c6c12,rasters/inundation_background/background_strict_1989_2014/annual
Output,Output/rasters/inundation_background/background_strict_1989_2014/annual/annual_valid_any_background_strict_1989_2014__2010.tif,annual_valid_any_background_strict_1989_2014__2010.tif,.tif,587527,2026-07-01T09:42:02+00:00,e6472f59e2472748eb7241ae0e068f0e93eae6f6075f1afc45f5061d323c6c12,rasters/inundation_background/background_strict_1989_2014/annual
Output,Output/rasters/inundation_background/background_strict_1989_2014/annual/annual_valid_any_background_strict_1989_2014__2011.tif,annual_valid_any_background_strict_1989_2014__2011.tif,.tif,587527,2026-07-01T09:42:52+00:00,e6472f59e2472748eb7241ae0e068f0e93eae6f6075f1afc45f5061d323c6c12,rasters/inundation_background/background_strict_1989_2014/annual
Output,Output/rasters/inundation_background/background_strict_1989_2014/annual/annual_valid_any_background_strict_1989_2014__2012.tif,annual_valid_any_background_strict_1989_2014__2012.tif,.tif,587527,2026-07-01T09:43:44+00:00,e6472f59e2472748eb7241ae0e068f0e93eae6f6075f1afc45f5061d323c6c12,rasters/inundation_background/background_strict_1989_2014/annual
Output,Output/rasters/inundation_background/background_strict_1989_2014/annual/annual_valid_any_background_strict_1989_2014__2013.tif,annual_valid_any_background_strict_1989_2014__2013.tif,.tif,587527,2026-07-01T09:44:38+00:00,e6472f59e2472748eb7241ae0e068f0e93eae6f6075f1afc45f5061d323c6c12,rasters/inundation_background/background_strict_1989_2014/annual
Output,Output/rasters/inundation_background/background_strict_1989_2014/annual/annual_valid_any_background_strict_1989_2014__2014.tif,annual_valid_any_background_strict_1989_2014__2014.tif,.tif,587527,2026-07-01T09:45:28+00:00,e6472f59e2472748eb7241ae0e068f0e93eae6f6075f1afc45f5061d323c6c12,rasters/inundation_background/background_strict_1989_2014/annual
Output,Output/rasters/inundation_background/recent_landsat_only_2014_2023/recent_landsat_only_2014_2023_inundation_frequency_pct.tif,recent_landsat_only_2014_2023_inundation_frequency_pct.tif,.tif,1069183,2026-07-02T01:37:12+00:00,fc8bd6448a0c8f9be739674f9bdffc6f482a38438a75a62c63a10ad09eb3ab46,rasters/inundation_background/recent_landsat_only_2014_2023
Output,Output/rasters/inundation_background/recent_landsat_only_2014_2023/recent_landsat_only_2014_2023_support_mask.tif,recent_landsat_only_2014_2023_support_mask.tif,.tif,92331,2026-07-02T01:37:14+00:00,b513cea3ad4478c37bfdbc7db1cb9e8dba84a5c4d994d999312aa8f6c364d0b6,rasters/inundation_background/recent_landsat_only_2014_2023
Output,Output/rasters/inundation_background/recent_landsat_only_2014_2023/recent_landsat_only_2014_2023_valid_year_count.tif,recent_landsat_only_2014_2023_valid_year_count.tif,.tif,587589,2026-07-02T01:37:14+00:00,0525ea4344cf67523d679c87c44ed5fe8e41ddca61cbee582bb116a213fba00b,rasters/inundation_background/recent_landsat_only_2014_2023
Output,Output/rasters/inundation_background/recent_landsat_only_2014_2023/recent_landsat_only_2014_2023_wet_year_count.tif,recent_landsat_only_2014_2023_wet_year_count.tif,.tif,1064798,2026-07-02T01:37:12+00:00,11468ed74467869df334d62cb7bef3883b724ae869dca3146d53a2f447dafed9,rasters/inundation_background/recent_landsat_only_2014_2023
Output,Output/rasters/inundation_background/recent_landsat_only_2014_2023/annual/annual_inundated_any_recent_landsat_only_2014_2023__2014.tif,annual_inundated_any_recent_landsat_only_2014_2023__2014.tif,.tif,535427,2026-07-01T10:33:58+00:00,409cbed8af7298f58c70a16f4d39498946c09e205c0ffe7f6af6d51e687a00b8,rasters/inundation_background/recent_landsat_only_2014_2023/annual
Output,Output/rasters/inundation_background/recent_landsat_only_2014_2023/annual/annual_inundated_any_recent_landsat_only_2014_2023__2015.tif,annual_inundated_any_recent_landsat_only_2014_2023__2015.tif,.tif,542883,2026-07-01T10:34:22+00:00,6b48ab9c930520e981e47b9212f51a431993b642f58b7487bfa7e161741339e5,rasters/inundation_background/recent_landsat_only_2014_2023/annual
Output,Output/rasters/inundation_background/recent_landsat_only_2014_2023/annual/annual_inundated_any_recent_landsat_only_2014_2023__2016.tif,annual_inundated_any_recent_landsat_only_2014_2023__2016.tif,.tif,512873,2026-07-01T10:34:46+00:00,acba47b38728d20ce5082402b82b7647e0936f73322f70cec711c57b024a4a53,rasters/inundation_background/recent_landsat_only_2014_2023/annual
Output,Output/rasters/inundation_background/recent_landsat_only_2014_2023/annual/annual_inundated_any_recent_landsat_only_2014_2023__2017.tif,annual_inundated_any_recent_landsat_only_2014_2023__2017.tif,.tif,622515,2026-07-01T10:35:18+00:00,5c663d7233e3616fe232ac9229274854943d3e7cc409937d4791efa859c89037,rasters/inundation_background/recent_landsat_only_2014_2023/annual
Output,Output/rasters/inundation_background/recent_landsat_only_2014_2023/annual/annual_inundated_any_recent_landsat_only_2014_2023__2018.tif,annual_inundated_any_recent_landsat_only_2014_2023__2018.tif,.tif,520801,2026-07-01T10:35:46+00:00,bfae7d5f66a4df1057033e5459eb627dd72f24a2c2c9607a99e4bde2e1aabee7,rasters/inundation_background/recent_landsat_only_2014_2023/annual
Output,Output/rasters/inundation_background/recent_landsat_only_2014_2023/annual/annual_inundated_any_recent_landsat_only_2014_2023__2019.tif,annual_inundated_any_recent_landsat_only_2014_2023__2019.tif,.tif,519911,2026-07-01T10:36:30+00:00,c3ba9183f6973d9b15ab49dd73a398fbc5994e28c5c470357a6ef7bd60bf7ff5,rasters/inundation_background/recent_landsat_only_2014_2023/annual
Output,Output/rasters/inundation_background/recent_landsat_only_2014_2023/annual/annual_inundated_any_recent_landsat_only_2014_2023__2020.tif,annual_inundated_any_recent_landsat_only_2014_2023__2020.tif,.tif,506955,2026-07-01T10:37:12+00:00,5f5fb8e52144153582ddf008d13de0f493714225ab887d5afbb10071b4960435,rasters/inundation_background/recent_landsat_only_2014_2023/annual
Output,Output/rasters/inundation_background/recent_landsat_only_2014_2023/annual/annual_inundated_any_recent_landsat_only_2014_2023__2021.tif,annual_inundated_any_recent_landsat_only_2014_2023__2021.tif,.tif,575833,2026-07-01T10:37:56+00:00,3315254ccee8aa078eae6128adea6500c50358d016c3c7f0417c1630189d1cfa,rasters/inundation_background/recent_landsat_only_2014_2023/annual
Output,Output/rasters/inundation_background/recent_landsat_only_2014_2023/annual/annual_inundated_any_recent_landsat_only_2014_2023__2022.tif,annual_inundated_any_recent_landsat_only_2014_2023__2022.tif,.tif,644369,2026-07-01T10:38:42+00:00,fcce453874f561e5135d2d0201c9c070e6250f8769ef5320986f5a47d57b0b53,rasters/inundation_background/recent_landsat_only_2014_2023/annual
Output,Output/rasters/inundation_background/recent_landsat_only_2014_2023/annual/annual_inundated_any_recent_landsat_only_2014_2023__2023.tif,annual_inundated_any_recent_landsat_only_2014_2023__2023.tif,.tif,626493,2026-07-01T10:39:26+00:00,278749ecc6c3a1a62b452c9406fbcc469d7a6aaaba3ca18ef9050c48d8f61638,rasters/inundation_background/recent_landsat_only_2014_2023/annual
Output,Output/rasters/inundation_background/recent_landsat_only_2014_2023/annual/annual_valid_any_recent_landsat_only_2014_2023__2014.tif,annual_valid_any_recent_landsat_only_2014_2023__2014.tif,.tif,587527,2026-07-01T10:33:58+00:00,e6472f59e2472748eb7241ae0e068f0e93eae6f6075f1afc45f5061d323c6c12,rasters/inundation_background/recent_landsat_only_2014_2023/annual
Output,Output/rasters/inundation_background/recent_landsat_only_2014_2023/annual/annual_valid_any_recent_landsat_only_2014_2023__2015.tif,annual_valid_any_recent_landsat_only_2014_2023__2015.tif,.tif,587527,2026-07-01T10:34:24+00:00,e6472f59e2472748eb7241ae0e068f0e93eae6f6075f1afc45f5061d323c6c12,rasters/inundation_background/recent_landsat_only_2014_2023/annual
Output,Output/rasters/inundation_background/recent_landsat_only_2014_2023/annual/annual_valid_any_recent_landsat_only_2014_2023__2016.tif,annual_valid_any_recent_landsat_only_2014_2023__2016.tif,.tif,587527,2026-07-01T10:34:48+00:00,e6472f59e2472748eb7241ae0e068f0e93eae6f6075f1afc45f5061d323c6c12,rasters/inundation_background/recent_landsat_only_2014_2023/annual
Output,Output/rasters/inundation_background/recent_landsat_only_2014_2023/annual/annual_valid_any_recent_landsat_only_2014_2023__2017.tif,annual_valid_any_recent_landsat_only_2014_2023__2017.tif,.tif,587527,2026-07-01T10:35:18+00:00,e6472f59e2472748eb7241ae0e068f0e93eae6f6075f1afc45f5061d323c6c12,rasters/inundation_background/recent_landsat_only_2014_2023/annual
Output,Output/rasters/inundation_background/recent_landsat_only_2014_2023/annual/annual_valid_any_recent_landsat_only_2014_2023__2018.tif,annual_valid_any_recent_landsat_only_2014_2023__2018.tif,.tif,587527,2026-07-01T10:35:46+00:00,e6472f59e2472748eb7241ae0e068f0e93eae6f6075f1afc45f5061d323c6c12,rasters/inundation_background/recent_landsat_only_2014_2023/annual
Output,Output/rasters/inundation_background/recent_landsat_only_2014_2023/annual/annual_valid_any_recent_landsat_only_2014_2023__2019.tif,annual_valid_any_recent_landsat_only_2014_2023__2019.tif,.tif,587527,2026-07-01T10:36:32+00:00,e6472f59e2472748eb7241ae0e068f0e93eae6f6075f1afc45f5061d323c6c12,rasters/inundation_background/recent_landsat_only_2014_2023/annual
Output,Output/rasters/inundation_background/recent_landsat_only_2014_2023/annual/annual_valid_any_recent_landsat_only_2014_2023__2020.tif,annual_valid_any_recent_landsat_only_2014_2023__2020.tif,.tif,587527,2026-07-01T10:37:12+00:00,e6472f59e2472748eb7241ae0e068f0e93eae6f6075f1afc45f5061d323c6c12,rasters/inundation_background/recent_landsat_only_2014_2023/annual
Output,Output/rasters/inundation_background/recent_landsat_only_2014_2023/annual/annual_valid_any_recent_landsat_only_2014_2023__2021.tif,annual_valid_any_recent_landsat_only_2014_2023__2021.tif,.tif,587527,2026-07-01T10:37:56+00:00,e6472f59e2472748eb7241ae0e068f0e93eae6f6075f1afc45f5061d323c6c12,rasters/inundation_background/recent_landsat_only_2014_2023/annual
Output,Output/rasters/inundation_background/recent_landsat_only_2014_2023/annual/annual_valid_any_recent_landsat_only_2014_2023__2022.tif,annual_valid_any_recent_landsat_only_2014_2023__2022.tif,.tif,587527,2026-07-01T10:38:42+00:00,e6472f59e2472748eb7241ae0e068f0e93eae6f6075f1afc45f5061d323c6c12,rasters/inundation_background/recent_landsat_only_2014_2023/annual
Output,Output/rasters/inundation_background/recent_landsat_only_2014_2023/annual/annual_valid_any_recent_landsat_only_2014_2023__2023.tif,annual_valid_any_recent_landsat_only_2014_2023__2023.tif,.tif,587527,2026-07-01T10:39:26+00:00,e6472f59e2472748eb7241ae0e068f0e93eae6f6075f1afc45f5061d323c6c12,rasters/inundation_background/recent_landsat_only_2014_2023/annual
Output,Output/rasters/inundation_pre_post/post_conservation_inundation_frequency_pct.tif,post_conservation_inundation_frequency_pct.tif,.tif,1000065,2026-06-13T05:31:24+00:00,c5066896b7174de444d020d91cba058af2174ac480c554b1b5404b57ddc2537a,rasters/inundation_pre_post
Output,Output/rasters/inundation_pre_post/post_conservation_valid_year_count.tif,post_conservation_valid_year_count.tif,.tif,433313,2026-06-13T05:31:26+00:00,72ff888e7c33fbb0b5520b7e333941c10fbe0a769a0db39b2021d676a2a7603f,rasters/inundation_pre_post
Output,Output/rasters/inundation_pre_post/post_conservation_wet_year_count.tif,post_conservation_wet_year_count.tif,.tif,958537,2026-06-13T05:31:26+00:00,6f81b793b943f20b274b702c04d363aaaf3c9b4db9cf779fd69ffa20dcaf9a03,rasters/inundation_pre_post
Output,Output/rasters/inundation_pre_post/post_minus_pre_inundation_frequency_pct_points.tif,post_minus_pre_inundation_frequency_pct_points.tif,.tif,1007112,2026-06-13T05:31:26+00:00,4c5a81d2854b5faddf86b19341b6e68afd92b16b313226e1ae047400e90be25c,rasters/inundation_pre_post
Output,Output/rasters/inundation_pre_post/pre_conservation_inundation_frequency_pct.tif,pre_conservation_inundation_frequency_pct.tif,.tif,851856,2026-06-13T05:31:10+00:00,9806d5a44eb680defe3b56001482ebdc324ddbed6c59e529201fe12e1caece24,rasters/inundation_pre_post
Output,Output/rasters/inundation_pre_post/pre_conservation_valid_year_count.tif,pre_conservation_valid_year_count.tif,.tif,433310,2026-06-13T05:31:10+00:00,57ca548d66965583c06b518df468d9740ba6aae7375684f1b18dcf260d9904e9,rasters/inundation_pre_post
Output,Output/rasters/inundation_pre_post/pre_conservation_wet_year_count.tif,pre_conservation_wet_year_count.tif,.tif,823264,2026-06-13T05:31:10+00:00,fe24e5c90b15e99f1e4d815984d916249611dd4141069bc9ce49b181182ad29a,rasters/inundation_pre_post
Output,Output/rasters/inundation_pre_post/annual/annual_inundated_any_post_conservation__2020.tif,annual_inundated_any_post_conservation__2020.tif,.tif,518359,2026-06-13T03:30:00+00:00,c3748652e3376c112608f322a0f064e535b6d1e7598601200b9faefafb44841b,rasters/inundation_pre_post/annual
Output,Output/rasters/inundation_pre_post/annual/annual_inundated_any_post_conservation__2021.tif,annual_inundated_any_post_conservation__2021.tif,.tif,576095,2026-06-13T03:40:24+00:00,dd532696754e1d2fa68e4e85044d28917fd4a3f6cf1b5d87d9b0e1cbdf361ccc,rasters/inundation_pre_post/annual
Output,Output/rasters/inundation_pre_post/annual/annual_inundated_any_post_conservation__2022.tif,annual_inundated_any_post_conservation__2022.tif,.tif,643925,2026-06-13T03:49:38+00:00,31b12672e16f56e7711d02176d9ee9055105630ff04620b1cb0391a84a3d6863,rasters/inundation_pre_post/annual
Output,Output/rasters/inundation_pre_post/annual/annual_inundated_any_post_conservation__2023.tif,annual_inundated_any_post_conservation__2023.tif,.tif,626495,2026-06-13T03:57:40+00:00,eaf41688969184ee279ed7d033187fd6c8d64ecdb95908dea186238d538ba7d2,rasters/inundation_pre_post/annual
Output,Output/rasters/inundation_pre_post/annual/annual_inundated_any_post_conservation__2024.tif,annual_inundated_any_post_conservation__2024.tif,.tif,573971,2026-06-13T04:07:24+00:00,2ec1450eeb7795579f83a54d711163d8845e66a83af6bcd800e4a02c1431219d,rasters/inundation_pre_post/annual
Output,Output/rasters/inundation_pre_post/annual/annual_inundated_any_post_conservation__2025.tif,annual_inundated_any_post_conservation__2025.tif,.tif,528953,2026-06-13T04:14:50+00:00,e3963aab1b56903ed637dd94045ee676705a49fe2e1bffc4ec9cfa3c297831a4,rasters/inundation_pre_post/annual
Output,Output/rasters/inundation_pre_post/annual/annual_inundated_any_pre_conservation__2014.tif,annual_inundated_any_pre_conservation__2014.tif,.tif,528429,2026-06-13T04:14:56+00:00,a05e684918a1b545ead6e11b52b59f0be06386da3788b712df00e02f0421b329,rasters/inundation_pre_post/annual
Output,Output/rasters/inundation_pre_post/annual/annual_inundated_any_pre_conservation__2015.tif,annual_inundated_any_pre_conservation__2015.tif,.tif,543999,2026-06-13T04:21:22+00:00,aebbb4b4a496daeadf6d830eab554c560c6de50ec26a475a3a5e64dd5d8b5b9c,rasters/inundation_pre_post/annual
Output,Output/rasters/inundation_pre_post/annual/annual_inundated_any_pre_conservation__2016.tif,annual_inundated_any_pre_conservation__2016.tif,.tif,516275,2026-06-13T04:22:04+00:00,6597e489296567a9fa21fc755ef93a7eaf4a9afb4b16eb1230b0cbe4cfd721aa,rasters/inundation_pre_post/annual
Output,Output/rasters/inundation_pre_post/annual/annual_inundated_any_pre_conservation__2017.tif,annual_inundated_any_pre_conservation__2017.tif,.tif,621187,2026-06-13T04:23:20+00:00,927533d33fa6c18d4455c855c8b5d1d9e822b47e2f361c13e95c37d7ef859508,rasters/inundation_pre_post/annual
Output,Output/rasters/inundation_pre_post/annual/annual_inundated_any_pre_conservation__2018.tif,annual_inundated_any_pre_conservation__2018.tif,.tif,525621,2026-06-13T04:24:42+00:00,8d08d344db6d48dff4d9e1ebfd2c2fa591e3723d6ccd6ee796dc592bee9c5083,rasters/inundation_pre_post/annual
Output,Output/rasters/inundation_pre_post/annual/annual_inundated_any_pre_conservation__2019.tif,annual_inundated_any_pre_conservation__2019.tif,.tif,521121,2026-06-13T05:30:54+00:00,dc936658d09b101d6003f7b6006ae86f4217236e53111a9843e2034e3361bbb5,rasters/inundation_pre_post/annual
Output,Output/rasters/inundation_pre_post/annual/annual_valid_any_post_conservation__2020.tif,annual_valid_any_post_conservation__2020.tif,.tif,587557,2026-06-13T03:30:00+00:00,34f1452baf543a9ecf74963d52684a3c758b71e6de0b9f056e9c620f189a5f9d,rasters/inundation_pre_post/annual
Output,Output/rasters/inundation_pre_post/annual/annual_valid_any_post_conservation__2021.tif,annual_valid_any_post_conservation__2021.tif,.tif,587557,2026-06-13T03:40:24+00:00,34f1452baf543a9ecf74963d52684a3c758b71e6de0b9f056e9c620f189a5f9d,rasters/inundation_pre_post/annual
Output,Output/rasters/inundation_pre_post/annual/annual_valid_any_post_conservation__2022.tif,annual_valid_any_post_conservation__2022.tif,.tif,587557,2026-06-13T03:49:38+00:00,34f1452baf543a9ecf74963d52684a3c758b71e6de0b9f056e9c620f189a5f9d,rasters/inundation_pre_post/annual
Output,Output/rasters/inundation_pre_post/annual/annual_valid_any_post_conservation__2023.tif,annual_valid_any_post_conservation__2023.tif,.tif,587557,2026-06-13T03:57:40+00:00,34f1452baf543a9ecf74963d52684a3c758b71e6de0b9f056e9c620f189a5f9d,rasters/inundation_pre_post/annual
Output,Output/rasters/inundation_pre_post/annual/annual_valid_any_post_conservation__2024.tif,annual_valid_any_post_conservation__2024.tif,.tif,587557,2026-06-13T04:07:24+00:00,34f1452baf543a9ecf74963d52684a3c758b71e6de0b9f056e9c620f189a5f9d,rasters/inundation_pre_post/annual
Output,Output/rasters/inundation_pre_post/annual/annual_valid_any_post_conservation__2025.tif,annual_valid_any_post_conservation__2025.tif,.tif,587557,2026-06-13T04:14:50+00:00,34f1452baf543a9ecf74963d52684a3c758b71e6de0b9f056e9c620f189a5f9d,rasters/inundation_pre_post/annual
Output,Output/rasters/inundation_pre_post/annual/annual_valid_any_pre_conservation__2014.tif,annual_valid_any_pre_conservation__2014.tif,.tif,587557,2026-06-13T04:14:56+00:00,34f1452baf543a9ecf74963d52684a3c758b71e6de0b9f056e9c620f189a5f9d,rasters/inundation_pre_post/annual
Output,Output/rasters/inundation_pre_post/annual/annual_valid_any_pre_conservation__2015.tif,annual_valid_any_pre_conservation__2015.tif,.tif,587557,2026-06-13T04:21:22+00:00,34f1452baf543a9ecf74963d52684a3c758b71e6de0b9f056e9c620f189a5f9d,rasters/inundation_pre_post/annual
Output,Output/rasters/inundation_pre_post/annual/annual_valid_any_pre_conservation__2016.tif,annual_valid_any_pre_conservation__2016.tif,.tif,587557,2026-06-13T04:22:04+00:00,34f1452baf543a9ecf74963d52684a3c758b71e6de0b9f056e9c620f189a5f9d,rasters/inundation_pre_post/annual
Output,Output/rasters/inundation_pre_post/annual/annual_valid_any_pre_conservation__2017.tif,annual_valid_any_pre_conservation__2017.tif,.tif,587557,2026-06-13T04:23:20+00:00,34f1452baf543a9ecf74963d52684a3c758b71e6de0b9f056e9c620f189a5f9d,rasters/inundation_pre_post/annual
Output,Output/rasters/inundation_pre_post/annual/annual_valid_any_pre_conservation__2018.tif,annual_valid_any_pre_conservation__2018.tif,.tif,587557,2026-06-13T04:24:42+00:00,34f1452baf543a9ecf74963d52684a3c758b71e6de0b9f056e9c620f189a5f9d,rasters/inundation_pre_post/annual
Output,Output/rasters/inundation_pre_post/annual/annual_valid_any_pre_conservation__2019.tif,annual_valid_any_pre_conservation__2019.tif,.tif,587557,2026-06-13T05:30:54+00:00,34f1452baf543a9ecf74963d52684a3c758b71e6de0b9f056e9c620f189a5f9d,rasters/inundation_pre_post/annual
Output,Output/rasters/MER/annual_max/mer_annual_max_observed_inundation_WY2024_strict_value_1_SMOKE_TEST.tif,mer_annual_max_observed_inundation_WY2024_strict_value_1_SMOKE_TEST.tif,.tif,773956,2026-06-27T03:39:22+00:00,5a1003e9b42476467813b81e47144c4ff9d582a1b881b6578c401b5e084faac1,rasters/MER/annual_max
Output,Output/rasters/MER/annual_max/mer_annual_max_observed_inundation_WY2025_strict_value_1_SMOKE_TEST.tif,mer_annual_max_observed_inundation_WY2025_strict_value_1_SMOKE_TEST.tif,.tif,43382,2026-06-27T03:46:14+00:00,4393aaa4467da8be199536e63f91cee573b5902c1df01b12bf43c35406644b68,rasters/MER/annual_max
Output,Output/rasters/MER/annual_max/mer_annual_max_observed_wet_WY2014_2015.tif,mer_annual_max_observed_wet_WY2014_2015.tif,.tif,91606,2026-06-27T04:57:48+00:00,45f7858ff7daa10ac5f33b842709eff1d036dea0c20fe767849359e499dfbf43,rasters/MER/annual_max
Output,Output/rasters/MER/annual_max/mer_annual_max_observed_wet_WY2015_2016.tif,mer_annual_max_observed_wet_WY2015_2016.tif,.tif,112178,2026-06-27T04:58:12+00:00,de2b4fdbd8105936f529f02e1cc92eef19847cc7289b5c02632aca75d6740786,rasters/MER/annual_max
Output,Output/rasters/MER/annual_max/mer_annual_max_observed_wet_WY2016_2017.tif,mer_annual_max_observed_wet_WY2016_2017.tif,.tif,129314,2026-06-27T04:58:46+00:00,106fc913b7574642803dcee634952cab60d79edf2fdf1b75c9c18c75059336d1,rasters/MER/annual_max
Output,Output/rasters/MER/annual_max/mer_annual_max_observed_wet_WY2017_2018.tif,mer_annual_max_observed_wet_WY2017_2018.tif,.tif,117020,2026-06-27T04:59:24+00:00,22f7588676f0803f58cd6d0d019aa61d88610190957df88ec105953f578f795d,rasters/MER/annual_max
Output,Output/rasters/MER/annual_max/mer_annual_max_observed_wet_WY2018_2019.tif,mer_annual_max_observed_wet_WY2018_2019.tif,.tif,117844,2026-06-27T05:00:18+00:00,4231d21e30410baa91cf8c04a5cd3009bedf21cffbba209ca54e1df81f950248,rasters/MER/annual_max
Output,Output/rasters/MER/annual_max/mer_annual_max_observed_wet_WY2019_2020.tif,mer_annual_max_observed_wet_WY2019_2020.tif,.tif,116308,2026-06-27T05:01:14+00:00,4fc5be948ce859d621acee76907bcb8f163d8a33a08fee6c3cac3fcaad052de2,rasters/MER/annual_max
Output,Output/rasters/MER/annual_max/mer_annual_max_observed_wet_WY2020_2021.tif,mer_annual_max_observed_wet_WY2020_2021.tif,.tif,134364,2026-06-27T05:01:52+00:00,d56417a6287d80a81eeb32121cacb230ef505fef38b0438d165103832e0a082f,rasters/MER/annual_max
Output,Output/rasters/MER/annual_max/mer_annual_max_observed_wet_WY2021_2022.tif,mer_annual_max_observed_wet_WY2021_2022.tif,.tif,159226,2026-06-27T05:02:46+00:00,e16d1bd8759af5fc562f023d4c3027ded65dc14d31d7a289f9f7ec95b875f0b5,rasters/MER/annual_max
Output,Output/rasters/MER/annual_max/mer_annual_max_observed_wet_WY2022_2023.tif,mer_annual_max_observed_wet_WY2022_2023.tif,.tif,141350,2026-06-27T05:03:38+00:00,18339a6224fea31bd0e682386e82cc967094291b0d6ed77da96e2c61fbd98a35,rasters/MER/annual_max
Output,Output/rasters/MER/annual_max/mer_annual_max_observed_wet_WY2023_2024.tif,mer_annual_max_observed_wet_WY2023_2024.tif,.tif,136264,2026-06-27T05:04:40+00:00,fa7f00624f6a60d97d7f820326dd7f580598328d2d14c6476770bae4653e4871,rasters/MER/annual_max
Output,Output/rasters/MER/annual_max/mer_annual_max_observed_wet_WY2024_2025.tif,mer_annual_max_observed_wet_WY2024_2025.tif,.tif,119426,2026-06-27T05:05:42+00:00,007c6e4bff875d83c3e974afcff9e848795094413739a7a1eb39b590402da79e,rasters/MER/annual_max
Output,Output/rasters/MER/annual_max/mer_observation_support_class_WY2014_2015.tif,mer_observation_support_class_WY2014_2015.tif,.tif,78930,2026-06-27T04:57:48+00:00,34f6789ca645a3105663afed75853ee5245ead9da522355ac6f63a0f0fa53393,rasters/MER/annual_max
Output,Output/rasters/MER/annual_max/mer_observation_support_class_WY2015_2016.tif,mer_observation_support_class_WY2015_2016.tif,.tif,92176,2026-06-27T04:58:12+00:00,527605be3cd2442c3055a54bf3e42114f7072ec10491ccd997f09bff42571b57,rasters/MER/annual_max
Output,Output/rasters/MER/annual_max/mer_observation_support_class_WY2016_2017.tif,mer_observation_support_class_WY2016_2017.tif,.tif,92176,2026-06-27T04:58:46+00:00,7c16628e67802bace9226ca48cec267d8b1b8582fd4588727d4dcfdf3152fe73,rasters/MER/annual_max
Output,Output/rasters/MER/annual_max/mer_observation_support_class_WY2017_2018.tif,mer_observation_support_class_WY2017_2018.tif,.tif,92176,2026-06-27T04:59:26+00:00,7c16628e67802bace9226ca48cec267d8b1b8582fd4588727d4dcfdf3152fe73,rasters/MER/annual_max
Output,Output/rasters/MER/annual_max/mer_observation_support_class_WY2018_2019.tif,mer_observation_support_class_WY2018_2019.tif,.tif,92176,2026-06-27T05:00:20+00:00,7c16628e67802bace9226ca48cec267d8b1b8582fd4588727d4dcfdf3152fe73,rasters/MER/annual_max
Output,Output/rasters/MER/annual_max/mer_observation_support_class_WY2019_2020.tif,mer_observation_support_class_WY2019_2020.tif,.tif,92176,2026-06-27T05:01:14+00:00,7c16628e67802bace9226ca48cec267d8b1b8582fd4588727d4dcfdf3152fe73,rasters/MER/annual_max
Output,Output/rasters/MER/annual_max/mer_observation_support_class_WY2020_2021.tif,mer_observation_support_class_WY2020_2021.tif,.tif,92176,2026-06-27T05:01:52+00:00,7c16628e67802bace9226ca48cec267d8b1b8582fd4588727d4dcfdf3152fe73,rasters/MER/annual_max
Output,Output/rasters/MER/annual_max/mer_observation_support_class_WY2021_2022.tif,mer_observation_support_class_WY2021_2022.tif,.tif,92176,2026-06-27T05:02:46+00:00,7c16628e67802bace9226ca48cec267d8b1b8582fd4588727d4dcfdf3152fe73,rasters/MER/annual_max
Output,Output/rasters/MER/annual_max/mer_observation_support_class_WY2022_2023.tif,mer_observation_support_class_WY2022_2023.tif,.tif,141354,2026-06-27T05:03:38+00:00,9755892aba2efc574c25d09566914fd504fadab7a10cd2a1bb36baedea25e8cf,rasters/MER/annual_max
Output,Output/rasters/MER/annual_max/mer_observation_support_class_WY2023_2024.tif,mer_observation_support_class_WY2023_2024.tif,.tif,92176,2026-06-27T05:04:42+00:00,7c16628e67802bace9226ca48cec267d8b1b8582fd4588727d4dcfdf3152fe73,rasters/MER/annual_max
Output,Output/rasters/MER/annual_max/mer_observation_support_class_WY2024_2025.tif,mer_observation_support_class_WY2024_2025.tif,.tif,92176,2026-06-27T05:05:42+00:00,7c16628e67802bace9226ca48cec267d8b1b8582fd4588727d4dcfdf3152fe73,rasters/MER/annual_max
Output,Output/rasters/MER/annual_max/mer_valid_observation_count_WY2014_2015.tif,mer_valid_observation_count_WY2014_2015.tif,.tif,202206,2026-06-27T04:57:48+00:00,4bee7e2a20f696424340aae36e68180ffa685c6d69f0a28543a61e684e1cac31,rasters/MER/annual_max
Output,Output/rasters/MER/annual_max/mer_valid_observation_count_WY2015_2016.tif,mer_valid_observation_count_WY2015_2016.tif,.tif,254288,2026-06-27T04:58:12+00:00,456e3d32b085d3b2b1371157173908a23d82583f1ecbeebf71802b296ad82d95,rasters/MER/annual_max
Output,Output/rasters/MER/annual_max/mer_valid_observation_count_WY2016_2017.tif,mer_valid_observation_count_WY2016_2017.tif,.tif,290144,2026-06-27T04:58:46+00:00,1dabe448ced928ad8e426ac2b9858ef662bedda39903657954379fd6459707fe,rasters/MER/annual_max
Output,Output/rasters/MER/annual_max/mer_valid_observation_count_WY2017_2018.tif,mer_valid_observation_count_WY2017_2018.tif,.tif,327654,2026-06-27T04:59:24+00:00,4bb765564e7bbfba8bae4312ed9e5fffb2b45967e8bf85f2e41b820b08f47248,rasters/MER/annual_max
Output,Output/rasters/MER/annual_max/mer_valid_observation_count_WY2018_2019.tif,mer_valid_observation_count_WY2018_2019.tif,.tif,261022,2026-06-27T05:00:18+00:00,0ec2fc9d12795392455502c258f56664aca3e7cbe4d70203ddf166963d7afbea,rasters/MER/annual_max
Output,Output/rasters/MER/annual_max/mer_valid_observation_count_WY2019_2020.tif,mer_valid_observation_count_WY2019_2020.tif,.tif,254290,2026-06-27T05:01:14+00:00,5460909919a1a166855388c12086d062bdd1b6871e144d8cabd06adb01274b20,rasters/MER/annual_max
Output,Output/rasters/MER/annual_max/mer_valid_observation_count_WY2020_2021.tif,mer_valid_observation_count_WY2020_2021.tif,.tif,254290,2026-06-27T05:01:52+00:00,bed09a904853e8236cec240bdec70a96d6dbd57e2f4f5e8d0f965895cfea6efb,rasters/MER/annual_max
Output,Output/rasters/MER/annual_max/mer_valid_observation_count_WY2021_2022.tif,mer_valid_observation_count_WY2021_2022.tif,.tif,254290,2026-06-27T05:02:46+00:00,e5e625f6dede3bd7190a78366b143077e1bf512f93dad4f1305294f41b30e071,rasters/MER/annual_max
Output,Output/rasters/MER/annual_max/mer_valid_observation_count_WY2022_2023.tif,mer_valid_observation_count_WY2022_2023.tif,.tif,301912,2026-06-27T05:03:38+00:00,3e02a16520fb9e05d795232be56cc9a284e5cbe5d780ed2450298723efc6df54,rasters/MER/annual_max
Output,Output/rasters/MER/annual_max/mer_valid_observation_count_WY2023_2024.tif,mer_valid_observation_count_WY2023_2024.tif,.tif,261076,2026-06-27T05:04:42+00:00,fda8648cdd4a59f04d38ff854d1b973002d175fd36df68d2bec4592b9f3d1af0,rasters/MER/annual_max
Output,Output/rasters/MER/annual_max/mer_valid_observation_count_WY2024_2025.tif,mer_valid_observation_count_WY2024_2025.tif,.tif,254290,2026-06-27T05:05:42+00:00,fef1449dab798fa56317b5edfea7488dc8984ffa5ab9e254506a162efaf2ce10,rasters/MER/annual_max
Output,Output/rasters/MER/annual_max/mer_wet_observation_count_WY2014_2015.tif,mer_wet_observation_count_WY2014_2015.tif,.tif,221778,2026-06-27T04:57:48+00:00,ab5dce9cedec1660e38b71ac9fcfccb481c202829a250e69d6d4e0a736c4f4b1,rasters/MER/annual_max
Output,Output/rasters/MER/annual_max/mer_wet_observation_count_WY2015_2016.tif,mer_wet_observation_count_WY2015_2016.tif,.tif,280640,2026-06-27T04:58:12+00:00,5692eca2c9e8a955c91c8f2772ad307a4634a736ce5d289d231e58143d95fb3f,rasters/MER/annual_max
Output,Output/rasters/MER/annual_max/mer_wet_observation_count_WY2016_2017.tif,mer_wet_observation_count_WY2016_2017.tif,.tif,613202,2026-06-27T04:58:46+00:00,c61be3380c46ef423dd97419e12ff48887a180665b522ca11b323d62263f8166,rasters/MER/annual_max
Output,Output/rasters/MER/annual_max/mer_wet_observation_count_WY2017_2018.tif,mer_wet_observation_count_WY2017_2018.tif,.tif,297772,2026-06-27T04:59:24+00:00,c267f11e116c45bb789cbbf5ffa53706a08990393965dacae97b397dc94a68a2,rasters/MER/annual_max
Output,Output/rasters/MER/annual_max/mer_wet_observation_count_WY2018_2019.tif,mer_wet_observation_count_WY2018_2019.tif,.tif,294614,2026-06-27T05:00:20+00:00,07d3aa79ec8f743a14b6fcb525103aaec080fe130497affbfc49f8b57b13f92e,rasters/MER/annual_max
Output,Output/rasters/MER/annual_max/mer_wet_observation_count_WY2019_2020.tif,mer_wet_observation_count_WY2019_2020.tif,.tif,308292,2026-06-27T05:01:14+00:00,0286f4f85a3af6552a5ce45e112f6944541cd1eb606cc8b8ac3189508e5e0b4b,rasters/MER/annual_max
Output,Output/rasters/MER/annual_max/mer_wet_observation_count_WY2020_2021.tif,mer_wet_observation_count_WY2020_2021.tif,.tif,421820,2026-06-27T05:01:52+00:00,194ad0d1e05d0e980e3be12430072f4088c458ac36e18294811dd8dcbf39dde9,rasters/MER/annual_max
Output,Output/rasters/MER/annual_max/mer_wet_observation_count_WY2021_2022.tif,mer_wet_observation_count_WY2021_2022.tif,.tif,789038,2026-06-27T05:02:46+00:00,50658b5607eb973768281e26a81335ddc07edda5ccb2a615979d60762215fa63,rasters/MER/annual_max
Output,Output/rasters/MER/annual_max/mer_wet_observation_count_WY2022_2023.tif,mer_wet_observation_count_WY2022_2023.tif,.tif,763520,2026-06-27T05:03:38+00:00,58bc322c35d40146653a56a055cbe4a295a51c29a589424734bc5ecc7dda63d1,rasters/MER/annual_max
Output,Output/rasters/MER/annual_max/mer_wet_observation_count_WY2023_2024.tif,mer_wet_observation_count_WY2023_2024.tif,.tif,383898,2026-06-27T05:04:42+00:00,154929ac030d9d3ea08bbebfede2052dc1facc4216d169d79fa271351263392c,rasters/MER/annual_max
Output,Output/rasters/MER/annual_max/mer_wet_observation_count_WY2024_2025.tif,mer_wet_observation_count_WY2024_2025.tif,.tif,303982,2026-06-27T05:05:42+00:00,c17cc5ad00efd00c8f550bd5e54e6425b726bda911e5c844b57c685c9655b792,rasters/MER/annual_max
Output,Output/rasters/MER/annual_max/mer_wet_observation_fraction_WY2014_2015.tif,mer_wet_observation_fraction_WY2014_2015.tif,.tif,498570,2026-06-27T04:57:48+00:00,d32a18f6646c6afaf933aaf4feb954bfb0cc4cbedda3677cdbc75b1510e2dcdb,rasters/MER/annual_max
Output,Output/rasters/MER/annual_max/mer_wet_observation_fraction_WY2015_2016.tif,mer_wet_observation_fraction_WY2015_2016.tif,.tif,560282,2026-06-27T04:58:14+00:00,ef60699eb9d2208b351fa8480893d232648e22ad7cc6928c731cd443a268771c,rasters/MER/annual_max
Output,Output/rasters/MER/annual_max/mer_wet_observation_fraction_WY2016_2017.tif,mer_wet_observation_fraction_WY2016_2017.tif,.tif,1185026,2026-06-27T04:58:48+00:00,e29ad1f5748163eb582a27fa934ae4279e2b371e77b41997fd89afe3657c246b,rasters/MER/annual_max
Output,Output/rasters/MER/annual_max/mer_wet_observation_fraction_WY2017_2018.tif,mer_wet_observation_fraction_WY2017_2018.tif,.tif,602600,2026-06-27T04:59:26+00:00,8d481c1991bef2cd075e6a296ef7c1a0321af9c150f3d96f01b8f6274599ff43,rasters/MER/annual_max
Output,Output/rasters/MER/annual_max/mer_wet_observation_fraction_WY2018_2019.tif,mer_wet_observation_fraction_WY2018_2019.tif,.tif,576900,2026-06-27T05:00:20+00:00,6a3dffa5571f8c58e45872586b5f64e89b0b4d0f149880c3d6f2f5a95e63f01a,rasters/MER/annual_max
Output,Output/rasters/MER/annual_max/mer_wet_observation_fraction_WY2019_2020.tif,mer_wet_observation_fraction_WY2019_2020.tif,.tif,596758,2026-06-27T05:01:16+00:00,f5d446b0a10b179c368de8c49e85ecf40add1f4c04fdd7ac16d7e99c2ccc6d90,rasters/MER/annual_max
Output,Output/rasters/MER/annual_max/mer_wet_observation_fraction_WY2020_2021.tif,mer_wet_observation_fraction_WY2020_2021.tif,.tif,773076,2026-06-27T05:01:52+00:00,e09b2a10f40cbfb47e5f96f8229114385d060ef0189cbcad1988ae0eec4e3bec,rasters/MER/annual_max
Output,Output/rasters/MER/annual_max/mer_wet_observation_fraction_WY2021_2022.tif,mer_wet_observation_fraction_WY2021_2022.tif,.tif,1344686,2026-06-27T05:02:46+00:00,79abde289bc08de4b54e0bcdbde775b5cf523652a2aaadebaac6a7f2095b392f,rasters/MER/annual_max
Output,Output/rasters/MER/annual_max/mer_wet_observation_fraction_WY2022_2023.tif,mer_wet_observation_fraction_WY2022_2023.tif,.tif,1339918,2026-06-27T05:03:40+00:00,6db91a1eb51e194b2c5f5b960d6cd97b2cb3ae38c2ec36015804ca1249baef42,rasters/MER/annual_max
Output,Output/rasters/MER/annual_max/mer_wet_observation_fraction_WY2023_2024.tif,mer_wet_observation_fraction_WY2023_2024.tif,.tif,731090,2026-06-27T05:04:42+00:00,c38292f896145c10e84d26e1c47870f2bcf3a310b8bb325586d379020cd9e200,rasters/MER/annual_max
Output,Output/rasters/MER/annual_max/mer_wet_observation_fraction_WY2024_2025.tif,mer_wet_observation_fraction_WY2024_2025.tif,.tif,585426,2026-06-27T05:05:42+00:00,b07e83ae95c4911f537c37e491d413002d6be7ddd16d3b95185f5b24a35eec5f,rasters/MER/annual_max
Output,Output/rasters/MER/period_summaries/mer_period_summary_support_mask.tif,mer_period_summary_support_mask.tif,.tif,92188,2026-06-27T05:05:48+00:00,e53026ce9cf8c212d9e8a7e23358729cc88a37c1248eb741c3ce92fcb000856a,rasters/MER/period_summaries
Output,Output/rasters/MER/period_summaries/mer_post_annual_max_observed_frequency_pct.tif,mer_post_annual_max_observed_frequency_pct.tif,.tif,1003365,2026-06-27T05:05:48+00:00,26a61238d4764c30f59e40d79c7775a18b846e70803b3707c39829ffdfc4a450,rasters/MER/period_summaries
Output,Output/rasters/MER/period_summaries/mer_post_minus_pre_annual_max_frequency_pct_points.tif,mer_post_minus_pre_annual_max_frequency_pct_points.tif,.tif,1227700,2026-06-27T05:05:48+00:00,37145396e80623c1848d759f37a57032bffd3a1739264c5a012905fed0963875,rasters/MER/period_summaries
Output,Output/rasters/MER/period_summaries/mer_post_valid_year_count.tif,mer_post_valid_year_count.tif,.tif,153192,2026-06-27T05:05:48+00:00,e17930c51ac57551430a2d132b09bd5bf62892bcad1e0a5e5dcca2be36bddc3d,rasters/MER/period_summaries
Output,Output/rasters/MER/period_summaries/mer_pre_annual_max_observed_frequency_pct.tif,mer_pre_annual_max_observed_frequency_pct.tif,.tif,783232,2026-06-27T05:05:48+00:00,9134700751a2f4fcd740f36a4790b16510754f17b87163c0c37478dea4e42283,rasters/MER/period_summaries
Output,Output/rasters/MER/period_summaries/mer_pre_valid_year_count.tif,mer_pre_valid_year_count.tif,.tif,98747,2026-06-27T05:05:48+00:00,15b8f309f2872a284e3238aa5de438d39047a78336e47dbee2318b9c3e9ae59f,rasters/MER/period_summaries
Output,Output/rasters/MER/support/mer_observation_count_WY2024_SMOKE_TEST.tif,mer_observation_count_WY2024_SMOKE_TEST.tif,.tif,708340,2026-06-27T03:43:26+00:00,cb98ce0335a155d2e3ad0546f63e074cc048b0e05113c15d89a5a4858959a7bf,rasters/MER/support
Output,Output/rasters/MER/support/mer_observation_count_WY2025_SMOKE_TEST.tif,mer_observation_count_WY2025_SMOKE_TEST.tif,.tif,78928,2026-06-27T03:46:30+00:00,91b24e74bd6b93761ed281ee5a3291b26bd52a3402d233ff1cb2465816087d21,rasters/MER/support
Output,Output/rasters/MER/support/mer_valid_observation_count_WY2024_SMOKE_TEST.tif,mer_valid_observation_count_WY2024_SMOKE_TEST.tif,.tif,733558,2026-06-27T03:43:28+00:00,9b528305c434dc53d85cd75591d9ab6cb3ae6cbe96b043590ad2e0936f8d8fed,rasters/MER/support
Output,Output/rasters/MER/support/mer_valid_observation_count_WY2025_SMOKE_TEST.tif,mer_valid_observation_count_WY2025_SMOKE_TEST.tif,.tif,78940,2026-06-27T03:46:30+00:00,c3ca9a91fc822e2f4e7bc3ffc59ccac572b825c9b7b589da666866ce456acf7e,rasters/MER/support
Output,Output/rasters/task_J/diff_pp_1994_28355.tif,diff_pp_1994_28355.tif,.tif,2200108,2026-07-18T07:19:02+00:00,f6a6542d63aff0cc9804ab39df868679f6bd27169400a1d324b7458b9b0a484c,rasters/task_J
Output,Output/rasters/task_J/diff_pp_1994_8058.tif,diff_pp_1994_8058.tif,.tif,3953154,2026-07-18T07:20:32+00:00,c2ca9290de80e4839fe7af685976d3d678e4f1ebf162938f924468cad51f4157,rasters/task_J
Output,Output/rasters/task_J/diff_pp_1999_28355.tif,diff_pp_1999_28355.tif,.tif,2599586,2026-07-18T07:19:12+00:00,0c4506fdb8fd57f3ab0dac4dcfc4e62ffaa191590b185d0e20e69f6198682aee,rasters/task_J
Output,Output/rasters/task_J/diff_pp_1999_8058.tif,diff_pp_1999_8058.tif,.tif,4336904,2026-07-18T07:20:38+00:00,176d1c6f7279f4b72941189733debd46ddc888a5773ef9b7e0a5033b9b612863,rasters/task_J
Output,Output/rasters/task_J/diff_pp_2004_28355.tif,diff_pp_2004_28355.tif,.tif,3012730,2026-07-18T07:19:26+00:00,75da1f38530f8b4c407d9e4b06bc5f0e78941b8cb0b3923c3bcdc97799e87b4c,rasters/task_J
Output,Output/rasters/task_J/diff_pp_2004_8058.tif,diff_pp_2004_8058.tif,.tif,4542556,2026-07-18T07:20:44+00:00,edcd26f8879134f49a7acdffbacc34c0db2a40ae2097a386d9529f3db2ee9002,rasters/task_J
Output,Output/rasters/task_J/diff_pp_2009_28355.tif,diff_pp_2009_28355.tif,.tif,3744444,2026-07-18T07:19:40+00:00,2e0bf37cf304ad75c0ac2aaba54823dd8892d56494d518c5afd2ae796dca1717,rasters/task_J
Output,Output/rasters/task_J/diff_pp_2009_8058.tif,diff_pp_2009_8058.tif,.tif,5435646,2026-07-18T07:20:50+00:00,99be1271d5d2ef6518d909ec90c2cca6c850da7f42f629c4cca5337ca0653ee4,rasters/task_J
Output,Output/rasters/task_J/diff_pp_2014_28355.tif,diff_pp_2014_28355.tif,.tif,3695638,2026-07-18T07:19:54+00:00,709934d2c4bdf89c874fb149d52c2811d38d6fcbafaef592c28e4fdf48d53dda,rasters/task_J
Output,Output/rasters/task_J/diff_pp_2014_8058.tif,diff_pp_2014_8058.tif,.tif,5514716,2026-07-18T07:20:56+00:00,965d57dbe7ec3186977f727529bdde2bbeb2e9be329bf3c8b56d44c8cf4ba7e2,rasters/task_J
Output,Output/rasters/task_J/diff_pp_2018_28355.tif,diff_pp_2018_28355.tif,.tif,5775428,2026-07-18T07:20:10+00:00,6993fceabc3f78c9dd49889eda013ac5990ace31497604cb6728dd6cf95e4b4a,rasters/task_J
Output,Output/rasters/task_J/diff_pp_2018_8058.tif,diff_pp_2018_8058.tif,.tif,5960362,2026-07-18T07:21:02+00:00,9df03ca7165f23d4cf6e07ed8b0ea7fa356ef7f7f859bd109d3ebe33bc8af671,rasters/task_J
Output,Output/rasters/task_U/taskU_bb0_dem_2009_8058_50cm.tif,taskU_bb0_dem_2009_8058_50cm.tif,.tif,6560596103,2026-08-01T03:24:42.029459+00:00,bb4dbbc4e7900af7820d582a99cb23fef049f507718799fc4bac7d39540c8ee8,rasters/task_U
Output,Output/rasters/task_U/taskU_bb0_dem_2021_8058_50cm.tif,taskU_bb0_dem_2021_8058_50cm.tif,.tif,6472579060,2026-08-01T03:37:14.232925+00:00,a184b462c8c6c3b8ca33a58e619e4e4649f34b8da0dced76a95b57b09a804c8a,rasters/task_U
Output,Output/rasters/task_U/taskU_bb9_p05_height_2009_8058_5m.tif,taskU_bb9_p05_height_2009_8058_5m.tif,.tif,23382982,2026-08-01T02:45:28.833528+00:00,a9497a6b1c3be866ca33763019f6599242a03860bb5afb86c07c745dfd6e3c91,rasters/task_U
Output,Output/rasters/task_U/taskU_bb9_p05_height_2021_8058_5m.tif,taskU_bb9_p05_height_2021_8058_5m.tif,.tif,20128122,2026-08-01T02:45:43.184641+00:00,1f2ba36aeba98e5f4670c9399cf24835eecc2b136bff99c56cbf069030ce1e55,rasters/task_U
Output,Output/rasters/task_U/taskU_bba_p25_height_2009_8058_5m.tif,taskU_bba_p25_height_2009_8058_5m.tif,.tif,23433670,2026-08-01T02:45:52.785118+00:00,bf2923d5009c9b9c7822716594913b7f5969ddac857b9a062076362f5f43e8d4,rasters/task_U
Output,Output/rasters/task_U/taskU_bba_p25_height_2021_8058_5m.tif,taskU_bba_p25_height_2021_8058_5m.tif,.tif,20143776,2026-08-01T02:46:06.967916+00:00,a9bf494b34d0c8ad2fd0c60afdd27ba462a7495510a539584f0be932cd6e099a,rasters/task_U
Output,Output/rasters/task_U/taskU_bbb_p50_height_2009_8058_5m.tif,taskU_bbb_p50_height_2009_8058_5m.tif,.tif,23440652,2026-08-01T02:46:16.301752+00:00,62f51c7a40c100ad20c249da737c1844ffb1bcfe5318733ead1bf0b28dc46f2d,rasters/task_U
Output,Output/rasters/task_U/taskU_bbb_p50_height_2021_8058_5m.tif,taskU_bbb_p50_height_2021_8058_5m.tif,.tif,20145454,2026-08-01T02:46:30.535315+00:00,b0ca815433272e1bd6eb5a23be93618ea6d462aa771739bb897c626f65244eab,rasters/task_U
Output,Output/rasters/task_U/taskU_bbc_p75_height_2009_8058_5m.tif,taskU_bbc_p75_height_2009_8058_5m.tif,.tif,23434250,2026-08-01T02:46:40.014383+00:00,b12642ebedace224d74d346f2c132deb90b2d461a08a8942a09fb0ce920d669d,rasters/task_U
Output,Output/rasters/task_U/taskU_bbc_p75_height_2021_8058_5m.tif,taskU_bbc_p75_height_2021_8058_5m.tif,.tif,20144230,2026-08-01T02:46:54.136250+00:00,003d54d587d3d83187320ab506eef29484087b557b2c87deeef1180d7821b303,rasters/task_U
Output,Output/rasters/task_U/taskU_bbd_p95_height_2009_8058_5m.tif,taskU_bbd_p95_height_2009_8058_5m.tif,.tif,23433218,2026-08-01T02:47:00.768950+00:00,e74892367e33cb3d0102662b720afee607af99af9cc342300a98747061aa4b8b,rasters/task_U
Output,Output/rasters/task_U/taskU_bbd_p95_height_2021_8058_5m.tif,taskU_bbd_p95_height_2021_8058_5m.tif,.tif,20145698,2026-08-01T02:47:08.219393+00:00,88fbae846285f218f159960337ab257b3ecec99722ecbcb0d54fe4985f25e276,rasters/task_U
Output,Output/rasters/task_U/taskU_bbe_p99_height_2009_8058_5m.tif,taskU_bbe_p99_height_2009_8058_5m.tif,.tif,23437392,2026-08-01T02:47:13.069792+00:00,3c536b3dfda99d7c4a957f7b3f8fc3061ad4b15aa19233a09d7597db3f56794a,rasters/task_U
Output,Output/rasters/task_U/taskU_bbe_p99_height_2021_8058_5m.tif,taskU_bbe_p99_height_2021_8058_5m.tif,.tif,20147320,2026-08-01T02:47:27.064492+00:00,d09ee88b63188f7bd8932da1c48e3d2381b508b6e7b13133aef7ebae1211f06e,rasters/task_U
Output,Output/rasters/task_U/taskU_bbh_fpc_2009_8058_10m.tif,taskU_bbh_fpc_2009_8058_10m.tif,.tif,980710,2026-08-01T02:43:31.770030+00:00,11969ecee6c789b8ab94a9ea030777f55320afb715d236026312cf49d9c92ca9,rasters/task_U
Output,Output/rasters/task_U/taskU_bbh_fpc_2021_8058_10m.tif,taskU_bbh_fpc_2021_8058_10m.tif,.tif,1076588,2026-08-01T02:43:31.960156+00:00,db465c85dd75647b81ccfc4cdc1b86b476348502532e8a74c6d48e43461de799,rasters/task_U
Output,Output/rasters/task_U/taskU_r2_excluded_2009_8058_5m.tif,taskU_r2_excluded_2009_8058_5m.tif,.tif,91598,2026-08-01T02:47:27.638141+00:00,f5360082339a064005c414802d5ddb4b1c1906f5869ffc2a85e8bd08250c7f29,rasters/task_U
Output,Output/rasters/task_U/taskU_r2_excluded_2021_8058_5m.tif,taskU_r2_excluded_2021_8058_5m.tif,.tif,91184,2026-08-01T02:47:28.206625+00:00,0f01cedb9db13ca90a1e6cae7658b3bff43b3a7aa552aacf58a07628778d86f6,rasters/task_U
Output,Output/rasters/task_U/taskU_seam_mask_2021_8058_10m.tif,taskU_seam_mask_2021_8058_10m.tif,.tif,38289,2026-08-01T02:43:32.085083+00:00,a10d6f0ea8ba47c79ef5a8fd2f82c0905816d6067bcbdcb9bdb060583645dd2a,rasters/task_U
Output,Output/rasters/task_U/taskU_seam_mask_2021_8058_5m.tif,taskU_seam_mask_2021_8058_5m.tif,.tif,238334,2026-08-01T02:47:28.786956+00:00,2dcb74e0781c1e69fddbc9f347afb8429abea0f8422cc0df7222507c6c5c21ca,rasters/task_U
Output,Output/rasters/unzoned_components_8058/unzoned_components_8058.tif,unzoned_components_8058.tif,.tif,1178300,2026-07-27T08:39:18.938384+00:00,029334907cc21e04946c6bcf57fd49dee803e10c4b996e1e3aaead97cdfddd27,rasters/unzoned_components_8058
Output,Output/rasters/veg_annual_8058/census_veg_wet_response_r_meanseason_8058.tif,census_veg_wet_response_r_meanseason_8058.tif,.tif,5234232,2026-07-21T06:54:15.407518+00:00,d89e279b70b77eee0a1cdc5ff144ccbb617e2d9b79cbcdda799c55cc540b86dc,rasters/veg_annual_8058
Output,Output/rasters/veg_annual_8058/total_veg_annual_jja_son_8058.tif,total_veg_annual_jja_son_8058.tif,.tif,579574325,2026-07-21T05:59:33.497677+00:00,715e2d1a20dce0da85692d66ee8dc8c3b607015302b799e997fd77ea18b96bdb,rasters/veg_annual_8058
Output,Output/rasters/veg_annual_8058/total_veg_annual_mean_8058.tif,total_veg_annual_mean_8058.tif,.tif,609233006,2026-07-21T05:59:25.940290+00:00,d76b0c556fc534b0264e721d594510c446507aa06ca99817270799551ba9ca8a,rasters/veg_annual_8058
Output,Output/rasters/veg_duration_8058/veg_persistence_duration_8058.tif,veg_persistence_duration_8058.tif,.tif,34503793,2026-07-27T02:53:47.127127+00:00,a0ec584ee0d40005532ecb4c10c496f64e248c7cf1a2d15cde56e88e19641467,rasters/veg_duration_8058
Output,Output/rasters/veg_percentiles_8058/total_veg_p05_8058.tif,total_veg_p05_8058.tif,.tif,18750762,2026-07-16T05:02:58+00:00,e0d8ab54c988b03451aca5e647a5aaef1f43e9d3642eb32d5360dd51085e9058,rasters/veg_percentiles_8058
Output,Output/rasters/veg_percentiles_8058/total_veg_p10_8058.tif,total_veg_p10_8058.tif,.tif,18552780,2026-07-16T05:03:00+00:00,be68a74e1846f4d3392e3cb42cb1849fdf017f6238acc885eeff8d0600749904,rasters/veg_percentiles_8058
Output,Output/rasters/veg_percentiles_8058/total_veg_p20_8058.tif,total_veg_p20_8058.tif,.tif,18247143,2026-07-16T05:03:00+00:00,a94504958778043714b223565f494204a46a840edd2a8a9f0d02b4149df070ef,rasters/veg_percentiles_8058
Output,Output/rasters/veg_percentiles_8058/total_veg_p30_8058.tif,total_veg_p30_8058.tif,.tif,18025378,2026-07-16T05:03:02+00:00,54f126a90dd6613b740ca7fe68ebcea982f7bb75f09d11afc1000c26e18522aa,rasters/veg_percentiles_8058
Output,Output/rasters/veg_percentiles_8058/total_veg_p50_8058.tif,total_veg_p50_8058.tif,.tif,17490103,2026-07-16T05:03:02+00:00,0bce8ae9992f50e13b1222308f22624ba165a3a6ab0d09792c9d8acef1c32223,rasters/veg_percentiles_8058
Output,Output/reports/Adrian_slides.zip,Adrian_slides.zip,.zip,49004161,2026-07-14T08:55:32+00:00,545fb6e63888f22d0be32225ca0d505273d4a1d5445d72fd7ed056423acb47c4,reports
Output,Output/reports/legend_confirmation_for_adrian.md,legend_confirmation_for_adrian.md,.md,1819,2026-07-07T07:23:12+00:00,5b2104f38f2c3632a49ef884df0dc3555d0a9e28a9ba2e50a1bbc19e8ceae55e,reports
Output,Output/reports/legend_decision_record.md,legend_decision_record.md,.md,3770,2026-07-07T07:23:12+00:00,28a686110c68cce1df54f5385c80734aa4308d74c869cf78a02d990b4b0f277f,reports
Output,Output/reports/README_reports.md,README_reports.md,.md,810,2026-06-29T05:19:30+00:00,3542c151443d97b3a516965e8126cf65a8835f59467c7f94d19d8380fc83da5d,reports
Output,Output/reports/rs_inundation_background_raster_handoff.md,rs_inundation_background_raster_handoff.md,.md,4679,2026-07-02T01:38:34+00:00,5c855bd7496e19016147b95b5bbc78c5451e173e979bd95fcc2fc512ce2ec2be,reports
Output,Output/reports/Adrian_slides/Gayini_Adrian_review_pack.zip,Gayini_Adrian_review_pack.zip,.zip,38551950,2026-07-13T22:55:24+00:00,004697f2dd3c7b13b6ca2b74839f6d3d5136a0da7cb97ef159cfebe4e659d924,reports/Adrian_slides
Output,Output/reports/Adrian_slides/Gayini_new_deck.pptx,Gayini_new_deck.pptx,.pptx,11570539,2026-07-13T22:55:22+00:00,e52ddb1c2c6c614ecd92c30f92ed7ef9d254908a2919b41882fd8e218a8f3612,reports/Adrian_slides
Output,Output/reports/Client_Reports/Gayini_paddock_report_Bala_29ca_DRAFT.docx,Gayini_paddock_report_Bala_29ca_DRAFT.docx,.docx,1007165,2026-07-29T03:59:19.906225+00:00,4ff1b085da148d7d87da9995fd449ec439fc6856971860f41b79df1b166a2aa7,reports/Client_Reports
Output,Output/reports/Client_Reports/Gayini_paddock_report_Bala_29ca_DRAFT_1.docx,Gayini_paddock_report_Bala_29ca_DRAFT_1.docx,.docx,991862,2026-07-29T04:00:35.439883+00:00,782d304861828add685ac4ff03618fa15f14f14283fbbee8cad98cd73efc5796,reports/Client_Reports
Output,Output/reports/Client_Reports/Gayini_questions_draft.docx,Gayini_questions_draft.docx,.docx,19264,2026-07-31T01:26:58.221688+00:00,d2fd146dd1388cf5910198da26eb92a5cbda90b9e0a187079eb38a50755f9f83,reports/Client_Reports
Output,Output/reports/Client_Reports/gayini_report_template_code.zip,gayini_report_template_code.zip,.zip,17219,2026-07-28T08:42:12.656902+00:00,aa52d78a31d01e730c1b4134c3f5b23622fd9138676abf5c34cce075a89e4f58,reports/Client_Reports
Output,Output/reports/Client_Reports/Gayini_site_report_GA_036_DRAFT.docx,Gayini_site_report_GA_036_DRAFT.docx,.docx,356511,2026-07-29T02:46:22.181238+00:00,ebca7396f39d5fc302c0f80292d88624c368213f81d85312da5bacdc72dc5dfd,reports/Client_Reports
Output,Output/reports/Client_Reports/Gayini_site_report_GA_036_DRAFT_2.docx,Gayini_site_report_GA_036_DRAFT_2.docx,.docx,356526,2026-07-29T04:01:35.060446+00:00,4f9e5c69e68d5e71f372197be483e1c52c823d418412f6c6f99584b9aa9b4a27,reports/Client_Reports
Output,Output/reports/Client_Reports/~$yini_questions_draft.docx,~$yini_questions_draft.docx,.docx,162,2026-07-31T01:26:58.178980+00:00,198f308927e3741eef16b0f33cc4a70644a1de8dc1036e07dfee3a303fa137b9,reports/Client_Reports
Output,Output/reports/code_and_repo_audits/code_refresh/stage1_code_refresh_handoff.md,stage1_code_refresh_handoff.md,.md,4734,2026-06-27T06:41:28+00:00,09f95e08b474a36cc0c576ed26a8a7c5f6f3db882b3357127c24587bc344a279,reports/code_and_repo_audits/code_refresh
Output,Output/reports/code_and_repo_audits/code_refresh/stage1_github_push_report.md,stage1_github_push_report.md,.md,915,2026-06-27T06:43:20+00:00,99827ca5dce64908dcd526d603d4c96676136da34fb1e3654041bfc1dbe0df4d,reports/code_and_repo_audits/code_refresh
Output,Output/reports/code_and_repo_audits/code_refresh/stage1_git_status_report.md,stage1_git_status_report.md,.md,828,2026-06-27T06:41:28+00:00,0f2978b96b9321b94369e658c840d5dd34cfae57ed1a200a70fb9ab37e6a38e6,reports/code_and_repo_audits/code_refresh
Output,Output/reports/code_and_repo_audits/code_refresh/stage1_output_comparison.csv,stage1_output_comparison.csv,.csv,1724,2026-06-27T06:41:28+00:00,2556555104b6bbf9899803f725487f3295b22e99d3801fe17a6d598a71bb77c4,reports/code_and_repo_audits/code_refresh
Output,Output/reports/code_and_repo_audits/code_refresh/stage1_static_check_results.csv,stage1_static_check_results.csv,.csv,2870,2026-06-27T06:41:28+00:00,13ae0efa95b57a12fb4ef37b0467a1dd570b4246edefd95eeeb6e0be0c847cd4,reports/code_and_repo_audits/code_refresh
Output,Output/reports/code_and_repo_audits/code_refresh/stage2_code_refresh_handoff.md,stage2_code_refresh_handoff.md,.md,2141,2026-06-27T08:57:08+00:00,d67257c825a18b28a6a4b121520a34e8e908e921949e2e850d5c5360b7cc342a,reports/code_and_repo_audits/code_refresh
Output,Output/reports/code_and_repo_audits/code_refresh/stage2_github_push_report.md,stage2_github_push_report.md,.md,487,2026-06-27T08:59:08+00:00,20e35678cc1047929c959aef14dbd1b9c75a82a9f46a3bdcb223b81b70c159de,reports/code_and_repo_audits/code_refresh
Output,Output/reports/code_and_repo_audits/code_refresh/stage2_git_status_report.md,stage2_git_status_report.md,.md,639,2026-06-27T08:58:34+00:00,64046ff48adb64e18b12a99b69a8d3da6da97463f600c95b1125b71b82c23c31,reports/code_and_repo_audits/code_refresh
Output,Output/reports/code_and_repo_audits/code_refresh/stage2_output_comparison.csv,stage2_output_comparison.csv,.csv,6284,2026-06-27T08:57:08+00:00,be1c9f4523fa2daa54fe8b9956594076febe4c6d34220251a4038e65f820c1b3,reports/code_and_repo_audits/code_refresh
Output,Output/reports/code_and_repo_audits/code_refresh/stage2_output_snapshot_after.json,stage2_output_snapshot_after.json,.json,9593,2026-06-27T08:57:08+00:00,5ebaa24104533dbd1f0d1b7fa6e3ffaf8ebc29a134bf95b2468fc7c41ff6470f,reports/code_and_repo_audits/code_refresh
Output,Output/reports/code_and_repo_audits/code_refresh/stage2_output_snapshot_before.json,stage2_output_snapshot_before.json,.json,9593,2026-06-27T07:44:00+00:00,b433298abbfe97f91ef4a1ed9c0d39bf67c7697ef44f85832d3fb1f08c523642,reports/code_and_repo_audits/code_refresh
Output,Output/reports/code_and_repo_audits/code_refresh/stage2_stage1_validation_results.csv,stage2_stage1_validation_results.csv,.csv,1066,2026-06-27T08:57:08+00:00,5b9a306f54b509397cd6b29b8afe82b3752a0f31051e406b5df88e57211fa84d,reports/code_and_repo_audits/code_refresh
Output,Output/reports/code_and_repo_audits/code_refresh/stage2_static_check_results.csv,stage2_static_check_results.csv,.csv,996,2026-06-27T08:57:08+00:00,188140bc29309fa567c196b051f91bcb92111c0d469b58d4c1cefd6a4575a20a,reports/code_and_repo_audits/code_refresh
Output,Output/reports/code_and_repo_audits/code_refresh/stage3_archive_manifest.csv,stage3_archive_manifest.csv,.csv,16635,2026-06-27T09:40:28+00:00,70808784243d5f06c10707558f35a9549898d636513548f64fd0cf7d7a7bcab3,reports/code_and_repo_audits/code_refresh
Output,Output/reports/code_and_repo_audits/code_refresh/stage3_code_refresh_handoff.md,stage3_code_refresh_handoff.md,.md,2601,2026-06-27T10:00:08+00:00,b185ba6e47da29cf17a599d705c08afeb33f3ea04b98bcccca4b42cba0e3a26f,reports/code_and_repo_audits/code_refresh
Output,Output/reports/code_and_repo_audits/code_refresh/stage3_github_push_report.md,stage3_github_push_report.md,.md,762,2026-06-27T10:02:34+00:00,abd26e21e50dcf3f2a255be36d596631266a267c73e499208c8f583651e32342,reports/code_and_repo_audits/code_refresh
Output,Output/reports/code_and_repo_audits/code_refresh/stage3_git_status_report.md,stage3_git_status_report.md,.md,1011,2026-06-27T10:00:08+00:00,e062365ce00f993584fbb51e51956330e262c38ba08622b2372db9c2de8663ba,reports/code_and_repo_audits/code_refresh
Output,Output/reports/code_and_repo_audits/code_refresh/stage3_removed_from_github_manifest.csv,stage3_removed_from_github_manifest.csv,.csv,5469,2026-06-27T09:40:28+00:00,df7bc75eac302ecbacc71b27a1e33fbb5c54b620e7a6ddb2719be75ee22c7a56,reports/code_and_repo_audits/code_refresh
Output,Output/reports/code_and_repo_audits/code_refresh/stage3_scripts_manifest.csv,stage3_scripts_manifest.csv,.csv,29338,2026-06-27T09:40:28+00:00,d9152d6b3c645c003d624838ddab8795f5d25cbad6d24516652c563d3ca10b2c,reports/code_and_repo_audits/code_refresh
Output,Output/reports/code_and_repo_audits/code_refresh/stage3_static_check_results.csv,stage3_static_check_results.csv,.csv,1913,2026-06-27T10:00:08+00:00,e0350b10c80b90dccc820c93b14a2f4f0faea145a03921866a631d9d269b005d,reports/code_and_repo_audits/code_refresh
Output,Output/reports/code_and_repo_audits/code_refresh/stage4_github_push_report.md,stage4_github_push_report.md,.md,428,2026-06-27T11:33:46+00:00,00b36d482060f1b6598c4858e6c877ee7d74e13ca799b697779b401e6f8ef986,reports/code_and_repo_audits/code_refresh
Output,Output/reports/code_and_repo_audits/code_refresh/stage4_git_status_report.md,stage4_git_status_report.md,.md,392,2026-06-27T10:34:58+00:00,78fa1b62786cfbebeb71d5de8c1efeda83c5a020987e8b301e9c9bf755411f11,reports/code_and_repo_audits/code_refresh
Output,Output/reports/code_and_repo_audits/code_refresh/stage4_reference_update_report.csv,stage4_reference_update_report.csv,.csv,627,2026-06-27T11:32:30+00:00,6e00b5cd708802a235bde813d9772b3c4be71ffe440ad3b2d601c538ea61e7a6,reports/code_and_repo_audits/code_refresh
Output,Output/reports/code_and_repo_audits/code_refresh/stage4_script_rename_plan.csv,stage4_script_rename_plan.csv,.csv,9676,2026-06-27T10:34:58+00:00,63e5af5a606fff966e39bc5a5a7a64959c0a7adb68ad7ad5a7f9a1761625c38b,reports/code_and_repo_audits/code_refresh
Output,Output/reports/code_and_repo_audits/code_refresh/stage4_spine_runner_handoff.md,stage4_spine_runner_handoff.md,.md,1377,2026-06-27T11:31:54+00:00,f73888fd401e021b312427cdc3174b7484db568c4b0f48adf7a9ad9236da9128,reports/code_and_repo_audits/code_refresh
Output,Output/reports/code_and_repo_audits/code_refresh/stage4_static_check_results.csv,stage4_static_check_results.csv,.csv,1008,2026-06-27T11:31:54+00:00,e678fefe374db407de84c51abad4c0236c0d1bbdc7a286fc79aa86b4dca73906,reports/code_and_repo_audits/code_refresh
Output,Output/reports/code_and_repo_audits/code_refresh/stage5_git_status_report.md,stage5_git_status_report.md,.md,3572,2026-06-28T01:04:30+00:00,c72f6a0391adc6ebe5dbf6d2704752cd33c619ca9834418066cca3a457597870,reports/code_and_repo_audits/code_refresh
Output,Output/reports/code_and_repo_audits/code_refresh/stage3_removed_local_packaging/build_modis_results_ppt_artifact_tool.mjs,build_modis_results_ppt_artifact_tool.mjs,.mjs,16615,2026-06-18T02:26:28+00:00,2b0855740fe557c2da87d25caa6ef2d0e1434ba244bdc2a57d368ed3e5f03159,reports/code_and_repo_audits/code_refresh/stage3_removed_local_packaging
Output,Output/reports/code_and_repo_audits/code_refresh/stage3_removed_local_packaging/collect_gayini_07e_outputs.ps1,collect_gayini_07e_outputs.ps1,.ps1,8671,2026-06-13T05:41:42+00:00,84a6ea80943800dc722f3af5e9cea13e1baa34cbbd156aec6fb80ef72d24324c,reports/code_and_repo_audits/code_refresh/stage3_removed_local_packaging
Output,Output/reports/code_and_repo_audits/code_refresh/stage3_removed_local_packaging/collect_gayini_new_step7_png_figures.ps1,collect_gayini_new_step7_png_figures.ps1,.ps1,6187,2026-06-15T00:32:16+00:00,84a45c152aa516c4b2212ca82bc9cfc4bae81e0ae95651fd0b59aa4e3ae63394,reports/code_and_repo_audits/code_refresh/stage3_removed_local_packaging
Output,Output/reports/code_and_repo_audits/code_refresh/stage3_removed_local_packaging/collect_gayini_step7_outputs.ps1,collect_gayini_step7_outputs.ps1,.ps1,13048,2026-06-14T02:50:58+00:00,03e5a97b6d96990efac56ef7d9c6e23e15be34b5f354530577601d7351199b06,reports/code_and_repo_audits/code_refresh/stage3_removed_local_packaging
Output,Output/reports/code_and_repo_audits/code_refresh/stage3_removed_local_packaging/collect_ppt_assets.ps1,collect_ppt_assets.ps1,.ps1,3249,2026-06-25T11:16:08+00:00,434b4dbfc122bba698e36cf6482e400f10ded1018dd302776b22e52ca0ff6c06,reports/code_and_repo_audits/code_refresh/stage3_removed_local_packaging
Output,Output/reports/code_and_repo_audits/code_refresh/stage3_removed_local_packaging/package_latest_mer_deck_run_outputs.ps1,package_latest_mer_deck_run_outputs.ps1,.ps1,4924,2026-06-24T05:06:04+00:00,0919e78b5c0bec44338793ebb5dc83fbff2da14b3df0d77dab427d680177729d,reports/code_and_repo_audits/code_refresh/stage3_removed_local_packaging
Output,Output/reports/code_and_repo_audits/code_refresh/stage3_removed_local_packaging/package_latest_mer_rs_run_outputs.ps1,package_latest_mer_rs_run_outputs.ps1,.ps1,5437,2026-06-24T03:38:50+00:00,7813c1d3f4f0887569290bfe17500e8c0f93196cf29884788c6616d4f7b72f64,reports/code_and_repo_audits/code_refresh/stage3_removed_local_packaging
Output,Output/reports/code_and_repo_audits/code_refresh/stage3_removed_local_packaging/package_latest_task1_veg_grazing_outputs.ps1,package_latest_task1_veg_grazing_outputs.ps1,.ps1,4631,2026-06-24T09:13:16+00:00,b9dc29d42a14f6335195015dcf6820eadc5fea36e583e66a606540b6093ff95b,reports/code_and_repo_audits/code_refresh/stage3_removed_local_packaging
Output,Output/reports/code_and_repo_audits/code_refresh/stage3_removed_local_packaging/package_latest_task2_gauge_integration_outputs.ps1,package_latest_task2_gauge_integration_outputs.ps1,.ps1,3440,2026-06-25T00:20:16+00:00,9ae842c363c2a3b91943b8221d8504e1b3e68158af365d34be60014cd31f3599,reports/code_and_repo_audits/code_refresh/stage3_removed_local_packaging
Output,Output/reports/code_and_repo_audits/code_refresh/stage3_removed_local_packaging/package_latest_task3_background_matched_year_outputs.ps1,package_latest_task3_background_matched_year_outputs.ps1,.ps1,3415,2026-06-25T01:05:54+00:00,3e91e29310e1186b402c78506fdb1adede2645eda4d531dae02a60d627fdf4a1,reports/code_and_repo_audits/code_refresh/stage3_removed_local_packaging
Output,Output/reports/code_and_repo_audits/code_refresh/stage3_removed_local_packaging/package_latest_task4_mer_metric_consolidation_outputs.ps1,package_latest_task4_mer_metric_consolidation_outputs.ps1,.ps1,3129,2026-06-25T01:54:20+00:00,2051a8742177b71a31d50824345c6dca74f2412c668b048b1aa0044122c3e9be,reports/code_and_repo_audits/code_refresh/stage3_removed_local_packaging
Output,Output/reports/code_and_repo_audits/code_refresh/stage3_removed_local_packaging/package_latest_task5_review_package_outputs.ps1,package_latest_task5_review_package_outputs.ps1,.ps1,3369,2026-06-25T04:15:50+00:00,fff6366bd14bd84605360164e7679bb22a771fc2854d4a813aa5943cc062d23b,reports/code_and_repo_audits/code_refresh/stage3_removed_local_packaging
Output,Output/reports/code_and_repo_audits/code_refresh/stage3_removed_local_packaging/package_latest_task8_main_deck_outputs.ps1,package_latest_task8_main_deck_outputs.ps1,.ps1,4530,2026-06-26T05:47:00+00:00,0a5ee6824a1ee2175b06b52422ce1cf5a1f0e959debd25677cab03d113082705,reports/code_and_repo_audits/code_refresh/stage3_removed_local_packaging
Output,Output/reports/code_and_repo_audits/code_refresh/stage3_removed_local_packaging/package_latest_task9_mer_package_outputs.ps1,package_latest_task9_mer_package_outputs.ps1,.ps1,4687,2026-06-26T06:51:58+00:00,ac22f109a7069abd3f182e15b56f3ea9c6417e547ea448f4da2d672e574f7f45,reports/code_and_repo_audits/code_refresh/stage3_removed_local_packaging
Output,Output/reports/code_and_repo_audits/code_refresh/stage3_removed_local_packaging/utility_zip_recent_mer_run_changes_20260623.ps1,utility_zip_recent_mer_run_changes_20260623.ps1,.ps1,4574,2026-06-23T10:24:48+00:00,00b879e1392772fc8a1ee858a73b32160684906408c143b6cc89a336fab8d44c,reports/code_and_repo_audits/code_refresh/stage3_removed_local_packaging
Output,Output/reports/code_and_repo_audits/output_audit/current_handoff_output_set.csv,current_handoff_output_set.csv,.csv,85251,2026-06-28T23:51:12+00:00,2f866a082ff25ecd2a77baded42f5b4e6010d352bd4322dac5b9d254db1d7f3f,reports/code_and_repo_audits/output_audit
Output,Output/reports/code_and_repo_audits/output_audit/output_classification.csv,output_classification.csv,.csv,602033,2026-06-28T23:50:26+00:00,b1b414330257abfd01a22ccc9b7c77e2bb3746bf5223596e0661c2e5b6687212,reports/code_and_repo_audits/output_audit
Output,Output/reports/code_and_repo_audits/output_audit/output_classification_summary.csv,output_classification_summary.csv,.csv,528,2026-06-28T23:51:14+00:00,86ffc872803f14a5bd94de8198e273635cb2f8cd61ec1354e32cf642a4f83a8d,reports/code_and_repo_audits/output_audit
Output,Output/reports/code_and_repo_audits/output_audit/output_cleanup_archive_manifest_20260629.csv,output_cleanup_archive_manifest_20260629.csv,.csv,140945,2026-06-28T23:43:36+00:00,f8524ba1a1432ae19c4eb4a3b2605c1752ea9bf23c9a4265eb617dc572787308,reports/code_and_repo_audits/output_audit
Output,Output/reports/code_and_repo_audits/output_audit/output_cleanup_candidates.csv,output_cleanup_candidates.csv,.csv,17057,2026-06-28T23:51:14+00:00,ea0f647c01f2db83b2e3a28820cc4563e51c4e9fbe12ebb092c902e86185adf7,reports/code_and_repo_audits/output_audit
Output,Output/reports/code_and_repo_audits/output_audit/output_cleanup_dry_run_actions.csv,output_cleanup_dry_run_actions.csv,.csv,23794,2026-06-28T23:51:36+00:00,103e237f0584d9737ed2fef734d9f0a4fd056303f0d77854c5cfaad01aa07ca9,reports/code_and_repo_audits/output_audit
Output,Output/reports/code_and_repo_audits/output_audit/output_cleanup_dry_run_report.md,output_cleanup_dry_run_report.md,.md,554,2026-06-28T23:51:36+00:00,c128b742dfdf2b5a712526ae4f02157518d36cb9ede79d3574ff35e622de9f98,reports/code_and_repo_audits/output_audit
Output,Output/reports/code_and_repo_audits/output_audit/output_cleanup_execution_actions.csv,output_cleanup_execution_actions.csv,.csv,23729,2026-06-28T23:41:08+00:00,f7aada5338ccde105968825360d6435c800642659d131c52fe133610af7c6e4c,reports/code_and_repo_audits/output_audit
Output,Output/reports/code_and_repo_audits/output_audit/output_cleanup_execution_report.md,output_cleanup_execution_report.md,.md,800,2026-06-28T23:43:36+00:00,8dea319fd56ad9ade4025100b46588acb9a471c26aa0034480a6e9ee801c97d1,reports/code_and_repo_audits/output_audit
Output,Output/reports/code_and_repo_audits/output_audit/output_family_latest_index.csv,output_family_latest_index.csv,.csv,280176,2026-06-28T23:51:12+00:00,1eb422fbd7729b4a7fd49a75d636ce0adb93d6da3f645cb08078287679e509cc,reports/code_and_repo_audits/output_audit
Output,Output/reports/code_and_repo_audits/output_audit/output_file_inventory.csv,output_file_inventory.csv,.csv,602033,2026-06-28T23:50:26+00:00,b1b414330257abfd01a22ccc9b7c77e2bb3746bf5223596e0661c2e5b6687212,reports/code_and_repo_audits/output_audit
Output,Output/reports/code_and_repo_audits/output_audit/output_reference_index.csv,output_reference_index.csv,.csv,4802286,2026-06-28T23:50:22+00:00,71f5dffcb331d246274834dfb7474bc9a6809d0d45ded973ef0fecd06a155768,reports/code_and_repo_audits/output_audit
Output,Output/reports/code_and_repo_audits/output_audit/proposed_output_structure.md,proposed_output_structure.md,.md,1019,2026-06-28T23:51:14+00:00,9bb6db171c3732a86992f2c627e4d3441139f6e36c7156bcc189f986e7eccf8f,reports/code_and_repo_audits/output_audit
Output,Output/reports/code_and_repo_audits/output_audit/stage6_git_status_report.md,stage6_git_status_report.md,.md,751,2026-06-28T23:49:54+00:00,c137f35fc28dfbfc82f4b8a7ae42d75919d71448d2ae1babb794a49af062e586,reports/code_and_repo_audits/output_audit
Output,Output/reports/code_and_repo_audits/output_audit/stage6_output_audit_handoff.md,stage6_output_audit_handoff.md,.md,1635,2026-06-28T23:51:14+00:00,6164132b0211a8cc8ef9c0766c32d8b1bd86b1664755a62e2342807e12bdc13f,reports/code_and_repo_audits/output_audit
Output,Output/reports/code_and_repo_audits/output_organisation/diagnostics_cleanup_manifest_20260629_133007.csv,diagnostics_cleanup_manifest_20260629_133007.csv,.csv,34418,2026-06-29T03:30:10+00:00,79d9df5dce6599efeb551e77d4b1d5f7fa0cfc84aee5854be777f87c1b0396e3,reports/code_and_repo_audits/output_organisation
Output,Output/reports/code_and_repo_audits/output_organisation/diagnostics_cleanup_manifest_20260629_133351.csv,diagnostics_cleanup_manifest_20260629_133351.csv,.csv,29572,2026-06-29T03:33:54+00:00,cca18f2a6c4a38733eda11f48722808ec15c69bdee4d823a877931e02e392934,reports/code_and_repo_audits/output_organisation
Output,Output/reports/code_and_repo_audits/output_organisation/output_folder_organisation_manifest_20260629_125530.csv,output_folder_organisation_manifest_20260629_125530.csv,.csv,97325,2026-06-29T02:55:32+00:00,518afd07ffa5fa3f2d90a77f85dcd787e30f1fce3b0d7d1a3bf3d2b030f1667b,reports/code_and_repo_audits/output_organisation
Output,Output/reports/code_and_repo_audits/output_organisation/output_folder_organisation_manifest_20260629_125742.csv,output_folder_organisation_manifest_20260629_125742.csv,.csv,97325,2026-06-29T02:57:44+00:00,518afd07ffa5fa3f2d90a77f85dcd787e30f1fce3b0d7d1a3bf3d2b030f1667b,reports/code_and_repo_audits/output_organisation
Output,Output/reports/code_and_repo_audits/output_organisation/output_folder_organisation_manifest_20260629_130743.csv,output_folder_organisation_manifest_20260629_130743.csv,.csv,96005,2026-06-29T03:07:52+00:00,aa19cf4bde0712308787793e07d18d0c35a874210da224f58a2541c0773f0d6d,reports/code_and_repo_audits/output_organisation
Output,Output/reports/code_and_repo_audits/output_organisation/reports_folder_organisation_manifest_20260629_145031.csv,reports_folder_organisation_manifest_20260629_145031.csv,.csv,4969,2026-06-29T04:50:32+00:00,a21ac60bd775c09fcd978573106d4126411494e2223de4f6f4046c90dd739d2f,reports/code_and_repo_audits/output_organisation
Output,Output/reports/code_and_repo_audits/output_organisation/reports_folder_organisation_manifest_20260629_145351.csv,reports_folder_organisation_manifest_20260629_145351.csv,.csv,4969,2026-06-29T04:53:52+00:00,2832de4226e993b2acb7d58895f79fb37c929ea8c02352d9d48d65f8552bbb80,reports/code_and_repo_audits/output_organisation
Output,Output/reports/code_and_repo_audits/output_organisation/reports_folder_organisation_manifest_20260629_151131.csv,reports_folder_organisation_manifest_20260629_151131.csv,.csv,4890,2026-06-29T05:11:32+00:00,a827a916b514cf4f769b862aff44f514ea52440250821ac2e33ceb38571ba0e8,reports/code_and_repo_audits/output_organisation
Output,Output/reports/code_and_repo_audits/repo_acceptance/repo_acceptance_audit.csv,repo_acceptance_audit.csv,.csv,12526,2026-06-28T23:46:02+00:00,881f46691bf82a8548125b086f9a243bb866d859a191dfb0cb3a162ef482b6ee,reports/code_and_repo_audits/repo_acceptance
Output,Output/reports/code_and_repo_audits/repo_acceptance/repo_acceptance_audit.md,repo_acceptance_audit.md,.md,252,2026-06-28T23:46:02+00:00,0f3704a6d9e61a6b3bc2f6d069a021196b0639d1ac90722ec6772e6c303f9c14,reports/code_and_repo_audits/repo_acceptance
Output,Output/reports/code_and_repo_audits/repo_acceptance/repo_acceptance_failures.csv,repo_acceptance_failures.csv,.csv,0,2026-06-28T23:46:02+00:00,e3b0c44298fc1c149afbf4c8996fb92427ae41e4649b934ca495991b7852b855,reports/code_and_repo_audits/repo_acceptance
Output,Output/reports/code_and_repo_audits/repo_acceptance/repo_acceptance_file_inventory.csv,repo_acceptance_file_inventory.csv,.csv,433514,2026-06-28T23:46:00+00:00,aab125f37fd80e9fe77c0f056a81d9b93209fd81d45c019492f84d2171245c45,reports/code_and_repo_audits/repo_acceptance
Output,Output/reports/code_and_repo_audits/repo_acceptance/script_comment_audit.csv,script_comment_audit.csv,.csv,5368,2026-06-28T23:46:02+00:00,17b49f2681c37ed9bd336f9b59b030c7d0ccec0df5bd15688a7133481fee5714,reports/code_and_repo_audits/repo_acceptance
Output,Output/reports/code_and_repo_audits/repo_acceptance/script_header_audit.csv,script_header_audit.csv,.csv,6618,2026-06-28T23:46:02+00:00,02b0ea154c4e0470937f2120c8c8215f43431c54c7f73186cd6928f14a710fe2,reports/code_and_repo_audits/repo_acceptance
Output,Output/reports/code_and_repo_audits/repo_acceptance/stage5_github_push_report.md,stage5_github_push_report.md,.md,892,2026-06-28T01:57:56+00:00,02d896e08490e19d77e0e8218d6bb15f3d81efda65047cc06bab032d0ff9e8ae,reports/code_and_repo_audits/repo_acceptance
Output,Output/reports/code_and_repo_audits/repo_acceptance/stage5_repo_acceptance_handoff.md,stage5_repo_acceptance_handoff.md,.md,3233,2026-06-28T01:56:50+00:00,d3168e90e799b309b51785d9199684347df0263a0f286e3a49551a04ae3bb2e1,reports/code_and_repo_audits/repo_acceptance
Output,Output/reports/database/Gayini_results_database_build_report.md,Gayini_results_database_build_report.md,.md,7134,2026-07-01T01:46:44+00:00,db83dadfdf714758579f0ea1a858431d7bf9f1645817d2d25656b56c1be8aed2,reports/database
Output,Output/reports/db_validation/db_validation_results.csv,db_validation_results.csv,.csv,541,2026-07-13T09:32:40+00:00,8bb208e9d1e0b03d212021e0676eb9611379734ddd38655b8845ade949582fcd,reports/db_validation
Output,Output/reports/deck_update/registers/Gayini_ppt_asset_register.csv,Gayini_ppt_asset_register.csv,.csv,112093,2026-06-27T08:54:26+00:00,78ee67ae0f7f2727571d162c381ece598f6d5a882d3d074fb095f33835130f43,reports/deck_update/registers
Output,Output/reports/deck_update/registers/Gayini_ppt_missing_assets.csv,Gayini_ppt_missing_assets.csv,.csv,338,2026-06-27T08:53:08+00:00,143528b20c468e40ed80b8f68e5073ee7ddebfe69777bb698e420b50698a0c94,reports/deck_update/registers
Output,Output/reports/deck_update/registers/Gayini_review_key_figure_manifest.csv,Gayini_review_key_figure_manifest.csv,.csv,82830,2026-06-25T04:13:44+00:00,8d0221c0f335e1c783a1831f78b084c5c759c0a91968eb52638255cfe9ea89af,reports/deck_update/registers
Output,Output/reports/deck_update/story_and_planning/Gayini_presentation_and_workshop_plan_20260615.xlsx,Gayini_presentation_and_workshop_plan_20260615.xlsx,.xlsx,19078,2026-06-16T01:34:32+00:00,efedbb2b245a8ccf5fcd56a85b349a46d208604499e498079707fcb0eae3562e,reports/deck_update/story_and_planning
Output,Output/reports/deck_update/story_and_planning/Gayini_questions_for_Adrian.csv,Gayini_questions_for_Adrian.csv,.csv,2911,2026-06-25T04:13:44+00:00,3e37bf7aecf4d9bacd813811ec35d3a2fc7eeab0abda2168f6ec30d140a93057,reports/deck_update/story_and_planning
Output,Output/reports/deck_update/variables_and_spine/Gayini_analysis_spine.csv,Gayini_analysis_spine.csv,.csv,3775,2026-06-25T04:13:44+00:00,fa87a27c1214b0c141cf967b9582c0485da4c7979a9c31c2dd5cb853a695fc80,reports/deck_update/variables_and_spine
Output,Output/reports/deck_update/variables_and_spine/Gayini_master_variable_and_output_register_20260615.xlsx,Gayini_master_variable_and_output_register_20260615.xlsx,.xlsx,27606,2026-06-16T01:34:32+00:00,66fb7ac5c3aec0a9ebf819463a907c66800607c75f945194597969977a88832a,reports/deck_update/variables_and_spine
Output,Output/reports/deck_update/variables_and_spine/Gayini_review_variable_LUT.csv,Gayini_review_variable_LUT.csv,.csv,101801,2026-06-25T04:13:36+00:00,fabc306dce85eff4a3e6d3198a82a8992c4507e09fe4f396b0ea4bf8964aa34a,reports/deck_update/variables_and_spine
Output,Output/reports/figure_refresh/Gayini_deck_asset_register_refreshed.csv,Gayini_deck_asset_register_refreshed.csv,.csv,8368,2026-07-01T08:40:24+00:00,62159372ce237767310fce2ff950560bf2bbe2546d0418d11c06d6f58b4a6f56,reports/figure_refresh
Output,Output/reports/figure_refresh/Gayini_refreshed_figure_contact_sheet.png,Gayini_refreshed_figure_contact_sheet.png,.png,2412052,2026-07-01T08:41:02+00:00,7488ffc61e126a7ae34f707a04fdf8bea0b2e3c55e304e1c167caf8a4a03d2bf,reports/figure_refresh
Output,Output/reports/figure_refresh/Gayini_refreshed_figure_manifest.csv,Gayini_refreshed_figure_manifest.csv,.csv,11929,2026-07-01T08:40:24+00:00,3b0f5a8f21aa49a50fad9e4b210a73c33a450db720606a2c8f83205d2f0f4053,reports/figure_refresh
Output,Output/reports/figure_refresh/task15_dashboard_index.csv,task15_dashboard_index.csv,.csv,691,2026-07-01T08:40:22+00:00,00a4a28230a2a159b99ec0cfa302eb40b8542bc42688463899b7245c0b86d0d5,reports/figure_refresh
Output,Output/reports/figure_refresh/task15_deck_metric_recheck.csv,task15_deck_metric_recheck.csv,.csv,2042,2026-07-01T08:40:24+00:00,9a61a062f1d5be349897060141006a5d6a160786f41dd61cbd40ba584fa63e85,reports/figure_refresh
Output,Output/reports/figure_refresh/task15_figure_refresh_handoff.md,task15_figure_refresh_handoff.md,.md,7858,2026-07-01T08:41:02+00:00,553a05f38e2bcc6ded0e2ba9a9e380713cc7f1555401dc3ce6b3c12807107eeb,reports/figure_refresh
Output,Output/reports/figure_refresh/task15_grazing_category_mapping.csv,task15_grazing_category_mapping.csv,.csv,151,2026-07-01T08:38:08+00:00,88a5beb623680f9cc128d67092fea5f7fba705b344355a4c6029a107b7241508,reports/figure_refresh
Output,Output/reports/figure_refresh/task15_path_resolution_checks.csv,task15_path_resolution_checks.csv,.csv,4480,2026-07-01T08:38:06+00:00,3552c70a38ff6787248e418eac84c13559b244bca84c28d4c5de30b3b6e8c1b1,reports/figure_refresh
Output,Output/reports/figure_refresh/task15_session_info.txt,task15_session_info.txt,.txt,1661,2026-07-01T08:41:02+00:00,730a95ef0eb24dc1a09bfaa9246bb2a5efde1e556bbe8d68081a9878bb47a499,reports/figure_refresh
Output,Output/reports/MER/flow_mer_repo_comparison_and_raster_plan_20260627.md,flow_mer_repo_comparison_and_raster_plan_20260627.md,.md,8897,2026-06-27T02:52:32+00:00,18681de8c855d503a0c9920e1a4d4263cd56411902d72b49ed88ad0469929aca,reports/MER
Output,Output/reports/MER/Gayini_MER_analysis_review_deck.pptx.inspect.ndjson,Gayini_MER_analysis_review_deck.pptx.inspect.ndjson,.ndjson,35812,2026-06-26T06:49:38+00:00,bec31726350a8ae75406dd48dc0d760e4365741ba9d86cc3702474ae3d07972c,reports/MER
Output,Output/reports/MER/Gayini_MER_analysis_workbook.xlsx.inspect.ndjson,Gayini_MER_analysis_workbook.xlsx.inspect.ndjson,.ndjson,243575,2026-06-26T06:10:22+00:00,152aa6454f4cf28facf3e8a9219d2f19ef7d6e657377dee8f55c6b0010f3c6db,reports/MER
Output,Output/reports/MER/Gayini_MER_methods_and_interpretation_note.docx,Gayini_MER_methods_and_interpretation_note.docx,.docx,467207,2026-06-26T06:46:20+00:00,3a97d6cb31677835eaaa9f3601ec5848799399a0ef1f056c370bde51ba6d2cef,reports/MER
Output,Output/reports/MER/mer_raster_grid_alignment_policy.md,mer_raster_grid_alignment_policy.md,.md,1919,2026-06-27T04:57:12+00:00,1cd3229d6198b822bf6e9ecec4b654a4464e48a21b7999e2bc08b8037abbeda9,reports/MER
Output,Output/reports/MER/decks/Gayini_MER_analysis_review_deck.pptx,Gayini_MER_analysis_review_deck.pptx,.pptx,1358244,2026-06-26T06:49:38+00:00,cf3a62888242ade27eaacfe71777778eae34f4847a9060ca64ec35abaf659c9d,reports/MER/decks
Output,Output/reports/MER/handoffs/task_10_mer_raster_census_and_smoke_test_handoff.md,task_10_mer_raster_census_and_smoke_test_handoff.md,.md,11893,2026-06-27T03:48:54+00:00,064e56942d681068cb26fc80addd829ec124ae0a4797d4dc0029ee4d176965a8,reports/MER/handoffs
Output,Output/reports/MER/handoffs/task_12_mer_annual_max_raster_build_handoff.md,task_12_mer_annual_max_raster_build_handoff.md,.md,3365,2026-06-27T08:54:26+00:00,0d5ad142e230b27ba1c41c4fe3e52aa72b6cffd0fb362dbf03e3df73ffb9cd5f,reports/MER/handoffs
Output,Output/reports/MER/handoffs/task_9_mer_package_handoff.md,task_9_mer_package_handoff.md,.md,6617,2026-06-26T06:51:16+00:00,01ca9fef2f86e1579a1a0ee7c1ddff2cb4e080a3a9c5078035f1c50af675be4a,reports/MER/handoffs
Output,Output/reports/MER/methods_notes/Gayini_MER_raster_methods_note.md,Gayini_MER_raster_methods_note.md,.md,2958,2026-06-27T08:54:26+00:00,d122a878ac5762ea95c2bc3008070834d2b7899f1277256b8ff8cf790c6912b2,reports/MER/methods_notes
Output,Output/reports/MER/workbooks/Gayini_MER_analysis_workbook.xlsx,Gayini_MER_analysis_workbook.xlsx,.xlsx,16005,2026-06-26T06:10:22+00:00,3e287946e5518f7b4d27b9abd5be19cf4c209ebcacc905d3d83f48ab90622201,reports/MER/workbooks
Output,Output/reports/spine_smoke_test/spine_smoke_test_report.md,spine_smoke_test_report.md,.md,454,2026-07-27T00:26:17.574541+00:00,59e2f9968eeb74e8785a4e0098002e0e40853570c12d5d7bbce046cd707b445a,reports/spine_smoke_test
Output,Output/reports/spine_smoke_test/spine_smoke_test_results.csv,spine_smoke_test_results.csv,.csv,22681,2026-07-27T00:26:17.557787+00:00,3970582cf0c8e0e6ceeaec83181d77a56a0a2f0e978b7a73e9f1e7413f82e90a,reports/spine_smoke_test
Output,Output/reports/task_handoffs/recent_mer_run_changes_20260623_manifest.csv,recent_mer_run_changes_20260623_manifest.csv,.csv,5439,2026-06-23T10:25:04+00:00,4fb94019ab0e291c290732e1aaf296509450615c37728fad971f7216d0715315,reports/task_handoffs
Output,Output/review_bundles/d2_site_dashboard_batch.zip,d2_site_dashboard_batch.zip,.zip,34061294,2026-07-20T10:27:12.468151+00:00,ec744dbec99b661b2d7adce8c8ce450dea44c9cc6a44e08d811f950e75956959,review_bundles
Output,Output/review_bundles/gayini_review_bundle_20260718.zip,gayini_review_bundle_20260718.zip,.zip,460342,2026-07-18T08:35:22+00:00,37ce6bf2179d04c55779baeb4bcf7064c58b9408191b1d82cf017da91b985a87,review_bundles
Output,Output/review_bundles/reference_state.zip,reference_state.zip,.zip,2434193,2026-07-27T11:33:42.268493+00:00,cc539ebd4b5eec61152c96c896aacc7c50d4f5c9d60241667a1a36676a32b0c2,review_bundles
Output,Output/review_bundles/reference_state_reg1_reg2_report_plumbing.zip,reference_state_reg1_reg2_report_plumbing.zip,.zip,39337,2026-07-29T05:21:44.117436+00:00,fd161eaf86a3582b826f9ed182ff1820fd71bd502ab6a4dcf4c929239e5bd16f,review_bundles
Output,Output/review_bundles/reference_state_T10_residuals.zip,reference_state_T10_residuals.zip,.zip,44206,2026-07-28T11:26:11.647246+00:00,86f7f9adfc398db1a4f2452c8417dd0fb607ed5e9c8cb3ee0e834ce120480224,review_bundles
Output,Output/review_bundles/reference_state_T8_headline_number.zip,reference_state_T8_headline_number.zip,.zip,28118,2026-07-28T08:19:18.073492+00:00,5b865214ff1784fbfe75a5358c6200a7a9e8ae74f280f7e0399572b848825afc,review_bundles
Output,Output/review_bundles/t13_paddock_part_classification.zip,t13_paddock_part_classification.zip,.zip,9759746,2026-07-31T08:07:03.742672+00:00,3655346003dc8052f636497eafc86e29887e65f4386a4b13ef12d0e4794faaec,review_bundles
Output,Output/review_bundles/tier1b_descriptive_figures.zip,tier1b_descriptive_figures.zip,.zip,972868,2026-07-08T07:17:22+00:00,8f80d1f547a8c681163ebae2a72c57bfc1301d48ff82ba4d1789df0bf9f06b38,review_bundles
Output,Output/review_bundles/tier1c2_f5_legibility.zip,tier1c2_f5_legibility.zip,.zip,5504116,2026-07-09T02:59:22+00:00,b2d013a758219e38c17c1228a65fbfdbb0d89eb6792b6ca33016f3c570c62363,review_bundles
Output,Output/review_bundles/tier1c3_f5_figures.zip,tier1c3_f5_figures.zip,.zip,5029946,2026-07-10T01:02:22+00:00,0b8cfd56880a39f5be96c125ebd11be1af3cea0a6b502d96787253e41714a2f2,review_bundles
Output,Output/review_bundles/tier1c_stratified_sampling.zip,tier1c_stratified_sampling.zip,.zip,20142638,2026-07-09T02:10:50+00:00,fdbf8a1d47ad1c1226e490de57cfaeddeb38505e66d8021e8c0446fef238ff6f,review_bundles
Output,Output/review_bundles/tier1d_trend_test.zip,tier1d_trend_test.zip,.zip,1496840,2026-07-18T08:36:18+00:00,9407fb96f279b4275bfe86946de3961f6632d78311382daa3f5a911347d6f993,review_bundles
Output,Output/review_bundles/tier1e_f7_groundcover_response.zip,tier1e_f7_groundcover_response.zip,.zip,1433954,2026-07-14T03:18:26+00:00,7cd5192ece9e20ca330d7b9a294cfedd5dc1294817a6af00358a4a36cb05f72a,review_bundles
Output,Output/review_bundles/tier1G_figures_dashboards.zip,tier1G_figures_dashboards.zip,.zip,10389356,2026-07-14T06:14:16+00:00,56a54173e58cc493019964c8ede5661bf81a790d0d4b832095e7e79b7e3c1801,review_bundles
Output,Output/review_bundles/tier1_dashboards_trial.zip,tier1_dashboards_trial.zip,.zip,27146189,2026-07-10T06:18:18+00:00,87dcfd6efa1a078842876a9c146c12031f34a5afe36814e38402535cdccc7be5,review_bundles
Output,Output/review_bundles/tier1_pixel_census.zip,tier1_pixel_census.zip,.zip,206221,2026-07-10T00:44:50+00:00,1edc71f0a11d731baa0992c2d126df5c8b9c332d47545a5655d5c57911450f65,review_bundles
Output,Output/review_bundles/tier1_veg_regime_checkerboard.zip,tier1_veg_regime_checkerboard.zip,.zip,7882275,2026-07-10T06:16:58+00:00,fab1108da824d97d7862c89503a7ec95ebe5c528ca4c9d48221ce34952e2d11e,review_bundles
Output,Output/review_bundles/tier2H_all_pixel_census.zip,tier2H_all_pixel_census.zip,.zip,1624058,2026-07-17T05:55:22+00:00,4f9c2c4035403703e639c0ef42639bfbe5072c015feafd04e4d789b006203f1b,review_bundles
Output,Output/review_bundles/tier2m_deck_evidence.zip,tier2m_deck_evidence.zip,.zip,1723761,2026-07-24T12:24:10.557432+00:00,7af1d0075760b96ff0d123f567a8e8cf485bef84f3fc3e92ebd7454a2c3646ea,review_bundles
Output,Output/review_bundles/tier2_T12_dea_landcover.zip,tier2_T12_dea_landcover.zip,.zip,1499873,2026-07-28T05:13:52.127451+00:00,c920cd6d243f4a9cc54120f3dcb5736fae9395efe6a3a957819ccde8e62862d4,review_bundles
Output,Output/review_bundles/tier2_T2_zone_annual_veg.zip,tier2_T2_zone_annual_veg.zip,.zip,1635272,2026-07-27T07:31:03.256838+00:00,3d5ad3b6f7c097d34955ee6a3b71eb02a01b0abf2568c8e51a9e3a1cd6da769d,review_bundles
Output,Output/review_bundles/tier2_T6_third_grazing_arm.zip,tier2_T6_third_grazing_arm.zip,.zip,1770374,2026-07-27T09:57:42.902175+00:00,6a7a619e444e1f60495a2447c741ffe28142276cf4218deaf0ed73b300878265,review_bundles
Output,Output/review_bundles/d2_site_dashboard_batch/d2_batch_plot_paddock_20260720.csv,d2_batch_plot_paddock_20260720.csv,.csv,4606,2026-07-20T10:26:20.459112+00:00,0333fceb6467c5414e5a931178db027d258caa60a9ae2ed0a6f79c71958620f0,review_bundles/d2_site_dashboard_batch
Output,Output/review_bundles/d2_site_dashboard_batch/d2_batch_roster_20260720.csv,d2_batch_roster_20260720.csv,.csv,7179,2026-07-20T10:26:20.435579+00:00,2becabe69713158c1ed99cac2d2a5c3a0547dcf0b0d1eadc3e3d8e2d6477b081,review_bundles/d2_site_dashboard_batch
Output,Output/review_bundles/d2_site_dashboard_batch/D2_site_GA_001_slide_data.png,D2_site_GA_001_slide_data.png,.png,674100,2026-07-20T10:26:20.103645+00:00,a445376c1e1606e2c54ef78e3b267992f78cc6f3126cc93583e42143b891abca,review_bundles/d2_site_dashboard_batch
Output,Output/review_bundles/d2_site_dashboard_batch/D2_site_GA_002_slide_data.png,D2_site_GA_002_slide_data.png,.png,660009,2026-07-20T10:26:20.118836+00:00,f316dac4841d3578e2716f179680a8ea65628c8f81a5fb0a5e2d8d0d95446a93,review_bundles/d2_site_dashboard_batch
Output,Output/review_bundles/d2_site_dashboard_batch/D2_site_GA_003_slide_data.png,D2_site_GA_003_slide_data.png,.png,665571,2026-07-20T10:26:20.118836+00:00,fb73b93b11cce4b3b0f2cbf49e7e5efc0b7d9317f005eb70de5a3ad6c2b50239,review_bundles/d2_site_dashboard_batch
Output,Output/review_bundles/d2_site_dashboard_batch/D2_site_GA_004_slide_data.png,D2_site_GA_004_slide_data.png,.png,665322,2026-07-20T10:26:20.118836+00:00,9e4320399d3c03ed1d87d75c7bb89638f51055be87e37d87fef873ef099794da,review_bundles/d2_site_dashboard_batch
Output,Output/review_bundles/d2_site_dashboard_batch/D2_site_GA_005_slide_data.png,D2_site_GA_005_slide_data.png,.png,658465,2026-07-20T10:26:20.143253+00:00,636fc0f019dd534d3ce8c46a28c9ef921807820bfe4048e0eaf7c2d8a03e835c,review_bundles/d2_site_dashboard_batch
Output,Output/review_bundles/d2_site_dashboard_batch/D2_site_GA_006_slide_data.png,D2_site_GA_006_slide_data.png,.png,650993,2026-07-20T10:26:20.143253+00:00,037592a8be065623c73200e386b5743d49d2cc99e393d61e8fb076ee53810351,review_bundles/d2_site_dashboard_batch
Output,Output/review_bundles/d2_site_dashboard_batch/D2_site_GA_007_slide_data.png,D2_site_GA_007_slide_data.png,.png,647114,2026-07-20T10:26:20.153732+00:00,2ce213547b202a57951379aa9379eeca15c3b2edcc0616d8f01086d2142f1443,review_bundles/d2_site_dashboard_batch
Output,Output/review_bundles/d2_site_dashboard_batch/D2_site_GA_008_slide_data.png,D2_site_GA_008_slide_data.png,.png,620802,2026-07-20T10:26:20.153732+00:00,44f37c1d50d640e717a95d66ed3daa56f846b0272900b201e0a66ef38afb1d16,review_bundles/d2_site_dashboard_batch
Output,Output/review_bundles/d2_site_dashboard_batch/D2_site_GA_009_slide_data.png,D2_site_GA_009_slide_data.png,.png,614745,2026-07-20T10:26:20.153732+00:00,80aebeed6c96921a9384f1a50760ce03b1e131196229d16aa5d414909650e9df,review_bundles/d2_site_dashboard_batch
Output,Output/review_bundles/d2_site_dashboard_batch/D2_site_GA_010_slide_data.png,D2_site_GA_010_slide_data.png,.png,586838,2026-07-20T10:26:20.168823+00:00,6626999c860d4330212dbb2c5c90a0a7e892842521dcb243958ba32fed6702c4,review_bundles/d2_site_dashboard_batch
Output,Output/review_bundles/d2_site_dashboard_batch/D2_site_GA_013_slide_data.png,D2_site_GA_013_slide_data.png,.png,605203,2026-07-20T10:26:20.168823+00:00,ced3ba981861f06b4bc93908241f26af7674cee84ee92972eeacab7541daacac,review_bundles/d2_site_dashboard_batch
Output,Output/review_bundles/d2_site_dashboard_batch/D2_site_GA_016_slide_data.png,D2_site_GA_016_slide_data.png,.png,665843,2026-07-20T10:26:20.168823+00:00,739f210792cf10b41b041acf14f2c631e3b70779ac002e10d2234e0d705549ef,review_bundles/d2_site_dashboard_batch
Output,Output/review_bundles/d2_site_dashboard_batch/D2_site_GA_017_slide_data.png,D2_site_GA_017_slide_data.png,.png,667026,2026-07-20T10:26:20.168823+00:00,5baa8719c368bb32d48cdc824ba71cd708591d33b116c341d9d3db60962826ac,review_bundles/d2_site_dashboard_batch
Output,Output/review_bundles/d2_site_dashboard_batch/D2_site_GA_018_slide_data.png,D2_site_GA_018_slide_data.png,.png,670637,2026-07-20T10:26:20.186631+00:00,d164278f7edbd1a95c3ef925258d55207030bfce2d8217534769761a9689e5d7,review_bundles/d2_site_dashboard_batch
Output,Output/review_bundles/d2_site_dashboard_batch/D2_site_GA_019_slide_data.png,D2_site_GA_019_slide_data.png,.png,651708,2026-07-20T10:26:20.186631+00:00,5db82d4a336a203abcbb74989de69b46f02d4e7489208992f0ede8f5bb2200c6,review_bundles/d2_site_dashboard_batch
Output,Output/review_bundles/d2_site_dashboard_batch/D2_site_GA_020_slide_data.png,D2_site_GA_020_slide_data.png,.png,654797,2026-07-20T10:26:20.186631+00:00,4c635f6c4777c3c9101d2f4bafd9874930b04b0b27eeec714c00b4d815f0ce6a,review_bundles/d2_site_dashboard_batch
Output,Output/review_bundles/d2_site_dashboard_batch/D2_site_GA_022_slide_data.png,D2_site_GA_022_slide_data.png,.png,657725,2026-07-20T10:26:20.203331+00:00,d086c05c84472595d8a7b20387eb118634413113cb486a9acec5434a7fdfa313,review_bundles/d2_site_dashboard_batch
Output,Output/review_bundles/d2_site_dashboard_batch/D2_site_GA_024_slide_data.png,D2_site_GA_024_slide_data.png,.png,628984,2026-07-20T10:26:20.204142+00:00,6ab87638e2400cf95c439ece040239ddc1f46ebcc56883a02fc86469052ae2b1,review_bundles/d2_site_dashboard_batch
Output,Output/review_bundles/d2_site_dashboard_batch/D2_site_GA_025_slide_data.png,D2_site_GA_025_slide_data.png,.png,623234,2026-07-20T10:26:20.204142+00:00,9c6691f328e195c8ee2de35ad5508c671e7710c849105c0a9026a4bd46a916b9,review_bundles/d2_site_dashboard_batch
Output,Output/review_bundles/d2_site_dashboard_batch/D2_site_GA_026_slide_data.png,D2_site_GA_026_slide_data.png,.png,629319,2026-07-20T10:26:20.204142+00:00,125fdc404611c7adf7167c41a107a8d350e4211eb6ce7dc316de7fe4394cf300,review_bundles/d2_site_dashboard_batch
Output,Output/review_bundles/d2_site_dashboard_batch/D2_site_GA_027_slide_data.png,D2_site_GA_027_slide_data.png,.png,616219,2026-07-20T10:26:20.219090+00:00,e8e4cbe232297bb05e02faeb3b8736f9d32a60747fd7053a7e24905375c0cfb7,review_bundles/d2_site_dashboard_batch
Output,Output/review_bundles/d2_site_dashboard_batch/D2_site_GA_028_slide_data.png,D2_site_GA_028_slide_data.png,.png,662242,2026-07-20T10:26:20.221985+00:00,d79c09766a3bfd62c0c8e502d9c6c030994f2286884ed89fe85ebda6e006057b,review_bundles/d2_site_dashboard_batch
Output,Output/review_bundles/d2_site_dashboard_batch/D2_site_GA_031_slide_data.png,D2_site_GA_031_slide_data.png,.png,612831,2026-07-20T10:26:20.226329+00:00,2671375449b1543f671dcaa7505f1062acd3b7a0186d2a869f143e6d7823ef65,review_bundles/d2_site_dashboard_batch
Output,Output/review_bundles/d2_site_dashboard_batch/D2_site_GA_032_slide_data.png,D2_site_GA_032_slide_data.png,.png,619472,2026-07-20T10:26:20.235293+00:00,819216d2f9eb7b8361aeee5276af9c693a65873a70028e2a732f1c47cd44fede,review_bundles/d2_site_dashboard_batch
Output,Output/review_bundles/d2_site_dashboard_batch/D2_site_GA_033_slide_data.png,D2_site_GA_033_slide_data.png,.png,638020,2026-07-20T10:26:20.235547+00:00,d69316d0211cd917693fb7e9081a564961b8b56c187d29a0b43e2d72bcdf6112,review_bundles/d2_site_dashboard_batch
Output,Output/review_bundles/d2_site_dashboard_batch/D2_site_GA_034_slide_data.png,D2_site_GA_034_slide_data.png,.png,577374,2026-07-20T10:26:20.235547+00:00,5c57d35d34ddfdf0a9fb2457866a8e318309956c60fb185778983b6d1f192172,review_bundles/d2_site_dashboard_batch
Output,Output/review_bundles/d2_site_dashboard_batch/D2_site_GA_035_slide_data.png,D2_site_GA_035_slide_data.png,.png,580340,2026-07-20T10:26:20.253102+00:00,0ddcc14ae6ce56781d252b381973c0867d3f188650f2dd1331ece626c16c132f,review_bundles/d2_site_dashboard_batch
Output,Output/review_bundles/d2_site_dashboard_batch/D2_site_GA_036_slide_data.png,D2_site_GA_036_slide_data.png,.png,599160,2026-07-20T10:26:20.259020+00:00,582fee3f47f2733b484df3ccc2707a1b07e5399f64c783f5d56a696a41e8c562,review_bundles/d2_site_dashboard_batch
Output,Output/review_bundles/d2_site_dashboard_batch/D2_site_GA_037_slide_data.png,D2_site_GA_037_slide_data.png,.png,635709,2026-07-20T10:26:20.259020+00:00,c6c9b1cdd2c89b7b86d4c09185060f494e923d548c280f1cdfe1e6e1a445df29,review_bundles/d2_site_dashboard_batch
Output,Output/review_bundles/d2_site_dashboard_batch/D2_site_GA_038_slide_data.png,D2_site_GA_038_slide_data.png,.png,619900,2026-07-20T10:26:20.259020+00:00,753b0bdd40e2f34bbf8d1a3013be3433ddf5c2ec2e4ae0056ec6bc8dbbf140c4,review_bundles/d2_site_dashboard_batch
Output,Output/review_bundles/d2_site_dashboard_batch/D2_site_GA_039_slide_data.png,D2_site_GA_039_slide_data.png,.png,622218,2026-07-20T10:26:20.268750+00:00,777475e37807ca5e99570e6ef9cfe8b60a8bec6333ca8d0cce1f055b39a102c7,review_bundles/d2_site_dashboard_batch
Output,Output/review_bundles/d2_site_dashboard_batch/D2_site_GA_040_slide_data.png,D2_site_GA_040_slide_data.png,.png,614220,2026-07-20T10:26:20.268750+00:00,92711fd767af153acb5950ccdfa1b4fdf86aec2b43d60dbc3414b62e88dc4d75,review_bundles/d2_site_dashboard_batch
Output,Output/review_bundles/d2_site_dashboard_batch/D2_site_GA_041_slide_data.png,D2_site_GA_041_slide_data.png,.png,627724,2026-07-20T10:26:20.286432+00:00,26f59c28a70a76dd7cd0c9171e20442d82971b9a3c989fe86c157358df32afeb,review_bundles/d2_site_dashboard_batch
Output,Output/review_bundles/d2_site_dashboard_batch/D2_site_GA_042_slide_data.png,D2_site_GA_042_slide_data.png,.png,621834,2026-07-20T10:26:20.286600+00:00,c5ecf957ccd6100d8b0b616334b41043f33ce42431caf997ffedd1dc39e5c261,review_bundles/d2_site_dashboard_batch
Output,Output/review_bundles/d2_site_dashboard_batch/D2_site_GA_043_slide_data.png,D2_site_GA_043_slide_data.png,.png,628870,2026-07-20T10:26:20.291782+00:00,609d948ad5b9f7affda8f69179bf5ea71e969aa9ca4984457c4217ecedd21d7f,review_bundles/d2_site_dashboard_batch
Output,Output/review_bundles/d2_site_dashboard_batch/D2_site_GA_044_slide_data.png,D2_site_GA_044_slide_data.png,.png,655852,2026-07-20T10:26:20.291782+00:00,ec78f7adbb9642136e9ba5d1949ca3d6972d63f077e1677b94cab68bf29d4abc,review_bundles/d2_site_dashboard_batch
Output,Output/review_bundles/d2_site_dashboard_batch/D2_site_GA_045_slide_data.png,D2_site_GA_045_slide_data.png,.png,666454,2026-07-20T10:26:20.303867+00:00,2b347b652bbc5430e6ca17d2eb4740f9a4d691d4a7f2f41e770381afc88a3a3d,review_bundles/d2_site_dashboard_batch
Output,Output/review_bundles/d2_site_dashboard_batch/D2_site_GA_046_slide_data.png,D2_site_GA_046_slide_data.png,.png,655244,2026-07-20T10:26:20.303867+00:00,451a1083d7010ce237251ecf4ce36b7d71c8d5c2f6faacf36ff71856683c1301,review_bundles/d2_site_dashboard_batch
Output,Output/review_bundles/d2_site_dashboard_batch/D2_site_GA_047_slide_data.png,D2_site_GA_047_slide_data.png,.png,660127,2026-07-20T10:26:20.310738+00:00,b1a37271a93ffac42482f60b959d0e064aa90de04cbbea5b713a67874b37389e,review_bundles/d2_site_dashboard_batch
Output,Output/review_bundles/d2_site_dashboard_batch/D2_site_GA_048_slide_data.png,D2_site_GA_048_slide_data.png,.png,691150,2026-07-20T10:26:20.318905+00:00,1f92faf983ac59a916b9b79537d44809b81f3f4615e60e28a02fc6bdee520a52,review_bundles/d2_site_dashboard_batch
Output,Output/review_bundles/d2_site_dashboard_batch/D2_site_GA_049_slide_data.png,D2_site_GA_049_slide_data.png,.png,690437,2026-07-20T10:26:20.318905+00:00,61d67eb7ffe95bdfc709e73f16005c4aa1aaa70bf8e82607a5952ce55f4c19a5,review_bundles/d2_site_dashboard_batch
Output,Output/review_bundles/d2_site_dashboard_batch/D2_site_GA_050_slide_data.png,D2_site_GA_050_slide_data.png,.png,633367,2026-07-20T10:26:20.318905+00:00,d79f288b18f9dfa95e2eb580ba5561cd16fb24d7c4300fabbead689ea3949700,review_bundles/d2_site_dashboard_batch
Output,Output/review_bundles/d2_site_dashboard_batch/D2_site_GA_051_slide_data.png,D2_site_GA_051_slide_data.png,.png,623893,2026-07-20T10:26:20.334531+00:00,89c6fc73c30233b4cc1aee40071993a5e90313cc5754cd74033a170a3a16917f,review_bundles/d2_site_dashboard_batch
Output,Output/review_bundles/d2_site_dashboard_batch/D2_site_GA_052_slide_data.png,D2_site_GA_052_slide_data.png,.png,626319,2026-07-20T10:26:20.335734+00:00,47ee415a0923ae5747b937283b4ba0245eb7fd7242fb848f7fcf8072b88c2f4c,review_bundles/d2_site_dashboard_batch
Output,Output/review_bundles/d2_site_dashboard_batch/D2_site_GA_053_slide_data.png,D2_site_GA_053_slide_data.png,.png,640321,2026-07-20T10:26:20.335734+00:00,60d4b63b07b78722bca5edc7257f8635295f6e4dfac0d451be686fddd546c38e,review_bundles/d2_site_dashboard_batch
Output,Output/review_bundles/d2_site_dashboard_batch/D2_site_GA_054_slide_data.png,D2_site_GA_054_slide_data.png,.png,628143,2026-07-20T10:26:20.335734+00:00,295858460f38e4d50091cb76af98f80e83e7a727e9a466b56d51cde279f0db2f,review_bundles/d2_site_dashboard_batch
Output,Output/review_bundles/d2_site_dashboard_batch/D2_site_GA_055_slide_data.png,D2_site_GA_055_slide_data.png,.png,633538,2026-07-20T10:26:20.352059+00:00,34b29759334d55b03aa3665b94dcfa1a2ef7053a9833c177848b2301ae7847ff,review_bundles/d2_site_dashboard_batch
Output,Output/review_bundles/d2_site_dashboard_batch/D2_site_GA_056_slide_data.png,D2_site_GA_056_slide_data.png,.png,620041,2026-07-20T10:26:20.357131+00:00,774093f02bffa9eefd1b9810cebb4f8faa83e5358be3abf9548f959ef205c108,review_bundles/d2_site_dashboard_batch
Output,Output/review_bundles/d2_site_dashboard_batch/D2_site_GA_057_slide_data.png,D2_site_GA_057_slide_data.png,.png,678169,2026-07-20T10:26:20.357131+00:00,1403631feb092b94571d246d1e44d6f7a37243907450e569825a549c1cfda5e1,review_bundles/d2_site_dashboard_batch
Output,Output/review_bundles/d2_site_dashboard_batch/D2_site_GA_058_slide_data.png,D2_site_GA_058_slide_data.png,.png,598312,2026-07-20T10:26:20.357131+00:00,2a99510f3dab6dc00fc3d51c3b0fa49441cc916cd9be0abebf5b7ab4e3e2cd9a,review_bundles/d2_site_dashboard_batch
Output,Output/review_bundles/d2_site_dashboard_batch/D2_site_GA_059_slide_data.png,D2_site_GA_059_slide_data.png,.png,626755,2026-07-20T10:26:20.368737+00:00,ccdc1e1871eefd24639393d1ebae50e3ba2965cd967f0406b92d78bf437918c3,review_bundles/d2_site_dashboard_batch
Output,Output/review_bundles/d2_site_dashboard_batch/D2_site_GA_060_slide_data.png,D2_site_GA_060_slide_data.png,.png,614422,2026-07-20T10:26:20.368737+00:00,e86e8d95a380265a6f24a656e7d62a55da8c6e1ebabd2d29f2297d336f6d5a69,review_bundles/d2_site_dashboard_batch
Output,Output/review_bundles/d2_site_dashboard_batch/D2_site_GA_061_slide_data.png,D2_site_GA_061_slide_data.png,.png,611028,2026-07-20T10:26:20.368737+00:00,9df8b537ac2613e4986a8a2a7548cffe8c52a7ad57320b48350c7e5e0f2c97a1,review_bundles/d2_site_dashboard_batch
Output,Output/review_bundles/d2_site_dashboard_batch/D2_site_GA_062_slide_data.png,D2_site_GA_062_slide_data.png,.png,620689,2026-07-20T10:26:20.368737+00:00,23132ab8340281893d12935b7bad7665f48447eec29f8e7e174544abd366db25,review_bundles/d2_site_dashboard_batch
Output,Output/review_bundles/d2_site_dashboard_batch/D2_site_GA_063_slide_data.png,D2_site_GA_063_slide_data.png,.png,633748,2026-07-20T10:26:20.385488+00:00,e5101ce986f925bf623ec24e6ed9e105b209a2d22b37ca01349e4c00a2458b18,review_bundles/d2_site_dashboard_batch
Output,Output/review_bundles/d2_site_dashboard_batch/D2_site_GA_064_slide_data.png,D2_site_GA_064_slide_data.png,.png,629930,2026-07-20T10:26:20.385488+00:00,87cf3d7f9932da177bc8a0bcc2724b5920ae62db7e14e14d202e73ed3e273967,review_bundles/d2_site_dashboard_batch
Output,Output/review_bundles/d2_site_dashboard_batch/D2_site_GA_066_slide_data.png,D2_site_GA_066_slide_data.png,.png,658581,2026-07-20T10:26:20.403528+00:00,f1afb49825897986a80e6233445a39195b462899ec0613c2ba4020476cbfa736,review_bundles/d2_site_dashboard_batch
Output,Output/review_bundles/d2_site_dashboard_batch/README.md,README.md,.md,3303,2026-07-20T10:26:50.361331+00:00,0cfa37e8ad5ea085404afa28e4fb575c3217a8c087f65c348eb8b35df2bc4f57,review_bundles/d2_site_dashboard_batch
Output,Output/review_bundles/reference_state/README.md,README.md,.md,84,2026-07-27T11:33:41.172297+00:00,6bcdc731d9768273925d9844a5122c2c4eee46b88f762f3e94015e2d90438fbf,review_bundles/reference_state
Output,Output/review_bundles/reference_state/change_reports/T1_gateD.md,T1_gateD.md,.md,7305,2026-07-27T00:03:48.087684+00:00,3eedd7804c8c53da743d2cc2780ebad52e0afe2f58cc428aa53c8cb5bc2f9258,review_bundles/reference_state/change_reports
Output,Output/review_bundles/reference_state/change_reports/T2_zone_annual_veg.md,T2_zone_annual_veg.md,.md,11826,2026-07-27T07:13:46.269101+00:00,397bd109403c2934527569ca67c0ba1ced5872b07e5ed2ad41484ada1db6d05a,review_bundles/reference_state/change_reports
Output,Output/review_bundles/reference_state/change_reports/T6_third_grazing_arm.md,T6_third_grazing_arm.md,.md,5834,2026-07-27T09:56:55.989527+00:00,7d67f442086b0c67f364aac7cfd8a2a194189ce3c05a2d33da2088a919bbb25b,review_bundles/reference_state/change_reports
Output,Output/review_bundles/reference_state/figures/T1_A_zone_map_named.png,T1_A_zone_map_named.png,.png,223378,2026-07-26T06:01:08.289114+00:00,a7bdeceb3e14c19aad9c85bf0428c4e1b173ba3fedeb1d18adbe6aa6dc8d1392,review_bundles/reference_state/figures
Output,Output/review_bundles/reference_state/figures/T1_D_matched_contrast.png,T1_D_matched_contrast.png,.png,65206,2026-07-26T23:55:27.150956+00:00,47d83c710ec9a9526d1d612a4da95b30e1314d0482e8bd92f2d474cb774b6ed8,review_bundles/reference_state/figures
Output,Output/review_bundles/reference_state/figures/T2_B2_duration_map.png,T2_B2_duration_map.png,.png,158127,2026-07-27T06:43:11.184508+00:00,8362c9d69c4da5ffee90e8c30f2b70b39d0cef5ee3fe453da63189ae0f44b995,review_bundles/reference_state/figures
Output,Output/review_bundles/reference_state/figures/T2_E_paddock_trajectories.png,T2_E_paddock_trajectories.png,.png,341114,2026-07-27T06:43:10.020470+00:00,df595f9191fc9ea360a1f9a354b2e4433ef822f6d20bdd501c5e654b0d92bc68,review_bundles/reference_state/figures
Output,Output/review_bundles/reference_state/figures/T2_E_paddock_trajectories_mean.png,T2_E_paddock_trajectories_mean.png,.png,302145,2026-07-27T06:43:10.437419+00:00,4ea11f33241353487fdb2747f2b1ab75fe0ae3dc7acffd20379c05d6f4a0c6e7,review_bundles/reference_state/figures
Output,Output/review_bundles/reference_state/figures/T2_F_gap_decomposition.png,T2_F_gap_decomposition.png,.png,83031,2026-07-27T06:43:12.486916+00:00,3db25902e2fd690be4f17e4f81a813e6eb156949549a1e48ff04e845dcbf1717,review_bundles/reference_state/figures
Output,Output/review_bundles/reference_state/figures/T2_G_plot_paddock_coverage.png,T2_G_plot_paddock_coverage.png,.png,243721,2026-07-27T06:45:27.821867+00:00,b9fa880d4b97d0590067538285ca36a7bdf73af4b0e59194163c9194682dc781,review_bundles/reference_state/figures
Output,Output/review_bundles/reference_state/figures/T6_A_three_arm_deck.png,T6_A_three_arm_deck.png,.png,275233,2026-07-27T09:50:29.111015+00:00,9d128118f371a10260f507cd317931e5ab23fc56257d642841c590c780693309,review_bundles/reference_state/figures
Output,Output/review_bundles/reference_state/figures/T6_A_three_arm_grid.png,T6_A_three_arm_grid.png,.png,440145,2026-07-27T09:50:28.381769+00:00,c449ab448367f73edb4b146af45887198417adb60a8ab7bd7ae1d9f614e8e056,review_bundles/reference_state/figures
Output,Output/review_bundles/reference_state/figures/T6_B_three_arm_mean.png,T6_B_three_arm_mean.png,.png,370508,2026-07-27T09:50:28.837740+00:00,ba39835e79e3c16da1c5ca0457a2c20529b669a79931f9c299316b173ab6b8db,review_bundles/reference_state/figures
Output,Output/review_bundles/reference_state/limitations/Gayini_limitations_register_additions_T2.md,Gayini_limitations_register_additions_T2.md,.md,3358,2026-07-27T07:00:07.144140+00:00,aa49bd2d2d84920aa8c3aa18bf75bea3b35e7ef90ebb2e5335ca09fbdc8d5f65,review_bundles/reference_state/limitations
Output,Output/review_bundles/reference_state/limitations/Gayini_limitations_register_additions_T6.md,Gayini_limitations_register_additions_T6.md,.md,3804,2026-07-27T09:55:45.189924+00:00,86f79ec72e8ee3bcd1e978a3ab2ac1a0862f628e72eeb034c4ab8c51d4809258,review_bundles/reference_state/limitations
Output,Output/review_bundles/reference_state/tables/T2_E_gap_report.csv,T2_E_gap_report.csv,.csv,251,2026-07-27T06:43:10.483557+00:00,638ce5256c9d525354c105a4927f70691d9525055636d6cc24260bf731c6fafb,review_bundles/reference_state/tables
Output,Output/review_bundles/reference_state/tables/T2_reference_gap_decomposition.csv,T2_reference_gap_decomposition.csv,.csv,3158,2026-07-27T11:29:51.248335+00:00,fef7c9592327cd6c3296f40e36429492b9419a89f1edf4ad08185294e40899c1,review_bundles/reference_state/tables
Output,Output/review_bundles/reference_state/tables/T6_components.csv,T6_components.csv,.csv,16527,2026-07-27T08:39:19.075744+00:00,a694e3a129e34e188b8151b2e1c61fb7e7b51f39dd98d1114c4be2c5cf431f5e,review_bundles/reference_state/tables
Output,Output/review_bundles/reference_state/tables/T6_three_arm_gap_decomposition.csv,T6_three_arm_gap_decomposition.csv,.csv,17404,2026-07-27T11:29:51.248335+00:00,640c25ef4a39bc3c86a18a27f4eb635d555fd44cb813a740a012448434566373,review_bundles/reference_state/tables
Output,Output/review_bundles/reference_state_reg1_reg2_report_plumbing/MANIFEST.md,MANIFEST.md,.md,9864,2026-07-29T05:21:44.067582+00:00,29ddcf496f9c553611c2f16443e549f7106be4ceea377ed91be09b043fdba62c,review_bundles/reference_state_reg1_reg2_report_plumbing
Output,Output/review_bundles/reference_state_reg1_reg2_report_plumbing/code/scripts/11_database/build_REG1_gateB_register.py,build_REG1_gateB_register.py,.py,6180,2026-07-29T05:20:47.684475+00:00,ca6759fd7cd26ce4736254e2138bd4756a81134e6b049680ec775d741b2b2037,review_bundles/reference_state_reg1_reg2_report_plumbing/code/scripts/11_database
Output,Output/review_bundles/reference_state_reg1_reg2_report_plumbing/code/scripts/11_database/build_REG1_gateC_promote.py,build_REG1_gateC_promote.py,.py,4018,2026-07-29T04:26:33.138523+00:00,728de0c3dc3e285121374eff369e6ea5e6db4b9de2f91304944498f73829b3ec,review_bundles/reference_state_reg1_reg2_report_plumbing/code/scripts/11_database
Output,Output/review_bundles/reference_state_reg1_reg2_report_plumbing/code/scripts/11_database/build_REG2_gateA_view.py,build_REG2_gateA_view.py,.py,3986,2026-07-29T05:05:44.873252+00:00,5637532bf0766646ca59b9ae7c16ffe27481cdaa84c95547068f39ad3aca7b00,review_bundles/reference_state_reg1_reg2_report_plumbing/code/scripts/11_database
Output,Output/review_bundles/reference_state_reg1_reg2_report_plumbing/code/scripts/11_database/build_REG2_gateC_register.py,build_REG2_gateC_register.py,.py,5111,2026-07-29T05:06:16.533076+00:00,3f9ac50523943d10cb70a34f1b6017710ab6642b693e9a55b92457d452872176,review_bundles/reference_state_reg1_reg2_report_plumbing/code/scripts/11_database
Output,Output/review_bundles/reference_state_reg1_reg2_report_plumbing/code/scripts/11_database/test_T8_headline_reproduction.py,test_T8_headline_reproduction.py,.py,14679,2026-07-29T05:06:57.046245+00:00,5cdefb7b7c5fe42766e3ed40af99ffd435e5b721349bae9eefb2d8d659413709,review_bundles/reference_state_reg1_reg2_report_plumbing/code/scripts/11_database
Output,Output/review_bundles/reference_state_reg1_reg2_report_plumbing/reports/REG1_gateA_recon.md,REG1_gateA_recon.md,.md,2253,2026-07-29T04:15:06.641143+00:00,f92a2f51f6a470ae7a283f267a29b4816239b71dd3ae3cc906158165fcc7d3ec,review_bundles/reference_state_reg1_reg2_report_plumbing/reports
Output,Output/review_bundles/reference_state_reg1_reg2_report_plumbing/reports/REG1_gateBCD_register_promote.md,REG1_gateBCD_register_promote.md,.md,4662,2026-07-29T04:28:59.150818+00:00,c9226d9356d142af07c6b828d9386d1d3ebf9046f82b0da911c473ddc44cdaf8,review_bundles/reference_state_reg1_reg2_report_plumbing/reports
Output,Output/review_bundles/reference_state_reg1_reg2_report_plumbing/reports/REG2_gateAB_composition.md,REG2_gateAB_composition.md,.md,5054,2026-07-29T04:46:47.199057+00:00,53f6b6003b4e8fb268c55bb0b47f88e5b154f8e75929aa07ab752fd71561138c,review_bundles/reference_state_reg1_reg2_report_plumbing/reports
Output,Output/review_bundles/reference_state_reg1_reg2_report_plumbing/reports/REG2_gateC_register.md,REG2_gateC_register.md,.md,4734,2026-07-29T05:09:19.542108+00:00,a2f34ed08ee0da1b7acf8c9e987358c2dd6c4a389af7fee650b8d27a9ad9af8a,review_bundles/reference_state_reg1_reg2_report_plumbing/reports
Output,Output/review_bundles/reference_state_reg1_reg2_report_plumbing/tables/dim_headline_number_reg1_reg2.csv,dim_headline_number_reg1_reg2.csv,.csv,7368,2026-07-29T05:21:44.060254+00:00,1b63390db96777ea3af4fa944e8597b8eb2f82a8b4c56859d97bbf53b4feebd8,review_bundles/reference_state_reg1_reg2_report_plumbing/tables
Output,Output/review_bundles/reference_state_reg1_reg2_report_plumbing/tables/fact_zone_community_part_summary.csv,fact_zone_community_part_summary.csv,.csv,20657,2026-07-29T05:21:44.067582+00:00,4f4735627f4f7e0cae2cba21ec18ebb02154b252bf99fcedd65de785e25abfa6,review_bundles/reference_state_reg1_reg2_report_plumbing/tables
Output,Output/review_bundles/reference_state_reg1_reg2_report_plumbing/tables/fact_zone_floor_flood_residual.csv,fact_zone_floor_flood_residual.csv,.csv,6500,2026-07-29T05:21:44.060254+00:00,f34741c846b779999437a057cba26ede48160316b9c848b618a7e1f2792e0615,review_bundles/reference_state_reg1_reg2_report_plumbing/tables
Output,Output/review_bundles/reference_state_reg1_reg2_report_plumbing/tables/fact_zone_floor_temporal.csv,fact_zone_floor_temporal.csv,.csv,8682,2026-07-29T05:21:44.066573+00:00,c907f03926ed9de491f49e6377290d8c561a81fe7b0da367eaf8b5bc917d8eea,review_bundles/reference_state_reg1_reg2_report_plumbing/tables
Output,Output/review_bundles/reference_state_reg1_reg2_report_plumbing/tables/v_zone_community_composition.csv,v_zone_community_composition.csv,.csv,17777,2026-07-29T05:21:44.067582+00:00,8231b8af318c55835b68ecb0984fdf0775e0ed3fd55bd259a4ea20362c173df1,review_bundles/reference_state_reg1_reg2_report_plumbing/tables
Output,Output/review_bundles/reference_state_T10_residuals/MANIFEST.md,MANIFEST.md,.md,5252,2026-07-28T11:26:11.535181+00:00,a29003886f02ad925b697ad3f0c3079c55ac49eb926284ace04133808c8d38a4,review_bundles/reference_state_T10_residuals
Output,Output/review_bundles/reference_state_T10_residuals/code/scripts/11_database/build_T10_gateD_register.py,build_T10_gateD_register.py,.py,14692,2026-07-28T11:08:16.738009+00:00,4dffbdff6a101499365410bca1b00a87cdd9b2255104e6f0b86ca61af12a1081,review_bundles/reference_state_T10_residuals/code/scripts/11_database
Output,Output/review_bundles/reference_state_T10_residuals/code/scripts/11_database/test_T8_headline_reproduction.py,test_T8_headline_reproduction.py,.py,12210,2026-07-28T11:16:00.268076+00:00,3283473b766b5bcdce16355cb8ad626f3869e1e3544c8c323506c22adf2ddb73,review_bundles/reference_state_T10_residuals/code/scripts/11_database
Output,Output/review_bundles/reference_state_T10_residuals/code/scripts/12_zone_stratum/T10_gateB_annual_gap_series.py,T10_gateB_annual_gap_series.py,.py,5910,2026-07-28T10:01:12.387887+00:00,ca8b5680b45e4c073ec36331ae27f55a8c0490360e0c012f38c348ad9b7bd4f2,review_bundles/reference_state_T10_residuals/code/scripts/12_zone_stratum
Output,Output/review_bundles/reference_state_T10_residuals/code/scripts/12_zone_stratum/T10_gateC_percommunity_table.py,T10_gateC_percommunity_table.py,.py,3419,2026-07-28T11:26:01.541152+00:00,adcbf40f4c39b8c0a70a4cb4d838ac14aa9f15eb3e940d78eea35fbc4e8a525d,review_bundles/reference_state_T10_residuals/code/scripts/12_zone_stratum
Output,Output/review_bundles/reference_state_T10_residuals/code/scripts/12_zone_stratum/T10_gateC_residuals.py,T10_gateC_residuals.py,.py,9806,2026-07-28T10:51:51.459454+00:00,34dbb0b3501fb8977722456448dec07487db94fffdd6e25780cdc939e1baef3e,review_bundles/reference_state_T10_residuals/code/scripts/12_zone_stratum
Output,Output/review_bundles/reference_state_T10_residuals/outputs/T10_annual_gap_series.csv,T10_annual_gap_series.csv,.csv,4679,2026-07-28T10:01:18.106062+00:00,3a4e850708705c4219adc67eaee90c58c843d13dac214848341fbf7840a44be8,review_bundles/reference_state_T10_residuals/outputs
Output,Output/review_bundles/reference_state_T10_residuals/outputs/T10_annual_gap_series_jja_son.csv,T10_annual_gap_series_jja_son.csv,.csv,3729,2026-07-28T10:01:18.106062+00:00,f5152962bad10780a46580732aa6acd0ec88f46a743bdcd2bc6e4e8843d2a580,review_bundles/reference_state_T10_residuals/outputs
Output,Output/review_bundles/reference_state_T10_residuals/outputs/T10_gateC_crosssectional_residuals.csv,T10_gateC_crosssectional_residuals.csv,.csv,3439,2026-07-28T10:51:58.026055+00:00,59fbcd1e976eba20c3d6fb67504d7bc10535d745fc17db8e049515c002b0da8b,review_bundles/reference_state_T10_residuals/outputs
Output,Output/review_bundles/reference_state_T10_residuals/outputs/T10_gateC_percommunity.csv,T10_gateC_percommunity.csv,.csv,14049,2026-07-28T11:26:11.181311+00:00,5ab71d1c21a1e889953ce63475e8558986563f60604019fc945a2e772e501222,review_bundles/reference_state_T10_residuals/outputs
Output,Output/review_bundles/reference_state_T10_residuals/outputs/T10_gateC_temporal_table.csv,T10_gateC_temporal_table.csv,.csv,5621,2026-07-28T10:51:58.026055+00:00,2a91d70fd911b59566f1e0ef3f24b74f75bc08957ac5dbaa59ed28ffb8a57e79,review_bundles/reference_state_T10_residuals/outputs
Output,Output/review_bundles/reference_state_T10_residuals/outputs/T10_trend_statistics.csv,T10_trend_statistics.csv,.csv,383,2026-07-28T10:01:18.106062+00:00,7ce28f96b1cbd539aba939e0e2ed49617925e81aec19a879fd9ccdb755a60b8d,review_bundles/reference_state_T10_residuals/outputs
Output,Output/review_bundles/reference_state_T10_residuals/reports/T10_gateB_annual_gap_series.md,T10_gateB_annual_gap_series.md,.md,4772,2026-07-28T10:02:22.350353+00:00,c0400e35b4c82a15c3d10227fcdad20eeb426f1f9ee7eb69c6ce9c18b8c61fbb,review_bundles/reference_state_T10_residuals/reports
Output,Output/review_bundles/reference_state_T10_residuals/reports/T10_gateC_residuals.md,T10_gateC_residuals.md,.md,8068,2026-07-28T11:25:27.453122+00:00,2534d13daf9657c16e75e9d38817da5d6a6f7cd3082eddfc40f2db3b96106075,review_bundles/reference_state_T10_residuals/reports
Output,Output/review_bundles/reference_state_T10_residuals/reports/T10_gateD_register.md,T10_gateD_register.md,.md,8603,2026-07-28T11:25:15.429581+00:00,4987ab871c4176b8a473cc727b092a7b564285864de33f5ef287cd7d449c84af,review_bundles/reference_state_T10_residuals/reports
Output,Output/review_bundles/reference_state_T10_residuals/tables/dim_headline_number_T10.csv,dim_headline_number_T10.csv,.csv,11572,2026-07-28T11:26:11.519560+00:00,9c053458f32ddf85883b638737ac646ddf0989d996a43ba8adf06aafc44e26ad,review_bundles/reference_state_T10_residuals/tables
Output,Output/review_bundles/reference_state_T10_residuals/tables/pin3_superseded.csv,pin3_superseded.csv,.csv,446,2026-07-28T11:26:11.519560+00:00,7de2473929058db087dc3cf3d9791d5191727a47b58ef8f05cd1d0f95519ffbb,review_bundles/reference_state_T10_residuals/tables
Output,Output/review_bundles/reference_state_T8_headline_number/MANIFEST.md,MANIFEST.md,.md,4859,2026-07-28T08:19:18.005115+00:00,9a82cbb4720454ac04ba5e95604b09702c08dbaf4a88151405e60bfa76da709a,review_bundles/reference_state_T8_headline_number
Output,Output/review_bundles/reference_state_T8_headline_number/code/scripts/11_database/build_T8_gateB_dim_headline_number.py,build_T8_gateB_dim_headline_number.py,.py,18111,2026-07-28T07:31:34.170774+00:00,800d25ae2a39013f83dc8dda794715b56fbe771407e9e3f09255bff2d982168b,review_bundles/reference_state_T8_headline_number/code/scripts/11_database
Output,Output/review_bundles/reference_state_T8_headline_number/code/scripts/11_database/test_T8_headline_reproduction.py,test_T8_headline_reproduction.py,.py,7783,2026-07-28T07:32:52.689946+00:00,05c78a34ad7abea7f95e284bd53d1ff858353adac0553ba2918f2e308fc8652f,review_bundles/reference_state_T8_headline_number/code/scripts/11_database
Output,Output/review_bundles/reference_state_T8_headline_number/outputs/T8_before_after.csv,T8_before_after.csv,.csv,1211,2026-07-28T08:08:00.899070+00:00,414449335c96d2857eb4914fb4b073e07dd3b1df4164429ebad559dbc39d54d5,review_bundles/reference_state_T8_headline_number/outputs
Output,Output/review_bundles/reference_state_T8_headline_number/outputs/T8_pin4_plot_paddock.csv,T8_pin4_plot_paddock.csv,.csv,1934,2026-07-28T08:08:00.899070+00:00,4b431f61e6ab68d9fab40d41537424990e60d94982614b2cacc0c3028b5d7dfb,review_bundles/reference_state_T8_headline_number/outputs
Output,Output/review_bundles/reference_state_T8_headline_number/reports/T8_gateA_inventory_and_T9_addendum.md,T8_gateA_inventory_and_T9_addendum.md,.md,9315,2026-07-28T06:57:24.797037+00:00,cf528cbd7180fd4d23c59f1ae66c598db122d74ade5833bd93c418251522a4e3,review_bundles/reference_state_T8_headline_number/reports
Output,Output/review_bundles/reference_state_T8_headline_number/reports/T8_gateBD_dim_headline_number.md,T8_gateBD_dim_headline_number.md,.md,7824,2026-07-28T08:17:26.660352+00:00,6a2569c760531274ccd75cb60a6db80e9fa2e48166d89a0e7ab20e451eb58e53,review_bundles/reference_state_T8_headline_number/reports
Output,Output/review_bundles/reference_state_T8_headline_number/reports/T8_gateB_prewrite_sixth_pin_STOP.md,T8_gateB_prewrite_sixth_pin_STOP.md,.md,5191,2026-07-28T07:10:23.837774+00:00,7477199fce5138c25175306ce518eddb4b3ad5333b73bac82d27ac4f5bbfa425,review_bundles/reference_state_T8_headline_number/reports
Output,Output/review_bundles/reference_state_T8_headline_number/tables/dim_headline_number.csv,dim_headline_number.csv,.csv,16746,2026-07-28T08:19:17.989880+00:00,7faedea0aa11b4be4eddc46810c0e4a0f47f1cc1d5d05ec08dc1f359ec623f10,review_bundles/reference_state_T8_headline_number/tables
Output,Output/review_bundles/reference_state_T8_headline_number/tables/pin4_plot_paddock.csv,pin4_plot_paddock.csv,.csv,1934,2026-07-28T08:19:17.989880+00:00,4b431f61e6ab68d9fab40d41537424990e60d94982614b2cacc0c3028b5d7dfb,review_bundles/reference_state_T8_headline_number/tables
Output,Output/review_bundles/t13_paddock_part_classification/code/build_T13_gateA_part_flood.py,build_T13_gateA_part_flood.py,.py,4515,2026-07-29T06:02:02.586761+00:00,40f6b8970d8949980f65439fbad69e41983f32f17a196d4e9639f035a5e79a96,review_bundles/t13_paddock_part_classification/code
Output,Output/review_bundles/t13_paddock_part_classification/code/build_T13_gateB_measures.py,build_T13_gateB_measures.py,.py,6496,2026-07-29T06:07:01.088489+00:00,477c2f47b05c863561887bfd66b7015acec85c1802799a8d0a4318837d6b221b,review_bundles/t13_paddock_part_classification/code
Output,Output/review_bundles/t13_paddock_part_classification/code/build_T13_gateC_classification.py,build_T13_gateC_classification.py,.py,16529,2026-07-30T07:52:05.642595+00:00,0c7437b73db0f3b2404fb9f69502cbe911c5c0c1dc554da75a1d8659b92c5e00,review_bundles/t13_paddock_part_classification/code
Output,Output/review_bundles/t13_paddock_part_classification/code/build_T13_gateD_figures.R,build_T13_gateD_figures.R,.r,18273,2026-07-31T07:40:00.590503+00:00,63d4c2250cd159bf4903b347916550b668b87d54505cea838d610d4b24f6130e,review_bundles/t13_paddock_part_classification/code
Output,Output/review_bundles/t13_paddock_part_classification/code/build_T13_gateD_part_polygons.R,build_T13_gateD_part_polygons.R,.r,4999,2026-07-30T07:48:06.546725+00:00,d37158d766d7c6fc856a4f94ec3be53144583667c2ecd56a97821aa119eeaa26,review_bundles/t13_paddock_part_classification/code
Output,Output/review_bundles/t13_paddock_part_classification/code/build_T13_gateD_render_geom.R,build_T13_gateD_render_geom.R,.r,3310,2026-07-30T08:16:57.808622+00:00,0bae2c1a6cc0e46aee58638a6edeb4860290180aca71b07d82e2fbf5989f4407,review_bundles/t13_paddock_part_classification/code
Output,Output/review_bundles/t13_paddock_part_classification/code/gayini_assert_rendered.R,gayini_assert_rendered.R,.r,3255,2026-07-31T06:19:45.879555+00:00,2d6b98a7056aff86011b926f9bcf3095adfe69e3e6e6d1d0b8e60017d5f35f3d,review_bundles/t13_paddock_part_classification/code
Output,Output/review_bundles/t13_paddock_part_classification/code/register_T13_gateE.py,register_T13_gateE.py,.py,10819,2026-07-31T01:49:48.679363+00:00,d400bbd0dfcca0a68cfceb017950d2cc73a82871a393dea2106f9649590d1f66,review_bundles/t13_paddock_part_classification/code
Output,Output/review_bundles/t13_paddock_part_classification/code/test_T8_headline_reproduction.py,test_T8_headline_reproduction.py,.py,16273,2026-07-31T00:55:14.530638+00:00,bdcd4e2d6ce3a08f67a366f0263ada1d2373918b8e808609d665102a0a7ad4f3,review_bundles/t13_paddock_part_classification/code
Output,Output/review_bundles/t13_paddock_part_classification/figures/T13_D1_part_state_map_and_scatter.png,T13_D1_part_state_map_and_scatter.png,.png,502268,2026-07-31T07:40:04.603254+00:00,85502c156e81e825b0733db4d98a2f226c2c9498609da5badd30972c2f6472ef,review_bundles/t13_paddock_part_classification/figures
Output,Output/review_bundles/t13_paddock_part_classification/figures/T13_D2_part_state_map_sensitivity.png,T13_D2_part_state_map_sensitivity.png,.png,613784,2026-07-31T07:40:05.603639+00:00,858b6ee846ad5a6538b311b685810d455178529d56e4db5a7eee3685e04497cc,review_bundles/t13_paddock_part_classification/figures
Output,Output/review_bundles/t13_paddock_part_classification/reports/Gayini_T13_spec.md,Gayini_T13_spec.md,.md,9098,2026-07-29T05:54:38.562751+00:00,10e0ac6645ba1592586bb57a7016b4e70b3e716ed0ff9b61902642f37892a04e,review_bundles/t13_paddock_part_classification/reports
Output,Output/review_bundles/t13_paddock_part_classification/reports/T13_gateA_part_flood.md,T13_gateA_part_flood.md,.md,3070,2026-07-29T06:04:18.665985+00:00,c5ff2ff40c11049955967aa58c33378336edc3476c4f23885b8f380ebb401873,review_bundles/t13_paddock_part_classification/reports
Output,Output/review_bundles/t13_paddock_part_classification/reports/T13_gateB_measures.md,T13_gateB_measures.md,.md,6442,2026-07-30T01:05:10.927325+00:00,1ce452686f6dde6eb6f94609c43ea6072682bf3215c855004ad5a524675e8708,review_bundles/t13_paddock_part_classification/reports
Output,Output/review_bundles/t13_paddock_part_classification/reports/T13_gateC_classification.md,T13_gateC_classification.md,.md,17661,2026-07-30T01:54:08.724989+00:00,9fd3c8f2cb2ff114c340551a7578016cb895a819e38873cef97cea32d9b42f57,review_bundles/t13_paddock_part_classification/reports
Output,Output/review_bundles/t13_paddock_part_classification/reports/T13_gateD_map.md,T13_gateD_map.md,.md,20284,2026-07-31T08:07:02.342875+00:00,57b4b8781802dc859dd02224c0250f4badf0a32d1510e67554be27e614eb76ee,review_bundles/t13_paddock_part_classification/reports
Output,Output/review_bundles/t13_paddock_part_classification/reports/T13_gateE_register_and_bundle.md,T13_gateE_register_and_bundle.md,.md,12970,2026-07-31T08:07:02.356514+00:00,fbb992035aba6043d4b79afc2a997623918f725baacdd22e90168920ae41acac,review_bundles/t13_paddock_part_classification/reports
Output,Output/review_bundles/t13_paddock_part_classification/spatial/T13_part_polygons_epsg8058.gpkg,T13_part_polygons_epsg8058.gpkg,.gpkg,56365056,2026-07-30T07:49:57.732634+00:00,856f2ce3a36538c5d1835531f34cb4e83bb1b533e33cf3c19511c526bd13a801,review_bundles/t13_paddock_part_classification/spatial
Output,Output/review_bundles/t13_paddock_part_classification/spatial/T13_part_polygons_render_only_epsg8058.gpkg,T13_part_polygons_render_only_epsg8058.gpkg,.gpkg,544768,2026-07-30T08:17:43.888626+00:00,bdc5a054a73e4954d13386fb2b2e996b1aaa98591cddc2f135bbeeb361403f14,review_bundles/t13_paddock_part_classification/spatial
Output,Output/review_bundles/t13_paddock_part_classification/tables/T13_gateB_part_measures.csv,T13_gateB_part_measures.csv,.csv,18520,2026-07-29T06:07:31.053468+00:00,760bcf7d7f569fe3a5be2ea4942eefba1d224210ffe350c9ebf01d63407e6aad,review_bundles/t13_paddock_part_classification/tables
Output,Output/review_bundles/t13_paddock_part_classification/tables/T13_gateB_trend_adj_residuals.csv,T13_gateB_trend_adj_residuals.csv,.csv,230484,2026-07-29T06:07:31.055845+00:00,ff542e1359009723cbab98c9b7f72badd6ef7ce0c2922335cd5ee3ec7b313c25,review_bundles/t13_paddock_part_classification/tables
Output,Output/review_bundles/t13_paddock_part_classification/tables/T13_gateC_bala29ca_raw_vs_adjusted.csv,T13_gateC_bala29ca_raw_vs_adjusted.csv,.csv,731,2026-07-30T07:52:16.232962+00:00,4eb8f7b80a01a6b0ddb9e068485b4bdcc8dec29e6d9dffb7158dc23829550445,review_bundles/t13_paddock_part_classification/tables
Output,Output/review_bundles/t13_paddock_part_classification/tables/T13_gateC_classification.csv,T13_gateC_classification.csv,.csv,22196,2026-07-30T07:52:16.232962+00:00,08214fc956f40b1c6267f067f92105c202142cc5905cc515351c695c86ae2372,review_bundles/t13_paddock_part_classification/tables
Output,Output/review_bundles/t13_paddock_part_classification/tables/T13_gateC_robustness.csv,T13_gateC_robustness.csv,.csv,12688,2026-07-30T07:52:16.232962+00:00,8e159123371f23ea5abea7fb31df1fc271780c13b3b46ead159cce3d55d184c3,review_bundles/t13_paddock_part_classification/tables
Output,Output/review_bundles/t13_paddock_part_classification/tables/T13_gateC_sweep.csv,T13_gateC_sweep.csv,.csv,248,2026-07-30T07:52:16.232962+00:00,8973e3301aaf5482ac2aa6a6e710d1bc4bc2201fd268bb38cba0d24af2ea6cef,review_bundles/t13_paddock_part_classification/tables
Output,Output/review_bundles/tier1b_descriptive_figures/figures_manifest.csv,figures_manifest.csv,.csv,2084,2026-07-08T07:17:22+00:00,53e9c30bd1b066c120f059f9cb68eb6006682d40b0eb698bef80cb605dbaaf7c,review_bundles/tier1b_descriptive_figures
Output,Output/review_bundles/tier1b_descriptive_figures/manifest_rows_tier1b.csv,manifest_rows_tier1b.csv,.csv,1586,2026-07-08T07:17:22+00:00,d4d60883d45739528b457abc43d830a6b3cfe4912fa4fe2266b8b3e263b75c02,review_bundles/tier1b_descriptive_figures
Output,Output/review_bundles/tier1b_descriptive_figures/tier1b_descriptive_figures.md,tier1b_descriptive_figures.md,.md,6872,2026-07-08T07:17:22+00:00,6adacef7d56e6076cedc5d6cdea99f94bf5045084bea21ecb7993695eeeee9e2,review_bundles/tier1b_descriptive_figures
Output,Output/review_bundles/tier1b_descriptive_figures/diagnostics/community_occurrence_summary.csv,community_occurrence_summary.csv,.csv,367,2026-07-08T07:17:22+00:00,7b1a87fe87b9479fc45b09874c35787d7d6eb88890d7111e73c20bb4e5bae595,review_bundles/tier1b_descriptive_figures/diagnostics
Output,Output/review_bundles/tier1b_descriptive_figures/figures/F2_annual_occurrence_concept.pdf,F2_annual_occurrence_concept.pdf,.pdf,48305,2026-07-08T07:17:22+00:00,e6219cc908ceee62e01c7383e76ffb68eb148b7453cd846e03c5f1539127f757,review_bundles/tier1b_descriptive_figures/figures
Output,Output/review_bundles/tier1b_descriptive_figures/figures/F2_annual_occurrence_concept.svg,F2_annual_occurrence_concept.svg,.svg,17568,2026-07-08T07:17:22+00:00,568a592d2299afdadae43f51ff4a94cb2d831cbc3fe76dc387a61cac959a278d,review_bundles/tier1b_descriptive_figures/figures
Output,Output/review_bundles/tier1b_descriptive_figures/figures/F2_annual_occurrence_timeseries_data.pdf,F2_annual_occurrence_timeseries_data.pdf,.pdf,40474,2026-07-08T07:17:22+00:00,f7c60cf6ede744de5ba9eedde81aa9e8d0bd1570e1995b3e2260b7fd534c02b2,review_bundles/tier1b_descriptive_figures/figures
Output,Output/review_bundles/tier1b_descriptive_figures/figures/F2_annual_occurrence_timeseries_data.png,F2_annual_occurrence_timeseries_data.png,.png,260798,2026-07-08T07:17:22+00:00,f9c9b9b8a0b3af83f897a2cafed5032f5f2e0b111996c8228ad6487b998ef730,review_bundles/tier1b_descriptive_figures/figures
Output,Output/review_bundles/tier1b_descriptive_figures/figures/F3_data_cube_concept.pdf,F3_data_cube_concept.pdf,.pdf,48043,2026-07-08T07:17:22+00:00,73d50e1b43a86193a103d2cd756538e4e000b4b4f19e0e33773a77b7e42369f3,review_bundles/tier1b_descriptive_figures/figures
Output,Output/review_bundles/tier1b_descriptive_figures/figures/F3_data_cube_concept.svg,F3_data_cube_concept.svg,.svg,54020,2026-07-08T07:17:22+00:00,52221097333be832f63af093e7e3a1cccc5128bbb46de36b09ea87a57cdfca63,review_bundles/tier1b_descriptive_figures/figures
Output,Output/review_bundles/tier1b_descriptive_figures/figures/F3_data_cube_coverage_secondary_data.pdf,F3_data_cube_coverage_secondary_data.pdf,.pdf,64115,2026-07-08T07:17:22+00:00,93311b5aa299daaa0b5816a59b679364f1f99539ab9edefb36e215c8a060e138,review_bundles/tier1b_descriptive_figures/figures
Output,Output/review_bundles/tier1b_descriptive_figures/figures/F3_data_cube_coverage_secondary_data.png,F3_data_cube_coverage_secondary_data.png,.png,155873,2026-07-08T07:17:22+00:00,796a94fb70ac394129e6a6bfc2b0afdbc8ab9069fac5196d45fdab67bf441b17,review_bundles/tier1b_descriptive_figures/figures
Output,Output/review_bundles/tier1b_descriptive_figures/figures/F3_data_cube_heatmap_data.pdf,F3_data_cube_heatmap_data.pdf,.pdf,55913,2026-07-08T07:17:22+00:00,d568f58c888dd086fb42d0dc4eb2e9cdcb550391ec2ab2f030b6c4774fffabdd,review_bundles/tier1b_descriptive_figures/figures
Output,Output/review_bundles/tier1b_descriptive_figures/figures/F3_data_cube_heatmap_data.png,F3_data_cube_heatmap_data.png,.png,132574,2026-07-08T07:17:22+00:00,6d5a5eaa53f8d1c911cc65b4ab54a04ae7e583073b4ac486968a31819987fb91,review_bundles/tier1b_descriptive_figures/figures
Output,Output/review_bundles/tier1b_descriptive_figures/figures/F4_inundation_regime_by_community_data.pdf,F4_inundation_regime_by_community_data.pdf,.pdf,49339,2026-07-08T07:17:22+00:00,55ac7a85ee6781c7db552b37ad6eac7f6c9837c13ae975f5dd359e984f32f0c1,review_bundles/tier1b_descriptive_figures/figures
Output,Output/review_bundles/tier1b_descriptive_figures/figures/F4_inundation_regime_by_community_data.png,F4_inundation_regime_by_community_data.png,.png,180412,2026-07-08T07:17:22+00:00,67ce9f5005cf43cf4f8d9a8c7dc0f533539d11a80de8b3a9f12ee6168c0ee526,review_bundles/tier1b_descriptive_figures/figures
Output,Output/review_bundles/tier1b_descriptive_figures/figures/F4_inundation_regime_concept.pdf,F4_inundation_regime_concept.pdf,.pdf,58516,2026-07-08T07:17:22+00:00,1159b9b843b40b332d3017fed292a52725aa54ddda34d1727e51f5d314a10f9d,review_bundles/tier1b_descriptive_figures/figures
Output,Output/review_bundles/tier1b_descriptive_figures/figures/F4_inundation_regime_concept.svg,F4_inundation_regime_concept.svg,.svg,4883,2026-07-08T07:17:22+00:00,304f47432f47f933f44d83bef1a5610ebd865f210283b9fd2f81d9b2cb4e0125,review_bundles/tier1b_descriptive_figures/figures
Output,Output/review_bundles/tier1c2_f5_legibility/figures_manifest.csv,figures_manifest.csv,.csv,4456,2026-07-09T02:59:20+00:00,d8691c914c4a2a3fd6d080cf02bbbf9b30e6b103f2e1b02774c91abed8df330a,review_bundles/tier1c2_f5_legibility
Output,Output/review_bundles/tier1c2_f5_legibility/manifest_rows_tier1c2.csv,manifest_rows_tier1c2.csv,.csv,1740,2026-07-09T02:59:20+00:00,9cf046551611e4cc4fe31ade8e3a01cf2445db99363e00d95752949cf61e433c,review_bundles/tier1c2_f5_legibility
Output,Output/review_bundles/tier1c2_f5_legibility/tier1c2_f5_legibility.md,tier1c2_f5_legibility.md,.md,3945,2026-07-09T02:59:20+00:00,5b880332a91b6b013439c1cc7ff14504fc0b69f61124c131f51ab3929f5305d3,review_bundles/tier1c2_f5_legibility
Output,Output/review_bundles/tier1c2_f5_legibility/diagnostics/f5c_paddock_choice_log.csv,f5c_paddock_choice_log.csv,.csv,805,2026-07-09T02:59:20+00:00,db913dda3df821713d3db4a18f0934dfaca889289f7b8b1af6678e2a3e181608,review_bundles/tier1c2_f5_legibility/diagnostics
Output,Output/review_bundles/tier1c2_f5_legibility/diagnostics/regime_band_breaks.csv,regime_band_breaks.csv,.csv,216,2026-07-09T02:59:20+00:00,488303383b9247a0627fcaec50c627756fc80927521e875d337db278357f69a7,review_bundles/tier1c2_f5_legibility/diagnostics
Output,Output/review_bundles/tier1c2_f5_legibility/figures/F5b_community_facets_data.pdf,F5b_community_facets_data.pdf,.pdf,258352,2026-07-09T02:59:20+00:00,bd0318836672558daa8a8b1ecc81b920edb81ff26ca61e88af701124fac25560,review_bundles/tier1c2_f5_legibility/figures
Output,Output/review_bundles/tier1c2_f5_legibility/figures/F5b_community_facets_data.png,F5b_community_facets_data.png,.png,503402,2026-07-09T02:59:20+00:00,1341ac4ef8df7ef16fbaa0437ccd1ed57b1851e36fc5525798d8303f60ec0c64,review_bundles/tier1c2_f5_legibility/figures
Output,Output/review_bundles/tier1c2_f5_legibility/figures/F5c_paddock_Bala_28ca_data.pdf,F5c_paddock_Bala_28ca_data.pdf,.pdf,141259,2026-07-09T02:59:20+00:00,4f1629c4a261bfa9ef2c64c03f0c13d1bac959ea8efcd9f62223cc22dafe9107,review_bundles/tier1c2_f5_legibility/figures
Output,Output/review_bundles/tier1c2_f5_legibility/figures/F5c_paddock_Bala_28ca_data.png,F5c_paddock_Bala_28ca_data.png,.png,420015,2026-07-09T02:59:20+00:00,4f71a350defbf4ef5735d979f13592b2e18261f62731b2a656e876e0e72b29c5,review_bundles/tier1c2_f5_legibility/figures
Output,Output/review_bundles/tier1c2_f5_legibility/figures/F5c_paddock_Bala_29ca_data.pdf,F5c_paddock_Bala_29ca_data.pdf,.pdf,138465,2026-07-09T02:59:20+00:00,97d22445e299f3a77ae3b9eb3cbbb1d2b98dee6ebdc5891d9b7f1a382483215a,review_bundles/tier1c2_f5_legibility/figures
Output,Output/review_bundles/tier1c2_f5_legibility/figures/F5c_paddock_Bala_29ca_data.png,F5c_paddock_Bala_29ca_data.png,.png,440084,2026-07-09T02:59:20+00:00,a1c46c56a662321ef3380a43ca7f90e53b68a0bc629a6e4fcb83cf9fe27ec6f2,review_bundles/tier1c2_f5_legibility/figures
Output,Output/review_bundles/tier1c2_f5_legibility/figures/F5c_paddock_Dinan_10_data.pdf,F5c_paddock_Dinan_10_data.pdf,.pdf,103149,2026-07-09T02:59:20+00:00,565d9a424ea2edd7b68cbc07723b2a5a01a02064d61684adb1b2cd79e8dd9b58,review_bundles/tier1c2_f5_legibility/figures
Output,Output/review_bundles/tier1c2_f5_legibility/figures/F5c_paddock_Dinan_10_data.png,F5c_paddock_Dinan_10_data.png,.png,367190,2026-07-09T02:59:20+00:00,9385596197cea1c6c04d06883819d7b6f375b19164458f5a4e3fc75a3929adbc,review_bundles/tier1c2_f5_legibility/figures
Output,Output/review_bundles/tier1c2_f5_legibility/figures/F5c_paddock_Dinan_8_data.pdf,F5c_paddock_Dinan_8_data.pdf,.pdf,174729,2026-07-09T02:59:20+00:00,0534c268f7d4c55273e3be9b4bfe9610b4bad167e6830f741086e34d8e7fe0fe,review_bundles/tier1c2_f5_legibility/figures
Output,Output/review_bundles/tier1c2_f5_legibility/figures/F5c_paddock_Dinan_8_data.png,F5c_paddock_Dinan_8_data.png,.png,580689,2026-07-09T02:59:20+00:00,7781ace45a47350e10ea74c0cc871e4db1fa5f8e6c97a9e7e31d38fc6b3a89ed,review_bundles/tier1c2_f5_legibility/figures
Output,Output/review_bundles/tier1c2_f5_legibility/figures/F5_stratified_sampling_map_data.pdf,F5_stratified_sampling_map_data.pdf,.pdf,630645,2026-07-09T02:59:20+00:00,b4e1d65852bd2e566539f558241a890d10f6bf2c32f671154760a2c68f0c2e71,review_bundles/tier1c2_f5_legibility/figures
Output,Output/review_bundles/tier1c2_f5_legibility/figures/F5_stratified_sampling_map_data.png,F5_stratified_sampling_map_data.png,.png,1944092,2026-07-09T02:59:20+00:00,e92a6d5ee70953005959b8f38053adca7e2183c7b008b32450d542985b888343,review_bundles/tier1c2_f5_legibility/figures
Output,Output/review_bundles/tier1c3_f5_figures/figures_manifest.csv,figures_manifest.csv,.csv,7380,2026-07-10T01:02:20+00:00,bb3f4ee0712180fec67ebaff40ffffae62b02afa3b2736151ccf59adc463dab1,review_bundles/tier1c3_f5_figures
Output,Output/review_bundles/tier1c3_f5_figures/manifest_rows_tier1c3.csv,manifest_rows_tier1c3.csv,.csv,2400,2026-07-10T01:02:20+00:00,af6f23c49f6bd829d36c76c768ef5982d542a4d7f9dc8d8e63001e516dfbbc31,review_bundles/tier1c3_f5_figures
Output,Output/review_bundles/tier1c3_f5_figures/tier1c3_f5_figures.md,tier1c3_f5_figures.md,.md,3605,2026-07-10T01:02:20+00:00,180c7618be5f0fa19c6b8edf1197aef61a343ff7fe3412d20827111bbc88ebb2,review_bundles/tier1c3_f5_figures
Output,Output/review_bundles/tier1c3_f5_figures/diagnostics/f5c_inset_overlap_check.csv,f5c_inset_overlap_check.csv,.csv,315,2026-07-10T01:02:20+00:00,dc93b3772a73ca4aabfb9f7a8c894d00cb97089a14de41673cbd63ee0de4ec42,review_bundles/tier1c3_f5_figures/diagnostics
Output,Output/review_bundles/tier1c3_f5_figures/diagnostics/f5c_paddock_choice_log.csv,f5c_paddock_choice_log.csv,.csv,805,2026-07-10T01:02:20+00:00,db913dda3df821713d3db4a18f0934dfaca889289f7b8b1af6678e2a3e181608,review_bundles/tier1c3_f5_figures/diagnostics
Output,Output/review_bundles/tier1c3_f5_figures/diagnostics/regime_band_breaks.csv,regime_band_breaks.csv,.csv,216,2026-07-10T01:02:20+00:00,488303383b9247a0627fcaec50c627756fc80927521e875d337db278357f69a7,review_bundles/tier1c3_f5_figures/diagnostics
Output,Output/review_bundles/tier1c3_f5_figures/figures/F5b_community_facets_data.pdf,F5b_community_facets_data.pdf,.pdf,258349,2026-07-10T01:02:20+00:00,ffbc0c9ae71d91e2c99752d1a468d33120274daeb7022103bc4c0ddde28b9205,review_bundles/tier1c3_f5_figures/figures
Output,Output/review_bundles/tier1c3_f5_figures/figures/F5b_community_facets_data.png,F5b_community_facets_data.png,.png,503402,2026-07-10T01:02:20+00:00,1341ac4ef8df7ef16fbaa0437ccd1ed57b1851e36fc5525798d8303f60ec0c64,review_bundles/tier1c3_f5_figures/figures
Output,Output/review_bundles/tier1c3_f5_figures/figures/F5c_paddock_Bala_28ca_data.pdf,F5c_paddock_Bala_28ca_data.pdf,.pdf,140419,2026-07-10T01:02:20+00:00,35fb42593630b39ecb69f8291efaef976d4d6aeb224fae86fe20a8b6019aa659,review_bundles/tier1c3_f5_figures/figures
Output,Output/review_bundles/tier1c3_f5_figures/figures/F5c_paddock_Bala_28ca_data.png,F5c_paddock_Bala_28ca_data.png,.png,420026,2026-07-10T01:02:20+00:00,72f2043ed0583cea50741791bb8df9823fc0f7647ef31edffd1a43510d1aee81,review_bundles/tier1c3_f5_figures/figures
Output,Output/review_bundles/tier1c3_f5_figures/figures/F5c_paddock_Bala_29ca_data.pdf,F5c_paddock_Bala_29ca_data.pdf,.pdf,138544,2026-07-10T01:02:20+00:00,079c7486d861e6ee7d6f06c890173cc3805e38918ecadb0b576259e239fa5513,review_bundles/tier1c3_f5_figures/figures
Output,Output/review_bundles/tier1c3_f5_figures/figures/F5c_paddock_Bala_29ca_data.png,F5c_paddock_Bala_29ca_data.png,.png,429452,2026-07-10T01:02:20+00:00,0a1d8e1657922be92dfe99e5a7d54f97e25c1619e52fcf306cf042095c4c1ba2,review_bundles/tier1c3_f5_figures/figures
Output,Output/review_bundles/tier1c3_f5_figures/figures/F5c_paddock_Dinan_10_data.pdf,F5c_paddock_Dinan_10_data.pdf,.pdf,102736,2026-07-10T01:02:20+00:00,7bc54e745256a8b94fa4036e97f814cbeca3dabb2949eae877e63d76778ed3ed,review_bundles/tier1c3_f5_figures/figures
Output,Output/review_bundles/tier1c3_f5_figures/figures/F5c_paddock_Dinan_10_data.png,F5c_paddock_Dinan_10_data.png,.png,365288,2026-07-10T01:02:20+00:00,f32d6004dfdbcd0de9313001ac507e1fe59236c8d528d944784c45e2e9338cf2,review_bundles/tier1c3_f5_figures/figures
Output,Output/review_bundles/tier1c3_f5_figures/figures/F5c_paddock_Dinan_8_data.pdf,F5c_paddock_Dinan_8_data.pdf,.pdf,175339,2026-07-10T01:02:20+00:00,6d1a64841a0508773220af704e8bc306e3d955414c89da2ed68b082f82a6cfb0,review_bundles/tier1c3_f5_figures/figures
Output,Output/review_bundles/tier1c3_f5_figures/figures/F5c_paddock_Dinan_8_data.png,F5c_paddock_Dinan_8_data.png,.png,566185,2026-07-10T01:02:20+00:00,c6e9320708d6ad4b91580ee143999cee9f702ae0b34d65b4370ef51b86f10e6b,review_bundles/tier1c3_f5_figures/figures
Output,Output/review_bundles/tier1c3_f5_figures/figures/F5_band_reference_data.pdf,F5_band_reference_data.pdf,.pdf,43128,2026-07-10T01:02:20+00:00,87f270bdab4f491040e5edd7b12ee18696bb48396e63b9cf6c58ee43145db517,review_bundles/tier1c3_f5_figures/figures
Output,Output/review_bundles/tier1c3_f5_figures/figures/F5_band_reference_data.png,F5_band_reference_data.png,.png,150931,2026-07-10T01:02:20+00:00,122c5b53d2d7ebfc619ecec33ff9f64b87d2abb3419afd099b45f04f65c4fb49,review_bundles/tier1c3_f5_figures/figures
Output,Output/review_bundles/tier1c3_f5_figures/figures/F5_fullfarm_map_data.pdf,F5_fullfarm_map_data.pdf,.pdf,413028,2026-07-10T01:02:20+00:00,0060bb1c72e6233caf96d521450dfed0810c2b20b9dc9abc5458a15a9b9e7e5d,review_bundles/tier1c3_f5_figures/figures
Output,Output/review_bundles/tier1c3_f5_figures/figures/F5_fullfarm_map_data.png,F5_fullfarm_map_data.png,.png,1524826,2026-07-10T01:02:20+00:00,4835205ca829ca07195c0e1e7976a98e785047d6ba6640bc7a78e755d829d9fa,review_bundles/tier1c3_f5_figures/figures
Output,Output/review_bundles/tier1c_stratified_sampling/figures_manifest.csv,figures_manifest.csv,.csv,2742,2026-07-09T02:10:46+00:00,dcf85e74442aaaaf64f27836ea7f4c97de339f713011ee6b58725e2a61a55b3f,review_bundles/tier1c_stratified_sampling
Output,Output/review_bundles/tier1c_stratified_sampling/manifest_rows_tier1c.csv,manifest_rows_tier1c.csv,.csv,684,2026-07-09T02:10:46+00:00,674e054af14cbccb59ab6dda7861b058237d41d87ac3ee8e97ea4a7a8f0c3d52,review_bundles/tier1c_stratified_sampling
Output,Output/review_bundles/tier1c_stratified_sampling/tier1c_stratified_sampling.md,tier1c_stratified_sampling.md,.md,5895,2026-07-09T02:10:46+00:00,68daed084473fd1db99af60539cdec03564480c1857ff7234036394c998fdf8b,review_bundles/tier1c_stratified_sampling
Output,Output/review_bundles/tier1c_stratified_sampling/diagnostics/regime_band_breaks.csv,regime_band_breaks.csv,.csv,216,2026-07-09T02:10:46+00:00,488303383b9247a0627fcaec50c627756fc80927521e875d337db278357f69a7,review_bundles/tier1c_stratified_sampling/diagnostics
Output,Output/review_bundles/tier1c_stratified_sampling/diagnostics/sample_summary.csv,sample_summary.csv,.csv,783,2026-07-09T02:10:46+00:00,7184018c3f4ca4a4ddef7550f48f9ae03f8bf53d307d3a068629b8c70693b3a6,review_bundles/tier1c_stratified_sampling/diagnostics
Output,Output/review_bundles/tier1c_stratified_sampling/figures/F5_stratified_sampling_concept.pdf,F5_stratified_sampling_concept.pdf,.pdf,50453,2026-07-09T02:10:46+00:00,d89c611e8f7e87b0065e6d6fb342fda1913cc958e73eb09bfb0958078be9a747,review_bundles/tier1c_stratified_sampling/figures
Output,Output/review_bundles/tier1c_stratified_sampling/figures/F5_stratified_sampling_concept.svg,F5_stratified_sampling_concept.svg,.svg,25557,2026-07-09T02:10:46+00:00,1c2f7239d2190b2a81b336f92c87c55131946dddba6f61e056d3033cfa937363,review_bundles/tier1c_stratified_sampling/figures
Output,Output/review_bundles/tier1c_stratified_sampling/figures/F5_stratified_sampling_map_data.pdf,F5_stratified_sampling_map_data.pdf,.pdf,628966,2026-07-09T02:10:46+00:00,00879dfc81874f8e5b2e25d1c5a71ff7147c8884c826dd2c1448d3eab4f3e8cb,review_bundles/tier1c_stratified_sampling/figures
Output,Output/review_bundles/tier1c_stratified_sampling/figures/F5_stratified_sampling_map_data.png,F5_stratified_sampling_map_data.png,.png,1974593,2026-07-09T02:10:46+00:00,51f431bfcd8515bbb4e49ba47ef1bdb2b6b78384e6398372c672377b605644c1,review_bundles/tier1c_stratified_sampling/figures
Output,Output/review_bundles/tier1c_stratified_sampling/spatial/background_flood_frequency_8058.tif,background_flood_frequency_8058.tif,.tif,18667004,2026-07-09T02:10:46+00:00,b856738c95267dbc76426f11d04e9cd26e9313b3c2bf5a2a6a4c370b06ba5047,review_bundles/tier1c_stratified_sampling/spatial
Output,Output/review_bundles/tier1c_stratified_sampling/spatial/stratified_sample_points.gpkg,stratified_sample_points.gpkg,.gpkg,159744,2026-07-09T02:10:46+00:00,425e116d98924bcd1920e53c67c5113f12eca3de87df569626bf25228d6431d8,review_bundles/tier1c_stratified_sampling/spatial
Output,Output/review_bundles/tier1d_trend_test/figures_manifest.csv,figures_manifest.csv,.csv,5140,2026-07-09T04:55:36+00:00,faae5e342e8467abd92da8cf248756d00d16c3eb6a19b2c83ee7555143211dbd,review_bundles/tier1d_trend_test
Output,Output/review_bundles/tier1d_trend_test/manifest_rows_tier1d.csv,manifest_rows_tier1d.csv,.csv,708,2026-07-09T04:55:36+00:00,7589ceb27c3911f9bec6bb35b6785d0ff533ce1bad94c47805a1dc775343e0d0,review_bundles/tier1d_trend_test
Output,Output/review_bundles/tier1d_trend_test/tier1d_trend_test.md,tier1d_trend_test.md,.md,6697,2026-07-09T04:55:36+00:00,01e9cc07b94a8e3fc368f880b60b97d1b80af33a4449f6a8c3c3a1b449d50c84,review_bundles/tier1d_trend_test
Output,Output/review_bundles/tier1d_trend_test/diagnostics/f6_stratum_annual_series.csv,f6_stratum_annual_series.csv,.csv,27531,2026-07-09T04:55:36+00:00,baa9a96da51167ff5f03f09a4dcf9e3833ef21051dd52f7e6eba32c3dc15adbb,review_bundles/tier1d_trend_test/diagnostics
Output,Output/review_bundles/tier1d_trend_test/diagnostics/f6_verdict_summary.csv,f6_verdict_summary.csv,.csv,2453,2026-07-09T04:55:36+00:00,5db3b808ed3e2f1c54eddacb4cd87c6e974d6be1904fde5f4c94ca5dfb2a435c,review_bundles/tier1d_trend_test/diagnostics
Output,Output/review_bundles/tier1d_trend_test/figures/F6_concept.pdf,F6_concept.pdf,.pdf,57118,2026-07-09T04:55:36+00:00,5bbcb544bc61cb40b10fe4324972edb073083c23921b847d128830bec4f26c34,review_bundles/tier1d_trend_test/figures
Output,Output/review_bundles/tier1d_trend_test/figures/F6_concept.svg,F6_concept.svg,.svg,29636,2026-07-09T04:55:36+00:00,223280dbe24c77447a0f2d9b14b81068960aee27d3785e2cb5b4989021b62a93,review_bundles/tier1d_trend_test/figures
Output,Output/review_bundles/tier1d_trend_test/figures/F6_strata_trends_data.pdf,F6_strata_trends_data.pdf,.pdf,77467,2026-07-09T04:55:36+00:00,f197559f7e75dd64959af7fb2cd8b31193ace89204b31c94caab77b7fbe0fb18,review_bundles/tier1d_trend_test/figures
Output,Output/review_bundles/tier1d_trend_test/figures/F6_strata_trends_data.png,F6_strata_trends_data.png,.png,724699,2026-07-09T04:55:36+00:00,e19a27dfce11da91524c43b2fe49adb283d309041f56047cdb82f154fb34c421,review_bundles/tier1d_trend_test/figures
Output,Output/review_bundles/tier1d_trend_test/figures/F6_verdict_summary_data.pdf,F6_verdict_summary_data.pdf,.pdf,52889,2026-07-09T04:55:36+00:00,8f6e001d2d03ce683a83abc2e03615271b57e2e6fb4507580151f8fed827562a,review_bundles/tier1d_trend_test/figures
Output,Output/review_bundles/tier1d_trend_test/figures/F6_verdict_summary_data.png,F6_verdict_summary_data.png,.png,193075,2026-07-09T04:55:36+00:00,00517629096502f7f3b2cddfe0561c6c5d6c64abff635d7cc87fab0dfa069228,review_bundles/tier1d_trend_test/figures
Output,Output/review_bundles/tier1e_f7_groundcover_response/figures_manifest.csv,figures_manifest.csv,.csv,19924,2026-07-14T03:18:26+00:00,85ee2fd9f052a3a74e78f3d83a9e213aed4d7092237b30a30ad745913f7dc3c6,review_bundles/tier1e_f7_groundcover_response
Output,Output/review_bundles/tier1e_f7_groundcover_response/manifest_rows_tier1e.csv,manifest_rows_tier1e.csv,.csv,1720,2026-07-14T03:18:26+00:00,0869fd1ff82c76cb13e0c962f119ad342c10407bd7e919f340342dbd791e4372,review_bundles/tier1e_f7_groundcover_response
Output,Output/review_bundles/tier1e_f7_groundcover_response/tier1e_f7_groundcover_response.md,tier1e_f7_groundcover_response.md,.md,5054,2026-07-14T03:18:26+00:00,b0e92c3322f4e9e2e07169ce09ab8133d3fe7a57502aa9e4d517a4dec10fce76,review_bundles/tier1e_f7_groundcover_response
Output,Output/review_bundles/tier1e_f7_groundcover_response/diagnostics/f7_lag_profile.csv,f7_lag_profile.csv,.csv,1504,2026-07-14T03:18:26+00:00,a94393514e1471e73b1c2b47c0ae4cd24bd680931cbcb5020f43559f4feb340a,review_bundles/tier1e_f7_groundcover_response/diagnostics
Output,Output/review_bundles/tier1e_f7_groundcover_response/diagnostics/f7_plot_stratum.csv,f7_plot_stratum.csv,.csv,3384,2026-07-14T03:18:26+00:00,b8e9fb58c347840c00080dc9414f8432b40ce9d67d0d76690dd31e614b30b0d8,review_bundles/tier1e_f7_groundcover_response/diagnostics
Output,Output/review_bundles/tier1e_f7_groundcover_response/diagnostics/f7_response_by_plot.csv,f7_response_by_plot.csv,.csv,14240,2026-07-14T03:18:26+00:00,343dd7ebbc4a285a55acb75734028792f8039be948cf97758858732eec52524e,review_bundles/tier1e_f7_groundcover_response/diagnostics
Output,Output/review_bundles/tier1e_f7_groundcover_response/diagnostics/f7_response_summary.csv,f7_response_summary.csv,.csv,1841,2026-07-14T03:18:26+00:00,e5b91b57b6e6b7298172a85559e714af7e66f6c938dad5acf08ab4ed3e425e7b,review_bundles/tier1e_f7_groundcover_response/diagnostics
Output,Output/review_bundles/tier1e_f7_groundcover_response/figures/F7_concept.pdf,F7_concept.pdf,.pdf,43077,2026-07-14T03:18:26+00:00,afaf004c2a3095e556af8efaa7d07f659dc6b0af191f44e30e366ec45f3c7543,review_bundles/tier1e_f7_groundcover_response/figures
Output,Output/review_bundles/tier1e_f7_groundcover_response/figures/F7_concept.svg,F7_concept.svg,.svg,12685,2026-07-14T03:18:26+00:00,c93d9a6900c1edc68db12157031c99b4b5ccf0958332deac83985ccb5b6f4e19,review_bundles/tier1e_f7_groundcover_response/figures
Output,Output/review_bundles/tier1e_f7_groundcover_response/figures/F7_lag_profile_data.pdf,F7_lag_profile_data.pdf,.pdf,43985,2026-07-14T03:18:26+00:00,40d67a21bb378c0a428e0fc8a1404d8e5454ab68712a430a2909365a68f8be99,review_bundles/tier1e_f7_groundcover_response/figures
Output,Output/review_bundles/tier1e_f7_groundcover_response/figures/F7_lag_profile_data.png,F7_lag_profile_data.png,.png,275883,2026-07-14T03:18:26+00:00,860199c965331a6dac49c0d60938acd22c23aa05fe8da3d2d2b277d3b8407dad,review_bundles/tier1e_f7_groundcover_response/figures
Output,Output/review_bundles/tier1e_f7_groundcover_response/figures/F7_response_by_community_data.pdf,F7_response_by_community_data.pdf,.pdf,134519,2026-07-14T03:18:26+00:00,0e025ddeb6c49aaa1812bf487656f809fbafc5b4537aafff1cb5850db395aa49,review_bundles/tier1e_f7_groundcover_response/figures
Output,Output/review_bundles/tier1e_f7_groundcover_response/figures/F7_response_by_community_data.png,F7_response_by_community_data.png,.png,485905,2026-07-14T03:18:26+00:00,61b237f5248e5a677e7ad05073bec78e1be21274ec4539ae4aee9eaa67bcf9a7,review_bundles/tier1e_f7_groundcover_response/figures
Output,Output/review_bundles/tier1e_f7_groundcover_response/figures/F7_response_summary_data.pdf,F7_response_summary_data.pdf,.pdf,43412,2026-07-14T03:18:26+00:00,32cee3bb429be57be8f55b55b60e10565babee96774bcd14a96cd8ae75ff3b52,review_bundles/tier1e_f7_groundcover_response/figures
Output,Output/review_bundles/tier1e_f7_groundcover_response/figures/F7_response_summary_data.png,F7_response_summary_data.png,.png,220542,2026-07-14T03:18:26+00:00,1e6a6f8090908009abbadc4a424dcdc769c47056bcd6bb02d61f9b477132e508,review_bundles/tier1e_f7_groundcover_response/figures
Output,Output/review_bundles/tier1e_f7_groundcover_response/figures/F7_strata_panel_data.pdf,F7_strata_panel_data.pdf,.pdf,47915,2026-07-14T03:18:26+00:00,1eb1e0d434d0fca4e6c4e290fe78d4d5db7ad50c48a3200321786c6baa8f0193,review_bundles/tier1e_f7_groundcover_response/figures
Output,Output/review_bundles/tier1e_f7_groundcover_response/figures/F7_strata_panel_data.png,F7_strata_panel_data.png,.png,249927,2026-07-14T03:18:26+00:00,c31e8f1cfd0dbdf16ea0d2cc56a3ab909369593847a8c30bd97e9a55d4472249,review_bundles/tier1e_f7_groundcover_response/figures
Output,Output/review_bundles/tier1G_figures_dashboards/figures_manifest.csv,figures_manifest.csv,.csv,20292,2026-07-14T07:03:06+00:00,3aa818edd6c13bb7162aaf9d3a8d9a93fe19a53c2bcc0dd66af1c7b873a3cb90,review_bundles/tier1G_figures_dashboards
Output,Output/review_bundles/tier1G_figures_dashboards/manifest_rows_dashboards.csv,manifest_rows_dashboards.csv,.csv,3580,2026-07-14T07:03:06+00:00,751e6a18bcfb12a131c4d9878159a8203b02453ddda425797d19c1fb7bec3240,review_bundles/tier1G_figures_dashboards
Output,Output/review_bundles/tier1G_figures_dashboards/tier1G_figures_dashboards_2026-07-14.md,tier1G_figures_dashboards_2026-07-14.md,.md,10607,2026-07-14T06:14:14+00:00,50c3eef6f162b0240f6ebc5a3524822b0504db838a685765008f91ccf3a329f9,review_bundles/tier1G_figures_dashboards
Output,Output/review_bundles/tier1G_figures_dashboards/diagnostics/dashboards_trial_qa.json,dashboards_trial_qa.json,.json,4344,2026-07-14T07:03:06+00:00,621d81b7f2fa66680f0c1570d1448852277cfde71d4eec09e33e4e4b067004a1,review_bundles/tier1G_figures_dashboards/diagnostics
Output,Output/review_bundles/tier1G_figures_dashboards/figures/D1_paddock_Bala_28ca_slide_data.pdf,D1_paddock_Bala_28ca_slide_data.pdf,.pdf,131072,2026-07-14T07:03:06+00:00,b2e53f9b1749a952fac8ff6858953a01f76915190caa4eb40586a34d811ea45a,review_bundles/tier1G_figures_dashboards/figures
Output,Output/review_bundles/tier1G_figures_dashboards/figures/D1_paddock_Bala_28ca_slide_data.png,D1_paddock_Bala_28ca_slide_data.png,.png,675038,2026-07-14T07:03:06+00:00,294e61259b56010de4001573632d989c5b659dfb8b1efb8fff31fbdabf0623f8,review_bundles/tier1G_figures_dashboards/figures
Output,Output/review_bundles/tier1G_figures_dashboards/figures/D1_paddock_Bala_29ca_a3_landscape_data.pdf,D1_paddock_Bala_29ca_a3_landscape_data.pdf,.pdf,129512,2026-07-14T07:03:06+00:00,49a5c13308b21fa0a9bc7045115266158f5e459f7ac92d887e4e9f627f36a250,review_bundles/tier1G_figures_dashboards/figures
Output,Output/review_bundles/tier1G_figures_dashboards/figures/D1_paddock_Bala_29ca_a3_landscape_data.png,D1_paddock_Bala_29ca_a3_landscape_data.png,.png,872448,2026-07-14T07:03:06+00:00,365165ea793f942664a4b2695931f7e85544df523b58de5a76c7a8980b60a38d,review_bundles/tier1G_figures_dashboards/figures
Output,Output/review_bundles/tier1G_figures_dashboards/figures/D1_paddock_Bala_29ca_slide_data.pdf,D1_paddock_Bala_29ca_slide_data.pdf,.pdf,127564,2026-07-14T07:03:06+00:00,b3f7b17b1fad29511d4296327637ffc5b544da4a4cb90bab70831981f5cf7dbf,review_bundles/tier1G_figures_dashboards/figures
Output,Output/review_bundles/tier1G_figures_dashboards/figures/D1_paddock_Bala_29ca_slide_data.png,D1_paddock_Bala_29ca_slide_data.png,.png,623500,2026-07-14T07:03:06+00:00,f2ee4393ce8dba27bdce0f59c6c84e35ec549c436c78d72d299a6759cb4d5e77,review_bundles/tier1G_figures_dashboards/figures
Output,Output/review_bundles/tier1G_figures_dashboards/figures/D1_paddock_Dinan_10_slide_data.pdf,D1_paddock_Dinan_10_slide_data.pdf,.pdf,114272,2026-07-14T07:03:06+00:00,101f1806e07d159aa6c528c9ac185d5aa730fb985860a6cb9b964493bceb8fb2,review_bundles/tier1G_figures_dashboards/figures
Output,Output/review_bundles/tier1G_figures_dashboards/figures/D1_paddock_Dinan_10_slide_data.png,D1_paddock_Dinan_10_slide_data.png,.png,572008,2026-07-14T07:03:06+00:00,07b1a61ce2a22065a8967297ff39073bc58d516f8d2f8c6b7ec023aa2a89fcf7,review_bundles/tier1G_figures_dashboards/figures
Output,Output/review_bundles/tier1G_figures_dashboards/figures/D1_paddock_Dinan_8_slide_data.pdf,D1_paddock_Dinan_8_slide_data.pdf,.pdf,132241,2026-07-14T07:03:06+00:00,0e5e12838e90844b24b3d1d4df93938ed3a850f506209df45f2907b581dc7078,review_bundles/tier1G_figures_dashboards/figures
Output,Output/review_bundles/tier1G_figures_dashboards/figures/D1_paddock_Dinan_8_slide_data.png,D1_paddock_Dinan_8_slide_data.png,.png,652481,2026-07-14T07:03:06+00:00,ddb13dae8238d8ed6652c655f6fae15e5fe8d5451980db05310fb25a7c2115b2,review_bundles/tier1G_figures_dashboards/figures
Output,Output/review_bundles/tier1G_figures_dashboards/figures/D2_site_GA_001_slide_data.pdf,D2_site_GA_001_slide_data.pdf,.pdf,128597,2026-07-14T07:03:06+00:00,ff644a46ca47a0379c5f6862c5b09da7a7afe1506b785ea5c01d6481ad5abde6,review_bundles/tier1G_figures_dashboards/figures
Output,Output/review_bundles/tier1G_figures_dashboards/figures/D2_site_GA_001_slide_data.png,D2_site_GA_001_slide_data.png,.png,673025,2026-07-14T07:03:06+00:00,f51ae2794d28e8fbc9574fa692977f8658aa2123dd53f3f7ea89af9aa0f63e2f,review_bundles/tier1G_figures_dashboards/figures
Output,Output/review_bundles/tier1G_figures_dashboards/figures/D2_site_GA_003_slide_data.pdf,D2_site_GA_003_slide_data.pdf,.pdf,130687,2026-07-14T07:03:06+00:00,92ba17d3c184e6c8461145c9161e5c8722e92902875c078c203e2b6dc6003a1c,review_bundles/tier1G_figures_dashboards/figures
Output,Output/review_bundles/tier1G_figures_dashboards/figures/D2_site_GA_003_slide_data.png,D2_site_GA_003_slide_data.png,.png,664173,2026-07-14T07:03:06+00:00,04b1f6c8d2cbcdd084dbbf61bfc943a206bde2892ba8bd3dfab5a8f45ffa0c7f,review_bundles/tier1G_figures_dashboards/figures
Output,Output/review_bundles/tier1G_figures_dashboards/figures/D2_site_GA_019_slide_data.pdf,D2_site_GA_019_slide_data.pdf,.pdf,126843,2026-07-14T07:03:06+00:00,1d61f01fa7c03d4d4e1c8a11aec795270b0bf7fc61c6ee6723125c07727ab5f0,review_bundles/tier1G_figures_dashboards/figures
Output,Output/review_bundles/tier1G_figures_dashboards/figures/D2_site_GA_019_slide_data.png,D2_site_GA_019_slide_data.png,.png,651411,2026-07-14T07:03:06+00:00,503912ec6eb0ae0a2ab5dc7ad63796f9e22d0371527b9dcb3af2629c540f2abb,review_bundles/tier1G_figures_dashboards/figures
Output,Output/review_bundles/tier1G_figures_dashboards/figures/D2_site_GA_032_slide_data.pdf,D2_site_GA_032_slide_data.pdf,.pdf,117504,2026-07-14T07:03:06+00:00,64aa22bb05b15a211c65e9f2a7ed7e531711e1ffe7531443d640fcd58c10f15f,review_bundles/tier1G_figures_dashboards/figures
Output,Output/review_bundles/tier1G_figures_dashboards/figures/D2_site_GA_032_slide_data.png,D2_site_GA_032_slide_data.png,.png,619704,2026-07-14T07:03:06+00:00,c8ec4cbeae5fb65bb52aa80e3bf7e3da14a79658c5a350a203b1259360676c11,review_bundles/tier1G_figures_dashboards/figures
Output,Output/review_bundles/tier1G_figures_dashboards/figures/D2_site_GA_052_slide_data.pdf,D2_site_GA_052_slide_data.pdf,.pdf,124070,2026-07-14T07:03:06+00:00,f2f74e7f437a497b4518a47d82b3d9ce37aa31dd09142755d5f7a313ffb91406,review_bundles/tier1G_figures_dashboards/figures
Output,Output/review_bundles/tier1G_figures_dashboards/figures/D2_site_GA_052_slide_data.png,D2_site_GA_052_slide_data.png,.png,626192,2026-07-14T07:03:06+00:00,7f8016dea604845c31879fe0264fa672a854df5b07fc9e29837c7bfc1b9a828e,review_bundles/tier1G_figures_dashboards/figures
Output,Output/review_bundles/tier1G_figures_dashboards/figures/D3_stratum_Aeolian_Chenopod_Shrublands_low_slide_data.pdf,D3_stratum_Aeolian_Chenopod_Shrublands_low_slide_data.pdf,.pdf,132860,2026-07-14T07:03:06+00:00,328f01ea6a0910aa189192c65bed4e09e003c8158a39537c4ef372ccbf38d54f,review_bundles/tier1G_figures_dashboards/figures
Output,Output/review_bundles/tier1G_figures_dashboards/figures/D3_stratum_Aeolian_Chenopod_Shrublands_low_slide_data.png,D3_stratum_Aeolian_Chenopod_Shrublands_low_slide_data.png,.png,625589,2026-07-14T07:03:06+00:00,ad9c9bb15a8feb7e9515627036977ca73e46ebe7d73f046aa52159ccbaadb87d,review_bundles/tier1G_figures_dashboards/figures
Output,Output/review_bundles/tier1G_figures_dashboards/figures/D3_stratum_Inland_Floodplain_Shrublands_Swamps_high_slide_data.pdf,D3_stratum_Inland_Floodplain_Shrublands_Swamps_high_slide_data.pdf,.pdf,145850,2026-07-14T07:03:06+00:00,9292770fab12e9ed64f6d7254298b2ffcf0de73410eca29504e9796a57caddf5,review_bundles/tier1G_figures_dashboards/figures
Output,Output/review_bundles/tier1G_figures_dashboards/figures/D3_stratum_Inland_Floodplain_Shrublands_Swamps_high_slide_data.png,D3_stratum_Inland_Floodplain_Shrublands_Swamps_high_slide_data.png,.png,778176,2026-07-14T07:03:06+00:00,20f4ca02530129030b421bf830eea8639f00b3924a5aed1ecde55b716c55efdb,review_bundles/tier1G_figures_dashboards/figures
Output,Output/review_bundles/tier1G_figures_dashboards/figures/D3_stratum_Riverine_Chenopod_Shrublands_mid_slide_data.pdf,D3_stratum_Riverine_Chenopod_Shrublands_mid_slide_data.pdf,.pdf,136293,2026-07-14T07:03:06+00:00,fc93287e535dd61b39d9c47f87ed78d82dc159044158854a11956c764f68dcd4,review_bundles/tier1G_figures_dashboards/figures
Output,Output/review_bundles/tier1G_figures_dashboards/figures/D3_stratum_Riverine_Chenopod_Shrublands_mid_slide_data.png,D3_stratum_Riverine_Chenopod_Shrublands_mid_slide_data.png,.png,682105,2026-07-14T07:03:06+00:00,b10c56c92daa7488f2982a07f1b98ab44ae5973e9dcc25493f965fd27d2e7917,review_bundles/tier1G_figures_dashboards/figures
Output,Output/review_bundles/tier1G_figures_dashboards/figures/F5_stratified_sampling_concept.pdf,F5_stratified_sampling_concept.pdf,.pdf,71611,2026-07-14T06:13:06+00:00,506b8b4c61cab5664228b00e3f3073e59c1c074314799b836720eeb613f9c8ad,review_bundles/tier1G_figures_dashboards/figures
Output,Output/review_bundles/tier1G_figures_dashboards/figures/F5_stratified_sampling_concept.svg,F5_stratified_sampling_concept.svg,.svg,66294,2026-07-14T06:13:06+00:00,27fe08cb420a928f05db6d04b6c0768a1be18238094f89ec25c0179f37b6b709,review_bundles/tier1G_figures_dashboards/figures
Output,Output/review_bundles/tier1G_figures_dashboards/figures/F7_response_by_community_data.pdf,F7_response_by_community_data.pdf,.pdf,133389,2026-07-14T06:13:06+00:00,10c6476b69cdb12a188ba3ad23f64439aafb7dab114b08fd75f6233291cfe891,review_bundles/tier1G_figures_dashboards/figures
Output,Output/review_bundles/tier1G_figures_dashboards/figures/F7_response_by_community_data.png,F7_response_by_community_data.png,.png,488865,2026-07-14T06:13:06+00:00,201fd8869892db3c153bc6cabfcba4fa0fac2b0ca5be27952dccb8e47b8a5d67,review_bundles/tier1G_figures_dashboards/figures
Output,Output/review_bundles/tier1_dashboards_trial/figures_manifest.csv,figures_manifest.csv,.csv,26016,2026-07-10T06:13:56+00:00,897b6e67a062a3d6cb6e16abe057d78c6f1dfbda4d01cfdf97ad6700d2fb2adb,review_bundles/tier1_dashboards_trial
Output,Output/review_bundles/tier1_dashboards_trial/manifest_rows_dashboards_trial.csv,manifest_rows_dashboards_trial.csv,.csv,9672,2026-07-10T06:13:56+00:00,8873d8d6b0440d5f3f96240223542bd6366b4b5dcf3f98c4ccabd850bffbab0a,review_bundles/tier1_dashboards_trial
Output,Output/review_bundles/tier1_dashboards_trial/tier1_dashboards_trial.md,tier1_dashboards_trial.md,.md,4509,2026-07-10T06:18:16+00:00,2e0628fd6b777b20d5b251b66eb25fd8efe3f52ec05663274ec12bfcc50b1366,review_bundles/tier1_dashboards_trial
Output,Output/review_bundles/tier1_dashboards_trial/diagnostics/dashboards_trial_qa.json,dashboards_trial_qa.json,.json,4352,2026-07-10T06:13:56+00:00,383b282f81af70cea30bf0a3e2058ed999d81ba3cf575cdb4f496ebabaa0d23c,review_bundles/tier1_dashboards_trial/diagnostics
Output,Output/review_bundles/tier1_dashboards_trial/figures/D1_paddock_Bala_28ca_A_slide_data.pdf,D1_paddock_Bala_28ca_A_slide_data.pdf,.pdf,114590,2026-07-10T06:13:54+00:00,db2deb96da7f5c07b9cfdf0bbf92a0e2400182c9c358ec2f9617ab067cdc8b66,review_bundles/tier1_dashboards_trial/figures
Output,Output/review_bundles/tier1_dashboards_trial/figures/D1_paddock_Bala_28ca_A_slide_data.png,D1_paddock_Bala_28ca_A_slide_data.png,.png,608083,2026-07-10T06:13:54+00:00,bd89f93c31b28775e21172bdd42be3272fcafbebce4af298497aca0bdb69421b,review_bundles/tier1_dashboards_trial/figures
Output,Output/review_bundles/tier1_dashboards_trial/figures/D1_paddock_Bala_28ca_B_slide_data.pdf,D1_paddock_Bala_28ca_B_slide_data.pdf,.pdf,115981,2026-07-10T06:13:54+00:00,7d5185cb09f5105c99491a10823d1a57dfec30889859153fe91b2cf036e5b3f1,review_bundles/tier1_dashboards_trial/figures
Output,Output/review_bundles/tier1_dashboards_trial/figures/D1_paddock_Bala_28ca_B_slide_data.png,D1_paddock_Bala_28ca_B_slide_data.png,.png,692668,2026-07-10T06:13:54+00:00,6091f6d8697f9042f7f885248f1f5dba440083249915b94def947ce33b0d553e,review_bundles/tier1_dashboards_trial/figures
Output,Output/review_bundles/tier1_dashboards_trial/figures/D1_paddock_Bala_28ca_C_slide_data.pdf,D1_paddock_Bala_28ca_C_slide_data.pdf,.pdf,116648,2026-07-10T06:13:54+00:00,da9d9f2505db565222c1e0959cec78f2f1bec6f85c2bd851ff1455ad41d872e1,review_bundles/tier1_dashboards_trial/figures
Output,Output/review_bundles/tier1_dashboards_trial/figures/D1_paddock_Bala_28ca_C_slide_data.png,D1_paddock_Bala_28ca_C_slide_data.png,.png,664441,2026-07-10T06:13:54+00:00,4373034db03c8715223cbd3d2075176b6e927346199efc9caa227152ce2e843c,review_bundles/tier1_dashboards_trial/figures
Output,Output/review_bundles/tier1_dashboards_trial/figures/D1_paddock_Bala_29ca_A_slide_data.pdf,D1_paddock_Bala_29ca_A_slide_data.pdf,.pdf,113468,2026-07-10T06:13:54+00:00,ef9d7f9bbf47d6ad298c8d33f0c83e9c0880d85c2977e03d7f118aff2b735939,review_bundles/tier1_dashboards_trial/figures
Output,Output/review_bundles/tier1_dashboards_trial/figures/D1_paddock_Bala_29ca_A_slide_data.png,D1_paddock_Bala_29ca_A_slide_data.png,.png,581150,2026-07-10T06:13:54+00:00,adf96057dd354b086b7554b73791eabc81af82bbe9e2b534d6e38511f62b4271,review_bundles/tier1_dashboards_trial/figures
Output,Output/review_bundles/tier1_dashboards_trial/figures/D1_paddock_Bala_29ca_B_slide_data.pdf,D1_paddock_Bala_29ca_B_slide_data.pdf,.pdf,114501,2026-07-10T06:13:54+00:00,258f7a5f0436f4ef8d0f73a1ac5a6113c7302cc2df1d733c7c532937479944a0,review_bundles/tier1_dashboards_trial/figures
Output,Output/review_bundles/tier1_dashboards_trial/figures/D1_paddock_Bala_29ca_B_slide_data.png,D1_paddock_Bala_29ca_B_slide_data.png,.png,631650,2026-07-10T06:13:54+00:00,e6a099abed370323a95adda64607deff972d1e8c5e80b37610573ca046cb28d3,review_bundles/tier1_dashboards_trial/figures
Output,Output/review_bundles/tier1_dashboards_trial/figures/D1_paddock_Bala_29ca_C_a3_landscape_data.pdf,D1_paddock_Bala_29ca_C_a3_landscape_data.pdf,.pdf,114728,2026-07-10T06:13:54+00:00,2fc7585fc9449e1c0e445f182f2521c356c71a3f76308d75468636d547a61dcd,review_bundles/tier1_dashboards_trial/figures
Output,Output/review_bundles/tier1_dashboards_trial/figures/D1_paddock_Bala_29ca_C_a3_landscape_data.png,D1_paddock_Bala_29ca_C_a3_landscape_data.png,.png,926558,2026-07-10T06:13:54+00:00,c0e309a3cc5cebb0c7685760c7e7b55d19db66eb4799736a97839c2c38a248db,review_bundles/tier1_dashboards_trial/figures
Output,Output/review_bundles/tier1_dashboards_trial/figures/D1_paddock_Bala_29ca_C_slide_data.pdf,D1_paddock_Bala_29ca_C_slide_data.pdf,.pdf,110969,2026-07-10T06:13:54+00:00,7a1064f3026f518cba4dc6a6ed0ba5680a4b91cfd77d07aba65c84fefb49f24a,review_bundles/tier1_dashboards_trial/figures
Output,Output/review_bundles/tier1_dashboards_trial/figures/D1_paddock_Bala_29ca_C_slide_data.png,D1_paddock_Bala_29ca_C_slide_data.png,.png,644844,2026-07-10T06:13:54+00:00,7e40b8ba548c87a8f675a8f6565838fa6bf9b159536e473a3df5948b4311f976,review_bundles/tier1_dashboards_trial/figures
Output,Output/review_bundles/tier1_dashboards_trial/figures/D1_paddock_Dinan_10_A_slide_data.pdf,D1_paddock_Dinan_10_A_slide_data.pdf,.pdf,100404,2026-07-10T06:13:54+00:00,483b1070881e6ebf297e12c5986fb6e19397092fe49caa52d04bf929e3c423ff,review_bundles/tier1_dashboards_trial/figures
Output,Output/review_bundles/tier1_dashboards_trial/figures/D1_paddock_Dinan_10_A_slide_data.png,D1_paddock_Dinan_10_A_slide_data.png,.png,564373,2026-07-10T06:13:54+00:00,52f5ecbe17cb0ccf753ae2878975366f8e6c5a2d076d04697a591bfe6259484b,review_bundles/tier1_dashboards_trial/figures
Output,Output/review_bundles/tier1_dashboards_trial/figures/D1_paddock_Dinan_10_B_slide_data.pdf,D1_paddock_Dinan_10_B_slide_data.pdf,.pdf,101401,2026-07-10T06:13:54+00:00,61fe6c20c1dbf3f9be871b9cbe013eefc16050aedb018d47e8a6f32188d01409,review_bundles/tier1_dashboards_trial/figures
Output,Output/review_bundles/tier1_dashboards_trial/figures/D1_paddock_Dinan_10_B_slide_data.png,D1_paddock_Dinan_10_B_slide_data.png,.png,613108,2026-07-10T06:13:54+00:00,7d03f7fd62ab2e881b60494e699c59d7f5004ca51de1a5d962204b6c6f47dd4d,review_bundles/tier1_dashboards_trial/figures
Output,Output/review_bundles/tier1_dashboards_trial/figures/D1_paddock_Dinan_10_C_slide_data.pdf,D1_paddock_Dinan_10_C_slide_data.pdf,.pdf,99689,2026-07-10T06:13:54+00:00,7f5fb18e66aa495c8363d8a2c9393c190bab9f956975422581c6a426d6d18008,review_bundles/tier1_dashboards_trial/figures
Output,Output/review_bundles/tier1_dashboards_trial/figures/D1_paddock_Dinan_10_C_slide_data.png,D1_paddock_Dinan_10_C_slide_data.png,.png,609513,2026-07-10T06:13:54+00:00,37c2709df2560a0e9cde93e2968fe117d7d91733792f71babf7629a2be3927ed,review_bundles/tier1_dashboards_trial/figures
Output,Output/review_bundles/tier1_dashboards_trial/figures/D1_paddock_Dinan_8_A_slide_data.pdf,D1_paddock_Dinan_8_A_slide_data.pdf,.pdf,118742,2026-07-10T06:13:54+00:00,6007619d35df3b727e474e61e12cca83084a9b142311131eb98272bd46825a42,review_bundles/tier1_dashboards_trial/figures
Output,Output/review_bundles/tier1_dashboards_trial/figures/D1_paddock_Dinan_8_A_slide_data.png,D1_paddock_Dinan_8_A_slide_data.png,.png,651061,2026-07-10T06:13:54+00:00,ac1ef60f3ae1cdad1d68ef75ec08221680a6caaec031b0d1d7ecfbc333673dda,review_bundles/tier1_dashboards_trial/figures
Output,Output/review_bundles/tier1_dashboards_trial/figures/D1_paddock_Dinan_8_B_slide_data.pdf,D1_paddock_Dinan_8_B_slide_data.pdf,.pdf,118694,2026-07-10T06:13:54+00:00,a83b650acee1c13c85b156c03a9bb058c2e5986438b9367d867d591509b8514b,review_bundles/tier1_dashboards_trial/figures
Output,Output/review_bundles/tier1_dashboards_trial/figures/D1_paddock_Dinan_8_B_slide_data.png,D1_paddock_Dinan_8_B_slide_data.png,.png,684450,2026-07-10T06:13:54+00:00,21ac5ec325c6592adffe6207743f861833340d2d9736af5d79ce1a549248566e,review_bundles/tier1_dashboards_trial/figures
Output,Output/review_bundles/tier1_dashboards_trial/figures/D1_paddock_Dinan_8_C_slide_data.pdf,D1_paddock_Dinan_8_C_slide_data.pdf,.pdf,118403,2026-07-10T06:13:54+00:00,9470b4066e409d87f924e9c8850357e9f782e9777ab096f2871736630a1cb81a,review_bundles/tier1_dashboards_trial/figures
Output,Output/review_bundles/tier1_dashboards_trial/figures/D1_paddock_Dinan_8_C_slide_data.png,D1_paddock_Dinan_8_C_slide_data.png,.png,696761,2026-07-10T06:13:54+00:00,0003af445abc78300a3508dee6f872b4de2fd49ec4ef0a47276848621df332d5,review_bundles/tier1_dashboards_trial/figures
Output,Output/review_bundles/tier1_dashboards_trial/figures/D2_site_GA_001_A_slide_data.pdf,D2_site_GA_001_A_slide_data.pdf,.pdf,114752,2026-07-10T06:13:54+00:00,3a1066a05db145b0d241423b92b9d2de0a04b82ea3fca7d51198137c5d742b6d,review_bundles/tier1_dashboards_trial/figures
Output,Output/review_bundles/tier1_dashboards_trial/figures/D2_site_GA_001_A_slide_data.png,D2_site_GA_001_A_slide_data.png,.png,640474,2026-07-10T06:13:54+00:00,d881482acd8f91ffd9abedc521b54e69df9aae778fe01a3b545df2c828803e98,review_bundles/tier1_dashboards_trial/figures
Output,Output/review_bundles/tier1_dashboards_trial/figures/D2_site_GA_001_B_slide_data.pdf,D2_site_GA_001_B_slide_data.pdf,.pdf,115965,2026-07-10T06:13:54+00:00,ac3ef4700bc6fc1f0999617623590129adeb5f57e728707c9e2d626fe4208a62,review_bundles/tier1_dashboards_trial/figures
Output,Output/review_bundles/tier1_dashboards_trial/figures/D2_site_GA_001_B_slide_data.png,D2_site_GA_001_B_slide_data.png,.png,662356,2026-07-10T06:13:54+00:00,65a2b7508ff95fac6f46086f4a19d66f971eb832515940657bb3feeb4bbcff38,review_bundles/tier1_dashboards_trial/figures
Output,Output/review_bundles/tier1_dashboards_trial/figures/D2_site_GA_001_C_slide_data.pdf,D2_site_GA_001_C_slide_data.pdf,.pdf,115589,2026-07-10T06:13:54+00:00,8d7f276f6bb9334ceba6af35703273645b0b3a3293e7f2ae1aaf149cc6a8d88b,review_bundles/tier1_dashboards_trial/figures
Output,Output/review_bundles/tier1_dashboards_trial/figures/D2_site_GA_001_C_slide_data.png,D2_site_GA_001_C_slide_data.png,.png,627499,2026-07-10T06:13:54+00:00,b1e99e05c358306479b57c60677e077562c9e4517618411c4f4dfc38d6981eda,review_bundles/tier1_dashboards_trial/figures
Output,Output/review_bundles/tier1_dashboards_trial/figures/D2_site_GA_003_A_slide_data.pdf,D2_site_GA_003_A_slide_data.pdf,.pdf,116983,2026-07-10T06:13:54+00:00,f5c90831df2bd7ba6dd3c61e4c7294145ba30c0ff46e34ab2ac5ddff3898eda3,review_bundles/tier1_dashboards_trial/figures
Output,Output/review_bundles/tier1_dashboards_trial/figures/D2_site_GA_003_A_slide_data.png,D2_site_GA_003_A_slide_data.png,.png,629989,2026-07-10T06:13:54+00:00,a5b0d724cea69eaef92511bdc11c7957d5bb0f607060f14583f0225d8ab4988d,review_bundles/tier1_dashboards_trial/figures
Output,Output/review_bundles/tier1_dashboards_trial/figures/D2_site_GA_003_B_slide_data.pdf,D2_site_GA_003_B_slide_data.pdf,.pdf,118306,2026-07-10T06:13:54+00:00,8007a6ecb0b0a8c100603c191796cfdb972961c707690d051093e14cb5f8cf29,review_bundles/tier1_dashboards_trial/figures
Output,Output/review_bundles/tier1_dashboards_trial/figures/D2_site_GA_003_B_slide_data.png,D2_site_GA_003_B_slide_data.png,.png,642511,2026-07-10T06:13:56+00:00,1875c71266220d905facef97c256a272470997409f340c6e6b35c954785f2b18,review_bundles/tier1_dashboards_trial/figures
Output,Output/review_bundles/tier1_dashboards_trial/figures/D2_site_GA_003_C_slide_data.pdf,D2_site_GA_003_C_slide_data.pdf,.pdf,117503,2026-07-10T06:13:56+00:00,6667651105f2855b79e81ad62f69114dcf1f5b616c65a2e9563d46368f5d42fb,review_bundles/tier1_dashboards_trial/figures
Output,Output/review_bundles/tier1_dashboards_trial/figures/D2_site_GA_003_C_slide_data.png,D2_site_GA_003_C_slide_data.png,.png,612528,2026-07-10T06:13:56+00:00,f6fb7f8f85c719e97f14515ff620dff4e4dc226c05e4a14ed5067818ae5c3e9a,review_bundles/tier1_dashboards_trial/figures
Output,Output/review_bundles/tier1_dashboards_trial/figures/D2_site_GA_019_A_slide_data.pdf,D2_site_GA_019_A_slide_data.pdf,.pdf,111660,2026-07-10T06:13:56+00:00,d71283f20b07eca6d54c5f4a5b1b92f72d0b7b9d516def9d0a0a5a16c9877a92,review_bundles/tier1_dashboards_trial/figures
Output,Output/review_bundles/tier1_dashboards_trial/figures/D2_site_GA_019_A_slide_data.png,D2_site_GA_019_A_slide_data.png,.png,625858,2026-07-10T06:13:56+00:00,76150080ce566f947f61da435b82609f0cea6102d6d3d97aa7fdf248c4ffd361,review_bundles/tier1_dashboards_trial/figures
Output,Output/review_bundles/tier1_dashboards_trial/figures/D2_site_GA_019_B_slide_data.pdf,D2_site_GA_019_B_slide_data.pdf,.pdf,111525,2026-07-10T06:13:56+00:00,7f2ca4dfea7bd7c6a34e45640140dfbe79deba8afd0b7ee7d5d2c16fef58d121,review_bundles/tier1_dashboards_trial/figures
Output,Output/review_bundles/tier1_dashboards_trial/figures/D2_site_GA_019_B_slide_data.png,D2_site_GA_019_B_slide_data.png,.png,648923,2026-07-10T06:13:56+00:00,27d88ae0f231250baf194b59ba54ee585503489c605e5430abf995d3a23784bd,review_bundles/tier1_dashboards_trial/figures
Output,Output/review_bundles/tier1_dashboards_trial/figures/D2_site_GA_019_C_slide_data.pdf,D2_site_GA_019_C_slide_data.pdf,.pdf,110903,2026-07-10T06:13:56+00:00,bcc22343d0b821de4c9e1c539d961f860f2a9abeef934afd140def8dbd592d4f,review_bundles/tier1_dashboards_trial/figures
Output,Output/review_bundles/tier1_dashboards_trial/figures/D2_site_GA_019_C_slide_data.png,D2_site_GA_019_C_slide_data.png,.png,617601,2026-07-10T06:13:56+00:00,95a616165e4f27af12b2508cd7fe3b45c08470e8752bde3b90942b2d1430f2e5,review_bundles/tier1_dashboards_trial/figures
Output,Output/review_bundles/tier1_dashboards_trial/figures/D2_site_GA_032_A_slide_data.pdf,D2_site_GA_032_A_slide_data.pdf,.pdf,104546,2026-07-10T06:13:56+00:00,3771758e812916b30f6eb1a8961dfc859d8d1746e63babe9129dfc075c551c2b,review_bundles/tier1_dashboards_trial/figures
Output,Output/review_bundles/tier1_dashboards_trial/figures/D2_site_GA_032_A_slide_data.png,D2_site_GA_032_A_slide_data.png,.png,614597,2026-07-10T06:13:56+00:00,a00552e2d6afb3f4fb443915638b24b2b664e8fb37cd685eecf478d2aa706c23,review_bundles/tier1_dashboards_trial/figures
Output,Output/review_bundles/tier1_dashboards_trial/figures/D2_site_GA_032_B_slide_data.pdf,D2_site_GA_032_B_slide_data.pdf,.pdf,103622,2026-07-10T06:13:56+00:00,c1c9f1138a33638effa198ed66410faaf5d2a13c42dd312971e3a16a375c001c,review_bundles/tier1_dashboards_trial/figures
Output,Output/review_bundles/tier1_dashboards_trial/figures/D2_site_GA_032_B_slide_data.png,D2_site_GA_032_B_slide_data.png,.png,643586,2026-07-10T06:13:56+00:00,c497642d7379279512516a3e3b8e960d80355a70c0255058f79bb3c07684a6a3,review_bundles/tier1_dashboards_trial/figures
Output,Output/review_bundles/tier1_dashboards_trial/figures/D2_site_GA_032_C_slide_data.pdf,D2_site_GA_032_C_slide_data.pdf,.pdf,104598,2026-07-10T06:13:56+00:00,b4c2b18a9607f6c89ce8b472414798673220915c1fc7a87bea78a2e015d2185d,review_bundles/tier1_dashboards_trial/figures
Output,Output/review_bundles/tier1_dashboards_trial/figures/D2_site_GA_032_C_slide_data.png,D2_site_GA_032_C_slide_data.png,.png,610409,2026-07-10T06:13:56+00:00,e09946afdba5c52dc84118bbd1e00cfd1a172ac3584a9b623f7c329c42536154,review_bundles/tier1_dashboards_trial/figures
Output,Output/review_bundles/tier1_dashboards_trial/figures/D2_site_GA_052_A_slide_data.pdf,D2_site_GA_052_A_slide_data.pdf,.pdf,111531,2026-07-10T06:13:56+00:00,ba5ec4851035faf4d536a1d52220ee92a57a10b19b332bb6940fa2d1333e5d03,review_bundles/tier1_dashboards_trial/figures
Output,Output/review_bundles/tier1_dashboards_trial/figures/D2_site_GA_052_A_slide_data.png,D2_site_GA_052_A_slide_data.png,.png,607627,2026-07-10T06:13:56+00:00,143122c36219a2c2605b2580c1b9622ee3cfeef080e410aebbdb8312544c592f,review_bundles/tier1_dashboards_trial/figures
Output,Output/review_bundles/tier1_dashboards_trial/figures/D2_site_GA_052_B_slide_data.pdf,D2_site_GA_052_B_slide_data.pdf,.pdf,111376,2026-07-10T06:13:56+00:00,35aec6e4f13a72b8275b30566f87b8ccaae4fb0204753015ee196cdb6e37bd75,review_bundles/tier1_dashboards_trial/figures
Output,Output/review_bundles/tier1_dashboards_trial/figures/D2_site_GA_052_B_slide_data.png,D2_site_GA_052_B_slide_data.png,.png,625845,2026-07-10T06:13:56+00:00,0644012a10caa5f026988aa3d79fd237b8e8e950af37b0219d39e43d620e947f,review_bundles/tier1_dashboards_trial/figures
Output,Output/review_bundles/tier1_dashboards_trial/figures/D2_site_GA_052_C_slide_data.pdf,D2_site_GA_052_C_slide_data.pdf,.pdf,111648,2026-07-10T06:13:56+00:00,28b8dfe4b0d4ecf5d161f09d4a199ff6896b74b14324198d57afbac58a507f0c,review_bundles/tier1_dashboards_trial/figures
Output,Output/review_bundles/tier1_dashboards_trial/figures/D2_site_GA_052_C_slide_data.png,D2_site_GA_052_C_slide_data.png,.png,597490,2026-07-10T06:13:56+00:00,31a657848b40b535fbbcc0406ebde5862383ba2778eef4b41f505d500abbfa36,review_bundles/tier1_dashboards_trial/figures
Output,Output/review_bundles/tier1_dashboards_trial/figures/D3_stratum_Aeolian_Chenopod_Shrublands_low_A_slide_data.pdf,D3_stratum_Aeolian_Chenopod_Shrublands_low_A_slide_data.pdf,.pdf,135053,2026-07-10T06:13:56+00:00,6799121ce96bc58fda026e54ff8b96267993dbb2fda95adbdc6eea1b63068b35,review_bundles/tier1_dashboards_trial/figures
Output,Output/review_bundles/tier1_dashboards_trial/figures/D3_stratum_Aeolian_Chenopod_Shrublands_low_A_slide_data.png,D3_stratum_Aeolian_Chenopod_Shrublands_low_A_slide_data.png,.png,665999,2026-07-10T06:13:56+00:00,0ef9641f828b44d343a505a47eb70b12a743aec57a71e9017f3878a22dca40bc,review_bundles/tier1_dashboards_trial/figures
Output,Output/review_bundles/tier1_dashboards_trial/figures/D3_stratum_Aeolian_Chenopod_Shrublands_low_B_slide_data.pdf,D3_stratum_Aeolian_Chenopod_Shrublands_low_B_slide_data.pdf,.pdf,136342,2026-07-10T06:13:56+00:00,4123ffd00eebaf1744b4a8d6c6b877e8adeff768b9a6ac6c7bc00802c8275b6e,review_bundles/tier1_dashboards_trial/figures
Output,Output/review_bundles/tier1_dashboards_trial/figures/D3_stratum_Aeolian_Chenopod_Shrublands_low_B_slide_data.png,D3_stratum_Aeolian_Chenopod_Shrublands_low_B_slide_data.png,.png,641983,2026-07-10T06:13:56+00:00,0839daea29d6270f0a418fb8e8b79100c95ad250118f78e7f90ebc530c36b6c7,review_bundles/tier1_dashboards_trial/figures
Output,Output/review_bundles/tier1_dashboards_trial/figures/D3_stratum_Aeolian_Chenopod_Shrublands_low_C_slide_data.pdf,D3_stratum_Aeolian_Chenopod_Shrublands_low_C_slide_data.pdf,.pdf,134075,2026-07-10T06:13:56+00:00,bc0ff06ff9bee183b6ed485caa245a1ad8b5ffabe41b3df2297155fb1573ad63,review_bundles/tier1_dashboards_trial/figures
Output,Output/review_bundles/tier1_dashboards_trial/figures/D3_stratum_Aeolian_Chenopod_Shrublands_low_C_slide_data.png,D3_stratum_Aeolian_Chenopod_Shrublands_low_C_slide_data.png,.png,637428,2026-07-10T06:13:56+00:00,e71cf5cf0c345079da4164e2630c3baf32a3f0b0622a4e630014d5eb83032bbd,review_bundles/tier1_dashboards_trial/figures
Output,Output/review_bundles/tier1_dashboards_trial/figures/D3_stratum_Inland_Floodplain_Shrublands_Swamps_high_A_slide_data.pdf,D3_stratum_Inland_Floodplain_Shrublands_Swamps_high_A_slide_data.pdf,.pdf,149767,2026-07-10T06:13:56+00:00,edb76e585c7c811bd2f4c45bbaaf48ec9782ae3728c03b3712c21cf895f7cde1,review_bundles/tier1_dashboards_trial/figures
Output,Output/review_bundles/tier1_dashboards_trial/figures/D3_stratum_Inland_Floodplain_Shrublands_Swamps_high_A_slide_data.png,D3_stratum_Inland_Floodplain_Shrublands_Swamps_high_A_slide_data.png,.png,775353,2026-07-10T06:13:56+00:00,0b1dfd0f30bac9119d90e3f2c92e292960e6debe493d223e4350fb71d378a513,review_bundles/tier1_dashboards_trial/figures
Output,Output/review_bundles/tier1_dashboards_trial/figures/D3_stratum_Inland_Floodplain_Shrublands_Swamps_high_B_slide_data.pdf,D3_stratum_Inland_Floodplain_Shrublands_Swamps_high_B_slide_data.pdf,.pdf,151086,2026-07-10T06:13:56+00:00,f8be42f2f5123f5735861e69c51561b1f89a4597c8d747f09940f79a7485e962,review_bundles/tier1_dashboards_trial/figures
Output,Output/review_bundles/tier1_dashboards_trial/figures/D3_stratum_Inland_Floodplain_Shrublands_Swamps_high_B_slide_data.png,D3_stratum_Inland_Floodplain_Shrublands_Swamps_high_B_slide_data.png,.png,771885,2026-07-10T06:13:56+00:00,061f7b778a06d0caabd22cf72e21fc69e5b82c7b28a9e70982700ee47d558a5a,review_bundles/tier1_dashboards_trial/figures
Output,Output/review_bundles/tier1_dashboards_trial/figures/D3_stratum_Inland_Floodplain_Shrublands_Swamps_high_C_slide_data.pdf,D3_stratum_Inland_Floodplain_Shrublands_Swamps_high_C_slide_data.pdf,.pdf,148436,2026-07-10T06:13:56+00:00,2a5b7121522b10766f5f784a8d9f873dce35930b43b7fc8fc3f0d2753602c8c0,review_bundles/tier1_dashboards_trial/figures
Output,Output/review_bundles/tier1_dashboards_trial/figures/D3_stratum_Inland_Floodplain_Shrublands_Swamps_high_C_slide_data.png,D3_stratum_Inland_Floodplain_Shrublands_Swamps_high_C_slide_data.png,.png,754915,2026-07-10T06:13:56+00:00,d0132d3991e203ed0087cb559ee078beb5565195957f2d417cf1e340d25c2817,review_bundles/tier1_dashboards_trial/figures
Output,Output/review_bundles/tier1_dashboards_trial/figures/D3_stratum_Riverine_Chenopod_Shrublands_mid_A_slide_data.pdf,D3_stratum_Riverine_Chenopod_Shrublands_mid_A_slide_data.pdf,.pdf,139692,2026-07-10T06:13:56+00:00,c332322332712f4d9582087017e42edb6018ed2aaf0feea083d6514938d3c856,review_bundles/tier1_dashboards_trial/figures
Output,Output/review_bundles/tier1_dashboards_trial/figures/D3_stratum_Riverine_Chenopod_Shrublands_mid_A_slide_data.png,D3_stratum_Riverine_Chenopod_Shrublands_mid_A_slide_data.png,.png,716947,2026-07-10T06:13:56+00:00,85506a2a39c281e9c8917ade1dac246ea9f1cb00e2f9ffcb3e3254ece87b2f17,review_bundles/tier1_dashboards_trial/figures
Output,Output/review_bundles/tier1_dashboards_trial/figures/D3_stratum_Riverine_Chenopod_Shrublands_mid_B_slide_data.pdf,D3_stratum_Riverine_Chenopod_Shrublands_mid_B_slide_data.pdf,.pdf,140947,2026-07-10T06:13:56+00:00,f12aa0dd8482da40765afac2373d31cac376082d0182b4e8a30db91ac33cb911,review_bundles/tier1_dashboards_trial/figures
Output,Output/review_bundles/tier1_dashboards_trial/figures/D3_stratum_Riverine_Chenopod_Shrublands_mid_B_slide_data.png,D3_stratum_Riverine_Chenopod_Shrublands_mid_B_slide_data.png,.png,706354,2026-07-10T06:13:56+00:00,ad1711fb12967b5144159428267c2bdd542b1d2795a8bb764e211a74e85d4c5b,review_bundles/tier1_dashboards_trial/figures
Output,Output/review_bundles/tier1_dashboards_trial/figures/D3_stratum_Riverine_Chenopod_Shrublands_mid_C_slide_data.pdf,D3_stratum_Riverine_Chenopod_Shrublands_mid_C_slide_data.pdf,.pdf,138274,2026-07-10T06:13:56+00:00,e0b8a635b376136a709a339db21389f7bf116af559fe43bb94044f0c538f24f9,review_bundles/tier1_dashboards_trial/figures
Output,Output/review_bundles/tier1_dashboards_trial/figures/D3_stratum_Riverine_Chenopod_Shrublands_mid_C_slide_data.png,D3_stratum_Riverine_Chenopod_Shrublands_mid_C_slide_data.png,.png,710654,2026-07-10T06:13:56+00:00,806e266dc47dd753aab02c541f72f4c98701e16fd337522926a06e2e997f6320,review_bundles/tier1_dashboards_trial/figures
Output,Output/review_bundles/tier1_pixel_census/figures_manifest.csv,figures_manifest.csv,.csv,7380,2026-07-10T00:44:48+00:00,bb3f4ee0712180fec67ebaff40ffffae62b02afa3b2736151ccf59adc463dab1,review_bundles/tier1_pixel_census
Output,Output/review_bundles/tier1_pixel_census/manifest_rows_pixel_census.csv,manifest_rows_pixel_census.csv,.csv,572,2026-07-10T00:44:48+00:00,b741c3e02ccaf959cfab40cf8afcab13066f22037297073436a761e305c0ed70,review_bundles/tier1_pixel_census
Output,Output/review_bundles/tier1_pixel_census/tier1_pixel_census.md,tier1_pixel_census.md,.md,5123,2026-07-10T00:44:50+00:00,94b618f36e208419fcadee871b363f0e6af8c5afa82101b3555f0cba6d732033,review_bundles/tier1_pixel_census
Output,Output/review_bundles/tier1_pixel_census/diagnostics/pixel_census.csv,pixel_census.csv,.csv,1496,2026-07-10T00:44:50+00:00,64b0440a86337213e6ee17a225bdf413b8686ebef28589e16cec88545551b8df,review_bundles/tier1_pixel_census/diagnostics
Output,Output/review_bundles/tier1_pixel_census/diagnostics/pixel_census_qa.json,pixel_census_qa.json,.json,1495,2026-07-10T00:44:50+00:00,adadd04755a49dab7f24a738c294ccb006b95f8d11d1fbd845b5604914571203,review_bundles/tier1_pixel_census/diagnostics
Output,Output/review_bundles/tier1_pixel_census/diagnostics/regime_band_breaks.csv,regime_band_breaks.csv,.csv,216,2026-07-10T00:44:50+00:00,488303383b9247a0627fcaec50c627756fc80927521e875d337db278357f69a7,review_bundles/tier1_pixel_census/diagnostics
Output,Output/review_bundles/tier1_pixel_census/figures/F5d_pixel_census_data.pdf,F5d_pixel_census_data.pdf,.pdf,42894,2026-07-10T00:44:48+00:00,30e31b24c435afc02905c675851f37ff2f4c5c5398a602c41fd3ffae2c7c4172,review_bundles/tier1_pixel_census/figures
Output,Output/review_bundles/tier1_pixel_census/figures/F5d_pixel_census_data.png,F5d_pixel_census_data.png,.png,198062,2026-07-10T00:44:48+00:00,c47831a348ec61143d45d7ce1dc621f65e524fb0fdedff986dfd33cd0a41c988,review_bundles/tier1_pixel_census/figures
Output,Output/review_bundles/tier1_veg_regime_checkerboard/figures_manifest.csv,figures_manifest.csv,.csv,26016,2026-07-10T06:16:56+00:00,897b6e67a062a3d6cb6e16abe057d78c6f1dfbda4d01cfdf97ad6700d2fb2adb,review_bundles/tier1_veg_regime_checkerboard
Output,Output/review_bundles/tier1_veg_regime_checkerboard/manifest_rows_c1.csv,manifest_rows_c1.csv,.csv,9016,2026-07-10T06:16:56+00:00,b5c800248fb3ffc4e4697581cc04299b318c69674ce11b11e52928792d338299,review_bundles/tier1_veg_regime_checkerboard
Output,Output/review_bundles/tier1_veg_regime_checkerboard/tier1_veg_regime_checkerboard.md,tier1_veg_regime_checkerboard.md,.md,4958,2026-07-10T06:16:56+00:00,f4611579f34ce90e74c1e0c90cd69319ae7d4e713afe82721ba1cb841a84a438,review_bundles/tier1_veg_regime_checkerboard
Output,Output/review_bundles/tier1_veg_regime_checkerboard/diagnostics/c1_inset_overlap_check.csv,c1_inset_overlap_check.csv,.csv,1184,2026-07-10T06:16:56+00:00,46705a7afee783cbee0ba566c4863110b5b1ab19ba98b077e0c3fc18685c336d,review_bundles/tier1_veg_regime_checkerboard/diagnostics
Output,Output/review_bundles/tier1_veg_regime_checkerboard/diagnostics/regime_band_breaks.csv,regime_band_breaks.csv,.csv,216,2026-07-10T06:16:56+00:00,488303383b9247a0627fcaec50c627756fc80927521e875d337db278357f69a7,review_bundles/tier1_veg_regime_checkerboard/diagnostics
Output,Output/review_bundles/tier1_veg_regime_checkerboard/diagnostics/veg_regime_class_qa.json,veg_regime_class_qa.json,.json,3129,2026-07-10T06:16:56+00:00,1ead8194f2cd358399cb93421aefe0106ba9e9b270965d38b37ef4b5af45e914,review_bundles/tier1_veg_regime_checkerboard/diagnostics
Output,Output/review_bundles/tier1_veg_regime_checkerboard/figures/C1_veg_regime_bivariate_farm_data.pdf,C1_veg_regime_bivariate_farm_data.pdf,.pdf,110206,2026-07-10T06:16:54+00:00,bfdc81b00e5bfbbadf006f03fbce31b29c9d0088913e59b2d17d118d0e2f00e7,review_bundles/tier1_veg_regime_checkerboard/figures
Output,Output/review_bundles/tier1_veg_regime_checkerboard/figures/C1_veg_regime_bivariate_farm_data.png,C1_veg_regime_bivariate_farm_data.png,.png,577238,2026-07-10T06:16:54+00:00,e53344229b518409ca986cbfd68c672a26777a3cb8af9e9133461868265060f0,review_bundles/tier1_veg_regime_checkerboard/figures
Output,Output/review_bundles/tier1_veg_regime_checkerboard/figures/C1_veg_regime_paddock_Bala_12_data.pdf,C1_veg_regime_paddock_Bala_12_data.pdf,.pdf,84968,2026-07-10T06:16:54+00:00,52f237555cc8df8c30f8dad45bd447da6bc5f27fc918f191c819b7cc6ac6ba6e,review_bundles/tier1_veg_regime_checkerboard/figures
Output,Output/review_bundles/tier1_veg_regime_checkerboard/figures/C1_veg_regime_paddock_Bala_12_data.png,C1_veg_regime_paddock_Bala_12_data.png,.png,344301,2026-07-10T06:16:54+00:00,7a781f66d9ad8fda895364bbb27cc494a59b6538549526f1ecfe6fb6e8443f2f,review_bundles/tier1_veg_regime_checkerboard/figures
Output,Output/review_bundles/tier1_veg_regime_checkerboard/figures/C1_veg_regime_paddock_Bala_17_data.pdf,C1_veg_regime_paddock_Bala_17_data.pdf,.pdf,72351,2026-07-10T06:16:54+00:00,33a68c7cdbac1d31e25f3c962e0c2301d7dee2e80cc47297a795a3fd1c004fed,review_bundles/tier1_veg_regime_checkerboard/figures
Output,Output/review_bundles/tier1_veg_regime_checkerboard/figures/C1_veg_regime_paddock_Bala_17_data.png,C1_veg_regime_paddock_Bala_17_data.png,.png,256596,2026-07-10T06:16:54+00:00,3d7a43c4b8245337a6353d0f6dcdf872d8217e43f14c6114ef0a7d5e81f09c4f,review_bundles/tier1_veg_regime_checkerboard/figures
Output,Output/review_bundles/tier1_veg_regime_checkerboard/figures/C1_veg_regime_paddock_Bala_19_data.pdf,C1_veg_regime_paddock_Bala_19_data.pdf,.pdf,71642,2026-07-10T06:16:54+00:00,cc00e62c647687a0cebe653a401d2278056bc3109552c40964536b8aacc4d9f7,review_bundles/tier1_veg_regime_checkerboard/figures
Output,Output/review_bundles/tier1_veg_regime_checkerboard/figures/C1_veg_regime_paddock_Bala_19_data.png,C1_veg_regime_paddock_Bala_19_data.png,.png,268038,2026-07-10T06:16:54+00:00,7bb6955fdaf16bbd81ec0d3bcb918f6c2613b072ef34605a9825d8b81c515d4e,review_bundles/tier1_veg_regime_checkerboard/figures
Output,Output/review_bundles/tier1_veg_regime_checkerboard/figures/C1_veg_regime_paddock_Bala_20_data.pdf,C1_veg_regime_paddock_Bala_20_data.pdf,.pdf,73613,2026-07-10T06:16:54+00:00,fb3353f12e61dc3f5e27dee95df74c77234eee44c569ae4b3abeb29f97a0fcc7,review_bundles/tier1_veg_regime_checkerboard/figures
Output,Output/review_bundles/tier1_veg_regime_checkerboard/figures/C1_veg_regime_paddock_Bala_20_data.png,C1_veg_regime_paddock_Bala_20_data.png,.png,269447,2026-07-10T06:16:54+00:00,327af60ca7c732d80a9ff34dd23ef3d7036d5d6f45f5fa7da032d43a2d61fde2,review_bundles/tier1_veg_regime_checkerboard/figures
Output,Output/review_bundles/tier1_veg_regime_checkerboard/figures/C1_veg_regime_paddock_Bala_21_data.pdf,C1_veg_regime_paddock_Bala_21_data.pdf,.pdf,72550,2026-07-10T06:16:54+00:00,e160673c2d1e71de23386cda95e04023abfc1af2cbb1e7a6a9661ae4f6b4af7a,review_bundles/tier1_veg_regime_checkerboard/figures
Output,Output/review_bundles/tier1_veg_regime_checkerboard/figures/C1_veg_regime_paddock_Bala_21_data.png,C1_veg_regime_paddock_Bala_21_data.png,.png,282374,2026-07-10T06:16:54+00:00,cef1edc6f9243317a53adafdbe86697e56b09a520abe8e1ef074fb689de912b7,review_bundles/tier1_veg_regime_checkerboard/figures
Output,Output/review_bundles/tier1_veg_regime_checkerboard/figures/C1_veg_regime_paddock_Bala_23_data.pdf,C1_veg_regime_paddock_Bala_23_data.pdf,.pdf,77281,2026-07-10T06:16:54+00:00,fd29201e2ed35c8e4dea14d99a2af7b83d0792c5faf42e6f914afa0aa11089c1,review_bundles/tier1_veg_regime_checkerboard/figures
Output,Output/review_bundles/tier1_veg_regime_checkerboard/figures/C1_veg_regime_paddock_Bala_23_data.png,C1_veg_regime_paddock_Bala_23_data.png,.png,288463,2026-07-10T06:16:54+00:00,e33a9a7af2c1cb01e3825279e31b07b9b65681bbd1a2703729a12005739443c4,review_bundles/tier1_veg_regime_checkerboard/figures
Output,Output/review_bundles/tier1_veg_regime_checkerboard/figures/C1_veg_regime_paddock_Bala_26ca_data.pdf,C1_veg_regime_paddock_Bala_26ca_data.pdf,.pdf,79428,2026-07-10T06:16:54+00:00,5d9d827a1464e374932c79491b2946537c0c0e42aaebe6b11996a355c8f68b59,review_bundles/tier1_veg_regime_checkerboard/figures
Output,Output/review_bundles/tier1_veg_regime_checkerboard/figures/C1_veg_regime_paddock_Bala_26ca_data.png,C1_veg_regime_paddock_Bala_26ca_data.png,.png,299623,2026-07-10T06:16:54+00:00,e5005c800b7bc0ee48db706f876116d12b69e27d8f4178330d791ba0b48ad58b,review_bundles/tier1_veg_regime_checkerboard/figures
Output,Output/review_bundles/tier1_veg_regime_checkerboard/figures/C1_veg_regime_paddock_Bala_28ca_data.pdf,C1_veg_regime_paddock_Bala_28ca_data.pdf,.pdf,79660,2026-07-10T06:16:56+00:00,dfe356f0b94761837cd6078f3d6856d1d8fb39f593ce0e267d861edfd1711c84,review_bundles/tier1_veg_regime_checkerboard/figures
Output,Output/review_bundles/tier1_veg_regime_checkerboard/figures/C1_veg_regime_paddock_Bala_28ca_data.png,C1_veg_regime_paddock_Bala_28ca_data.png,.png,325152,2026-07-10T06:16:56+00:00,fe42c0c3b24bdac8798267f3988a2a8f7633a4dde69988aa7e0737e20a784cfc,review_bundles/tier1_veg_regime_checkerboard/figures
Output,Output/review_bundles/tier1_veg_regime_checkerboard/figures/C1_veg_regime_paddock_Bala_29ca_data.pdf,C1_veg_regime_paddock_Bala_29ca_data.pdf,.pdf,85148,2026-07-10T06:16:56+00:00,98f435f770d2b633d2638fcb45562c6f425a628a2501837c548b6b471140bac0,review_bundles/tier1_veg_regime_checkerboard/figures
Output,Output/review_bundles/tier1_veg_regime_checkerboard/figures/C1_veg_regime_paddock_Bala_29ca_data.png,C1_veg_regime_paddock_Bala_29ca_data.png,.png,314374,2026-07-10T06:16:56+00:00,b408f8dcb78eb79a752b4a77352ebbf76574c76a4b516ace36314b76018ae4e7,review_bundles/tier1_veg_regime_checkerboard/figures
Output,Output/review_bundles/tier1_veg_regime_checkerboard/figures/C1_veg_regime_paddock_Bala_6_data.pdf,C1_veg_regime_paddock_Bala_6_data.pdf,.pdf,75615,2026-07-10T06:16:56+00:00,4a03c2a82bec4bcdb98120a80f1c5027ba7103c08a20aba7cb0ac83f9ee6ea3d,review_bundles/tier1_veg_regime_checkerboard/figures
Output,Output/review_bundles/tier1_veg_regime_checkerboard/figures/C1_veg_regime_paddock_Bala_6_data.png,C1_veg_regime_paddock_Bala_6_data.png,.png,256813,2026-07-10T06:16:56+00:00,23cb4ea59bfaef694ae5bfb6f65f4cb1c821b1f512121a25d4459034900dd4ce,review_bundles/tier1_veg_regime_checkerboard/figures
Output,Output/review_bundles/tier1_veg_regime_checkerboard/figures/C1_veg_regime_paddock_Bala_8_11_data.pdf,C1_veg_regime_paddock_Bala_8_11_data.pdf,.pdf,80699,2026-07-10T06:16:56+00:00,d296806eb37c9be13a5d4def68c3d1fbb8158727bb223fd2f1c7c8d0aa49cd6b,review_bundles/tier1_veg_regime_checkerboard/figures
Output,Output/review_bundles/tier1_veg_regime_checkerboard/figures/C1_veg_regime_paddock_Bala_8_11_data.png,C1_veg_regime_paddock_Bala_8_11_data.png,.png,308669,2026-07-10T06:16:56+00:00,4c4e25e295328b786dfabbe165f050c65197bd3d63d5cd4b93417b8e1fde4b77,review_bundles/tier1_veg_regime_checkerboard/figures
Output,Output/review_bundles/tier1_veg_regime_checkerboard/figures/C1_veg_regime_paddock_Dinan_10_data.pdf,C1_veg_regime_paddock_Dinan_10_data.pdf,.pdf,80089,2026-07-10T06:16:56+00:00,6061d1564ef4300d9c143c6a92c744346a7939d935c5761c90b3ca9e95a03487,review_bundles/tier1_veg_regime_checkerboard/figures
Output,Output/review_bundles/tier1_veg_regime_checkerboard/figures/C1_veg_regime_paddock_Dinan_10_data.png,C1_veg_regime_paddock_Dinan_10_data.png,.png,325101,2026-07-10T06:16:56+00:00,8f917f1f43211519fdaba8b4b12392d6e905847d38a4cb4d76d73894eb6f2d10,review_bundles/tier1_veg_regime_checkerboard/figures
Output,Output/review_bundles/tier1_veg_regime_checkerboard/figures/C1_veg_regime_paddock_Dinan_12_data.pdf,C1_veg_regime_paddock_Dinan_12_data.pdf,.pdf,82463,2026-07-10T06:16:56+00:00,2418442b6b0edd798e1db9d08e985752c3d8be9913e362be0011fc219256c171,review_bundles/tier1_veg_regime_checkerboard/figures
Output,Output/review_bundles/tier1_veg_regime_checkerboard/figures/C1_veg_regime_paddock_Dinan_12_data.png,C1_veg_regime_paddock_Dinan_12_data.png,.png,336653,2026-07-10T06:16:56+00:00,7b071f1028b56a332b2506d86de48d8487e3935f5ff032693d1b7063547753cc,review_bundles/tier1_veg_regime_checkerboard/figures
Output,Output/review_bundles/tier1_veg_regime_checkerboard/figures/C1_veg_regime_paddock_Dinan_1_data.pdf,C1_veg_regime_paddock_Dinan_1_data.pdf,.pdf,78311,2026-07-10T06:16:56+00:00,18005f1d0e04f27296ad2c65dff12724fb0b60f9f74c6e9a61f1186ed01c706e,review_bundles/tier1_veg_regime_checkerboard/figures
Output,Output/review_bundles/tier1_veg_regime_checkerboard/figures/C1_veg_regime_paddock_Dinan_1_data.png,C1_veg_regime_paddock_Dinan_1_data.png,.png,309826,2026-07-10T06:16:56+00:00,af96ae18b21981e7b134ab77d0ccb9259dff5ff815939b25022c315f12861563,review_bundles/tier1_veg_regime_checkerboard/figures
Output,Output/review_bundles/tier1_veg_regime_checkerboard/figures/C1_veg_regime_paddock_Dinan_3_data.pdf,C1_veg_regime_paddock_Dinan_3_data.pdf,.pdf,76203,2026-07-10T06:16:56+00:00,95387b3701be35b694f9b0b28f646255c0ebd9465eeed209db5bdc25e9ee35f1,review_bundles/tier1_veg_regime_checkerboard/figures
Output,Output/review_bundles/tier1_veg_regime_checkerboard/figures/C1_veg_regime_paddock_Dinan_3_data.png,C1_veg_regime_paddock_Dinan_3_data.png,.png,283452,2026-07-10T06:16:56+00:00,2e22666c0b5d3ea499f95746dba335932ca4e0e69fe049904c2f7940c1e43fd0,review_bundles/tier1_veg_regime_checkerboard/figures
Output,Output/review_bundles/tier1_veg_regime_checkerboard/figures/C1_veg_regime_paddock_Dinan_6_data.pdf,C1_veg_regime_paddock_Dinan_6_data.pdf,.pdf,75080,2026-07-10T06:16:56+00:00,debeeb80b2ee713da943fa265a4a8fbdfa6cd37f57ca76282f6b89403c1f9804,review_bundles/tier1_veg_regime_checkerboard/figures
Output,Output/review_bundles/tier1_veg_regime_checkerboard/figures/C1_veg_regime_paddock_Dinan_6_data.png,C1_veg_regime_paddock_Dinan_6_data.png,.png,316128,2026-07-10T06:16:56+00:00,d525dbea86b8b5230197bd58ee9f4a7caa19b56003ef7b563c260bd2f2754d6d,review_bundles/tier1_veg_regime_checkerboard/figures
Output,Output/review_bundles/tier1_veg_regime_checkerboard/figures/C1_veg_regime_paddock_Dinan_8_data.pdf,C1_veg_regime_paddock_Dinan_8_data.pdf,.pdf,93891,2026-07-10T06:16:56+00:00,bcdc04be68fe73dea4b659c582d8fd8a012a9be035d784d05a3cdd83316aa037,review_bundles/tier1_veg_regime_checkerboard/figures
Output,Output/review_bundles/tier1_veg_regime_checkerboard/figures/C1_veg_regime_paddock_Dinan_8_data.png,C1_veg_regime_paddock_Dinan_8_data.png,.png,410739,2026-07-10T06:16:56+00:00,2fc969a2bfc2960ce2bc336a9e8dc238497f6fa1caf704f9deace989b071a708,review_bundles/tier1_veg_regime_checkerboard/figures
Output,Output/review_bundles/tier1_veg_regime_checkerboard/figures/C1_veg_regime_paddock_Mara_13_data.pdf,C1_veg_regime_paddock_Mara_13_data.pdf,.pdf,73717,2026-07-10T06:16:56+00:00,2a932a825abaeb8441b21422d443869e6440b7856da0d76b7dd05d0371a953cd,review_bundles/tier1_veg_regime_checkerboard/figures
Output,Output/review_bundles/tier1_veg_regime_checkerboard/figures/C1_veg_regime_paddock_Mara_13_data.png,C1_veg_regime_paddock_Mara_13_data.png,.png,277146,2026-07-10T06:16:56+00:00,8654beb7328132606639c59e1ab8a03b841c96e24cd0d9a72220b0be635780e3,review_bundles/tier1_veg_regime_checkerboard/figures
Output,Output/review_bundles/tier1_veg_regime_checkerboard/figures/C1_veg_regime_paddock_Mara_21_data.pdf,C1_veg_regime_paddock_Mara_21_data.pdf,.pdf,73956,2026-07-10T06:16:56+00:00,c28213260f6047d9be7cb2b9176c91fe64962ab897d1199f43d0022b5619b028,review_bundles/tier1_veg_regime_checkerboard/figures
Output,Output/review_bundles/tier1_veg_regime_checkerboard/figures/C1_veg_regime_paddock_Mara_21_data.png,C1_veg_regime_paddock_Mara_21_data.png,.png,282075,2026-07-10T06:16:56+00:00,7effd46e68978bd64c843737a5b4c5886c326f0355e4144aa7137810aa61220d,review_bundles/tier1_veg_regime_checkerboard/figures
Output,Output/review_bundles/tier1_veg_regime_checkerboard/figures/C1_veg_regime_paddock_Mara_7_data.pdf,C1_veg_regime_paddock_Mara_7_data.pdf,.pdf,76464,2026-07-10T06:16:56+00:00,6aa6812da2a3905a7bd883b808a5cc28aa6a1fd9aa2389eac1c497ba707f10af,review_bundles/tier1_veg_regime_checkerboard/figures
Output,Output/review_bundles/tier1_veg_regime_checkerboard/figures/C1_veg_regime_paddock_Mara_7_data.png,C1_veg_regime_paddock_Mara_7_data.png,.png,299004,2026-07-10T06:16:56+00:00,224a2e92b8beb418136d0b4c1986bc724566568e09e062eea9ac413b165535c3,review_bundles/tier1_veg_regime_checkerboard/figures
Output,Output/review_bundles/tier1_veg_regime_checkerboard/figures/C1_veg_regime_paddock_Mara_8_data.pdf,C1_veg_regime_paddock_Mara_8_data.pdf,.pdf,72367,2026-07-10T06:16:56+00:00,c565ab6b73ce203ee45fddb673795d3acc5a5ab72f8facd430a4c6f53f2b091f,review_bundles/tier1_veg_regime_checkerboard/figures
Output,Output/review_bundles/tier1_veg_regime_checkerboard/figures/C1_veg_regime_paddock_Mara_8_data.png,C1_veg_regime_paddock_Mara_8_data.png,.png,263808,2026-07-10T06:16:56+00:00,41ef9b12bc1885f675c4eacdb044bb31244e0ed8d4b0c07dbc1a9551457a3e94,review_bundles/tier1_veg_regime_checkerboard/figures
Output,Output/review_bundles/tier2H_all_pixel_census/CONTENTS.md,CONTENTS.md,.md,4887,2026-07-17T05:50:42+00:00,dbe555ac3b59e895a06804b3fd63018a6ffccd5de4edeb099014969cfc80ff29,review_bundles/tier2H_all_pixel_census
Output,Output/review_bundles/tier2H_all_pixel_census/README.md,README.md,.md,5647,2026-07-17T05:50:50+00:00,14b1a9823a3fc411d3328c2c41f27cadd05ab16ec40ed691a9e04b74ea5dca75,review_bundles/tier2H_all_pixel_census
Output,Output/review_bundles/tier2H_all_pixel_census/docs/Gayini_established_data_facts.md,Gayini_established_data_facts.md,.md,27557,2026-07-17T01:23:26+00:00,b7fe48af5d94fc61e64098df303db933978e7ebe0ec76d2e2384929cbd232b69,review_bundles/tier2H_all_pixel_census/docs
Output,Output/review_bundles/tier2H_all_pixel_census/docs/taskI_deck_stocktake_20260717.md,taskI_deck_stocktake_20260717.md,.md,13218,2026-07-17T01:23:26+00:00,369cea949cf29b9938c29604f91c46ec8dfe40e07619b51968a587d1f2d7c112,review_bundles/tier2H_all_pixel_census/docs
Output,Output/review_bundles/tier2H_all_pixel_census/docs/tier2H_all_pixel_census_20260715.md,tier2H_all_pixel_census_20260715.md,.md,40191,2026-07-17T01:23:26+00:00,a6be62c7e3e2d9301ef458f65460f34cca04243a5665884bda2eff862b95dd09,review_bundles/tier2H_all_pixel_census/docs
Output,Output/review_bundles/tier2H_all_pixel_census/figures/H2_gate_season_mix_data.png,H2_gate_season_mix_data.png,.png,197425,2026-07-17T01:23:26+00:00,bd2b7b0367391d9ef7a3b407223eaf933fca17ef6fe6336b71bb936c35383ed9,review_bundles/tier2H_all_pixel_census/figures
Output,Output/review_bundles/tier2H_all_pixel_census/figures/H2_veg_percentiles_common_scale_data.png,H2_veg_percentiles_common_scale_data.png,.png,641636,2026-07-17T01:23:26+00:00,12cc4032de6e5e63b41a97c95e94130c6e3f9965259eff04deaba0df4cf7ac76,review_bundles/tier2H_all_pixel_census/figures
Output,Output/review_bundles/tier2H_all_pixel_census/figures/H2_veg_percentiles_stretch_data.png,H2_veg_percentiles_stretch_data.png,.png,653704,2026-07-17T01:23:26+00:00,00b2d34eaa042dc89b765441f72adf68d695194f5365d11440874b07bdedfdb1,review_bundles/tier2H_all_pixel_census/figures
Output,Output/review_bundles/tier2H_all_pixel_census/figures/H6_flood_zone_data.png,H6_flood_zone_data.png,.png,65701,2026-07-17T01:23:26+00:00,5f41ed3f94b4f179d67494f5bf74c91783b31f14e93641c2de4f14b5acdddac3,review_bundles/tier2H_all_pixel_census/figures
Output,Output/review_bundles/tier2H_all_pixel_census/h6/tier2H_h6_flood_zone_crosstab.csv,tier2H_h6_flood_zone_crosstab.csv,.csv,1822,2026-07-17T01:23:26+00:00,6c718cc080e6d8e42a7ee030b715c57568bd2a603049af53b56e47b1fa36ca9a,review_bundles/tier2H_all_pixel_census/h6
Output,Output/review_bundles/tier2H_all_pixel_census/track_a/tier2H_h31_census_matrix.csv,tier2H_h31_census_matrix.csv,.csv,1099,2026-07-17T01:23:24+00:00,f36040bd26c794b5bc4d2c1a10e23380299f8dbd2269c5515287153ca4d11d62,review_bundles/tier2H_all_pixel_census/track_a
Output,Output/review_bundles/tier2H_all_pixel_census/track_a/tier2H_h31_census_stratum_annual_series.csv,tier2H_h31_census_stratum_annual_series.csv,.csv,33414,2026-07-17T01:23:24+00:00,6ea7f1ad3a0343a50a17e7c5ee575b4f5f23c4606d0d21b1d8c8215e64bba14c,review_bundles/tier2H_all_pixel_census/track_a
Output,Output/review_bundles/tier2H_all_pixel_census/track_a/tier2H_h32_census_f6_verdicts.csv,tier2H_h32_census_f6_verdicts.csv,.csv,2872,2026-07-17T01:23:24+00:00,40cb11c4be4fae3ad5ac5b85a8a84c16829748be9f64362a02abba348e04c9a1,review_bundles/tier2H_all_pixel_census/track_a
Output,Output/review_bundles/tier2H_all_pixel_census/track_a/tier2H_h32_f6_verdict_delta_vs_sample.csv,tier2H_h32_f6_verdict_delta_vs_sample.csv,.csv,955,2026-07-17T01:23:24+00:00,60268f8936794c9c8eeb944be0cfd8e2d18ea4d2968441a56b55895cc1ecf449,review_bundles/tier2H_all_pixel_census/track_a
Output,Output/review_bundles/tier2H_all_pixel_census/track_a/tier2H_h32_sample_power_1000draws.csv,tier2H_h32_sample_power_1000draws.csv,.csv,32193,2026-07-17T05:49:44+00:00,ad8456cca6c909c53535516d10e8bed325eb4c58aae0623d7514620dbd43512b,review_bundles/tier2H_all_pixel_census/track_a
Output,Output/review_bundles/tier2H_all_pixel_census/track_a/tier2H_h32_sample_power_summary.csv,tier2H_h32_sample_power_summary.csv,.csv,725,2026-07-17T05:49:44+00:00,40dc3b2c69bc54ba7651e8be015ce2e05e0a8439490c5d40421e83d3b7d593e1,review_bundles/tier2H_all_pixel_census/track_a
Output,Output/review_bundles/tier2H_all_pixel_census/track_a/tier2H_h33_per_year_cut.csv,tier2H_h33_per_year_cut.csv,.csv,3486,2026-07-17T01:23:24+00:00,0be7bf37b823129549e8c7cee8eb7a044f6b31cb30feffef46cbbb88167d5ece,review_bundles/tier2H_all_pixel_census/track_a
Output,Output/review_bundles/tier2H_all_pixel_census/track_b/tier2H_h2_balanced_subsample.csv,tier2H_h2_balanced_subsample.csv,.csv,196,2026-07-17T01:23:26+00:00,2fdb418f6651ef1e47dae5d88f827b0e6fee29737fe1c85a9c6e0eb94e96d09a,review_bundles/tier2H_all_pixel_census/track_b
Output,Output/review_bundles/tier2H_all_pixel_census/track_b/tier2H_h2_blob_probe.csv,tier2H_h2_blob_probe.csv,.csv,314,2026-07-17T01:23:26+00:00,3d24292bd160a4e2e8d3afdd4dc8116b9eb82fcd274fb2d42e887d8f474834ff,review_bundles/tier2H_all_pixel_census/track_b
Output,Output/review_bundles/tier2H_all_pixel_census/track_b/tier2H_h2_farm_masked_diagnostics.csv,tier2H_h2_farm_masked_diagnostics.csv,.csv,354,2026-07-17T01:23:26+00:00,4914b9d4d54fd123b2666901dffe26665c04a76cb0564b8a7962b745fa7a77f0,review_bundles/tier2H_all_pixel_census/track_b
Output,Output/review_bundles/tier2H_all_pixel_census/track_b/tier2H_h2_fc_water_year_pool.csv,tier2H_h2_fc_water_year_pool.csv,.csv,29927,2026-07-17T01:23:24+00:00,b7bf91dcb4eba6f7e353a38b34f4e72ad87e584b129dd708557005f504837c18,review_bundles/tier2H_all_pixel_census/track_b
Output,Output/review_bundles/tier2H_all_pixel_census/track_b/tier2H_h2_monotonicity_check.csv,tier2H_h2_monotonicity_check.csv,.csv,70,2026-07-17T01:23:26+00:00,82344e1169a5f7bcfa8d03d91599cfaaef4f6ad5b77939dcd307e0cf7617d613,review_bundles/tier2H_all_pixel_census/track_b
Output,Output/review_bundles/tier2H_all_pixel_census/track_b/tier2H_h2_nodata_by_scene.csv,tier2H_h2_nodata_by_scene.csv,.csv,5806,2026-07-17T01:23:26+00:00,edba4689ba63e45a40003b5fe95aeff0d0ebbab12c0ff4bb0f9074420bc19fe5,review_bundles/tier2H_all_pixel_census/track_b
Output,Output/review_bundles/tier2H_all_pixel_census/track_b/tier2H_h2_seasonal_bias_test.csv,tier2H_h2_seasonal_bias_test.csv,.csv,141,2026-07-17T01:23:26+00:00,32ef55238481dd39ceb19bc88e3fe14653093b695ce2503a2dd97b208b4b1858,review_bundles/tier2H_all_pixel_census/track_b
Output,Output/review_bundles/tier2H_all_pixel_census/track_b/tier2H_h2_valid_season_distribution.csv,tier2H_h2_valid_season_distribution.csv,.csv,318,2026-07-17T01:23:24+00:00,03350dfc804688091baebabd855241a615fedd0b8e28a32e64e809025af00bb4,review_bundles/tier2H_all_pixel_census/track_b
Output,Output/review_bundles/tier2H_all_pixel_census/verdict/tier2H_h2_gate_verdict.json,tier2H_h2_gate_verdict.json,.json,462,2026-07-17T01:23:24+00:00,30feae32308afdd774fca266d623c1534b7f245c634404a64131c004fe868b7b,review_bundles/tier2H_all_pixel_census/verdict
Output,Output/review_bundles/tier2H_all_pixel_census/verdict/tier2H_h2_qa.json,tier2H_h2_qa.json,.json,8482,2026-07-17T01:23:24+00:00,1ee99b901a6910f7ddc8841e98f6ee161f6d618b0808d3eb1242e9884bf0bedc,review_bundles/tier2H_all_pixel_census/verdict
Output,Output/review_bundles/tier2H_all_pixel_census/verdict/tier2H_h6_qa.json,tier2H_h6_qa.json,.json,1996,2026-07-17T01:23:24+00:00,8ec53c2a411622e6cb0c30c5b5d0202138dc9c6b413b88c2bad7646a492459bb,review_bundles/tier2H_all_pixel_census/verdict
Output,Output/review_bundles/tier2H_all_pixel_census/verdict/tier2H_trackA_qa.json,tier2H_trackA_qa.json,.json,1622,2026-07-17T01:23:24+00:00,917c3b53426b59b7f941de5d700f8a41b8e6343105ca23fa404f5e3197e1c62a,review_bundles/tier2H_all_pixel_census/verdict
Output,Output/review_bundles/tier2m_deck_evidence/figures/J-F3_the_law.png,J-F3_the_law.png,.png,201740,2026-07-24T12:21:52.225201+00:00,ca7d284c0b4862584a3c58d37d8bb229395df8e3bf736877a3a95aa8188c06ce,review_bundles/tier2m_deck_evidence/figures
Output,Output/review_bundles/tier2m_deck_evidence/figures/J-F4_annual_series.png,J-F4_annual_series.png,.png,197835,2026-07-24T12:21:52.242843+00:00,49f3f03eb5ce43326a0af9a51aebe702c587b6c805fc04e9141b08abcdfaf035,review_bundles/tier2m_deck_evidence/figures
Output,Output/review_bundles/tier2m_deck_evidence/figures/M1_veg_percentile_maps_p05_p50.png,M1_veg_percentile_maps_p05_p50.png,.png,1120417,2026-07-24T12:21:52.195002+00:00,9ecd73cca81d0135464c4a6ecb5b55c40125580577a7325324ccdcf632a81ab2,review_bundles/tier2m_deck_evidence/figures
Output,Output/review_bundles/tier2m_deck_evidence/figures/M2_all_pixel_method.png,M2_all_pixel_method.png,.png,235250,2026-07-24T12:21:52.206171+00:00,47dc695cef0887dccaac39b559fe87d527db2ad6e33af607a6df5a77ddd076a5,review_bundles/tier2m_deck_evidence/figures
Output,Output/review_bundles/tier2m_deck_evidence/reports/taskM_gateA_report.md,taskM_gateA_report.md,.md,28923,2026-07-24T12:21:52.343060+00:00,56570a7a0e780c71c544058abf35465d304c28844b82ffe277ca989260d2c50b,review_bundles/tier2m_deck_evidence/reports
Output,Output/review_bundles/tier2m_deck_evidence/reports/taskM_gateC_report.md,taskM_gateC_report.md,.md,20889,2026-07-24T12:21:52.372769+00:00,e4041f003a06551306622455552bb94b56e885264de450a03ac7db3f0d575db5,review_bundles/tier2m_deck_evidence/reports
Output,Output/review_bundles/tier2m_deck_evidence/reports/taskM_gateD_report.md,taskM_gateD_report.md,.md,14310,2026-07-24T12:24:07.224496+00:00,2f2c4e1c74c54522bf0bd2530d0e1a570b601829817981820738f5529fc1fa2e,review_bundles/tier2m_deck_evidence/reports
Output,Output/review_bundles/tier2m_deck_evidence/tables/taskM_gateD_p05_ge80_contiguity.csv,taskM_gateD_p05_ge80_contiguity.csv,.csv,7909,2026-07-24T12:21:52.288107+00:00,894cdacfadbeb966b8d3e5badc4c828bc178e67cda89aabea6dff0ab806049bc,review_bundles/tier2m_deck_evidence/tables
Output,Output/review_bundles/tier2m_deck_evidence/tables/taskM_gateD_veg_p05_distribution.csv,taskM_gateD_veg_p05_distribution.csv,.csv,8499,2026-07-24T12:21:52.276692+00:00,ef690e82ddf3abf1c80a92ab2e54674b5156d75d31ac8f7dffa5b6adae686bd6,review_bundles/tier2m_deck_evidence/tables
Output,Output/review_bundles/tier2m_deck_evidence/tables/taskM_green_at_floor_area.csv,taskM_green_at_floor_area.csv,.csv,4210,2026-07-24T12:21:52.306061+00:00,2e5a8b7f3c2f2a7f7000d1e56c6cfaa631560370de4b9f36842645eac905168a,review_bundles/tier2m_deck_evidence/tables
Output,Output/review_bundles/tier2_T12_dea_landcover/MANIFEST.md,MANIFEST.md,.md,11946,2026-07-28T05:13:51.843995+00:00,6038293c8e9594a7e2e3a149a30b634af1a292160935d95408bdd0f33a85b426,review_bundles/tier2_T12_dea_landcover
Output,Output/review_bundles/tier2_T12_dea_landcover/code/scripts/11_database/build_T12_gateD_assessment.py,build_T12_gateD_assessment.py,.py,9973,2026-07-28T04:41:27.941088+00:00,81fe431322e201f5820768c176fd6d7e50a8309bd8ea73ea7049dac4cca95228,review_bundles/tier2_T12_dea_landcover/code/scripts/11_database
Output,Output/review_bundles/tier2_T12_dea_landcover/code/scripts/11_database/register_T12_gateA0_vectors.py,register_T12_gateA0_vectors.py,.py,10714,2026-07-28T03:10:31.199689+00:00,2d2c295d82b803b6aa00273ee264833ae0a2c75cfad9901ae05a40085de29b59,review_bundles/tier2_T12_dea_landcover/code/scripts/11_database
Output,Output/review_bundles/tier2_T12_dea_landcover/code/scripts/11_database/register_T12_gateA_rasters.py,register_T12_gateA_rasters.py,.py,11870,2026-07-28T03:10:31.199689+00:00,ea29999340cb9e1b8e46bd45453b877b9edcfb15c7820bf9335091e737246ea5,review_bundles/tier2_T12_dea_landcover/code/scripts/11_database
Output,Output/review_bundles/tier2_T12_dea_landcover/code/scripts/13_dea_landcover/register_T12_close_figures.py,register_T12_close_figures.py,.py,3953,2026-07-28T04:52:49.812223+00:00,5819b294bf3b8776d5e7b7d00967cc9005532b4bc626b0571ce8cf1f9d611263,review_bundles/tier2_T12_dea_landcover/code/scripts/13_dea_landcover
Output,Output/review_bundles/tier2_T12_dea_landcover/code/scripts/13_dea_landcover/register_T12_gateC_figures.py,register_T12_gateC_figures.py,.py,5231,2026-07-28T04:28:08.315233+00:00,5a37843edef717abb50afa01e367ddc6d451c12daa585fb9198db9e9f3e9f921,review_bundles/tier2_T12_dea_landcover/code/scripts/13_dea_landcover
Output,Output/review_bundles/tier2_T12_dea_landcover/code/scripts/13_dea_landcover/T12_close_figures.R,T12_close_figures.R,.r,4472,2026-07-28T04:51:00.729590+00:00,b09a7674d8fdade45ce82696fc196c6f22fb799c0066895830bbe97c5d46f1e2,review_bundles/tier2_T12_dea_landcover/code/scripts/13_dea_landcover
Output,Output/review_bundles/tier2_T12_dea_landcover/code/scripts/13_dea_landcover/T12_gate0_supply_integrity_check.R,T12_gate0_supply_integrity_check.R,.r,2398,2026-07-28T03:10:31.199689+00:00,a33550cf8a3b2c6932221b282c0dd0a6aeda22b1bcce9f4e31d796c1d75bc244,review_bundles/tier2_T12_dea_landcover/code/scripts/13_dea_landcover
Output,Output/review_bundles/tier2_T12_dea_landcover/code/scripts/13_dea_landcover/T12_gateA0_verify_vectors.R,T12_gateA0_verify_vectors.R,.r,2036,2026-07-28T03:10:31.199689+00:00,d0e68a0e25a98b1549cf3af1b50501f95b9f18213d82f1e5208dd85f1bd9e2fb,review_bundles/tier2_T12_dea_landcover/code/scripts/13_dea_landcover
Output,Output/review_bundles/tier2_T12_dea_landcover/code/scripts/13_dea_landcover/T12_gateB_extract.R,T12_gateB_extract.R,.r,11342,2026-07-28T03:10:31.199689+00:00,bb737829c2017d24d09c46fc3ce40e2b7725f5ce7946ef175c0c48fae3c60654,review_bundles/tier2_T12_dea_landcover/code/scripts/13_dea_landcover
Output,Output/review_bundles/tier2_T12_dea_landcover/code/scripts/13_dea_landcover/T12_gateC_diagnostics.R,T12_gateC_diagnostics.R,.r,14453,2026-07-28T04:25:00.940408+00:00,03543c157ead14af4bf8aa0f7c99d7bcae4538716bff7ace5196eac52d10eec2,review_bundles/tier2_T12_dea_landcover/code/scripts/13_dea_landcover
Output,Output/review_bundles/tier2_T12_dea_landcover/code/scripts/13_dea_landcover/T12_supply_repull_1988_1999.py,T12_supply_repull_1988_1999.py,.py,3031,2026-07-28T03:10:31.199689+00:00,3400f5e5400b4320e8dc7f65a6f5a143c69f09e877c5caa6177c33bad5c37526,review_bundles/tier2_T12_dea_landcover/code/scripts/13_dea_landcover
Output,Output/review_bundles/tier2_T12_dea_landcover/code/scripts/13_dea_landcover/T12_v4_correct_source_product_caveat.py,T12_v4_correct_source_product_caveat.py,.py,2675,2026-07-28T03:12:39.713977+00:00,37b6a163caa298b3571982fb804678f33295a60e771982a0a2ab28673badc75a,review_bundles/tier2_T12_dea_landcover/code/scripts/13_dea_landcover
Output,Output/review_bundles/tier2_T12_dea_landcover/outputs/requirements.txt,requirements.txt,.txt,764,2026-07-28T03:10:31.215434+00:00,5bc1116bb5004b9f70beeba15f4b9f429ed22b4af3a95b1de66b920679dc9ebf,review_bundles/tier2_T12_dea_landcover/outputs
Output,Output/review_bundles/tier2_T12_dea_landcover/outputs/T12_DEA_class_snapshots.png,T12_DEA_class_snapshots.png,.png,122177,2026-07-28T04:51:58.111072+00:00,249f7bbb765dc4620e78623b822e57585dff7dc2ad3bad04f74c9ddbb8df0990,review_bundles/tier2_T12_dea_landcover/outputs
Output,Output/review_bundles/tier2_T12_dea_landcover/outputs/T12_DEA_farm_ctv_vs_flood_veg.csv,T12_DEA_farm_ctv_vs_flood_veg.csv,.csv,2099,2026-07-28T04:25:53.430270+00:00,f9a2b8c731f98095fad915225d7c313d686f1b26fc5b1d16c2b13f0d3f980f69,review_bundles/tier2_T12_dea_landcover/outputs
Output,Output/review_bundles/tier2_T12_dea_landcover/outputs/T12_DEA_farm_ctv_vs_flood_veg_1988_2025.png,T12_DEA_farm_ctv_vs_flood_veg_1988_2025.png,.png,98905,2026-07-28T04:25:53.576368+00:00,9603f00bf88a11b41f2af4b7a84d9f30766446a80cd1ede68b42024a6ca85b5d,review_bundles/tier2_T12_dea_landcover/outputs
Output,Output/review_bundles/tier2_T12_dea_landcover/outputs/T12_DEA_persistence_fraction_full_1988_2025.png,T12_DEA_persistence_fraction_full_1988_2025.png,.png,29761,2026-07-28T04:25:53.167737+00:00,96d40b4baea123281de7de648cc7227ae57fc0bae0ddbc399ed9f925a2b566ce,review_bundles/tier2_T12_dea_landcover/outputs
Output,Output/review_bundles/tier2_T12_dea_landcover/outputs/T12_DEA_persistence_fraction_pilot_8yr.png,T12_DEA_persistence_fraction_pilot_8yr.png,.png,27934,2026-07-28T04:25:53.416057+00:00,27745f43fdd23dce23c4e1277ea90de6f63032127d82d6b5aa0f7201061e5bdd,review_bundles/tier2_T12_dea_landcover/outputs
Output,Output/review_bundles/tier2_T12_dea_landcover/outputs/T12_DEA_persistence_map.png,T12_DEA_persistence_map.png,.png,926134,2026-07-28T04:51:56.987820+00:00,10a2168a84fcbf23641c6fd7e05a9f37d037da379985249a063365dccbd12eb2,review_bundles/tier2_T12_dea_landcover/outputs
Output,Output/review_bundles/tier2_T12_dea_landcover/outputs/T12_DEA_persistence_summary.csv,T12_DEA_persistence_summary.csv,.csv,410,2026-07-28T04:25:52.841654+00:00,5e703c51922c293db1f1fa254190e7e41daa2560a2df940b768c53367f1749a7,review_bundles/tier2_T12_dea_landcover/outputs
Output,Output/review_bundles/tier2_T12_dea_landcover/outputs/T12_DEA_positive_control.png,T12_DEA_positive_control.png,.png,40829,2026-07-28T04:25:55.025548+00:00,46a000ed95fa187b39d6168a3334d73949c1943bdb9f4c47fd609fdafb4c69d1,review_bundles/tier2_T12_dea_landcover/outputs
Output,Output/review_bundles/tier2_T12_dea_landcover/outputs/T12_DEA_positive_control_by_year.csv,T12_DEA_positive_control_by_year.csv,.csv,795,2026-07-28T04:26:01.343318+00:00,7173aab83e2808c7889bf3f68e3e370e504bf57398cda31e5537bf6335352846,review_bundles/tier2_T12_dea_landcover/outputs
Output,Output/review_bundles/tier2_T12_dea_landcover/outputs/T12_DEA_reference_paddocks.csv,T12_DEA_reference_paddocks.csv,.csv,2869,2026-07-28T04:25:53.648641+00:00,9ab9c1eb3fa0ca3b02258b3f77499e71eab15d58fb90a8b26b0a392dd4914c62,review_bundles/tier2_T12_dea_landcover/outputs
Output,Output/review_bundles/tier2_T12_dea_landcover/outputs/T12_DEA_sensor_era_gap.csv,T12_DEA_sensor_era_gap.csv,.csv,374,2026-07-28T04:51:52.655630+00:00,20f2e8bfc67a96a749c373ddd64da5f2e00484ae962174c056c381a5c086d9ac,review_bundles/tier2_T12_dea_landcover/outputs
Output,Output/review_bundles/tier2_T12_dea_landcover/outputs/T12_DEA_sensor_era_gap.png,T12_DEA_sensor_era_gap.png,.png,36229,2026-07-28T04:51:52.928098+00:00,8813d331824707e8df01e3efb0930c172409a2b4c176d38ec79d4da810c797f3,review_bundles/tier2_T12_dea_landcover/outputs
Output,Output/review_bundles/tier2_T12_dea_landcover/outputs/T12_DEA_suspect_year_sensitivity.csv,T12_DEA_suspect_year_sensitivity.csv,.csv,173,2026-07-28T04:25:53.648641+00:00,d9c2bdd26fea96c8455b7152508c296e3518c0b24956553bb7307cadaf547a0f,review_bundles/tier2_T12_dea_landcover/outputs
Output,Output/review_bundles/tier2_T12_dea_landcover/outputs/T12_DEA_zone_correlations.csv,T12_DEA_zone_correlations.csv,.csv,6184,2026-07-28T04:25:53.642030+00:00,7f96472605881c27de3bbc3b0a302c4800bec15e833d44bff94f32173f03c815,review_bundles/tier2_T12_dea_landcover/outputs
Output,Output/review_bundles/tier2_T12_dea_landcover/outputs/T12_DEA_zone_floor_table.csv,T12_DEA_zone_floor_table.csv,.csv,2032,2026-07-28T04:25:53.642030+00:00,812e12e67d6a325725e848086ade317f03c5339234d34660520eec41c2315e88,review_bundles/tier2_T12_dea_landcover/outputs
Output,Output/review_bundles/tier2_T12_dea_landcover/outputs/T7_pilot_dea_zone_year_2013_2025.csv,T7_pilot_dea_zone_year_2013_2025.csv,.csv,40623,2026-07-28T01:16:47.287342+00:00,aa0c4d38b1bb28672010a3794a95ceca2669c9192476a1b3e744afe92a63aa12,review_bundles/tier2_T12_dea_landcover/outputs
Output,Output/review_bundles/tier2_T12_dea_landcover/reports/Gayini_limitations_register_additions_T12.md,Gayini_limitations_register_additions_T12.md,.md,4806,2026-07-28T04:58:48.088188+00:00,5c0b884131939b25804dab30b15d668461f07b97626ba855b178c88adc78bccc,review_bundles/tier2_T12_dea_landcover/reports
Output,Output/review_bundles/tier2_T12_dea_landcover/reports/T12_closeout.md,T12_closeout.md,.md,5329,2026-07-28T05:01:13.782245+00:00,4701bb42e840396d53ae406fee9247fec4422f3317ed7a8e5b28dbd0aa7e80ae,review_bundles/tier2_T12_dea_landcover/reports
Output,Output/review_bundles/tier2_T12_dea_landcover/reports/T12_dea_landcover_l3_extraction.md,T12_dea_landcover_l3_extraction.md,.md,34818,2026-07-28T03:00:53.387884+00:00,a9b5fce0b4f6bf3256f3f76813ac382a65ed32c175fb7899676b233471176a27,review_bundles/tier2_T12_dea_landcover/reports
Output,Output/review_bundles/tier2_T12_dea_landcover/reports/T12_gate0_recon.md,T12_gate0_recon.md,.md,13109,2026-07-28T03:10:31.199689+00:00,d63c79283a266b272b839f38bf259099f741399fc79348f91c8dd86fec6403e1,review_bundles/tier2_T12_dea_landcover/reports
Output,Output/review_bundles/tier2_T12_dea_landcover/reports/T12_gateA.md,T12_gateA.md,.md,6627,2026-07-28T03:10:31.199689+00:00,afb081b03bb4465175f24d1bdbf14eb6b14f4e7c9cc65ca635ec47d2152697f5,review_bundles/tier2_T12_dea_landcover/reports
Output,Output/review_bundles/tier2_T12_dea_landcover/reports/T12_gateB.md,T12_gateB.md,.md,6103,2026-07-28T03:10:31.199689+00:00,bc20e3aa36f4312a21ebec56fc91f3a5347ed31e3259f75f56d3177149819296,review_bundles/tier2_T12_dea_landcover/reports
Output,Output/review_bundles/tier2_T12_dea_landcover/reports/T12_gateC.md,T12_gateC.md,.md,7254,2026-07-28T04:29:48.857468+00:00,ee40bc4a99858913ee922cdf7c275932f82bc8806cda0e21f0b1759d6e6b4800,review_bundles/tier2_T12_dea_landcover/reports
Output,Output/review_bundles/tier2_T12_dea_landcover/reports/T12_gateD.md,T12_gateD.md,.md,7871,2026-07-28T04:44:33.251216+00:00,4be80311ad41927d75332e55489e73a63c041cc5d55a77121be585f031416bb4,review_bundles/tier2_T12_dea_landcover/reports
Output,Output/review_bundles/tier2_T12_dea_landcover/reports/T12_supply_and_gateA0.md,T12_supply_and_gateA0.md,.md,7173,2026-07-28T03:10:31.199689+00:00,05460831c2e456f244233782eea426f601e813e8e2ec8d2434b72fc5e050ba8a,review_bundles/tier2_T12_dea_landcover/reports
Output,Output/review_bundles/tier2_T12_dea_landcover/reports/T12_v4_caveat_correction.md,T12_v4_caveat_correction.md,.md,2266,2026-07-28T03:15:25.278558+00:00,ffa679cb57e46efbce3cc535daef4de7fd4cee65873f2f32b5beee8f3b9729e5,review_bundles/tier2_T12_dea_landcover/reports
Output,Output/review_bundles/tier2_T12_dea_landcover/tables/dim_dea_landcover_class.csv,dim_dea_landcover_class.csv,.csv,3405,2026-07-28T05:13:51.837707+00:00,522ab047e787ec14ea1c67437493e032d94d2f2d796c88c01819206b858054a0,review_bundles/tier2_T12_dea_landcover/tables
Output,Output/review_bundles/tier2_T12_dea_landcover/tables/dim_source_product_dea.csv,dim_source_product_dea.csv,.csv,893,2026-07-28T05:13:51.837707+00:00,ed6b14f23ff1556e7f9078874667185235cc5f8894fc30778bedfbdd869d37c1,review_bundles/tier2_T12_dea_landcover/tables
Output,Output/review_bundles/tier2_T12_dea_landcover/tables/fact_dea_cultivation_assessment.csv,fact_dea_cultivation_assessment.csv,.csv,65420,2026-07-28T05:13:51.837707+00:00,dc2237358d4fafcf887f1724efaf9c99a154dceed5b18f5838abe8b946de2fb0,review_bundles/tier2_T12_dea_landcover/tables
Output,Output/review_bundles/tier2_T12_dea_landcover/tables/fact_dea_landcover_community_year.csv,fact_dea_landcover_community_year.csv,.csv,46423,2026-07-28T05:13:51.827344+00:00,b468a09d3af5b447917087f4f1395eb5ac3815b74c7e55384d58d6516870fcbb,review_bundles/tier2_T12_dea_landcover/tables
Output,Output/review_bundles/tier2_T12_dea_landcover/tables/fact_dea_landcover_farm_year.csv,fact_dea_landcover_farm_year.csv,.csv,8464,2026-07-28T05:13:51.827344+00:00,64c69a945de78b2cca4e33ee6ad652b236fb4f8d73eb290700be124a8b733727,review_bundles/tier2_T12_dea_landcover/tables
Output,Output/review_bundles/tier2_T12_dea_landcover/tables/fact_dea_landcover_plot_year.csv,fact_dea_landcover_plot_year.csv,.csv,426035,2026-07-28T05:13:51.827344+00:00,c4e03ed5be8493c7ac80221e2d13b54d64a959bc4ea8dbf67a3b5e5dfd589165,review_bundles/tier2_T12_dea_landcover/tables
Output,Output/review_bundles/tier2_T12_dea_landcover/tables/fact_dea_landcover_zone_year.csv,fact_dea_landcover_zone_year.csv,.csv,496256,2026-07-28T05:13:51.810919+00:00,40127b7cb25678fa2bb279d0c133364df78e492f8a11e1ea199b85f3ecc47fd3,review_bundles/tier2_T12_dea_landcover/tables
Output,Output/review_bundles/tier2_T12_dea_landcover/tables/raster_asset_dea.csv,raster_asset_dea.csv,.csv,21185,2026-07-28T05:13:51.837707+00:00,86f6965aeae2ccb9a548b76d09d8363d2dd2612df490cfb984d5324e78f665eb,review_bundles/tier2_T12_dea_landcover/tables
Output,Output/review_bundles/tier2_T2_zone_annual_veg/MANIFEST.md,MANIFEST.md,.md,10537,2026-07-27T07:31:03.101251+00:00,8355892f644b15b0deb74ee9832da7c1d8187e495af0ed2d7a24b5d435686bcc,review_bundles/tier2_T2_zone_annual_veg
Output,Output/review_bundles/tier2_T2_zone_annual_veg/code/scripts/11_database/T2_gateC_load.py,T2_gateC_load.py,.py,6349,2026-07-27T04:16:50.413275+00:00,c19d50094507d4598c4b476f3bf416d8f4a33b2fee6e979b3ed0bbf25338256a,review_bundles/tier2_T2_zone_annual_veg/code/scripts/11_database
Output,Output/review_bundles/tier2_T2_zone_annual_veg/code/scripts/11_database/T2_gateF_gap_decomposition.py,T2_gateF_gap_decomposition.py,.py,7858,2026-07-27T04:26:57.949602+00:00,2b6a8ed8db778ebc47d40113f1b117dda6244b18688dd3a3e84a026bcad0be0c,review_bundles/tier2_T2_zone_annual_veg/code/scripts/11_database
Output,Output/review_bundles/tier2_T2_zone_annual_veg/code/scripts/12_zone_stratum/T2_gateA_figure.R,T2_gateA_figure.R,.r,3906,2026-07-27T00:54:04.917212+00:00,9cc73a6a19114e9de9d1a4b60d431ec30e6555ef7dac38c3205639d1e735a08f,review_bundles/tier2_T2_zone_annual_veg/code/scripts/12_zone_stratum
Output,Output/review_bundles/tier2_T2_zone_annual_veg/code/scripts/12_zone_stratum/T2_gateB2_duration.R,T2_gateB2_duration.R,.r,4553,2026-07-27T02:51:08.416363+00:00,460b8ffa95c88756c59c8763191a093e9059dfe119141bd913fce48cc1cef8a4,review_bundles/tier2_T2_zone_annual_veg/code/scripts/12_zone_stratum
Output,Output/review_bundles/tier2_T2_zone_annual_veg/code/scripts/12_zone_stratum/T2_gateB_extract.R,T2_gateB_extract.R,.r,7876,2026-07-27T02:49:18.614969+00:00,5b056b97663bd1b27cec96ad4272f205cb1610ed3e974d2c668081cd619d9104,review_bundles/tier2_T2_zone_annual_veg/code/scripts/12_zone_stratum
Output,Output/review_bundles/tier2_T2_zone_annual_veg/code/scripts/12_zone_stratum/T2_gateB_prep.py,T2_gateB_prep.py,.py,2210,2026-07-27T02:49:04.948064+00:00,c74d5548efc7c6766d2fe09d2a72a446bcdc1f9380ca8bd7fe57d690b2565e3e,review_bundles/tier2_T2_zone_annual_veg/code/scripts/12_zone_stratum
Output,Output/review_bundles/tier2_T2_zone_annual_veg/code/scripts/12_zone_stratum/T2_gateE_figures.R,T2_gateE_figures.R,.r,8227,2026-07-27T06:37:23.849583+00:00,893dc52fdbae372d9516147be5a6d9f774275c5d90f36fede03c42e6ee2e7431,review_bundles/tier2_T2_zone_annual_veg/code/scripts/12_zone_stratum
Output,Output/review_bundles/tier2_T2_zone_annual_veg/code/scripts/12_zone_stratum/T2_gateF_figure.R,T2_gateF_figure.R,.r,4680,2026-07-27T06:37:58.169445+00:00,4e1c4d6466128b9c52648929af21a312e1384a86e4d049776676ada208241c72,review_bundles/tier2_T2_zone_annual_veg/code/scripts/12_zone_stratum
Output,Output/review_bundles/tier2_T2_zone_annual_veg/code/scripts/12_zone_stratum/T2_gateG_figure.R,T2_gateG_figure.R,.r,5365,2026-07-27T06:45:16.605762+00:00,dc6bede1dc7ba5bac5b3f80f65a31a72fed82fabdc40af85d7533fd11572ad21,review_bundles/tier2_T2_zone_annual_veg/code/scripts/12_zone_stratum
Output,Output/review_bundles/tier2_T2_zone_annual_veg/code/scripts/12_zone_stratum/T2_plot_paddock_join.R,T2_plot_paddock_join.R,.r,4395,2026-07-27T05:21:10.364948+00:00,bb3b205247ab4315daaca8d45c730dc9737408f47f57d2182d4045c5ca6db454,review_bundles/tier2_T2_zone_annual_veg/code/scripts/12_zone_stratum
Output,Output/review_bundles/tier2_T2_zone_annual_veg/outputs/T2_A_stack_alignment.png,T2_A_stack_alignment.png,.png,88650,2026-07-27T00:54:25.461788+00:00,5bc190f2bdeb7373957ba22193980d1649cbd1e772b9069bed3c81adc5189a2f,review_bundles/tier2_T2_zone_annual_veg/outputs
Output,Output/review_bundles/tier2_T2_zone_annual_veg/outputs/T2_B2_duration_map.png,T2_B2_duration_map.png,.png,158127,2026-07-27T06:43:11.184508+00:00,8362c9d69c4da5ffee90e8c30f2b70b39d0cef5ee3fe453da63189ae0f44b995,review_bundles/tier2_T2_zone_annual_veg/outputs
Output,Output/review_bundles/tier2_T2_zone_annual_veg/outputs/T2_community_year_flood.csv,T2_community_year_flood.csv,.csv,7298,2026-07-27T02:52:41.455115+00:00,15a877e4c606e2a5c2bfc30f66b4e05233e68ddeeec5b75448fc087142579b6f,review_bundles/tier2_T2_zone_annual_veg/outputs
Output,Output/review_bundles/tier2_T2_zone_annual_veg/outputs/T2_dropped_zone_years.csv,T2_dropped_zone_years.csv,.csv,24797,2026-07-27T02:52:41.471933+00:00,17c743568654b3464786793c8d568cf0c043b4a38d55a576011f34d724adc55b,review_bundles/tier2_T2_zone_annual_veg/outputs
Output,Output/review_bundles/tier2_T2_zone_annual_veg/outputs/T2_E_gap_report.csv,T2_E_gap_report.csv,.csv,251,2026-07-27T06:43:10.483557+00:00,638ce5256c9d525354c105a4927f70691d9525055636d6cc24260bf731c6fafb,review_bundles/tier2_T2_zone_annual_veg/outputs
Output,Output/review_bundles/tier2_T2_zone_annual_veg/outputs/T2_E_paddock_trajectories.png,T2_E_paddock_trajectories.png,.png,341114,2026-07-27T06:43:10.020470+00:00,df595f9191fc9ea360a1f9a354b2e4433ef822f6d20bdd501c5e654b0d92bc68,review_bundles/tier2_T2_zone_annual_veg/outputs
Output,Output/review_bundles/tier2_T2_zone_annual_veg/outputs/T2_E_paddock_trajectories_mean.png,T2_E_paddock_trajectories_mean.png,.png,302145,2026-07-27T06:43:10.437419+00:00,4ea11f33241353487fdb2747f2b1ab75fe0ae3dc7acffd20379c05d6f4a0c6e7,review_bundles/tier2_T2_zone_annual_veg/outputs
Output,Output/review_bundles/tier2_T2_zone_annual_veg/outputs/T2_fact_zone_community_veg_annual.csv,T2_fact_zone_community_veg_annual.csv,.csv,790388,2026-07-27T02:52:41.455115+00:00,d0c9a4ea08df803ef7897b498a176c03ce945a4a6966312e72e0d4b41471ba8c,review_bundles/tier2_T2_zone_annual_veg/outputs
Output,Output/review_bundles/tier2_T2_zone_annual_veg/outputs/T2_fact_zone_veg_annual.csv,T2_fact_zone_veg_annual.csv,.csv,988068,2026-07-27T02:52:41.340755+00:00,888d6db71ea770d74d02bb5d144cb5c4efa775e35a8778a94242b6d38203719b,review_bundles/tier2_T2_zone_annual_veg/outputs
Output,Output/review_bundles/tier2_T2_zone_annual_veg/outputs/T2_F_gap_decomposition.png,T2_F_gap_decomposition.png,.png,83031,2026-07-27T06:43:12.486916+00:00,3db25902e2fd690be4f17e4f81a813e6eb156949549a1e48ff04e845dcbf1717,review_bundles/tier2_T2_zone_annual_veg/outputs
Output,Output/review_bundles/tier2_T2_zone_annual_veg/outputs/T2_G_plot_paddock_coverage.png,T2_G_plot_paddock_coverage.png,.png,243721,2026-07-27T06:45:27.821867+00:00,b9fa880d4b97d0590067538285ca36a7bdf73af4b0e59194163c9194682dc781,review_bundles/tier2_T2_zone_annual_veg/outputs
Output,Output/review_bundles/tier2_T2_zone_annual_veg/outputs/T2_zone_denominator.csv,T2_zone_denominator.csv,.csv,561,2026-07-27T02:51:33.541944+00:00,88f7e3827fe32ab1543971aabea297ea2e4c09b7f407d37de8eb6d280632dd3e,review_bundles/tier2_T2_zone_annual_veg/outputs
Output,Output/review_bundles/tier2_T2_zone_annual_veg/reports/T2_zone_annual_veg.md,T2_zone_annual_veg.md,.md,11826,2026-07-27T07:13:46.269101+00:00,397bd109403c2934527569ca67c0ba1ced5872b07e5ed2ad41484ada1db6d05a,review_bundles/tier2_T2_zone_annual_veg/reports
Output,Output/review_bundles/tier2_T6_third_grazing_arm/MANIFEST.md,MANIFEST.md,.md,5933,2026-07-27T09:57:42.664754+00:00,0cfced5a699fcd5efb03c2ce344a65d9d6913dd2fdb8b70bc6a624b2c22c511f,review_bundles/tier2_T6_third_grazing_arm
Output,Output/review_bundles/tier2_T6_third_grazing_arm/code/scripts/11_database/T6_gateC_load.py,T6_gateC_load.py,.py,4582,2026-07-27T08:51:25.873951+00:00,13ac29fd028f3c371ae0abe10c645fdb8b75366de09dcdbd66ab0633d821a938,review_bundles/tier2_T6_third_grazing_arm/code/scripts/11_database
Output,Output/review_bundles/tier2_T6_third_grazing_arm/code/scripts/11_database/T6_gateD_decomposition.py,T6_gateD_decomposition.py,.py,5172,2026-07-27T09:33:16.693196+00:00,0bf8b3696673ffb6b1dfe86856d96e5f1314335787e802d7c19e73b9eec35b71,review_bundles/tier2_T6_third_grazing_arm/code/scripts/11_database
Output,Output/review_bundles/tier2_T6_third_grazing_arm/code/scripts/12_zone_stratum/T6_gateB_components.R,T6_gateB_components.R,.r,5767,2026-07-27T08:32:38.458522+00:00,7b004a15d889b3cc55d28d6468e6e69e2ab81701eaa0f4918914caecebf15777,review_bundles/tier2_T6_third_grazing_arm/code/scripts/12_zone_stratum
Output,Output/review_bundles/tier2_T6_third_grazing_arm/code/scripts/12_zone_stratum/T6_gateB_extract.R,T6_gateB_extract.R,.r,7634,2026-07-27T09:43:44.668745+00:00,dab666d9e42828d58d435041871f8385ae0c51b67d04b1ac133585298310978f,review_bundles/tier2_T6_third_grazing_arm/code/scripts/12_zone_stratum
Output,Output/review_bundles/tier2_T6_third_grazing_arm/code/scripts/12_zone_stratum/T6_gateB_prep.py,T6_gateB_prep.py,.py,2803,2026-07-27T09:51:31.141418+00:00,e0088c05f81eaffbdfd368bd12b74401c454be54cef770d19cda4b430fef77da,review_bundles/tier2_T6_third_grazing_arm/code/scripts/12_zone_stratum
Output,Output/review_bundles/tier2_T6_third_grazing_arm/code/scripts/12_zone_stratum/T6_gateE_figures.R,T6_gateE_figures.R,.r,9190,2026-07-27T09:50:19.619557+00:00,414a07969b354d8624b5ae6f2a99a17e23a059d74fbe8b1e6e94fc3a19763f6d,review_bundles/tier2_T6_third_grazing_arm/code/scripts/12_zone_stratum
Output,Output/review_bundles/tier2_T6_third_grazing_arm/outputs/T6_A_three_arm_deck.png,T6_A_three_arm_deck.png,.png,275233,2026-07-27T09:50:29.111015+00:00,9d128118f371a10260f507cd317931e5ab23fc56257d642841c590c780693309,review_bundles/tier2_T6_third_grazing_arm/outputs
Output,Output/review_bundles/tier2_T6_third_grazing_arm/outputs/T6_A_three_arm_grid.png,T6_A_three_arm_grid.png,.png,440145,2026-07-27T09:50:28.381769+00:00,c449ab448367f73edb4b146af45887198417adb60a8ab7bd7ae1d9f614e8e056,review_bundles/tier2_T6_third_grazing_arm/outputs
Output,Output/review_bundles/tier2_T6_third_grazing_arm/outputs/T6_B_three_arm_mean.png,T6_B_three_arm_mean.png,.png,370508,2026-07-27T09:50:28.837740+00:00,ba39835e79e3c16da1c5ca0457a2c20529b669a79931f9c299316b173ab6b8db,review_bundles/tier2_T6_third_grazing_arm/outputs
Output,Output/review_bundles/tier2_T6_third_grazing_arm/outputs/T6_components.csv,T6_components.csv,.csv,16527,2026-07-27T08:39:19.075744+00:00,a694e3a129e34e188b8151b2e1c61fb7e7b51f39dd98d1114c4be2c5cf431f5e,review_bundles/tier2_T6_third_grazing_arm/outputs
Output,Output/review_bundles/tier2_T6_third_grazing_arm/outputs/T6_fact_three_arm_stratum.csv,T6_fact_three_arm_stratum.csv,.csv,718090,2026-07-27T09:45:01.253946+00:00,87955394d25c6943a264f6cff79227fbc91b77e896f1b6425dce0e9f1e176446,review_bundles/tier2_T6_third_grazing_arm/outputs
Output,Output/review_bundles/tier2_T6_third_grazing_arm/outputs/T6_fact_unzoned_component.csv,T6_fact_unzoned_component.csv,.csv,1948999,2026-07-27T09:45:01.421212+00:00,3086b67a56e88ba4d72001b512e47b474d193d4d4caf74ca38c50c82620e7d7e,review_bundles/tier2_T6_third_grazing_arm/outputs
Output,Output/review_bundles/tier2_T6_third_grazing_arm/outputs/unzoned_components_8058.tif,unzoned_components_8058.tif,.tif,1178300,2026-07-27T08:39:18.938384+00:00,029334907cc21e04946c6bcf57fd49dee803e10c4b996e1e3aaead97cdfddd27,review_bundles/tier2_T6_third_grazing_arm/outputs
Output,Output/review_bundles/tier2_T6_third_grazing_arm/reports/Gayini_limitations_register_additions_T6.md,Gayini_limitations_register_additions_T6.md,.md,3804,2026-07-27T09:55:45.189924+00:00,86f79ec72e8ee3bcd1e978a3ab2ac1a0862f628e72eeb034c4ab8c51d4809258,review_bundles/tier2_T6_third_grazing_arm/reports
Output,Output/review_bundles/tier2_T6_third_grazing_arm/reports/T6_third_grazing_arm.md,T6_third_grazing_arm.md,.md,5834,2026-07-27T09:56:55.989527+00:00,7d67f442086b0c67f364aac7cfd8a2a194189ce3c05a2d33da2088a919bbb25b,review_bundles/tier2_T6_third_grazing_arm/reports
Output,Output/scratch_parity/D2_site_GA_001_slide_data.pdf,D2_site_GA_001_slide_data.pdf,.pdf,127614,2026-07-20T08:07:02.599392+00:00,eaf05f2f37dd7ccb477272b394759ce0e4049221d4d2f5cfd1aaba683742d7de,scratch_parity
Output,Output/scratch_parity/D2_site_GA_001_slide_data.png,D2_site_GA_001_slide_data.png,.png,674133,2026-07-20T08:07:02.129498+00:00,ae8c0109b0a26e5d773e29e47e883cced7c2aabbf9561cd8b60b5e206f643a0c,scratch_parity
Output,Output/scratch_parity/D2_site_GA_003_slide_data.pdf,D2_site_GA_003_slide_data.pdf,.pdf,130091,2026-07-20T08:07:04.723438+00:00,db69371d7c70a35a6fa6b00831da5277f2f61af5ff2349da25e6edfab7bae792,scratch_parity
Output,Output/scratch_parity/D2_site_GA_003_slide_data.png,D2_site_GA_003_slide_data.png,.png,664475,2026-07-20T08:07:04.496309+00:00,679de326993acafd1eb73e83d7e93414c58fa5cb2945714956c5c40049a9f700,scratch_parity
Output,Output/scratch_parity/D2_site_GA_019_slide_data.pdf,D2_site_GA_019_slide_data.pdf,.pdf,126342,2026-07-20T08:07:06.496694+00:00,339e25e9bf533f31fb3170c92e1ba0b2ccb5f2d336a8d948d9ef81226157b311,scratch_parity
Output,Output/scratch_parity/D2_site_GA_019_slide_data.png,D2_site_GA_019_slide_data.png,.png,651871,2026-07-20T08:07:06.280010+00:00,faac697bb624a70522bb75fa18a50891f83f00a5e8565144fca86cb4fdd5d999,scratch_parity
Output,Output/scratch_parity/D2_site_GA_032_slide_data.pdf,D2_site_GA_032_slide_data.pdf,.pdf,117926,2026-07-20T08:07:10.013047+00:00,00287cc912a8e4bf5d6c5abed104aa2bab5314668934f4d06dc455709a3062fe,scratch_parity
Output,Output/scratch_parity/D2_site_GA_032_slide_data.png,D2_site_GA_032_slide_data.png,.png,619661,2026-07-20T08:07:09.796175+00:00,43558962f3bf7245d26387cf0d73bee81effa010fa50cdf0ddf126dd5cd31906,scratch_parity
Output,Output/scratch_parity/D2_site_GA_052_slide_data.pdf,D2_site_GA_052_slide_data.pdf,.pdf,124728,2026-07-20T08:07:08.246260+00:00,f23e7ba36d21659f2d448f8eaaa9c53226cfc47d0956725644fb2f6f45874049,scratch_parity
Output,Output/scratch_parity/D2_site_GA_052_slide_data.png,D2_site_GA_052_slide_data.png,.png,625541,2026-07-20T08:07:08.029525+00:00,76dfb7f73a5e640f00a8f77f3bebfec8ff21c5d2fa252ff0d2ca60b05fc4fb08,scratch_parity
Output,Output/scratch_parity/parity_anchors.csv,parity_anchors.csv,.csv,525,2026-07-20T08:07:10.013047+00:00,240a227dc4dc488d04c8b14bbcef45ab412be18cd85f940a1f72980481f6fd24,scratch_parity
Output,Output/scratch_parity/gate1/build_anchors_57.csv,build_anchors_57.csv,.csv,3326,2026-07-20T10:21:35.682717+00:00,1f6aac1cf3894ecb8bd8827c3fdf8d2597988c2e7b99941e230df0e12b5fdb35,scratch_parity/gate1
Output,Output/scratch_parity/gate1/inputs_rasters.csv,inputs_rasters.csv,.csv,454,2026-07-20T08:32:54.077195+00:00,183dc100e41c1fa11614429069f8c4cdf3f1443d87f736a4f9c4d7ac86c6785f,scratch_parity/gate1
Output,Output/scratch_parity/gate1/inputs_vectors.csv,inputs_vectors.csv,.csv,224,2026-07-20T08:32:54.077195+00:00,3102b4362a1b1ac344df5e5c78f9e0201d38cecbbd9efcbddf261ea94f747da0,scratch_parity/gate1
Output,Output/scratch_parity/gate1/plot_paddock_57.csv,plot_paddock_57.csv,.csv,3980,2026-07-20T08:32:54.163858+00:00,5fb35fca7ed06070ce0d70652d904af13103a57a32e9bef7fb676340d9fd97f4,scratch_parity/gate1
Output,Output/scratch_parity/gate1/plot_paddock_ALL66.csv,plot_paddock_ALL66.csv,.csv,4606,2026-07-20T08:32:54.142716+00:00,549f1a38a2af542588f79057d0bd7f0d573dcf9f3fb365864f7758714d9f436a,scratch_parity/gate1
Output,Output/scratch_parity/gate1/roster_nontreed_57.csv,roster_nontreed_57.csv,.csv,7207,2026-07-20T08:32:54.043806+00:00,dc9b2113590674e416467015ee262e585385526dd223a92733b1c7b8c3e1ef51,scratch_parity/gate1
Output,Output/scratch_parity/gate1/roster_treed_9.csv,roster_treed_9.csv,.csv,1274,2026-07-20T08:32:54.043806+00:00,f273c2d8fdcde7a868cd09aa48787c4d8c5ddbb64f47747704ad92c5c28c72ca,scratch_parity/gate1
Output,Output/spatial_8058/gayini_boundary_epsg8058.gpkg,gayini_boundary_epsg8058.gpkg,.gpkg,106496,2026-07-08T02:09:32+00:00,d1951e5a12d6b84f1b782d3f3d30074b4249166231a969ae42ec0b1fb06969b5,spatial_8058
Output,Output/spatial_8058/gayini_hectare_plots_epsg8058.gpkg,gayini_hectare_plots_epsg8058.gpkg,.gpkg,114688,2026-07-08T02:09:32+00:00,63dc875b6252f84b568f106d4473b4e0b5e6f2d88c55d5de3e71d944c788ab70,spatial_8058
Output,Output/spatial_8058/management_zones_epsg8058.gpkg,management_zones_epsg8058.gpkg,.gpkg,167936,2026-07-08T02:09:34+00:00,e7a3b436cb96936a09e674f2feaa9e6862c4a36cfb5bed4e6ad7aba6080c5225,spatial_8058
Output,Output/spatial_8058/stratified_sample_points.gpkg,stratified_sample_points.gpkg,.gpkg,159744,2026-07-09T02:10:30+00:00,425e116d98924bcd1920e53c67c5113f12eca3de87df569626bf25228d6431d8,spatial_8058
Output,Output/spatial_8058/T13_part_polygons_epsg8058.gpkg,T13_part_polygons_epsg8058.gpkg,.gpkg,56365056,2026-07-30T07:49:57.732634+00:00,856f2ce3a36538c5d1835531f34cb4e83bb1b533e33cf3c19511c526bd13a801,spatial_8058
Output,Output/spatial_8058/T13_part_polygons_render_only_epsg8058.gpkg,T13_part_polygons_render_only_epsg8058.gpkg,.gpkg,544768,2026-07-30T08:17:43.888626+00:00,bdc5a054a73e4954d13386fb2b2e996b1aaa98591cddc2f135bbeeb361403f14,spatial_8058
Output,Output/spatial_8058/vegetation_classes_epsg8058.gpkg,vegetation_classes_epsg8058.gpkg,.gpkg,520192,2026-07-08T02:09:32+00:00,b56d83478db6c3d68cd76a7abdc2892b07495b914f12a2b579e5c9e4fe0f5dc1,spatial_8058
Output,Output/spatial_8058/vegetation_communities_epsg8058.gpkg,vegetation_communities_epsg8058.gpkg,.gpkg,454656,2026-07-08T02:09:32+00:00,7a3ec88e4c2190b4340a7d5ee65251868b378352e8026bb7395a54fa7e455136,spatial_8058
Output,Output/tables/d2_batch_figure_asset_dryrun_20260720.csv,d2_batch_figure_asset_dryrun_20260720.csv,.csv,14242,2026-07-20T11:31:08.643058+00:00,d526cae6efe871ca4045886908e7e6adf80eec9c6f43c2d478a772bf6e7de4ec,tables
Output,Output/tables/d2_batch_paddock_coverage_20260720.csv,d2_batch_paddock_coverage_20260720.csv,.csv,875,2026-07-20T10:53:21.351280+00:00,f84e076ad727d620a43a0c1a04da5ce7473839c1b09a60c4526052f6891093b8,tables
Output,Output/tables/d2_batch_plot_paddock_20260720.csv,d2_batch_plot_paddock_20260720.csv,.csv,4606,2026-07-20T10:25:47.003636+00:00,0333fceb6467c5414e5a931178db027d258caa60a9ae2ed0a6f79c71958620f0,tables
Output,Output/tables/d2_batch_roster_20260720.csv,d2_batch_roster_20260720.csv,.csv,7179,2026-07-20T10:25:47.003636+00:00,2becabe69713158c1ed99cac2d2a5c3a0547dcf0b0d1eadc3e3d8e2d6477b081,tables
Output,Output/tables/marker_reconciliation.csv,marker_reconciliation.csv,.csv,243,2026-07-22T06:02:17.653090+00:00,6520bc91c902eb72bfd22bb0d0e2ffaefe0f1c0a805890354cf67e9331869ed7,tables
Output,Output/tables/paddock_dominant_community.csv,paddock_dominant_community.csv,.csv,1281,2026-07-22T06:02:02.386853+00:00,f2867042197acb4c5df509b83b100c0d1dda0f9e015eef55378afae0f5f563c2,tables
Output,Output/tables/T10_annual_gap_series.csv,T10_annual_gap_series.csv,.csv,4679,2026-07-28T10:01:18.106062+00:00,3a4e850708705c4219adc67eaee90c58c843d13dac214848341fbf7840a44be8,tables
Output,Output/tables/T10_annual_gap_series_jja_son.csv,T10_annual_gap_series_jja_son.csv,.csv,3729,2026-07-28T10:01:18.106062+00:00,f5152962bad10780a46580732aa6acd0ec88f46a743bdcd2bc6e4e8843d2a580,tables
Output,Output/tables/T10_gateC_crosssectional_residuals.csv,T10_gateC_crosssectional_residuals.csv,.csv,3439,2026-07-28T10:51:58.026055+00:00,59fbcd1e976eba20c3d6fb67504d7bc10535d745fc17db8e049515c002b0da8b,tables
Output,Output/tables/T10_gateC_percommunity.csv,T10_gateC_percommunity.csv,.csv,14049,2026-07-28T11:26:11.181311+00:00,5ab71d1c21a1e889953ce63475e8558986563f60604019fc945a2e772e501222,tables
Output,Output/tables/T10_gateC_temporal_table.csv,T10_gateC_temporal_table.csv,.csv,5621,2026-07-28T10:51:58.026055+00:00,2a91d70fd911b59566f1e0ef3f24b74f75bc08957ac5dbaa59ed28ffb8a57e79,tables
Output,Output/tables/T10_trend_statistics.csv,T10_trend_statistics.csv,.csv,383,2026-07-28T10:01:18.106062+00:00,7ce28f96b1cbd539aba939e0e2ed49617925e81aec19a879fd9ccdb755a60b8d,tables
Output,Output/tables/T12_DEA_farm_ctv_vs_flood_veg.csv,T12_DEA_farm_ctv_vs_flood_veg.csv,.csv,2099,2026-07-28T04:25:53.430270+00:00,f9a2b8c731f98095fad915225d7c313d686f1b26fc5b1d16c2b13f0d3f980f69,tables
Output,Output/tables/T12_DEA_persistence_summary.csv,T12_DEA_persistence_summary.csv,.csv,410,2026-07-28T04:25:52.841654+00:00,5e703c51922c293db1f1fa254190e7e41daa2560a2df940b768c53367f1749a7,tables
Output,Output/tables/T12_DEA_positive_control_by_year.csv,T12_DEA_positive_control_by_year.csv,.csv,795,2026-07-28T04:26:01.343318+00:00,7173aab83e2808c7889bf3f68e3e370e504bf57398cda31e5537bf6335352846,tables
Output,Output/tables/T12_DEA_reference_paddocks.csv,T12_DEA_reference_paddocks.csv,.csv,2869,2026-07-28T04:25:53.648641+00:00,9ab9c1eb3fa0ca3b02258b3f77499e71eab15d58fb90a8b26b0a392dd4914c62,tables
Output,Output/tables/T12_DEA_sensor_era_gap.csv,T12_DEA_sensor_era_gap.csv,.csv,374,2026-07-28T04:51:52.655630+00:00,20f2e8bfc67a96a749c373ddd64da5f2e00484ae962174c056c381a5c086d9ac,tables
Output,Output/tables/T12_DEA_suspect_year_sensitivity.csv,T12_DEA_suspect_year_sensitivity.csv,.csv,173,2026-07-28T04:25:53.648641+00:00,d9c2bdd26fea96c8455b7152508c296e3518c0b24956553bb7307cadaf547a0f,tables
Output,Output/tables/T12_DEA_zone_correlations.csv,T12_DEA_zone_correlations.csv,.csv,6184,2026-07-28T04:25:53.642030+00:00,7f96472605881c27de3bbc3b0a302c4800bec15e833d44bff94f32173f03c815,tables
Output,Output/tables/T12_DEA_zone_floor_table.csv,T12_DEA_zone_floor_table.csv,.csv,2032,2026-07-28T04:25:53.642030+00:00,812e12e67d6a325725e848086ade317f03c5339234d34660520eec41c2315e88,tables
Output,Output/tables/T12_gateA0_vector_facts.csv,T12_gateA0_vector_facts.csv,.csv,621,2026-07-28T01:59:41.497931+00:00,d6fa6d6cfc79b3b304687bade2f3d80ed671c56650b15b6e53cb8bcd8edf252f,tables
Output,Output/tables/T13_gateB_part_measures.csv,T13_gateB_part_measures.csv,.csv,18520,2026-07-29T06:07:31.053468+00:00,760bcf7d7f569fe3a5be2ea4942eefba1d224210ffe350c9ebf01d63407e6aad,tables
Output,Output/tables/T13_gateB_trend_adj_residuals.csv,T13_gateB_trend_adj_residuals.csv,.csv,230484,2026-07-29T06:07:31.055845+00:00,ff542e1359009723cbab98c9b7f72badd6ef7ce0c2922335cd5ee3ec7b313c25,tables
Output,Output/tables/T13_gateC_bala29ca_raw_vs_adjusted.csv,T13_gateC_bala29ca_raw_vs_adjusted.csv,.csv,731,2026-07-30T07:52:16.232962+00:00,4eb8f7b80a01a6b0ddb9e068485b4bdcc8dec29e6d9dffb7158dc23829550445,tables
Output,Output/tables/T13_gateC_classification.csv,T13_gateC_classification.csv,.csv,22196,2026-07-30T07:52:16.232962+00:00,08214fc956f40b1c6267f067f92105c202142cc5905cc515351c695c86ae2372,tables
Output,Output/tables/T13_gateC_robustness.csv,T13_gateC_robustness.csv,.csv,12688,2026-07-30T07:52:16.232962+00:00,8e159123371f23ea5abea7fb31df1fc271780c13b3b46ead159cce3d55d184c3,tables
Output,Output/tables/T13_gateC_sweep.csv,T13_gateC_sweep.csv,.csv,248,2026-07-30T07:52:16.232962+00:00,8973e3301aaf5482ac2aa6a6e710d1bc4bc2201fd268bb38cba0d24af2ea6cef,tables
Output,Output/tables/T1_conserved_paddock_comparison.csv,T1_conserved_paddock_comparison.csv,.csv,760,2026-07-31T08:53:55.169287+00:00,451615d34606208324243f1c94f206d86f0b2188713af497636a704deea82383,tables
Output,Output/tables/T1_gateA_identity_margin.csv,T1_gateA_identity_margin.csv,.csv,4071,2026-07-25T08:52:45.272305+00:00,db3c20a5d78a4df9cbf84471002a29fb7b1bd3d5446120751e9f8ff8575d6db5,tables
Output,Output/tables/T1_gateA_raster_geom.csv,T1_gateA_raster_geom.csv,.csv,1017,2026-07-25T08:52:45.389361+00:00,7ecbd565839d176bde7603ecaad70ef945184d09abd44a612fb34e10246ab482,tables
Output,Output/tables/T1_gateA_raster_geom_all18.csv,T1_gateA_raster_geom_all18.csv,.csv,1638,2026-07-25T08:52:45.590316+00:00,60b45c48a0f9efd0a36f847ee86466a53ac66c741a368e8888fc5f6ead2d1cc1,tables
Output,Output/tables/T1_gateA_zone_areas.csv,T1_gateA_zone_areas.csv,.csv,4291,2026-07-25T08:52:45.155371+00:00,1b947b8a5a5b2cebbfdae40ad0f9ef120b1b80f6fa17ec1dc22ca450c9414da3,tables
Output,Output/tables/T1_gateB1_field_lists.csv,T1_gateB1_field_lists.csv,.csv,1672,2026-07-26T04:24:02.965734+00:00,efe433294d735457c1e7d5e125750c975c55f250bd42e26d2cf4d7841b906e25,tables
Output,Output/tables/T1_gateB_identity_assignment.csv,T1_gateB_identity_assignment.csv,.csv,3071,2026-07-26T03:05:58.161224+00:00,4f585e3b5ddced9d3eca81045429de2cd53d8462fb0471b0e2b254e1fc1a082f,tables
Output,Output/tables/T1_gateC_reconciliation.csv,T1_gateC_reconciliation.csv,.csv,836,2026-07-26T12:08:17.104452+00:00,aa2063866e3fcc77adbc32f1bcb4db22f540142a82b06495448357c26a14c509,tables
Output,Output/tables/T1_gateD_contrast.csv,T1_gateD_contrast.csv,.csv,1239,2026-07-26T23:49:18.943292+00:00,9929f47abb4d317b2a149efc94e378cb45ceb48ab6a746a9538a1ab709c49244,tables
Output,Output/tables/T1_gateD_robustness.csv,T1_gateD_robustness.csv,.csv,801,2026-07-26T23:49:18.943292+00:00,22685b7f0a42dc938cdc60200930cd1b7cda29019d87c40a36730556fd9a9b83,tables
Output,Output/tables/T2_community_year_flood.csv,T2_community_year_flood.csv,.csv,7298,2026-07-27T02:52:41.455115+00:00,15a877e4c606e2a5c2bfc30f66b4e05233e68ddeeec5b75448fc087142579b6f,tables
Output,Output/tables/T2_dropped_zone_years.csv,T2_dropped_zone_years.csv,.csv,24797,2026-07-27T02:52:41.471933+00:00,17c743568654b3464786793c8d568cf0c043b4a38d55a576011f34d724adc55b,tables
Output,Output/tables/T2_E_gap_report.csv,T2_E_gap_report.csv,.csv,251,2026-07-27T06:43:10.483557+00:00,638ce5256c9d525354c105a4927f70691d9525055636d6cc24260bf731c6fafb,tables
Output,Output/tables/T2_fact_zone_community_veg_annual.csv,T2_fact_zone_community_veg_annual.csv,.csv,790388,2026-07-27T02:52:41.455115+00:00,d0c9a4ea08df803ef7897b498a176c03ce945a4a6966312e72e0d4b41471ba8c,tables
Output,Output/tables/T2_fact_zone_veg_annual.csv,T2_fact_zone_veg_annual.csv,.csv,988068,2026-07-27T02:52:41.340755+00:00,888d6db71ea770d74d02bb5d144cb5c4efa775e35a8778a94242b6d38203719b,tables
Output,Output/tables/T2_in_scope_points.csv,T2_in_scope_points.csv,.csv,68772434,2026-07-27T02:51:33.487501+00:00,f4a735edfdffb54fbbae970002d937bb8ba34b0a03333b7ab0b90d948c7f4e48,tables
Output,Output/tables/T2_reference_gap_decomposition.csv,T2_reference_gap_decomposition.csv,.csv,3158,2026-07-27T11:29:51.248335+00:00,fef7c9592327cd6c3296f40e36429492b9419a89f1edf4ad08185294e40899c1,tables
Output,Output/tables/T2_zone_denominator.csv,T2_zone_denominator.csv,.csv,561,2026-07-27T02:51:33.541944+00:00,88f7e3827fe32ab1543971aabea297ea2e4c09b7f407d37de8eb6d280632dd3e,tables
Output,Output/tables/T6_census_xy.csv,T6_census_xy.csv,.csv,38625047,2026-07-27T08:28:56.949053+00:00,47ac5e0d72776955ff23505c944db86508d820e6de503a40ae90fa57efa79a04,tables
Output,Output/tables/T6_components.csv,T6_components.csv,.csv,16527,2026-07-27T08:39:19.075744+00:00,a694e3a129e34e188b8151b2e1c61fb7e7b51f39dd98d1114c4be2c5cf431f5e,tables
Output,Output/tables/T6_fact_three_arm_stratum.csv,T6_fact_three_arm_stratum.csv,.csv,718090,2026-07-27T09:45:01.253946+00:00,87955394d25c6943a264f6cff79227fbc91b77e896f1b6425dce0e9f1e176446,tables
Output,Output/tables/T6_fact_unzoned_component.csv,T6_fact_unzoned_component.csv,.csv,1948999,2026-07-27T09:45:01.421212+00:00,3086b67a56e88ba4d72001b512e47b474d193d4d4caf74ca38c50c82620e7d7e,tables
Output,Output/tables/T6_in_scope_points.csv,T6_in_scope_points.csv,.csv,84988222,2026-07-27T08:28:56.368140+00:00,88dcf28f3a8d5d73c4e86a1fdf4b876722aff4a04859c8ed307a11d59358f635,tables
Output,Output/tables/T6_three_arm_gap_decomposition.csv,T6_three_arm_gap_decomposition.csv,.csv,17404,2026-07-27T11:29:51.248335+00:00,640c25ef4a39bc3c86a18a27f4eb635d555fd44cb813a740a012448434566373,tables
Output,Output/tables/T6_unzoned_pixel_component.csv,T6_unzoned_pixel_component.csv,.csv,2483505,2026-07-27T08:39:19.656609+00:00,3fa0e205fc37f52d85acc411ed768e1dfcc66882bc79a34aa43122ec734d0aec,tables
Output,Output/tables/T6_zone_arm_map.csv,T6_zone_arm_map.csv,.csv,1240,2026-07-27T08:28:57.015838+00:00,ed286acc2dd0e14686e0a5dcdff6ea282da8d2913cadfd4e907f0f922067cb1d,tables
Output,Output/tables/T8_before_after.csv,T8_before_after.csv,.csv,1211,2026-07-28T08:08:00.899070+00:00,414449335c96d2857eb4914fb4b073e07dd3b1df4164429ebad559dbc39d54d5,tables
Output,Output/tables/T8_pin4_plot_paddock.csv,T8_pin4_plot_paddock.csv,.csv,1934,2026-07-28T08:08:00.899070+00:00,4b431f61e6ab68d9fab40d41537424990e60d94982614b2cacc0c3028b5d7dfb,tables
Output,Output/tables/taskM_gateC_file_classification.csv,taskM_gateC_file_classification.csv,.csv,386538,2026-07-24T00:53:53.043303+00:00,125a8523cd6067cf7d2eb6201c14748318147cf3e0c8e03125bc41ce95cdfc46,tables
Output,Output/tables/taskM_gateC_raster_meta.csv,taskM_gateC_raster_meta.csv,.csv,3566,2026-07-24T00:48:45.145399+00:00,aba6c8bc4ffe9ee8895fe989c0e4dcfc34dcab3399f404996d0c26f21279c6fe,tables
Output,Output/tables/taskM_gateC_registration_dryrun.csv,taskM_gateC_registration_dryrun.csv,.csv,15875,2026-07-24T00:53:53.252804+00:00,1919cdf6545754def8725309f0824fea072ac079a0b52cae1de0f5e1fa95f356,tables
Output,Output/tables/taskM_gateD_native30m_p05_cells.csv,taskM_gateD_native30m_p05_cells.csv,.csv,30436839,2026-07-24T09:27:55.286231+00:00,e37e9241ab609bf5489c0f5a8da86181bea79bd2e4e3924c7566cdcac16da8ba,tables
Output,Output/tables/taskM_gateD_p05_ge80_contiguity.csv,taskM_gateD_p05_ge80_contiguity.csv,.csv,7909,2026-07-24T11:59:12.125506+00:00,894cdacfadbeb966b8d3e5badc4c828bc178e67cda89aabea6dff0ab806049bc,tables
Output,Output/tables/taskM_gateD_registration_dryrun.csv,taskM_gateD_registration_dryrun.csv,.csv,1173,2026-07-24T12:21:40.657727+00:00,c1f348e84dfb8724b1268e517a27246092f458b2b8544c656e43f9266c49cb48,tables
Output,Output/tables/taskM_gateD_veg_p05_distribution.csv,taskM_gateD_veg_p05_distribution.csv,.csv,8499,2026-07-24T11:57:55.594624+00:00,ef690e82ddf3abf1c80a92ab2e54674b5156d75d31ac8f7dffa5b6adae686bd6,tables
Output,Output/tables/taskM_green_at_floor_area.csv,taskM_green_at_floor_area.csv,.csv,4210,2026-07-24T00:46:59.188279+00:00,2e5a8b7f3c2f2a7f7000d1e56c6cfaa631560370de4b9f36842645eac905168a,tables
Output,Output/tables/taskU_gateU0_distributions.csv,taskU_gateU0_distributions.csv,.csv,12135,2026-07-31T11:39:23.824843+00:00,958f062751c26d6b6622eb2a63846652b22a771cb3ccc6148a06cdf6a079dfdb,tables
Output,Output/tables/taskU_gateU0_inventory.csv,taskU_gateU0_inventory.csv,.csv,32841,2026-07-31T11:39:23.824843+00:00,ce0ded7ac0e58f355fb091acbbeb81ad37d9105ef7b89effba05f96463bdfa8a,tables
Output,Output/tables/taskU_gateU0_partner_decision.csv,taskU_gateU0_partner_decision.csv,.csv,706,2026-07-31T11:29:49.152604+00:00,ada9a4e73b010f5b75094e716e1727c8cb44e3ebf629a113b07c529cd75901ee,tables
Output,Output/tables/taskU_gateU1_coregistration.csv,taskU_gateU1_coregistration.csv,.csv,443,2026-08-01T02:43:36.429432+00:00,84d1c405f6392e28eda78fdbd424ade8c7daa6d6e507ff9a700e33dced37d469,tables
Output,Output/tables/taskU_gateU1_facts.csv,taskU_gateU1_facts.csv,.csv,1869,2026-08-01T02:53:26.874561+00:00,d5c5aaa7627b705b820a9782b5062aa6c1e7eeae67b2f7dac493771c6298083a,tables
Output,Output/tables/taskU_gateU1_r2_density_diagnostic.csv,taskU_gateU1_r2_density_diagnostic.csv,.csv,127,2026-08-01T02:53:26.874561+00:00,570f427f4570e7838740e1f5110dbecff5291a335b0a051ca1388b52d9b78c16,tables
Output,Output/tables/taskU_gateU1_r2_screen.csv,taskU_gateU1_r2_screen.csv,.csv,246,2026-08-01T02:45:19.651029+00:00,83718d21f99b107d89461b0e741ea9d8918a56ee91a8617f175d548a8c384414,tables
Output,Output/tables/taskU_gateU1_registration_dryrun.csv,taskU_gateU1_registration_dryrun.csv,.csv,4844,2026-08-01T03:43:36.922092+00:00,c2b224d1856ab14ce09aec43116887b7aea32363f5437a8ffa1723d4fc29b52c,tables
Output,Output/tables/task_J_gate2_2018_assertions.csv,task_J_gate2_2018_assertions.csv,.csv,1819,2026-07-20T05:31:13.001373+00:00,5aa0c3d5b252a9a63f64f680bf2bd6f32ebfd8a6501eca438e8b7aa26782218e,tables
Output,Output/tables/task_J_gate2_2018_by_community.csv,task_J_gate2_2018_by_community.csv,.csv,335,2026-07-20T05:31:13.001373+00:00,bbd06eb362a37f2b392bc05dc870bb1ac39004e6b8bb82c493b1edee8fc4c10c,tables
Output,Output/tables/task_J_gate2_2018_summary.csv,task_J_gate2_2018_summary.csv,.csv,283,2026-07-20T05:31:13.001373+00:00,c30e0d0f55528b871d9e2bbaf412969f77634acc815753a4b4ff18220710921e,tables
Output,Output/tables/task_J_gate3_assertions.csv,task_J_gate3_assertions.csv,.csv,6626,2026-07-20T05:31:13.001373+00:00,620fdba0470d59248ef65f3bae4885daaac3f92c2b7a125d664f23e16b8ee8c6,tables
Output,Output/tables/task_J_gate3_J_T1.csv,task_J_gate3_J_T1.csv,.csv,3244,2026-07-20T05:31:13.001373+00:00,2f6b68f3725f813949c7e423de55cee402cccad9fa77ec2775976c023909888a,tables
Output,Output/tables/task_J_gate3_shape_vs_reference.csv,task_J_gate3_shape_vs_reference.csv,.csv,877,2026-07-20T05:31:13.001373+00:00,5ede13b25eb9127a71fe20557f901d33f5a27795f397a94fd7ddb11f68a3f664,tables
Output,Output/tables/task_J_gate4_heteroscedasticity.csv,task_J_gate4_heteroscedasticity.csv,.csv,501,2026-07-20T05:31:13.001373+00:00,783ccb719f7507656256b95cc092a8564da46b948df8904c6684740d6d4df5a5,tables
Output,Output/tables/task_J_gate4_law_summary.csv,task_J_gate4_law_summary.csv,.csv,418,2026-07-20T05:31:13.001373+00:00,bfd1506d0c79543e505ea1489262a376b0862a79d5a6e42f28ebf2a7f3ee3d25,tables
Output,Output/tables/task_J_gate4_raster_assertions.csv,task_J_gate4_raster_assertions.csv,.csv,3614,2026-07-20T05:31:13.001373+00:00,d2de4568efcd06fafb59149d5639a6754c728a3aea0fb0d77c5f90a1d65722e5,tables
Output,Output/tables/task_J_gate4_residual_ranking.csv,task_J_gate4_residual_ranking.csv,.csv,1387,2026-07-20T05:31:13.001373+00:00,5d9fb31285a29a9bcde90203527055a41a62ce852bb035bb3181dff53814cddc,tables
Output,Output/tables/tier2H_h32_sample_power_1000draws.csv,tier2H_h32_sample_power_1000draws.csv,.csv,33194,2026-07-17T06:16:16+00:00,ab1bba4f388433068d38f9fe7b5c5902f6f08033577d6ed799e7892f128bea53,tables
Output,Output/tables/tier2H_h32_sample_power_summary.csv,tier2H_h32_sample_power_summary.csv,.csv,727,2026-07-17T06:16:16+00:00,3131817faee1244f72e7c9006d66c91ea6a0e98bbd5b8ff71898531d6782df77,tables
Output,Output/_archive/figures/review_refresh/context/P0_4_plot_context_vegetation_interpretation.png,P0_4_plot_context_vegetation_interpretation.png,.png,144288,2026-07-01T08:38:12+00:00,646c4f354dbbb59158f3e439b56814f69f8deafe299429a6d0a2210b0f525273,_archive/figures/review_refresh/context
Output,Output/_archive/figures/review_refresh/context/P0_5_plot_context_grazing_counts.png,P0_5_plot_context_grazing_counts.png,.png,126143,2026-07-01T08:38:18+00:00,a3dfce5500d6e4e2644f564ac16f3393757d98651055ffe14d150ab656ddeb52,_archive/figures/review_refresh/context
Output,Output/_archive/figures/review_refresh/context/P0_6_plot_context_grazing_map.png,P0_6_plot_context_grazing_map.png,.png,354797,2026-07-01T08:38:20+00:00,ebbc11188d5ee9bf477e6de86daec58249ea54174978a5fc23e1969afa00ce55,_archive/figures/review_refresh/context
Output,Output/_archive/figures/review_refresh/dashboards/P0_10_dashboard_GA_001.png,P0_10_dashboard_GA_001.png,.png,355340,2026-07-01T08:39:54+00:00,490d7e7bac99fc37fa347bd69ade19c92d92faac051ec0670ca1595360f64a26,_archive/figures/review_refresh/dashboards
Output,Output/_archive/figures/review_refresh/dashboards/P0_10_dashboard_GA_003.png,P0_10_dashboard_GA_003.png,.png,356377,2026-07-01T08:40:00+00:00,9dfa603099d8bdd6e8910ea76102db7e777557a9d585ca8696d2fd0451f393b1,_archive/figures/review_refresh/dashboards
Output,Output/_archive/figures/review_refresh/dashboards/P0_10_dashboard_GA_019.png,P0_10_dashboard_GA_019.png,.png,356415,2026-07-01T08:39:38+00:00,e2c494e471872388fa111dec384f6179bb3dabdd66310add90136775477af9a0,_archive/figures/review_refresh/dashboards
Output,Output/_archive/figures/review_refresh/dashboards/P0_10_dashboard_GA_026.png,P0_10_dashboard_GA_026.png,.png,357352,2026-07-01T08:40:04+00:00,488fe43214d499225a842fd65a243676e589b9e384c94629e56296e217914de3,_archive/figures/review_refresh/dashboards
Output,Output/_archive/figures/review_refresh/dashboards/P0_10_dashboard_GA_032.png,P0_10_dashboard_GA_032.png,.png,357189,2026-07-01T08:39:50+00:00,b2bc6204abb17817d1f1554482941c6b1c7f6fc6b61096e3605a192b620eb928,_archive/figures/review_refresh/dashboards
Output,Output/_archive/figures/review_refresh/dashboards/P0_10_dashboard_GA_035.png,P0_10_dashboard_GA_035.png,.png,357244,2026-07-01T08:40:10+00:00,f4a4a8662799f2572211d2d7aa2306933842a3f869b3bd2e6304093c428df3dc,_archive/figures/review_refresh/dashboards
Output,Output/_archive/figures/review_refresh/dashboards/P0_10_dashboard_GA_043.png,P0_10_dashboard_GA_043.png,.png,356729,2026-07-01T08:40:18+00:00,87c7a136c766054d0b41ff51d260414e0fd35aad0b1aae531be274c7ce4368b0,_archive/figures/review_refresh/dashboards
Output,Output/_archive/figures/review_refresh/dashboards/P0_10_dashboard_GA_052.png,P0_10_dashboard_GA_052.png,.png,357091,2026-07-01T08:39:46+00:00,32d07a70977e321aba7aa9a39cac6b466de685f1b96551ea9f4141570ae9af5b,_archive/figures/review_refresh/dashboards
Output,Output/_archive/figures/review_refresh/dashboards/P1_2_selected_dashboard_site_map.png,P1_2_selected_dashboard_site_map.png,.png,274601,2026-07-01T08:40:22+00:00,1365ee95b2c06f6125d95a0048de26885202a40dbd8839a6250f1f6ee1d64688,_archive/figures/review_refresh/dashboards
Output,Output/_archive/figures/review_refresh/ground_cover/P0_8_ground_cover_change_by_vegetation_group.png,P0_8_ground_cover_change_by_vegetation_group.png,.png,212245,2026-07-01T08:39:30+00:00,1ae5c18e81c0142b822c62c2860c0f285a177e0e0bc618ec092e9d79985cc341,_archive/figures/review_refresh/ground_cover
Output,Output/_archive/figures/review_refresh/ground_cover/P0_9_ground_cover_change_by_grazing.png,P0_9_ground_cover_change_by_grazing.png,.png,196416,2026-07-01T08:39:32+00:00,de71fece88d48402b828f120a5e458792b86e6239a2dbd362db50d9963d1bc5a,_archive/figures/review_refresh/ground_cover
Output,Output/_archive/figures/review_refresh/hydrology/P0_7_RS_gauge_flow_overlap_timeseries.png,P0_7_RS_gauge_flow_overlap_timeseries.png,.png,325677,2026-07-01T08:39:26+00:00,b61c7e2d0c96c53d1bd943507e7da18a24cfb7d9a6cc74891df79c4835f0027e,_archive/figures/review_refresh/hydrology
Output,Output/_archive/figures/review_refresh/inundation/P0_1_annual_occurrence_pre_post_maps.png,P0_1_annual_occurrence_pre_post_maps.png,.png,682956,2026-07-01T08:38:42+00:00,cb6110f008025b89369b43d0dcdf606689f2c0bc5de2ea160eebec0d16bd134b,_archive/figures/review_refresh/inundation
Output,Output/_archive/figures/review_refresh/inundation/P0_2_annual_occurrence_change_map.png,P0_2_annual_occurrence_change_map.png,.png,720519,2026-07-01T08:38:52+00:00,2fcd413c9df5ba74eec651a08a9319ebdb85446eae483d726f28b566ea0320cb,_archive/figures/review_refresh/inundation
Output,Output/_archive/figures/review_refresh/inundation/P0_3a_MER_pre_post_annual_max_maps.png,P0_3a_MER_pre_post_annual_max_maps.png,.png,708404,2026-07-01T08:39:08+00:00,959812b72e4ab9d00a5cc8587d80d04ff0d1ae251ea9f45179fd1e01d0f4edf1,_archive/figures/review_refresh/inundation
Output,Output/_archive/figures/review_refresh/inundation/P0_3b_MER_annual_max_change_map.png,P0_3b_MER_annual_max_change_map.png,.png,920862,2026-07-01T08:39:20+00:00,36465c2d10d43efdfd9c0778407776cadc4e1c8afd6284cee1f30b695955bf8d,_archive/figures/review_refresh/inundation
Output,Output/_archive/rasters/inundation_background/background_pre2015_sensitivity_1989_2015/background_pre2015_sensitivity_1989_2015_inundation_frequency_pct.tif,background_pre2015_sensitivity_1989_2015_inundation_frequency_pct.tif,.tif,1618712,2026-07-02T01:36:34+00:00,2b6b9e73dbec79a60122631c3eb5ba4d160779bbfb32620a3bdf96fb4b7bc0be,_archive/rasters/inundation_background/background_pre2015_sensitivity_1989_2015
Output,Output/_archive/rasters/inundation_background/background_pre2015_sensitivity_1989_2015/background_pre2015_sensitivity_1989_2015_support_mask.tif,background_pre2015_sensitivity_1989_2015_support_mask.tif,.tif,92352,2026-07-02T01:36:40+00:00,b8ab5e503b6072406aa12d93cd4ff210f7c7df3c37407ff6190a5d87ee60cce4,_archive/rasters/inundation_background/background_pre2015_sensitivity_1989_2015
Output,Output/_archive/rasters/inundation_background/background_pre2015_sensitivity_1989_2015/background_pre2015_sensitivity_1989_2015_valid_year_count.tif,background_pre2015_sensitivity_1989_2015_valid_year_count.tif,.tif,587610,2026-07-02T01:36:36+00:00,42c74b96547a0749e9f5a3e9d3445cd4feb820bc2e96f6a166f0e2951d322852,_archive/rasters/inundation_background/background_pre2015_sensitivity_1989_2015
Output,Output/_archive/rasters/inundation_background/background_pre2015_sensitivity_1989_2015/background_pre2015_sensitivity_1989_2015_wet_year_count.tif,background_pre2015_sensitivity_1989_2015_wet_year_count.tif,.tif,1447073,2026-07-02T01:36:36+00:00,66ba2674f98d19436f9c0031fc4d83e099171e494d4d120e0cc9ed511bdf11b9,_archive/rasters/inundation_background/background_pre2015_sensitivity_1989_2015
Output,Output/_archive/rasters/inundation_background/background_pre2015_sensitivity_1989_2015/annual/annual_inundated_any_background_pre2015_sensitivity_1989_2015__1989.tif,annual_inundated_any_background_pre2015_sensitivity_1989_2015__1989.tif,.tif,608799,2026-07-01T10:11:14+00:00,1a1d7d4628f55e89c04cc8a16688ed7122a4d5fb157f9ed02887ee1d419ba8b1,_archive/rasters/inundation_background/background_pre2015_sensitivity_1989_2015/annual
Output,Output/_archive/rasters/inundation_background/background_pre2015_sensitivity_1989_2015/annual/annual_inundated_any_background_pre2015_sensitivity_1989_2015__1990.tif,annual_inundated_any_background_pre2015_sensitivity_1989_2015__1990.tif,.tif,658041,2026-07-01T10:12:00+00:00,1320ccd70ed9ab787cda74ded5ac02686a50f3414e7f337cfc0e4ef29ca4c7c4,_archive/rasters/inundation_background/background_pre2015_sensitivity_1989_2015/annual
Output,Output/_archive/rasters/inundation_background/background_pre2015_sensitivity_1989_2015/annual/annual_inundated_any_background_pre2015_sensitivity_1989_2015__1991.tif,annual_inundated_any_background_pre2015_sensitivity_1989_2015__1991.tif,.tif,637391,2026-07-01T10:12:42+00:00,07d8916e785439774e25c35bfdcbbe9782aea8af690fec43ea76a81fac208a1a,_archive/rasters/inundation_background/background_pre2015_sensitivity_1989_2015/annual
Output,Output/_archive/rasters/inundation_background/background_pre2015_sensitivity_1989_2015/annual/annual_inundated_any_background_pre2015_sensitivity_1989_2015__1992.tif,annual_inundated_any_background_pre2015_sensitivity_1989_2015__1992.tif,.tif,637259,2026-07-01T10:13:26+00:00,acb9618b8211306f685a4a485a58a2c3ec3212b2c4ea7a6aaaf3a047f6ee4fab,_archive/rasters/inundation_background/background_pre2015_sensitivity_1989_2015/annual
Output,Output/_archive/rasters/inundation_background/background_pre2015_sensitivity_1989_2015/annual/annual_inundated_any_background_pre2015_sensitivity_1989_2015__1993.tif,annual_inundated_any_background_pre2015_sensitivity_1989_2015__1993.tif,.tif,669141,2026-07-01T10:14:14+00:00,3d0a965f8c402ff69d1db00ebd1b65b336c9919d343064f29fd70f4a13b7c4fd,_archive/rasters/inundation_background/background_pre2015_sensitivity_1989_2015/annual
Output,Output/_archive/rasters/inundation_background/background_pre2015_sensitivity_1989_2015/annual/annual_inundated_any_background_pre2015_sensitivity_1989_2015__1994.tif,annual_inundated_any_background_pre2015_sensitivity_1989_2015__1994.tif,.tif,636611,2026-07-01T10:15:06+00:00,b3f586ae2940dc9e4139c827d87f0e5b59a732ee97ce2f973c32097e5da8146f,_archive/rasters/inundation_background/background_pre2015_sensitivity_1989_2015/annual
Output,Output/_archive/rasters/inundation_background/background_pre2015_sensitivity_1989_2015/annual/annual_inundated_any_background_pre2015_sensitivity_1989_2015__1995.tif,annual_inundated_any_background_pre2015_sensitivity_1989_2015__1995.tif,.tif,471955,2026-07-01T10:16:20+00:00,fa8ed66d64e04c57529bc56e4cc4b2c29d2666f7a7c6cf8b37d1ecfd53c8a951,_archive/rasters/inundation_background/background_pre2015_sensitivity_1989_2015/annual
Output,Output/_archive/rasters/inundation_background/background_pre2015_sensitivity_1989_2015/annual/annual_inundated_any_background_pre2015_sensitivity_1989_2015__1996.tif,annual_inundated_any_background_pre2015_sensitivity_1989_2015__1996.tif,.tif,610925,2026-07-01T10:17:24+00:00,ac77288a08c29e587f0af22cb3677639f1d99e06171b0dc26b0a0e0637f6032f,_archive/rasters/inundation_background/background_pre2015_sensitivity_1989_2015/annual
Output,Output/_archive/rasters/inundation_background/background_pre2015_sensitivity_1989_2015/annual/annual_inundated_any_background_pre2015_sensitivity_1989_2015__1997.tif,annual_inundated_any_background_pre2015_sensitivity_1989_2015__1997.tif,.tif,604725,2026-07-01T10:18:20+00:00,031efad81ea5b8138392358a0fc7db76a2abc178533a52cb5d1d4db0f5ce0223,_archive/rasters/inundation_background/background_pre2015_sensitivity_1989_2015/annual
Output,Output/_archive/rasters/inundation_background/background_pre2015_sensitivity_1989_2015/annual/annual_inundated_any_background_pre2015_sensitivity_1989_2015__1998.tif,annual_inundated_any_background_pre2015_sensitivity_1989_2015__1998.tif,.tif,486507,2026-07-01T10:19:10+00:00,baa619b76ce1c639b9d1a5543919514d4338d8a3ee183bf4fd2e8a72fc738b77,_archive/rasters/inundation_background/background_pre2015_sensitivity_1989_2015/annual
Output,Output/_archive/rasters/inundation_background/background_pre2015_sensitivity_1989_2015/annual/annual_inundated_any_background_pre2015_sensitivity_1989_2015__1999.tif,annual_inundated_any_background_pre2015_sensitivity_1989_2015__1999.tif,.tif,620809,2026-07-01T10:19:54+00:00,abd533e59c1ab5b1a7dacdf1177d54b50b7cf675f24bf4f2814cdd9ae3bc1576,_archive/rasters/inundation_background/background_pre2015_sensitivity_1989_2015/annual
Output,Output/_archive/rasters/inundation_background/background_pre2015_sensitivity_1989_2015/annual/annual_inundated_any_background_pre2015_sensitivity_1989_2015__2000.tif,annual_inundated_any_background_pre2015_sensitivity_1989_2015__2000.tif,.tif,486505,2026-07-01T10:21:04+00:00,1aa2e8c256472d0a16f8cfe5e732c6099266024610a23b6921f5a0c8b5362337,_archive/rasters/inundation_background/background_pre2015_sensitivity_1989_2015/annual
Output,Output/_archive/rasters/inundation_background/background_pre2015_sensitivity_1989_2015/annual/annual_inundated_any_background_pre2015_sensitivity_1989_2015__2001.tif,annual_inundated_any_background_pre2015_sensitivity_1989_2015__2001.tif,.tif,591711,2026-07-01T10:22:34+00:00,5d641b9328f0fbbbe1e823a19eab33a5d69a4ec2a087bfd0295177d7e7b5a748,_archive/rasters/inundation_background/background_pre2015_sensitivity_1989_2015/annual
Output,Output/_archive/rasters/inundation_background/background_pre2015_sensitivity_1989_2015/annual/annual_inundated_any_background_pre2015_sensitivity_1989_2015__2002.tif,annual_inundated_any_background_pre2015_sensitivity_1989_2015__2002.tif,.tif,497141,2026-07-01T10:23:44+00:00,0c58e6da4365d7112057257c99fcc16dd15277904f5caddb8b3061a343031c64,_archive/rasters/inundation_background/background_pre2015_sensitivity_1989_2015/annual
Output,Output/_archive/rasters/inundation_background/background_pre2015_sensitivity_1989_2015/annual/annual_inundated_any_background_pre2015_sensitivity_1989_2015__2003.tif,annual_inundated_any_background_pre2015_sensitivity_1989_2015__2003.tif,.tif,559121,2026-07-01T10:24:40+00:00,0bb8c79dbdd787e171c128c9ba673806fe1fa42637f59b302b74becddb693cac,_archive/rasters/inundation_background/background_pre2015_sensitivity_1989_2015/annual
Output,Output/_archive/rasters/inundation_background/background_pre2015_sensitivity_1989_2015/annual/annual_inundated_any_background_pre2015_sensitivity_1989_2015__2004.tif,annual_inundated_any_background_pre2015_sensitivity_1989_2015__2004.tif,.tif,462211,2026-07-01T10:25:56+00:00,4d04e6eeb9374bb20fa26be9db456358eaab6b2ccf7729d4c5542b5f04e287ec,_archive/rasters/inundation_background/background_pre2015_sensitivity_1989_2015/annual
Output,Output/_archive/rasters/inundation_background/background_pre2015_sensitivity_1989_2015/annual/annual_inundated_any_background_pre2015_sensitivity_1989_2015__2005.tif,annual_inundated_any_background_pre2015_sensitivity_1989_2015__2005.tif,.tif,493351,2026-07-01T10:27:18+00:00,cccf7c5becf6d31bf66c10e637c35963cf9bf885091d2da413681a5c4da2908d,_archive/rasters/inundation_background/background_pre2015_sensitivity_1989_2015/annual
Output,Output/_archive/rasters/inundation_background/background_pre2015_sensitivity_1989_2015/annual/annual_inundated_any_background_pre2015_sensitivity_1989_2015__2006.tif,annual_inundated_any_background_pre2015_sensitivity_1989_2015__2006.tif,.tif,590081,2026-07-01T10:28:04+00:00,ff3797d8024417438028c45be153415f9c85dfc227360783f9c17b39fd294b80,_archive/rasters/inundation_background/background_pre2015_sensitivity_1989_2015/annual
Output,Output/_archive/rasters/inundation_background/background_pre2015_sensitivity_1989_2015/annual/annual_inundated_any_background_pre2015_sensitivity_1989_2015__2007.tif,annual_inundated_any_background_pre2015_sensitivity_1989_2015__2007.tif,.tif,453181,2026-07-01T10:28:34+00:00,0503389e0d0042e7c097a6beac3643e577d622be578cd2cb78ed53c018425170,_archive/rasters/inundation_background/background_pre2015_sensitivity_1989_2015/annual
Output,Output/_archive/rasters/inundation_background/background_pre2015_sensitivity_1989_2015/annual/annual_inundated_any_background_pre2015_sensitivity_1989_2015__2008.tif,annual_inundated_any_background_pre2015_sensitivity_1989_2015__2008.tif,.tif,461947,2026-07-01T10:29:10+00:00,000212ad2a159342eb5853ebd168d71747ce7c7ff3342bd58e722839004e7bba,_archive/rasters/inundation_background/background_pre2015_sensitivity_1989_2015/annual
Output,Output/_archive/rasters/inundation_background/background_pre2015_sensitivity_1989_2015/annual/annual_inundated_any_background_pre2015_sensitivity_1989_2015__2009.tif,annual_inundated_any_background_pre2015_sensitivity_1989_2015__2009.tif,.tif,463095,2026-07-01T10:29:48+00:00,3bf98151cb99f431f0b95151ed44c8dcb23cc96ebd15e0bca567e52e74958722,_archive/rasters/inundation_background/background_pre2015_sensitivity_1989_2015/annual
Output,Output/_archive/rasters/inundation_background/background_pre2015_sensitivity_1989_2015/annual/annual_inundated_any_background_pre2015_sensitivity_1989_2015__2010.tif,annual_inundated_any_background_pre2015_sensitivity_1989_2015__2010.tif,.tif,530407,2026-07-01T10:30:24+00:00,598b90d3d6d21c9fdf545fb60c74a8e9c3a7ffa1281a83f68f7a2bacd95d9ffe,_archive/rasters/inundation_background/background_pre2015_sensitivity_1989_2015/annual
Output,Output/_archive/rasters/inundation_background/background_pre2015_sensitivity_1989_2015/annual/annual_inundated_any_background_pre2015_sensitivity_1989_2015__2011.tif,annual_inundated_any_background_pre2015_sensitivity_1989_2015__2011.tif,.tif,652103,2026-07-01T10:30:58+00:00,e0c9759c321195ebceaba11f0e170857cec54a8ac8420b55944276ebb209598c,_archive/rasters/inundation_background/background_pre2015_sensitivity_1989_2015/annual
Output,Output/_archive/rasters/inundation_background/background_pre2015_sensitivity_1989_2015/annual/annual_inundated_any_background_pre2015_sensitivity_1989_2015__2012.tif,annual_inundated_any_background_pre2015_sensitivity_1989_2015__2012.tif,.tif,627069,2026-07-01T10:31:34+00:00,c716920fd0533c2b7b801250b06123fa85364dbae5f4a13bc703f91eff967375,_archive/rasters/inundation_background/background_pre2015_sensitivity_1989_2015/annual
Output,Output/_archive/rasters/inundation_background/background_pre2015_sensitivity_1989_2015/annual/annual_inundated_any_background_pre2015_sensitivity_1989_2015__2013.tif,annual_inundated_any_background_pre2015_sensitivity_1989_2015__2013.tif,.tif,585699,2026-07-01T10:32:06+00:00,79641870beb47ac8301321350ff492ed330fc8fd97f8509120cef4305119fd6d,_archive/rasters/inundation_background/background_pre2015_sensitivity_1989_2015/annual
Output,Output/_archive/rasters/inundation_background/background_pre2015_sensitivity_1989_2015/annual/annual_inundated_any_background_pre2015_sensitivity_1989_2015__2014.tif,annual_inundated_any_background_pre2015_sensitivity_1989_2015__2014.tif,.tif,535427,2026-07-01T10:32:36+00:00,409cbed8af7298f58c70a16f4d39498946c09e205c0ffe7f6af6d51e687a00b8,_archive/rasters/inundation_background/background_pre2015_sensitivity_1989_2015/annual
Output,Output/_archive/rasters/inundation_background/background_pre2015_sensitivity_1989_2015/annual/annual_inundated_any_background_pre2015_sensitivity_1989_2015__2015.tif,annual_inundated_any_background_pre2015_sensitivity_1989_2015__2015.tif,.tif,542883,2026-07-01T10:32:58+00:00,6b48ab9c930520e981e47b9212f51a431993b642f58b7487bfa7e161741339e5,_archive/rasters/inundation_background/background_pre2015_sensitivity_1989_2015/annual
Output,Output/_archive/rasters/inundation_background/background_pre2015_sensitivity_1989_2015/annual/annual_valid_any_background_pre2015_sensitivity_1989_2015__1989.tif,annual_valid_any_background_pre2015_sensitivity_1989_2015__1989.tif,.tif,587527,2026-07-01T10:11:14+00:00,e6472f59e2472748eb7241ae0e068f0e93eae6f6075f1afc45f5061d323c6c12,_archive/rasters/inundation_background/background_pre2015_sensitivity_1989_2015/annual
Output,Output/_archive/rasters/inundation_background/background_pre2015_sensitivity_1989_2015/annual/annual_valid_any_background_pre2015_sensitivity_1989_2015__1990.tif,annual_valid_any_background_pre2015_sensitivity_1989_2015__1990.tif,.tif,587527,2026-07-01T10:12:00+00:00,e6472f59e2472748eb7241ae0e068f0e93eae6f6075f1afc45f5061d323c6c12,_archive/rasters/inundation_background/background_pre2015_sensitivity_1989_2015/annual
Output,Output/_archive/rasters/inundation_background/background_pre2015_sensitivity_1989_2015/annual/annual_valid_any_background_pre2015_sensitivity_1989_2015__1991.tif,annual_valid_any_background_pre2015_sensitivity_1989_2015__1991.tif,.tif,587527,2026-07-01T10:12:44+00:00,e6472f59e2472748eb7241ae0e068f0e93eae6f6075f1afc45f5061d323c6c12,_archive/rasters/inundation_background/background_pre2015_sensitivity_1989_2015/annual
Output,Output/_archive/rasters/inundation_background/background_pre2015_sensitivity_1989_2015/annual/annual_valid_any_background_pre2015_sensitivity_1989_2015__1992.tif,annual_valid_any_background_pre2015_sensitivity_1989_2015__1992.tif,.tif,587527,2026-07-01T10:13:26+00:00,e6472f59e2472748eb7241ae0e068f0e93eae6f6075f1afc45f5061d323c6c12,_archive/rasters/inundation_background/background_pre2015_sensitivity_1989_2015/annual
Output,Output/_archive/rasters/inundation_background/background_pre2015_sensitivity_1989_2015/annual/annual_valid_any_background_pre2015_sensitivity_1989_2015__1993.tif,annual_valid_any_background_pre2015_sensitivity_1989_2015__1993.tif,.tif,587527,2026-07-01T10:14:14+00:00,e6472f59e2472748eb7241ae0e068f0e93eae6f6075f1afc45f5061d323c6c12,_archive/rasters/inundation_background/background_pre2015_sensitivity_1989_2015/annual
Output,Output/_archive/rasters/inundation_background/background_pre2015_sensitivity_1989_2015/annual/annual_valid_any_background_pre2015_sensitivity_1989_2015__1994.tif,annual_valid_any_background_pre2015_sensitivity_1989_2015__1994.tif,.tif,587527,2026-07-01T10:15:06+00:00,e6472f59e2472748eb7241ae0e068f0e93eae6f6075f1afc45f5061d323c6c12,_archive/rasters/inundation_background/background_pre2015_sensitivity_1989_2015/annual
Output,Output/_archive/rasters/inundation_background/background_pre2015_sensitivity_1989_2015/annual/annual_valid_any_background_pre2015_sensitivity_1989_2015__1995.tif,annual_valid_any_background_pre2015_sensitivity_1989_2015__1995.tif,.tif,587527,2026-07-01T10:16:22+00:00,e6472f59e2472748eb7241ae0e068f0e93eae6f6075f1afc45f5061d323c6c12,_archive/rasters/inundation_background/background_pre2015_sensitivity_1989_2015/annual
Output,Output/_archive/rasters/inundation_background/background_pre2015_sensitivity_1989_2015/annual/annual_valid_any_background_pre2015_sensitivity_1989_2015__1996.tif,annual_valid_any_background_pre2015_sensitivity_1989_2015__1996.tif,.tif,587527,2026-07-01T10:17:24+00:00,e6472f59e2472748eb7241ae0e068f0e93eae6f6075f1afc45f5061d323c6c12,_archive/rasters/inundation_background/background_pre2015_sensitivity_1989_2015/annual
Output,Output/_archive/rasters/inundation_background/background_pre2015_sensitivity_1989_2015/annual/annual_valid_any_background_pre2015_sensitivity_1989_2015__1997.tif,annual_valid_any_background_pre2015_sensitivity_1989_2015__1997.tif,.tif,587527,2026-07-01T10:18:22+00:00,e6472f59e2472748eb7241ae0e068f0e93eae6f6075f1afc45f5061d323c6c12,_archive/rasters/inundation_background/background_pre2015_sensitivity_1989_2015/annual
Output,Output/_archive/rasters/inundation_background/background_pre2015_sensitivity_1989_2015/annual/annual_valid_any_background_pre2015_sensitivity_1989_2015__1998.tif,annual_valid_any_background_pre2015_sensitivity_1989_2015__1998.tif,.tif,587527,2026-07-01T10:19:10+00:00,e6472f59e2472748eb7241ae0e068f0e93eae6f6075f1afc45f5061d323c6c12,_archive/rasters/inundation_background/background_pre2015_sensitivity_1989_2015/annual
Output,Output/_archive/rasters/inundation_background/background_pre2015_sensitivity_1989_2015/annual/annual_valid_any_background_pre2015_sensitivity_1989_2015__1999.tif,annual_valid_any_background_pre2015_sensitivity_1989_2015__1999.tif,.tif,587527,2026-07-01T10:19:54+00:00,e6472f59e2472748eb7241ae0e068f0e93eae6f6075f1afc45f5061d323c6c12,_archive/rasters/inundation_background/background_pre2015_sensitivity_1989_2015/annual
Output,Output/_archive/rasters/inundation_background/background_pre2015_sensitivity_1989_2015/annual/annual_valid_any_background_pre2015_sensitivity_1989_2015__2000.tif,annual_valid_any_background_pre2015_sensitivity_1989_2015__2000.tif,.tif,587527,2026-07-01T10:21:06+00:00,e6472f59e2472748eb7241ae0e068f0e93eae6f6075f1afc45f5061d323c6c12,_archive/rasters/inundation_background/background_pre2015_sensitivity_1989_2015/annual
Output,Output/_archive/rasters/inundation_background/background_pre2015_sensitivity_1989_2015/annual/annual_valid_any_background_pre2015_sensitivity_1989_2015__2001.tif,annual_valid_any_background_pre2015_sensitivity_1989_2015__2001.tif,.tif,587527,2026-07-01T10:22:36+00:00,e6472f59e2472748eb7241ae0e068f0e93eae6f6075f1afc45f5061d323c6c12,_archive/rasters/inundation_background/background_pre2015_sensitivity_1989_2015/annual
Output,Output/_archive/rasters/inundation_background/background_pre2015_sensitivity_1989_2015/annual/annual_valid_any_background_pre2015_sensitivity_1989_2015__2002.tif,annual_valid_any_background_pre2015_sensitivity_1989_2015__2002.tif,.tif,587527,2026-07-01T10:23:44+00:00,e6472f59e2472748eb7241ae0e068f0e93eae6f6075f1afc45f5061d323c6c12,_archive/rasters/inundation_background/background_pre2015_sensitivity_1989_2015/annual
Output,Output/_archive/rasters/inundation_background/background_pre2015_sensitivity_1989_2015/annual/annual_valid_any_background_pre2015_sensitivity_1989_2015__2003.tif,annual_valid_any_background_pre2015_sensitivity_1989_2015__2003.tif,.tif,587527,2026-07-01T10:24:42+00:00,e6472f59e2472748eb7241ae0e068f0e93eae6f6075f1afc45f5061d323c6c12,_archive/rasters/inundation_background/background_pre2015_sensitivity_1989_2015/annual
Output,Output/_archive/rasters/inundation_background/background_pre2015_sensitivity_1989_2015/annual/annual_valid_any_background_pre2015_sensitivity_1989_2015__2004.tif,annual_valid_any_background_pre2015_sensitivity_1989_2015__2004.tif,.tif,587527,2026-07-01T10:25:58+00:00,e6472f59e2472748eb7241ae0e068f0e93eae6f6075f1afc45f5061d323c6c12,_archive/rasters/inundation_background/background_pre2015_sensitivity_1989_2015/annual
Output,Output/_archive/rasters/inundation_background/background_pre2015_sensitivity_1989_2015/annual/annual_valid_any_background_pre2015_sensitivity_1989_2015__2005.tif,annual_valid_any_background_pre2015_sensitivity_1989_2015__2005.tif,.tif,587527,2026-07-01T10:27:18+00:00,e6472f59e2472748eb7241ae0e068f0e93eae6f6075f1afc45f5061d323c6c12,_archive/rasters/inundation_background/background_pre2015_sensitivity_1989_2015/annual
Output,Output/_archive/rasters/inundation_background/background_pre2015_sensitivity_1989_2015/annual/annual_valid_any_background_pre2015_sensitivity_1989_2015__2006.tif,annual_valid_any_background_pre2015_sensitivity_1989_2015__2006.tif,.tif,587527,2026-07-01T10:28:04+00:00,e6472f59e2472748eb7241ae0e068f0e93eae6f6075f1afc45f5061d323c6c12,_archive/rasters/inundation_background/background_pre2015_sensitivity_1989_2015/annual
Output,Output/_archive/rasters/inundation_background/background_pre2015_sensitivity_1989_2015/annual/annual_valid_any_background_pre2015_sensitivity_1989_2015__2007.tif,annual_valid_any_background_pre2015_sensitivity_1989_2015__2007.tif,.tif,587527,2026-07-01T10:28:36+00:00,e6472f59e2472748eb7241ae0e068f0e93eae6f6075f1afc45f5061d323c6c12,_archive/rasters/inundation_background/background_pre2015_sensitivity_1989_2015/annual
Output,Output/_archive/rasters/inundation_background/background_pre2015_sensitivity_1989_2015/annual/annual_valid_any_background_pre2015_sensitivity_1989_2015__2008.tif,annual_valid_any_background_pre2015_sensitivity_1989_2015__2008.tif,.tif,587527,2026-07-01T10:29:12+00:00,e6472f59e2472748eb7241ae0e068f0e93eae6f6075f1afc45f5061d323c6c12,_archive/rasters/inundation_background/background_pre2015_sensitivity_1989_2015/annual
Output,Output/_archive/rasters/inundation_background/background_pre2015_sensitivity_1989_2015/annual/annual_valid_any_background_pre2015_sensitivity_1989_2015__2009.tif,annual_valid_any_background_pre2015_sensitivity_1989_2015__2009.tif,.tif,587527,2026-07-01T10:29:48+00:00,e6472f59e2472748eb7241ae0e068f0e93eae6f6075f1afc45f5061d323c6c12,_archive/rasters/inundation_background/background_pre2015_sensitivity_1989_2015/annual
Output,Output/_archive/rasters/inundation_background/background_pre2015_sensitivity_1989_2015/annual/annual_valid_any_background_pre2015_sensitivity_1989_2015__2010.tif,annual_valid_any_background_pre2015_sensitivity_1989_2015__2010.tif,.tif,587527,2026-07-01T10:30:24+00:00,e6472f59e2472748eb7241ae0e068f0e93eae6f6075f1afc45f5061d323c6c12,_archive/rasters/inundation_background/background_pre2015_sensitivity_1989_2015/annual
Output,Output/_archive/rasters/inundation_background/background_pre2015_sensitivity_1989_2015/annual/annual_valid_any_background_pre2015_sensitivity_1989_2015__2011.tif,annual_valid_any_background_pre2015_sensitivity_1989_2015__2011.tif,.tif,587527,2026-07-01T10:30:58+00:00,e6472f59e2472748eb7241ae0e068f0e93eae6f6075f1afc45f5061d323c6c12,_archive/rasters/inundation_background/background_pre2015_sensitivity_1989_2015/annual
Output,Output/_archive/rasters/inundation_background/background_pre2015_sensitivity_1989_2015/annual/annual_valid_any_background_pre2015_sensitivity_1989_2015__2012.tif,annual_valid_any_background_pre2015_sensitivity_1989_2015__2012.tif,.tif,587527,2026-07-01T10:31:34+00:00,e6472f59e2472748eb7241ae0e068f0e93eae6f6075f1afc45f5061d323c6c12,_archive/rasters/inundation_background/background_pre2015_sensitivity_1989_2015/annual
Output,Output/_archive/rasters/inundation_background/background_pre2015_sensitivity_1989_2015/annual/annual_valid_any_background_pre2015_sensitivity_1989_2015__2013.tif,annual_valid_any_background_pre2015_sensitivity_1989_2015__2013.tif,.tif,587527,2026-07-01T10:32:06+00:00,e6472f59e2472748eb7241ae0e068f0e93eae6f6075f1afc45f5061d323c6c12,_archive/rasters/inundation_background/background_pre2015_sensitivity_1989_2015/annual
Output,Output/_archive/rasters/inundation_background/background_pre2015_sensitivity_1989_2015/annual/annual_valid_any_background_pre2015_sensitivity_1989_2015__2014.tif,annual_valid_any_background_pre2015_sensitivity_1989_2015__2014.tif,.tif,587527,2026-07-01T10:32:36+00:00,e6472f59e2472748eb7241ae0e068f0e93eae6f6075f1afc45f5061d323c6c12,_archive/rasters/inundation_background/background_pre2015_sensitivity_1989_2015/annual
Output,Output/_archive/rasters/inundation_background/background_pre2015_sensitivity_1989_2015/annual/annual_valid_any_background_pre2015_sensitivity_1989_2015__2015.tif,annual_valid_any_background_pre2015_sensitivity_1989_2015__2015.tif,.tif,587527,2026-07-01T10:32:58+00:00,e6472f59e2472748eb7241ae0e068f0e93eae6f6075f1afc45f5061d323c6c12,_archive/rasters/inundation_background/background_pre2015_sensitivity_1989_2015/annual
Output,Output/_archive/rasters/inundation_background/background_strict_1989_2014/background_strict_1989_2014_inundation_frequency_pct.tif,background_strict_1989_2014_inundation_frequency_pct.tif,.tif,1594409,2026-07-02T01:34:48+00:00,af775c0f28313b25920e6870d255903d3058b0e61f26c5e36ba039b4c01c398d,_archive/rasters/inundation_background/background_strict_1989_2014
Output,Output/_archive/rasters/inundation_background/background_strict_1989_2014/background_strict_1989_2014_support_mask.tif,background_strict_1989_2014_support_mask.tif,.tif,92327,2026-07-02T01:34:56+00:00,8dd0e5b9255728a1daeac36bb7c9051ca8ddd0a4ad4d1b65f79db712270530a0,_archive/rasters/inundation_background/background_strict_1989_2014
Output,Output/_archive/rasters/inundation_background/background_strict_1989_2014/background_strict_1989_2014_valid_year_count.tif,background_strict_1989_2014_valid_year_count.tif,.tif,587585,2026-07-02T01:34:52+00:00,a529ced41e576ad28513ee5cd4311af2ca682821597cfa41cbe92e5de616dcaf,_archive/rasters/inundation_background/background_strict_1989_2014
Output,Output/_archive/rasters/inundation_background/background_strict_1989_2014/background_strict_1989_2014_wet_year_count.tif,background_strict_1989_2014_wet_year_count.tif,.tif,1434368,2026-07-02T01:34:50+00:00,c8ea207b3b3139925d629c6fa35472970ae1757b1b0c047f91eb9802e9d74188,_archive/rasters/inundation_background/background_strict_1989_2014
Output,Output/_archive/rasters/inundation_background/background_strict_1989_2014/annual/annual_inundated_any_background_strict_1989_2014__1989.tif,annual_inundated_any_background_strict_1989_2014__1989.tif,.tif,608799,2026-07-01T09:19:44+00:00,1a1d7d4628f55e89c04cc8a16688ed7122a4d5fb157f9ed02887ee1d419ba8b1,_archive/rasters/inundation_background/background_strict_1989_2014/annual
Output,Output/_archive/rasters/inundation_background/background_strict_1989_2014/annual/annual_inundated_any_background_strict_1989_2014__1990.tif,annual_inundated_any_background_strict_1989_2014__1990.tif,.tif,658041,2026-07-01T09:20:48+00:00,1320ccd70ed9ab787cda74ded5ac02686a50f3414e7f337cfc0e4ef29ca4c7c4,_archive/rasters/inundation_background/background_strict_1989_2014/annual
Output,Output/_archive/rasters/inundation_background/background_strict_1989_2014/annual/annual_inundated_any_background_strict_1989_2014__1991.tif,annual_inundated_any_background_strict_1989_2014__1991.tif,.tif,637391,2026-07-01T09:21:50+00:00,07d8916e785439774e25c35bfdcbbe9782aea8af690fec43ea76a81fac208a1a,_archive/rasters/inundation_background/background_strict_1989_2014/annual
Output,Output/_archive/rasters/inundation_background/background_strict_1989_2014/annual/annual_inundated_any_background_strict_1989_2014__1992.tif,annual_inundated_any_background_strict_1989_2014__1992.tif,.tif,637259,2026-07-01T09:22:54+00:00,acb9618b8211306f685a4a485a58a2c3ec3212b2c4ea7a6aaaf3a047f6ee4fab,_archive/rasters/inundation_background/background_strict_1989_2014/annual
Output,Output/_archive/rasters/inundation_background/background_strict_1989_2014/annual/annual_inundated_any_background_strict_1989_2014__1993.tif,annual_inundated_any_background_strict_1989_2014__1993.tif,.tif,669141,2026-07-01T09:23:54+00:00,3d0a965f8c402ff69d1db00ebd1b65b336c9919d343064f29fd70f4a13b7c4fd,_archive/rasters/inundation_background/background_strict_1989_2014/annual
Output,Output/_archive/rasters/inundation_background/background_strict_1989_2014/annual/annual_inundated_any_background_strict_1989_2014__1994.tif,annual_inundated_any_background_strict_1989_2014__1994.tif,.tif,636611,2026-07-01T09:24:56+00:00,b3f586ae2940dc9e4139c827d87f0e5b59a732ee97ce2f973c32097e5da8146f,_archive/rasters/inundation_background/background_strict_1989_2014/annual
Output,Output/_archive/rasters/inundation_background/background_strict_1989_2014/annual/annual_inundated_any_background_strict_1989_2014__1995.tif,annual_inundated_any_background_strict_1989_2014__1995.tif,.tif,471955,2026-07-01T09:26:02+00:00,fa8ed66d64e04c57529bc56e4cc4b2c29d2666f7a7c6cf8b37d1ecfd53c8a951,_archive/rasters/inundation_background/background_strict_1989_2014/annual
Output,Output/_archive/rasters/inundation_background/background_strict_1989_2014/annual/annual_inundated_any_background_strict_1989_2014__1996.tif,annual_inundated_any_background_strict_1989_2014__1996.tif,.tif,610925,2026-07-01T09:27:06+00:00,ac77288a08c29e587f0af22cb3677639f1d99e06171b0dc26b0a0e0637f6032f,_archive/rasters/inundation_background/background_strict_1989_2014/annual
Output,Output/_archive/rasters/inundation_background/background_strict_1989_2014/annual/annual_inundated_any_background_strict_1989_2014__1997.tif,annual_inundated_any_background_strict_1989_2014__1997.tif,.tif,604725,2026-07-01T09:28:12+00:00,031efad81ea5b8138392358a0fc7db76a2abc178533a52cb5d1d4db0f5ce0223,_archive/rasters/inundation_background/background_strict_1989_2014/annual
Output,Output/_archive/rasters/inundation_background/background_strict_1989_2014/annual/annual_inundated_any_background_strict_1989_2014__1998.tif,annual_inundated_any_background_strict_1989_2014__1998.tif,.tif,486507,2026-07-01T09:29:20+00:00,baa619b76ce1c639b9d1a5543919514d4338d8a3ee183bf4fd2e8a72fc738b77,_archive/rasters/inundation_background/background_strict_1989_2014/annual
Output,Output/_archive/rasters/inundation_background/background_strict_1989_2014/annual/annual_inundated_any_background_strict_1989_2014__1999.tif,annual_inundated_any_background_strict_1989_2014__1999.tif,.tif,620809,2026-07-01T09:30:24+00:00,abd533e59c1ab5b1a7dacdf1177d54b50b7cf675f24bf4f2814cdd9ae3bc1576,_archive/rasters/inundation_background/background_strict_1989_2014/annual
Output,Output/_archive/rasters/inundation_background/background_strict_1989_2014/annual/annual_inundated_any_background_strict_1989_2014__2000.tif,annual_inundated_any_background_strict_1989_2014__2000.tif,.tif,486505,2026-07-01T09:31:30+00:00,1aa2e8c256472d0a16f8cfe5e732c6099266024610a23b6921f5a0c8b5362337,_archive/rasters/inundation_background/background_strict_1989_2014/annual
Output,Output/_archive/rasters/inundation_background/background_strict_1989_2014/annual/annual_inundated_any_background_strict_1989_2014__2001.tif,annual_inundated_any_background_strict_1989_2014__2001.tif,.tif,591711,2026-07-01T09:32:34+00:00,5d641b9328f0fbbbe1e823a19eab33a5d69a4ec2a087bfd0295177d7e7b5a748,_archive/rasters/inundation_background/background_strict_1989_2014/annual
Output,Output/_archive/rasters/inundation_background/background_strict_1989_2014/annual/annual_inundated_any_background_strict_1989_2014__2002.tif,annual_inundated_any_background_strict_1989_2014__2002.tif,.tif,497141,2026-07-01T09:34:04+00:00,0c58e6da4365d7112057257c99fcc16dd15277904f5caddb8b3061a343031c64,_archive/rasters/inundation_background/background_strict_1989_2014/annual
Output,Output/_archive/rasters/inundation_background/background_strict_1989_2014/annual/annual_inundated_any_background_strict_1989_2014__2003.tif,annual_inundated_any_background_strict_1989_2014__2003.tif,.tif,559121,2026-07-01T09:35:16+00:00,0bb8c79dbdd787e171c128c9ba673806fe1fa42637f59b302b74becddb693cac,_archive/rasters/inundation_background/background_strict_1989_2014/annual
Output,Output/_archive/rasters/inundation_background/background_strict_1989_2014/annual/annual_inundated_any_background_strict_1989_2014__2004.tif,annual_inundated_any_background_strict_1989_2014__2004.tif,.tif,462211,2026-07-01T09:36:30+00:00,4d04e6eeb9374bb20fa26be9db456358eaab6b2ccf7729d4c5542b5f04e287ec,_archive/rasters/inundation_background/background_strict_1989_2014/annual
Output,Output/_archive/rasters/inundation_background/background_strict_1989_2014/annual/annual_inundated_any_background_strict_1989_2014__2005.tif,annual_inundated_any_background_strict_1989_2014__2005.tif,.tif,493351,2026-07-01T09:37:34+00:00,cccf7c5becf6d31bf66c10e637c35963cf9bf885091d2da413681a5c4da2908d,_archive/rasters/inundation_background/background_strict_1989_2014/annual
Output,Output/_archive/rasters/inundation_background/background_strict_1989_2014/annual/annual_inundated_any_background_strict_1989_2014__2006.tif,annual_inundated_any_background_strict_1989_2014__2006.tif,.tif,590081,2026-07-01T09:38:42+00:00,ff3797d8024417438028c45be153415f9c85dfc227360783f9c17b39fd294b80,_archive/rasters/inundation_background/background_strict_1989_2014/annual
Output,Output/_archive/rasters/inundation_background/background_strict_1989_2014/annual/annual_inundated_any_background_strict_1989_2014__2007.tif,annual_inundated_any_background_strict_1989_2014__2007.tif,.tif,453181,2026-07-01T09:39:34+00:00,0503389e0d0042e7c097a6beac3643e577d622be578cd2cb78ed53c018425170,_archive/rasters/inundation_background/background_strict_1989_2014/annual
Output,Output/_archive/rasters/inundation_background/background_strict_1989_2014/annual/annual_inundated_any_background_strict_1989_2014__2008.tif,annual_inundated_any_background_strict_1989_2014__2008.tif,.tif,461947,2026-07-01T09:40:20+00:00,000212ad2a159342eb5853ebd168d71747ce7c7ff3342bd58e722839004e7bba,_archive/rasters/inundation_background/background_strict_1989_2014/annual
Output,Output/_archive/rasters/inundation_background/background_strict_1989_2014/annual/annual_inundated_any_background_strict_1989_2014__2009.tif,annual_inundated_any_background_strict_1989_2014__2009.tif,.tif,463095,2026-07-01T09:41:02+00:00,3bf98151cb99f431f0b95151ed44c8dcb23cc96ebd15e0bca567e52e74958722,_archive/rasters/inundation_background/background_strict_1989_2014/annual
Output,Output/_archive/rasters/inundation_background/background_strict_1989_2014/annual/annual_inundated_any_background_strict_1989_2014__2010.tif,annual_inundated_any_background_strict_1989_2014__2010.tif,.tif,530407,2026-07-01T09:42:00+00:00,598b90d3d6d21c9fdf545fb60c74a8e9c3a7ffa1281a83f68f7a2bacd95d9ffe,_archive/rasters/inundation_background/background_strict_1989_2014/annual
Output,Output/_archive/rasters/inundation_background/background_strict_1989_2014/annual/annual_inundated_any_background_strict_1989_2014__2011.tif,annual_inundated_any_background_strict_1989_2014__2011.tif,.tif,652103,2026-07-01T09:42:52+00:00,e0c9759c321195ebceaba11f0e170857cec54a8ac8420b55944276ebb209598c,_archive/rasters/inundation_background/background_strict_1989_2014/annual
Output,Output/_archive/rasters/inundation_background/background_strict_1989_2014/annual/annual_inundated_any_background_strict_1989_2014__2012.tif,annual_inundated_any_background_strict_1989_2014__2012.tif,.tif,627069,2026-07-01T09:43:42+00:00,c716920fd0533c2b7b801250b06123fa85364dbae5f4a13bc703f91eff967375,_archive/rasters/inundation_background/background_strict_1989_2014/annual
Output,Output/_archive/rasters/inundation_background/background_strict_1989_2014/annual/annual_inundated_any_background_strict_1989_2014__2013.tif,annual_inundated_any_background_strict_1989_2014__2013.tif,.tif,585699,2026-07-01T09:44:38+00:00,79641870beb47ac8301321350ff492ed330fc8fd97f8509120cef4305119fd6d,_archive/rasters/inundation_background/background_strict_1989_2014/annual
Output,Output/_archive/rasters/inundation_background/background_strict_1989_2014/annual/annual_inundated_any_background_strict_1989_2014__2014.tif,annual_inundated_any_background_strict_1989_2014__2014.tif,.tif,535427,2026-07-01T09:45:28+00:00,409cbed8af7298f58c70a16f4d39498946c09e205c0ffe7f6af6d51e687a00b8,_archive/rasters/inundation_background/background_strict_1989_2014/annual
Output,Output/_archive/rasters/inundation_background/background_strict_1989_2014/annual/annual_valid_any_background_strict_1989_2014__1989.tif,annual_valid_any_background_strict_1989_2014__1989.tif,.tif,587527,2026-07-01T09:19:46+00:00,e6472f59e2472748eb7241ae0e068f0e93eae6f6075f1afc45f5061d323c6c12,_archive/rasters/inundation_background/background_strict_1989_2014/annual
Output,Output/_archive/rasters/inundation_background/background_strict_1989_2014/annual/annual_valid_any_background_strict_1989_2014__1990.tif,annual_valid_any_background_strict_1989_2014__1990.tif,.tif,587527,2026-07-01T09:20:50+00:00,e6472f59e2472748eb7241ae0e068f0e93eae6f6075f1afc45f5061d323c6c12,_archive/rasters/inundation_background/background_strict_1989_2014/annual
Output,Output/_archive/rasters/inundation_background/background_strict_1989_2014/annual/annual_valid_any_background_strict_1989_2014__1991.tif,annual_valid_any_background_strict_1989_2014__1991.tif,.tif,587527,2026-07-01T09:21:52+00:00,e6472f59e2472748eb7241ae0e068f0e93eae6f6075f1afc45f5061d323c6c12,_archive/rasters/inundation_background/background_strict_1989_2014/annual
Output,Output/_archive/rasters/inundation_background/background_strict_1989_2014/annual/annual_valid_any_background_strict_1989_2014__1992.tif,annual_valid_any_background_strict_1989_2014__1992.tif,.tif,587527,2026-07-01T09:22:54+00:00,e6472f59e2472748eb7241ae0e068f0e93eae6f6075f1afc45f5061d323c6c12,_archive/rasters/inundation_background/background_strict_1989_2014/annual
Output,Output/_archive/rasters/inundation_background/background_strict_1989_2014/annual/annual_valid_any_background_strict_1989_2014__1993.tif,annual_valid_any_background_strict_1989_2014__1993.tif,.tif,587527,2026-07-01T09:23:54+00:00,e6472f59e2472748eb7241ae0e068f0e93eae6f6075f1afc45f5061d323c6c12,_archive/rasters/inundation_background/background_strict_1989_2014/annual
Output,Output/_archive/rasters/inundation_background/background_strict_1989_2014/annual/annual_valid_any_background_strict_1989_2014__1994.tif,annual_valid_any_background_strict_1989_2014__1994.tif,.tif,587527,2026-07-01T09:24:58+00:00,e6472f59e2472748eb7241ae0e068f0e93eae6f6075f1afc45f5061d323c6c12,_archive/rasters/inundation_background/background_strict_1989_2014/annual
Output,Output/_archive/rasters/inundation_background/background_strict_1989_2014/annual/annual_valid_any_background_strict_1989_2014__1995.tif,annual_valid_any_background_strict_1989_2014__1995.tif,.tif,587527,2026-07-01T09:26:04+00:00,e6472f59e2472748eb7241ae0e068f0e93eae6f6075f1afc45f5061d323c6c12,_archive/rasters/inundation_background/background_strict_1989_2014/annual
Output,Output/_archive/rasters/inundation_background/background_strict_1989_2014/annual/annual_valid_any_background_strict_1989_2014__1996.tif,annual_valid_any_background_strict_1989_2014__1996.tif,.tif,587527,2026-07-01T09:27:08+00:00,e6472f59e2472748eb7241ae0e068f0e93eae6f6075f1afc45f5061d323c6c12,_archive/rasters/inundation_background/background_strict_1989_2014/annual
Output,Output/_archive/rasters/inundation_background/background_strict_1989_2014/annual/annual_valid_any_background_strict_1989_2014__1997.tif,annual_valid_any_background_strict_1989_2014__1997.tif,.tif,587527,2026-07-01T09:28:14+00:00,e6472f59e2472748eb7241ae0e068f0e93eae6f6075f1afc45f5061d323c6c12,_archive/rasters/inundation_background/background_strict_1989_2014/annual
Output,Output/_archive/rasters/inundation_background/background_strict_1989_2014/annual/annual_valid_any_background_strict_1989_2014__1998.tif,annual_valid_any_background_strict_1989_2014__1998.tif,.tif,587527,2026-07-01T09:29:20+00:00,e6472f59e2472748eb7241ae0e068f0e93eae6f6075f1afc45f5061d323c6c12,_archive/rasters/inundation_background/background_strict_1989_2014/annual
Output,Output/_archive/rasters/inundation_background/background_strict_1989_2014/annual/annual_valid_any_background_strict_1989_2014__1999.tif,annual_valid_any_background_strict_1989_2014__1999.tif,.tif,587527,2026-07-01T09:30:26+00:00,e6472f59e2472748eb7241ae0e068f0e93eae6f6075f1afc45f5061d323c6c12,_archive/rasters/inundation_background/background_strict_1989_2014/annual
Output,Output/_archive/rasters/inundation_background/background_strict_1989_2014/annual/annual_valid_any_background_strict_1989_2014__2000.tif,annual_valid_any_background_strict_1989_2014__2000.tif,.tif,587527,2026-07-01T09:31:30+00:00,e6472f59e2472748eb7241ae0e068f0e93eae6f6075f1afc45f5061d323c6c12,_archive/rasters/inundation_background/background_strict_1989_2014/annual
Output,Output/_archive/rasters/inundation_background/background_strict_1989_2014/annual/annual_valid_any_background_strict_1989_2014__2001.tif,annual_valid_any_background_strict_1989_2014__2001.tif,.tif,587527,2026-07-01T09:32:36+00:00,e6472f59e2472748eb7241ae0e068f0e93eae6f6075f1afc45f5061d323c6c12,_archive/rasters/inundation_background/background_strict_1989_2014/annual
Output,Output/_archive/rasters/inundation_background/background_strict_1989_2014/annual/annual_valid_any_background_strict_1989_2014__2002.tif,annual_valid_any_background_strict_1989_2014__2002.tif,.tif,587527,2026-07-01T09:34:06+00:00,e6472f59e2472748eb7241ae0e068f0e93eae6f6075f1afc45f5061d323c6c12,_archive/rasters/inundation_background/background_strict_1989_2014/annual
Output,Output/_archive/rasters/inundation_background/background_strict_1989_2014/annual/annual_valid_any_background_strict_1989_2014__2003.tif,annual_valid_any_background_strict_1989_2014__2003.tif,.tif,587527,2026-07-01T09:35:18+00:00,e6472f59e2472748eb7241ae0e068f0e93eae6f6075f1afc45f5061d323c6c12,_archive/rasters/inundation_background/background_strict_1989_2014/annual
Output,Output/_archive/rasters/inundation_background/background_strict_1989_2014/annual/annual_valid_any_background_strict_1989_2014__2004.tif,annual_valid_any_background_strict_1989_2014__2004.tif,.tif,587527,2026-07-01T09:36:32+00:00,e6472f59e2472748eb7241ae0e068f0e93eae6f6075f1afc45f5061d323c6c12,_archive/rasters/inundation_background/background_strict_1989_2014/annual
Output,Output/_archive/rasters/inundation_background/background_strict_1989_2014/annual/annual_valid_any_background_strict_1989_2014__2005.tif,annual_valid_any_background_strict_1989_2014__2005.tif,.tif,587527,2026-07-01T09:37:36+00:00,e6472f59e2472748eb7241ae0e068f0e93eae6f6075f1afc45f5061d323c6c12,_archive/rasters/inundation_background/background_strict_1989_2014/annual
Output,Output/_archive/rasters/inundation_background/background_strict_1989_2014/annual/annual_valid_any_background_strict_1989_2014__2006.tif,annual_valid_any_background_strict_1989_2014__2006.tif,.tif,587527,2026-07-01T09:38:42+00:00,e6472f59e2472748eb7241ae0e068f0e93eae6f6075f1afc45f5061d323c6c12,_archive/rasters/inundation_background/background_strict_1989_2014/annual
Output,Output/_archive/rasters/inundation_background/background_strict_1989_2014/annual/annual_valid_any_background_strict_1989_2014__2007.tif,annual_valid_any_background_strict_1989_2014__2007.tif,.tif,587527,2026-07-01T09:39:36+00:00,e6472f59e2472748eb7241ae0e068f0e93eae6f6075f1afc45f5061d323c6c12,_archive/rasters/inundation_background/background_strict_1989_2014/annual
Output,Output/_archive/rasters/inundation_background/background_strict_1989_2014/annual/annual_valid_any_background_strict_1989_2014__2008.tif,annual_valid_any_background_strict_1989_2014__2008.tif,.tif,587527,2026-07-01T09:40:20+00:00,e6472f59e2472748eb7241ae0e068f0e93eae6f6075f1afc45f5061d323c6c12,_archive/rasters/inundation_background/background_strict_1989_2014/annual
Output,Output/_archive/rasters/inundation_background/background_strict_1989_2014/annual/annual_valid_any_background_strict_1989_2014__2009.tif,annual_valid_any_background_strict_1989_2014__2009.tif,.tif,587527,2026-07-01T09:41:04+00:00,e6472f59e2472748eb7241ae0e068f0e93eae6f6075f1afc45f5061d323c6c12,_archive/rasters/inundation_background/background_strict_1989_2014/annual
Output,Output/_archive/rasters/inundation_background/background_strict_1989_2014/annual/annual_valid_any_background_strict_1989_2014__2010.tif,annual_valid_any_background_strict_1989_2014__2010.tif,.tif,587527,2026-07-01T09:42:02+00:00,e6472f59e2472748eb7241ae0e068f0e93eae6f6075f1afc45f5061d323c6c12,_archive/rasters/inundation_background/background_strict_1989_2014/annual
Output,Output/_archive/rasters/inundation_background/background_strict_1989_2014/annual/annual_valid_any_background_strict_1989_2014__2011.tif,annual_valid_any_background_strict_1989_2014__2011.tif,.tif,587527,2026-07-01T09:42:52+00:00,e6472f59e2472748eb7241ae0e068f0e93eae6f6075f1afc45f5061d323c6c12,_archive/rasters/inundation_background/background_strict_1989_2014/annual
Output,Output/_archive/rasters/inundation_background/background_strict_1989_2014/annual/annual_valid_any_background_strict_1989_2014__2012.tif,annual_valid_any_background_strict_1989_2014__2012.tif,.tif,587527,2026-07-01T09:43:44+00:00,e6472f59e2472748eb7241ae0e068f0e93eae6f6075f1afc45f5061d323c6c12,_archive/rasters/inundation_background/background_strict_1989_2014/annual
Output,Output/_archive/rasters/inundation_background/background_strict_1989_2014/annual/annual_valid_any_background_strict_1989_2014__2013.tif,annual_valid_any_background_strict_1989_2014__2013.tif,.tif,587527,2026-07-01T09:44:38+00:00,e6472f59e2472748eb7241ae0e068f0e93eae6f6075f1afc45f5061d323c6c12,_archive/rasters/inundation_background/background_strict_1989_2014/annual
Output,Output/_archive/rasters/inundation_background/background_strict_1989_2014/annual/annual_valid_any_background_strict_1989_2014__2014.tif,annual_valid_any_background_strict_1989_2014__2014.tif,.tif,587527,2026-07-01T09:45:28+00:00,e6472f59e2472748eb7241ae0e068f0e93eae6f6075f1afc45f5061d323c6c12,_archive/rasters/inundation_background/background_strict_1989_2014/annual
Output,Output/_archive/rasters/inundation_background/recent_landsat_only_2014_2023/recent_landsat_only_2014_2023_inundation_frequency_pct.tif,recent_landsat_only_2014_2023_inundation_frequency_pct.tif,.tif,1069183,2026-07-02T01:37:12+00:00,fc8bd6448a0c8f9be739674f9bdffc6f482a38438a75a62c63a10ad09eb3ab46,_archive/rasters/inundation_background/recent_landsat_only_2014_2023
Output,Output/_archive/rasters/inundation_background/recent_landsat_only_2014_2023/recent_landsat_only_2014_2023_support_mask.tif,recent_landsat_only_2014_2023_support_mask.tif,.tif,92331,2026-07-02T01:37:14+00:00,b513cea3ad4478c37bfdbc7db1cb9e8dba84a5c4d994d999312aa8f6c364d0b6,_archive/rasters/inundation_background/recent_landsat_only_2014_2023
Output,Output/_archive/rasters/inundation_background/recent_landsat_only_2014_2023/recent_landsat_only_2014_2023_valid_year_count.tif,recent_landsat_only_2014_2023_valid_year_count.tif,.tif,587589,2026-07-02T01:37:14+00:00,0525ea4344cf67523d679c87c44ed5fe8e41ddca61cbee582bb116a213fba00b,_archive/rasters/inundation_background/recent_landsat_only_2014_2023
Output,Output/_archive/rasters/inundation_background/recent_landsat_only_2014_2023/recent_landsat_only_2014_2023_wet_year_count.tif,recent_landsat_only_2014_2023_wet_year_count.tif,.tif,1064798,2026-07-02T01:37:12+00:00,11468ed74467869df334d62cb7bef3883b724ae869dca3146d53a2f447dafed9,_archive/rasters/inundation_background/recent_landsat_only_2014_2023
Output,Output/_archive/rasters/inundation_background/recent_landsat_only_2014_2023/annual/annual_inundated_any_recent_landsat_only_2014_2023__2014.tif,annual_inundated_any_recent_landsat_only_2014_2023__2014.tif,.tif,535427,2026-07-01T10:33:58+00:00,409cbed8af7298f58c70a16f4d39498946c09e205c0ffe7f6af6d51e687a00b8,_archive/rasters/inundation_background/recent_landsat_only_2014_2023/annual
Output,Output/_archive/rasters/inundation_background/recent_landsat_only_2014_2023/annual/annual_inundated_any_recent_landsat_only_2014_2023__2015.tif,annual_inundated_any_recent_landsat_only_2014_2023__2015.tif,.tif,542883,2026-07-01T10:34:22+00:00,6b48ab9c930520e981e47b9212f51a431993b642f58b7487bfa7e161741339e5,_archive/rasters/inundation_background/recent_landsat_only_2014_2023/annual
Output,Output/_archive/rasters/inundation_background/recent_landsat_only_2014_2023/annual/annual_inundated_any_recent_landsat_only_2014_2023__2016.tif,annual_inundated_any_recent_landsat_only_2014_2023__2016.tif,.tif,512873,2026-07-01T10:34:46+00:00,acba47b38728d20ce5082402b82b7647e0936f73322f70cec711c57b024a4a53,_archive/rasters/inundation_background/recent_landsat_only_2014_2023/annual
Output,Output/_archive/rasters/inundation_background/recent_landsat_only_2014_2023/annual/annual_inundated_any_recent_landsat_only_2014_2023__2017.tif,annual_inundated_any_recent_landsat_only_2014_2023__2017.tif,.tif,622515,2026-07-01T10:35:18+00:00,5c663d7233e3616fe232ac9229274854943d3e7cc409937d4791efa859c89037,_archive/rasters/inundation_background/recent_landsat_only_2014_2023/annual
Output,Output/_archive/rasters/inundation_background/recent_landsat_only_2014_2023/annual/annual_inundated_any_recent_landsat_only_2014_2023__2018.tif,annual_inundated_any_recent_landsat_only_2014_2023__2018.tif,.tif,520801,2026-07-01T10:35:46+00:00,bfae7d5f66a4df1057033e5459eb627dd72f24a2c2c9607a99e4bde2e1aabee7,_archive/rasters/inundation_background/recent_landsat_only_2014_2023/annual
Output,Output/_archive/rasters/inundation_background/recent_landsat_only_2014_2023/annual/annual_inundated_any_recent_landsat_only_2014_2023__2019.tif,annual_inundated_any_recent_landsat_only_2014_2023__2019.tif,.tif,519911,2026-07-01T10:36:30+00:00,c3ba9183f6973d9b15ab49dd73a398fbc5994e28c5c470357a6ef7bd60bf7ff5,_archive/rasters/inundation_background/recent_landsat_only_2014_2023/annual
Output,Output/_archive/rasters/inundation_background/recent_landsat_only_2014_2023/annual/annual_inundated_any_recent_landsat_only_2014_2023__2020.tif,annual_inundated_any_recent_landsat_only_2014_2023__2020.tif,.tif,506955,2026-07-01T10:37:12+00:00,5f5fb8e52144153582ddf008d13de0f493714225ab887d5afbb10071b4960435,_archive/rasters/inundation_background/recent_landsat_only_2014_2023/annual
Output,Output/_archive/rasters/inundation_background/recent_landsat_only_2014_2023/annual/annual_inundated_any_recent_landsat_only_2014_2023__2021.tif,annual_inundated_any_recent_landsat_only_2014_2023__2021.tif,.tif,575833,2026-07-01T10:37:56+00:00,3315254ccee8aa078eae6128adea6500c50358d016c3c7f0417c1630189d1cfa,_archive/rasters/inundation_background/recent_landsat_only_2014_2023/annual
Output,Output/_archive/rasters/inundation_background/recent_landsat_only_2014_2023/annual/annual_inundated_any_recent_landsat_only_2014_2023__2022.tif,annual_inundated_any_recent_landsat_only_2014_2023__2022.tif,.tif,644369,2026-07-01T10:38:42+00:00,fcce453874f561e5135d2d0201c9c070e6250f8769ef5320986f5a47d57b0b53,_archive/rasters/inundation_background/recent_landsat_only_2014_2023/annual
Output,Output/_archive/rasters/inundation_background/recent_landsat_only_2014_2023/annual/annual_inundated_any_recent_landsat_only_2014_2023__2023.tif,annual_inundated_any_recent_landsat_only_2014_2023__2023.tif,.tif,626493,2026-07-01T10:39:26+00:00,278749ecc6c3a1a62b452c9406fbcc469d7a6aaaba3ca18ef9050c48d8f61638,_archive/rasters/inundation_background/recent_landsat_only_2014_2023/annual
Output,Output/_archive/rasters/inundation_background/recent_landsat_only_2014_2023/annual/annual_valid_any_recent_landsat_only_2014_2023__2014.tif,annual_valid_any_recent_landsat_only_2014_2023__2014.tif,.tif,587527,2026-07-01T10:33:58+00:00,e6472f59e2472748eb7241ae0e068f0e93eae6f6075f1afc45f5061d323c6c12,_archive/rasters/inundation_background/recent_landsat_only_2014_2023/annual
Output,Output/_archive/rasters/inundation_background/recent_landsat_only_2014_2023/annual/annual_valid_any_recent_landsat_only_2014_2023__2015.tif,annual_valid_any_recent_landsat_only_2014_2023__2015.tif,.tif,587527,2026-07-01T10:34:24+00:00,e6472f59e2472748eb7241ae0e068f0e93eae6f6075f1afc45f5061d323c6c12,_archive/rasters/inundation_background/recent_landsat_only_2014_2023/annual
Output,Output/_archive/rasters/inundation_background/recent_landsat_only_2014_2023/annual/annual_valid_any_recent_landsat_only_2014_2023__2016.tif,annual_valid_any_recent_landsat_only_2014_2023__2016.tif,.tif,587527,2026-07-01T10:34:48+00:00,e6472f59e2472748eb7241ae0e068f0e93eae6f6075f1afc45f5061d323c6c12,_archive/rasters/inundation_background/recent_landsat_only_2014_2023/annual
Output,Output/_archive/rasters/inundation_background/recent_landsat_only_2014_2023/annual/annual_valid_any_recent_landsat_only_2014_2023__2017.tif,annual_valid_any_recent_landsat_only_2014_2023__2017.tif,.tif,587527,2026-07-01T10:35:18+00:00,e6472f59e2472748eb7241ae0e068f0e93eae6f6075f1afc45f5061d323c6c12,_archive/rasters/inundation_background/recent_landsat_only_2014_2023/annual
Output,Output/_archive/rasters/inundation_background/recent_landsat_only_2014_2023/annual/annual_valid_any_recent_landsat_only_2014_2023__2018.tif,annual_valid_any_recent_landsat_only_2014_2023__2018.tif,.tif,587527,2026-07-01T10:35:46+00:00,e6472f59e2472748eb7241ae0e068f0e93eae6f6075f1afc45f5061d323c6c12,_archive/rasters/inundation_background/recent_landsat_only_2014_2023/annual
Output,Output/_archive/rasters/inundation_background/recent_landsat_only_2014_2023/annual/annual_valid_any_recent_landsat_only_2014_2023__2019.tif,annual_valid_any_recent_landsat_only_2014_2023__2019.tif,.tif,587527,2026-07-01T10:36:32+00:00,e6472f59e2472748eb7241ae0e068f0e93eae6f6075f1afc45f5061d323c6c12,_archive/rasters/inundation_background/recent_landsat_only_2014_2023/annual
Output,Output/_archive/rasters/inundation_background/recent_landsat_only_2014_2023/annual/annual_valid_any_recent_landsat_only_2014_2023__2020.tif,annual_valid_any_recent_landsat_only_2014_2023__2020.tif,.tif,587527,2026-07-01T10:37:12+00:00,e6472f59e2472748eb7241ae0e068f0e93eae6f6075f1afc45f5061d323c6c12,_archive/rasters/inundation_background/recent_landsat_only_2014_2023/annual
Output,Output/_archive/rasters/inundation_background/recent_landsat_only_2014_2023/annual/annual_valid_any_recent_landsat_only_2014_2023__2021.tif,annual_valid_any_recent_landsat_only_2014_2023__2021.tif,.tif,587527,2026-07-01T10:37:56+00:00,e6472f59e2472748eb7241ae0e068f0e93eae6f6075f1afc45f5061d323c6c12,_archive/rasters/inundation_background/recent_landsat_only_2014_2023/annual
Output,Output/_archive/rasters/inundation_background/recent_landsat_only_2014_2023/annual/annual_valid_any_recent_landsat_only_2014_2023__2022.tif,annual_valid_any_recent_landsat_only_2014_2023__2022.tif,.tif,587527,2026-07-01T10:38:42+00:00,e6472f59e2472748eb7241ae0e068f0e93eae6f6075f1afc45f5061d323c6c12,_archive/rasters/inundation_background/recent_landsat_only_2014_2023/annual
Output,Output/_archive/rasters/inundation_background/recent_landsat_only_2014_2023/annual/annual_valid_any_recent_landsat_only_2014_2023__2023.tif,annual_valid_any_recent_landsat_only_2014_2023__2023.tif,.tif,587527,2026-07-01T10:39:26+00:00,e6472f59e2472748eb7241ae0e068f0e93eae6f6075f1afc45f5061d323c6c12,_archive/rasters/inundation_background/recent_landsat_only_2014_2023/annual
Output,Output/_archive/reports/adrian_review_png_assets/codex_handoff_report.md,codex_handoff_report.md,.md,3740,2026-06-17T04:00:40+00:00,9f183300ae0b2625eabf83653fa176612f040967787b117ec757562f9b4c6cb5,_archive/reports/adrian_review_png_assets
Output,Output/_archive/reports/adrian_review_png_assets/dashboard_GA_001_review.png,dashboard_GA_001_review.png,.png,519328,2026-06-17T02:54:28+00:00,f2944336f1d336f3ae69dd406eab239b8741d432403ead04ff4169536ac02d36,_archive/reports/adrian_review_png_assets
Output,Output/_archive/reports/adrian_review_png_assets/dashboard_GA_003_review.png,dashboard_GA_003_review.png,.png,467322,2026-06-17T02:54:34+00:00,c977dcaa924f08eb0471a322dfb9c32d65b55a8d829d21a3c37837ce86d37d11,_archive/reports/adrian_review_png_assets
Output,Output/_archive/reports/adrian_review_png_assets/dashboard_GA_012_review.png,dashboard_GA_012_review.png,.png,541860,2026-06-17T02:54:40+00:00,0678bf93909a5787266851c2169c82874432550b171c0eca67c03a5ae1cf7f17,_archive/reports/adrian_review_png_assets
Output,Output/_archive/reports/adrian_review_png_assets/dashboard_GA_019_review.png,dashboard_GA_019_review.png,.png,498322,2026-06-17T02:54:46+00:00,50617b484e5bc07d2a228a5e1c2d3c05b89b086e983d2f01226d8945fa4b62c4,_archive/reports/adrian_review_png_assets
Output,Output/_archive/reports/adrian_review_png_assets/dashboard_GA_026_review.png,dashboard_GA_026_review.png,.png,561522,2026-06-17T02:54:54+00:00,d18d8abf4bb936ae57472517e6e33d3190cf3e57cad3537c50d84f3f01d3a69b,_archive/reports/adrian_review_png_assets
Output,Output/_archive/reports/adrian_review_png_assets/dashboard_GA_032_review.png,dashboard_GA_032_review.png,.png,610765,2026-06-17T02:55:00+00:00,f48948568aa25678a2714bfa4e79ee567f550bccd9a7f6966561ce2da3b0da34,_archive/reports/adrian_review_png_assets
Output,Output/_archive/reports/adrian_review_png_assets/dashboard_GA_035_review.png,dashboard_GA_035_review.png,.png,584773,2026-06-17T02:55:06+00:00,9a269691ff1a9f1a4b7f5460481d9c9be8cef606f2ce17158ece6d7dcae52e6e,_archive/reports/adrian_review_png_assets
Output,Output/_archive/reports/adrian_review_png_assets/dashboard_GA_043_review.png,dashboard_GA_043_review.png,.png,559938,2026-06-17T02:55:12+00:00,a55abf7c4e9abefaeb672c7e56d70ebcdcfd67781ce6e7b732e14aefeefa1b4e,_archive/reports/adrian_review_png_assets
Output,Output/_archive/reports/adrian_review_png_assets/dashboard_GA_052_review.png,dashboard_GA_052_review.png,.png,507088,2026-06-17T02:55:18+00:00,13bfe19225a94de8ca1d9cef9836aaab6593a998b1f487ba8386717c35a878df,_archive/reports/adrian_review_png_assets
Output,Output/_archive/reports/adrian_review_png_assets/dashboard_GA_065_review.png,dashboard_GA_065_review.png,.png,491948,2026-06-17T02:55:24+00:00,3d3ba3d3afbc9e982e467a0319f72e8c613f5d4d364152cddcafe87445123a0a,_archive/reports/adrian_review_png_assets
Output,Output/_archive/reports/adrian_review_png_assets/dashboard_index.csv,dashboard_index.csv,.csv,2545,2026-06-17T02:55:24+00:00,681cab4062e527d8b1c7ab04afc766e06eaa2cdbd0c39d926f6c33de903c392f,_archive/reports/adrian_review_png_assets
Output,Output/_archive/reports/adrian_review_png_assets/dashboard_metric_explanation.png,dashboard_metric_explanation.png,.png,185655,2026-06-17T02:55:44+00:00,4e77cc21b2af89e386376b9f43fe4e5e02fc1bc963b5fd60ae6fb5b41e97cc51,_archive/reports/adrian_review_png_assets
Output,Output/_archive/reports/adrian_review_png_assets/figure_manifest.csv,figure_manifest.csv,.csv,8427,2026-06-17T02:55:44+00:00,af281c16dbbd829675d1bddc3dc3a8a46692b6bd618ce72640dfcc726db1b05d,_archive/reports/adrian_review_png_assets
Output,Output/_archive/reports/adrian_review_png_assets/gc_example_01_full_support.png,gc_example_01_full_support.png,.png,87429,2026-06-17T03:59:58+00:00,9697460f4e376e10ad8bb06854ba697d1c4c97ced4c8ae079bbe3a92c37d348e,_archive/reports/adrian_review_png_assets
Output,Output/_archive/reports/adrian_review_png_assets/gc_example_02_partial_support.png,gc_example_02_partial_support.png,.png,80443,2026-06-17T04:00:00+00:00,8fda20a28f0b8b4e5b87c09ac73486f56bec5b02472f02715d2ac84ad0ae2000,_archive/reports/adrian_review_png_assets
Output,Output/_archive/reports/adrian_review_png_assets/gc_example_03_low_support.png,gc_example_03_low_support.png,.png,82110,2026-06-17T04:00:02+00:00,2b12094830d3f51db9e7793a03ae4d816419f2ef5300cc78cfeee9ccf781cf9f,_archive/reports/adrian_review_png_assets
Output,Output/_archive/reports/adrian_review_png_assets/gc_example_04_all_missing.png,gc_example_04_all_missing.png,.png,74820,2026-06-17T04:00:04+00:00,0a61553e3884989476230f5e43fcb0c3466202c9fe093aaec184e607d1326f30,_archive/reports/adrian_review_png_assets
Output,Output/_archive/reports/adrian_review_png_assets/gc_extraction_examples_manifest.csv,gc_extraction_examples_manifest.csv,.csv,2570,2026-06-17T04:00:40+00:00,f5faeca8559b152b8863f441e8b8cce2dd92f248b87eefe58b533b25f8991e6f,_archive/reports/adrian_review_png_assets
Output,Output/_archive/reports/adrian_review_png_assets/gc_extraction_examples_panel.png,gc_extraction_examples_panel.png,.png,289090,2026-06-17T04:00:10+00:00,0360dc5a66261093aa2eba51409f21a09dd1af0439ee5edcb04dd4878bb752cb,_archive/reports/adrian_review_png_assets
Output,Output/_archive/reports/adrian_review_png_assets/ground_cover_extraction_examples_panel.png,ground_cover_extraction_examples_panel.png,.png,231915,2026-06-17T02:55:32+00:00,69fdf4daaeb22d67f5d298789fe1bfeb9b1456a29a236166559028409dd4bdda,_archive/reports/adrian_review_png_assets
Output,Output/_archive/reports/adrian_review_png_assets/inundation_example_01_clear_wet.png,inundation_example_01_clear_wet.png,.png,76545,2026-06-17T04:00:16+00:00,57bd2f93cb443ae6bc5704c394800f405c7ede52d0b902f44e01078b54c92892,_archive/reports/adrian_review_png_assets
Output,Output/_archive/reports/adrian_review_png_assets/inundation_example_02_clear_dry.png,inundation_example_02_clear_dry.png,.png,74487,2026-06-17T04:00:20+00:00,22871a7d6edf0ccd596cd0ea6e12c01f593faa5512849df9e361888513db4efa,_archive/reports/adrian_review_png_assets
Output,Output/_archive/reports/adrian_review_png_assets/inundation_example_03_partial_edge.png,inundation_example_03_partial_edge.png,.png,74968,2026-06-17T04:00:22+00:00,84ddd137d580f9054a20d35f903cbc4cfadd3d2811b8c4c2f432654f8ee5213f,_archive/reports/adrian_review_png_assets
Output,Output/_archive/reports/adrian_review_png_assets/inundation_example_04_low_support_or_gap.png,inundation_example_04_low_support_or_gap.png,.png,79334,2026-06-17T04:00:26+00:00,08342322caf5e0eae30f95a651aea42086c6a61561e5bec3ed91faeb045683d9,_archive/reports/adrian_review_png_assets
Output,Output/_archive/reports/adrian_review_png_assets/inundation_extraction_examples_manifest.csv,inundation_extraction_examples_manifest.csv,.csv,2326,2026-06-17T04:00:40+00:00,ffc1ce7e69a0989dab61898cc64143bd3e22cfd511300d860548455516d96159,_archive/reports/adrian_review_png_assets
Output,Output/_archive/reports/adrian_review_png_assets/inundation_extraction_examples_panel.png,inundation_extraction_examples_panel.png,.png,259577,2026-06-17T04:00:38+00:00,04ea53912d98db871444d9735d95d878ef80f1bf96feddf581c983267dc5fef0,_archive/reports/adrian_review_png_assets
Output,Output/_archive/reports/adrian_review_png_assets/scatter_inundation_vs_bare_ground_review.png,scatter_inundation_vs_bare_ground_review.png,.png,328389,2026-06-17T02:54:16+00:00,954ec5e770711c68ebbd86e3e4a841d0fa3f780d6646acbd22e9048191096389,_archive/reports/adrian_review_png_assets
Output,Output/_archive/reports/adrian_review_png_assets/scatter_inundation_vs_bare_ground_review_plain.png,scatter_inundation_vs_bare_ground_review_plain.png,.png,305415,2026-06-17T02:54:18+00:00,a372735c01a819509ab9c039591efe63230a064eb8d2467d87ab60f058bb48e2,_archive/reports/adrian_review_png_assets
Output,Output/_archive/reports/adrian_review_png_assets/scatter_inundation_vs_total_veg_review.png,scatter_inundation_vs_total_veg_review.png,.png,319369,2026-06-17T02:54:10+00:00,e3228adb5c674accf5e31e7b014fe8b6330715d9efd3ebb2c609e87dcf59a260,_archive/reports/adrian_review_png_assets
Output,Output/_archive/reports/adrian_review_png_assets/scatter_inundation_vs_total_veg_review_plain.png,scatter_inundation_vs_total_veg_review_plain.png,.png,305351,2026-06-17T02:54:12+00:00,b5cc8510177468977d81c0c61b8669623e8d92f702e155e14d3d7b14e7adc35e,_archive/reports/adrian_review_png_assets
Output,Output/_archive/reports/adrian_review_png_assets/selected_plot_examples_overlap_period_only.png,selected_plot_examples_overlap_period_only.png,.png,1248632,2026-06-17T02:54:22+00:00,5072e8e95aab11eed461349608fd28fb8bd199d6f52906f4c2adb674421a5fd6,_archive/reports/adrian_review_png_assets
Output,Output/_archive/reports/adrian_review_png_assets/treatment_sanity_check_review.png,treatment_sanity_check_review.png,.png,309156,2026-06-17T02:55:42+00:00,f4c3691f92f639e0390de9dccc84d8d1f9328fee2de88712f734b02fd7aef949,_archive/reports/adrian_review_png_assets
Output,Output/_archive/review_bundles/tier1b_descriptive_figures.zip,tier1b_descriptive_figures.zip,.zip,972868,2026-07-08T07:17:22+00:00,8f80d1f547a8c681163ebae2a72c57bfc1301d48ff82ba4d1789df0bf9f06b38,_archive/review_bundles
Output,Output/_archive/review_bundles/tier1c2_f5_legibility.zip,tier1c2_f5_legibility.zip,.zip,5504116,2026-07-09T02:59:22+00:00,b2d013a758219e38c17c1228a65fbfdbb0d89eb6792b6ca33016f3c570c62363,_archive/review_bundles
Output,Output/_archive/review_bundles/tier1c3_f5_figures.zip,tier1c3_f5_figures.zip,.zip,5029946,2026-07-10T01:02:22+00:00,0b8cfd56880a39f5be96c125ebd11be1af3cea0a6b502d96787253e41714a2f2,_archive/review_bundles
Output,Output/_archive/review_bundles/tier1c_stratified_sampling.zip,tier1c_stratified_sampling.zip,.zip,20142638,2026-07-09T02:10:50+00:00,fdbf8a1d47ad1c1226e490de57cfaeddeb38505e66d8021e8c0446fef238ff6f,_archive/review_bundles
Output,Output/_archive/review_bundles/tier1d_trend_test.zip,tier1d_trend_test.zip,.zip,1496840,2026-07-18T08:36:18+00:00,9407fb96f279b4275bfe86946de3961f6632d78311382daa3f5a911347d6f993,_archive/review_bundles
Output,Output/_archive/review_bundles/tier1e_f7_groundcover_response.zip,tier1e_f7_groundcover_response.zip,.zip,1433954,2026-07-14T03:18:26+00:00,7cd5192ece9e20ca330d7b9a294cfedd5dc1294817a6af00358a4a36cb05f72a,_archive/review_bundles
Output,Output/_archive/review_bundles/tier1G_figures_dashboards.zip,tier1G_figures_dashboards.zip,.zip,10389356,2026-07-14T06:14:16+00:00,56a54173e58cc493019964c8ede5661bf81a790d0d4b832095e7e79b7e3c1801,_archive/review_bundles
Output,Output/_archive/review_bundles/tier1_dashboards_trial.zip,tier1_dashboards_trial.zip,.zip,27146189,2026-07-10T06:18:18+00:00,87dcfd6efa1a078842876a9c146c12031f34a5afe36814e38402535cdccc7be5,_archive/review_bundles
Output,Output/_archive/review_bundles/tier1_pixel_census.zip,tier1_pixel_census.zip,.zip,206221,2026-07-10T00:44:50+00:00,1edc71f0a11d731baa0992c2d126df5c8b9c332d47545a5655d5c57911450f65,_archive/review_bundles
Output,Output/_archive/review_bundles/tier1_veg_regime_checkerboard.zip,tier1_veg_regime_checkerboard.zip,.zip,7882275,2026-07-10T06:16:58+00:00,fab1108da824d97d7862c89503a7ec95ebe5c528ca4c9d48221ce34952e2d11e,_archive/review_bundles
Output,Output/_archive/review_bundles/tier1b_descriptive_figures/figures_manifest.csv,figures_manifest.csv,.csv,2084,2026-07-08T07:17:22+00:00,53e9c30bd1b066c120f059f9cb68eb6006682d40b0eb698bef80cb605dbaaf7c,_archive/review_bundles/tier1b_descriptive_figures
Output,Output/_archive/review_bundles/tier1b_descriptive_figures/manifest_rows_tier1b.csv,manifest_rows_tier1b.csv,.csv,1586,2026-07-08T07:17:22+00:00,d4d60883d45739528b457abc43d830a6b3cfe4912fa4fe2266b8b3e263b75c02,_archive/review_bundles/tier1b_descriptive_figures
Output,Output/_archive/review_bundles/tier1b_descriptive_figures/tier1b_descriptive_figures.md,tier1b_descriptive_figures.md,.md,6872,2026-07-08T07:17:22+00:00,6adacef7d56e6076cedc5d6cdea99f94bf5045084bea21ecb7993695eeeee9e2,_archive/review_bundles/tier1b_descriptive_figures
Output,Output/_archive/review_bundles/tier1b_descriptive_figures/diagnostics/community_occurrence_summary.csv,community_occurrence_summary.csv,.csv,367,2026-07-08T07:17:22+00:00,7b1a87fe87b9479fc45b09874c35787d7d6eb88890d7111e73c20bb4e5bae595,_archive/review_bundles/tier1b_descriptive_figures/diagnostics
Output,Output/_archive/review_bundles/tier1b_descriptive_figures/figures/F2_annual_occurrence_concept.pdf,F2_annual_occurrence_concept.pdf,.pdf,48305,2026-07-08T07:17:22+00:00,e6219cc908ceee62e01c7383e76ffb68eb148b7453cd846e03c5f1539127f757,_archive/review_bundles/tier1b_descriptive_figures/figures
Output,Output/_archive/review_bundles/tier1b_descriptive_figures/figures/F2_annual_occurrence_concept.svg,F2_annual_occurrence_concept.svg,.svg,17568,2026-07-08T07:17:22+00:00,568a592d2299afdadae43f51ff4a94cb2d831cbc3fe76dc387a61cac959a278d,_archive/review_bundles/tier1b_descriptive_figures/figures
Output,Output/_archive/review_bundles/tier1b_descriptive_figures/figures/F2_annual_occurrence_timeseries_data.pdf,F2_annual_occurrence_timeseries_data.pdf,.pdf,40474,2026-07-08T07:17:22+00:00,f7c60cf6ede744de5ba9eedde81aa9e8d0bd1570e1995b3e2260b7fd534c02b2,_archive/review_bundles/tier1b_descriptive_figures/figures
Output,Output/_archive/review_bundles/tier1b_descriptive_figures/figures/F2_annual_occurrence_timeseries_data.png,F2_annual_occurrence_timeseries_data.png,.png,260798,2026-07-08T07:17:22+00:00,f9c9b9b8a0b3af83f897a2cafed5032f5f2e0b111996c8228ad6487b998ef730,_archive/review_bundles/tier1b_descriptive_figures/figures
Output,Output/_archive/review_bundles/tier1b_descriptive_figures/figures/F3_data_cube_concept.pdf,F3_data_cube_concept.pdf,.pdf,48043,2026-07-08T07:17:22+00:00,73d50e1b43a86193a103d2cd756538e4e000b4b4f19e0e33773a77b7e42369f3,_archive/review_bundles/tier1b_descriptive_figures/figures
Output,Output/_archive/review_bundles/tier1b_descriptive_figures/figures/F3_data_cube_concept.svg,F3_data_cube_concept.svg,.svg,54020,2026-07-08T07:17:22+00:00,52221097333be832f63af093e7e3a1cccc5128bbb46de36b09ea87a57cdfca63,_archive/review_bundles/tier1b_descriptive_figures/figures
Output,Output/_archive/review_bundles/tier1b_descriptive_figures/figures/F3_data_cube_coverage_secondary_data.pdf,F3_data_cube_coverage_secondary_data.pdf,.pdf,64115,2026-07-08T07:17:22+00:00,93311b5aa299daaa0b5816a59b679364f1f99539ab9edefb36e215c8a060e138,_archive/review_bundles/tier1b_descriptive_figures/figures
Output,Output/_archive/review_bundles/tier1b_descriptive_figures/figures/F3_data_cube_coverage_secondary_data.png,F3_data_cube_coverage_secondary_data.png,.png,155873,2026-07-08T07:17:22+00:00,796a94fb70ac394129e6a6bfc2b0afdbc8ab9069fac5196d45fdab67bf441b17,_archive/review_bundles/tier1b_descriptive_figures/figures
Output,Output/_archive/review_bundles/tier1b_descriptive_figures/figures/F3_data_cube_heatmap_data.pdf,F3_data_cube_heatmap_data.pdf,.pdf,55913,2026-07-08T07:17:22+00:00,d568f58c888dd086fb42d0dc4eb2e9cdcb550391ec2ab2f030b6c4774fffabdd,_archive/review_bundles/tier1b_descriptive_figures/figures
Output,Output/_archive/review_bundles/tier1b_descriptive_figures/figures/F3_data_cube_heatmap_data.png,F3_data_cube_heatmap_data.png,.png,132574,2026-07-08T07:17:22+00:00,6d5a5eaa53f8d1c911cc65b4ab54a04ae7e583073b4ac486968a31819987fb91,_archive/review_bundles/tier1b_descriptive_figures/figures
Output,Output/_archive/review_bundles/tier1b_descriptive_figures/figures/F4_inundation_regime_by_community_data.pdf,F4_inundation_regime_by_community_data.pdf,.pdf,49339,2026-07-08T07:17:22+00:00,55ac7a85ee6781c7db552b37ad6eac7f6c9837c13ae975f5dd359e984f32f0c1,_archive/review_bundles/tier1b_descriptive_figures/figures
Output,Output/_archive/review_bundles/tier1b_descriptive_figures/figures/F4_inundation_regime_by_community_data.png,F4_inundation_regime_by_community_data.png,.png,180412,2026-07-08T07:17:22+00:00,67ce9f5005cf43cf4f8d9a8c7dc0f533539d11a80de8b3a9f12ee6168c0ee526,_archive/review_bundles/tier1b_descriptive_figures/figures
Output,Output/_archive/review_bundles/tier1b_descriptive_figures/figures/F4_inundation_regime_concept.pdf,F4_inundation_regime_concept.pdf,.pdf,58516,2026-07-08T07:17:22+00:00,1159b9b843b40b332d3017fed292a52725aa54ddda34d1727e51f5d314a10f9d,_archive/review_bundles/tier1b_descriptive_figures/figures
Output,Output/_archive/review_bundles/tier1b_descriptive_figures/figures/F4_inundation_regime_concept.svg,F4_inundation_regime_concept.svg,.svg,4883,2026-07-08T07:17:22+00:00,304f47432f47f933f44d83bef1a5610ebd865f210283b9fd2f81d9b2cb4e0125,_archive/review_bundles/tier1b_descriptive_figures/figures
Output,Output/_archive/review_bundles/tier1c2_f5_legibility/figures_manifest.csv,figures_manifest.csv,.csv,4456,2026-07-09T02:59:20+00:00,d8691c914c4a2a3fd6d080cf02bbbf9b30e6b103f2e1b02774c91abed8df330a,_archive/review_bundles/tier1c2_f5_legibility
Output,Output/_archive/review_bundles/tier1c2_f5_legibility/manifest_rows_tier1c2.csv,manifest_rows_tier1c2.csv,.csv,1740,2026-07-09T02:59:20+00:00,9cf046551611e4cc4fe31ade8e3a01cf2445db99363e00d95752949cf61e433c,_archive/review_bundles/tier1c2_f5_legibility
Output,Output/_archive/review_bundles/tier1c2_f5_legibility/tier1c2_f5_legibility.md,tier1c2_f5_legibility.md,.md,3945,2026-07-09T02:59:20+00:00,5b880332a91b6b013439c1cc7ff14504fc0b69f61124c131f51ab3929f5305d3,_archive/review_bundles/tier1c2_f5_legibility
Output,Output/_archive/review_bundles/tier1c2_f5_legibility/diagnostics/f5c_paddock_choice_log.csv,f5c_paddock_choice_log.csv,.csv,805,2026-07-09T02:59:20+00:00,db913dda3df821713d3db4a18f0934dfaca889289f7b8b1af6678e2a3e181608,_archive/review_bundles/tier1c2_f5_legibility/diagnostics
Output,Output/_archive/review_bundles/tier1c2_f5_legibility/diagnostics/regime_band_breaks.csv,regime_band_breaks.csv,.csv,216,2026-07-09T02:59:20+00:00,488303383b9247a0627fcaec50c627756fc80927521e875d337db278357f69a7,_archive/review_bundles/tier1c2_f5_legibility/diagnostics
Output,Output/_archive/review_bundles/tier1c2_f5_legibility/figures/F5b_community_facets_data.pdf,F5b_community_facets_data.pdf,.pdf,258352,2026-07-09T02:59:20+00:00,bd0318836672558daa8a8b1ecc81b920edb81ff26ca61e88af701124fac25560,_archive/review_bundles/tier1c2_f5_legibility/figures
Output,Output/_archive/review_bundles/tier1c2_f5_legibility/figures/F5b_community_facets_data.png,F5b_community_facets_data.png,.png,503402,2026-07-09T02:59:20+00:00,1341ac4ef8df7ef16fbaa0437ccd1ed57b1851e36fc5525798d8303f60ec0c64,_archive/review_bundles/tier1c2_f5_legibility/figures
Output,Output/_archive/review_bundles/tier1c2_f5_legibility/figures/F5c_paddock_Bala_28ca_data.pdf,F5c_paddock_Bala_28ca_data.pdf,.pdf,141259,2026-07-09T02:59:20+00:00,4f1629c4a261bfa9ef2c64c03f0c13d1bac959ea8efcd9f62223cc22dafe9107,_archive/review_bundles/tier1c2_f5_legibility/figures
Output,Output/_archive/review_bundles/tier1c2_f5_legibility/figures/F5c_paddock_Bala_28ca_data.png,F5c_paddock_Bala_28ca_data.png,.png,420015,2026-07-09T02:59:20+00:00,4f71a350defbf4ef5735d979f13592b2e18261f62731b2a656e876e0e72b29c5,_archive/review_bundles/tier1c2_f5_legibility/figures
Output,Output/_archive/review_bundles/tier1c2_f5_legibility/figures/F5c_paddock_Bala_29ca_data.pdf,F5c_paddock_Bala_29ca_data.pdf,.pdf,138465,2026-07-09T02:59:20+00:00,97d22445e299f3a77ae3b9eb3cbbb1d2b98dee6ebdc5891d9b7f1a382483215a,_archive/review_bundles/tier1c2_f5_legibility/figures
Output,Output/_archive/review_bundles/tier1c2_f5_legibility/figures/F5c_paddock_Bala_29ca_data.png,F5c_paddock_Bala_29ca_data.png,.png,440084,2026-07-09T02:59:20+00:00,a1c46c56a662321ef3380a43ca7f90e53b68a0bc629a6e4fcb83cf9fe27ec6f2,_archive/review_bundles/tier1c2_f5_legibility/figures
Output,Output/_archive/review_bundles/tier1c2_f5_legibility/figures/F5c_paddock_Dinan_10_data.pdf,F5c_paddock_Dinan_10_data.pdf,.pdf,103149,2026-07-09T02:59:20+00:00,565d9a424ea2edd7b68cbc07723b2a5a01a02064d61684adb1b2cd79e8dd9b58,_archive/review_bundles/tier1c2_f5_legibility/figures
Output,Output/_archive/review_bundles/tier1c2_f5_legibility/figures/F5c_paddock_Dinan_10_data.png,F5c_paddock_Dinan_10_data.png,.png,367190,2026-07-09T02:59:20+00:00,9385596197cea1c6c04d06883819d7b6f375b19164458f5a4e3fc75a3929adbc,_archive/review_bundles/tier1c2_f5_legibility/figures
Output,Output/_archive/review_bundles/tier1c2_f5_legibility/figures/F5c_paddock_Dinan_8_data.pdf,F5c_paddock_Dinan_8_data.pdf,.pdf,174729,2026-07-09T02:59:20+00:00,0534c268f7d4c55273e3be9b4bfe9610b4bad167e6830f741086e34d8e7fe0fe,_archive/review_bundles/tier1c2_f5_legibility/figures
Output,Output/_archive/review_bundles/tier1c2_f5_legibility/figures/F5c_paddock_Dinan_8_data.png,F5c_paddock_Dinan_8_data.png,.png,580689,2026-07-09T02:59:20+00:00,7781ace45a47350e10ea74c0cc871e4db1fa5f8e6c97a9e7e31d38fc6b3a89ed,_archive/review_bundles/tier1c2_f5_legibility/figures
Output,Output/_archive/review_bundles/tier1c2_f5_legibility/figures/F5_stratified_sampling_map_data.pdf,F5_stratified_sampling_map_data.pdf,.pdf,630645,2026-07-09T02:59:20+00:00,b4e1d65852bd2e566539f558241a890d10f6bf2c32f671154760a2c68f0c2e71,_archive/review_bundles/tier1c2_f5_legibility/figures
Output,Output/_archive/review_bundles/tier1c2_f5_legibility/figures/F5_stratified_sampling_map_data.png,F5_stratified_sampling_map_data.png,.png,1944092,2026-07-09T02:59:20+00:00,e92a6d5ee70953005959b8f38053adca7e2183c7b008b32450d542985b888343,_archive/review_bundles/tier1c2_f5_legibility/figures
Output,Output/_archive/review_bundles/tier1c3_f5_figures/figures_manifest.csv,figures_manifest.csv,.csv,7380,2026-07-10T01:02:20+00:00,bb3f4ee0712180fec67ebaff40ffffae62b02afa3b2736151ccf59adc463dab1,_archive/review_bundles/tier1c3_f5_figures
Output,Output/_archive/review_bundles/tier1c3_f5_figures/manifest_rows_tier1c3.csv,manifest_rows_tier1c3.csv,.csv,2400,2026-07-10T01:02:20+00:00,af6f23c49f6bd829d36c76c768ef5982d542a4d7f9dc8d8e63001e516dfbbc31,_archive/review_bundles/tier1c3_f5_figures
Output,Output/_archive/review_bundles/tier1c3_f5_figures/tier1c3_f5_figures.md,tier1c3_f5_figures.md,.md,3605,2026-07-10T01:02:20+00:00,180c7618be5f0fa19c6b8edf1197aef61a343ff7fe3412d20827111bbc88ebb2,_archive/review_bundles/tier1c3_f5_figures
Output,Output/_archive/review_bundles/tier1c3_f5_figures/diagnostics/f5c_inset_overlap_check.csv,f5c_inset_overlap_check.csv,.csv,315,2026-07-10T01:02:20+00:00,dc93b3772a73ca4aabfb9f7a8c894d00cb97089a14de41673cbd63ee0de4ec42,_archive/review_bundles/tier1c3_f5_figures/diagnostics
Output,Output/_archive/review_bundles/tier1c3_f5_figures/diagnostics/f5c_paddock_choice_log.csv,f5c_paddock_choice_log.csv,.csv,805,2026-07-10T01:02:20+00:00,db913dda3df821713d3db4a18f0934dfaca889289f7b8b1af6678e2a3e181608,_archive/review_bundles/tier1c3_f5_figures/diagnostics
Output,Output/_archive/review_bundles/tier1c3_f5_figures/diagnostics/regime_band_breaks.csv,regime_band_breaks.csv,.csv,216,2026-07-10T01:02:20+00:00,488303383b9247a0627fcaec50c627756fc80927521e875d337db278357f69a7,_archive/review_bundles/tier1c3_f5_figures/diagnostics
Output,Output/_archive/review_bundles/tier1c3_f5_figures/figures/F5b_community_facets_data.pdf,F5b_community_facets_data.pdf,.pdf,258349,2026-07-10T01:02:20+00:00,ffbc0c9ae71d91e2c99752d1a468d33120274daeb7022103bc4c0ddde28b9205,_archive/review_bundles/tier1c3_f5_figures/figures
Output,Output/_archive/review_bundles/tier1c3_f5_figures/figures/F5b_community_facets_data.png,F5b_community_facets_data.png,.png,503402,2026-07-10T01:02:20+00:00,1341ac4ef8df7ef16fbaa0437ccd1ed57b1851e36fc5525798d8303f60ec0c64,_archive/review_bundles/tier1c3_f5_figures/figures
Output,Output/_archive/review_bundles/tier1c3_f5_figures/figures/F5c_paddock_Bala_28ca_data.pdf,F5c_paddock_Bala_28ca_data.pdf,.pdf,140419,2026-07-10T01:02:20+00:00,35fb42593630b39ecb69f8291efaef976d4d6aeb224fae86fe20a8b6019aa659,_archive/review_bundles/tier1c3_f5_figures/figures
Output,Output/_archive/review_bundles/tier1c3_f5_figures/figures/F5c_paddock_Bala_28ca_data.png,F5c_paddock_Bala_28ca_data.png,.png,420026,2026-07-10T01:02:20+00:00,72f2043ed0583cea50741791bb8df9823fc0f7647ef31edffd1a43510d1aee81,_archive/review_bundles/tier1c3_f5_figures/figures
Output,Output/_archive/review_bundles/tier1c3_f5_figures/figures/F5c_paddock_Bala_29ca_data.pdf,F5c_paddock_Bala_29ca_data.pdf,.pdf,138544,2026-07-10T01:02:20+00:00,079c7486d861e6ee7d6f06c890173cc3805e38918ecadb0b576259e239fa5513,_archive/review_bundles/tier1c3_f5_figures/figures
Output,Output/_archive/review_bundles/tier1c3_f5_figures/figures/F5c_paddock_Bala_29ca_data.png,F5c_paddock_Bala_29ca_data.png,.png,429452,2026-07-10T01:02:20+00:00,0a1d8e1657922be92dfe99e5a7d54f97e25c1619e52fcf306cf042095c4c1ba2,_archive/review_bundles/tier1c3_f5_figures/figures
Output,Output/_archive/review_bundles/tier1c3_f5_figures/figures/F5c_paddock_Dinan_10_data.pdf,F5c_paddock_Dinan_10_data.pdf,.pdf,102736,2026-07-10T01:02:20+00:00,7bc54e745256a8b94fa4036e97f814cbeca3dabb2949eae877e63d76778ed3ed,_archive/review_bundles/tier1c3_f5_figures/figures
Output,Output/_archive/review_bundles/tier1c3_f5_figures/figures/F5c_paddock_Dinan_10_data.png,F5c_paddock_Dinan_10_data.png,.png,365288,2026-07-10T01:02:20+00:00,f32d6004dfdbcd0de9313001ac507e1fe59236c8d528d944784c45e2e9338cf2,_archive/review_bundles/tier1c3_f5_figures/figures
Output,Output/_archive/review_bundles/tier1c3_f5_figures/figures/F5c_paddock_Dinan_8_data.pdf,F5c_paddock_Dinan_8_data.pdf,.pdf,175339,2026-07-10T01:02:20+00:00,6d1a64841a0508773220af704e8bc306e3d955414c89da2ed68b082f82a6cfb0,_archive/review_bundles/tier1c3_f5_figures/figures
Output,Output/_archive/review_bundles/tier1c3_f5_figures/figures/F5c_paddock_Dinan_8_data.png,F5c_paddock_Dinan_8_data.png,.png,566185,2026-07-10T01:02:20+00:00,c6e9320708d6ad4b91580ee143999cee9f702ae0b34d65b4370ef51b86f10e6b,_archive/review_bundles/tier1c3_f5_figures/figures
Output,Output/_archive/review_bundles/tier1c3_f5_figures/figures/F5_band_reference_data.pdf,F5_band_reference_data.pdf,.pdf,43128,2026-07-10T01:02:20+00:00,87f270bdab4f491040e5edd7b12ee18696bb48396e63b9cf6c58ee43145db517,_archive/review_bundles/tier1c3_f5_figures/figures
Output,Output/_archive/review_bundles/tier1c3_f5_figures/figures/F5_band_reference_data.png,F5_band_reference_data.png,.png,150931,2026-07-10T01:02:20+00:00,122c5b53d2d7ebfc619ecec33ff9f64b87d2abb3419afd099b45f04f65c4fb49,_archive/review_bundles/tier1c3_f5_figures/figures
Output,Output/_archive/review_bundles/tier1c3_f5_figures/figures/F5_fullfarm_map_data.pdf,F5_fullfarm_map_data.pdf,.pdf,413028,2026-07-10T01:02:20+00:00,0060bb1c72e6233caf96d521450dfed0810c2b20b9dc9abc5458a15a9b9e7e5d,_archive/review_bundles/tier1c3_f5_figures/figures
Output,Output/_archive/review_bundles/tier1c3_f5_figures/figures/F5_fullfarm_map_data.png,F5_fullfarm_map_data.png,.png,1524826,2026-07-10T01:02:20+00:00,4835205ca829ca07195c0e1e7976a98e785047d6ba6640bc7a78e755d829d9fa,_archive/review_bundles/tier1c3_f5_figures/figures
Output,Output/_archive/review_bundles/tier1c_stratified_sampling/figures_manifest.csv,figures_manifest.csv,.csv,2742,2026-07-09T02:10:46+00:00,dcf85e74442aaaaf64f27836ea7f4c97de339f713011ee6b58725e2a61a55b3f,_archive/review_bundles/tier1c_stratified_sampling
Output,Output/_archive/review_bundles/tier1c_stratified_sampling/manifest_rows_tier1c.csv,manifest_rows_tier1c.csv,.csv,684,2026-07-09T02:10:46+00:00,674e054af14cbccb59ab6dda7861b058237d41d87ac3ee8e97ea4a7a8f0c3d52,_archive/review_bundles/tier1c_stratified_sampling
Output,Output/_archive/review_bundles/tier1c_stratified_sampling/tier1c_stratified_sampling.md,tier1c_stratified_sampling.md,.md,5895,2026-07-09T02:10:46+00:00,68daed084473fd1db99af60539cdec03564480c1857ff7234036394c998fdf8b,_archive/review_bundles/tier1c_stratified_sampling
Output,Output/_archive/review_bundles/tier1c_stratified_sampling/diagnostics/regime_band_breaks.csv,regime_band_breaks.csv,.csv,216,2026-07-09T02:10:46+00:00,488303383b9247a0627fcaec50c627756fc80927521e875d337db278357f69a7,_archive/review_bundles/tier1c_stratified_sampling/diagnostics
Output,Output/_archive/review_bundles/tier1c_stratified_sampling/diagnostics/sample_summary.csv,sample_summary.csv,.csv,783,2026-07-09T02:10:46+00:00,7184018c3f4ca4a4ddef7550f48f9ae03f8bf53d307d3a068629b8c70693b3a6,_archive/review_bundles/tier1c_stratified_sampling/diagnostics
Output,Output/_archive/review_bundles/tier1c_stratified_sampling/figures/F5_stratified_sampling_concept.pdf,F5_stratified_sampling_concept.pdf,.pdf,50453,2026-07-09T02:10:46+00:00,d89c611e8f7e87b0065e6d6fb342fda1913cc958e73eb09bfb0958078be9a747,_archive/review_bundles/tier1c_stratified_sampling/figures
Output,Output/_archive/review_bundles/tier1c_stratified_sampling/figures/F5_stratified_sampling_concept.svg,F5_stratified_sampling_concept.svg,.svg,25557,2026-07-09T02:10:46+00:00,1c2f7239d2190b2a81b336f92c87c55131946dddba6f61e056d3033cfa937363,_archive/review_bundles/tier1c_stratified_sampling/figures
Output,Output/_archive/review_bundles/tier1c_stratified_sampling/figures/F5_stratified_sampling_map_data.pdf,F5_stratified_sampling_map_data.pdf,.pdf,628966,2026-07-09T02:10:46+00:00,00879dfc81874f8e5b2e25d1c5a71ff7147c8884c826dd2c1448d3eab4f3e8cb,_archive/review_bundles/tier1c_stratified_sampling/figures
Output,Output/_archive/review_bundles/tier1c_stratified_sampling/figures/F5_stratified_sampling_map_data.png,F5_stratified_sampling_map_data.png,.png,1974593,2026-07-09T02:10:46+00:00,51f431bfcd8515bbb4e49ba47ef1bdb2b6b78384e6398372c672377b605644c1,_archive/review_bundles/tier1c_stratified_sampling/figures
Output,Output/_archive/review_bundles/tier1c_stratified_sampling/spatial/background_flood_frequency_8058.tif,background_flood_frequency_8058.tif,.tif,18667004,2026-07-09T02:10:46+00:00,b856738c95267dbc76426f11d04e9cd26e9313b3c2bf5a2a6a4c370b06ba5047,_archive/review_bundles/tier1c_stratified_sampling/spatial
Output,Output/_archive/review_bundles/tier1c_stratified_sampling/spatial/stratified_sample_points.gpkg,stratified_sample_points.gpkg,.gpkg,159744,2026-07-09T02:10:46+00:00,425e116d98924bcd1920e53c67c5113f12eca3de87df569626bf25228d6431d8,_archive/review_bundles/tier1c_stratified_sampling/spatial
Output,Output/_archive/review_bundles/tier1d_trend_test/figures_manifest.csv,figures_manifest.csv,.csv,5140,2026-07-09T04:55:36+00:00,faae5e342e8467abd92da8cf248756d00d16c3eb6a19b2c83ee7555143211dbd,_archive/review_bundles/tier1d_trend_test
Output,Output/_archive/review_bundles/tier1d_trend_test/manifest_rows_tier1d.csv,manifest_rows_tier1d.csv,.csv,708,2026-07-09T04:55:36+00:00,7589ceb27c3911f9bec6bb35b6785d0ff533ce1bad94c47805a1dc775343e0d0,_archive/review_bundles/tier1d_trend_test
Output,Output/_archive/review_bundles/tier1d_trend_test/tier1d_trend_test.md,tier1d_trend_test.md,.md,6697,2026-07-09T04:55:36+00:00,01e9cc07b94a8e3fc368f880b60b97d1b80af33a4449f6a8c3c3a1b449d50c84,_archive/review_bundles/tier1d_trend_test
Output,Output/_archive/review_bundles/tier1d_trend_test/diagnostics/f6_stratum_annual_series.csv,f6_stratum_annual_series.csv,.csv,27531,2026-07-09T04:55:36+00:00,baa9a96da51167ff5f03f09a4dcf9e3833ef21051dd52f7e6eba32c3dc15adbb,_archive/review_bundles/tier1d_trend_test/diagnostics
Output,Output/_archive/review_bundles/tier1d_trend_test/diagnostics/f6_verdict_summary.csv,f6_verdict_summary.csv,.csv,2453,2026-07-09T04:55:36+00:00,5db3b808ed3e2f1c54eddacb4cd87c6e974d6be1904fde5f4c94ca5dfb2a435c,_archive/review_bundles/tier1d_trend_test/diagnostics
Output,Output/_archive/review_bundles/tier1d_trend_test/figures/F6_concept.pdf,F6_concept.pdf,.pdf,57118,2026-07-09T04:55:36+00:00,5bbcb544bc61cb40b10fe4324972edb073083c23921b847d128830bec4f26c34,_archive/review_bundles/tier1d_trend_test/figures
Output,Output/_archive/review_bundles/tier1d_trend_test/figures/F6_concept.svg,F6_concept.svg,.svg,29636,2026-07-09T04:55:36+00:00,223280dbe24c77447a0f2d9b14b81068960aee27d3785e2cb5b4989021b62a93,_archive/review_bundles/tier1d_trend_test/figures
Output,Output/_archive/review_bundles/tier1d_trend_test/figures/F6_strata_trends_data.pdf,F6_strata_trends_data.pdf,.pdf,77467,2026-07-09T04:55:36+00:00,f197559f7e75dd64959af7fb2cd8b31193ace89204b31c94caab77b7fbe0fb18,_archive/review_bundles/tier1d_trend_test/figures
Output,Output/_archive/review_bundles/tier1d_trend_test/figures/F6_strata_trends_data.png,F6_strata_trends_data.png,.png,724699,2026-07-09T04:55:36+00:00,e19a27dfce11da91524c43b2fe49adb283d309041f56047cdb82f154fb34c421,_archive/review_bundles/tier1d_trend_test/figures
Output,Output/_archive/review_bundles/tier1d_trend_test/figures/F6_verdict_summary_data.pdf,F6_verdict_summary_data.pdf,.pdf,52889,2026-07-09T04:55:36+00:00,8f6e001d2d03ce683a83abc2e03615271b57e2e6fb4507580151f8fed827562a,_archive/review_bundles/tier1d_trend_test/figures
Output,Output/_archive/review_bundles/tier1d_trend_test/figures/F6_verdict_summary_data.png,F6_verdict_summary_data.png,.png,193075,2026-07-09T04:55:36+00:00,00517629096502f7f3b2cddfe0561c6c5d6c64abff635d7cc87fab0dfa069228,_archive/review_bundles/tier1d_trend_test/figures
Output,Output/_archive/review_bundles/tier1e_f7_groundcover_response/figures_manifest.csv,figures_manifest.csv,.csv,19924,2026-07-14T03:18:26+00:00,85ee2fd9f052a3a74e78f3d83a9e213aed4d7092237b30a30ad745913f7dc3c6,_archive/review_bundles/tier1e_f7_groundcover_response
Output,Output/_archive/review_bundles/tier1e_f7_groundcover_response/manifest_rows_tier1e.csv,manifest_rows_tier1e.csv,.csv,1720,2026-07-14T03:18:26+00:00,0869fd1ff82c76cb13e0c962f119ad342c10407bd7e919f340342dbd791e4372,_archive/review_bundles/tier1e_f7_groundcover_response
Output,Output/_archive/review_bundles/tier1e_f7_groundcover_response/tier1e_f7_groundcover_response.md,tier1e_f7_groundcover_response.md,.md,5054,2026-07-14T03:18:26+00:00,b0e92c3322f4e9e2e07169ce09ab8133d3fe7a57502aa9e4d517a4dec10fce76,_archive/review_bundles/tier1e_f7_groundcover_response
Output,Output/_archive/review_bundles/tier1e_f7_groundcover_response/diagnostics/f7_lag_profile.csv,f7_lag_profile.csv,.csv,1504,2026-07-14T03:18:26+00:00,a94393514e1471e73b1c2b47c0ae4cd24bd680931cbcb5020f43559f4feb340a,_archive/review_bundles/tier1e_f7_groundcover_response/diagnostics
Output,Output/_archive/review_bundles/tier1e_f7_groundcover_response/diagnostics/f7_plot_stratum.csv,f7_plot_stratum.csv,.csv,3384,2026-07-14T03:18:26+00:00,b8e9fb58c347840c00080dc9414f8432b40ce9d67d0d76690dd31e614b30b0d8,_archive/review_bundles/tier1e_f7_groundcover_response/diagnostics
Output,Output/_archive/review_bundles/tier1e_f7_groundcover_response/diagnostics/f7_response_by_plot.csv,f7_response_by_plot.csv,.csv,14240,2026-07-14T03:18:26+00:00,343dd7ebbc4a285a55acb75734028792f8039be948cf97758858732eec52524e,_archive/review_bundles/tier1e_f7_groundcover_response/diagnostics
Output,Output/_archive/review_bundles/tier1e_f7_groundcover_response/diagnostics/f7_response_summary.csv,f7_response_summary.csv,.csv,1841,2026-07-14T03:18:26+00:00,e5b91b57b6e6b7298172a85559e714af7e66f6c938dad5acf08ab4ed3e425e7b,_archive/review_bundles/tier1e_f7_groundcover_response/diagnostics
Output,Output/_archive/review_bundles/tier1e_f7_groundcover_response/figures/F7_concept.pdf,F7_concept.pdf,.pdf,43077,2026-07-14T03:18:26+00:00,afaf004c2a3095e556af8efaa7d07f659dc6b0af191f44e30e366ec45f3c7543,_archive/review_bundles/tier1e_f7_groundcover_response/figures
Output,Output/_archive/review_bundles/tier1e_f7_groundcover_response/figures/F7_concept.svg,F7_concept.svg,.svg,12685,2026-07-14T03:18:26+00:00,c93d9a6900c1edc68db12157031c99b4b5ccf0958332deac83985ccb5b6f4e19,_archive/review_bundles/tier1e_f7_groundcover_response/figures
Output,Output/_archive/review_bundles/tier1e_f7_groundcover_response/figures/F7_lag_profile_data.pdf,F7_lag_profile_data.pdf,.pdf,43985,2026-07-14T03:18:26+00:00,40d67a21bb378c0a428e0fc8a1404d8e5454ab68712a430a2909365a68f8be99,_archive/review_bundles/tier1e_f7_groundcover_response/figures
Output,Output/_archive/review_bundles/tier1e_f7_groundcover_response/figures/F7_lag_profile_data.png,F7_lag_profile_data.png,.png,275883,2026-07-14T03:18:26+00:00,860199c965331a6dac49c0d60938acd22c23aa05fe8da3d2d2b277d3b8407dad,_archive/review_bundles/tier1e_f7_groundcover_response/figures
Output,Output/_archive/review_bundles/tier1e_f7_groundcover_response/figures/F7_response_by_community_data.pdf,F7_response_by_community_data.pdf,.pdf,134519,2026-07-14T03:18:26+00:00,0e025ddeb6c49aaa1812bf487656f809fbafc5b4537aafff1cb5850db395aa49,_archive/review_bundles/tier1e_f7_groundcover_response/figures
Output,Output/_archive/review_bundles/tier1e_f7_groundcover_response/figures/F7_response_by_community_data.png,F7_response_by_community_data.png,.png,485905,2026-07-14T03:18:26+00:00,61b237f5248e5a677e7ad05073bec78e1be21274ec4539ae4aee9eaa67bcf9a7,_archive/review_bundles/tier1e_f7_groundcover_response/figures
Output,Output/_archive/review_bundles/tier1e_f7_groundcover_response/figures/F7_response_summary_data.pdf,F7_response_summary_data.pdf,.pdf,43412,2026-07-14T03:18:26+00:00,32cee3bb429be57be8f55b55b60e10565babee96774bcd14a96cd8ae75ff3b52,_archive/review_bundles/tier1e_f7_groundcover_response/figures
Output,Output/_archive/review_bundles/tier1e_f7_groundcover_response/figures/F7_response_summary_data.png,F7_response_summary_data.png,.png,220542,2026-07-14T03:18:26+00:00,1e6a6f8090908009abbadc4a424dcdc769c47056bcd6bb02d61f9b477132e508,_archive/review_bundles/tier1e_f7_groundcover_response/figures
Output,Output/_archive/review_bundles/tier1e_f7_groundcover_response/figures/F7_strata_panel_data.pdf,F7_strata_panel_data.pdf,.pdf,47915,2026-07-14T03:18:26+00:00,1eb1e0d434d0fca4e6c4e290fe78d4d5db7ad50c48a3200321786c6baa8f0193,_archive/review_bundles/tier1e_f7_groundcover_response/figures
Output,Output/_archive/review_bundles/tier1e_f7_groundcover_response/figures/F7_strata_panel_data.png,F7_strata_panel_data.png,.png,249927,2026-07-14T03:18:26+00:00,c31e8f1cfd0dbdf16ea0d2cc56a3ab909369593847a8c30bd97e9a55d4472249,_archive/review_bundles/tier1e_f7_groundcover_response/figures
Output,Output/_archive/review_bundles/tier1G_figures_dashboards/figures_manifest.csv,figures_manifest.csv,.csv,20292,2026-07-14T07:03:06+00:00,3aa818edd6c13bb7162aaf9d3a8d9a93fe19a53c2bcc0dd66af1c7b873a3cb90,_archive/review_bundles/tier1G_figures_dashboards
Output,Output/_archive/review_bundles/tier1G_figures_dashboards/manifest_rows_dashboards.csv,manifest_rows_dashboards.csv,.csv,3580,2026-07-14T07:03:06+00:00,751e6a18bcfb12a131c4d9878159a8203b02453ddda425797d19c1fb7bec3240,_archive/review_bundles/tier1G_figures_dashboards
Output,Output/_archive/review_bundles/tier1G_figures_dashboards/tier1G_figures_dashboards_2026-07-14.md,tier1G_figures_dashboards_2026-07-14.md,.md,10607,2026-07-14T06:14:14+00:00,50c3eef6f162b0240f6ebc5a3524822b0504db838a685765008f91ccf3a329f9,_archive/review_bundles/tier1G_figures_dashboards
Output,Output/_archive/review_bundles/tier1G_figures_dashboards/diagnostics/dashboards_trial_qa.json,dashboards_trial_qa.json,.json,4344,2026-07-14T07:03:06+00:00,621d81b7f2fa66680f0c1570d1448852277cfde71d4eec09e33e4e4b067004a1,_archive/review_bundles/tier1G_figures_dashboards/diagnostics
Output,Output/_archive/review_bundles/tier1G_figures_dashboards/figures/D1_paddock_Bala_28ca_slide_data.pdf,D1_paddock_Bala_28ca_slide_data.pdf,.pdf,131072,2026-07-14T07:03:06+00:00,b2e53f9b1749a952fac8ff6858953a01f76915190caa4eb40586a34d811ea45a,_archive/review_bundles/tier1G_figures_dashboards/figures
Output,Output/_archive/review_bundles/tier1G_figures_dashboards/figures/D1_paddock_Bala_28ca_slide_data.png,D1_paddock_Bala_28ca_slide_data.png,.png,675038,2026-07-14T07:03:06+00:00,294e61259b56010de4001573632d989c5b659dfb8b1efb8fff31fbdabf0623f8,_archive/review_bundles/tier1G_figures_dashboards/figures
Output,Output/_archive/review_bundles/tier1G_figures_dashboards/figures/D1_paddock_Bala_29ca_a3_landscape_data.pdf,D1_paddock_Bala_29ca_a3_landscape_data.pdf,.pdf,129512,2026-07-14T07:03:06+00:00,49a5c13308b21fa0a9bc7045115266158f5e459f7ac92d887e4e9f627f36a250,_archive/review_bundles/tier1G_figures_dashboards/figures
Output,Output/_archive/review_bundles/tier1G_figures_dashboards/figures/D1_paddock_Bala_29ca_a3_landscape_data.png,D1_paddock_Bala_29ca_a3_landscape_data.png,.png,872448,2026-07-14T07:03:06+00:00,365165ea793f942664a4b2695931f7e85544df523b58de5a76c7a8980b60a38d,_archive/review_bundles/tier1G_figures_dashboards/figures
Output,Output/_archive/review_bundles/tier1G_figures_dashboards/figures/D1_paddock_Bala_29ca_slide_data.pdf,D1_paddock_Bala_29ca_slide_data.pdf,.pdf,127564,2026-07-14T07:03:06+00:00,b3f7b17b1fad29511d4296327637ffc5b544da4a4cb90bab70831981f5cf7dbf,_archive/review_bundles/tier1G_figures_dashboards/figures
Output,Output/_archive/review_bundles/tier1G_figures_dashboards/figures/D1_paddock_Bala_29ca_slide_data.png,D1_paddock_Bala_29ca_slide_data.png,.png,623500,2026-07-14T07:03:06+00:00,f2ee4393ce8dba27bdce0f59c6c84e35ec549c436c78d72d299a6759cb4d5e77,_archive/review_bundles/tier1G_figures_dashboards/figures
Output,Output/_archive/review_bundles/tier1G_figures_dashboards/figures/D1_paddock_Dinan_10_slide_data.pdf,D1_paddock_Dinan_10_slide_data.pdf,.pdf,114272,2026-07-14T07:03:06+00:00,101f1806e07d159aa6c528c9ac185d5aa730fb985860a6cb9b964493bceb8fb2,_archive/review_bundles/tier1G_figures_dashboards/figures
Output,Output/_archive/review_bundles/tier1G_figures_dashboards/figures/D1_paddock_Dinan_10_slide_data.png,D1_paddock_Dinan_10_slide_data.png,.png,572008,2026-07-14T07:03:06+00:00,07b1a61ce2a22065a8967297ff39073bc58d516f8d2f8c6b7ec023aa2a89fcf7,_archive/review_bundles/tier1G_figures_dashboards/figures
Output,Output/_archive/review_bundles/tier1G_figures_dashboards/figures/D1_paddock_Dinan_8_slide_data.pdf,D1_paddock_Dinan_8_slide_data.pdf,.pdf,132241,2026-07-14T07:03:06+00:00,0e5e12838e90844b24b3d1d4df93938ed3a850f506209df45f2907b581dc7078,_archive/review_bundles/tier1G_figures_dashboards/figures
Output,Output/_archive/review_bundles/tier1G_figures_dashboards/figures/D1_paddock_Dinan_8_slide_data.png,D1_paddock_Dinan_8_slide_data.png,.png,652481,2026-07-14T07:03:06+00:00,ddb13dae8238d8ed6652c655f6fae15e5fe8d5451980db05310fb25a7c2115b2,_archive/review_bundles/tier1G_figures_dashboards/figures
Output,Output/_archive/review_bundles/tier1G_figures_dashboards/figures/D2_site_GA_001_slide_data.pdf,D2_site_GA_001_slide_data.pdf,.pdf,128597,2026-07-14T07:03:06+00:00,ff644a46ca47a0379c5f6862c5b09da7a7afe1506b785ea5c01d6481ad5abde6,_archive/review_bundles/tier1G_figures_dashboards/figures
Output,Output/_archive/review_bundles/tier1G_figures_dashboards/figures/D2_site_GA_001_slide_data.png,D2_site_GA_001_slide_data.png,.png,673025,2026-07-14T07:03:06+00:00,f51ae2794d28e8fbc9574fa692977f8658aa2123dd53f3f7ea89af9aa0f63e2f,_archive/review_bundles/tier1G_figures_dashboards/figures
Output,Output/_archive/review_bundles/tier1G_figures_dashboards/figures/D2_site_GA_003_slide_data.pdf,D2_site_GA_003_slide_data.pdf,.pdf,130687,2026-07-14T07:03:06+00:00,92ba17d3c184e6c8461145c9161e5c8722e92902875c078c203e2b6dc6003a1c,_archive/review_bundles/tier1G_figures_dashboards/figures
Output,Output/_archive/review_bundles/tier1G_figures_dashboards/figures/D2_site_GA_003_slide_data.png,D2_site_GA_003_slide_data.png,.png,664173,2026-07-14T07:03:06+00:00,04b1f6c8d2cbcdd084dbbf61bfc943a206bde2892ba8bd3dfab5a8f45ffa0c7f,_archive/review_bundles/tier1G_figures_dashboards/figures
Output,Output/_archive/review_bundles/tier1G_figures_dashboards/figures/D2_site_GA_019_slide_data.pdf,D2_site_GA_019_slide_data.pdf,.pdf,126843,2026-07-14T07:03:06+00:00,1d61f01fa7c03d4d4e1c8a11aec795270b0bf7fc61c6ee6723125c07727ab5f0,_archive/review_bundles/tier1G_figures_dashboards/figures
Output,Output/_archive/review_bundles/tier1G_figures_dashboards/figures/D2_site_GA_019_slide_data.png,D2_site_GA_019_slide_data.png,.png,651411,2026-07-14T07:03:06+00:00,503912ec6eb0ae0a2ab5dc7ad63796f9e22d0371527b9dcb3af2629c540f2abb,_archive/review_bundles/tier1G_figures_dashboards/figures
Output,Output/_archive/review_bundles/tier1G_figures_dashboards/figures/D2_site_GA_032_slide_data.pdf,D2_site_GA_032_slide_data.pdf,.pdf,117504,2026-07-14T07:03:06+00:00,64aa22bb05b15a211c65e9f2a7ed7e531711e1ffe7531443d640fcd58c10f15f,_archive/review_bundles/tier1G_figures_dashboards/figures
Output,Output/_archive/review_bundles/tier1G_figures_dashboards/figures/D2_site_GA_032_slide_data.png,D2_site_GA_032_slide_data.png,.png,619704,2026-07-14T07:03:06+00:00,c8ec4cbeae5fb65bb52aa80e3bf7e3da14a79658c5a350a203b1259360676c11,_archive/review_bundles/tier1G_figures_dashboards/figures
Output,Output/_archive/review_bundles/tier1G_figures_dashboards/figures/D2_site_GA_052_slide_data.pdf,D2_site_GA_052_slide_data.pdf,.pdf,124070,2026-07-14T07:03:06+00:00,f2f74e7f437a497b4518a47d82b3d9ce37aa31dd09142755d5f7a313ffb91406,_archive/review_bundles/tier1G_figures_dashboards/figures
Output,Output/_archive/review_bundles/tier1G_figures_dashboards/figures/D2_site_GA_052_slide_data.png,D2_site_GA_052_slide_data.png,.png,626192,2026-07-14T07:03:06+00:00,7f8016dea604845c31879fe0264fa672a854df5b07fc9e29837c7bfc1b9a828e,_archive/review_bundles/tier1G_figures_dashboards/figures
Output,Output/_archive/review_bundles/tier1G_figures_dashboards/figures/D3_stratum_Aeolian_Chenopod_Shrublands_low_slide_data.pdf,D3_stratum_Aeolian_Chenopod_Shrublands_low_slide_data.pdf,.pdf,132860,2026-07-14T07:03:06+00:00,328f01ea6a0910aa189192c65bed4e09e003c8158a39537c4ef372ccbf38d54f,_archive/review_bundles/tier1G_figures_dashboards/figures
Output,Output/_archive/review_bundles/tier1G_figures_dashboards/figures/D3_stratum_Aeolian_Chenopod_Shrublands_low_slide_data.png,D3_stratum_Aeolian_Chenopod_Shrublands_low_slide_data.png,.png,625589,2026-07-14T07:03:06+00:00,ad9c9bb15a8feb7e9515627036977ca73e46ebe7d73f046aa52159ccbaadb87d,_archive/review_bundles/tier1G_figures_dashboards/figures
Output,Output/_archive/review_bundles/tier1G_figures_dashboards/figures/D3_stratum_Inland_Floodplain_Shrublands_Swamps_high_slide_data.pdf,D3_stratum_Inland_Floodplain_Shrublands_Swamps_high_slide_data.pdf,.pdf,145850,2026-07-14T07:03:06+00:00,9292770fab12e9ed64f6d7254298b2ffcf0de73410eca29504e9796a57caddf5,_archive/review_bundles/tier1G_figures_dashboards/figures
Output,Output/_archive/review_bundles/tier1G_figures_dashboards/figures/D3_stratum_Inland_Floodplain_Shrublands_Swamps_high_slide_data.png,D3_stratum_Inland_Floodplain_Shrublands_Swamps_high_slide_data.png,.png,778176,2026-07-14T07:03:06+00:00,20f4ca02530129030b421bf830eea8639f00b3924a5aed1ecde55b716c55efdb,_archive/review_bundles/tier1G_figures_dashboards/figures
Output,Output/_archive/review_bundles/tier1G_figures_dashboards/figures/D3_stratum_Riverine_Chenopod_Shrublands_mid_slide_data.pdf,D3_stratum_Riverine_Chenopod_Shrublands_mid_slide_data.pdf,.pdf,136293,2026-07-14T07:03:06+00:00,fc93287e535dd61b39d9c47f87ed78d82dc159044158854a11956c764f68dcd4,_archive/review_bundles/tier1G_figures_dashboards/figures
Output,Output/_archive/review_bundles/tier1G_figures_dashboards/figures/D3_stratum_Riverine_Chenopod_Shrublands_mid_slide_data.png,D3_stratum_Riverine_Chenopod_Shrublands_mid_slide_data.png,.png,682105,2026-07-14T07:03:06+00:00,b10c56c92daa7488f2982a07f1b98ab44ae5973e9dcc25493f965fd27d2e7917,_archive/review_bundles/tier1G_figures_dashboards/figures
Output,Output/_archive/review_bundles/tier1G_figures_dashboards/figures/F5_stratified_sampling_concept.pdf,F5_stratified_sampling_concept.pdf,.pdf,71611,2026-07-14T06:13:06+00:00,506b8b4c61cab5664228b00e3f3073e59c1c074314799b836720eeb613f9c8ad,_archive/review_bundles/tier1G_figures_dashboards/figures
Output,Output/_archive/review_bundles/tier1G_figures_dashboards/figures/F5_stratified_sampling_concept.svg,F5_stratified_sampling_concept.svg,.svg,66294,2026-07-14T06:13:06+00:00,27fe08cb420a928f05db6d04b6c0768a1be18238094f89ec25c0179f37b6b709,_archive/review_bundles/tier1G_figures_dashboards/figures
Output,Output/_archive/review_bundles/tier1G_figures_dashboards/figures/F7_response_by_community_data.pdf,F7_response_by_community_data.pdf,.pdf,133389,2026-07-14T06:13:06+00:00,10c6476b69cdb12a188ba3ad23f64439aafb7dab114b08fd75f6233291cfe891,_archive/review_bundles/tier1G_figures_dashboards/figures
Output,Output/_archive/review_bundles/tier1G_figures_dashboards/figures/F7_response_by_community_data.png,F7_response_by_community_data.png,.png,488865,2026-07-14T06:13:06+00:00,201fd8869892db3c153bc6cabfcba4fa0fac2b0ca5be27952dccb8e47b8a5d67,_archive/review_bundles/tier1G_figures_dashboards/figures
Output,Output/_archive/review_bundles/tier1_dashboards_trial/figures_manifest.csv,figures_manifest.csv,.csv,26016,2026-07-10T06:13:56+00:00,897b6e67a062a3d6cb6e16abe057d78c6f1dfbda4d01cfdf97ad6700d2fb2adb,_archive/review_bundles/tier1_dashboards_trial
Output,Output/_archive/review_bundles/tier1_dashboards_trial/manifest_rows_dashboards_trial.csv,manifest_rows_dashboards_trial.csv,.csv,9672,2026-07-10T06:13:56+00:00,8873d8d6b0440d5f3f96240223542bd6366b4b5dcf3f98c4ccabd850bffbab0a,_archive/review_bundles/tier1_dashboards_trial
Output,Output/_archive/review_bundles/tier1_dashboards_trial/tier1_dashboards_trial.md,tier1_dashboards_trial.md,.md,4509,2026-07-10T06:18:16+00:00,2e0628fd6b777b20d5b251b66eb25fd8efe3f52ec05663274ec12bfcc50b1366,_archive/review_bundles/tier1_dashboards_trial
Output,Output/_archive/review_bundles/tier1_dashboards_trial/diagnostics/dashboards_trial_qa.json,dashboards_trial_qa.json,.json,4352,2026-07-10T06:13:56+00:00,383b282f81af70cea30bf0a3e2058ed999d81ba3cf575cdb4f496ebabaa0d23c,_archive/review_bundles/tier1_dashboards_trial/diagnostics
Output,Output/_archive/review_bundles/tier1_dashboards_trial/figures/D1_paddock_Bala_28ca_A_slide_data.pdf,D1_paddock_Bala_28ca_A_slide_data.pdf,.pdf,114590,2026-07-10T06:13:54+00:00,db2deb96da7f5c07b9cfdf0bbf92a0e2400182c9c358ec2f9617ab067cdc8b66,_archive/review_bundles/tier1_dashboards_trial/figures
Output,Output/_archive/review_bundles/tier1_dashboards_trial/figures/D1_paddock_Bala_28ca_A_slide_data.png,D1_paddock_Bala_28ca_A_slide_data.png,.png,608083,2026-07-10T06:13:54+00:00,bd89f93c31b28775e21172bdd42be3272fcafbebce4af298497aca0bdb69421b,_archive/review_bundles/tier1_dashboards_trial/figures
Output,Output/_archive/review_bundles/tier1_dashboards_trial/figures/D1_paddock_Bala_28ca_B_slide_data.pdf,D1_paddock_Bala_28ca_B_slide_data.pdf,.pdf,115981,2026-07-10T06:13:54+00:00,7d5185cb09f5105c99491a10823d1a57dfec30889859153fe91b2cf036e5b3f1,_archive/review_bundles/tier1_dashboards_trial/figures
Output,Output/_archive/review_bundles/tier1_dashboards_trial/figures/D1_paddock_Bala_28ca_B_slide_data.png,D1_paddock_Bala_28ca_B_slide_data.png,.png,692668,2026-07-10T06:13:54+00:00,6091f6d8697f9042f7f885248f1f5dba440083249915b94def947ce33b0d553e,_archive/review_bundles/tier1_dashboards_trial/figures
Output,Output/_archive/review_bundles/tier1_dashboards_trial/figures/D1_paddock_Bala_28ca_C_slide_data.pdf,D1_paddock_Bala_28ca_C_slide_data.pdf,.pdf,116648,2026-07-10T06:13:54+00:00,da9d9f2505db565222c1e0959cec78f2f1bec6f85c2bd851ff1455ad41d872e1,_archive/review_bundles/tier1_dashboards_trial/figures
Output,Output/_archive/review_bundles/tier1_dashboards_trial/figures/D1_paddock_Bala_28ca_C_slide_data.png,D1_paddock_Bala_28ca_C_slide_data.png,.png,664441,2026-07-10T06:13:54+00:00,4373034db03c8715223cbd3d2075176b6e927346199efc9caa227152ce2e843c,_archive/review_bundles/tier1_dashboards_trial/figures
Output,Output/_archive/review_bundles/tier1_dashboards_trial/figures/D1_paddock_Bala_29ca_A_slide_data.pdf,D1_paddock_Bala_29ca_A_slide_data.pdf,.pdf,113468,2026-07-10T06:13:54+00:00,ef9d7f9bbf47d6ad298c8d33f0c83e9c0880d85c2977e03d7f118aff2b735939,_archive/review_bundles/tier1_dashboards_trial/figures
Output,Output/_archive/review_bundles/tier1_dashboards_trial/figures/D1_paddock_Bala_29ca_A_slide_data.png,D1_paddock_Bala_29ca_A_slide_data.png,.png,581150,2026-07-10T06:13:54+00:00,adf96057dd354b086b7554b73791eabc81af82bbe9e2b534d6e38511f62b4271,_archive/review_bundles/tier1_dashboards_trial/figures
Output,Output/_archive/review_bundles/tier1_dashboards_trial/figures/D1_paddock_Bala_29ca_B_slide_data.pdf,D1_paddock_Bala_29ca_B_slide_data.pdf,.pdf,114501,2026-07-10T06:13:54+00:00,258f7a5f0436f4ef8d0f73a1ac5a6113c7302cc2df1d733c7c532937479944a0,_archive/review_bundles/tier1_dashboards_trial/figures
Output,Output/_archive/review_bundles/tier1_dashboards_trial/figures/D1_paddock_Bala_29ca_B_slide_data.png,D1_paddock_Bala_29ca_B_slide_data.png,.png,631650,2026-07-10T06:13:54+00:00,e6a099abed370323a95adda64607deff972d1e8c5e80b37610573ca046cb28d3,_archive/review_bundles/tier1_dashboards_trial/figures
Output,Output/_archive/review_bundles/tier1_dashboards_trial/figures/D1_paddock_Bala_29ca_C_a3_landscape_data.pdf,D1_paddock_Bala_29ca_C_a3_landscape_data.pdf,.pdf,114728,2026-07-10T06:13:54+00:00,2fc7585fc9449e1c0e445f182f2521c356c71a3f76308d75468636d547a61dcd,_archive/review_bundles/tier1_dashboards_trial/figures
Output,Output/_archive/review_bundles/tier1_dashboards_trial/figures/D1_paddock_Bala_29ca_C_a3_landscape_data.png,D1_paddock_Bala_29ca_C_a3_landscape_data.png,.png,926558,2026-07-10T06:13:54+00:00,c0e309a3cc5cebb0c7685760c7e7b55d19db66eb4799736a97839c2c38a248db,_archive/review_bundles/tier1_dashboards_trial/figures
Output,Output/_archive/review_bundles/tier1_dashboards_trial/figures/D1_paddock_Bala_29ca_C_slide_data.pdf,D1_paddock_Bala_29ca_C_slide_data.pdf,.pdf,110969,2026-07-10T06:13:54+00:00,7a1064f3026f518cba4dc6a6ed0ba5680a4b91cfd77d07aba65c84fefb49f24a,_archive/review_bundles/tier1_dashboards_trial/figures
Output,Output/_archive/review_bundles/tier1_dashboards_trial/figures/D1_paddock_Bala_29ca_C_slide_data.png,D1_paddock_Bala_29ca_C_slide_data.png,.png,644844,2026-07-10T06:13:54+00:00,7e40b8ba548c87a8f675a8f6565838fa6bf9b159536e473a3df5948b4311f976,_archive/review_bundles/tier1_dashboards_trial/figures
Output,Output/_archive/review_bundles/tier1_dashboards_trial/figures/D1_paddock_Dinan_10_A_slide_data.pdf,D1_paddock_Dinan_10_A_slide_data.pdf,.pdf,100404,2026-07-10T06:13:54+00:00,483b1070881e6ebf297e12c5986fb6e19397092fe49caa52d04bf929e3c423ff,_archive/review_bundles/tier1_dashboards_trial/figures
Output,Output/_archive/review_bundles/tier1_dashboards_trial/figures/D1_paddock_Dinan_10_A_slide_data.png,D1_paddock_Dinan_10_A_slide_data.png,.png,564373,2026-07-10T06:13:54+00:00,52f5ecbe17cb0ccf753ae2878975366f8e6c5a2d076d04697a591bfe6259484b,_archive/review_bundles/tier1_dashboards_trial/figures
Output,Output/_archive/review_bundles/tier1_dashboards_trial/figures/D1_paddock_Dinan_10_B_slide_data.pdf,D1_paddock_Dinan_10_B_slide_data.pdf,.pdf,101401,2026-07-10T06:13:54+00:00,61fe6c20c1dbf3f9be871b9cbe013eefc16050aedb018d47e8a6f32188d01409,_archive/review_bundles/tier1_dashboards_trial/figures
Output,Output/_archive/review_bundles/tier1_dashboards_trial/figures/D1_paddock_Dinan_10_B_slide_data.png,D1_paddock_Dinan_10_B_slide_data.png,.png,613108,2026-07-10T06:13:54+00:00,7d03f7fd62ab2e881b60494e699c59d7f5004ca51de1a5d962204b6c6f47dd4d,_archive/review_bundles/tier1_dashboards_trial/figures
Output,Output/_archive/review_bundles/tier1_dashboards_trial/figures/D1_paddock_Dinan_10_C_slide_data.pdf,D1_paddock_Dinan_10_C_slide_data.pdf,.pdf,99689,2026-07-10T06:13:54+00:00,7f5fb18e66aa495c8363d8a2c9393c190bab9f956975422581c6a426d6d18008,_archive/review_bundles/tier1_dashboards_trial/figures
Output,Output/_archive/review_bundles/tier1_dashboards_trial/figures/D1_paddock_Dinan_10_C_slide_data.png,D1_paddock_Dinan_10_C_slide_data.png,.png,609513,2026-07-10T06:13:54+00:00,37c2709df2560a0e9cde93e2968fe117d7d91733792f71babf7629a2be3927ed,_archive/review_bundles/tier1_dashboards_trial/figures
Output,Output/_archive/review_bundles/tier1_dashboards_trial/figures/D1_paddock_Dinan_8_A_slide_data.pdf,D1_paddock_Dinan_8_A_slide_data.pdf,.pdf,118742,2026-07-10T06:13:54+00:00,6007619d35df3b727e474e61e12cca83084a9b142311131eb98272bd46825a42,_archive/review_bundles/tier1_dashboards_trial/figures
Output,Output/_archive/review_bundles/tier1_dashboards_trial/figures/D1_paddock_Dinan_8_A_slide_data.png,D1_paddock_Dinan_8_A_slide_data.png,.png,651061,2026-07-10T06:13:54+00:00,ac1ef60f3ae1cdad1d68ef75ec08221680a6caaec031b0d1d7ecfbc333673dda,_archive/review_bundles/tier1_dashboards_trial/figures
Output,Output/_archive/review_bundles/tier1_dashboards_trial/figures/D1_paddock_Dinan_8_B_slide_data.pdf,D1_paddock_Dinan_8_B_slide_data.pdf,.pdf,118694,2026-07-10T06:13:54+00:00,a83b650acee1c13c85b156c03a9bb058c2e5986438b9367d867d591509b8514b,_archive/review_bundles/tier1_dashboards_trial/figures
Output,Output/_archive/review_bundles/tier1_dashboards_trial/figures/D1_paddock_Dinan_8_B_slide_data.png,D1_paddock_Dinan_8_B_slide_data.png,.png,684450,2026-07-10T06:13:54+00:00,21ac5ec325c6592adffe6207743f861833340d2d9736af5d79ce1a549248566e,_archive/review_bundles/tier1_dashboards_trial/figures
Output,Output/_archive/review_bundles/tier1_dashboards_trial/figures/D1_paddock_Dinan_8_C_slide_data.pdf,D1_paddock_Dinan_8_C_slide_data.pdf,.pdf,118403,2026-07-10T06:13:54+00:00,9470b4066e409d87f924e9c8850357e9f782e9777ab096f2871736630a1cb81a,_archive/review_bundles/tier1_dashboards_trial/figures
Output,Output/_archive/review_bundles/tier1_dashboards_trial/figures/D1_paddock_Dinan_8_C_slide_data.png,D1_paddock_Dinan_8_C_slide_data.png,.png,696761,2026-07-10T06:13:54+00:00,0003af445abc78300a3508dee6f872b4de2fd49ec4ef0a47276848621df332d5,_archive/review_bundles/tier1_dashboards_trial/figures
Output,Output/_archive/review_bundles/tier1_dashboards_trial/figures/D2_site_GA_001_A_slide_data.pdf,D2_site_GA_001_A_slide_data.pdf,.pdf,114752,2026-07-10T06:13:54+00:00,3a1066a05db145b0d241423b92b9d2de0a04b82ea3fca7d51198137c5d742b6d,_archive/review_bundles/tier1_dashboards_trial/figures
Output,Output/_archive/review_bundles/tier1_dashboards_trial/figures/D2_site_GA_001_A_slide_data.png,D2_site_GA_001_A_slide_data.png,.png,640474,2026-07-10T06:13:54+00:00,d881482acd8f91ffd9abedc521b54e69df9aae778fe01a3b545df2c828803e98,_archive/review_bundles/tier1_dashboards_trial/figures
Output,Output/_archive/review_bundles/tier1_dashboards_trial/figures/D2_site_GA_001_B_slide_data.pdf,D2_site_GA_001_B_slide_data.pdf,.pdf,115965,2026-07-10T06:13:54+00:00,ac3ef4700bc6fc1f0999617623590129adeb5f57e728707c9e2d626fe4208a62,_archive/review_bundles/tier1_dashboards_trial/figures
Output,Output/_archive/review_bundles/tier1_dashboards_trial/figures/D2_site_GA_001_B_slide_data.png,D2_site_GA_001_B_slide_data.png,.png,662356,2026-07-10T06:13:54+00:00,65a2b7508ff95fac6f46086f4a19d66f971eb832515940657bb3feeb4bbcff38,_archive/review_bundles/tier1_dashboards_trial/figures
Output,Output/_archive/review_bundles/tier1_dashboards_trial/figures/D2_site_GA_001_C_slide_data.pdf,D2_site_GA_001_C_slide_data.pdf,.pdf,115589,2026-07-10T06:13:54+00:00,8d7f276f6bb9334ceba6af35703273645b0b3a3293e7f2ae1aaf149cc6a8d88b,_archive/review_bundles/tier1_dashboards_trial/figures
Output,Output/_archive/review_bundles/tier1_dashboards_trial/figures/D2_site_GA_001_C_slide_data.png,D2_site_GA_001_C_slide_data.png,.png,627499,2026-07-10T06:13:54+00:00,b1e99e05c358306479b57c60677e077562c9e4517618411c4f4dfc38d6981eda,_archive/review_bundles/tier1_dashboards_trial/figures
Output,Output/_archive/review_bundles/tier1_dashboards_trial/figures/D2_site_GA_003_A_slide_data.pdf,D2_site_GA_003_A_slide_data.pdf,.pdf,116983,2026-07-10T06:13:54+00:00,f5c90831df2bd7ba6dd3c61e4c7294145ba30c0ff46e34ab2ac5ddff3898eda3,_archive/review_bundles/tier1_dashboards_trial/figures
Output,Output/_archive/review_bundles/tier1_dashboards_trial/figures/D2_site_GA_003_A_slide_data.png,D2_site_GA_003_A_slide_data.png,.png,629989,2026-07-10T06:13:54+00:00,a5b0d724cea69eaef92511bdc11c7957d5bb0f607060f14583f0225d8ab4988d,_archive/review_bundles/tier1_dashboards_trial/figures
Output,Output/_archive/review_bundles/tier1_dashboards_trial/figures/D2_site_GA_003_B_slide_data.pdf,D2_site_GA_003_B_slide_data.pdf,.pdf,118306,2026-07-10T06:13:54+00:00,8007a6ecb0b0a8c100603c191796cfdb972961c707690d051093e14cb5f8cf29,_archive/review_bundles/tier1_dashboards_trial/figures
Output,Output/_archive/review_bundles/tier1_dashboards_trial/figures/D2_site_GA_003_B_slide_data.png,D2_site_GA_003_B_slide_data.png,.png,642511,2026-07-10T06:13:56+00:00,1875c71266220d905facef97c256a272470997409f340c6e6b35c954785f2b18,_archive/review_bundles/tier1_dashboards_trial/figures
Output,Output/_archive/review_bundles/tier1_dashboards_trial/figures/D2_site_GA_003_C_slide_data.pdf,D2_site_GA_003_C_slide_data.pdf,.pdf,117503,2026-07-10T06:13:56+00:00,6667651105f2855b79e81ad62f69114dcf1f5b616c65a2e9563d46368f5d42fb,_archive/review_bundles/tier1_dashboards_trial/figures
Output,Output/_archive/review_bundles/tier1_dashboards_trial/figures/D2_site_GA_003_C_slide_data.png,D2_site_GA_003_C_slide_data.png,.png,612528,2026-07-10T06:13:56+00:00,f6fb7f8f85c719e97f14515ff620dff4e4dc226c05e4a14ed5067818ae5c3e9a,_archive/review_bundles/tier1_dashboards_trial/figures
Output,Output/_archive/review_bundles/tier1_dashboards_trial/figures/D2_site_GA_019_A_slide_data.pdf,D2_site_GA_019_A_slide_data.pdf,.pdf,111660,2026-07-10T06:13:56+00:00,d71283f20b07eca6d54c5f4a5b1b92f72d0b7b9d516def9d0a0a5a16c9877a92,_archive/review_bundles/tier1_dashboards_trial/figures
Output,Output/_archive/review_bundles/tier1_dashboards_trial/figures/D2_site_GA_019_A_slide_data.png,D2_site_GA_019_A_slide_data.png,.png,625858,2026-07-10T06:13:56+00:00,76150080ce566f947f61da435b82609f0cea6102d6d3d97aa7fdf248c4ffd361,_archive/review_bundles/tier1_dashboards_trial/figures
Output,Output/_archive/review_bundles/tier1_dashboards_trial/figures/D2_site_GA_019_B_slide_data.pdf,D2_site_GA_019_B_slide_data.pdf,.pdf,111525,2026-07-10T06:13:56+00:00,7f2ca4dfea7bd7c6a34e45640140dfbe79deba8afd0b7ee7d5d2c16fef58d121,_archive/review_bundles/tier1_dashboards_trial/figures
Output,Output/_archive/review_bundles/tier1_dashboards_trial/figures/D2_site_GA_019_B_slide_data.png,D2_site_GA_019_B_slide_data.png,.png,648923,2026-07-10T06:13:56+00:00,27d88ae0f231250baf194b59ba54ee585503489c605e5430abf995d3a23784bd,_archive/review_bundles/tier1_dashboards_trial/figures
Output,Output/_archive/review_bundles/tier1_dashboards_trial/figures/D2_site_GA_019_C_slide_data.pdf,D2_site_GA_019_C_slide_data.pdf,.pdf,110903,2026-07-10T06:13:56+00:00,bcc22343d0b821de4c9e1c539d961f860f2a9abeef934afd140def8dbd592d4f,_archive/review_bundles/tier1_dashboards_trial/figures
Output,Output/_archive/review_bundles/tier1_dashboards_trial/figures/D2_site_GA_019_C_slide_data.png,D2_site_GA_019_C_slide_data.png,.png,617601,2026-07-10T06:13:56+00:00,95a616165e4f27af12b2508cd7fe3b45c08470e8752bde3b90942b2d1430f2e5,_archive/review_bundles/tier1_dashboards_trial/figures
Output,Output/_archive/review_bundles/tier1_dashboards_trial/figures/D2_site_GA_032_A_slide_data.pdf,D2_site_GA_032_A_slide_data.pdf,.pdf,104546,2026-07-10T06:13:56+00:00,3771758e812916b30f6eb1a8961dfc859d8d1746e63babe9129dfc075c551c2b,_archive/review_bundles/tier1_dashboards_trial/figures
Output,Output/_archive/review_bundles/tier1_dashboards_trial/figures/D2_site_GA_032_A_slide_data.png,D2_site_GA_032_A_slide_data.png,.png,614597,2026-07-10T06:13:56+00:00,a00552e2d6afb3f4fb443915638b24b2b664e8fb37cd685eecf478d2aa706c23,_archive/review_bundles/tier1_dashboards_trial/figures
Output,Output/_archive/review_bundles/tier1_dashboards_trial/figures/D2_site_GA_032_B_slide_data.pdf,D2_site_GA_032_B_slide_data.pdf,.pdf,103622,2026-07-10T06:13:56+00:00,c1c9f1138a33638effa198ed66410faaf5d2a13c42dd312971e3a16a375c001c,_archive/review_bundles/tier1_dashboards_trial/figures
Output,Output/_archive/review_bundles/tier1_dashboards_trial/figures/D2_site_GA_032_B_slide_data.png,D2_site_GA_032_B_slide_data.png,.png,643586,2026-07-10T06:13:56+00:00,c497642d7379279512516a3e3b8e960d80355a70c0255058f79bb3c07684a6a3,_archive/review_bundles/tier1_dashboards_trial/figures
Output,Output/_archive/review_bundles/tier1_dashboards_trial/figures/D2_site_GA_032_C_slide_data.pdf,D2_site_GA_032_C_slide_data.pdf,.pdf,104598,2026-07-10T06:13:56+00:00,b4c2b18a9607f6c89ce8b472414798673220915c1fc7a87bea78a2e015d2185d,_archive/review_bundles/tier1_dashboards_trial/figures
Output,Output/_archive/review_bundles/tier1_dashboards_trial/figures/D2_site_GA_032_C_slide_data.png,D2_site_GA_032_C_slide_data.png,.png,610409,2026-07-10T06:13:56+00:00,e09946afdba5c52dc84118bbd1e00cfd1a172ac3584a9b623f7c329c42536154,_archive/review_bundles/tier1_dashboards_trial/figures
Output,Output/_archive/review_bundles/tier1_dashboards_trial/figures/D2_site_GA_052_A_slide_data.pdf,D2_site_GA_052_A_slide_data.pdf,.pdf,111531,2026-07-10T06:13:56+00:00,ba5ec4851035faf4d536a1d52220ee92a57a10b19b332bb6940fa2d1333e5d03,_archive/review_bundles/tier1_dashboards_trial/figures
Output,Output/_archive/review_bundles/tier1_dashboards_trial/figures/D2_site_GA_052_A_slide_data.png,D2_site_GA_052_A_slide_data.png,.png,607627,2026-07-10T06:13:56+00:00,143122c36219a2c2605b2580c1b9622ee3cfeef080e410aebbdb8312544c592f,_archive/review_bundles/tier1_dashboards_trial/figures
Output,Output/_archive/review_bundles/tier1_dashboards_trial/figures/D2_site_GA_052_B_slide_data.pdf,D2_site_GA_052_B_slide_data.pdf,.pdf,111376,2026-07-10T06:13:56+00:00,35aec6e4f13a72b8275b30566f87b8ccaae4fb0204753015ee196cdb6e37bd75,_archive/review_bundles/tier1_dashboards_trial/figures
Output,Output/_archive/review_bundles/tier1_dashboards_trial/figures/D2_site_GA_052_B_slide_data.png,D2_site_GA_052_B_slide_data.png,.png,625845,2026-07-10T06:13:56+00:00,0644012a10caa5f026988aa3d79fd237b8e8e950af37b0219d39e43d620e947f,_archive/review_bundles/tier1_dashboards_trial/figures
Output,Output/_archive/review_bundles/tier1_dashboards_trial/figures/D2_site_GA_052_C_slide_data.pdf,D2_site_GA_052_C_slide_data.pdf,.pdf,111648,2026-07-10T06:13:56+00:00,28b8dfe4b0d4ecf5d161f09d4a199ff6896b74b14324198d57afbac58a507f0c,_archive/review_bundles/tier1_dashboards_trial/figures
Output,Output/_archive/review_bundles/tier1_dashboards_trial/figures/D2_site_GA_052_C_slide_data.png,D2_site_GA_052_C_slide_data.png,.png,597490,2026-07-10T06:13:56+00:00,31a657848b40b535fbbcc0406ebde5862383ba2778eef4b41f505d500abbfa36,_archive/review_bundles/tier1_dashboards_trial/figures
Output,Output/_archive/review_bundles/tier1_dashboards_trial/figures/D3_stratum_Aeolian_Chenopod_Shrublands_low_A_slide_data.pdf,D3_stratum_Aeolian_Chenopod_Shrublands_low_A_slide_data.pdf,.pdf,135053,2026-07-10T06:13:56+00:00,6799121ce96bc58fda026e54ff8b96267993dbb2fda95adbdc6eea1b63068b35,_archive/review_bundles/tier1_dashboards_trial/figures
Output,Output/_archive/review_bundles/tier1_dashboards_trial/figures/D3_stratum_Aeolian_Chenopod_Shrublands_low_A_slide_data.png,D3_stratum_Aeolian_Chenopod_Shrublands_low_A_slide_data.png,.png,665999,2026-07-10T06:13:56+00:00,0ef9641f828b44d343a505a47eb70b12a743aec57a71e9017f3878a22dca40bc,_archive/review_bundles/tier1_dashboards_trial/figures
Output,Output/_archive/review_bundles/tier1_dashboards_trial/figures/D3_stratum_Aeolian_Chenopod_Shrublands_low_B_slide_data.pdf,D3_stratum_Aeolian_Chenopod_Shrublands_low_B_slide_data.pdf,.pdf,136342,2026-07-10T06:13:56+00:00,4123ffd00eebaf1744b4a8d6c6b877e8adeff768b9a6ac6c7bc00802c8275b6e,_archive/review_bundles/tier1_dashboards_trial/figures
Output,Output/_archive/review_bundles/tier1_dashboards_trial/figures/D3_stratum_Aeolian_Chenopod_Shrublands_low_B_slide_data.png,D3_stratum_Aeolian_Chenopod_Shrublands_low_B_slide_data.png,.png,641983,2026-07-10T06:13:56+00:00,0839daea29d6270f0a418fb8e8b79100c95ad250118f78e7f90ebc530c36b6c7,_archive/review_bundles/tier1_dashboards_trial/figures
Output,Output/_archive/review_bundles/tier1_dashboards_trial/figures/D3_stratum_Aeolian_Chenopod_Shrublands_low_C_slide_data.pdf,D3_stratum_Aeolian_Chenopod_Shrublands_low_C_slide_data.pdf,.pdf,134075,2026-07-10T06:13:56+00:00,bc0ff06ff9bee183b6ed485caa245a1ad8b5ffabe41b3df2297155fb1573ad63,_archive/review_bundles/tier1_dashboards_trial/figures
Output,Output/_archive/review_bundles/tier1_dashboards_trial/figures/D3_stratum_Aeolian_Chenopod_Shrublands_low_C_slide_data.png,D3_stratum_Aeolian_Chenopod_Shrublands_low_C_slide_data.png,.png,637428,2026-07-10T06:13:56+00:00,e71cf5cf0c345079da4164e2630c3baf32a3f0b0622a4e630014d5eb83032bbd,_archive/review_bundles/tier1_dashboards_trial/figures
Output,Output/_archive/review_bundles/tier1_dashboards_trial/figures/D3_stratum_Inland_Floodplain_Shrublands_Swamps_high_A_slide_data.pdf,D3_stratum_Inland_Floodplain_Shrublands_Swamps_high_A_slide_data.pdf,.pdf,149767,2026-07-10T06:13:56+00:00,edb76e585c7c811bd2f4c45bbaaf48ec9782ae3728c03b3712c21cf895f7cde1,_archive/review_bundles/tier1_dashboards_trial/figures
Output,Output/_archive/review_bundles/tier1_dashboards_trial/figures/D3_stratum_Inland_Floodplain_Shrublands_Swamps_high_A_slide_data.png,D3_stratum_Inland_Floodplain_Shrublands_Swamps_high_A_slide_data.png,.png,775353,2026-07-10T06:13:56+00:00,0b1dfd0f30bac9119d90e3f2c92e292960e6debe493d223e4350fb71d378a513,_archive/review_bundles/tier1_dashboards_trial/figures
Output,Output/_archive/review_bundles/tier1_dashboards_trial/figures/D3_stratum_Inland_Floodplain_Shrublands_Swamps_high_B_slide_data.pdf,D3_stratum_Inland_Floodplain_Shrublands_Swamps_high_B_slide_data.pdf,.pdf,151086,2026-07-10T06:13:56+00:00,f8be42f2f5123f5735861e69c51561b1f89a4597c8d747f09940f79a7485e962,_archive/review_bundles/tier1_dashboards_trial/figures
Output,Output/_archive/review_bundles/tier1_dashboards_trial/figures/D3_stratum_Inland_Floodplain_Shrublands_Swamps_high_B_slide_data.png,D3_stratum_Inland_Floodplain_Shrublands_Swamps_high_B_slide_data.png,.png,771885,2026-07-10T06:13:56+00:00,061f7b778a06d0caabd22cf72e21fc69e5b82c7b28a9e70982700ee47d558a5a,_archive/review_bundles/tier1_dashboards_trial/figures
Output,Output/_archive/review_bundles/tier1_dashboards_trial/figures/D3_stratum_Inland_Floodplain_Shrublands_Swamps_high_C_slide_data.pdf,D3_stratum_Inland_Floodplain_Shrublands_Swamps_high_C_slide_data.pdf,.pdf,148436,2026-07-10T06:13:56+00:00,2a5b7121522b10766f5f784a8d9f873dce35930b43b7fc8fc3f0d2753602c8c0,_archive/review_bundles/tier1_dashboards_trial/figures
Output,Output/_archive/review_bundles/tier1_dashboards_trial/figures/D3_stratum_Inland_Floodplain_Shrublands_Swamps_high_C_slide_data.png,D3_stratum_Inland_Floodplain_Shrublands_Swamps_high_C_slide_data.png,.png,754915,2026-07-10T06:13:56+00:00,d0132d3991e203ed0087cb559ee078beb5565195957f2d417cf1e340d25c2817,_archive/review_bundles/tier1_dashboards_trial/figures
Output,Output/_archive/review_bundles/tier1_dashboards_trial/figures/D3_stratum_Riverine_Chenopod_Shrublands_mid_A_slide_data.pdf,D3_stratum_Riverine_Chenopod_Shrublands_mid_A_slide_data.pdf,.pdf,139692,2026-07-10T06:13:56+00:00,c332322332712f4d9582087017e42edb6018ed2aaf0feea083d6514938d3c856,_archive/review_bundles/tier1_dashboards_trial/figures
Output,Output/_archive/review_bundles/tier1_dashboards_trial/figures/D3_stratum_Riverine_Chenopod_Shrublands_mid_A_slide_data.png,D3_stratum_Riverine_Chenopod_Shrublands_mid_A_slide_data.png,.png,716947,2026-07-10T06:13:56+00:00,85506a2a39c281e9c8917ade1dac246ea9f1cb00e2f9ffcb3e3254ece87b2f17,_archive/review_bundles/tier1_dashboards_trial/figures
Output,Output/_archive/review_bundles/tier1_dashboards_trial/figures/D3_stratum_Riverine_Chenopod_Shrublands_mid_B_slide_data.pdf,D3_stratum_Riverine_Chenopod_Shrublands_mid_B_slide_data.pdf,.pdf,140947,2026-07-10T06:13:56+00:00,f12aa0dd8482da40765afac2373d31cac376082d0182b4e8a30db91ac33cb911,_archive/review_bundles/tier1_dashboards_trial/figures
Output,Output/_archive/review_bundles/tier1_dashboards_trial/figures/D3_stratum_Riverine_Chenopod_Shrublands_mid_B_slide_data.png,D3_stratum_Riverine_Chenopod_Shrublands_mid_B_slide_data.png,.png,706354,2026-07-10T06:13:56+00:00,ad1711fb12967b5144159428267c2bdd542b1d2795a8bb764e211a74e85d4c5b,_archive/review_bundles/tier1_dashboards_trial/figures
Output,Output/_archive/review_bundles/tier1_dashboards_trial/figures/D3_stratum_Riverine_Chenopod_Shrublands_mid_C_slide_data.pdf,D3_stratum_Riverine_Chenopod_Shrublands_mid_C_slide_data.pdf,.pdf,138274,2026-07-10T06:13:56+00:00,e0b8a635b376136a709a339db21389f7bf116af559fe43bb94044f0c538f24f9,_archive/review_bundles/tier1_dashboards_trial/figures
Output,Output/_archive/review_bundles/tier1_dashboards_trial/figures/D3_stratum_Riverine_Chenopod_Shrublands_mid_C_slide_data.png,D3_stratum_Riverine_Chenopod_Shrublands_mid_C_slide_data.png,.png,710654,2026-07-10T06:13:56+00:00,806e266dc47dd753aab02c541f72f4c98701e16fd337522926a06e2e997f6320,_archive/review_bundles/tier1_dashboards_trial/figures
Output,Output/_archive/review_bundles/tier1_pixel_census/figures_manifest.csv,figures_manifest.csv,.csv,7380,2026-07-10T00:44:48+00:00,bb3f4ee0712180fec67ebaff40ffffae62b02afa3b2736151ccf59adc463dab1,_archive/review_bundles/tier1_pixel_census
Output,Output/_archive/review_bundles/tier1_pixel_census/manifest_rows_pixel_census.csv,manifest_rows_pixel_census.csv,.csv,572,2026-07-10T00:44:48+00:00,b741c3e02ccaf959cfab40cf8afcab13066f22037297073436a761e305c0ed70,_archive/review_bundles/tier1_pixel_census
Output,Output/_archive/review_bundles/tier1_pixel_census/tier1_pixel_census.md,tier1_pixel_census.md,.md,5123,2026-07-10T00:44:50+00:00,94b618f36e208419fcadee871b363f0e6af8c5afa82101b3555f0cba6d732033,_archive/review_bundles/tier1_pixel_census
Output,Output/_archive/review_bundles/tier1_pixel_census/diagnostics/pixel_census.csv,pixel_census.csv,.csv,1496,2026-07-10T00:44:50+00:00,64b0440a86337213e6ee17a225bdf413b8686ebef28589e16cec88545551b8df,_archive/review_bundles/tier1_pixel_census/diagnostics
Output,Output/_archive/review_bundles/tier1_pixel_census/diagnostics/pixel_census_qa.json,pixel_census_qa.json,.json,1495,2026-07-10T00:44:50+00:00,adadd04755a49dab7f24a738c294ccb006b95f8d11d1fbd845b5604914571203,_archive/review_bundles/tier1_pixel_census/diagnostics
Output,Output/_archive/review_bundles/tier1_pixel_census/diagnostics/regime_band_breaks.csv,regime_band_breaks.csv,.csv,216,2026-07-10T00:44:50+00:00,488303383b9247a0627fcaec50c627756fc80927521e875d337db278357f69a7,_archive/review_bundles/tier1_pixel_census/diagnostics
Output,Output/_archive/review_bundles/tier1_pixel_census/figures/F5d_pixel_census_data.pdf,F5d_pixel_census_data.pdf,.pdf,42894,2026-07-10T00:44:48+00:00,30e31b24c435afc02905c675851f37ff2f4c5c5398a602c41fd3ffae2c7c4172,_archive/review_bundles/tier1_pixel_census/figures
Output,Output/_archive/review_bundles/tier1_pixel_census/figures/F5d_pixel_census_data.png,F5d_pixel_census_data.png,.png,198062,2026-07-10T00:44:48+00:00,c47831a348ec61143d45d7ce1dc621f65e524fb0fdedff986dfd33cd0a41c988,_archive/review_bundles/tier1_pixel_census/figures
Output,Output/_archive/review_bundles/tier1_veg_regime_checkerboard/figures_manifest.csv,figures_manifest.csv,.csv,26016,2026-07-10T06:16:56+00:00,897b6e67a062a3d6cb6e16abe057d78c6f1dfbda4d01cfdf97ad6700d2fb2adb,_archive/review_bundles/tier1_veg_regime_checkerboard
Output,Output/_archive/review_bundles/tier1_veg_regime_checkerboard/manifest_rows_c1.csv,manifest_rows_c1.csv,.csv,9016,2026-07-10T06:16:56+00:00,b5c800248fb3ffc4e4697581cc04299b318c69674ce11b11e52928792d338299,_archive/review_bundles/tier1_veg_regime_checkerboard
Output,Output/_archive/review_bundles/tier1_veg_regime_checkerboard/tier1_veg_regime_checkerboard.md,tier1_veg_regime_checkerboard.md,.md,4958,2026-07-10T06:16:56+00:00,f4611579f34ce90e74c1e0c90cd69319ae7d4e713afe82721ba1cb841a84a438,_archive/review_bundles/tier1_veg_regime_checkerboard
Output,Output/_archive/review_bundles/tier1_veg_regime_checkerboard/diagnostics/c1_inset_overlap_check.csv,c1_inset_overlap_check.csv,.csv,1184,2026-07-10T06:16:56+00:00,46705a7afee783cbee0ba566c4863110b5b1ab19ba98b077e0c3fc18685c336d,_archive/review_bundles/tier1_veg_regime_checkerboard/diagnostics
Output,Output/_archive/review_bundles/tier1_veg_regime_checkerboard/diagnostics/regime_band_breaks.csv,regime_band_breaks.csv,.csv,216,2026-07-10T06:16:56+00:00,488303383b9247a0627fcaec50c627756fc80927521e875d337db278357f69a7,_archive/review_bundles/tier1_veg_regime_checkerboard/diagnostics
Output,Output/_archive/review_bundles/tier1_veg_regime_checkerboard/diagnostics/veg_regime_class_qa.json,veg_regime_class_qa.json,.json,3129,2026-07-10T06:16:56+00:00,1ead8194f2cd358399cb93421aefe0106ba9e9b270965d38b37ef4b5af45e914,_archive/review_bundles/tier1_veg_regime_checkerboard/diagnostics
Output,Output/_archive/review_bundles/tier1_veg_regime_checkerboard/figures/C1_veg_regime_bivariate_farm_data.pdf,C1_veg_regime_bivariate_farm_data.pdf,.pdf,110206,2026-07-10T06:16:54+00:00,bfdc81b00e5bfbbadf006f03fbce31b29c9d0088913e59b2d17d118d0e2f00e7,_archive/review_bundles/tier1_veg_regime_checkerboard/figures
Output,Output/_archive/review_bundles/tier1_veg_regime_checkerboard/figures/C1_veg_regime_bivariate_farm_data.png,C1_veg_regime_bivariate_farm_data.png,.png,577238,2026-07-10T06:16:54+00:00,e53344229b518409ca986cbfd68c672a26777a3cb8af9e9133461868265060f0,_archive/review_bundles/tier1_veg_regime_checkerboard/figures
Output,Output/_archive/review_bundles/tier1_veg_regime_checkerboard/figures/C1_veg_regime_paddock_Bala_12_data.pdf,C1_veg_regime_paddock_Bala_12_data.pdf,.pdf,84968,2026-07-10T06:16:54+00:00,52f237555cc8df8c30f8dad45bd447da6bc5f27fc918f191c819b7cc6ac6ba6e,_archive/review_bundles/tier1_veg_regime_checkerboard/figures
Output,Output/_archive/review_bundles/tier1_veg_regime_checkerboard/figures/C1_veg_regime_paddock_Bala_12_data.png,C1_veg_regime_paddock_Bala_12_data.png,.png,344301,2026-07-10T06:16:54+00:00,7a781f66d9ad8fda895364bbb27cc494a59b6538549526f1ecfe6fb6e8443f2f,_archive/review_bundles/tier1_veg_regime_checkerboard/figures
Output,Output/_archive/review_bundles/tier1_veg_regime_checkerboard/figures/C1_veg_regime_paddock_Bala_17_data.pdf,C1_veg_regime_paddock_Bala_17_data.pdf,.pdf,72351,2026-07-10T06:16:54+00:00,33a68c7cdbac1d31e25f3c962e0c2301d7dee2e80cc47297a795a3fd1c004fed,_archive/review_bundles/tier1_veg_regime_checkerboard/figures
Output,Output/_archive/review_bundles/tier1_veg_regime_checkerboard/figures/C1_veg_regime_paddock_Bala_17_data.png,C1_veg_regime_paddock_Bala_17_data.png,.png,256596,2026-07-10T06:16:54+00:00,3d7a43c4b8245337a6353d0f6dcdf872d8217e43f14c6114ef0a7d5e81f09c4f,_archive/review_bundles/tier1_veg_regime_checkerboard/figures
Output,Output/_archive/review_bundles/tier1_veg_regime_checkerboard/figures/C1_veg_regime_paddock_Bala_19_data.pdf,C1_veg_regime_paddock_Bala_19_data.pdf,.pdf,71642,2026-07-10T06:16:54+00:00,cc00e62c647687a0cebe653a401d2278056bc3109552c40964536b8aacc4d9f7,_archive/review_bundles/tier1_veg_regime_checkerboard/figures
Output,Output/_archive/review_bundles/tier1_veg_regime_checkerboard/figures/C1_veg_regime_paddock_Bala_19_data.png,C1_veg_regime_paddock_Bala_19_data.png,.png,268038,2026-07-10T06:16:54+00:00,7bb6955fdaf16bbd81ec0d3bcb918f6c2613b072ef34605a9825d8b81c515d4e,_archive/review_bundles/tier1_veg_regime_checkerboard/figures
Output,Output/_archive/review_bundles/tier1_veg_regime_checkerboard/figures/C1_veg_regime_paddock_Bala_20_data.pdf,C1_veg_regime_paddock_Bala_20_data.pdf,.pdf,73613,2026-07-10T06:16:54+00:00,fb3353f12e61dc3f5e27dee95df74c77234eee44c569ae4b3abeb29f97a0fcc7,_archive/review_bundles/tier1_veg_regime_checkerboard/figures
Output,Output/_archive/review_bundles/tier1_veg_regime_checkerboard/figures/C1_veg_regime_paddock_Bala_20_data.png,C1_veg_regime_paddock_Bala_20_data.png,.png,269447,2026-07-10T06:16:54+00:00,327af60ca7c732d80a9ff34dd23ef3d7036d5d6f45f5fa7da032d43a2d61fde2,_archive/review_bundles/tier1_veg_regime_checkerboard/figures
Output,Output/_archive/review_bundles/tier1_veg_regime_checkerboard/figures/C1_veg_regime_paddock_Bala_21_data.pdf,C1_veg_regime_paddock_Bala_21_data.pdf,.pdf,72550,2026-07-10T06:16:54+00:00,e160673c2d1e71de23386cda95e04023abfc1af2cbb1e7a6a9661ae4f6b4af7a,_archive/review_bundles/tier1_veg_regime_checkerboard/figures
Output,Output/_archive/review_bundles/tier1_veg_regime_checkerboard/figures/C1_veg_regime_paddock_Bala_21_data.png,C1_veg_regime_paddock_Bala_21_data.png,.png,282374,2026-07-10T06:16:54+00:00,cef1edc6f9243317a53adafdbe86697e56b09a520abe8e1ef074fb689de912b7,_archive/review_bundles/tier1_veg_regime_checkerboard/figures
Output,Output/_archive/review_bundles/tier1_veg_regime_checkerboard/figures/C1_veg_regime_paddock_Bala_23_data.pdf,C1_veg_regime_paddock_Bala_23_data.pdf,.pdf,77281,2026-07-10T06:16:54+00:00,fd29201e2ed35c8e4dea14d99a2af7b83d0792c5faf42e6f914afa0aa11089c1,_archive/review_bundles/tier1_veg_regime_checkerboard/figures
Output,Output/_archive/review_bundles/tier1_veg_regime_checkerboard/figures/C1_veg_regime_paddock_Bala_23_data.png,C1_veg_regime_paddock_Bala_23_data.png,.png,288463,2026-07-10T06:16:54+00:00,e33a9a7af2c1cb01e3825279e31b07b9b65681bbd1a2703729a12005739443c4,_archive/review_bundles/tier1_veg_regime_checkerboard/figures
Output,Output/_archive/review_bundles/tier1_veg_regime_checkerboard/figures/C1_veg_regime_paddock_Bala_26ca_data.pdf,C1_veg_regime_paddock_Bala_26ca_data.pdf,.pdf,79428,2026-07-10T06:16:54+00:00,5d9d827a1464e374932c79491b2946537c0c0e42aaebe6b11996a355c8f68b59,_archive/review_bundles/tier1_veg_regime_checkerboard/figures
Output,Output/_archive/review_bundles/tier1_veg_regime_checkerboard/figures/C1_veg_regime_paddock_Bala_26ca_data.png,C1_veg_regime_paddock_Bala_26ca_data.png,.png,299623,2026-07-10T06:16:54+00:00,e5005c800b7bc0ee48db706f876116d12b69e27d8f4178330d791ba0b48ad58b,_archive/review_bundles/tier1_veg_regime_checkerboard/figures
Output,Output/_archive/review_bundles/tier1_veg_regime_checkerboard/figures/C1_veg_regime_paddock_Bala_28ca_data.pdf,C1_veg_regime_paddock_Bala_28ca_data.pdf,.pdf,79660,2026-07-10T06:16:56+00:00,dfe356f0b94761837cd6078f3d6856d1d8fb39f593ce0e267d861edfd1711c84,_archive/review_bundles/tier1_veg_regime_checkerboard/figures
Output,Output/_archive/review_bundles/tier1_veg_regime_checkerboard/figures/C1_veg_regime_paddock_Bala_28ca_data.png,C1_veg_regime_paddock_Bala_28ca_data.png,.png,325152,2026-07-10T06:16:56+00:00,fe42c0c3b24bdac8798267f3988a2a8f7633a4dde69988aa7e0737e20a784cfc,_archive/review_bundles/tier1_veg_regime_checkerboard/figures
Output,Output/_archive/review_bundles/tier1_veg_regime_checkerboard/figures/C1_veg_regime_paddock_Bala_29ca_data.pdf,C1_veg_regime_paddock_Bala_29ca_data.pdf,.pdf,85148,2026-07-10T06:16:56+00:00,98f435f770d2b633d2638fcb45562c6f425a628a2501837c548b6b471140bac0,_archive/review_bundles/tier1_veg_regime_checkerboard/figures
Output,Output/_archive/review_bundles/tier1_veg_regime_checkerboard/figures/C1_veg_regime_paddock_Bala_29ca_data.png,C1_veg_regime_paddock_Bala_29ca_data.png,.png,314374,2026-07-10T06:16:56+00:00,b408f8dcb78eb79a752b4a77352ebbf76574c76a4b516ace36314b76018ae4e7,_archive/review_bundles/tier1_veg_regime_checkerboard/figures
Output,Output/_archive/review_bundles/tier1_veg_regime_checkerboard/figures/C1_veg_regime_paddock_Bala_6_data.pdf,C1_veg_regime_paddock_Bala_6_data.pdf,.pdf,75615,2026-07-10T06:16:56+00:00,4a03c2a82bec4bcdb98120a80f1c5027ba7103c08a20aba7cb0ac83f9ee6ea3d,_archive/review_bundles/tier1_veg_regime_checkerboard/figures
Output,Output/_archive/review_bundles/tier1_veg_regime_checkerboard/figures/C1_veg_regime_paddock_Bala_6_data.png,C1_veg_regime_paddock_Bala_6_data.png,.png,256813,2026-07-10T06:16:56+00:00,23cb4ea59bfaef694ae5bfb6f65f4cb1c821b1f512121a25d4459034900dd4ce,_archive/review_bundles/tier1_veg_regime_checkerboard/figures
Output,Output/_archive/review_bundles/tier1_veg_regime_checkerboard/figures/C1_veg_regime_paddock_Bala_8_11_data.pdf,C1_veg_regime_paddock_Bala_8_11_data.pdf,.pdf,80699,2026-07-10T06:16:56+00:00,d296806eb37c9be13a5d4def68c3d1fbb8158727bb223fd2f1c7c8d0aa49cd6b,_archive/review_bundles/tier1_veg_regime_checkerboard/figures
Output,Output/_archive/review_bundles/tier1_veg_regime_checkerboard/figures/C1_veg_regime_paddock_Bala_8_11_data.png,C1_veg_regime_paddock_Bala_8_11_data.png,.png,308669,2026-07-10T06:16:56+00:00,4c4e25e295328b786dfabbe165f050c65197bd3d63d5cd4b93417b8e1fde4b77,_archive/review_bundles/tier1_veg_regime_checkerboard/figures
Output,Output/_archive/review_bundles/tier1_veg_regime_checkerboard/figures/C1_veg_regime_paddock_Dinan_10_data.pdf,C1_veg_regime_paddock_Dinan_10_data.pdf,.pdf,80089,2026-07-10T06:16:56+00:00,6061d1564ef4300d9c143c6a92c744346a7939d935c5761c90b3ca9e95a03487,_archive/review_bundles/tier1_veg_regime_checkerboard/figures
Output,Output/_archive/review_bundles/tier1_veg_regime_checkerboard/figures/C1_veg_regime_paddock_Dinan_10_data.png,C1_veg_regime_paddock_Dinan_10_data.png,.png,325101,2026-07-10T06:16:56+00:00,8f917f1f43211519fdaba8b4b12392d6e905847d38a4cb4d76d73894eb6f2d10,_archive/review_bundles/tier1_veg_regime_checkerboard/figures
Output,Output/_archive/review_bundles/tier1_veg_regime_checkerboard/figures/C1_veg_regime_paddock_Dinan_12_data.pdf,C1_veg_regime_paddock_Dinan_12_data.pdf,.pdf,82463,2026-07-10T06:16:56+00:00,2418442b6b0edd798e1db9d08e985752c3d8be9913e362be0011fc219256c171,_archive/review_bundles/tier1_veg_regime_checkerboard/figures
Output,Output/_archive/review_bundles/tier1_veg_regime_checkerboard/figures/C1_veg_regime_paddock_Dinan_12_data.png,C1_veg_regime_paddock_Dinan_12_data.png,.png,336653,2026-07-10T06:16:56+00:00,7b071f1028b56a332b2506d86de48d8487e3935f5ff032693d1b7063547753cc,_archive/review_bundles/tier1_veg_regime_checkerboard/figures
Output,Output/_archive/review_bundles/tier1_veg_regime_checkerboard/figures/C1_veg_regime_paddock_Dinan_1_data.pdf,C1_veg_regime_paddock_Dinan_1_data.pdf,.pdf,78311,2026-07-10T06:16:56+00:00,18005f1d0e04f27296ad2c65dff12724fb0b60f9f74c6e9a61f1186ed01c706e,_archive/review_bundles/tier1_veg_regime_checkerboard/figures
Output,Output/_archive/review_bundles/tier1_veg_regime_checkerboard/figures/C1_veg_regime_paddock_Dinan_1_data.png,C1_veg_regime_paddock_Dinan_1_data.png,.png,309826,2026-07-10T06:16:56+00:00,af96ae18b21981e7b134ab77d0ccb9259dff5ff815939b25022c315f12861563,_archive/review_bundles/tier1_veg_regime_checkerboard/figures
Output,Output/_archive/review_bundles/tier1_veg_regime_checkerboard/figures/C1_veg_regime_paddock_Dinan_3_data.pdf,C1_veg_regime_paddock_Dinan_3_data.pdf,.pdf,76203,2026-07-10T06:16:56+00:00,95387b3701be35b694f9b0b28f646255c0ebd9465eeed209db5bdc25e9ee35f1,_archive/review_bundles/tier1_veg_regime_checkerboard/figures
Output,Output/_archive/review_bundles/tier1_veg_regime_checkerboard/figures/C1_veg_regime_paddock_Dinan_3_data.png,C1_veg_regime_paddock_Dinan_3_data.png,.png,283452,2026-07-10T06:16:56+00:00,2e22666c0b5d3ea499f95746dba335932ca4e0e69fe049904c2f7940c1e43fd0,_archive/review_bundles/tier1_veg_regime_checkerboard/figures
Output,Output/_archive/review_bundles/tier1_veg_regime_checkerboard/figures/C1_veg_regime_paddock_Dinan_6_data.pdf,C1_veg_regime_paddock_Dinan_6_data.pdf,.pdf,75080,2026-07-10T06:16:56+00:00,debeeb80b2ee713da943fa265a4a8fbdfa6cd37f57ca76282f6b89403c1f9804,_archive/review_bundles/tier1_veg_regime_checkerboard/figures
Output,Output/_archive/review_bundles/tier1_veg_regime_checkerboard/figures/C1_veg_regime_paddock_Dinan_6_data.png,C1_veg_regime_paddock_Dinan_6_data.png,.png,316128,2026-07-10T06:16:56+00:00,d525dbea86b8b5230197bd58ee9f4a7caa19b56003ef7b563c260bd2f2754d6d,_archive/review_bundles/tier1_veg_regime_checkerboard/figures
Output,Output/_archive/review_bundles/tier1_veg_regime_checkerboard/figures/C1_veg_regime_paddock_Dinan_8_data.pdf,C1_veg_regime_paddock_Dinan_8_data.pdf,.pdf,93891,2026-07-10T06:16:56+00:00,bcdc04be68fe73dea4b659c582d8fd8a012a9be035d784d05a3cdd83316aa037,_archive/review_bundles/tier1_veg_regime_checkerboard/figures
Output,Output/_archive/review_bundles/tier1_veg_regime_checkerboard/figures/C1_veg_regime_paddock_Dinan_8_data.png,C1_veg_regime_paddock_Dinan_8_data.png,.png,410739,2026-07-10T06:16:56+00:00,2fc969a2bfc2960ce2bc336a9e8dc238497f6fa1caf704f9deace989b071a708,_archive/review_bundles/tier1_veg_regime_checkerboard/figures
Output,Output/_archive/review_bundles/tier1_veg_regime_checkerboard/figures/C1_veg_regime_paddock_Mara_13_data.pdf,C1_veg_regime_paddock_Mara_13_data.pdf,.pdf,73717,2026-07-10T06:16:56+00:00,2a932a825abaeb8441b21422d443869e6440b7856da0d76b7dd05d0371a953cd,_archive/review_bundles/tier1_veg_regime_checkerboard/figures
Output,Output/_archive/review_bundles/tier1_veg_regime_checkerboard/figures/C1_veg_regime_paddock_Mara_13_data.png,C1_veg_regime_paddock_Mara_13_data.png,.png,277146,2026-07-10T06:16:56+00:00,8654beb7328132606639c59e1ab8a03b841c96e24cd0d9a72220b0be635780e3,_archive/review_bundles/tier1_veg_regime_checkerboard/figures
Output,Output/_archive/review_bundles/tier1_veg_regime_checkerboard/figures/C1_veg_regime_paddock_Mara_21_data.pdf,C1_veg_regime_paddock_Mara_21_data.pdf,.pdf,73956,2026-07-10T06:16:56+00:00,c28213260f6047d9be7cb2b9176c91fe64962ab897d1199f43d0022b5619b028,_archive/review_bundles/tier1_veg_regime_checkerboard/figures
Output,Output/_archive/review_bundles/tier1_veg_regime_checkerboard/figures/C1_veg_regime_paddock_Mara_21_data.png,C1_veg_regime_paddock_Mara_21_data.png,.png,282075,2026-07-10T06:16:56+00:00,7effd46e68978bd64c843737a5b4c5886c326f0355e4144aa7137810aa61220d,_archive/review_bundles/tier1_veg_regime_checkerboard/figures
Output,Output/_archive/review_bundles/tier1_veg_regime_checkerboard/figures/C1_veg_regime_paddock_Mara_7_data.pdf,C1_veg_regime_paddock_Mara_7_data.pdf,.pdf,76464,2026-07-10T06:16:56+00:00,6aa6812da2a3905a7bd883b808a5cc28aa6a1fd9aa2389eac1c497ba707f10af,_archive/review_bundles/tier1_veg_regime_checkerboard/figures
Output,Output/_archive/review_bundles/tier1_veg_regime_checkerboard/figures/C1_veg_regime_paddock_Mara_7_data.png,C1_veg_regime_paddock_Mara_7_data.png,.png,299004,2026-07-10T06:16:56+00:00,224a2e92b8beb418136d0b4c1986bc724566568e09e062eea9ac413b165535c3,_archive/review_bundles/tier1_veg_regime_checkerboard/figures
Output,Output/_archive/review_bundles/tier1_veg_regime_checkerboard/figures/C1_veg_regime_paddock_Mara_8_data.pdf,C1_veg_regime_paddock_Mara_8_data.pdf,.pdf,72367,2026-07-10T06:16:56+00:00,c565ab6b73ce203ee45fddb673795d3acc5a5ab72f8facd430a4c6f53f2b091f,_archive/review_bundles/tier1_veg_regime_checkerboard/figures
Output,Output/_archive/review_bundles/tier1_veg_regime_checkerboard/figures/C1_veg_regime_paddock_Mara_8_data.png,C1_veg_regime_paddock_Mara_8_data.png,.png,263808,2026-07-10T06:16:56+00:00,41ef9b12bc1885f675c4eacdb044bb31244e0ed8d4b0c07dbc1a9551457a3e94,_archive/review_bundles/tier1_veg_regime_checkerboard/figures
Output,Output/_archive/working_figs/candidate_dashboard_set_for_review_updated.png,candidate_dashboard_set_for_review_updated.png,.png,136154,2026-06-27T08:53:06+00:00,6dc8b9663279291122d3bcc35a6f2ae768b03a0d641c7e7ddd96fbda6e308e45,_archive/working_figs
Output,Output/_archive/working_figs/dashboard_gauge_integration_prototype.png,dashboard_gauge_integration_prototype.png,.png,144726,2026-06-25T00:16:16+00:00,7fe34fa63ee1d88990c1c752e459adc0a1b476695df838e5cbbc7293cbe00caf,_archive/working_figs
Output,Output/_archive/working_figs/gauge_completeness_by_gauge_main_deck.png,gauge_completeness_by_gauge_main_deck.png,.png,84572,2026-06-27T08:50:16+00:00,a9c5f64e232bfe3d24f1f8ab911749063773a1abdea00ad82a0371e41b2bb538,_archive/working_figs
Output,Output/_archive/working_figs/gauge_data_completeness_overview.png,gauge_data_completeness_overview.png,.png,91121,2026-06-25T00:15:58+00:00,73d75859cba6d13596e67e417569daf810622b08802e0363fdd620358bf1cbb2,_archive/working_figs
Output,Output/_archive/working_figs/gauge_flow_by_station_overview.png,gauge_flow_by_station_overview.png,.png,268964,2026-06-25T00:15:54+00:00,f9868de9d55131f022f289880ee94c27e5d83734d07c47d8c8d1ce9c7b9ea84c,_archive/working_figs
Output,Output/_archive/working_figs/gc_total_veg_with_gauge_context.png,gc_total_veg_with_gauge_context.png,.png,499852,2026-06-25T00:15:46+00:00,fe16c6085d11ad9502abeb66104691dea7faab5b0fe4dec2376c756bf931bd04,_archive/working_figs
Output,Output/_archive/working_figs/inundation_with_gauge_context.png,inundation_with_gauge_context.png,.png,329504,2026-06-25T00:15:50+00:00,372b86e49e9f4413e35fef6a632e78546217eb3e9c1a58d0aa80f4e68819ae9a,_archive/working_figs
Output,Output/_archive/working_figs/inundation_with_gauge_context_main_deck.png,inundation_with_gauge_context_main_deck.png,.png,255881,2026-06-27T08:52:22+00:00,e4ef49fd4c86c0e198c309ef9d8bac8f17d3cb565c6aff398d5ffb11b4625777,_archive/working_figs
Output,Output/_archive/working_figs/kingsford_ratio_context_main_deck.png,kingsford_ratio_context_main_deck.png,.png,321060,2026-06-27T08:50:18+00:00,059887a7d4caaa1ac69d7102d02bfb62794ae3aab186bfe8bdaf815c9c5c4222,_archive/working_figs
Output,Output/_archive/working_figs/matched_year_inundation_comparison.png,matched_year_inundation_comparison.png,.png,142340,2026-06-25T01:03:30+00:00,4e651964cb2d542248bf360f1393da7034ebbfd51cfa1524e496fcb230b5e6ba,_archive/working_figs
Output,Output/_archive/working_figs/mer_change_result_main_deck.png,mer_change_result_main_deck.png,.png,347101,2026-06-27T08:52:18+00:00,ab0a7f79d82ea2435c8bfc57b354938e9cb9d3b2cbf6ef03c7332f3d56595faf,_archive/working_figs
Output,Output/_archive/working_figs/mer_metric_summary_review.png,mer_metric_summary_review.png,.png,185070,2026-06-25T01:52:28+00:00,c56057d6871bd4758eef48cbf43dbbfc71f5ef2fffe1567e808fee3123e2ee5c,_archive/working_figs
Output,Output/_archive/working_figs/mer_vs_annual_inundation_change_comparison.png,mer_vs_annual_inundation_change_comparison.png,.png,443053,2026-06-27T08:52:16+00:00,4d74409aa38ee1b6d9e2754d62bee8060a644596bff46bd0dd02f0fc16c894c4,_archive/working_figs
Output,Output/_archive/working_figs/plot_treed_exclusion_map.png,plot_treed_exclusion_map.png,.png,255284,2026-06-24T09:01:34+00:00,488a134ce2711f41ffe5209d6b755449e1e65d73b4bbe2b178706e90cffd36cc,_archive/working_figs
Output,Output/_archive/working_figs/MER/mer_metric_keep_defer_summary_review.png,mer_metric_keep_defer_summary_review.png,.png,185070,2026-06-27T08:49:38+00:00,c56057d6871bd4758eef48cbf43dbbfc71f5ef2fffe1567e808fee3123e2ee5c,_archive/working_figs/MER
Output,Output/_archive/working_figs/MER/mer_metric_summary_main_deck.png,mer_metric_summary_main_deck.png,.png,347101,2026-06-27T08:49:38+00:00,ab0a7f79d82ea2435c8bfc57b354938e9cb9d3b2cbf6ef03c7332f3d56595faf,_archive/working_figs/MER
Output,Output/_archive/working_figs/MER/mer_vs_annual_occurrence_main_deck_comparison.png,mer_vs_annual_occurrence_main_deck_comparison.png,.png,443053,2026-06-27T08:49:38+00:00,4d74409aa38ee1b6d9e2754d62bee8060a644596bff46bd0dd02f0fc16c894c4,_archive/working_figs/MER
Output,Output/_archive/working_figs/MER/raster_build/mer_raster_build_readiness_summary.png,mer_raster_build_readiness_summary.png,.png,31682,2026-06-27T03:12:16+00:00,9aa0d1ff97e451d917778a6e0336eb5574b03e840988f2dd31136ec063ab3a61,_archive/working_figs/MER/raster_build
Output,Output/_archive/working_figs/MER/raster_build/mer_raster_grid_compatibility_summary.png,mer_raster_grid_compatibility_summary.png,.png,78121,2026-06-27T03:12:16+00:00,2f0b8b906f65857e89acfc21f743d3960adf009ce015d2bdd4bdfed71b63b736,_archive/working_figs/MER/raster_build
Output,Output/_archive/working_figs/MER/raster_build/mer_raster_observation_cadence_by_water_year.png,mer_raster_observation_cadence_by_water_year.png,.png,119060,2026-06-27T03:12:14+00:00,b54b12d41b905d8b2c3cfd45730a457a44661c1399bd419739e6722e6fccd3bd,_archive/working_figs/MER/raster_build
Output,Output/_archive/working_figs/MER/raster_build/mer_raster_smoke_test_qa.png,mer_raster_smoke_test_qa.png,.png,103831,2026-06-27T03:46:34+00:00,2535e062af522161dbea933b00ea81d8d6eff4334919d3055514884360e7707b,_archive/working_figs/MER/raster_build
Output,Output/_archive/working_figs/redesigned_dashboards/dashboard_redesigned_GA_001.png,dashboard_redesigned_GA_001.png,.png,304280,2026-06-27T08:52:34+00:00,963079dd8fad81fc4be82e3d96ab5bc43e42406f6042e0dcc22e1610f1d23b90,_archive/working_figs/redesigned_dashboards
Output,Output/_archive/working_figs/redesigned_dashboards/dashboard_redesigned_GA_003.png,dashboard_redesigned_GA_003.png,.png,275369,2026-06-27T08:52:38+00:00,79d06f29b8c8c51150e2095c10884308b3ec3e2c72f8909f252251d4b9c8bc31,_archive/working_figs/redesigned_dashboards
Output,Output/_archive/working_figs/redesigned_dashboards/dashboard_redesigned_GA_012.png,dashboard_redesigned_GA_012.png,.png,274377,2026-06-27T08:52:42+00:00,0bed3bdeef670eefb23ae626def368a621756952fd86392dfd1ece0fa384423a,_archive/working_figs/redesigned_dashboards
Output,Output/_archive/working_figs/redesigned_dashboards/dashboard_redesigned_GA_019.png,dashboard_redesigned_GA_019.png,.png,255928,2026-06-27T08:52:46+00:00,ee3d1e51e10bca0fd944d33a6a1068ac3964263d4588a69016a8218ece83d0a6,_archive/working_figs/redesigned_dashboards
Output,Output/_archive/working_figs/redesigned_dashboards/dashboard_redesigned_GA_026.png,dashboard_redesigned_GA_026.png,.png,251520,2026-06-27T08:52:50+00:00,22e461ccc0cb2f6c7874b76013e16974d11081c4c496fd4ff6aad1d98ee15fbb,_archive/working_figs/redesigned_dashboards
Output,Output/_archive/working_figs/redesigned_dashboards/dashboard_redesigned_GA_032.png,dashboard_redesigned_GA_032.png,.png,265713,2026-06-27T08:52:52+00:00,e08f9179e9a14f1640a10bbfdc8e29e4fcf5bd2d93e49b77c60a19e416c53950,_archive/working_figs/redesigned_dashboards
Output,Output/_archive/working_figs/redesigned_dashboards/dashboard_redesigned_GA_035.png,dashboard_redesigned_GA_035.png,.png,257398,2026-06-27T08:52:54+00:00,39ba33717e9f70ae0f934932796eccd8a4fb7e74e696f8b3b4c7f880bcf12266,_archive/working_figs/redesigned_dashboards
Output,Output/_archive/working_figs/redesigned_dashboards/dashboard_redesigned_GA_043.png,dashboard_redesigned_GA_043.png,.png,247137,2026-06-27T08:52:58+00:00,0be715c60641bf4b7a8da6f33ab89f9e715a3ca749af63a08e5cd54dc60ccb7f,_archive/working_figs/redesigned_dashboards
Output,Output/_archive/working_figs/redesigned_dashboards/dashboard_redesigned_GA_052.png,dashboard_redesigned_GA_052.png,.png,259946,2026-06-27T08:53:00+00:00,aca600439823258cb1d24a26079f7b0e1034f8bb8d74f626123290f3b98215e5,_archive/working_figs/redesigned_dashboards
Output,Output/_archive/working_figs/redesigned_dashboards/dashboard_redesigned_GA_065.png,dashboard_redesigned_GA_065.png,.png,286652,2026-06-27T08:53:04+00:00,88023ee5237e5124108dc0bb46aa156b028cc6a7a278c6a93fa138da527b9c89,_archive/working_figs/redesigned_dashboards
