registry_table,asset_id,root,path,path_norm,run_id,registration_ts,path_exists_stored,path_exists_live,checksum,product,superseded
figure_asset,figure_00001,Output,Output/figures/review/plot_treed_exclusion_map.png,Output/figures/review/plot_treed_exclusion_map.png,db_build_20260701_114458,2026-07-01T01:44:58+00:00,1,1,488a134ce2711f41ffe5209d6b755449e1e65d73b4bbe2b178706e90cffd36cc,,1
figure_asset,figure_00002,Output,Output/figures/review/gc_total_veg_with_gauge_context.png,Output/figures/review/gc_total_veg_with_gauge_context.png,db_build_20260701_114458,2026-07-01T01:44:58+00:00,1,1,fe16c6085d11ad9502abeb66104691dea7faab5b0fe4dec2376c756bf931bd04,,1
figure_asset,figure_00003,Output,Output/figures/review/inundation_with_gauge_context.png,Output/figures/review/inundation_with_gauge_context.png,db_build_20260701_114458,2026-07-01T01:44:58+00:00,1,1,372b86e49e9f4413e35fef6a632e78546217eb3e9c1a58d0aa80f4e68819ae9a,inundation,1
figure_asset,figure_00004,Output,Output/figures/review/gauge_flow_by_station_overview.png,Output/figures/review/gauge_flow_by_station_overview.png,db_build_20260701_114458,2026-07-01T01:44:58+00:00,1,1,f9868de9d55131f022f289880ee94c27e5d83734d07c47d8c8d1ce9c7b9ea84c,,1
figure_asset,figure_00005,Output,Output/figures/review/gauge_data_completeness_overview.png,Output/figures/review/gauge_data_completeness_overview.png,db_build_20260701_114458,2026-07-01T01:44:58+00:00,1,1,73d75859cba6d13596e67e417569daf810622b08802e0363fdd620358bf1cbb2,,1
figure_asset,figure_00006,Output,Output/figures/review/dashboard_gauge_integration_prototype.png,Output/figures/review/dashboard_gauge_integration_prototype.png,db_build_20260701_114458,2026-07-01T01:44:58+00:00,1,1,7fe34fa63ee1d88990c1c752e459adc0a1b476695df838e5cbbc7293cbe00caf,,1
figure_asset,figure_00007,Output,Output/figures/review/matched_year_inundation_comparison.png,Output/figures/review/matched_year_inundation_comparison.png,db_build_20260701_114458,2026-07-01T01:44:58+00:00,1,1,4e651964cb2d542248bf360f1393da7034ebbfd51cfa1524e496fcb230b5e6ba,inundation,1
figure_asset,figure_00008,Output,Output/figures/review/mer_metric_summary_review.png,Output/figures/review/mer_metric_summary_review.png,db_build_20260701_114458,2026-07-01T01:44:58+00:00,1,1,c56057d6871bd4758eef48cbf43dbbfc71f5ef2fffe1567e808fee3123e2ee5c,mer,1
figure_asset,figure_00009,Output,Output/figures/review/gauge_completeness_by_gauge_main_deck.png,Output/figures/review/gauge_completeness_by_gauge_main_deck.png,db_build_20260701_114458,2026-07-01T01:44:58+00:00,1,1,a9c5f64e232bfe3d24f1f8ab911749063773a1abdea00ad82a0371e41b2bb538,,1
figure_asset,figure_00010,Output,Output/figures/review/kingsford_ratio_context_main_deck.png,Output/figures/review/kingsford_ratio_context_main_deck.png,db_build_20260701_114458,2026-07-01T01:44:58+00:00,1,1,059887a7d4caaa1ac69d7102d02bfb62794ae3aab186bfe8bdaf815c9c5c4222,,1
figure_asset,figure_00011,Output,Output/figures/review/mer_vs_annual_inundation_change_comparison.png,Output/figures/review/mer_vs_annual_inundation_change_comparison.png,db_build_20260701_114458,2026-07-01T01:44:58+00:00,1,1,4d74409aa38ee1b6d9e2754d62bee8060a644596bff46bd0dd02f0fc16c894c4,mer,1
figure_asset,figure_00012,Output,Output/figures/review/mer_change_result_main_deck.png,Output/figures/review/mer_change_result_main_deck.png,db_build_20260701_114458,2026-07-01T01:44:58+00:00,1,1,ab0a7f79d82ea2435c8bfc57b354938e9cb9d3b2cbf6ef03c7332f3d56595faf,mer,1
figure_asset,figure_00013,Output,Output/figures/review/inundation_with_gauge_context_main_deck.png,Output/figures/review/inundation_with_gauge_context_main_deck.png,db_build_20260701_114458,2026-07-01T01:44:58+00:00,1,1,e4ef49fd4c86c0e198c309ef9d8bac8f17d3cb565c6aff398d5ffb11b4625777,inundation,1
figure_asset,figure_00014,Output,Output/figures/review/candidate_dashboard_set_for_review_updated.png,Output/figures/review/candidate_dashboard_set_for_review_updated.png,db_build_20260701_114458,2026-07-01T01:44:58+00:00,1,1,6dc8b9663279291122d3bcc35a6f2ae768b03a0d641c7e7ddd96fbda6e308e45,,1
figure_asset,figure_00015,Output,Output/figures/maps/modis_ground_cover/modis_scale_context_map.png,Output/figures/maps/modis_ground_cover/modis_scale_context_map.png,db_build_20260701_114458,2026-07-01T01:44:58+00:00,1,1,3595ffe3cd6a3c214ee346366572416c97a31542537b6b411b46bc70394c2b50,modis,1
figure_asset,figure_00016,Output,Output/figures/maps/modis_ground_cover/modis_rgb_2001_01.png,Output/figures/maps/modis_ground_cover/modis_rgb_2001_01.png,db_build_20260701_114458,2026-07-01T01:44:58+00:00,1,1,8f47959f461b9daabf0c614e84a9f36b380fb548e9ab7e53b84983dabb384510,modis,1
figure_asset,figure_00017,Output,Output/figures/maps/modis_ground_cover/modis_bare_pct_2001_01.png,Output/figures/maps/modis_ground_cover/modis_bare_pct_2001_01.png,db_build_20260701_114458,2026-07-01T01:44:58+00:00,1,1,b4f01bdc784a5715afa80dbdb3757353fa6d6df348a8718a486f1f8d2c544c52,modis,1
figure_asset,figure_00018,Output,Output/figures/maps/modis_ground_cover/modis_pv_pct_2001_01.png,Output/figures/maps/modis_ground_cover/modis_pv_pct_2001_01.png,db_build_20260701_114458,2026-07-01T01:44:58+00:00,1,1,5e7ab5fed58a4d7afb7d9158c354236b3ca3bc316caea94ca03bc3c44cb7de68,modis,1
figure_asset,figure_00019,Output,Output/figures/maps/modis_ground_cover/modis_npv_pct_2001_01.png,Output/figures/maps/modis_ground_cover/modis_npv_pct_2001_01.png,db_build_20260701_114458,2026-07-01T01:44:58+00:00,1,1,aec1e56fb50282c0bc90ae17d5a3bd0ff4862d51afc131aa5ad194fc7b3a0b93,modis,1
figure_asset,figure_00020,Output,Output/figures/maps/modis_ground_cover/modis_total_veg_pct_2001_01.png,Output/figures/maps/modis_ground_cover/modis_total_veg_pct_2001_01.png,db_build_20260701_114458,2026-07-01T01:44:58+00:00,1,1,d0571c1f723227c30d0ef893992051146083ba4c362ec0e212cb09f5538fc835,modis,1
figure_asset,figure_00021,Output,Output/figures/maps/modis_ground_cover/modis_rgb_2010_01.png,Output/figures/maps/modis_ground_cover/modis_rgb_2010_01.png,db_build_20260701_114458,2026-07-01T01:44:58+00:00,1,1,8346756a799e89400da07c005282c9a27716139e46436a4b428226b4da6a7607,modis,1
figure_asset,figure_00022,Output,Output/figures/maps/modis_ground_cover/modis_bare_pct_2010_01.png,Output/figures/maps/modis_ground_cover/modis_bare_pct_2010_01.png,db_build_20260701_114458,2026-07-01T01:44:58+00:00,1,1,253afc0556bf8f3259b0d621b95ba4d4e2e5b585187e1015dcec287a57f17e8f,modis,1
figure_asset,figure_00023,Output,Output/figures/maps/modis_ground_cover/modis_pv_pct_2010_01.png,Output/figures/maps/modis_ground_cover/modis_pv_pct_2010_01.png,db_build_20260701_114458,2026-07-01T01:44:58+00:00,1,1,07432491a9d390c76765a39ef020dbc244a85a1456f8388dbe75a134f0a7c760,modis,1
figure_asset,figure_00024,Output,Output/figures/maps/modis_ground_cover/modis_npv_pct_2010_01.png,Output/figures/maps/modis_ground_cover/modis_npv_pct_2010_01.png,db_build_20260701_114458,2026-07-01T01:44:58+00:00,1,1,1953d7c1c5461f417c524197457dbc619978ce9fad08a5bf2b6a322a182bf57f,modis,1
figure_asset,figure_00025,Output,Output/figures/maps/modis_ground_cover/modis_total_veg_pct_2010_01.png,Output/figures/maps/modis_ground_cover/modis_total_veg_pct_2010_01.png,db_build_20260701_114458,2026-07-01T01:44:58+00:00,1,1,af7f0e57ffd8fe23ede498866a39bf310f5b67905e7b21b14354af1446ab4686,modis,1
figure_asset,figure_00026,Output,Output/figures/maps/modis_ground_cover/modis_rgb_2015_01.png,Output/figures/maps/modis_ground_cover/modis_rgb_2015_01.png,db_build_20260701_114458,2026-07-01T01:44:58+00:00,1,1,d529a51ad2095ca1bcb1157cf386bd63a3555f8d2817b8199129cb39b0f0e64f,modis,1
figure_asset,figure_00027,Output,Output/figures/maps/modis_ground_cover/modis_bare_pct_2015_01.png,Output/figures/maps/modis_ground_cover/modis_bare_pct_2015_01.png,db_build_20260701_114458,2026-07-01T01:44:58+00:00,1,1,49d21652fbc2e5a1569eec91020e957c9b0d053241ac703800b8e5d0c490bde8,modis,1
figure_asset,figure_00028,Output,Output/figures/maps/modis_ground_cover/modis_pv_pct_2015_01.png,Output/figures/maps/modis_ground_cover/modis_pv_pct_2015_01.png,db_build_20260701_114458,2026-07-01T01:44:58+00:00,1,1,7e458469b025137a1bce467a3ae49c24373673f044217adcf52d76fc34cc3d5a,modis,1
figure_asset,figure_00029,Output,Output/figures/maps/modis_ground_cover/modis_npv_pct_2015_01.png,Output/figures/maps/modis_ground_cover/modis_npv_pct_2015_01.png,db_build_20260701_114458,2026-07-01T01:44:58+00:00,1,1,a0d1f9485c8dde5442be163eb8c227f8fbe4a504d586f300bdde22079f4e2c88,modis,1
figure_asset,figure_00030,Output,Output/figures/maps/modis_ground_cover/modis_total_veg_pct_2015_01.png,Output/figures/maps/modis_ground_cover/modis_total_veg_pct_2015_01.png,db_build_20260701_114458,2026-07-01T01:44:58+00:00,1,1,6e4358a9d1976e691239dcbe4a3be9d32ebb4f1c04b0154f64270e0b0cf23629,modis,1
figure_asset,figure_00031,Output,Output/figures/maps/modis_ground_cover/modis_rgb_2019_07.png,Output/figures/maps/modis_ground_cover/modis_rgb_2019_07.png,db_build_20260701_114458,2026-07-01T01:44:58+00:00,1,1,b128dd0828e2f3c0e763696d69c0417127bbe8bbc42149a33fa803f08ed735a2,modis,1
figure_asset,figure_00032,Output,Output/figures/maps/modis_ground_cover/modis_bare_pct_2019_07.png,Output/figures/maps/modis_ground_cover/modis_bare_pct_2019_07.png,db_build_20260701_114458,2026-07-01T01:44:58+00:00,1,1,9edc3e143aad9f5f97d024f9d9240fd9a3c6a901e03ae609dd4b7e27b3c6b83e,modis,1
figure_asset,figure_00033,Output,Output/figures/maps/modis_ground_cover/modis_pv_pct_2019_07.png,Output/figures/maps/modis_ground_cover/modis_pv_pct_2019_07.png,db_build_20260701_114458,2026-07-01T01:44:58+00:00,1,1,7fbd0162a86d2ec6195d254f6347a665aed191ae3f88955bb23638b5342c9008,modis,1
figure_asset,figure_00034,Output,Output/figures/maps/modis_ground_cover/modis_npv_pct_2019_07.png,Output/figures/maps/modis_ground_cover/modis_npv_pct_2019_07.png,db_build_20260701_114458,2026-07-01T01:44:58+00:00,1,1,58f4642db8d07ecdc76eb5c36aabeccbc19de1f1c05aa9fb4a2651225651ebd9,modis,1
figure_asset,figure_00035,Output,Output/figures/maps/modis_ground_cover/modis_total_veg_pct_2019_07.png,Output/figures/maps/modis_ground_cover/modis_total_veg_pct_2019_07.png,db_build_20260701_114458,2026-07-01T01:44:58+00:00,1,1,23955750b4434864a33e95496a09e3beb78f902589ef8d92a6a774766d645755,modis,1
figure_asset,figure_00036,Output,Output/figures/maps/modis_ground_cover/modis_rgb_2022_01.png,Output/figures/maps/modis_ground_cover/modis_rgb_2022_01.png,db_build_20260701_114458,2026-07-01T01:44:58+00:00,1,1,dd30df0d38fee300df2fdf8fee6cab702c3d3dfda5c454626a1552e77aa436b4,modis,1
figure_asset,figure_00037,Output,Output/figures/maps/modis_ground_cover/modis_bare_pct_2022_01.png,Output/figures/maps/modis_ground_cover/modis_bare_pct_2022_01.png,db_build_20260701_114458,2026-07-01T01:44:58+00:00,1,1,33c636ecca2f251a62cc9004d1528104bb51e4a02afe0da2d89483daec6ee046,modis,1
figure_asset,figure_00038,Output,Output/figures/maps/modis_ground_cover/modis_pv_pct_2022_01.png,Output/figures/maps/modis_ground_cover/modis_pv_pct_2022_01.png,db_build_20260701_114458,2026-07-01T01:44:58+00:00,1,1,eead46a0f8ff36aa26bbe533b5e3716ee56716e3fbcbb28b2c94d6bd6abe902c,modis,1
figure_asset,figure_00039,Output,Output/figures/maps/modis_ground_cover/modis_npv_pct_2022_01.png,Output/figures/maps/modis_ground_cover/modis_npv_pct_2022_01.png,db_build_20260701_114458,2026-07-01T01:44:58+00:00,1,1,e41bea12b42185a7486af8fe228c856a4641a2b1eb83fafe8435d6a43ca37f93,modis,1
figure_asset,figure_00040,Output,Output/figures/maps/modis_ground_cover/modis_total_veg_pct_2022_01.png,Output/figures/maps/modis_ground_cover/modis_total_veg_pct_2022_01.png,db_build_20260701_114458,2026-07-01T01:44:58+00:00,1,1,b58651c938f4fe654fdf7220cf7660af4aca77f5dbb1163eaa9a3482828a6c36,modis,1
figure_asset,figure_00041,Output,Output/figures/maps/modis_ground_cover/modis_rgb_2026_02.png,Output/figures/maps/modis_ground_cover/modis_rgb_2026_02.png,db_build_20260701_114458,2026-07-01T01:44:58+00:00,1,1,d072fdb47730dfdf3f6d69f21cef097023bf6c73cab5a4b9b0b90a572d589d7c,modis,1
figure_asset,figure_00042,Output,Output/figures/maps/modis_ground_cover/modis_bare_pct_2026_02.png,Output/figures/maps/modis_ground_cover/modis_bare_pct_2026_02.png,db_build_20260701_114458,2026-07-01T01:44:58+00:00,1,1,bdced2ca42c128d08ecc06d5aedce3357af8eae2a7a5695a3d36efde3b45e447,modis,1
figure_asset,figure_00043,Output,Output/figures/maps/modis_ground_cover/modis_pv_pct_2026_02.png,Output/figures/maps/modis_ground_cover/modis_pv_pct_2026_02.png,db_build_20260701_114458,2026-07-01T01:44:58+00:00,1,1,d4c4723e85230fcdd607487409ab0d10a421164d4b19144dcb96c32df3bf7251,modis,1
figure_asset,figure_00044,Output,Output/figures/maps/modis_ground_cover/modis_npv_pct_2026_02.png,Output/figures/maps/modis_ground_cover/modis_npv_pct_2026_02.png,db_build_20260701_114458,2026-07-01T01:44:58+00:00,1,1,a1f3cc572ef0ccb20cbb66394092d20005770b27156060361b2f403a9f250457,modis,1
figure_asset,figure_00045,Output,Output/figures/maps/modis_ground_cover/modis_total_veg_pct_2026_02.png,Output/figures/maps/modis_ground_cover/modis_total_veg_pct_2026_02.png,db_build_20260701_114458,2026-07-01T01:44:58+00:00,1,1,71e9942380bd537cec22f0d0e0c764afde3bb12c204b2ad7dee4bcd9c862708f,modis,1
figure_asset,figure_00046,Output,Output/figures/maps/modis_ground_cover/modis_pre_mean_total_veg_pct.png,Output/figures/maps/modis_ground_cover/modis_pre_mean_total_veg_pct.png,db_build_20260701_114458,2026-07-01T01:44:58+00:00,1,1,0ed43a16f014e0841391d6b45fac5d1cba2a8b55d73d5703c74fedcff6f94070,modis,1
figure_asset,figure_00047,Output,Output/figures/maps/modis_ground_cover/modis_post_mean_total_veg_pct.png,Output/figures/maps/modis_ground_cover/modis_post_mean_total_veg_pct.png,db_build_20260701_114458,2026-07-01T01:44:58+00:00,1,1,7ee51793b65862b6f277fcc2c9db2caaad50c295695de9167de928651dcbc464,modis,1
figure_asset,figure_00048,Output,Output/figures/maps/modis_ground_cover/modis_post_minus_pre_total_veg_pct_points.png,Output/figures/maps/modis_ground_cover/modis_post_minus_pre_total_veg_pct_points.png,db_build_20260701_114458,2026-07-01T01:44:58+00:00,1,1,ce1eda3063fe80083bcd90a7fb419ab05ed5b0b775c5f18b2a58fca07882896f,modis,1
figure_asset,figure_00049,Output,Output/figures/maps/modis_ground_cover/modis_pre_mean_bare_pct.png,Output/figures/maps/modis_ground_cover/modis_pre_mean_bare_pct.png,db_build_20260701_114458,2026-07-01T01:44:58+00:00,1,1,d252f343deecefb2931fbf41787eefe73a7ade87c9eb2c5bdb8e53aea96d07e3,modis,1
figure_asset,figure_00050,Output,Output/figures/maps/modis_ground_cover/modis_post_mean_bare_pct.png,Output/figures/maps/modis_ground_cover/modis_post_mean_bare_pct.png,db_build_20260701_114458,2026-07-01T01:44:58+00:00,1,1,a4406738431aaa7b1c3312d7088129d94c36202c5d0ea65ae5bf872a7e87a6ca,modis,1
figure_asset,figure_00051,Output,Output/figures/maps/modis_ground_cover/modis_post_minus_pre_bare_pct_points.png,Output/figures/maps/modis_ground_cover/modis_post_minus_pre_bare_pct_points.png,db_build_20260701_114458,2026-07-01T01:44:58+00:00,1,1,6450f1427d2d77ddf21c4096299d78fbff7256ab23fd4e010d511e414979faa5,modis,1
figure_asset,figure_00052,Output,Output/figures/maps/modis_ground_cover/modis_scale_context_map_refined.png,Output/figures/maps/modis_ground_cover/modis_scale_context_map_refined.png,db_build_20260701_114458,2026-07-01T01:44:58+00:00,1,1,8c09f1a91266ea66598f11237b1770d8bcbe975613a36aca80db51681ef13bd3,modis,1
figure_asset,figure_00053,Output,Output/figures/maps/modis_ground_cover/modis_rgb_representative_dry_month.png,Output/figures/maps/modis_ground_cover/modis_rgb_representative_dry_month.png,db_build_20260701_114458,2026-07-01T01:44:58+00:00,1,1,1274d3652fb7a8e7dc33f1c222d289df9637b4fe690914156528ddfc0dbf3d9b,modis,1
figure_asset,figure_00054,Output,Output/figures/maps/modis_ground_cover/modis_rgb_representative_wet_month.png,Output/figures/maps/modis_ground_cover/modis_rgb_representative_wet_month.png,db_build_20260701_114458,2026-07-01T01:44:58+00:00,1,1,9db733b98764059d553dbebe5491f09f0eac70a915714075e2e2c90b11f0fb93,modis,1
figure_asset,figure_00055,Output,Output/figures/maps/modis_ground_cover/modis_pre_mean_total_veg_pct_refined.png,Output/figures/maps/modis_ground_cover/modis_pre_mean_total_veg_pct_refined.png,db_build_20260701_114458,2026-07-01T01:44:58+00:00,1,1,b33a7200e976ed84c0fcff5d95ac1d6559e38552ec591cd3d19387bb143700e7,modis,1
figure_asset,figure_00056,Output,Output/figures/maps/modis_ground_cover/modis_post_mean_total_veg_pct_refined.png,Output/figures/maps/modis_ground_cover/modis_post_mean_total_veg_pct_refined.png,db_build_20260701_114458,2026-07-01T01:44:58+00:00,1,1,e251810fbde6ed1a4d6377a5f866519d68df3498dd675221514e006b66757b2f,modis,1
figure_asset,figure_00057,Output,Output/figures/maps/modis_ground_cover/modis_post_minus_pre_total_veg_pct_points_refined.png,Output/figures/maps/modis_ground_cover/modis_post_minus_pre_total_veg_pct_points_refined.png,db_build_20260701_114458,2026-07-01T01:44:58+00:00,1,1,bada5a444db25b5660cc3399f53a6bee8212cc3b23cb5497b3ae39b9529bace7,modis,1
figure_asset,figure_00058,Output,Output/figures/maps/modis_ground_cover/modis_pre_mean_bare_pct_refined.png,Output/figures/maps/modis_ground_cover/modis_pre_mean_bare_pct_refined.png,db_build_20260701_114458,2026-07-01T01:44:58+00:00,1,1,773a74910315aa5db62c519b293a01522d4c749ebdd8311124667a9d7d11f2d6,modis,1
figure_asset,figure_00059,Output,Output/figures/maps/modis_ground_cover/modis_post_mean_bare_pct_refined.png,Output/figures/maps/modis_ground_cover/modis_post_mean_bare_pct_refined.png,db_build_20260701_114458,2026-07-01T01:44:58+00:00,1,1,ef5ecdea8b558457e9cb33e77fedca0eca8126e6d6e908bb9872c264e5afedb3,modis,1
figure_asset,figure_00060,Output,Output/figures/maps/modis_ground_cover/modis_post_minus_pre_bare_pct_points_refined.png,Output/figures/maps/modis_ground_cover/modis_post_minus_pre_bare_pct_points_refined.png,db_build_20260701_114458,2026-07-01T01:44:58+00:00,1,1,d02c454508507e4291dcd93908f15e37445ac53211499efd8c85111a80b00061,modis,1
figure_asset,figure_00061,Output,Output/figures/maps/context/gayini_location_context_map.png,Output/figures/maps/context/gayini_location_context_map.png,db_build_20260701_114458,2026-07-01T01:44:58+00:00,1,1,bf335cfaf467b8677e8a35250b3c1bafecf9e0b8444947c38d760f3a40382c86,,1
figure_asset,figure_00062,Output,Output/figures/maps/context/gayini_location_context_map_wide.png,Output/figures/maps/context/gayini_location_context_map_wide.png,db_build_20260701_114458,2026-07-01T01:44:58+00:00,1,1,53464f35c308cb87a3fb7dc78e2810c00741dc44f86fb0e8d91e723f4a666fe8,,1
figure_asset,figure_00063,Output,Output/figures/maps/context/gayini_vegetation_group_map.png,Output/figures/maps/context/gayini_vegetation_group_map.png,db_build_20260701_114458,2026-07-01T01:44:58+00:00,1,1,54e184e9abac4792c61c50158b74b817275bc1b1d9d2e48bc479a1c4f7deaf80,,1
figure_asset,figure_00064,Output,Output/figures/maps/context/gayini_vegetation_group_map_with_plots.png,Output/figures/maps/context/gayini_vegetation_group_map_with_plots.png,db_build_20260701_114458,2026-07-01T01:44:58+00:00,1,1,be6c9074d7199c433769d6f7ae423fca81e5b9251c45badc23803cf8c14b120c,,1
figure_asset,figure_00065,Output,Output/figures/maps/inundation/background_flood_pattern_pre2015.png,Output/figures/maps/inundation/background_flood_pattern_pre2015.png,db_build_20260701_114458,2026-07-01T01:44:58+00:00,1,1,e014c9e14cf28b5e197b156c7c25d91bc90c6d4e390c7843e776f3fa27424278,inundation,1
figure_asset,figure_00066,Output,Output/figures/maps/inundation/inundation_frequency_by_vegetation_group.png,Output/figures/maps/inundation/inundation_frequency_by_vegetation_group.png,db_build_20260701_114458,2026-07-01T01:44:58+00:00,1,1,8b24a59bf65f82e0255ff274ea6af2c40a120dd27791eee06a5f21ef761e67d7,inundation,1
figure_asset,figure_00067,Output,Output/figures/maps/inundation/inundation_post_minus_pre_change_main_deck.png,Output/figures/maps/inundation/inundation_post_minus_pre_change_main_deck.png,db_build_20260701_114458,2026-07-01T01:44:58+00:00,1,1,d29628345764b38bf040a3f7a9c786b820ae427d59a434afd17c92b9fbea769c,inundation,1
figure_asset,figure_00068,Output,Output/figures/maps/inundation/inundation_post_minus_pre_change_with_paddocks.png,Output/figures/maps/inundation/inundation_post_minus_pre_change_with_paddocks.png,db_build_20260701_114458,2026-07-01T01:44:58+00:00,1,1,fbe842fc76175f01327048b0f3ac96c81be34377eb4087fad345c6b9114e5528,inundation,1
figure_asset,figure_00069,Output,Output/figures/maps/inundation/inundation_pre_post_frequency_main_deck.png,Output/figures/maps/inundation/inundation_pre_post_frequency_main_deck.png,db_build_20260701_114458,2026-07-01T01:44:58+00:00,1,1,568f0041eca35ba3dabb193d1ba5ecf6ef2d9937351e35baf87625db2ba0375b,inundation,1
figure_asset,figure_00070,Output,Output/figures/maps/inundation/plot_level_inundation_change_with_paddocks.png,Output/figures/maps/inundation/plot_level_inundation_change_with_paddocks.png,db_build_20260701_114458,2026-07-01T01:44:58+00:00,1,1,a80f0ee0f84f75783803ef1f35fb6e659b808c9f28c5169ce360a62cc96c7b40,inundation,1
figure_asset,figure_00071,Output,Output/figures/maps/inundation/matched_year_inundation_comparison_main_deck.png,Output/figures/maps/inundation/matched_year_inundation_comparison_main_deck.png,db_build_20260701_114458,2026-07-01T01:44:58+00:00,1,1,ebacf0c96aa4dc372ab99655d72083b307731be5cd7366fef86ce7e5c7f47fca,inundation,1
figure_asset,figure_00072,Output,Output/figures/maps/inundation/matched_year_paired_summary_by_veg_group.png,Output/figures/maps/inundation/matched_year_paired_summary_by_veg_group.png,db_build_20260701_114458,2026-07-01T01:44:58+00:00,1,1,f40cc225c990eafb9fb103598a29f1b5116ff1d144c943585fb4240cce636215,inundation,1
figure_asset,figure_00073,Output,Output/figures/maps/MER/mer_annual_max_observed_wet_example.png,Output/figures/maps/MER/mer_annual_max_observed_wet_example.png,db_build_20260701_114458,2026-07-01T01:44:58+00:00,1,1,8c6d989922bddf61273982786cb1b2157f0e5d8b893687e439d07853a77ae6c2,mer,1
figure_asset,figure_00074,Output,Output/figures/maps/MER/mer_pre_post_annual_max_frequency_main_deck.png,Output/figures/maps/MER/mer_pre_post_annual_max_frequency_main_deck.png,db_build_20260701_114458,2026-07-01T01:44:58+00:00,1,1,238b53b4735189ad73246f02833d37cb37b36842dc4792cf4d1d0cc8c6806980,mer,1
figure_asset,figure_00075,Output,Output/figures/maps/MER/mer_post_minus_pre_annual_max_change_main_deck.png,Output/figures/maps/MER/mer_post_minus_pre_annual_max_change_main_deck.png,db_build_20260701_114458,2026-07-01T01:44:58+00:00,1,1,99abcc76ab3140c54f4446e48da015c666b9eef383a1ce6be4d448e5276b5257,mer,1
figure_asset,figure_00076,Output,Output/figures/maps/MER/mer_raster_vs_annual_occurrence_change_comparison.png,Output/figures/maps/MER/mer_raster_vs_annual_occurrence_change_comparison.png,db_build_20260701_114458,2026-07-01T01:44:58+00:00,1,1,509f4b963b19e7d52ad8906b230c10d42bc52c6bd67e01fabde3cb2cd0c6a6aa,mer,1
figure_asset,figure_00077,Output,Output/figures/review/redesigned_dashboards/dashboard_redesigned_GA_001.png,Output/figures/review/redesigned_dashboards/dashboard_redesigned_GA_001.png,db_build_20260701_114458,2026-07-01T01:44:58+00:00,1,1,963079dd8fad81fc4be82e3d96ab5bc43e42406f6042e0dcc22e1610f1d23b90,,1
figure_asset,figure_00078,Output,Output/figures/review/redesigned_dashboards/dashboard_redesigned_GA_003.png,Output/figures/review/redesigned_dashboards/dashboard_redesigned_GA_003.png,db_build_20260701_114458,2026-07-01T01:44:58+00:00,1,1,79d06f29b8c8c51150e2095c10884308b3ec3e2c72f8909f252251d4b9c8bc31,,1
figure_asset,figure_00079,Output,Output/figures/review/redesigned_dashboards/dashboard_redesigned_GA_012.png,Output/figures/review/redesigned_dashboards/dashboard_redesigned_GA_012.png,db_build_20260701_114458,2026-07-01T01:44:58+00:00,1,1,0bed3bdeef670eefb23ae626def368a621756952fd86392dfd1ece0fa384423a,,1
figure_asset,figure_00080,Output,Output/figures/review/redesigned_dashboards/dashboard_redesigned_GA_019.png,Output/figures/review/redesigned_dashboards/dashboard_redesigned_GA_019.png,db_build_20260701_114458,2026-07-01T01:44:58+00:00,1,1,ee3d1e51e10bca0fd944d33a6a1068ac3964263d4588a69016a8218ece83d0a6,,1
figure_asset,figure_00081,Output,Output/figures/review/redesigned_dashboards/dashboard_redesigned_GA_026.png,Output/figures/review/redesigned_dashboards/dashboard_redesigned_GA_026.png,db_build_20260701_114458,2026-07-01T01:44:58+00:00,1,1,22e461ccc0cb2f6c7874b76013e16974d11081c4c496fd4ff6aad1d98ee15fbb,,1
figure_asset,figure_00082,Output,Output/figures/review/redesigned_dashboards/dashboard_redesigned_GA_032.png,Output/figures/review/redesigned_dashboards/dashboard_redesigned_GA_032.png,db_build_20260701_114458,2026-07-01T01:44:58+00:00,1,1,e08f9179e9a14f1640a10bbfdc8e29e4fcf5bd2d93e49b77c60a19e416c53950,,1
figure_asset,figure_00083,Output,Output/figures/review/redesigned_dashboards/dashboard_redesigned_GA_035.png,Output/figures/review/redesigned_dashboards/dashboard_redesigned_GA_035.png,db_build_20260701_114458,2026-07-01T01:44:58+00:00,1,1,39ba33717e9f70ae0f934932796eccd8a4fb7e74e696f8b3b4c7f880bcf12266,,1
figure_asset,figure_00084,Output,Output/figures/review/redesigned_dashboards/dashboard_redesigned_GA_043.png,Output/figures/review/redesigned_dashboards/dashboard_redesigned_GA_043.png,db_build_20260701_114458,2026-07-01T01:44:58+00:00,1,1,0be715c60641bf4b7a8da6f33ab89f9e715a3ca749af63a08e5cd54dc60ccb7f,,1
figure_asset,figure_00085,Output,Output/figures/review/redesigned_dashboards/dashboard_redesigned_GA_052.png,Output/figures/review/redesigned_dashboards/dashboard_redesigned_GA_052.png,db_build_20260701_114458,2026-07-01T01:44:58+00:00,1,1,aca600439823258cb1d24a26079f7b0e1034f8bb8d74f626123290f3b98215e5,,1
figure_asset,figure_00086,Output,Output/figures/review/redesigned_dashboards/dashboard_redesigned_GA_065.png,Output/figures/review/redesigned_dashboards/dashboard_redesigned_GA_065.png,db_build_20260701_114458,2026-07-01T01:44:58+00:00,1,1,88023ee5237e5124108dc0bb46aa156b028cc6a7a278c6a93fa138da527b9c89,,1
figure_asset,figure_00087,Output,Output/figures/review/MER/mer_vs_annual_occurrence_main_deck_comparison.png,Output/figures/review/MER/mer_vs_annual_occurrence_main_deck_comparison.png,db_build_20260701_114458,2026-07-01T01:44:58+00:00,1,1,4d74409aa38ee1b6d9e2754d62bee8060a644596bff46bd0dd02f0fc16c894c4,mer,1
figure_asset,figure_00088,Output,Output/figures/review/MER/mer_metric_summary_main_deck.png,Output/figures/review/MER/mer_metric_summary_main_deck.png,db_build_20260701_114458,2026-07-01T01:44:58+00:00,1,1,ab0a7f79d82ea2435c8bfc57b354938e9cb9d3b2cbf6ef03c7332f3d56595faf,mer,1
figure_asset,figure_00089,Output,Output/figures/review/MER/mer_metric_keep_defer_summary_review.png,Output/figures/review/MER/mer_metric_keep_defer_summary_review.png,db_build_20260701_114458,2026-07-01T01:44:58+00:00,1,1,c56057d6871bd4758eef48cbf43dbbfc71f5ef2fffe1567e808fee3123e2ee5c,mer,1
figure_asset,figure_00090,Output,Output/figures/review/MER/raster_build/mer_raster_observation_cadence_by_water_year.png,Output/figures/review/MER/raster_build/mer_raster_observation_cadence_by_water_year.png,db_build_20260701_114458,2026-07-01T01:44:58+00:00,1,1,b54b12d41b905d8b2c3cfd45730a457a44661c1399bd419739e6722e6fccd3bd,mer,1
figure_asset,figure_00091,Output,Output/figures/review/MER/raster_build/mer_raster_grid_compatibility_summary.png,Output/figures/review/MER/raster_build/mer_raster_grid_compatibility_summary.png,db_build_20260701_114458,2026-07-01T01:44:58+00:00,1,1,2f0b8b906f65857e89acfc21f743d3960adf009ce015d2bdd4bdfed71b63b736,mer,1
figure_asset,figure_00092,Output,Output/figures/review/MER/raster_build/mer_raster_build_readiness_summary.png,Output/figures/review/MER/raster_build/mer_raster_build_readiness_summary.png,db_build_20260701_114458,2026-07-01T01:44:58+00:00,1,1,9aa0d1ff97e451d917778a6e0336eb5574b03e840988f2dd31136ec063ab3a61,mer,1
figure_asset,figure_00093,Output,Output/figures/review/MER/raster_build/mer_raster_smoke_test_qa.png,Output/figures/review/MER/raster_build/mer_raster_smoke_test_qa.png,db_build_20260701_114458,2026-07-01T01:44:58+00:00,1,1,2535e062af522161dbea933b00ea81d8d6eff4334919d3055514884360e7707b,mer,1
figure_asset,figure_00094,Output,Output/figures/plots/RS_coverage/07e_pre_post_inundation_frequency_maps.png,Output/figures/plots/RS_coverage/07e_pre_post_inundation_frequency_maps.png,db_build_20260701_114458,2026-07-01T01:44:58+00:00,1,1,64dff0455d45da7a7215933e23cec6daf6907f1ea41d1863523388ffb36cc13c,inundation,1
figure_asset,figure_00095,Output,Output/figures/plots/RS_coverage/06c_daily_inundation_full_cloud_shadow_heatmap.png,Output/figures/plots/RS_coverage/06c_daily_inundation_full_cloud_shadow_heatmap.png,db_build_20260701_114458,2026-07-01T01:44:58+00:00,1,1,5817c008016bb7114020e10c86ea4deba72692eb4283fa711c3354939dd342d5,inundation,1
figure_asset,figure_00096,Output,Output/figures/plots/RS_coverage/06c_daily_inundation_full_valid_interpretation_heatmap.png,Output/figures/plots/RS_coverage/06c_daily_inundation_full_valid_interpretation_heatmap.png,db_build_20260701_114458,2026-07-01T01:44:58+00:00,1,1,e8bf296744ce1e55b7d2e9014ab0a5a989dea2c7cb86e3d357585ef2c4ff32b3,inundation,1
figure_asset,figure_00097,Output,Output/figures/plots/RS_coverage/06c_daily_inundation_full_mean_inundated_by_sensor.png,Output/figures/plots/RS_coverage/06c_daily_inundation_full_mean_inundated_by_sensor.png,db_build_20260701_114458,2026-07-01T01:44:58+00:00,1,1,ea98a339c0e97fcaf3b03048d86d38ef63b446a04c73ea23971f2528d54f9ce1,inundation,1
figure_asset,figure_00098,Output,Output/figures/plots/RS_coverage/06c_daily_inundation_full_value_area_by_sensor.png,Output/figures/plots/RS_coverage/06c_daily_inundation_full_value_area_by_sensor.png,db_build_20260701_114458,2026-07-01T01:44:58+00:00,1,1,19f42550b1c266ebf221b4d0ff4d2ac6b357a6654225f7d1acae918ce230ad18,inundation,1
figure_asset,figure_00099,Output,Output/figures/plots/RS_coverage/06c_daily_inundation_full_daily_inundated_heatmap.png,Output/figures/plots/RS_coverage/06c_daily_inundation_full_daily_inundated_heatmap.png,db_build_20260701_114458,2026-07-01T01:44:58+00:00,1,1,6b37d032040952d1b411255180813194e8c06292cd976c6cc369a80fc25d49ca,inundation,1
figure_asset,figure_00100,Output,Output/figures/plots/RS_coverage/05c_landsat_inundation_full_majority_count_heatmap.png,Output/figures/plots/RS_coverage/05c_landsat_inundation_full_majority_count_heatmap.png,db_build_20260701_114458,2026-07-01T01:44:58+00:00,1,1,78d0e321fa6c0561f7c4987dab8ac7f22d1a0f542102b81591abe7878a197ed2,inundation,1
figure_asset,figure_00101,Output,Output/figures/plots/RS_coverage/05c_landsat_inundation_full_count_area_by_treatment.png,Output/figures/plots/RS_coverage/05c_landsat_inundation_full_count_area_by_treatment.png,db_build_20260701_114458,2026-07-01T01:44:58+00:00,1,1,e2ea88d4abc893e21e5d20c361d207646483524309316c36c87f2ed71e6d916e,inundation,1
figure_asset,figure_00102,Output,Output/figures/plots/RS_coverage/05c_landsat_inundation_full_mean_inundated_any_by_treatment.png,Output/figures/plots/RS_coverage/05c_landsat_inundation_full_mean_inundated_any_by_treatment.png,db_build_20260701_114458,2026-07-01T01:44:58+00:00,1,1,b33a91f75cc647a42666692012c625e10d8c7e9b728e37c1b1855e6092adcfcc,inundation,1
figure_asset,figure_00103,Output,Output/figures/plots/RS_coverage/05c_landsat_inundation_full_inundated_any_heatmap.png,Output/figures/plots/RS_coverage/05c_landsat_inundation_full_inundated_any_heatmap.png,db_build_20260701_114458,2026-07-01T01:44:58+00:00,1,1,d6c60403042934115b2568f3107c3ac614bb22c4d3c18735414766732c838745,inundation,1
figure_asset,figure_00104,Output,Output/figures/plots/RS_coverage/04c_fractional_cover_full_missingness_heatmap.png,Output/figures/plots/RS_coverage/04c_fractional_cover_full_missingness_heatmap.png,db_build_20260701_114458,2026-07-01T01:44:58+00:00,1,1,fd0f4d43a0660dfc354da25fcea70949d5bcb37115a8061db8bb941d52c411bd,,1
figure_asset,figure_00105,Output,Output/figures/plots/RS_coverage/04c_fractional_cover_full_missingness_by_raster.png,Output/figures/plots/RS_coverage/04c_fractional_cover_full_missingness_by_raster.png,db_build_20260701_114458,2026-07-01T01:44:58+00:00,1,1,d8d03441d367125490156f92151f59a8996001f12901463c079bd3dbbf62d7a3,,1
figure_asset,figure_00106,Output,Output/figures/plots/RS_coverage/04c_fractional_cover_full_valid_coverage_by_plot.png,Output/figures/plots/RS_coverage/04c_fractional_cover_full_valid_coverage_by_plot.png,db_build_20260701_114458,2026-07-01T01:44:58+00:00,1,1,609a9ca1247c4c1d2865526a13a31668a79256b843212b89bdcf86084cada712,,1
figure_asset,figure_00107,Output,Output/figures/plots/hydrology/gauge_context_monthly_flow_primary_gauges.png,Output/figures/plots/hydrology/gauge_context_monthly_flow_primary_gauges.png,db_build_20260701_114458,2026-07-01T01:44:58+00:00,1,1,89083dbf4567b60c193f08d6ff4365299cb3b3be6f1f89c5e63a63403130ea04,hydrology,1
figure_asset,figure_00108,Output,Output/figures/plots/hydrology/gauge_context_water_year_flow_primary_gauges.png,Output/figures/plots/hydrology/gauge_context_water_year_flow_primary_gauges.png,db_build_20260701_114458,2026-07-01T01:44:58+00:00,1,1,7287238ae00343a2c876e495f232db829e9e42c2cf000a37763922fe98c05b02,hydrology,1
figure_asset,figure_00109,Output,Output/figures/plots/hydrology/gauge_flow_vs_annual_inundation_frequency.png,Output/figures/plots/hydrology/gauge_flow_vs_annual_inundation_frequency.png,db_build_20260701_114458,2026-07-01T01:44:58+00:00,1,1,0227e25447e13ad642b30db32e94e2c400ead98eda93d1cb542dd5fe6c88d418,hydrology,1
figure_asset,figure_00110,Output,Output/figures/plots/hydrology/gauge_flow_vs_total_vegetation_examples.png,Output/figures/plots/hydrology/gauge_flow_vs_total_vegetation_examples.png,db_build_20260701_114458,2026-07-01T01:44:58+00:00,1,1,46ed9440fe7f63793f980e387575e3e0f811d4a0f28c86075e581e501e36d32c,hydrology,1
figure_asset,figure_00111,Output,Output/figures/plots/hydrology/gauge_missingness_context.png,Output/figures/plots/hydrology/gauge_missingness_context.png,db_build_20260701_114458,2026-07-01T01:44:58+00:00,1,1,764527e766a03899b4bead38fadfeabb90d9fd2183efd38b9ad06e5d80fb6e65,hydrology,1
figure_asset,figure_00112,Output,Output/figures/plots/hydrology/kingsford_style_flow_ratios_for_review.png,Output/figures/plots/hydrology/kingsford_style_flow_ratios_for_review.png,db_build_20260701_114458,2026-07-01T01:44:58+00:00,1,1,52a95657b5ca9a158b2ec2142a5489ca1fa64e35b39d18764d148b52d1ac4b18,hydrology,1
figure_asset,figure_00113,Output,Output/figures/plots/MODIS_ground_cover/modis_whole_farm_monthly_timeseries.png,Output/figures/plots/MODIS_ground_cover/modis_whole_farm_monthly_timeseries.png,db_build_20260701_114458,2026-07-01T01:44:58+00:00,1,1,40d8147c6862a706e1afed9dd9a700d622b800dda616f48c016dfecc9103ddec,modis,1
figure_asset,figure_00114,Output,Output/figures/plots/MODIS_ground_cover/modis_farm_vs_buffer_total_veg_timeseries.png,Output/figures/plots/MODIS_ground_cover/modis_farm_vs_buffer_total_veg_timeseries.png,db_build_20260701_114458,2026-07-01T01:44:58+00:00,1,1,c4226da58216fde4fc0602245fc1d745b48634758169ae839519dad2c88f01bd,modis,1
figure_asset,figure_00115,Output,Output/figures/plots/MODIS_ground_cover/modis_farm_vs_buffer_bare_ground_timeseries.png,Output/figures/plots/MODIS_ground_cover/modis_farm_vs_buffer_bare_ground_timeseries.png,db_build_20260701_114458,2026-07-01T01:44:58+00:00,1,1,2b22d41677e78a6a55ec6895ea3382cccb3d4b513b1c2a62429cc49267dfb0b9,modis,1
figure_asset,figure_00116,Output,Output/figures/plots/MODIS_ground_cover/modis_water_year_total_veg_summary.png,Output/figures/plots/MODIS_ground_cover/modis_water_year_total_veg_summary.png,db_build_20260701_114458,2026-07-01T01:44:58+00:00,1,1,16229816ad86bbc59517673f4657c068a0ebb2386da3c458b739e36dd0c93dbe,modis,1
figure_asset,figure_00117,Output,Output/figures/plots/MODIS_ground_cover/modis_water_year_bare_ground_summary.png,Output/figures/plots/MODIS_ground_cover/modis_water_year_bare_ground_summary.png,db_build_20260701_114458,2026-07-01T01:44:58+00:00,1,1,366b5add0cff52ecc0271df0221d883eb5946174320449ac5ead798b2e5e8a2d,modis,1
figure_asset,figure_00118,Output,Output/figures/plots/MODIS_ground_cover/modis_management_zone_support.png,Output/figures/plots/MODIS_ground_cover/modis_management_zone_support.png,db_build_20260701_114458,2026-07-01T01:44:58+00:00,1,1,d821820ca88373ffa6283ec02f82f30f5c9329ef82052a9541aa024082286a17,modis,1
figure_asset,figure_00119,Output,Output/figures/plots/MODIS_ground_cover/modis_selected_management_zone_timeseries.png,Output/figures/plots/MODIS_ground_cover/modis_selected_management_zone_timeseries.png,db_build_20260701_114458,2026-07-01T01:44:58+00:00,1,1,d8685471f0376b9844704bd5c43b70e94c88b03074832f731b69b84d3932732f,modis,1
figure_asset,figure_00120,Output,Output/figures/plots/MODIS_ground_cover/modis_period_summary_prepost.png,Output/figures/plots/MODIS_ground_cover/modis_period_summary_prepost.png,db_build_20260701_114458,2026-07-01T01:44:58+00:00,1,1,fa5e6a10e84f7fe693e28184654cb872b3c430ec8d3107ccaa346f4ae251c89f,modis,1
figure_asset,figure_00121,Output,Output/figures/plots/MODIS_ground_cover/modis_whole_farm_total_veg_bare_water_year_refined.png,Output/figures/plots/MODIS_ground_cover/modis_whole_farm_total_veg_bare_water_year_refined.png,db_build_20260701_114458,2026-07-01T01:44:58+00:00,1,1,5075804096e4c4b0c18c9c7c53dcd03c6d45ab971aadd6f9aa82597b7bf5d379,modis,1
figure_asset,figure_00122,Output,Output/figures/plots/MODIS_ground_cover/modis_whole_farm_monthly_anomaly_refined.png,Output/figures/plots/MODIS_ground_cover/modis_whole_farm_monthly_anomaly_refined.png,db_build_20260701_114458,2026-07-01T01:44:58+00:00,1,1,02a05db15361854d5d605abdc01b6671899c576df4ebe9dbfa173927f3f8a8f1,modis,1
figure_asset,figure_00123,Output,Output/figures/plots/MODIS_ground_cover/modis_farm_minus_buffer_total_veg_anomaly.png,Output/figures/plots/MODIS_ground_cover/modis_farm_minus_buffer_total_veg_anomaly.png,db_build_20260701_114458,2026-07-01T01:44:58+00:00,1,1,a28347cf4545569e0d587d335c33b35aaff56176a53dd0d28ab9bcfaefcbe252,modis,1
figure_asset,figure_00124,Output,Output/figures/plots/MODIS_ground_cover/modis_farm_minus_buffer_bare_anomaly.png,Output/figures/plots/MODIS_ground_cover/modis_farm_minus_buffer_bare_anomaly.png,db_build_20260701_114458,2026-07-01T01:44:58+00:00,1,1,8e98882b7d22fd655fad62ca415a577169275fdc703f46f12a24fd6efff81851,modis,1
figure_asset,figure_00125,Output,Output/figures/plots/MODIS_ground_cover/modis_management_zone_support_simplified.png,Output/figures/plots/MODIS_ground_cover/modis_management_zone_support_simplified.png,db_build_20260701_114458,2026-07-01T01:44:58+00:00,1,1,0d108dbe7b8b2c0bc79dee6474b707afd88504e71d686d6d078e96502c098619,modis,1
figure_asset,figure_00126,Output,Output/figures/plots/MODIS_ground_cover/modis_selected_management_zone_timeseries_refined.png,Output/figures/plots/MODIS_ground_cover/modis_selected_management_zone_timeseries_refined.png,db_build_20260701_114458,2026-07-01T01:44:58+00:00,1,1,b16cd95c766eacb4baf53d4235da05b9ad5a3ad35d5071662c5e290e2b2403e0,modis,1
figure_asset,figure_00127,Output,Output/figures/plots/ground_cover/gc_total_veg_with_gauge_context_main_deck.png,Output/figures/plots/ground_cover/gc_total_veg_with_gauge_context_main_deck.png,db_build_20260701_114458,2026-07-01T01:44:58+00:00,1,1,7091419bd65ce58f2321faf5718751fd5553e507f04ad9614a1b184a56bf68e1,ground_cover,1
figure_asset,figure_00128,Output,Output/figures/plots/ground_cover/inundation_change_vs_total_veg_by_vegetation_group.png,Output/figures/plots/ground_cover/inundation_change_vs_total_veg_by_vegetation_group.png,db_build_20260701_114458,2026-07-01T01:44:58+00:00,1,1,68029ba3d9a544c4456a0c2ca4f59e2e78d04487f55d597d7c81c075de8531fb,ground_cover,1
figure_asset,figure_00129,Output,Output/figures/plots/ground_cover/inundation_change_vs_total_veg_by_wetness_group.png,Output/figures/plots/ground_cover/inundation_change_vs_total_veg_by_wetness_group.png,db_build_20260701_114458,2026-07-01T01:44:58+00:00,1,1,55b9ae28f37c5553eae2ff40bf321455fe5998d3d15de16c1c697b1a88aa7d5e,ground_cover,1
figure_asset,figure_00130,Output,Output/figures/plots/ground_cover/lag_timing_zoom_2013_current_main_deck.png,Output/figures/plots/ground_cover/lag_timing_zoom_2013_current_main_deck.png,db_build_20260701_114458,2026-07-01T01:44:58+00:00,1,1,cde00531864fff0220633c519f3bb0bfbde90d113ace834ffec9ccaa2f924127,ground_cover,1
figure_asset,figure_00131,Output,Output/figures/plots/ground_cover/selected_plot_total_veg_inundation_gauge_examples.png,Output/figures/plots/ground_cover/selected_plot_total_veg_inundation_gauge_examples.png,db_build_20260701_114458,2026-07-01T01:44:58+00:00,1,1,e2454eff6313fe4c0b9950a01cc3f146c23246886ae8a4661411622959e53c3b,ground_cover,1
figure_asset,figure_00132,Output,Output/figures/plots/MER/mer_observation_support_by_water_year.png,Output/figures/plots/MER/mer_observation_support_by_water_year.png,db_build_20260701_114458,2026-07-01T01:44:58+00:00,1,1,4abfc048e41229d5bcc5129f3d3b9842cf7732c530de9a2e7db1a36ccc392dc9,mer,1
figure_asset,figure_00133,Output,Output/figures/plots/MER/mer_vs_annual_occurrence_plot_agreement.png,Output/figures/plots/MER/mer_vs_annual_occurrence_plot_agreement.png,db_build_20260701_114458,2026-07-01T01:44:58+00:00,1,1,1127d5f5524eb676277b5fbf41eb0d137e27ef19eaff5253628bf6bfbf39f262,mer,1
figure_asset,figure_00134,Output,Output/figures/plots/MER/mer_post_minus_pre_by_vegetation_group.png,Output/figures/plots/MER/mer_post_minus_pre_by_vegetation_group.png,db_build_20260701_114458,2026-07-01T01:44:58+00:00,1,1,65504f41cca4b859c0cccbd885b88894f7b8ab0d1dbe20df38ed9b57b8a3f443,mer,1
figure_asset,figure_00135,Output,Output/figures/plots/MER/mer_annual_max_heatmap_appendix.png,Output/figures/plots/MER/mer_annual_max_heatmap_appendix.png,db_build_20260701_114458,2026-07-01T01:44:58+00:00,1,1,55f776f8175e5a18ba0ef7d5a255be217fc52307222601e0f0765aa8b0c6531a,mer,1
figure_asset,figure_00136,Output,Output/figures/plots/MER/mer_observation_support_sensor_note_appendix.png,Output/figures/plots/MER/mer_observation_support_sensor_note_appendix.png,db_build_20260701_114458,2026-07-01T01:44:58+00:00,1,1,ff6f804db038c805cd6a47ae745e40964d2b13daad8b7cc3d96709d15d80fe3b,mer,1
figure_asset,figure_00137,Output,Output/figures/review_deck/main_deck/gayini_analysis_workflow_summary.png,Output/figures/review_deck/main_deck/gayini_analysis_workflow_summary.png,db_build_20260701_114458,2026-07-01T01:44:58+00:00,1,1,09d1d6bdbaae3b7923186d4fa472217736ede162ce3d4020554a08fb6c890441,review_deck,1
figure_asset,figure_00138,Output,Output/figures/review_deck/main_deck/gayini_hydrology_inundation_vegetation_synthesis.png,Output/figures/review_deck/main_deck/gayini_hydrology_inundation_vegetation_synthesis.png,db_build_20260701_114458,2026-07-01T01:44:58+00:00,1,1,d12a818387e9a67fd98bfd42b79a211e294bff955b4642589d473f065bd278e0,hydrology,1
figure_asset,figure_00139,Output,Output/figures/review_deck/appendix/inundation_change_vs_bare_ground_appendix_only.png,Output/figures/review_deck/appendix/inundation_change_vs_bare_ground_appendix_only.png,db_build_20260701_114458,2026-07-01T01:44:58+00:00,1,1,231266b6c9f698d340018a813a1d7d0176eea975488adae1d5dab357c75edc4a,inundation,1
figure_asset,figure_d2_site_GA_001,Output,Output/figures/dashboards/D2_site_GA_001_slide_data.png,Output/figures/dashboards/D2_site_GA_001_slide_data.png,d2_site_dashboard_batch_20260720,,1,1,a445376c1e1606e2c54ef78e3b267992f78cc6f3126cc93583e42143b891abca,site_dashboard,0
figure_asset,figure_d2_site_GA_002,Output,Output/figures/dashboards/D2_site_GA_002_slide_data.png,Output/figures/dashboards/D2_site_GA_002_slide_data.png,d2_site_dashboard_batch_20260720,,1,1,f316dac4841d3578e2716f179680a8ea65628c8f81a5fb0a5e2d8d0d95446a93,site_dashboard,0
figure_asset,figure_d2_site_GA_003,Output,Output/figures/dashboards/D2_site_GA_003_slide_data.png,Output/figures/dashboards/D2_site_GA_003_slide_data.png,d2_site_dashboard_batch_20260720,,1,1,fb73b93b11cce4b3b0f2cbf49e7e5efc0b7d9317f005eb70de5a3ad6c2b50239,site_dashboard,0
figure_asset,figure_d2_site_GA_004,Output,Output/figures/dashboards/D2_site_GA_004_slide_data.png,Output/figures/dashboards/D2_site_GA_004_slide_data.png,d2_site_dashboard_batch_20260720,,1,1,9e4320399d3c03ed1d87d75c7bb89638f51055be87e37d87fef873ef099794da,site_dashboard,0
figure_asset,figure_d2_site_GA_005,Output,Output/figures/dashboards/D2_site_GA_005_slide_data.png,Output/figures/dashboards/D2_site_GA_005_slide_data.png,d2_site_dashboard_batch_20260720,,1,1,636fc0f019dd534d3ce8c46a28c9ef921807820bfe4048e0eaf7c2d8a03e835c,site_dashboard,0
figure_asset,figure_d2_site_GA_006,Output,Output/figures/dashboards/D2_site_GA_006_slide_data.png,Output/figures/dashboards/D2_site_GA_006_slide_data.png,d2_site_dashboard_batch_20260720,,1,1,037592a8be065623c73200e386b5743d49d2cc99e393d61e8fb076ee53810351,site_dashboard,0
figure_asset,figure_d2_site_GA_007,Output,Output/figures/dashboards/D2_site_GA_007_slide_data.png,Output/figures/dashboards/D2_site_GA_007_slide_data.png,d2_site_dashboard_batch_20260720,,1,1,2ce213547b202a57951379aa9379eeca15c3b2edcc0616d8f01086d2142f1443,site_dashboard,0
figure_asset,figure_d2_site_GA_008,Output,Output/figures/dashboards/D2_site_GA_008_slide_data.png,Output/figures/dashboards/D2_site_GA_008_slide_data.png,d2_site_dashboard_batch_20260720,,1,1,44f37c1d50d640e717a95d66ed3daa56f846b0272900b201e0a66ef38afb1d16,site_dashboard,0
figure_asset,figure_d2_site_GA_009,Output,Output/figures/dashboards/D2_site_GA_009_slide_data.png,Output/figures/dashboards/D2_site_GA_009_slide_data.png,d2_site_dashboard_batch_20260720,,1,1,80aebeed6c96921a9384f1a50760ce03b1e131196229d16aa5d414909650e9df,site_dashboard,0
figure_asset,figure_d2_site_GA_010,Output,Output/figures/dashboards/D2_site_GA_010_slide_data.png,Output/figures/dashboards/D2_site_GA_010_slide_data.png,d2_site_dashboard_batch_20260720,,1,1,6626999c860d4330212dbb2c5c90a0a7e892842521dcb243958ba32fed6702c4,site_dashboard,0
figure_asset,figure_d2_site_GA_013,Output,Output/figures/dashboards/D2_site_GA_013_slide_data.png,Output/figures/dashboards/D2_site_GA_013_slide_data.png,d2_site_dashboard_batch_20260720,,1,1,ced3ba981861f06b4bc93908241f26af7674cee84ee92972eeacab7541daacac,site_dashboard,0
figure_asset,figure_d2_site_GA_016,Output,Output/figures/dashboards/D2_site_GA_016_slide_data.png,Output/figures/dashboards/D2_site_GA_016_slide_data.png,d2_site_dashboard_batch_20260720,,1,1,739f210792cf10b41b041acf14f2c631e3b70779ac002e10d2234e0d705549ef,site_dashboard,0
figure_asset,figure_d2_site_GA_017,Output,Output/figures/dashboards/D2_site_GA_017_slide_data.png,Output/figures/dashboards/D2_site_GA_017_slide_data.png,d2_site_dashboard_batch_20260720,,1,1,5baa8719c368bb32d48cdc824ba71cd708591d33b116c341d9d3db60962826ac,site_dashboard,0
figure_asset,figure_d2_site_GA_018,Output,Output/figures/dashboards/D2_site_GA_018_slide_data.png,Output/figures/dashboards/D2_site_GA_018_slide_data.png,d2_site_dashboard_batch_20260720,,1,1,d164278f7edbd1a95c3ef925258d55207030bfce2d8217534769761a9689e5d7,site_dashboard,0
figure_asset,figure_d2_site_GA_019,Output,Output/figures/dashboards/D2_site_GA_019_slide_data.png,Output/figures/dashboards/D2_site_GA_019_slide_data.png,d2_site_dashboard_batch_20260720,,1,1,5db82d4a336a203abcbb74989de69b46f02d4e7489208992f0ede8f5bb2200c6,site_dashboard,0
figure_asset,figure_d2_site_GA_020,Output,Output/figures/dashboards/D2_site_GA_020_slide_data.png,Output/figures/dashboards/D2_site_GA_020_slide_data.png,d2_site_dashboard_batch_20260720,,1,1,4c635f6c4777c3c9101d2f4bafd9874930b04b0b27eeec714c00b4d815f0ce6a,site_dashboard,0
figure_asset,figure_d2_site_GA_022,Output,Output/figures/dashboards/D2_site_GA_022_slide_data.png,Output/figures/dashboards/D2_site_GA_022_slide_data.png,d2_site_dashboard_batch_20260720,,1,1,d086c05c84472595d8a7b20387eb118634413113cb486a9acec5434a7fdfa313,site_dashboard,0
figure_asset,figure_d2_site_GA_024,Output,Output/figures/dashboards/D2_site_GA_024_slide_data.png,Output/figures/dashboards/D2_site_GA_024_slide_data.png,d2_site_dashboard_batch_20260720,,1,1,6ab87638e2400cf95c439ece040239ddc1f46ebcc56883a02fc86469052ae2b1,site_dashboard,0
figure_asset,figure_d2_site_GA_025,Output,Output/figures/dashboards/D2_site_GA_025_slide_data.png,Output/figures/dashboards/D2_site_GA_025_slide_data.png,d2_site_dashboard_batch_20260720,,1,1,9c6691f328e195c8ee2de35ad5508c671e7710c849105c0a9026a4bd46a916b9,site_dashboard,0
figure_asset,figure_d2_site_GA_026,Output,Output/figures/dashboards/D2_site_GA_026_slide_data.png,Output/figures/dashboards/D2_site_GA_026_slide_data.png,d2_site_dashboard_batch_20260720,,1,1,125fdc404611c7adf7167c41a107a8d350e4211eb6ce7dc316de7fe4394cf300,site_dashboard,0
figure_asset,figure_d2_site_GA_027,Output,Output/figures/dashboards/D2_site_GA_027_slide_data.png,Output/figures/dashboards/D2_site_GA_027_slide_data.png,d2_site_dashboard_batch_20260720,,1,1,e8e4cbe232297bb05e02faeb3b8736f9d32a60747fd7053a7e24905375c0cfb7,site_dashboard,0
figure_asset,figure_d2_site_GA_028,Output,Output/figures/dashboards/D2_site_GA_028_slide_data.png,Output/figures/dashboards/D2_site_GA_028_slide_data.png,d2_site_dashboard_batch_20260720,,1,1,d79c09766a3bfd62c0c8e502d9c6c030994f2286884ed89fe85ebda6e006057b,site_dashboard,0
figure_asset,figure_d2_site_GA_031,Output,Output/figures/dashboards/D2_site_GA_031_slide_data.png,Output/figures/dashboards/D2_site_GA_031_slide_data.png,d2_site_dashboard_batch_20260720,,1,1,2671375449b1543f671dcaa7505f1062acd3b7a0186d2a869f143e6d7823ef65,site_dashboard,0
figure_asset,figure_d2_site_GA_032,Output,Output/figures/dashboards/D2_site_GA_032_slide_data.png,Output/figures/dashboards/D2_site_GA_032_slide_data.png,d2_site_dashboard_batch_20260720,,1,1,819216d2f9eb7b8361aeee5276af9c693a65873a70028e2a732f1c47cd44fede,site_dashboard,0
figure_asset,figure_d2_site_GA_033,Output,Output/figures/dashboards/D2_site_GA_033_slide_data.png,Output/figures/dashboards/D2_site_GA_033_slide_data.png,d2_site_dashboard_batch_20260720,,1,1,d69316d0211cd917693fb7e9081a564961b8b56c187d29a0b43e2d72bcdf6112,site_dashboard,0
figure_asset,figure_d2_site_GA_034,Output,Output/figures/dashboards/D2_site_GA_034_slide_data.png,Output/figures/dashboards/D2_site_GA_034_slide_data.png,d2_site_dashboard_batch_20260720,,1,1,5c57d35d34ddfdf0a9fb2457866a8e318309956c60fb185778983b6d1f192172,site_dashboard,0
figure_asset,figure_d2_site_GA_035,Output,Output/figures/dashboards/D2_site_GA_035_slide_data.png,Output/figures/dashboards/D2_site_GA_035_slide_data.png,d2_site_dashboard_batch_20260720,,1,1,0ddcc14ae6ce56781d252b381973c0867d3f188650f2dd1331ece626c16c132f,site_dashboard,0
figure_asset,figure_d2_site_GA_036,Output,Output/figures/dashboards/D2_site_GA_036_slide_data.png,Output/figures/dashboards/D2_site_GA_036_slide_data.png,d2_site_dashboard_batch_20260720,,1,1,582fee3f47f2733b484df3ccc2707a1b07e5399f64c783f5d56a696a41e8c562,site_dashboard,0
figure_asset,figure_d2_site_GA_037,Output,Output/figures/dashboards/D2_site_GA_037_slide_data.png,Output/figures/dashboards/D2_site_GA_037_slide_data.png,d2_site_dashboard_batch_20260720,,1,1,c6c9b1cdd2c89b7b86d4c09185060f494e923d548c280f1cdfe1e6e1a445df29,site_dashboard,0
figure_asset,figure_d2_site_GA_038,Output,Output/figures/dashboards/D2_site_GA_038_slide_data.png,Output/figures/dashboards/D2_site_GA_038_slide_data.png,d2_site_dashboard_batch_20260720,,1,1,753b0bdd40e2f34bbf8d1a3013be3433ddf5c2ec2e4ae0056ec6bc8dbbf140c4,site_dashboard,0
figure_asset,figure_d2_site_GA_039,Output,Output/figures/dashboards/D2_site_GA_039_slide_data.png,Output/figures/dashboards/D2_site_GA_039_slide_data.png,d2_site_dashboard_batch_20260720,,1,1,777475e37807ca5e99570e6ef9cfe8b60a8bec6333ca8d0cce1f055b39a102c7,site_dashboard,0
figure_asset,figure_d2_site_GA_040,Output,Output/figures/dashboards/D2_site_GA_040_slide_data.png,Output/figures/dashboards/D2_site_GA_040_slide_data.png,d2_site_dashboard_batch_20260720,,1,1,92711fd767af153acb5950ccdfa1b4fdf86aec2b43d60dbc3414b62e88dc4d75,site_dashboard,0
figure_asset,figure_d2_site_GA_041,Output,Output/figures/dashboards/D2_site_GA_041_slide_data.png,Output/figures/dashboards/D2_site_GA_041_slide_data.png,d2_site_dashboard_batch_20260720,,1,1,26f59c28a70a76dd7cd0c9171e20442d82971b9a3c989fe86c157358df32afeb,site_dashboard,0
figure_asset,figure_d2_site_GA_042,Output,Output/figures/dashboards/D2_site_GA_042_slide_data.png,Output/figures/dashboards/D2_site_GA_042_slide_data.png,d2_site_dashboard_batch_20260720,,1,1,c5ecf957ccd6100d8b0b616334b41043f33ce42431caf997ffedd1dc39e5c261,site_dashboard,0
figure_asset,figure_d2_site_GA_043,Output,Output/figures/dashboards/D2_site_GA_043_slide_data.png,Output/figures/dashboards/D2_site_GA_043_slide_data.png,d2_site_dashboard_batch_20260720,,1,1,609d948ad5b9f7affda8f69179bf5ea71e969aa9ca4984457c4217ecedd21d7f,site_dashboard,0
figure_asset,figure_d2_site_GA_044,Output,Output/figures/dashboards/D2_site_GA_044_slide_data.png,Output/figures/dashboards/D2_site_GA_044_slide_data.png,d2_site_dashboard_batch_20260720,,1,1,ec78f7adbb9642136e9ba5d1949ca3d6972d63f077e1677b94cab68bf29d4abc,site_dashboard,0
figure_asset,figure_d2_site_GA_045,Output,Output/figures/dashboards/D2_site_GA_045_slide_data.png,Output/figures/dashboards/D2_site_GA_045_slide_data.png,d2_site_dashboard_batch_20260720,,1,1,2b347b652bbc5430e6ca17d2eb4740f9a4d691d4a7f2f41e770381afc88a3a3d,site_dashboard,0
figure_asset,figure_d2_site_GA_046,Output,Output/figures/dashboards/D2_site_GA_046_slide_data.png,Output/figures/dashboards/D2_site_GA_046_slide_data.png,d2_site_dashboard_batch_20260720,,1,1,451a1083d7010ce237251ecf4ce36b7d71c8d5c2f6faacf36ff71856683c1301,site_dashboard,0
figure_asset,figure_d2_site_GA_047,Output,Output/figures/dashboards/D2_site_GA_047_slide_data.png,Output/figures/dashboards/D2_site_GA_047_slide_data.png,d2_site_dashboard_batch_20260720,,1,1,b1a37271a93ffac42482f60b959d0e064aa90de04cbbea5b713a67874b37389e,site_dashboard,0
figure_asset,figure_d2_site_GA_048,Output,Output/figures/dashboards/D2_site_GA_048_slide_data.png,Output/figures/dashboards/D2_site_GA_048_slide_data.png,d2_site_dashboard_batch_20260720,,1,1,1f92faf983ac59a916b9b79537d44809b81f3f4615e60e28a02fc6bdee520a52,site_dashboard,0
figure_asset,figure_d2_site_GA_049,Output,Output/figures/dashboards/D2_site_GA_049_slide_data.png,Output/figures/dashboards/D2_site_GA_049_slide_data.png,d2_site_dashboard_batch_20260720,,1,1,61d67eb7ffe95bdfc709e73f16005c4aa1aaa70bf8e82607a5952ce55f4c19a5,site_dashboard,0
figure_asset,figure_d2_site_GA_050,Output,Output/figures/dashboards/D2_site_GA_050_slide_data.png,Output/figures/dashboards/D2_site_GA_050_slide_data.png,d2_site_dashboard_batch_20260720,,1,1,d79f288b18f9dfa95e2eb580ba5561cd16fb24d7c4300fabbead689ea3949700,site_dashboard,0
figure_asset,figure_d2_site_GA_051,Output,Output/figures/dashboards/D2_site_GA_051_slide_data.png,Output/figures/dashboards/D2_site_GA_051_slide_data.png,d2_site_dashboard_batch_20260720,,1,1,89c6fc73c30233b4cc1aee40071993a5e90313cc5754cd74033a170a3a16917f,site_dashboard,0
figure_asset,figure_d2_site_GA_052,Output,Output/figures/dashboards/D2_site_GA_052_slide_data.png,Output/figures/dashboards/D2_site_GA_052_slide_data.png,d2_site_dashboard_batch_20260720,,1,1,47ee415a0923ae5747b937283b4ba0245eb7fd7242fb848f7fcf8072b88c2f4c,site_dashboard,0
figure_asset,figure_d2_site_GA_053,Output,Output/figures/dashboards/D2_site_GA_053_slide_data.png,Output/figures/dashboards/D2_site_GA_053_slide_data.png,d2_site_dashboard_batch_20260720,,1,1,60d4b63b07b78722bca5edc7257f8635295f6e4dfac0d451be686fddd546c38e,site_dashboard,0
figure_asset,figure_d2_site_GA_054,Output,Output/figures/dashboards/D2_site_GA_054_slide_data.png,Output/figures/dashboards/D2_site_GA_054_slide_data.png,d2_site_dashboard_batch_20260720,,1,1,295858460f38e4d50091cb76af98f80e83e7a727e9a466b56d51cde279f0db2f,site_dashboard,0
figure_asset,figure_d2_site_GA_055,Output,Output/figures/dashboards/D2_site_GA_055_slide_data.png,Output/figures/dashboards/D2_site_GA_055_slide_data.png,d2_site_dashboard_batch_20260720,,1,1,34b29759334d55b03aa3665b94dcfa1a2ef7053a9833c177848b2301ae7847ff,site_dashboard,0
figure_asset,figure_d2_site_GA_056,Output,Output/figures/dashboards/D2_site_GA_056_slide_data.png,Output/figures/dashboards/D2_site_GA_056_slide_data.png,d2_site_dashboard_batch_20260720,,1,1,774093f02bffa9eefd1b9810cebb4f8faa83e5358be3abf9548f959ef205c108,site_dashboard,0
figure_asset,figure_d2_site_GA_057,Output,Output/figures/dashboards/D2_site_GA_057_slide_data.png,Output/figures/dashboards/D2_site_GA_057_slide_data.png,d2_site_dashboard_batch_20260720,,1,1,1403631feb092b94571d246d1e44d6f7a37243907450e569825a549c1cfda5e1,site_dashboard,0
figure_asset,figure_d2_site_GA_058,Output,Output/figures/dashboards/D2_site_GA_058_slide_data.png,Output/figures/dashboards/D2_site_GA_058_slide_data.png,d2_site_dashboard_batch_20260720,,1,1,2a99510f3dab6dc00fc3d51c3b0fa49441cc916cd9be0abebf5b7ab4e3e2cd9a,site_dashboard,0
figure_asset,figure_d2_site_GA_059,Output,Output/figures/dashboards/D2_site_GA_059_slide_data.png,Output/figures/dashboards/D2_site_GA_059_slide_data.png,d2_site_dashboard_batch_20260720,,1,1,ccdc1e1871eefd24639393d1ebae50e3ba2965cd967f0406b92d78bf437918c3,site_dashboard,0
figure_asset,figure_d2_site_GA_060,Output,Output/figures/dashboards/D2_site_GA_060_slide_data.png,Output/figures/dashboards/D2_site_GA_060_slide_data.png,d2_site_dashboard_batch_20260720,,1,1,e86e8d95a380265a6f24a656e7d62a55da8c6e1ebabd2d29f2297d336f6d5a69,site_dashboard,0
figure_asset,figure_d2_site_GA_061,Output,Output/figures/dashboards/D2_site_GA_061_slide_data.png,Output/figures/dashboards/D2_site_GA_061_slide_data.png,d2_site_dashboard_batch_20260720,,1,1,9df8b537ac2613e4986a8a2a7548cffe8c52a7ad57320b48350c7e5e0f2c97a1,site_dashboard,0
figure_asset,figure_d2_site_GA_062,Output,Output/figures/dashboards/D2_site_GA_062_slide_data.png,Output/figures/dashboards/D2_site_GA_062_slide_data.png,d2_site_dashboard_batch_20260720,,1,1,23132ab8340281893d12935b7bad7665f48447eec29f8e7e174544abd366db25,site_dashboard,0
figure_asset,figure_d2_site_GA_063,Output,Output/figures/dashboards/D2_site_GA_063_slide_data.png,Output/figures/dashboards/D2_site_GA_063_slide_data.png,d2_site_dashboard_batch_20260720,,1,1,e5101ce986f925bf623ec24e6ed9e105b209a2d22b37ca01349e4c00a2458b18,site_dashboard,0
figure_asset,figure_d2_site_GA_064,Output,Output/figures/dashboards/D2_site_GA_064_slide_data.png,Output/figures/dashboards/D2_site_GA_064_slide_data.png,d2_site_dashboard_batch_20260720,,1,1,87cf3d7f9932da177bc8a0bcc2724b5920ae62db7e14e14d202e73ed3e273967,site_dashboard,0
figure_asset,figure_d2_site_GA_066,Output,Output/figures/dashboards/D2_site_GA_066_slide_data.png,Output/figures/dashboards/D2_site_GA_066_slide_data.png,d2_site_dashboard_batch_20260720,,1,1,f1afb49825897986a80e6233445a39195b462899ec0613c2ba4020476cbfa736,site_dashboard,0
figure_asset,figure_gateE_s12,Output,Output/figures/S12_stratum_coverage.png,Output/figures/S12_stratum_coverage.png,gateE_20260721,,1,1,8cbc70108d6c65eb9a629bee9daa82abc6da751f4c4c380867f086cfdbafa473,tier2H_gateE,0
figure_asset,figure_gateE_s21,Output,Output/figures/S21_flood_trend_census.png,Output/figures/S21_flood_trend_census.png,gateE_20260721,,1,1,8dd74c27594f3006648801c3dd2fb849a0f9430f16a992cce54e25ff76c3263d,tier2H_gateE,0
figure_asset,figure_gateE_s24,Output,Output/figures/S24_response_singles.png,Output/figures/S24_response_singles.png,gateE_20260721,,1,1,358a6aa78f1352791c1f7d48ece4f7c68d56edb0639e9f85225b1fe250782a5e,tier2H_gateE,0
figure_asset,figure_gateE_s25,Output,Output/figures/S25_lag_profile.png,Output/figures/S25_lag_profile.png,gateE_20260721,,1,1,fe41156d12d93c0fb6055fc63d0863263c34f50c127cae62c60f4ba27de71a17,tier2H_gateE,0
figure_asset,figure_gateE_s26,Output,Output/figures/S26_response_matrix.png,Output/figures/S26_response_matrix.png,gateE_20260721,,1,1,e6af2db39d823a0502bafbf6f0fd927e542c8b26ef27711183ee13bd9d9618ab,tier2H_gateE,0
figure_asset,figure_gateE_figA,Output,Output/figures/FigA_floor_gradient_density.png,Output/figures/FigA_floor_gradient_density.png,gateE_20260721,,1,1,5c058074009d6f51418d03121c9d3291423980ffe804b1f35dd25b5d686bc2db,tier2H_gateE,0
figure_asset,figure_gateE_vw_gam_p05,Output,Output/figures/S_veg_water_gam_p05.png,Output/figures/S_veg_water_gam_p05.png,gateE_20260721,,1,1,f7a39e0e66fdf6c2fba9c2597cde73730c0ee739d753f117eb425e351c19c356,tier2H_gateE,0
figure_asset,figure_gateE_vw_gam_p50,Output,Output/figures/S_veg_water_gam_p50.png,Output/figures/S_veg_water_gam_p50.png,gateE_20260721,,1,1,61dad0d0d55255578a7df43e560d1d2afdb61a71c86f125d3d3df22a3b427b97,tier2H_gateE,0
figure_asset,figure_gateE_vw_qb_p05,Output,Output/figures/S_veg_water_qband_p05.png,Output/figures/S_veg_water_qband_p05.png,gateE_20260721,,1,1,dca79a35c97b0d30f4f7aaa8cefd0d8ce810728976baeef7e7ec313ee2a49227,tier2H_gateE,0
figure_asset,figure_gateE_vw_qb_p50,Output,Output/figures/S_veg_water_qband_p50.png,Output/figures/S_veg_water_qband_p50.png,gateE_20260721,,1,1,969b88398b3560fcb8372e85669ad3dbd5871eba183e6018700d27afe9247677,tier2H_gateE,0
figure_asset,figure_gateE_vw_fan,Output,Output/figures/S_veg_water_percentile_fan.png,Output/figures/S_veg_water_percentile_fan.png,gateE_20260721,,1,1,2ec291ce42d0284e9b87b6f75afdb95715f433a5aba98b8f1669b8c1aabd87dc,tier2H_gateE,0
figure_asset,figure_d1_paddock_Bala_12_slide_data,Output,Output/figures/dashboards/D1_paddock_Bala_12_slide_data.png,Output/figures/dashboards/D1_paddock_Bala_12_slide_data.png,taskM_gateC,2026-07-24T00:00:00+00:00,1,1,70b4b7985c77e5c276bfbdbeb5e7a56497852d167c7df19c4f586572623961e0,paddock_dashboard,0
figure_asset,figure_d1_paddock_Bala_17_slide_data,Output,Output/figures/dashboards/D1_paddock_Bala_17_slide_data.png,Output/figures/dashboards/D1_paddock_Bala_17_slide_data.png,taskM_gateC,2026-07-24T00:00:00+00:00,1,1,8bc7e83ad97c4ae6913a0918d543aae95071ef8d1d120778b36ea6cdf320a255,paddock_dashboard,0
figure_asset,figure_d1_paddock_Bala_19_slide_data,Output,Output/figures/dashboards/D1_paddock_Bala_19_slide_data.png,Output/figures/dashboards/D1_paddock_Bala_19_slide_data.png,taskM_gateC,2026-07-24T00:00:00+00:00,1,1,edd0b1cfb7ca8d48f7a0e2e3138caaefc865eb8932f5f9ae5c7a03438cf17460,paddock_dashboard,0
figure_asset,figure_d1_paddock_Bala_20_slide_data,Output,Output/figures/dashboards/D1_paddock_Bala_20_slide_data.png,Output/figures/dashboards/D1_paddock_Bala_20_slide_data.png,taskM_gateC,2026-07-24T00:00:00+00:00,1,1,d2ebfa8c858ffd629c23dd637374e04fda7f40e61ae0996b9f066f49ff31610d,paddock_dashboard,0
figure_asset,figure_d1_paddock_Bala_21_slide_data,Output,Output/figures/dashboards/D1_paddock_Bala_21_slide_data.png,Output/figures/dashboards/D1_paddock_Bala_21_slide_data.png,taskM_gateC,2026-07-24T00:00:00+00:00,1,1,4b27aeb6700b9c70e535b9c8fd1041320ec549a6a739e1b955466b333cdb9bd0,paddock_dashboard,0
figure_asset,figure_d1_paddock_Bala_23_slide_data,Output,Output/figures/dashboards/D1_paddock_Bala_23_slide_data.png,Output/figures/dashboards/D1_paddock_Bala_23_slide_data.png,taskM_gateC,2026-07-24T00:00:00+00:00,1,1,d46452f8a079be6cfaab9ec120f4177a63356f0ab7948c5ac5600c49e1d3ea3a,paddock_dashboard,0
figure_asset,figure_d1_paddock_Bala_26ca_slide_data,Output,Output/figures/dashboards/D1_paddock_Bala_26ca_slide_data.png,Output/figures/dashboards/D1_paddock_Bala_26ca_slide_data.png,taskM_gateC,2026-07-24T00:00:00+00:00,1,1,c9fc8de60711b7ed11a2d992aab9cb18c8178f72ed04528de85cc6c6d4461022,paddock_dashboard,0
figure_asset,figure_d1_paddock_Bala_28ca_slide_data,Output,Output/figures/dashboards/D1_paddock_Bala_28ca_slide_data.png,Output/figures/dashboards/D1_paddock_Bala_28ca_slide_data.png,taskM_gateC,2026-07-24T00:00:00+00:00,1,1,341d2acd265de66ded7247b7382326a710744a4a4238aefa9fdbd12913b08b0e,paddock_dashboard,0
figure_asset,figure_d1_paddock_Bala_29ca_slide_data,Output,Output/figures/dashboards/D1_paddock_Bala_29ca_slide_data.png,Output/figures/dashboards/D1_paddock_Bala_29ca_slide_data.png,taskM_gateC,2026-07-24T00:00:00+00:00,1,1,78c2744ca89401f5712acfc3f6916f96cd10630fa989aa17ce6d288ad08a6d73,paddock_dashboard,0
figure_asset,figure_d1_paddock_Bala_6_slide_data,Output,Output/figures/dashboards/D1_paddock_Bala_6_slide_data.png,Output/figures/dashboards/D1_paddock_Bala_6_slide_data.png,taskM_gateC,2026-07-24T00:00:00+00:00,1,1,51370296bcb0c9eed56abcb30b1024fb149a99aef2056c14b2c2f14d7cc2814a,paddock_dashboard,0
figure_asset,figure_d1_paddock_Bala_8_11_slide_data,Output,Output/figures/dashboards/D1_paddock_Bala_8_11_slide_data.png,Output/figures/dashboards/D1_paddock_Bala_8_11_slide_data.png,taskM_gateC,2026-07-24T00:00:00+00:00,1,1,283439a841c7e7b77326bcc7d9d08f957485d6d118d3a00cdb669b7d5bd6a854,paddock_dashboard,0
figure_asset,figure_d1_paddock_Dinan_10_slide_data,Output,Output/figures/dashboards/D1_paddock_Dinan_10_slide_data.png,Output/figures/dashboards/D1_paddock_Dinan_10_slide_data.png,taskM_gateC,2026-07-24T00:00:00+00:00,1,1,0cd99f26a8e58826b7c7aace589d84d1f759af912de89f120d5c62b179f83882,paddock_dashboard,0
figure_asset,figure_d1_paddock_Dinan_12_slide_data,Output,Output/figures/dashboards/D1_paddock_Dinan_12_slide_data.png,Output/figures/dashboards/D1_paddock_Dinan_12_slide_data.png,taskM_gateC,2026-07-24T00:00:00+00:00,1,1,75ed06e64c576394a01cbce7e1f7a78b00c3de6a813d9b06a90ca1b5845f7085,paddock_dashboard,0
figure_asset,figure_d1_paddock_Dinan_1_slide_data,Output,Output/figures/dashboards/D1_paddock_Dinan_1_slide_data.png,Output/figures/dashboards/D1_paddock_Dinan_1_slide_data.png,taskM_gateC,2026-07-24T00:00:00+00:00,1,1,7b91daa49fad581246f3b271ea1b100dff0324ab7ddcd82bfea1b441d05fb58d,paddock_dashboard,0
figure_asset,figure_d1_paddock_Dinan_3_slide_data,Output,Output/figures/dashboards/D1_paddock_Dinan_3_slide_data.png,Output/figures/dashboards/D1_paddock_Dinan_3_slide_data.png,taskM_gateC,2026-07-24T00:00:00+00:00,1,1,b177d6f7dab17271e7498026cf4e287e20412e9835a1c060346abadce70fda2b,paddock_dashboard,0
figure_asset,figure_d1_paddock_Dinan_6_slide_data,Output,Output/figures/dashboards/D1_paddock_Dinan_6_slide_data.png,Output/figures/dashboards/D1_paddock_Dinan_6_slide_data.png,taskM_gateC,2026-07-24T00:00:00+00:00,1,1,190e78e20348ba1ff80fdc09511d58abc545cf6e2b12ca17112ee294de366865,paddock_dashboard,0
figure_asset,figure_d1_paddock_Dinan_8_slide_data,Output,Output/figures/dashboards/D1_paddock_Dinan_8_slide_data.png,Output/figures/dashboards/D1_paddock_Dinan_8_slide_data.png,taskM_gateC,2026-07-24T00:00:00+00:00,1,1,fa12aac00dced8e24a8d05b531416eecfaf55adae0e4068520627d08ae3df11f,paddock_dashboard,0
figure_asset,figure_d1_paddock_Mara_13_slide_data,Output,Output/figures/dashboards/D1_paddock_Mara_13_slide_data.png,Output/figures/dashboards/D1_paddock_Mara_13_slide_data.png,taskM_gateC,2026-07-24T00:00:00+00:00,1,1,b3259f927e78011462da2b1a9d8b6605793e80e0906c6d92b579a628c3f5158b,paddock_dashboard,0
figure_asset,figure_d1_paddock_Mara_21_slide_data,Output,Output/figures/dashboards/D1_paddock_Mara_21_slide_data.png,Output/figures/dashboards/D1_paddock_Mara_21_slide_data.png,taskM_gateC,2026-07-24T00:00:00+00:00,1,1,1fe73c0e14cd5b06a156dec90c15e0901cb210cbf726a536e0e0eaef750b0391,paddock_dashboard,0
figure_asset,figure_d1_paddock_Mara_7_slide_data,Output,Output/figures/dashboards/D1_paddock_Mara_7_slide_data.png,Output/figures/dashboards/D1_paddock_Mara_7_slide_data.png,taskM_gateC,2026-07-24T00:00:00+00:00,1,1,18cd17bce1d32c678b315efb3cd80870f9142a97fe69d42a5477f4bf645b4df5,paddock_dashboard,0
figure_asset,figure_d1_paddock_Mara_8_slide_data,Output,Output/figures/dashboards/D1_paddock_Mara_8_slide_data.png,Output/figures/dashboards/D1_paddock_Mara_8_slide_data.png,taskM_gateC,2026-07-24T00:00:00+00:00,1,1,d1fbe8efe212121ae80deeec3fbc39c1da57a4303dea5736a3f7bf350189095c,paddock_dashboard,0
figure_asset,figure_c1_veg_regime_paddock_Bala_12,Output,Output/figures/C1_veg_regime_paddock_Bala_12_data.png,Output/figures/C1_veg_regime_paddock_Bala_12_data.png,taskM_gateC,2026-07-24T00:00:00+00:00,1,1,7a781f66d9ad8fda895364bbb27cc494a59b6538549526f1ecfe6fb6e8443f2f,paddock_checkerboard,0
figure_asset,figure_c1_veg_regime_paddock_Bala_17,Output,Output/figures/C1_veg_regime_paddock_Bala_17_data.png,Output/figures/C1_veg_regime_paddock_Bala_17_data.png,taskM_gateC,2026-07-24T00:00:00+00:00,1,1,3d7a43c4b8245337a6353d0f6dcdf872d8217e43f14c6114ef0a7d5e81f09c4f,paddock_checkerboard,0
figure_asset,figure_c1_veg_regime_paddock_Bala_19,Output,Output/figures/C1_veg_regime_paddock_Bala_19_data.png,Output/figures/C1_veg_regime_paddock_Bala_19_data.png,taskM_gateC,2026-07-24T00:00:00+00:00,1,1,7bb6955fdaf16bbd81ec0d3bcb918f6c2613b072ef34605a9825d8b81c515d4e,paddock_checkerboard,0
figure_asset,figure_c1_veg_regime_paddock_Bala_20,Output,Output/figures/C1_veg_regime_paddock_Bala_20_data.png,Output/figures/C1_veg_regime_paddock_Bala_20_data.png,taskM_gateC,2026-07-24T00:00:00+00:00,1,1,327af60ca7c732d80a9ff34dd23ef3d7036d5d6f45f5fa7da032d43a2d61fde2,paddock_checkerboard,0
figure_asset,figure_c1_veg_regime_paddock_Bala_21,Output,Output/figures/C1_veg_regime_paddock_Bala_21_data.png,Output/figures/C1_veg_regime_paddock_Bala_21_data.png,taskM_gateC,2026-07-24T00:00:00+00:00,1,1,cef1edc6f9243317a53adafdbe86697e56b09a520abe8e1ef074fb689de912b7,paddock_checkerboard,0
figure_asset,figure_c1_veg_regime_paddock_Bala_23,Output,Output/figures/C1_veg_regime_paddock_Bala_23_data.png,Output/figures/C1_veg_regime_paddock_Bala_23_data.png,taskM_gateC,2026-07-24T00:00:00+00:00,1,1,e33a9a7af2c1cb01e3825279e31b07b9b65681bbd1a2703729a12005739443c4,paddock_checkerboard,0
figure_asset,figure_c1_veg_regime_paddock_Bala_26ca,Output,Output/figures/C1_veg_regime_paddock_Bala_26ca_data.png,Output/figures/C1_veg_regime_paddock_Bala_26ca_data.png,taskM_gateC,2026-07-24T00:00:00+00:00,1,1,e5005c800b7bc0ee48db706f876116d12b69e27d8f4178330d791ba0b48ad58b,paddock_checkerboard,0
figure_asset,figure_c1_veg_regime_paddock_Bala_28ca,Output,Output/figures/C1_veg_regime_paddock_Bala_28ca_data.png,Output/figures/C1_veg_regime_paddock_Bala_28ca_data.png,taskM_gateC,2026-07-24T00:00:00+00:00,1,1,fe42c0c3b24bdac8798267f3988a2a8f7633a4dde69988aa7e0737e20a784cfc,paddock_checkerboard,0
figure_asset,figure_c1_veg_regime_paddock_Bala_29ca,Output,Output/figures/C1_veg_regime_paddock_Bala_29ca_data.png,Output/figures/C1_veg_regime_paddock_Bala_29ca_data.png,taskM_gateC,2026-07-24T00:00:00+00:00,1,1,b408f8dcb78eb79a752b4a77352ebbf76574c76a4b516ace36314b76018ae4e7,paddock_checkerboard,0
figure_asset,figure_c1_veg_regime_paddock_Bala_6,Output,Output/figures/C1_veg_regime_paddock_Bala_6_data.png,Output/figures/C1_veg_regime_paddock_Bala_6_data.png,taskM_gateC,2026-07-24T00:00:00+00:00,1,1,23cb4ea59bfaef694ae5bfb6f65f4cb1c821b1f512121a25d4459034900dd4ce,paddock_checkerboard,0
figure_asset,figure_c1_veg_regime_paddock_Bala_8_11,Output,Output/figures/C1_veg_regime_paddock_Bala_8_11_data.png,Output/figures/C1_veg_regime_paddock_Bala_8_11_data.png,taskM_gateC,2026-07-24T00:00:00+00:00,1,1,4c4e25e295328b786dfabbe165f050c65197bd3d63d5cd4b93417b8e1fde4b77,paddock_checkerboard,0
figure_asset,figure_c1_veg_regime_paddock_Dinan_10,Output,Output/figures/C1_veg_regime_paddock_Dinan_10_data.png,Output/figures/C1_veg_regime_paddock_Dinan_10_data.png,taskM_gateC,2026-07-24T00:00:00+00:00,1,1,8f917f1f43211519fdaba8b4b12392d6e905847d38a4cb4d76d73894eb6f2d10,paddock_checkerboard,0
figure_asset,figure_c1_veg_regime_paddock_Dinan_12,Output,Output/figures/C1_veg_regime_paddock_Dinan_12_data.png,Output/figures/C1_veg_regime_paddock_Dinan_12_data.png,taskM_gateC,2026-07-24T00:00:00+00:00,1,1,7b071f1028b56a332b2506d86de48d8487e3935f5ff032693d1b7063547753cc,paddock_checkerboard,0
figure_asset,figure_c1_veg_regime_paddock_Dinan_1,Output,Output/figures/C1_veg_regime_paddock_Dinan_1_data.png,Output/figures/C1_veg_regime_paddock_Dinan_1_data.png,taskM_gateC,2026-07-24T00:00:00+00:00,1,1,af96ae18b21981e7b134ab77d0ccb9259dff5ff815939b25022c315f12861563,paddock_checkerboard,0
figure_asset,figure_c1_veg_regime_paddock_Dinan_3,Output,Output/figures/C1_veg_regime_paddock_Dinan_3_data.png,Output/figures/C1_veg_regime_paddock_Dinan_3_data.png,taskM_gateC,2026-07-24T00:00:00+00:00,1,1,2e22666c0b5d3ea499f95746dba335932ca4e0e69fe049904c2f7940c1e43fd0,paddock_checkerboard,0
figure_asset,figure_c1_veg_regime_paddock_Dinan_6,Output,Output/figures/C1_veg_regime_paddock_Dinan_6_data.png,Output/figures/C1_veg_regime_paddock_Dinan_6_data.png,taskM_gateC,2026-07-24T00:00:00+00:00,1,1,d525dbea86b8b5230197bd58ee9f4a7caa19b56003ef7b563c260bd2f2754d6d,paddock_checkerboard,0
figure_asset,figure_c1_veg_regime_paddock_Dinan_8,Output,Output/figures/C1_veg_regime_paddock_Dinan_8_data.png,Output/figures/C1_veg_regime_paddock_Dinan_8_data.png,taskM_gateC,2026-07-24T00:00:00+00:00,1,1,2fc969a2bfc2960ce2bc336a9e8dc238497f6fa1caf704f9deace989b071a708,paddock_checkerboard,0
figure_asset,figure_c1_veg_regime_paddock_Mara_13,Output,Output/figures/C1_veg_regime_paddock_Mara_13_data.png,Output/figures/C1_veg_regime_paddock_Mara_13_data.png,taskM_gateC,2026-07-24T00:00:00+00:00,1,1,8654beb7328132606639c59e1ab8a03b841c96e24cd0d9a72220b0be635780e3,paddock_checkerboard,0
figure_asset,figure_c1_veg_regime_paddock_Mara_21,Output,Output/figures/C1_veg_regime_paddock_Mara_21_data.png,Output/figures/C1_veg_regime_paddock_Mara_21_data.png,taskM_gateC,2026-07-24T00:00:00+00:00,1,1,7effd46e68978bd64c843737a5b4c5886c326f0355e4144aa7137810aa61220d,paddock_checkerboard,0
figure_asset,figure_c1_veg_regime_paddock_Mara_7,Output,Output/figures/C1_veg_regime_paddock_Mara_7_data.png,Output/figures/C1_veg_regime_paddock_Mara_7_data.png,taskM_gateC,2026-07-24T00:00:00+00:00,1,1,224a2e92b8beb418136d0b4c1986bc724566568e09e062eea9ac413b165535c3,paddock_checkerboard,0
figure_asset,figure_c1_veg_regime_paddock_Mara_8,Output,Output/figures/C1_veg_regime_paddock_Mara_8_data.png,Output/figures/C1_veg_regime_paddock_Mara_8_data.png,taskM_gateC,2026-07-24T00:00:00+00:00,1,1,41ef9b12bc1885f675c4eacdb044bb31244e0ed8d4b0c07dbc1a9551457a3e94,paddock_checkerboard,0
figure_asset,figure_taskJ_F1,Output,Output/figures/maps/task_J/J-F1_2018_difference_map.png,Output/figures/maps/task_J/J-F1_2018_difference_map.png,taskM_gateC,2026-07-24T00:00:00+00:00,1,1,bc793d149e4c55fdbfa90c6c0a5506c56999cbcd793ac5255a413f6bb2a12301,task_J_bank_cut,0
figure_asset,figure_taskJ_F2,Output,Output/figures/maps/task_J/J-F2_placebo_ladder_six_panel.png,Output/figures/maps/task_J/J-F2_placebo_ladder_six_panel.png,taskM_gateC,2026-07-24T00:00:00+00:00,1,1,23f2d46ab5782920ab46dbd0be9fd1cdd3dba714345cfb6f85aae8326f9fff8d,task_J_bank_cut,0
figure_asset,figure_taskM_M1_percentile_maps,Output,Output/figures/M1_veg_percentile_maps_p05_p50.png,Output/figures/M1_veg_percentile_maps_p05_p50.png,taskM_gateD,2026-07-24T00:00:00+00:00,1,1,9ecd73cca81d0135464c4a6ecb5b55c40125580577a7325324ccdcf632a81ab2,census_map,0
figure_asset,figure_taskM_M2_all_pixel_method,Output,Output/figures/M2_all_pixel_method.png,Output/figures/M2_all_pixel_method.png,taskM_gateD,2026-07-24T00:00:00+00:00,1,1,47dc695cef0887dccaac39b559fe87d527db2ad6e33af607a6df5a77ddd076a5,method_schematic,0
figure_asset,figure_taskJ_F3,Output,Output/figures/plots/task_J/J-F3_the_law.png,Output/figures/plots/task_J/J-F3_the_law.png,taskM_gateD,2026-07-24T00:00:00+00:00,1,1,ca7d284c0b4862584a3c58d37d8bb229395df8e3bf736877a3a95aa8188c06ce,task_J_bank_cut,0
figure_asset,figure_taskJ_F4,Output,Output/figures/plots/task_J/J-F4_annual_series.png,Output/figures/plots/task_J/J-F4_annual_series.png,taskM_gateD,2026-07-24T00:00:00+00:00,1,1,49f3f03eb5ce43326a0af9a51aebe702c587b6c805fc04e9141b08abcdfaf035,task_J_bank_cut,0
figure_asset,figure_t1_a0_zone_layer_extent,Output,Output/figures/diagnostics/T1_A0_zone_layer_extent.png,Output/figures/diagnostics/T1_A0_zone_layer_extent.png,T1_gateB1,,1,1,a0c764a04d4451606035bc6f84465ef9e041cb58ca57a66dae8800a7c38c33c9,zone_diagnostics,0
figure_asset,figure_t1_a_zone_map_named,Output,Output/figures/diagnostics/T1_A_zone_map_named.png,Output/figures/diagnostics/T1_A_zone_map_named.png,T1_gateB1,,1,1,a7bdeceb3e14c19aad9c85bf0428c4e1b173ba3fedeb1d18adbe6aa6dc8d1392,zone_diagnostics,0
figure_asset,figure_t1_a_identity_margin,Output,Output/figures/diagnostics/T1_A_identity_margin.png,Output/figures/diagnostics/T1_A_identity_margin.png,T1_gateB1,,1,1,6b599b043e361b399ccb5e0efd4335bf0f65939a198ce985345100d266e54463,zone_diagnostics,0
figure_asset,figure_t1_b_area_source_vs_computed,Output,Output/figures/diagnostics/T1_B_area_source_vs_computed.png,Output/figures/diagnostics/T1_B_area_source_vs_computed.png,T1_gateB1,,1,1,6367b223039bb624b93771378b6d566a888f21f44719f91ad4646d683c2a561e,zone_diagnostics,0
figure_asset,figure_t1_c_pixel_assignment_map,Output,Output/figures/diagnostics/T1_C_pixel_assignment_map.png,Output/figures/diagnostics/T1_C_pixel_assignment_map.png,T1_gateC,2026-07-26T00:00:00+00:00,1,1,f59ffbd5791a104c200a41a9ab0c5e9bcff8ef78579e208bc00a4fb0ada946a4,zone_diagnostics,0
figure_asset,figure_t1_c_reconciliation_bar,Output,Output/figures/diagnostics/T1_C_reconciliation_bar.png,Output/figures/diagnostics/T1_C_reconciliation_bar.png,T1_gateC,2026-07-26T00:00:00+00:00,1,1,f8d5347ca7fc79590a5b071edee5b597ce3b2e45928960cce08a9010b813cc48,zone_diagnostics,0
figure_asset,figure_t1_d_matched_contrast,Output,Output/figures/diagnostics/T1_D_matched_contrast.png,Output/figures/diagnostics/T1_D_matched_contrast.png,T1_gateD,2026-07-27T00:00:00+00:00,1,1,47d83c710ec9a9526d1d612a4da95b30e1314d0482e8bd92f2d474cb774b6ed8,zone_diagnostics,0
figure_asset,figure_t2_a_stack_alignment,Output,Output/figures/diagnostics/T2_A_stack_alignment.png,Output/figures/diagnostics/T2_A_stack_alignment.png,T2_gateA,,1,1,5bc190f2bdeb7373957ba22193980d1649cbd1e772b9069bed3c81adc5189a2f,zone_diagnostics,0
figure_asset,figure_t2_e_paddock_trajectories,Output,Output/figures/diagnostics/T2_E_paddock_trajectories.png,Output/figures/diagnostics/T2_E_paddock_trajectories.png,T2_gateE,,1,1,df595f9191fc9ea360a1f9a354b2e4433ef822f6d20bdd501c5e654b0d92bc68,zone_diagnostics,0
figure_asset,figure_t2_e_paddock_trajectories_mean,Output,Output/figures/diagnostics/T2_E_paddock_trajectories_mean.png,Output/figures/diagnostics/T2_E_paddock_trajectories_mean.png,T2_gateE,,1,1,4ea11f33241353487fdb2747f2b1ab75fe0ae3dc7acffd20379c05d6f4a0c6e7,zone_diagnostics,0
figure_asset,figure_t2_b2_duration_map,Output,Output/figures/diagnostics/T2_B2_duration_map.png,Output/figures/diagnostics/T2_B2_duration_map.png,T2_gateB2,,1,1,8362c9d69c4da5ffee90e8c30f2b70b39d0cef5ee3fe453da63189ae0f44b995,zone_diagnostics,0
figure_asset,figure_t2_f_gap_decomposition,Output,Output/figures/diagnostics/T2_F_gap_decomposition.png,Output/figures/diagnostics/T2_F_gap_decomposition.png,T2_gateF,,1,1,3db25902e2fd690be4f17e4f81a813e6eb156949549a1e48ff04e845dcbf1717,zone_diagnostics,0
figure_asset,figure_t2_g_plot_paddock_coverage,Output,Output/figures/diagnostics/T2_G_plot_paddock_coverage.png,Output/figures/diagnostics/T2_G_plot_paddock_coverage.png,T2_gateG,,1,1,b9fa880d4b97d0590067538285ca36a7bdf73af4b0e59194163c9194682dc781,zone_diagnostics,0
figure_asset,figure_t6_a_three_arm_grid,Output,Output/figures/diagnostics/T6_A_three_arm_grid.png,Output/figures/diagnostics/T6_A_three_arm_grid.png,T6_gateE,,1,1,c449ab448367f73edb4b146af45887198417adb60a8ab7bd7ae1d9f614e8e056,zone_diagnostics,0
figure_asset,figure_t6_b_three_arm_mean,Output,Output/figures/diagnostics/T6_B_three_arm_mean.png,Output/figures/diagnostics/T6_B_three_arm_mean.png,T6_gateE,,1,1,ba39835e79e3c16da1c5ca0457a2c20529b669a79931f9c299316b173ab6b8db,zone_diagnostics,0
figure_asset,figure_t6_a_three_arm_deck,Output,Output/figures/diagnostics/T6_A_three_arm_deck.png,Output/figures/diagnostics/T6_A_three_arm_deck.png,T6_gateE,,1,1,9d128118f371a10260f507cd317931e5ab23fc56257d642841c590c780693309,zone_diagnostics,0
figure_asset,T12_DEA_gateC_persistence_full,repo-root figures,figures/diagnostics/T12_DEA_persistence_fraction_full_1988_2025.png,figures/diagnostics/T12_DEA_persistence_fraction_full_1988_2025.png,T12_gateC,,1,0,96d40b4baea123281de7de648cc7227ae57fc0bae0ddbc399ed9f925a2b566ce,dea_landcover,0
figure_asset,T12_DEA_gateC_persistence_pilot,repo-root figures,figures/diagnostics/T12_DEA_persistence_fraction_pilot_8yr.png,figures/diagnostics/T12_DEA_persistence_fraction_pilot_8yr.png,T12_gateC,,1,0,27745f43fdd23dce23c4e1277ea90de6f63032127d82d6b5aa0f7201061e5bdd,dea_landcover,0
figure_asset,T12_DEA_gateC_farm_ctv_vs_flood_veg,repo-root figures,figures/diagnostics/T12_DEA_farm_ctv_vs_flood_veg_1988_2025.png,figures/diagnostics/T12_DEA_farm_ctv_vs_flood_veg_1988_2025.png,T12_gateC,,1,0,9603f00bf88a11b41f2af4b7a84d9f30766446a80cd1ede68b42024a6ca85b5d,dea_landcover,0
figure_asset,T12_DEA_gateC_positive_control,repo-root figures,figures/diagnostics/T12_DEA_positive_control.png,figures/diagnostics/T12_DEA_positive_control.png,T12_gateC,,1,0,46a000ed95fa187b39d6168a3334d73949c1943bdb9f4c47fd609fdafb4c69d1,dea_landcover,0
figure_asset,T12_DEA_sensor_era_gap,repo-root figures,figures/diagnostics/T12_DEA_sensor_era_gap.png,figures/diagnostics/T12_DEA_sensor_era_gap.png,T12_close,,1,0,8813d331824707e8df01e3efb0930c172409a2b4c176d38ec79d4da810c797f3,dea_landcover,0
figure_asset,T12_DEA_persistence_map,repo-root figures,figures/diagnostics/T12_DEA_persistence_map.png,figures/diagnostics/T12_DEA_persistence_map.png,T12_close,,1,0,10a2168a84fcbf23641c6fd7e05a9f37d037da379985249a063365dccbd12eb2,dea_landcover,0
figure_asset,T12_DEA_class_snapshots,repo-root figures,figures/diagnostics/T12_DEA_class_snapshots.png,figures/diagnostics/T12_DEA_class_snapshots.png,T12_close,,1,0,249f7bbb765dc4620e78623b822e57585dff7dc2ad3bad04f74c9ddbb8df0990,dea_landcover,0
figure_asset,figure_t13_d1_part_state_map_and_scatter,Output,Output/figures/T13_D1_part_state_map_and_scatter.png,Output/figures/T13_D1_part_state_map_and_scatter.png,T13_gateD_20260730,,1,1,85502c156e81e825b0733db4d98a2f226c2c9498609da5badd30972c2f6472ef,zone_diagnostics,0
figure_asset,figure_t13_d2_part_state_map_sensitivity,Output,Output/figures/T13_D2_part_state_map_sensitivity.png,Output/figures/T13_D2_part_state_map_sensitivity.png,T13_gateD_20260730,,1,1,858b6ee846ad5a6538b311b685810d455178529d56e4db5a7eee3685e04497cc,zone_diagnostics,0
figure_asset,figure_m5_dual_grain_floor_and_flood,Output,Output/figures/M5_dual_grain_floor_and_flood.png,Output/figures/M5_dual_grain_floor_and_flood.png,T11_v2_20260731,,1,1,17069a37565f408992962fbf57f5427146267f68b0562783e97f66a9b6252f60,zone_diagnostics,0
figure_asset,figure_m5b_paddock_residual_from_expectation,Output,Output/figures/M5b_paddock_residual_from_expectation.png,Output/figures/M5b_paddock_residual_from_expectation.png,T11_v2_20260731,,1,1,aa4a4b57b77e0f19830901689d77b4e9f6b7b6dca136faef38ef2d695065c056,zone_diagnostics,0
figure_asset,figure_t1_conserved_paddock_comparison,Output,Output/figures/T1_conserved_paddock_comparison.png,Output/figures/T1_conserved_paddock_comparison.png,adrian_pack_20260731,,1,1,999e5074a4a6bb9a69aa7fe982552f8f4c67ae88354dd2c1b31ce82ac91b23e3,zone_diagnostics,0
figure_asset,figure_f3_annual_gap_series,Output,Output/figures/F3_annual_gap_series.png,Output/figures/F3_annual_gap_series.png,adrian_pack_20260731,,1,1,7a75a9b8afe22ec3919eede141aa2e5481b96cc359639f365fe2cbf5b781632f,zone_diagnostics,0
figure_asset,figure_f5_cover_vs_water_64_paddocks,Output,Output/figures/F5_cover_vs_water_64_paddocks.png,Output/figures/F5_cover_vs_water_64_paddocks.png,adrian_pack_20260731,,1,1,72fa686516fb146960f1dd7823b9b8bdaebe15e0cc4c3d34e9487c3769ad2cac,zone_diagnostics,0
report_asset,report_00001,Output,Output/reports/README_reports.md,Output/reports/README_reports.md,db_build_20260701_114458,2026-07-01T01:44:58+00:00,1,1,3542c151443d97b3a516965e8126cf65a8835f59467c7f94d19d8380fc83da5d,md,
report_asset,report_00002,Output,Output/reports/MER/flow_mer_repo_comparison_and_raster_plan_20260627.md,Output/reports/MER/flow_mer_repo_comparison_and_raster_plan_20260627.md,db_build_20260701_114458,2026-07-01T01:44:58+00:00,1,1,18681de8c855d503a0c9920e1a4d4263cd56411902d72b49ed88ad0469929aca,md,
report_asset,report_00003,Output,Output/reports/MER/mer_raster_grid_alignment_policy.md,Output/reports/MER/mer_raster_grid_alignment_policy.md,db_build_20260701_114458,2026-07-01T01:44:58+00:00,1,1,1cd3229d6198b822bf6e9ecec4b654a4464e48a21b7999e2bc08b8037abbeda9,md,
report_asset,report_00004,Output,Output/reports/spine_smoke_test/spine_smoke_test_report.md,Output/reports/spine_smoke_test/spine_smoke_test_report.md,db_build_20260701_114458,2026-07-01T01:44:58+00:00,1,1,1992e95b53abc24bc6743565cebc362044d853743ae880bee27e91118a18ff79,md,
report_asset,report_00005,Output,Output/reports/database/Gayini_results_database_build_report.md,Output/reports/database/Gayini_results_database_build_report.md,db_build_20260701_114458,2026-07-01T01:44:58+00:00,1,1,37a11680f095f2cbb2bcfaa18137c5d4149d8a449081f3f2df3e900fdba57a37,md,
report_asset,report_00006,Output,Output/reports/MER/methods_notes/Gayini_MER_raster_methods_note.md,Output/reports/MER/methods_notes/Gayini_MER_raster_methods_note.md,db_build_20260701_114458,2026-07-01T01:44:58+00:00,1,1,d122a878ac5762ea95c2bc3008070834d2b7899f1277256b8ff8cf790c6912b2,md,
report_asset,report_00007,Output,Output/reports/MER/decks/Gayini_MER_analysis_review_deck.pptx,Output/reports/MER/decks/Gayini_MER_analysis_review_deck.pptx,db_build_20260701_114458,2026-07-01T01:44:58+00:00,1,1,cf3a62888242ade27eaacfe71777778eae34f4847a9060ca64ec35abaf659c9d,pptx,
report_asset,report_00008,Output,Output/reports/MER/workbooks/Gayini_MER_analysis_workbook.xlsx,Output/reports/MER/workbooks/Gayini_MER_analysis_workbook.xlsx,db_build_20260701_114458,2026-07-01T01:44:58+00:00,1,1,3e287946e5518f7b4d27b9abd5be19cf4c209ebcacc905d3d83f48ab90622201,xlsx,
report_asset,report_00009,Output,Output/reports/MER/handoffs/task_9_mer_package_handoff.md,Output/reports/MER/handoffs/task_9_mer_package_handoff.md,db_build_20260701_114458,2026-07-01T01:44:58+00:00,1,1,01ca9fef2f86e1579a1a0ee7c1ddff2cb4e080a3a9c5078035f1c50af675be4a,md,
report_asset,report_00010,Output,Output/reports/MER/handoffs/task_10_mer_raster_census_and_smoke_test_handoff.md,Output/reports/MER/handoffs/task_10_mer_raster_census_and_smoke_test_handoff.md,db_build_20260701_114458,2026-07-01T01:44:58+00:00,1,1,064e56942d681068cb26fc80addd829ec124ae0a4797d4dc0029ee4d176965a8,md,
report_asset,report_00011,Output,Output/reports/MER/handoffs/task_12_mer_annual_max_raster_build_handoff.md,Output/reports/MER/handoffs/task_12_mer_annual_max_raster_build_handoff.md,db_build_20260701_114458,2026-07-01T01:44:58+00:00,1,1,0d5ad142e230b27ba1c41c4fe3e52aa72b6cffd0fb362dbf03e3df73ffb9cd5f,md,
report_asset,report_00012,Output,Output/reports/deck_update/story_and_planning/Gayini_presentation_and_workshop_plan_20260615.xlsx,Output/reports/deck_update/story_and_planning/Gayini_presentation_and_workshop_plan_20260615.xlsx,db_build_20260701_114458,2026-07-01T01:44:58+00:00,1,1,efedbb2b245a8ccf5fcd56a85b349a46d208604499e498079707fcb0eae3562e,xlsx,
report_asset,report_00013,Output,Output/reports/deck_update/variables_and_spine/Gayini_master_variable_and_output_register_20260615.xlsx,Output/reports/deck_update/variables_and_spine/Gayini_master_variable_and_output_register_20260615.xlsx,db_build_20260701_114458,2026-07-01T01:44:58+00:00,1,1,66fb7ac5c3aec0a9ebf819463a907c66800607c75f945194597969977a88832a,xlsx,
report_asset,report_00014,Output,Output/reports/code_and_repo_audits/code_refresh/stage1_git_status_report.md,Output/reports/code_and_repo_audits/code_refresh/stage1_git_status_report.md,db_build_20260701_114458,2026-07-01T01:44:58+00:00,1,1,0f2978b96b9321b94369e658c840d5dd34cfae57ed1a200a70fb9ab37e6a38e6,md,
report_asset,report_00015,Output,Output/reports/code_and_repo_audits/code_refresh/stage1_code_refresh_handoff.md,Output/reports/code_and_repo_audits/code_refresh/stage1_code_refresh_handoff.md,db_build_20260701_114458,2026-07-01T01:44:58+00:00,1,1,09f95e08b474a36cc0c576ed26a8a7c5f6f3db882b3357127c24587bc344a279,md,
report_asset,report_00016,Output,Output/reports/code_and_repo_audits/code_refresh/stage1_github_push_report.md,Output/reports/code_and_repo_audits/code_refresh/stage1_github_push_report.md,db_build_20260701_114458,2026-07-01T01:44:58+00:00,1,1,99827ca5dce64908dcd526d603d4c96676136da34fb1e3654041bfc1dbe0df4d,md,
report_asset,report_00017,Output,Output/reports/code_and_repo_audits/code_refresh/stage2_code_refresh_handoff.md,Output/reports/code_and_repo_audits/code_refresh/stage2_code_refresh_handoff.md,db_build_20260701_114458,2026-07-01T01:44:58+00:00,1,1,d67257c825a18b28a6a4b121520a34e8e908e921949e2e850d5c5360b7cc342a,md,
report_asset,report_00018,Output,Output/reports/code_and_repo_audits/code_refresh/stage2_git_status_report.md,Output/reports/code_and_repo_audits/code_refresh/stage2_git_status_report.md,db_build_20260701_114458,2026-07-01T01:44:58+00:00,1,1,64046ff48adb64e18b12a99b69a8d3da6da97463f600c95b1125b71b82c23c31,md,
report_asset,report_00019,Output,Output/reports/code_and_repo_audits/code_refresh/stage2_github_push_report.md,Output/reports/code_and_repo_audits/code_refresh/stage2_github_push_report.md,db_build_20260701_114458,2026-07-01T01:44:58+00:00,1,1,20e35678cc1047929c959aef14dbd1b9c75a82a9f46a3bdcb223b81b70c159de,md,
report_asset,report_00020,Output,Output/reports/code_and_repo_audits/code_refresh/stage3_git_status_report.md,Output/reports/code_and_repo_audits/code_refresh/stage3_git_status_report.md,db_build_20260701_114458,2026-07-01T01:44:58+00:00,1,1,e062365ce00f993584fbb51e51956330e262c38ba08622b2372db9c2de8663ba,md,
report_asset,report_00021,Output,Output/reports/code_and_repo_audits/code_refresh/stage3_code_refresh_handoff.md,Output/reports/code_and_repo_audits/code_refresh/stage3_code_refresh_handoff.md,db_build_20260701_114458,2026-07-01T01:44:58+00:00,1,1,b185ba6e47da29cf17a599d705c08afeb33f3ea04b98bcccca4b42cba0e3a26f,md,
report_asset,report_00022,Output,Output/reports/code_and_repo_audits/code_refresh/stage3_github_push_report.md,Output/reports/code_and_repo_audits/code_refresh/stage3_github_push_report.md,db_build_20260701_114458,2026-07-01T01:44:58+00:00,1,1,abd26e21e50dcf3f2a255be36d596631266a267c73e499208c8f583651e32342,md,
report_asset,report_00023,Output,Output/reports/code_and_repo_audits/code_refresh/stage4_git_status_report.md,Output/reports/code_and_repo_audits/code_refresh/stage4_git_status_report.md,db_build_20260701_114458,2026-07-01T01:44:58+00:00,1,1,78fa1b62786cfbebeb71d5de8c1efeda83c5a020987e8b301e9c9bf755411f11,md,
report_asset,report_00024,Output,Output/reports/code_and_repo_audits/code_refresh/stage4_spine_runner_handoff.md,Output/reports/code_and_repo_audits/code_refresh/stage4_spine_runner_handoff.md,db_build_20260701_114458,2026-07-01T01:44:58+00:00,1,1,f73888fd401e021b312427cdc3174b7484db568c4b0f48adf7a9ad9236da9128,md,
report_asset,report_00025,Output,Output/reports/code_and_repo_audits/code_refresh/stage4_github_push_report.md,Output/reports/code_and_repo_audits/code_refresh/stage4_github_push_report.md,db_build_20260701_114458,2026-07-01T01:44:58+00:00,1,1,00b36d482060f1b6598c4858e6c877ee7d74e13ca799b697779b401e6f8ef986,md,
report_asset,report_00026,Output,Output/reports/code_and_repo_audits/code_refresh/stage5_git_status_report.md,Output/reports/code_and_repo_audits/code_refresh/stage5_git_status_report.md,db_build_20260701_114458,2026-07-01T01:44:58+00:00,1,1,c72f6a0391adc6ebe5dbf6d2704752cd33c619ca9834418066cca3a457597870,md,
report_asset,report_00027,Output,Output/reports/code_and_repo_audits/repo_acceptance/repo_acceptance_audit.md,Output/reports/code_and_repo_audits/repo_acceptance/repo_acceptance_audit.md,db_build_20260701_114458,2026-07-01T01:44:58+00:00,1,1,0f3704a6d9e61a6b3bc2f6d069a021196b0639d1ac90722ec6772e6c303f9c14,md,
report_asset,report_00028,Output,Output/reports/code_and_repo_audits/repo_acceptance/stage5_repo_acceptance_handoff.md,Output/reports/code_and_repo_audits/repo_acceptance/stage5_repo_acceptance_handoff.md,db_build_20260701_114458,2026-07-01T01:44:58+00:00,1,1,d3168e90e799b309b51785d9199684347df0263a0f286e3a49551a04ae3bb2e1,md,
report_asset,report_00029,Output,Output/reports/code_and_repo_audits/repo_acceptance/stage5_github_push_report.md,Output/reports/code_and_repo_audits/repo_acceptance/stage5_github_push_report.md,db_build_20260701_114458,2026-07-01T01:44:58+00:00,1,1,02d896e08490e19d77e0e8218d6bb15f3d81efda65047cc06bab032d0ff9e8ae,md,
report_asset,report_00030,Output,Output/reports/code_and_repo_audits/output_audit/proposed_output_structure.md,Output/reports/code_and_repo_audits/output_audit/proposed_output_structure.md,db_build_20260701_114458,2026-07-01T01:44:58+00:00,1,1,9bb6db171c3732a86992f2c627e4d3441139f6e36c7156bcc189f986e7eccf8f,md,
report_asset,report_00031,Output,Output/reports/code_and_repo_audits/output_audit/stage6_output_audit_handoff.md,Output/reports/code_and_repo_audits/output_audit/stage6_output_audit_handoff.md,db_build_20260701_114458,2026-07-01T01:44:58+00:00,1,1,6164132b0211a8cc8ef9c0766c32d8b1bd86b1664755a62e2342807e12bdc13f,md,
report_asset,report_00032,Output,Output/reports/code_and_repo_audits/output_audit/stage6_git_status_report.md,Output/reports/code_and_repo_audits/output_audit/stage6_git_status_report.md,db_build_20260701_114458,2026-07-01T01:44:58+00:00,1,1,c137f35fc28dfbfc82f4b8a7ae42d75919d71448d2ae1babb794a49af062e586,md,
report_asset,report_00033,Output,Output/reports/code_and_repo_audits/output_audit/output_cleanup_dry_run_report.md,Output/reports/code_and_repo_audits/output_audit/output_cleanup_dry_run_report.md,db_build_20260701_114458,2026-07-01T01:44:58+00:00,1,1,c128b742dfdf2b5a712526ae4f02157518d36cb9ede79d3574ff35e622de9f98,md,
report_asset,report_00034,Output,Output/reports/code_and_repo_audits/output_audit/output_cleanup_execution_report.md,Output/reports/code_and_repo_audits/output_audit/output_cleanup_execution_report.md,db_build_20260701_114458,2026-07-01T01:44:58+00:00,1,1,8dea319fd56ad9ade4025100b46588acb9a471c26aa0034480a6e9ee801c97d1,md,
report_asset,report_00035,Output,Output/diagnostics/check_curated_outputs/codex_handoff_report.md,Output/diagnostics/check_curated_outputs/codex_handoff_report.md,db_build_20260701_114458,2026-07-01T01:44:58+00:00,1,1,d680795621ef34c2e1ed38518ff580825208ea153051023dfb5cfaa176e7032f,md,
report_asset,report_00036,Output,Output/diagnostics/check_prepost_inundation_raster_outputs/codex_handoff_report.md,Output/diagnostics/check_prepost_inundation_raster_outputs/codex_handoff_report.md,db_build_20260701_114458,2026-07-01T01:44:58+00:00,1,1,d597499babeb87eeb9ba081c4bfaf554a4d434c845cd0dd2aed3b05a0cd51d2d,md,
report_asset,report_00037,Output,Output/diagnostics/ground_cover/prepost_response/codex_handoff_report.md,Output/diagnostics/ground_cover/prepost_response/codex_handoff_report.md,db_build_20260701_114458,2026-07-01T01:44:58+00:00,1,1,5b74b2ed29a3ce31ce9978e71b94aa9e32871fd242bab9439d77800881481a0b,md,
report_asset,report_00038,Output,Output/diagnostics/ground_cover/prepost_figures/codex_handoff_report.md,Output/diagnostics/ground_cover/prepost_figures/codex_handoff_report.md,db_build_20260701_114458,2026-07-01T01:44:58+00:00,1,1,cb44719da028ab1b2043231ad41d53ff4df8e1a633b9211ac7dab5856aa32e72,md,
report_asset,report_gateE_resp_stratum,Output,Output/diagnostics/tier2H_g1b_census_veg_wet_response_by_stratum.csv,Output/diagnostics/tier2H_g1b_census_veg_wet_response_by_stratum.csv,gateE_20260721,,1,1,5cfd6769ac10ca6416cdeb253f4e272f953a45d2e425df8064034a8c4c0c9765,census_response_table,
report_asset,report_gateE_resp_community,Output,Output/diagnostics/tier2H_g1b_census_veg_wet_response_by_community.csv,Output/diagnostics/tier2H_g1b_census_veg_wet_response_by_community.csv,gateE_20260721,,1,1,51138f33cc9aa64c386f06073c2c732098f0a2fb0c9ab3b3c52128256730db7b,census_response_table,
report_asset,report_taskJ_gate2_2018_assertions,Output,Output/tables/task_J_gate2_2018_assertions.csv,Output/tables/task_J_gate2_2018_assertions.csv,taskM_gateC,2026-07-24T00:00:00+00:00,1,1,5aa0c3d5b252a9a63f64f680bf2bd6f32ebfd8a6501eca438e8b7aa26782218e,evidence_table,0
report_asset,report_taskJ_gate2_2018_by_community,Output,Output/tables/task_J_gate2_2018_by_community.csv,Output/tables/task_J_gate2_2018_by_community.csv,taskM_gateC,2026-07-24T00:00:00+00:00,1,1,bbd06eb362a37f2b392bc05dc870bb1ac39004e6b8bb82c493b1edee8fc4c10c,evidence_table,0
report_asset,report_taskJ_gate2_2018_summary,Output,Output/tables/task_J_gate2_2018_summary.csv,Output/tables/task_J_gate2_2018_summary.csv,taskM_gateC,2026-07-24T00:00:00+00:00,1,1,c30e0d0f55528b871d9e2bbaf412969f77634acc815753a4b4ff18220710921e,evidence_table,0
report_asset,report_taskJ_gate3_assertions,Output,Output/tables/task_J_gate3_assertions.csv,Output/tables/task_J_gate3_assertions.csv,taskM_gateC,2026-07-24T00:00:00+00:00,1,1,620fdba0470d59248ef65f3bae4885daaac3f92c2b7a125d664f23e16b8ee8c6,evidence_table,0
report_asset,report_taskJ_gate3_J_T1,Output,Output/tables/task_J_gate3_J_T1.csv,Output/tables/task_J_gate3_J_T1.csv,taskM_gateC,2026-07-24T00:00:00+00:00,1,1,2f6b68f3725f813949c7e423de55cee402cccad9fa77ec2775976c023909888a,evidence_table,0
report_asset,report_taskJ_gate3_shape_vs_reference,Output,Output/tables/task_J_gate3_shape_vs_reference.csv,Output/tables/task_J_gate3_shape_vs_reference.csv,taskM_gateC,2026-07-24T00:00:00+00:00,1,1,5ede13b25eb9127a71fe20557f901d33f5a27795f397a94fd7ddb11f68a3f664,evidence_table,0
report_asset,report_taskJ_gate4_heteroscedasticity,Output,Output/tables/task_J_gate4_heteroscedasticity.csv,Output/tables/task_J_gate4_heteroscedasticity.csv,taskM_gateC,2026-07-24T00:00:00+00:00,1,1,783ccb719f7507656256b95cc092a8564da46b948df8904c6684740d6d4df5a5,evidence_table,0
report_asset,report_taskJ_gate4_law_summary,Output,Output/tables/task_J_gate4_law_summary.csv,Output/tables/task_J_gate4_law_summary.csv,taskM_gateC,2026-07-24T00:00:00+00:00,1,1,bfd1506d0c79543e505ea1489262a376b0862a79d5a6e42f28ebf2a7f3ee3d25,evidence_table,0
report_asset,report_taskJ_gate4_raster_assertions,Output,Output/tables/task_J_gate4_raster_assertions.csv,Output/tables/task_J_gate4_raster_assertions.csv,taskM_gateC,2026-07-24T00:00:00+00:00,1,1,d2de4568efcd06fafb59149d5639a6754c728a3aea0fb0d77c5f90a1d65722e5,evidence_table,0
report_asset,report_taskJ_gate4_residual_ranking,Output,Output/tables/task_J_gate4_residual_ranking.csv,Output/tables/task_J_gate4_residual_ranking.csv,taskM_gateC,2026-07-24T00:00:00+00:00,1,1,5d9fb31285a29a9bcde90203527055a41a62ce852bb035bb3181dff53814cddc,evidence_table,0
report_asset,report_census_summary_community_flood_freq_means,Output,Output/census/summaries/census_community_flood_freq_means.csv,Output/census/summaries/census_community_flood_freq_means.csv,taskM_gateC,2026-07-24T00:00:00+00:00,1,1,3914eaf7ca00a61b7ab1e61dbc63d780f7aeb1f99ebbea6adf5359558cae64f7,census_summary_table,0
report_asset,report_census_summary_flood_zone_by_community,Output,Output/census/summaries/census_flood_zone_by_community.csv,Output/census/summaries/census_flood_zone_by_community.csv,taskM_gateC,2026-07-24T00:00:00+00:00,1,1,8d73271ff4e2a64f8df3619a40cc68a04b8077da31953f3ac557dd34762cb549,census_summary_table,0
report_asset,report_census_summary_percentile_by_community,Output,Output/census/summaries/census_percentile_by_community.csv,Output/census/summaries/census_percentile_by_community.csv,taskM_gateC,2026-07-24T00:00:00+00:00,1,1,af475a2205d6a4456c6252db159bfeafcd03a0244cd38f68e638400f516fb9e2,census_summary_table,0
report_asset,report_census_f6_verdicts,Output,Output/diagnostics/tier2H_h32_census_f6_verdicts.csv,Output/diagnostics/tier2H_h32_census_f6_verdicts.csv,taskM_gateC,2026-07-24T00:00:00+00:00,1,1,40cb11c4be4fae3ad5ac5b85a8a84c16829748be9f64362a02abba348e04c9a1,evidence_table,0
report_asset,report_green_at_floor_substrate,Output,Output/diagnostics/tier2H_h2_green_fraction_at_floor.csv,Output/diagnostics/tier2H_h2_green_fraction_at_floor.csv,taskM_gateC,2026-07-24T00:00:00+00:00,1,1,7ee06a2ec9981ee7bd8e93a82a13f955df9661272dbeaae586ca4b156c77126b,evidence_table,0
report_asset,report_green_at_floor_area_scratch,Output,Output/diagnostics/ondisk_review_20260720/refugia_area_check.csv,Output/diagnostics/ondisk_review_20260720/refugia_area_check.csv,taskM_gateC,2026-07-24T00:00:00+00:00,1,1,555bd89cbd462ceb5324f809afd3bcc9f1fe7bb8bf7b8289ddaa5af9a38e30f1,evidence_table,0
report_asset,report_green_at_floor_area,Output,Output/tables/taskM_green_at_floor_area.csv,Output/tables/taskM_green_at_floor_area.csv,taskM_gateC,2026-07-24T00:00:00+00:00,1,1,2e5a8b7f3c2f2a7f7000d1e56c6cfaa631560370de4b9f36842645eac905168a,evidence_table,0
report_asset,report_taskM_gateD_p05_distribution,Output,Output/tables/taskM_gateD_veg_p05_distribution.csv,Output/tables/taskM_gateD_veg_p05_distribution.csv,taskM_gateD,2026-07-24T00:00:00+00:00,1,1,ef690e82ddf3abf1c80a92ab2e54674b5156d75d31ac8f7dffa5b6adae686bd6,evidence_table,0
report_asset,report_taskM_gateD_p05_ge80_contiguity,Output,Output/tables/taskM_gateD_p05_ge80_contiguity.csv,Output/tables/taskM_gateD_p05_ge80_contiguity.csv,taskM_gateD,2026-07-24T00:00:00+00:00,1,1,894cdacfadbeb966b8d3e5badc4c828bc178e67cda89aabea6dff0ab806049bc,evidence_table,0
raster_asset,raster_00001,Output,Output/rasters/inundation_pre_post/pre_conservation_inundation_frequency_pct.tif,Output/rasters/inundation_pre_post/pre_conservation_inundation_frequency_pct.tif,db_build_20260701_114458,2026-07-01T01:44:58+00:00,1,1,9806d5a44eb680defe3b56001482ebdc324ddbed6c59e529201fe12e1caece24,landsat_inundation,1
raster_asset,raster_00002,Output,Output/rasters/inundation_pre_post/pre_conservation_wet_year_count.tif,Output/rasters/inundation_pre_post/pre_conservation_wet_year_count.tif,db_build_20260701_114458,2026-07-01T01:44:58+00:00,1,1,fe24e5c90b15e99f1e4d815984d916249611dd4141069bc9ce49b181182ad29a,landsat_inundation,1
raster_asset,raster_00003,Output,Output/rasters/inundation_pre_post/pre_conservation_valid_year_count.tif,Output/rasters/inundation_pre_post/pre_conservation_valid_year_count.tif,db_build_20260701_114458,2026-07-01T01:44:58+00:00,1,1,57ca548d66965583c06b518df468d9740ba6aae7375684f1b18dcf260d9904e9,landsat_inundation,1
raster_asset,raster_00004,Output,Output/rasters/inundation_pre_post/post_conservation_inundation_frequency_pct.tif,Output/rasters/inundation_pre_post/post_conservation_inundation_frequency_pct.tif,db_build_20260701_114458,2026-07-01T01:44:58+00:00,1,1,c5066896b7174de444d020d91cba058af2174ac480c554b1b5404b57ddc2537a,landsat_inundation,1
raster_asset,raster_00005,Output,Output/rasters/inundation_pre_post/post_conservation_wet_year_count.tif,Output/rasters/inundation_pre_post/post_conservation_wet_year_count.tif,db_build_20260701_114458,2026-07-01T01:44:58+00:00,1,1,6f81b793b943f20b274b702c04d363aaaf3c9b4db9cf779fd69ffa20dcaf9a03,landsat_inundation,1
raster_asset,raster_00006,Output,Output/rasters/inundation_pre_post/post_conservation_valid_year_count.tif,Output/rasters/inundation_pre_post/post_conservation_valid_year_count.tif,db_build_20260701_114458,2026-07-01T01:44:58+00:00,1,1,72ff888e7c33fbb0b5520b7e333941c10fbe0a769a0db39b2021d676a2a7603f,landsat_inundation,1
raster_asset,raster_00007,Output,Output/rasters/inundation_pre_post/post_minus_pre_inundation_frequency_pct_points.tif,Output/rasters/inundation_pre_post/post_minus_pre_inundation_frequency_pct_points.tif,db_build_20260701_114458,2026-07-01T01:44:58+00:00,1,1,4c5a81d2854b5faddf86b19341b6e68afd92b16b313226e1ae047400e90be25c,landsat_inundation,1
raster_asset,raster_00008,Output,Output/rasters/inundation_pre_post/annual/annual_inundated_any_post_conservation__2020.tif,Output/rasters/inundation_pre_post/annual/annual_inundated_any_post_conservation__2020.tif,db_build_20260701_114458,2026-07-01T01:44:58+00:00,1,1,c3748652e3376c112608f322a0f064e535b6d1e7598601200b9faefafb44841b,landsat_inundation,1
raster_asset,raster_00009,Output,Output/rasters/inundation_pre_post/annual/annual_valid_any_post_conservation__2020.tif,Output/rasters/inundation_pre_post/annual/annual_valid_any_post_conservation__2020.tif,db_build_20260701_114458,2026-07-01T01:44:58+00:00,1,1,34f1452baf543a9ecf74963d52684a3c758b71e6de0b9f056e9c620f189a5f9d,landsat_inundation,1
raster_asset,raster_00010,Output,Output/rasters/inundation_pre_post/annual/annual_inundated_any_post_conservation__2021.tif,Output/rasters/inundation_pre_post/annual/annual_inundated_any_post_conservation__2021.tif,db_build_20260701_114458,2026-07-01T01:44:58+00:00,1,1,dd532696754e1d2fa68e4e85044d28917fd4a3f6cf1b5d87d9b0e1cbdf361ccc,landsat_inundation,1
raster_asset,raster_00011,Output,Output/rasters/inundation_pre_post/annual/annual_valid_any_post_conservation__2021.tif,Output/rasters/inundation_pre_post/annual/annual_valid_any_post_conservation__2021.tif,db_build_20260701_114458,2026-07-01T01:44:58+00:00,1,1,34f1452baf543a9ecf74963d52684a3c758b71e6de0b9f056e9c620f189a5f9d,landsat_inundation,1
raster_asset,raster_00012,Output,Output/rasters/inundation_pre_post/annual/annual_inundated_any_post_conservation__2022.tif,Output/rasters/inundation_pre_post/annual/annual_inundated_any_post_conservation__2022.tif,db_build_20260701_114458,2026-07-01T01:44:58+00:00,1,1,31b12672e16f56e7711d02176d9ee9055105630ff04620b1cb0391a84a3d6863,landsat_inundation,1
raster_asset,raster_00013,Output,Output/rasters/inundation_pre_post/annual/annual_valid_any_post_conservation__2022.tif,Output/rasters/inundation_pre_post/annual/annual_valid_any_post_conservation__2022.tif,db_build_20260701_114458,2026-07-01T01:44:58+00:00,1,1,34f1452baf543a9ecf74963d52684a3c758b71e6de0b9f056e9c620f189a5f9d,landsat_inundation,1
raster_asset,raster_00014,Output,Output/rasters/inundation_pre_post/annual/annual_inundated_any_post_conservation__2023.tif,Output/rasters/inundation_pre_post/annual/annual_inundated_any_post_conservation__2023.tif,db_build_20260701_114458,2026-07-01T01:44:58+00:00,1,1,eaf41688969184ee279ed7d033187fd6c8d64ecdb95908dea186238d538ba7d2,landsat_inundation,1
raster_asset,raster_00015,Output,Output/rasters/inundation_pre_post/annual/annual_valid_any_post_conservation__2023.tif,Output/rasters/inundation_pre_post/annual/annual_valid_any_post_conservation__2023.tif,db_build_20260701_114458,2026-07-01T01:44:58+00:00,1,1,34f1452baf543a9ecf74963d52684a3c758b71e6de0b9f056e9c620f189a5f9d,landsat_inundation,1
raster_asset,raster_00016,Output,Output/rasters/inundation_pre_post/annual/annual_inundated_any_post_conservation__2024.tif,Output/rasters/inundation_pre_post/annual/annual_inundated_any_post_conservation__2024.tif,db_build_20260701_114458,2026-07-01T01:44:58+00:00,1,1,2ec1450eeb7795579f83a54d711163d8845e66a83af6bcd800e4a02c1431219d,landsat_inundation,1
raster_asset,raster_00017,Output,Output/rasters/inundation_pre_post/annual/annual_valid_any_post_conservation__2024.tif,Output/rasters/inundation_pre_post/annual/annual_valid_any_post_conservation__2024.tif,db_build_20260701_114458,2026-07-01T01:44:58+00:00,1,1,34f1452baf543a9ecf74963d52684a3c758b71e6de0b9f056e9c620f189a5f9d,landsat_inundation,1
raster_asset,raster_00018,Output,Output/rasters/inundation_pre_post/annual/annual_inundated_any_post_conservation__2025.tif,Output/rasters/inundation_pre_post/annual/annual_inundated_any_post_conservation__2025.tif,db_build_20260701_114458,2026-07-01T01:44:58+00:00,1,1,e3963aab1b56903ed637dd94045ee676705a49fe2e1bffc4ec9cfa3c297831a4,landsat_inundation,1
raster_asset,raster_00019,Output,Output/rasters/inundation_pre_post/annual/annual_valid_any_post_conservation__2025.tif,Output/rasters/inundation_pre_post/annual/annual_valid_any_post_conservation__2025.tif,db_build_20260701_114458,2026-07-01T01:44:58+00:00,1,1,34f1452baf543a9ecf74963d52684a3c758b71e6de0b9f056e9c620f189a5f9d,landsat_inundation,1
raster_asset,raster_00020,Output,Output/rasters/inundation_pre_post/annual/annual_inundated_any_pre_conservation__2014.tif,Output/rasters/inundation_pre_post/annual/annual_inundated_any_pre_conservation__2014.tif,db_build_20260701_114458,2026-07-01T01:44:58+00:00,1,1,a05e684918a1b545ead6e11b52b59f0be06386da3788b712df00e02f0421b329,landsat_inundation,1
raster_asset,raster_00021,Output,Output/rasters/inundation_pre_post/annual/annual_valid_any_pre_conservation__2014.tif,Output/rasters/inundation_pre_post/annual/annual_valid_any_pre_conservation__2014.tif,db_build_20260701_114458,2026-07-01T01:44:58+00:00,1,1,34f1452baf543a9ecf74963d52684a3c758b71e6de0b9f056e9c620f189a5f9d,landsat_inundation,1
raster_asset,raster_00022,Output,Output/rasters/inundation_pre_post/annual/annual_inundated_any_pre_conservation__2015.tif,Output/rasters/inundation_pre_post/annual/annual_inundated_any_pre_conservation__2015.tif,db_build_20260701_114458,2026-07-01T01:44:58+00:00,1,1,aebbb4b4a496daeadf6d830eab554c560c6de50ec26a475a3a5e64dd5d8b5b9c,landsat_inundation,1
raster_asset,raster_00023,Output,Output/rasters/inundation_pre_post/annual/annual_valid_any_pre_conservation__2015.tif,Output/rasters/inundation_pre_post/annual/annual_valid_any_pre_conservation__2015.tif,db_build_20260701_114458,2026-07-01T01:44:58+00:00,1,1,34f1452baf543a9ecf74963d52684a3c758b71e6de0b9f056e9c620f189a5f9d,landsat_inundation,1
raster_asset,raster_00024,Output,Output/rasters/inundation_pre_post/annual/annual_inundated_any_pre_conservation__2016.tif,Output/rasters/inundation_pre_post/annual/annual_inundated_any_pre_conservation__2016.tif,db_build_20260701_114458,2026-07-01T01:44:58+00:00,1,1,6597e489296567a9fa21fc755ef93a7eaf4a9afb4b16eb1230b0cbe4cfd721aa,landsat_inundation,1
raster_asset,raster_00025,Output,Output/rasters/inundation_pre_post/annual/annual_valid_any_pre_conservation__2016.tif,Output/rasters/inundation_pre_post/annual/annual_valid_any_pre_conservation__2016.tif,db_build_20260701_114458,2026-07-01T01:44:58+00:00,1,1,34f1452baf543a9ecf74963d52684a3c758b71e6de0b9f056e9c620f189a5f9d,landsat_inundation,1
raster_asset,raster_00026,Output,Output/rasters/inundation_pre_post/annual/annual_inundated_any_pre_conservation__2017.tif,Output/rasters/inundation_pre_post/annual/annual_inundated_any_pre_conservation__2017.tif,db_build_20260701_114458,2026-07-01T01:44:58+00:00,1,1,927533d33fa6c18d4455c855c8b5d1d9e822b47e2f361c13e95c37d7ef859508,landsat_inundation,1
raster_asset,raster_00027,Output,Output/rasters/inundation_pre_post/annual/annual_valid_any_pre_conservation__2017.tif,Output/rasters/inundation_pre_post/annual/annual_valid_any_pre_conservation__2017.tif,db_build_20260701_114458,2026-07-01T01:44:58+00:00,1,1,34f1452baf543a9ecf74963d52684a3c758b71e6de0b9f056e9c620f189a5f9d,landsat_inundation,1
raster_asset,raster_00028,Output,Output/rasters/inundation_pre_post/annual/annual_inundated_any_pre_conservation__2018.tif,Output/rasters/inundation_pre_post/annual/annual_inundated_any_pre_conservation__2018.tif,db_build_20260701_114458,2026-07-01T01:44:58+00:00,1,1,8d08d344db6d48dff4d9e1ebfd2c2fa591e3723d6ccd6ee796dc592bee9c5083,landsat_inundation,1
raster_asset,raster_00029,Output,Output/rasters/inundation_pre_post/annual/annual_valid_any_pre_conservation__2018.tif,Output/rasters/inundation_pre_post/annual/annual_valid_any_pre_conservation__2018.tif,db_build_20260701_114458,2026-07-01T01:44:58+00:00,1,1,34f1452baf543a9ecf74963d52684a3c758b71e6de0b9f056e9c620f189a5f9d,landsat_inundation,1
raster_asset,raster_00030,Output,Output/rasters/inundation_pre_post/annual/annual_inundated_any_pre_conservation__2019.tif,Output/rasters/inundation_pre_post/annual/annual_inundated_any_pre_conservation__2019.tif,db_build_20260701_114458,2026-07-01T01:44:58+00:00,1,1,dc936658d09b101d6003f7b6006ae86f4217236e53111a9843e2034e3361bbb5,landsat_inundation,1
raster_asset,raster_00031,Output,Output/rasters/inundation_pre_post/annual/annual_valid_any_pre_conservation__2019.tif,Output/rasters/inundation_pre_post/annual/annual_valid_any_pre_conservation__2019.tif,db_build_20260701_114458,2026-07-01T01:44:58+00:00,1,1,34f1452baf543a9ecf74963d52684a3c758b71e6de0b9f056e9c620f189a5f9d,landsat_inundation,1
raster_asset,raster_00032,Output,Output/rasters/MER/annual_max/mer_annual_max_observed_inundation_WY2024_strict_value_1_SMOKE_TEST.tif,Output/rasters/MER/annual_max/mer_annual_max_observed_inundation_WY2024_strict_value_1_SMOKE_TEST.tif,db_build_20260701_114458,2026-07-01T01:44:58+00:00,1,1,5a1003e9b42476467813b81e47144c4ff9d582a1b881b6578c401b5e084faac1,mer_inundation,
raster_asset,raster_00033,Output,Output/rasters/MER/annual_max/mer_annual_max_observed_inundation_WY2025_strict_value_1_SMOKE_TEST.tif,Output/rasters/MER/annual_max/mer_annual_max_observed_inundation_WY2025_strict_value_1_SMOKE_TEST.tif,db_build_20260701_114458,2026-07-01T01:44:58+00:00,1,1,4393aaa4467da8be199536e63f91cee573b5902c1df01b12bf43c35406644b68,mer_inundation,
raster_asset,raster_00034,Output,Output/rasters/MER/annual_max/mer_annual_max_observed_wet_WY2014_2015.tif,Output/rasters/MER/annual_max/mer_annual_max_observed_wet_WY2014_2015.tif,db_build_20260701_114458,2026-07-01T01:44:58+00:00,1,1,45f7858ff7daa10ac5f33b842709eff1d036dea0c20fe767849359e499dfbf43,mer_inundation,
raster_asset,raster_00035,Output,Output/rasters/MER/annual_max/mer_valid_observation_count_WY2014_2015.tif,Output/rasters/MER/annual_max/mer_valid_observation_count_WY2014_2015.tif,db_build_20260701_114458,2026-07-01T01:44:58+00:00,1,1,4bee7e2a20f696424340aae36e68180ffa685c6d69f0a28543a61e684e1cac31,mer_inundation,
raster_asset,raster_00036,Output,Output/rasters/MER/annual_max/mer_wet_observation_count_WY2014_2015.tif,Output/rasters/MER/annual_max/mer_wet_observation_count_WY2014_2015.tif,db_build_20260701_114458,2026-07-01T01:44:58+00:00,1,1,ab5dce9cedec1660e38b71ac9fcfccb481c202829a250e69d6d4e0a736c4f4b1,mer_inundation,
raster_asset,raster_00037,Output,Output/rasters/MER/annual_max/mer_observation_support_class_WY2014_2015.tif,Output/rasters/MER/annual_max/mer_observation_support_class_WY2014_2015.tif,db_build_20260701_114458,2026-07-01T01:44:58+00:00,1,1,34f6789ca645a3105663afed75853ee5245ead9da522355ac6f63a0f0fa53393,mer_inundation,
raster_asset,raster_00038,Output,Output/rasters/MER/annual_max/mer_wet_observation_fraction_WY2014_2015.tif,Output/rasters/MER/annual_max/mer_wet_observation_fraction_WY2014_2015.tif,db_build_20260701_114458,2026-07-01T01:44:58+00:00,1,1,d32a18f6646c6afaf933aaf4feb954bfb0cc4cbedda3677cdbc75b1510e2dcdb,mer_inundation,
raster_asset,raster_00039,Output,Output/rasters/MER/annual_max/mer_annual_max_observed_wet_WY2015_2016.tif,Output/rasters/MER/annual_max/mer_annual_max_observed_wet_WY2015_2016.tif,db_build_20260701_114458,2026-07-01T01:44:58+00:00,1,1,de2b4fdbd8105936f529f02e1cc92eef19847cc7289b5c02632aca75d6740786,mer_inundation,
raster_asset,raster_00040,Output,Output/rasters/MER/annual_max/mer_valid_observation_count_WY2015_2016.tif,Output/rasters/MER/annual_max/mer_valid_observation_count_WY2015_2016.tif,db_build_20260701_114458,2026-07-01T01:44:58+00:00,1,1,456e3d32b085d3b2b1371157173908a23d82583f1ecbeebf71802b296ad82d95,mer_inundation,
raster_asset,raster_00041,Output,Output/rasters/MER/annual_max/mer_wet_observation_count_WY2015_2016.tif,Output/rasters/MER/annual_max/mer_wet_observation_count_WY2015_2016.tif,db_build_20260701_114458,2026-07-01T01:44:58+00:00,1,1,5692eca2c9e8a955c91c8f2772ad307a4634a736ce5d289d231e58143d95fb3f,mer_inundation,
raster_asset,raster_00042,Output,Output/rasters/MER/annual_max/mer_observation_support_class_WY2015_2016.tif,Output/rasters/MER/annual_max/mer_observation_support_class_WY2015_2016.tif,db_build_20260701_114458,2026-07-01T01:44:58+00:00,1,1,527605be3cd2442c3055a54bf3e42114f7072ec10491ccd997f09bff42571b57,mer_inundation,
raster_asset,raster_00043,Output,Output/rasters/MER/annual_max/mer_wet_observation_fraction_WY2015_2016.tif,Output/rasters/MER/annual_max/mer_wet_observation_fraction_WY2015_2016.tif,db_build_20260701_114458,2026-07-01T01:44:58+00:00,1,1,ef60699eb9d2208b351fa8480893d232648e22ad7cc6928c731cd443a268771c,mer_inundation,
raster_asset,raster_00044,Output,Output/rasters/MER/annual_max/mer_annual_max_observed_wet_WY2016_2017.tif,Output/rasters/MER/annual_max/mer_annual_max_observed_wet_WY2016_2017.tif,db_build_20260701_114458,2026-07-01T01:44:58+00:00,1,1,106fc913b7574642803dcee634952cab60d79edf2fdf1b75c9c18c75059336d1,mer_inundation,
raster_asset,raster_00045,Output,Output/rasters/MER/annual_max/mer_valid_observation_count_WY2016_2017.tif,Output/rasters/MER/annual_max/mer_valid_observation_count_WY2016_2017.tif,db_build_20260701_114458,2026-07-01T01:44:58+00:00,1,1,1dabe448ced928ad8e426ac2b9858ef662bedda39903657954379fd6459707fe,mer_inundation,
raster_asset,raster_00046,Output,Output/rasters/MER/annual_max/mer_wet_observation_count_WY2016_2017.tif,Output/rasters/MER/annual_max/mer_wet_observation_count_WY2016_2017.tif,db_build_20260701_114458,2026-07-01T01:44:58+00:00,1,1,c61be3380c46ef423dd97419e12ff48887a180665b522ca11b323d62263f8166,mer_inundation,
raster_asset,raster_00047,Output,Output/rasters/MER/annual_max/mer_observation_support_class_WY2016_2017.tif,Output/rasters/MER/annual_max/mer_observation_support_class_WY2016_2017.tif,db_build_20260701_114458,2026-07-01T01:44:58+00:00,1,1,7c16628e67802bace9226ca48cec267d8b1b8582fd4588727d4dcfdf3152fe73,mer_inundation,
raster_asset,raster_00048,Output,Output/rasters/MER/annual_max/mer_wet_observation_fraction_WY2016_2017.tif,Output/rasters/MER/annual_max/mer_wet_observation_fraction_WY2016_2017.tif,db_build_20260701_114458,2026-07-01T01:44:58+00:00,1,1,e29ad1f5748163eb582a27fa934ae4279e2b371e77b41997fd89afe3657c246b,mer_inundation,
raster_asset,raster_00049,Output,Output/rasters/MER/annual_max/mer_annual_max_observed_wet_WY2017_2018.tif,Output/rasters/MER/annual_max/mer_annual_max_observed_wet_WY2017_2018.tif,db_build_20260701_114458,2026-07-01T01:44:58+00:00,1,1,22f7588676f0803f58cd6d0d019aa61d88610190957df88ec105953f578f795d,mer_inundation,
raster_asset,raster_00050,Output,Output/rasters/MER/annual_max/mer_valid_observation_count_WY2017_2018.tif,Output/rasters/MER/annual_max/mer_valid_observation_count_WY2017_2018.tif,db_build_20260701_114458,2026-07-01T01:44:58+00:00,1,1,4bb765564e7bbfba8bae4312ed9e5fffb2b45967e8bf85f2e41b820b08f47248,mer_inundation,
raster_asset,raster_00051,Output,Output/rasters/MER/annual_max/mer_wet_observation_count_WY2017_2018.tif,Output/rasters/MER/annual_max/mer_wet_observation_count_WY2017_2018.tif,db_build_20260701_114458,2026-07-01T01:44:58+00:00,1,1,c267f11e116c45bb789cbbf5ffa53706a08990393965dacae97b397dc94a68a2,mer_inundation,
raster_asset,raster_00052,Output,Output/rasters/MER/annual_max/mer_observation_support_class_WY2017_2018.tif,Output/rasters/MER/annual_max/mer_observation_support_class_WY2017_2018.tif,db_build_20260701_114458,2026-07-01T01:44:58+00:00,1,1,7c16628e67802bace9226ca48cec267d8b1b8582fd4588727d4dcfdf3152fe73,mer_inundation,
raster_asset,raster_00053,Output,Output/rasters/MER/annual_max/mer_wet_observation_fraction_WY2017_2018.tif,Output/rasters/MER/annual_max/mer_wet_observation_fraction_WY2017_2018.tif,db_build_20260701_114458,2026-07-01T01:44:58+00:00,1,1,8d481c1991bef2cd075e6a296ef7c1a0321af9c150f3d96f01b8f6274599ff43,mer_inundation,
raster_asset,raster_00054,Output,Output/rasters/MER/annual_max/mer_annual_max_observed_wet_WY2018_2019.tif,Output/rasters/MER/annual_max/mer_annual_max_observed_wet_WY2018_2019.tif,db_build_20260701_114458,2026-07-01T01:44:58+00:00,1,1,4231d21e30410baa91cf8c04a5cd3009bedf21cffbba209ca54e1df81f950248,mer_inundation,
raster_asset,raster_00055,Output,Output/rasters/MER/annual_max/mer_valid_observation_count_WY2018_2019.tif,Output/rasters/MER/annual_max/mer_valid_observation_count_WY2018_2019.tif,db_build_20260701_114458,2026-07-01T01:44:58+00:00,1,1,0ec2fc9d12795392455502c258f56664aca3e7cbe4d70203ddf166963d7afbea,mer_inundation,
raster_asset,raster_00056,Output,Output/rasters/MER/annual_max/mer_wet_observation_count_WY2018_2019.tif,Output/rasters/MER/annual_max/mer_wet_observation_count_WY2018_2019.tif,db_build_20260701_114458,2026-07-01T01:44:58+00:00,1,1,07d3aa79ec8f743a14b6fcb525103aaec080fe130497affbfc49f8b57b13f92e,mer_inundation,
raster_asset,raster_00057,Output,Output/rasters/MER/annual_max/mer_observation_support_class_WY2018_2019.tif,Output/rasters/MER/annual_max/mer_observation_support_class_WY2018_2019.tif,db_build_20260701_114458,2026-07-01T01:44:58+00:00,1,1,7c16628e67802bace9226ca48cec267d8b1b8582fd4588727d4dcfdf3152fe73,mer_inundation,
raster_asset,raster_00058,Output,Output/rasters/MER/annual_max/mer_wet_observation_fraction_WY2018_2019.tif,Output/rasters/MER/annual_max/mer_wet_observation_fraction_WY2018_2019.tif,db_build_20260701_114458,2026-07-01T01:44:58+00:00,1,1,6a3dffa5571f8c58e45872586b5f64e89b0b4d0f149880c3d6f2f5a95e63f01a,mer_inundation,
raster_asset,raster_00059,Output,Output/rasters/MER/annual_max/mer_annual_max_observed_wet_WY2019_2020.tif,Output/rasters/MER/annual_max/mer_annual_max_observed_wet_WY2019_2020.tif,db_build_20260701_114458,2026-07-01T01:44:58+00:00,1,1,4fc5be948ce859d621acee76907bcb8f163d8a33a08fee6c3cac3fcaad052de2,mer_inundation,
raster_asset,raster_00060,Output,Output/rasters/MER/annual_max/mer_valid_observation_count_WY2019_2020.tif,Output/rasters/MER/annual_max/mer_valid_observation_count_WY2019_2020.tif,db_build_20260701_114458,2026-07-01T01:44:58+00:00,1,1,5460909919a1a166855388c12086d062bdd1b6871e144d8cabd06adb01274b20,mer_inundation,
raster_asset,raster_00061,Output,Output/rasters/MER/annual_max/mer_wet_observation_count_WY2019_2020.tif,Output/rasters/MER/annual_max/mer_wet_observation_count_WY2019_2020.tif,db_build_20260701_114458,2026-07-01T01:44:58+00:00,1,1,0286f4f85a3af6552a5ce45e112f6944541cd1eb606cc8b8ac3189508e5e0b4b,mer_inundation,
raster_asset,raster_00062,Output,Output/rasters/MER/annual_max/mer_observation_support_class_WY2019_2020.tif,Output/rasters/MER/annual_max/mer_observation_support_class_WY2019_2020.tif,db_build_20260701_114458,2026-07-01T01:44:58+00:00,1,1,7c16628e67802bace9226ca48cec267d8b1b8582fd4588727d4dcfdf3152fe73,mer_inundation,
raster_asset,raster_00063,Output,Output/rasters/MER/annual_max/mer_wet_observation_fraction_WY2019_2020.tif,Output/rasters/MER/annual_max/mer_wet_observation_fraction_WY2019_2020.tif,db_build_20260701_114458,2026-07-01T01:44:58+00:00,1,1,f5d446b0a10b179c368de8c49e85ecf40add1f4c04fdd7ac16d7e99c2ccc6d90,mer_inundation,
raster_asset,raster_00064,Output,Output/rasters/MER/annual_max/mer_annual_max_observed_wet_WY2020_2021.tif,Output/rasters/MER/annual_max/mer_annual_max_observed_wet_WY2020_2021.tif,db_build_20260701_114458,2026-07-01T01:44:58+00:00,1,1,d56417a6287d80a81eeb32121cacb230ef505fef38b0438d165103832e0a082f,mer_inundation,
raster_asset,raster_00065,Output,Output/rasters/MER/annual_max/mer_valid_observation_count_WY2020_2021.tif,Output/rasters/MER/annual_max/mer_valid_observation_count_WY2020_2021.tif,db_build_20260701_114458,2026-07-01T01:44:58+00:00,1,1,bed09a904853e8236cec240bdec70a96d6dbd57e2f4f5e8d0f965895cfea6efb,mer_inundation,
raster_asset,raster_00066,Output,Output/rasters/MER/annual_max/mer_wet_observation_count_WY2020_2021.tif,Output/rasters/MER/annual_max/mer_wet_observation_count_WY2020_2021.tif,db_build_20260701_114458,2026-07-01T01:44:58+00:00,1,1,194ad0d1e05d0e980e3be12430072f4088c458ac36e18294811dd8dcbf39dde9,mer_inundation,
raster_asset,raster_00067,Output,Output/rasters/MER/annual_max/mer_observation_support_class_WY2020_2021.tif,Output/rasters/MER/annual_max/mer_observation_support_class_WY2020_2021.tif,db_build_20260701_114458,2026-07-01T01:44:58+00:00,1,1,7c16628e67802bace9226ca48cec267d8b1b8582fd4588727d4dcfdf3152fe73,mer_inundation,
raster_asset,raster_00068,Output,Output/rasters/MER/annual_max/mer_wet_observation_fraction_WY2020_2021.tif,Output/rasters/MER/annual_max/mer_wet_observation_fraction_WY2020_2021.tif,db_build_20260701_114458,2026-07-01T01:44:58+00:00,1,1,e09b2a10f40cbfb47e5f96f8229114385d060ef0189cbcad1988ae0eec4e3bec,mer_inundation,
raster_asset,raster_00069,Output,Output/rasters/MER/annual_max/mer_annual_max_observed_wet_WY2021_2022.tif,Output/rasters/MER/annual_max/mer_annual_max_observed_wet_WY2021_2022.tif,db_build_20260701_114458,2026-07-01T01:44:58+00:00,1,1,e16d1bd8759af5fc562f023d4c3027ded65dc14d31d7a289f9f7ec95b875f0b5,mer_inundation,
raster_asset,raster_00070,Output,Output/rasters/MER/annual_max/mer_valid_observation_count_WY2021_2022.tif,Output/rasters/MER/annual_max/mer_valid_observation_count_WY2021_2022.tif,db_build_20260701_114458,2026-07-01T01:44:58+00:00,1,1,e5e625f6dede3bd7190a78366b143077e1bf512f93dad4f1305294f41b30e071,mer_inundation,
raster_asset,raster_00071,Output,Output/rasters/MER/annual_max/mer_wet_observation_count_WY2021_2022.tif,Output/rasters/MER/annual_max/mer_wet_observation_count_WY2021_2022.tif,db_build_20260701_114458,2026-07-01T01:44:58+00:00,1,1,50658b5607eb973768281e26a81335ddc07edda5ccb2a615979d60762215fa63,mer_inundation,
raster_asset,raster_00072,Output,Output/rasters/MER/annual_max/mer_observation_support_class_WY2021_2022.tif,Output/rasters/MER/annual_max/mer_observation_support_class_WY2021_2022.tif,db_build_20260701_114458,2026-07-01T01:44:58+00:00,1,1,7c16628e67802bace9226ca48cec267d8b1b8582fd4588727d4dcfdf3152fe73,mer_inundation,
raster_asset,raster_00073,Output,Output/rasters/MER/annual_max/mer_wet_observation_fraction_WY2021_2022.tif,Output/rasters/MER/annual_max/mer_wet_observation_fraction_WY2021_2022.tif,db_build_20260701_114458,2026-07-01T01:44:58+00:00,1,1,79abde289bc08de4b54e0bcdbde775b5cf523652a2aaadebaac6a7f2095b392f,mer_inundation,
raster_asset,raster_00074,Output,Output/rasters/MER/annual_max/mer_annual_max_observed_wet_WY2022_2023.tif,Output/rasters/MER/annual_max/mer_annual_max_observed_wet_WY2022_2023.tif,db_build_20260701_114458,2026-07-01T01:44:58+00:00,1,1,18339a6224fea31bd0e682386e82cc967094291b0d6ed77da96e2c61fbd98a35,mer_inundation,
raster_asset,raster_00075,Output,Output/rasters/MER/annual_max/mer_valid_observation_count_WY2022_2023.tif,Output/rasters/MER/annual_max/mer_valid_observation_count_WY2022_2023.tif,db_build_20260701_114458,2026-07-01T01:44:58+00:00,1,1,3e02a16520fb9e05d795232be56cc9a284e5cbe5d780ed2450298723efc6df54,mer_inundation,
raster_asset,raster_00076,Output,Output/rasters/MER/annual_max/mer_wet_observation_count_WY2022_2023.tif,Output/rasters/MER/annual_max/mer_wet_observation_count_WY2022_2023.tif,db_build_20260701_114458,2026-07-01T01:44:58+00:00,1,1,58bc322c35d40146653a56a055cbe4a295a51c29a589424734bc5ecc7dda63d1,mer_inundation,
raster_asset,raster_00077,Output,Output/rasters/MER/annual_max/mer_observation_support_class_WY2022_2023.tif,Output/rasters/MER/annual_max/mer_observation_support_class_WY2022_2023.tif,db_build_20260701_114458,2026-07-01T01:44:58+00:00,1,1,9755892aba2efc574c25d09566914fd504fadab7a10cd2a1bb36baedea25e8cf,mer_inundation,
raster_asset,raster_00078,Output,Output/rasters/MER/annual_max/mer_wet_observation_fraction_WY2022_2023.tif,Output/rasters/MER/annual_max/mer_wet_observation_fraction_WY2022_2023.tif,db_build_20260701_114458,2026-07-01T01:44:58+00:00,1,1,6db91a1eb51e194b2c5f5b960d6cd97b2cb3ae38c2ec36015804ca1249baef42,mer_inundation,
raster_asset,raster_00079,Output,Output/rasters/MER/annual_max/mer_annual_max_observed_wet_WY2023_2024.tif,Output/rasters/MER/annual_max/mer_annual_max_observed_wet_WY2023_2024.tif,db_build_20260701_114458,2026-07-01T01:44:58+00:00,1,1,fa7f00624f6a60d97d7f820326dd7f580598328d2d14c6476770bae4653e4871,mer_inundation,
raster_asset,raster_00080,Output,Output/rasters/MER/annual_max/mer_valid_observation_count_WY2023_2024.tif,Output/rasters/MER/annual_max/mer_valid_observation_count_WY2023_2024.tif,db_build_20260701_114458,2026-07-01T01:44:58+00:00,1,1,fda8648cdd4a59f04d38ff854d1b973002d175fd36df68d2bec4592b9f3d1af0,mer_inundation,
raster_asset,raster_00081,Output,Output/rasters/MER/annual_max/mer_wet_observation_count_WY2023_2024.tif,Output/rasters/MER/annual_max/mer_wet_observation_count_WY2023_2024.tif,db_build_20260701_114458,2026-07-01T01:44:58+00:00,1,1,154929ac030d9d3ea08bbebfede2052dc1facc4216d169d79fa271351263392c,mer_inundation,
raster_asset,raster_00082,Output,Output/rasters/MER/annual_max/mer_observation_support_class_WY2023_2024.tif,Output/rasters/MER/annual_max/mer_observation_support_class_WY2023_2024.tif,db_build_20260701_114458,2026-07-01T01:44:58+00:00,1,1,7c16628e67802bace9226ca48cec267d8b1b8582fd4588727d4dcfdf3152fe73,mer_inundation,
raster_asset,raster_00083,Output,Output/rasters/MER/annual_max/mer_wet_observation_fraction_WY2023_2024.tif,Output/rasters/MER/annual_max/mer_wet_observation_fraction_WY2023_2024.tif,db_build_20260701_114458,2026-07-01T01:44:58+00:00,1,1,c38292f896145c10e84d26e1c47870f2bcf3a310b8bb325586d379020cd9e200,mer_inundation,
raster_asset,raster_00084,Output,Output/rasters/MER/annual_max/mer_annual_max_observed_wet_WY2024_2025.tif,Output/rasters/MER/annual_max/mer_annual_max_observed_wet_WY2024_2025.tif,db_build_20260701_114458,2026-07-01T01:44:58+00:00,1,1,007c6e4bff875d83c3e974afcff9e848795094413739a7a1eb39b590402da79e,mer_inundation,
raster_asset,raster_00085,Output,Output/rasters/MER/annual_max/mer_valid_observation_count_WY2024_2025.tif,Output/rasters/MER/annual_max/mer_valid_observation_count_WY2024_2025.tif,db_build_20260701_114458,2026-07-01T01:44:58+00:00,1,1,fef1449dab798fa56317b5edfea7488dc8984ffa5ab9e254506a162efaf2ce10,mer_inundation,
raster_asset,raster_00086,Output,Output/rasters/MER/annual_max/mer_wet_observation_count_WY2024_2025.tif,Output/rasters/MER/annual_max/mer_wet_observation_count_WY2024_2025.tif,db_build_20260701_114458,2026-07-01T01:44:58+00:00,1,1,c17cc5ad00efd00c8f550bd5e54e6425b726bda911e5c844b57c685c9655b792,mer_inundation,
raster_asset,raster_00087,Output,Output/rasters/MER/annual_max/mer_observation_support_class_WY2024_2025.tif,Output/rasters/MER/annual_max/mer_observation_support_class_WY2024_2025.tif,db_build_20260701_114458,2026-07-01T01:44:58+00:00,1,1,7c16628e67802bace9226ca48cec267d8b1b8582fd4588727d4dcfdf3152fe73,mer_inundation,
raster_asset,raster_00088,Output,Output/rasters/MER/annual_max/mer_wet_observation_fraction_WY2024_2025.tif,Output/rasters/MER/annual_max/mer_wet_observation_fraction_WY2024_2025.tif,db_build_20260701_114458,2026-07-01T01:44:58+00:00,1,1,b07e83ae95c4911f537c37e491d413002d6be7ddd16d3b95185f5b24a35eec5f,mer_inundation,
raster_asset,raster_00089,Output,Output/rasters/MER/support/mer_observation_count_WY2024_SMOKE_TEST.tif,Output/rasters/MER/support/mer_observation_count_WY2024_SMOKE_TEST.tif,db_build_20260701_114458,2026-07-01T01:44:58+00:00,1,1,cb98ce0335a155d2e3ad0546f63e074cc048b0e05113c15d89a5a4858959a7bf,mer_inundation,
raster_asset,raster_00090,Output,Output/rasters/MER/support/mer_valid_observation_count_WY2024_SMOKE_TEST.tif,Output/rasters/MER/support/mer_valid_observation_count_WY2024_SMOKE_TEST.tif,db_build_20260701_114458,2026-07-01T01:44:58+00:00,1,1,9b528305c434dc53d85cd75591d9ab6cb3ae6cbe96b043590ad2e0936f8d8fed,mer_inundation,
raster_asset,raster_00091,Output,Output/rasters/MER/support/mer_observation_count_WY2025_SMOKE_TEST.tif,Output/rasters/MER/support/mer_observation_count_WY2025_SMOKE_TEST.tif,db_build_20260701_114458,2026-07-01T01:44:58+00:00,1,1,91b24e74bd6b93761ed281ee5a3291b26bd52a3402d233ff1cb2465816087d21,mer_inundation,
raster_asset,raster_00092,Output,Output/rasters/MER/support/mer_valid_observation_count_WY2025_SMOKE_TEST.tif,Output/rasters/MER/support/mer_valid_observation_count_WY2025_SMOKE_TEST.tif,db_build_20260701_114458,2026-07-01T01:44:58+00:00,1,1,c3ca9a91fc822e2f4e7bc3ffc59ccac572b825c9b7b589da666866ce456acf7e,mer_inundation,
raster_asset,raster_00093,Output,Output/rasters/MER/period_summaries/mer_pre_annual_max_observed_frequency_pct.tif,Output/rasters/MER/period_summaries/mer_pre_annual_max_observed_frequency_pct.tif,db_build_20260701_114458,2026-07-01T01:44:58+00:00,1,1,9134700751a2f4fcd740f36a4790b16510754f17b87163c0c37478dea4e42283,mer_inundation,
raster_asset,raster_00094,Output,Output/rasters/MER/period_summaries/mer_post_annual_max_observed_frequency_pct.tif,Output/rasters/MER/period_summaries/mer_post_annual_max_observed_frequency_pct.tif,db_build_20260701_114458,2026-07-01T01:44:58+00:00,1,1,26a61238d4764c30f59e40d79c7775a18b846e70803b3707c39829ffdfc4a450,mer_inundation,
raster_asset,raster_00095,Output,Output/rasters/MER/period_summaries/mer_post_minus_pre_annual_max_frequency_pct_points.tif,Output/rasters/MER/period_summaries/mer_post_minus_pre_annual_max_frequency_pct_points.tif,db_build_20260701_114458,2026-07-01T01:44:58+00:00,1,1,37145396e80623c1848d759f37a57032bffd3a1739264c5a012905fed0963875,mer_inundation,1
raster_asset,raster_00096,Output,Output/rasters/MER/period_summaries/mer_pre_valid_year_count.tif,Output/rasters/MER/period_summaries/mer_pre_valid_year_count.tif,db_build_20260701_114458,2026-07-01T01:44:58+00:00,1,1,15b8f309f2872a284e3238aa5de438d39047a78336e47dbee2318b9c3e9ae59f,mer_inundation,
raster_asset,raster_00097,Output,Output/rasters/MER/period_summaries/mer_post_valid_year_count.tif,Output/rasters/MER/period_summaries/mer_post_valid_year_count.tif,db_build_20260701_114458,2026-07-01T01:44:58+00:00,1,1,e17930c51ac57551430a2d132b09bd5bf62892bcad1e0a5e5dcca2be36bddc3d,mer_inundation,
raster_asset,raster_00098,Output,Output/rasters/MER/period_summaries/mer_period_summary_support_mask.tif,Output/rasters/MER/period_summaries/mer_period_summary_support_mask.tif,db_build_20260701_114458,2026-07-01T01:44:58+00:00,1,1,e53026ce9cf8c212d9e8a7e23358729cc88a37c1248eb741c3ce92fcb000856a,mer_inundation,
raster_asset,stack_annual_wet_any_1988_2023,Output,Output/rasters/inundation_annual_stack/annual_wet_any_1988_2023.tif,Output/rasters/inundation_annual_stack/annual_wet_any_1988_2023.tif,,,1,1,,landsat_inundation,
raster_asset,stack_annual_valid_any_1988_2023,Output,Output/rasters/inundation_annual_stack/annual_valid_any_1988_2023.tif,Output/rasters/inundation_annual_stack/annual_valid_any_1988_2023.tif,,,1,1,,landsat_inundation,
raster_asset,raster_08058_wet,Output,Output/rasters/inundation_annual_stack_8058/annual_wet_any_1988_2023_8058.tif,Output/rasters/inundation_annual_stack_8058/annual_wet_any_1988_2023_8058.tif,tier2H_h30,,1,1,f31d39b00110c2e3d3927fe9fbf79207733a0e399f7248cb3fc1b553f970404e,annual_inundation_stack_8058,
raster_asset,raster_08058_valid,Output,Output/rasters/inundation_annual_stack_8058/annual_valid_any_1988_2023_8058.tif,Output/rasters/inundation_annual_stack_8058/annual_valid_any_1988_2023_8058.tif,tier2H_h30,,1,1,4745fbd21b95a33451bd0b7a92cec89574fccd1033b713e758a90c761d8e3178,annual_inundation_stack_8058,
raster_asset,raster_vegpct_p05,Output,Output/rasters/veg_percentiles_8058/total_veg_p05_8058.tif,Output/rasters/veg_percentiles_8058/total_veg_p05_8058.tif,tier2H_h2,,1,1,e0d8ab54c988b03451aca5e647a5aaef1f43e9d3642eb32d5360dd51085e9058,total_veg_percentile_8058,
raster_asset,raster_vegpct_p10,Output,Output/rasters/veg_percentiles_8058/total_veg_p10_8058.tif,Output/rasters/veg_percentiles_8058/total_veg_p10_8058.tif,tier2H_h2,,1,1,be68a74e1846f4d3392e3cb42cb1849fdf017f6238acc885eeff8d0600749904,total_veg_percentile_8058,
raster_asset,raster_vegpct_p20,Output,Output/rasters/veg_percentiles_8058/total_veg_p20_8058.tif,Output/rasters/veg_percentiles_8058/total_veg_p20_8058.tif,tier2H_h2,,1,1,a94504958778043714b223565f494204a46a840edd2a8a9f0d02b4149df070ef,total_veg_percentile_8058,
raster_asset,raster_vegpct_p30,Output,Output/rasters/veg_percentiles_8058/total_veg_p30_8058.tif,Output/rasters/veg_percentiles_8058/total_veg_p30_8058.tif,tier2H_h2,,1,1,54f126a90dd6613b740ca7fe68ebcea982f7bb75f09d11afc1000c26e18522aa,total_veg_percentile_8058,
raster_asset,raster_vegpct_p50,Output,Output/rasters/veg_percentiles_8058/total_veg_p50_8058.tif,Output/rasters/veg_percentiles_8058/total_veg_p50_8058.tif,tier2H_h2,,1,1,0bce8ae9992f50e13b1222308f22624ba165a3a6ab0d09792c9d8acef1c32223,total_veg_percentile_8058,
raster_asset,raster_veg_regime_class_8058,Output,Output/rasters/veg_regime_class_8058.tif,Output/rasters/veg_regime_class_8058.tif,tier2H_h2,,1,1,ff079f2f710cd50a6db67d90eed72e4fd836f98156d9b382953a758610912000,veg_regime_class_8058,
raster_asset,raster_flood_zone_8058,Output,Output/rasters/flood_zone_8058.tif,Output/rasters/flood_zone_8058.tif,tier2H_h6,,1,1,51bc88b583e6a27564f7d0ab9e563c5c98dd99ea99fcd086243274bfec7e0753,flood_zone_8058,
raster_asset,raster_veg_wet_response_r_8058,Output,Output/rasters/veg_annual_8058/census_veg_wet_response_r_meanseason_8058.tif,Output/rasters/veg_annual_8058/census_veg_wet_response_r_meanseason_8058.tif,gateE_20260721,,1,1,d89e279b70b77eee0a1cdc5ff144ccbb617e2d9b79cbcdda799c55cc540b86dc,veg_wet_response_8058,
raster_asset,raster_total_veg_annual_mean_8058,Output,Output/rasters/veg_annual_8058/total_veg_annual_mean_8058.tif,Output/rasters/veg_annual_8058/total_veg_annual_mean_8058.tif,gateE_20260721,,1,1,6596151995b41ba8bacbb4c7442a40659061025f477671fb3a59fa8c83917162,total_veg_annual_8058,
raster_asset,raster_total_veg_annual_jjason_8058,Output,Output/rasters/veg_annual_8058/total_veg_annual_jja_son_8058.tif,Output/rasters/veg_annual_8058/total_veg_annual_jja_son_8058.tif,gateE_20260721,,1,1,597b0f416ee4bce795ae856c0e92b518dc32f60168a6822309c5565fb49da3ea,total_veg_annual_8058,
raster_asset,raster_taskJ_diff_pp_1994_28355,Output,Output/rasters/task_J/diff_pp_1994_28355.tif,Output/rasters/task_J/diff_pp_1994_28355.tif,taskM_gateC,2026-07-24T00:00:00+00:00,1,1,f6a6542d63aff0cc9804ab39df868679f6bd27169400a1d324b7458b9b0a484c,task_J_difference_pp,0
raster_asset,raster_taskJ_diff_pp_1994_8058,Output,Output/rasters/task_J/diff_pp_1994_8058.tif,Output/rasters/task_J/diff_pp_1994_8058.tif,taskM_gateC,2026-07-24T00:00:00+00:00,1,1,c2ca9290de80e4839fe7af685976d3d678e4f1ebf162938f924468cad51f4157,task_J_difference_pp,0
raster_asset,raster_taskJ_diff_pp_1999_28355,Output,Output/rasters/task_J/diff_pp_1999_28355.tif,Output/rasters/task_J/diff_pp_1999_28355.tif,taskM_gateC,2026-07-24T00:00:00+00:00,1,1,0c4506fdb8fd57f3ab0dac4dcfc4e62ffaa191590b185d0e20e69f6198682aee,task_J_difference_pp,0
raster_asset,raster_taskJ_diff_pp_1999_8058,Output,Output/rasters/task_J/diff_pp_1999_8058.tif,Output/rasters/task_J/diff_pp_1999_8058.tif,taskM_gateC,2026-07-24T00:00:00+00:00,1,1,176d1c6f7279f4b72941189733debd46ddc888a5773ef9b7e0a5033b9b612863,task_J_difference_pp,0
raster_asset,raster_taskJ_diff_pp_2004_28355,Output,Output/rasters/task_J/diff_pp_2004_28355.tif,Output/rasters/task_J/diff_pp_2004_28355.tif,taskM_gateC,2026-07-24T00:00:00+00:00,1,1,75da1f38530f8b4c407d9e4b06bc5f0e78941b8cb0b3923c3bcdc97799e87b4c,task_J_difference_pp,0
raster_asset,raster_taskJ_diff_pp_2004_8058,Output,Output/rasters/task_J/diff_pp_2004_8058.tif,Output/rasters/task_J/diff_pp_2004_8058.tif,taskM_gateC,2026-07-24T00:00:00+00:00,1,1,edcd26f8879134f49a7acdffbacc34c0db2a40ae2097a386d9529f3db2ee9002,task_J_difference_pp,0
raster_asset,raster_taskJ_diff_pp_2009_28355,Output,Output/rasters/task_J/diff_pp_2009_28355.tif,Output/rasters/task_J/diff_pp_2009_28355.tif,taskM_gateC,2026-07-24T00:00:00+00:00,1,1,2e0bf37cf304ad75c0ac2aaba54823dd8892d56494d518c5afd2ae796dca1717,task_J_difference_pp,0
raster_asset,raster_taskJ_diff_pp_2009_8058,Output,Output/rasters/task_J/diff_pp_2009_8058.tif,Output/rasters/task_J/diff_pp_2009_8058.tif,taskM_gateC,2026-07-24T00:00:00+00:00,1,1,99be1271d5d2ef6518d909ec90c2cca6c850da7f42f629c4cca5337ca0653ee4,task_J_difference_pp,0
raster_asset,raster_taskJ_diff_pp_2014_28355,Output,Output/rasters/task_J/diff_pp_2014_28355.tif,Output/rasters/task_J/diff_pp_2014_28355.tif,taskM_gateC,2026-07-24T00:00:00+00:00,1,1,709934d2c4bdf89c874fb149d52c2811d38d6fcbafaef592c28e4fdf48d53dda,task_J_difference_pp,0
raster_asset,raster_taskJ_diff_pp_2014_8058,Output,Output/rasters/task_J/diff_pp_2014_8058.tif,Output/rasters/task_J/diff_pp_2014_8058.tif,taskM_gateC,2026-07-24T00:00:00+00:00,1,1,965d57dbe7ec3186977f727529bdde2bbeb2e9be329bf3c8b56d44c8cf4ba7e2,task_J_difference_pp,0
raster_asset,raster_taskJ_diff_pp_2018_28355,Output,Output/rasters/task_J/diff_pp_2018_28355.tif,Output/rasters/task_J/diff_pp_2018_28355.tif,taskM_gateC,2026-07-24T00:00:00+00:00,1,1,6993fceabc3f78c9dd49889eda013ac5990ace31497604cb6728dd6cf95e4b4a,task_J_difference_pp,0
raster_asset,raster_taskJ_diff_pp_2018_8058,Output,Output/rasters/task_J/diff_pp_2018_8058.tif,Output/rasters/task_J/diff_pp_2018_8058.tif,taskM_gateC,2026-07-24T00:00:00+00:00,1,1,9df03ca7165f23d4cf6e07ed8b0ea7fa356ef7f7f859bd109d3ebe33bc8af671,task_J_difference_pp,0
raster_asset,raster_fc_total_veg_3577_stack,Output,Output/rasters/fc_intermediate/fc_total_veg_3577_wy1988_2023.tif,Output/rasters/fc_intermediate/fc_total_veg_3577_wy1988_2023.tif,taskM_gateC,2026-07-24T00:00:00+00:00,1,1,8c40bc070f54b95b1d88a457a29576c2004084400c7c43c8bab2f003cf56c380,fc_seasonal_stack_3577,0
raster_asset,raster_fc_pv_3577_stack,Output,Output/rasters/fc_intermediate/fc_pv_3577_wy1988_2023.tif,Output/rasters/fc_intermediate/fc_pv_3577_wy1988_2023.tif,taskM_gateC,2026-07-24T00:00:00+00:00,1,1,f1ff8b2f923251ab56beb5d0dc17bbcb57212897e43c01bdb1640d3af0d772f9,fc_seasonal_stack_3577,0
raster_asset,raster_veg_persistence_duration_8058,Output,Output/rasters/veg_duration_8058/veg_persistence_duration_8058.tif,Output/rasters/veg_duration_8058/veg_persistence_duration_8058.tif,T2_gateB2,,1,1,a0ec584ee0d40005532ecb4c10c496f64e248c7cf1a2d15cde56e88e19641467,veg_persistence_duration_8058,0
raster_asset,raster_unzoned_components_8058,Output,Output/rasters/unzoned_components_8058/unzoned_components_8058.tif,Output/rasters/unzoned_components_8058/unzoned_components_8058.tif,T6_gateB,,1,1,029334907cc21e04946c6bcf57fd49dee803e10c4b996e1e3aaead97cdfddd27,unzoned_components_8058,0
raster_asset,raster_dea_l3_1988,other,Input/landsat_landcover/level3/LLC3_1988_MGA54.tif,Input/landsat_landcover/level3/LLC3_1988_MGA54.tif,T12_gateA,2026-07-28T00:00:00+00:00,1,1,1fa0f780738d822cc4ced0817c72371e44b530317a171a162cf32fb725bbeb60,dea_landcover_l3,0
raster_asset,raster_dea_l3_1989,other,Input/landsat_landcover/level3/LLC3_1989_MGA54.tif,Input/landsat_landcover/level3/LLC3_1989_MGA54.tif,T12_gateA,2026-07-28T00:00:00+00:00,1,1,a95fe4d942bb1b73443ef36d9bf5a080353928885b05f8f182be7ec242010f8f,dea_landcover_l3,0
raster_asset,raster_dea_l3_1990,other,Input/landsat_landcover/level3/LLC3_1990_MGA54.tif,Input/landsat_landcover/level3/LLC3_1990_MGA54.tif,T12_gateA,2026-07-28T00:00:00+00:00,1,1,c2cb28a7c0ba76a99958f4942719e01f18a12678e7c87a3be9e484b4e786a652,dea_landcover_l3,0
raster_asset,raster_dea_l3_1991,other,Input/landsat_landcover/level3/LLC3_1991_MGA54.tif,Input/landsat_landcover/level3/LLC3_1991_MGA54.tif,T12_gateA,2026-07-28T00:00:00+00:00,1,1,b3c6ae41e8f0e97dadbc43c5204c8f1498417320a5b9d68d43af9032f4894400,dea_landcover_l3,0
raster_asset,raster_dea_l3_1992,other,Input/landsat_landcover/level3/LLC3_1992_MGA54.tif,Input/landsat_landcover/level3/LLC3_1992_MGA54.tif,T12_gateA,2026-07-28T00:00:00+00:00,1,1,6a07c52b8c14e693636c3be7f639978b45a1c22744eb3bc69b4c7cb4780d0a39,dea_landcover_l3,0
raster_asset,raster_dea_l3_1993,other,Input/landsat_landcover/level3/LLC3_1993_MGA54.tif,Input/landsat_landcover/level3/LLC3_1993_MGA54.tif,T12_gateA,2026-07-28T00:00:00+00:00,1,1,bef488a8fd4b400b262bbc354771e1ad4945d5a8936057e4ef3420e5b1321935,dea_landcover_l3,0
raster_asset,raster_dea_l3_1994,other,Input/landsat_landcover/level3/LLC3_1994_MGA54.tif,Input/landsat_landcover/level3/LLC3_1994_MGA54.tif,T12_gateA,2026-07-28T00:00:00+00:00,1,1,fb6300804867fb99658de7b01b4cd3cff89dd33bd6083bd949e2bb2ce4cc0f98,dea_landcover_l3,0
raster_asset,raster_dea_l3_1995,other,Input/landsat_landcover/level3/LLC3_1995_MGA54.tif,Input/landsat_landcover/level3/LLC3_1995_MGA54.tif,T12_gateA,2026-07-28T00:00:00+00:00,1,1,fa64366a0880f7659b6fc67a9873b4751a7f11c6196a5b74e0c36046ead58ea3,dea_landcover_l3,0
raster_asset,raster_dea_l3_1996,other,Input/landsat_landcover/level3/LLC3_1996_MGA54.tif,Input/landsat_landcover/level3/LLC3_1996_MGA54.tif,T12_gateA,2026-07-28T00:00:00+00:00,1,1,b9bf67a25f62431ae337f9f0e26850ee1bf08167ea4786611f06d106490b555c,dea_landcover_l3,0
raster_asset,raster_dea_l3_1997,other,Input/landsat_landcover/level3/LLC3_1997_MGA54.tif,Input/landsat_landcover/level3/LLC3_1997_MGA54.tif,T12_gateA,2026-07-28T00:00:00+00:00,1,1,04098ca2a9c10f286523cbda4002bab1714b7a6e7e95d3a612377eb563806d78,dea_landcover_l3,0
raster_asset,raster_dea_l3_1998,other,Input/landsat_landcover/level3/LLC3_1998_MGA54.tif,Input/landsat_landcover/level3/LLC3_1998_MGA54.tif,T12_gateA,2026-07-28T00:00:00+00:00,1,1,b98a81c98c1e5e7a604c04e4620be0ff7c769c1fe2a97a24b4ed1cd90909793c,dea_landcover_l3,0
raster_asset,raster_dea_l3_1999,other,Input/landsat_landcover/level3/LLC3_1999_MGA54.tif,Input/landsat_landcover/level3/LLC3_1999_MGA54.tif,T12_gateA,2026-07-28T00:00:00+00:00,1,1,937133bf1531e33db8be2ad95b648df05e5f37b56a8963e17164f216c62bd5f0,dea_landcover_l3,0
raster_asset,raster_dea_l3_2000,other,Input/landsat_landcover/level3/LLC3_2000_MGA54.tif,Input/landsat_landcover/level3/LLC3_2000_MGA54.tif,T12_gateA,2026-07-28T00:00:00+00:00,1,1,68b053bbe6e8c15db977bc6c0b35edd0453bcc49b11f63088790f78103585bc5,dea_landcover_l3,0
raster_asset,raster_dea_l3_2001,other,Input/landsat_landcover/level3/LLC3_2001_MGA54.tif,Input/landsat_landcover/level3/LLC3_2001_MGA54.tif,T12_gateA,2026-07-28T00:00:00+00:00,1,1,73de68a95ab0a758616fabe03425f71f24cb8033f512af82803f040e6fb5ff27,dea_landcover_l3,0
raster_asset,raster_dea_l3_2002,other,Input/landsat_landcover/level3/LLC3_2002_MGA54.tif,Input/landsat_landcover/level3/LLC3_2002_MGA54.tif,T12_gateA,2026-07-28T00:00:00+00:00,1,1,f2950085bdf53ea6022c7ef369e499403236fa265f6fc380acaa9a069316344a,dea_landcover_l3,0
raster_asset,raster_dea_l3_2003,other,Input/landsat_landcover/level3/LLC3_2003_MGA54.tif,Input/landsat_landcover/level3/LLC3_2003_MGA54.tif,T12_gateA,2026-07-28T00:00:00+00:00,1,1,e22ab3ed04a4ad826cb7221e7ca5ff980aca2dbbd3b5c3141bb0a5950f924d7a,dea_landcover_l3,0
raster_asset,raster_dea_l3_2004,other,Input/landsat_landcover/level3/LLC3_2004_MGA54.tif,Input/landsat_landcover/level3/LLC3_2004_MGA54.tif,T12_gateA,2026-07-28T00:00:00+00:00,1,1,d206e2a5d7bf7fa475f31b12f4bed1007df11cfc535864a416d41fd1a4ef9cee,dea_landcover_l3,0
raster_asset,raster_dea_l3_2005,other,Input/landsat_landcover/level3/LLC3_2005_MGA54.tif,Input/landsat_landcover/level3/LLC3_2005_MGA54.tif,T12_gateA,2026-07-28T00:00:00+00:00,1,1,77e97ab2ddc84a43ebca36034860c368f2204d10a11e126b75c376c5604e41c0,dea_landcover_l3,0
raster_asset,raster_dea_l3_2006,other,Input/landsat_landcover/level3/LLC3_2006_MGA54.tif,Input/landsat_landcover/level3/LLC3_2006_MGA54.tif,T12_gateA,2026-07-28T00:00:00+00:00,1,1,6e4305ee7687cbc89141639ee6b2555dd28033f0710de50840d0b9aaddb46781,dea_landcover_l3,0
raster_asset,raster_dea_l3_2007,other,Input/landsat_landcover/level3/LLC3_2007_MGA54.tif,Input/landsat_landcover/level3/LLC3_2007_MGA54.tif,T12_gateA,2026-07-28T00:00:00+00:00,1,1,a9b56a7cf666a0026b9966a58207f9351aa2810ae4cd5fefbbc3cc4b2ddc6aeb,dea_landcover_l3,0
raster_asset,raster_dea_l3_2008,other,Input/landsat_landcover/level3/LLC3_2008_MGA54.tif,Input/landsat_landcover/level3/LLC3_2008_MGA54.tif,T12_gateA,2026-07-28T00:00:00+00:00,1,1,f516a172fb2a114945fdea901bc4d82e8d120c56d977c927cbb7e55b30ae851c,dea_landcover_l3,0
raster_asset,raster_dea_l3_2009,other,Input/landsat_landcover/level3/LLC3_2009_MGA54.tif,Input/landsat_landcover/level3/LLC3_2009_MGA54.tif,T12_gateA,2026-07-28T00:00:00+00:00,1,1,e21e63a2ad3683c37cec6eb5348ba124aa43421626f506f823c804bf70b6ab4a,dea_landcover_l3,0
raster_asset,raster_dea_l3_2010,other,Input/landsat_landcover/level3/LLC3_2010_MGA54.tif,Input/landsat_landcover/level3/LLC3_2010_MGA54.tif,T12_gateA,2026-07-28T00:00:00+00:00,1,1,96bd5f5ba9ac6def9e12b348d3f06db9360a289687d3a6309a4156a9cd2ba12b,dea_landcover_l3,0
raster_asset,raster_dea_l3_2011,other,Input/landsat_landcover/level3/LLC3_2011_MGA54.tif,Input/landsat_landcover/level3/LLC3_2011_MGA54.tif,T12_gateA,2026-07-28T00:00:00+00:00,1,1,95e117546add4b976828a8b2749959aef23ee36b6ca645893fe84fea5e8b86aa,dea_landcover_l3,0
raster_asset,raster_dea_l3_2012,other,Input/landsat_landcover/level3/LLC3_2012_MGA54.tif,Input/landsat_landcover/level3/LLC3_2012_MGA54.tif,T12_gateA,2026-07-28T00:00:00+00:00,1,1,a8d145a866361c6c84432b851ffe5c00b30ef99dd6402ac98890693b84c2bbed,dea_landcover_l3,0
raster_asset,raster_dea_l3_2013,other,Input/landsat_landcover/level3/LLC3_2013_MGA54.tif,Input/landsat_landcover/level3/LLC3_2013_MGA54.tif,T12_gateA,2026-07-28T00:00:00+00:00,1,1,bcdd99eeed4cbbf65283c11684c44b676d00d146fbc4b06be4ba654873af5e86,dea_landcover_l3,0
raster_asset,raster_dea_l3_2014,other,Input/landsat_landcover/level3/LLC3_2014_MGA54.tif,Input/landsat_landcover/level3/LLC3_2014_MGA54.tif,T12_gateA,2026-07-28T00:00:00+00:00,1,1,70442eb16d7409dd249431f21656b5f8268f11abf353c15605c692a06968e3c9,dea_landcover_l3,0
raster_asset,raster_dea_l3_2015,other,Input/landsat_landcover/level3/LLC3_2015_MGA54.tif,Input/landsat_landcover/level3/LLC3_2015_MGA54.tif,T12_gateA,2026-07-28T00:00:00+00:00,1,1,d9052355678749e80f022d9af005249b2283611dd273723f9fd9549823bfba4a,dea_landcover_l3,0
raster_asset,raster_dea_l3_2016,other,Input/landsat_landcover/level3/LLC3_2016_MGA54.tif,Input/landsat_landcover/level3/LLC3_2016_MGA54.tif,T12_gateA,2026-07-28T00:00:00+00:00,1,1,ef423d2d3e0e454f3b0bbb4a0b4bcda906eace0c12725d651a2c8477dd0420e1,dea_landcover_l3,0
raster_asset,raster_dea_l3_2017,other,Input/landsat_landcover/level3/LLC3_2017_MGA54.tif,Input/landsat_landcover/level3/LLC3_2017_MGA54.tif,T12_gateA,2026-07-28T00:00:00+00:00,1,1,0a2241546b7c8fe5b6d56ec04ccd836e530958178f2505e2491799be0f2a19cd,dea_landcover_l3,0
raster_asset,raster_dea_l3_2018,other,Input/landsat_landcover/level3/LLC3_2018_MGA54.tif,Input/landsat_landcover/level3/LLC3_2018_MGA54.tif,T12_gateA,2026-07-28T00:00:00+00:00,1,1,3a5d3d30163d00558cfb150f44a1b4825f76f55642988c3f13b0655e076fc0f9,dea_landcover_l3,0
raster_asset,raster_dea_l3_2019,other,Input/landsat_landcover/level3/LLC3_2019_MGA54.tif,Input/landsat_landcover/level3/LLC3_2019_MGA54.tif,T12_gateA,2026-07-28T00:00:00+00:00,1,1,f4b1b325652888821fc7f81d7870facd69845c5d4dcc254fa24ef819d2b7aa41,dea_landcover_l3,0
raster_asset,raster_dea_l3_2020,other,Input/landsat_landcover/level3/LLC3_2020_MGA54.tif,Input/landsat_landcover/level3/LLC3_2020_MGA54.tif,T12_gateA,2026-07-28T00:00:00+00:00,1,1,aff75174dd684d85c7f552eea7ff9b993353822de96748fd45d33b8a53d491bd,dea_landcover_l3,0
raster_asset,raster_dea_l3_2021,other,Input/landsat_landcover/level3/LLC3_2021_MGA54.tif,Input/landsat_landcover/level3/LLC3_2021_MGA54.tif,T12_gateA,2026-07-28T00:00:00+00:00,1,1,d86013c93b6f1bbfee807c2f3ac218283b31e3195e5f7e520142674ea2cbe355,dea_landcover_l3,0
raster_asset,raster_dea_l3_2022,other,Input/landsat_landcover/level3/LLC3_2022_MGA54.tif,Input/landsat_landcover/level3/LLC3_2022_MGA54.tif,T12_gateA,2026-07-28T00:00:00+00:00,1,1,127b6e7e0a7a5df372cd81edc854368ac6bfdcda0bf778ca2ca2deb73b081b8b,dea_landcover_l3,0
raster_asset,raster_dea_l3_2023,other,Input/landsat_landcover/level3/LLC3_2023_MGA54.tif,Input/landsat_landcover/level3/LLC3_2023_MGA54.tif,T12_gateA,2026-07-28T00:00:00+00:00,1,1,52b917ca7f50f70bec5666b03c3114a5da9df2cfc4fec0a2be5b603f0ae0033e,dea_landcover_l3,0
raster_asset,raster_dea_l3_2024,other,Input/landsat_landcover/level3/LLC3_2024_MGA54.tif,Input/landsat_landcover/level3/LLC3_2024_MGA54.tif,T12_gateA,2026-07-28T00:00:00+00:00,1,1,a87dd27f4d3ad697a91949d3a5664beb802cd5703e572567c0812171db6ba59e,dea_landcover_l3,0
raster_asset,raster_dea_l3_2025,other,Input/landsat_landcover/level3/LLC3_2025_MGA54.tif,Input/landsat_landcover/level3/LLC3_2025_MGA54.tif,T12_gateA,2026-07-28T00:00:00+00:00,1,1,879dc92da08c1c63020491faa3bda141c3939d359caa4ecca4369014ac3bbac6,dea_landcover_l3,0
raster_asset,raster_taskU_bb0_dem_2009_8058_50cm,Output,Output/rasters/task_U/taskU_bb0_dem_2009_8058_50cm.tif,Output/rasters/task_U/taskU_bb0_dem_2009_8058_50cm.tif,taskU_gateU1,2026-08-01T00:00:00+00:00,1,1,bb4dbbc4e7900af7820d582a99cb23fef049f507718799fc4bac7d39540c8ee8,taskU_lidar_dem_8058,0
raster_asset,raster_taskU_bb0_dem_2021_8058_50cm,Output,Output/rasters/task_U/taskU_bb0_dem_2021_8058_50cm.tif,Output/rasters/task_U/taskU_bb0_dem_2021_8058_50cm.tif,taskU_gateU1,2026-08-01T00:00:00+00:00,1,1,a184b462c8c6c3b8ca33a58e619e4e4649f34b8da0dced76a95b57b09a804c8a,taskU_lidar_dem_8058,0
raster_asset,raster_taskU_bb9_p05_height_2009_8058_5m,Output,Output/rasters/task_U/taskU_bb9_p05_height_2009_8058_5m.tif,Output/rasters/task_U/taskU_bb9_p05_height_2009_8058_5m.tif,taskU_gateU1,2026-08-01T00:00:00+00:00,1,1,a9497a6b1c3be866ca33763019f6599242a03860bb5afb86c07c745dfd6e3c91,taskU_lidar_height_percentile_8058,0
raster_asset,raster_taskU_bb9_p05_height_2021_8058_5m,Output,Output/rasters/task_U/taskU_bb9_p05_height_2021_8058_5m.tif,Output/rasters/task_U/taskU_bb9_p05_height_2021_8058_5m.tif,taskU_gateU1,2026-08-01T00:00:00+00:00,1,1,1f2ba36aeba98e5f4670c9399cf24835eecc2b136bff99c56cbf069030ce1e55,taskU_lidar_height_percentile_8058,0
raster_asset,raster_taskU_bba_p25_height_2009_8058_5m,Output,Output/rasters/task_U/taskU_bba_p25_height_2009_8058_5m.tif,Output/rasters/task_U/taskU_bba_p25_height_2009_8058_5m.tif,taskU_gateU1,2026-08-01T00:00:00+00:00,1,1,bf2923d5009c9b9c7822716594913b7f5969ddac857b9a062076362f5f43e8d4,taskU_lidar_height_percentile_8058,0
raster_asset,raster_taskU_bba_p25_height_2021_8058_5m,Output,Output/rasters/task_U/taskU_bba_p25_height_2021_8058_5m.tif,Output/rasters/task_U/taskU_bba_p25_height_2021_8058_5m.tif,taskU_gateU1,2026-08-01T00:00:00+00:00,1,1,a9bf494b34d0c8ad2fd0c60afdd27ba462a7495510a539584f0be932cd6e099a,taskU_lidar_height_percentile_8058,0
raster_asset,raster_taskU_bbb_p50_height_2009_8058_5m,Output,Output/rasters/task_U/taskU_bbb_p50_height_2009_8058_5m.tif,Output/rasters/task_U/taskU_bbb_p50_height_2009_8058_5m.tif,taskU_gateU1,2026-08-01T00:00:00+00:00,1,1,62f51c7a40c100ad20c249da737c1844ffb1bcfe5318733ead1bf0b28dc46f2d,taskU_lidar_height_percentile_8058,0
raster_asset,raster_taskU_bbb_p50_height_2021_8058_5m,Output,Output/rasters/task_U/taskU_bbb_p50_height_2021_8058_5m.tif,Output/rasters/task_U/taskU_bbb_p50_height_2021_8058_5m.tif,taskU_gateU1,2026-08-01T00:00:00+00:00,1,1,b0ca815433272e1bd6eb5a23be93618ea6d462aa771739bb897c626f65244eab,taskU_lidar_height_percentile_8058,0
raster_asset,raster_taskU_bbc_p75_height_2009_8058_5m,Output,Output/rasters/task_U/taskU_bbc_p75_height_2009_8058_5m.tif,Output/rasters/task_U/taskU_bbc_p75_height_2009_8058_5m.tif,taskU_gateU1,2026-08-01T00:00:00+00:00,1,1,b12642ebedace224d74d346f2c132deb90b2d461a08a8942a09fb0ce920d669d,taskU_lidar_height_percentile_8058,0
raster_asset,raster_taskU_bbc_p75_height_2021_8058_5m,Output,Output/rasters/task_U/taskU_bbc_p75_height_2021_8058_5m.tif,Output/rasters/task_U/taskU_bbc_p75_height_2021_8058_5m.tif,taskU_gateU1,2026-08-01T00:00:00+00:00,1,1,003d54d587d3d83187320ab506eef29484087b557b2c87deeef1180d7821b303,taskU_lidar_height_percentile_8058,0
raster_asset,raster_taskU_bbd_p95_height_2009_8058_5m,Output,Output/rasters/task_U/taskU_bbd_p95_height_2009_8058_5m.tif,Output/rasters/task_U/taskU_bbd_p95_height_2009_8058_5m.tif,taskU_gateU1,2026-08-01T00:00:00+00:00,1,1,e74892367e33cb3d0102662b720afee607af99af9cc342300a98747061aa4b8b,taskU_lidar_height_percentile_8058,0
raster_asset,raster_taskU_bbd_p95_height_2021_8058_5m,Output,Output/rasters/task_U/taskU_bbd_p95_height_2021_8058_5m.tif,Output/rasters/task_U/taskU_bbd_p95_height_2021_8058_5m.tif,taskU_gateU1,2026-08-01T00:00:00+00:00,1,1,88fbae846285f218f159960337ab257b3ecec99722ecbcb0d54fe4985f25e276,taskU_lidar_height_percentile_8058,0
raster_asset,raster_taskU_bbe_p99_height_2009_8058_5m,Output,Output/rasters/task_U/taskU_bbe_p99_height_2009_8058_5m.tif,Output/rasters/task_U/taskU_bbe_p99_height_2009_8058_5m.tif,taskU_gateU1,2026-08-01T00:00:00+00:00,1,1,3c536b3dfda99d7c4a957f7b3f8fc3061ad4b15aa19233a09d7597db3f56794a,taskU_lidar_height_percentile_8058,0
raster_asset,raster_taskU_bbe_p99_height_2021_8058_5m,Output,Output/rasters/task_U/taskU_bbe_p99_height_2021_8058_5m.tif,Output/rasters/task_U/taskU_bbe_p99_height_2021_8058_5m.tif,taskU_gateU1,2026-08-01T00:00:00+00:00,1,1,d09ee88b63188f7bd8932da1c48e3d2381b508b6e7b13133aef7ebae1211f06e,taskU_lidar_height_percentile_8058,0
raster_asset,raster_taskU_bbh_fpc_2009_8058_10m,Output,Output/rasters/task_U/taskU_bbh_fpc_2009_8058_10m.tif,Output/rasters/task_U/taskU_bbh_fpc_2009_8058_10m.tif,taskU_gateU1,2026-08-01T00:00:00+00:00,1,1,11969ecee6c789b8ab94a9ea030777f55320afb715d236026312cf49d9c92ca9,taskU_lidar_fpc_8058,0
raster_asset,raster_taskU_bbh_fpc_2021_8058_10m,Output,Output/rasters/task_U/taskU_bbh_fpc_2021_8058_10m.tif,Output/rasters/task_U/taskU_bbh_fpc_2021_8058_10m.tif,taskU_gateU1,2026-08-01T00:00:00+00:00,1,1,db465c85dd75647b81ccfc4cdc1b86b476348502532e8a74c6d48e43461de799,taskU_lidar_fpc_8058,0
raster_asset,raster_taskU_r2_excluded_2009_8058_5m,Output,Output/rasters/task_U/taskU_r2_excluded_2009_8058_5m.tif,Output/rasters/task_U/taskU_r2_excluded_2009_8058_5m.tif,taskU_gateU1,2026-08-01T00:00:00+00:00,1,1,f5360082339a064005c414802d5ddb4b1c1906f5869ffc2a85e8bd08250c7f29,taskU_lidar_r2_exclusion,0
raster_asset,raster_taskU_r2_excluded_2021_8058_5m,Output,Output/rasters/task_U/taskU_r2_excluded_2021_8058_5m.tif,Output/rasters/task_U/taskU_r2_excluded_2021_8058_5m.tif,taskU_gateU1,2026-08-01T00:00:00+00:00,1,1,0f01cedb9db13ca90a1e6cae7658b3bff43b3a7aa552aacf58a07628778d86f6,taskU_lidar_r2_exclusion,0
raster_asset,raster_taskU_seam_mask_2021_8058_10m,Output,Output/rasters/task_U/taskU_seam_mask_2021_8058_10m.tif,Output/rasters/task_U/taskU_seam_mask_2021_8058_10m.tif,taskU_gateU1,2026-08-01T00:00:00+00:00,1,1,a10d6f0ea8ba47c79ef5a8fd2f82c0905816d6067bcbdcb9bdb060583645dd2a,taskU_lidar_seam_mask,0
raster_asset,raster_taskU_seam_mask_2021_8058_5m,Output,Output/rasters/task_U/taskU_seam_mask_2021_8058_5m.tif,Output/rasters/task_U/taskU_seam_mask_2021_8058_5m.tif,taskU_gateU1,2026-08-01T00:00:00+00:00,1,1,2dcb74e0781c1e69fddbc9f347afb8429abea0f8422cc0df7222507c6c5c21ca,taskU_lidar_seam_mask,0
census_asset,census_pixel_8058,Output,Output/census/gayini_pixel_census_8058.parquet,Output/census/gayini_pixel_census_8058.parquet,tier2H_h4,,1,1,6b23f6c0803b69af12345b6818ae2cd453a67fc7ec694a880b3be3681246f966,pixel_census_8058,
census_asset,census_zone_assignment_8058,Output,Output/census/gayini_pixel_zone_assignment.parquet,Output/census/gayini_pixel_zone_assignment.parquet,T1_gateC,2026-07-26T00:00:00+00:00,1,1,4b212d8fe5fc1cb36b95e9d9e4470449b63928bc7f7299241fa0d4ac29f34da6,pixel_zone_assignment,
spatial_layer_asset,spatial_001,ABSOLUTE,D:\Github_repos\Gayini\Input\shapefiles.zip,Input/shapefiles.zip,db_build_20260701_114458,2026-07-01T01:44:58+00:00,1,1,07b69d6075c3b1f4f38021452543c67d7d1aaef8e08c43e862b169364be131b5,plots_source,
spatial_layer_asset,spatial_002,ABSOLUTE,D:\Github_repos\Gayini\Input\shapefiles.zip,Input/shapefiles.zip,db_build_20260701_114458,2026-07-01T01:44:58+00:00,1,1,07b69d6075c3b1f4f38021452543c67d7d1aaef8e08c43e862b169364be131b5,gayini_boundary,
spatial_layer_asset,spatial_003,ABSOLUTE,D:\Github_repos\Gayini\Input\shapefiles.zip,Input/shapefiles.zip,db_build_20260701_114458,2026-07-01T01:44:58+00:00,1,1,07b69d6075c3b1f4f38021452543c67d7d1aaef8e08c43e862b169364be131b5,vegetation_units,
spatial_layer_asset,spatial_004,ABSOLUTE,D:\Github_repos\Gayini\Input\shapefiles.zip,Input/shapefiles.zip,db_build_20260701_114458,2026-07-01T01:44:58+00:00,1,1,07b69d6075c3b1f4f38021452543c67d7d1aaef8e08c43e862b169364be131b5,management_zones,
spatial_layer_asset,spatial_005,ABSOLUTE,D:\Github_repos\Murrumbidgee_Gauge_Workflow\Output\database\gayini_murrumbidgee_gauges.sqlite,../Murrumbidgee_Gauge_Workflow/Output/database/gayini_murrumbidgee_gauges.sqlite,db_build_20260701_114458,2026-07-01T01:44:58+00:00,1,1,7eb68b30ab066c2fb002838762a9e61b762afcbe0ee7ce28486e6bb9195c9ec0,gauge_sites,
spatial_layer_asset,spatial_006,Output,Output/spatial_8058/management_zones_epsg8058.gpkg,Output/spatial_8058/management_zones_epsg8058.gpkg,T1_gateA0,2026-07-25T00:00:00+00:00,1,1,e7a3b436cb96936a09e674f2feaa9e6862c4a36cfb5bed4e6ad7aba6080c5225,management_zones_8058,
spatial_layer_asset,spatial_007,Output,Output/spatial_8058/gayini_boundary_epsg8058.gpkg,Output/spatial_8058/gayini_boundary_epsg8058.gpkg,T12_gateA0,2026-07-28T00:00:00+00:00,1,1,d1951e5a12d6b84f1b782d3f3d30074b4249166231a969ae42ec0b1fb06969b5,gayini_boundary_8058,
spatial_layer_asset,spatial_008,Output,Output/spatial_8058/gayini_hectare_plots_epsg8058.gpkg,Output/spatial_8058/gayini_hectare_plots_epsg8058.gpkg,T12_gateA0,2026-07-28T00:00:00+00:00,1,1,63dc875b6252f84b568f106d4473b4e0b5e6f2d88c55d5de3e71d944c788ab70,gayini_hectare_plots_8058,
spatial_layer_asset,spatial_009,Output,Output/spatial_8058/vegetation_communities_epsg8058.gpkg,Output/spatial_8058/vegetation_communities_epsg8058.gpkg,T12_gateA0,2026-07-28T00:00:00+00:00,1,1,7a3ec88e4c2190b4340a7d5ee65251868b378352e8026bb7395a54fa7e455136,vegetation_communities_8058,
